snapshot,DE
2030-01-01 00:00:00,8.469381515759381e-10
2030-01-01 01:00:00,3.171596176140899e-10
2030-01-01 02:00:00,1.9747013745351822e-10
2030-01-01 03:00:00,1.1303954990528877e-10
2030-01-01 04:00:00,6.61943850607483e-11
2030-01-01 05:00:00,5.599593697288325e-11
2030-01-01 06:00:00,5.2302013801108715e-11
2030-01-01 07:00:00,4.9540774156855686e-11
2030-01-01 08:00:00,3.891185300531094e-11
2030-01-01 09:00:00,3.287690908538772e-11
2030-01-01 10:00:00,6.531588541298823e-11
2030-01-01 11:00:00,4.400141847275035e-11
2030-01-01 12:00:00,3.6404760482026377e-11
2030-01-01 13:00:00,4.018946725476328e-11
2030-01-01 14:00:00,5.052280375904455e-11
2030-01-01 15:00:00,6.650478905087907e-11
2030-01-01 16:00:00,8.476650399135493e-11
2030-01-01 17:00:00,9.610358989476089e-11
2030-01-01 18:00:00,9.425345200407956e-11
2030-01-01 19:00:00,6.884115944205855e-11
2030-01-01 20:00:00,3.918168865038012e-11
2030-01-01 21:00:00,2.632355800362369e-11
2030-01-01 22:00:00,1.3692006459715204e-11
2030-01-01 23:00:00,2.4308943821423185e-12
2030-01-02 00:00:00,3.835582887484463e-12
2030-01-02 01:00:00,2.0724861087528726e-12
2030-01-02 02:00:00,7.109076195225635e-12
2030-01-02 03:00:00,1.2779912921033489e-11
2030-01-02 04:00:00,3.0047900481916735e-11
2030-01-02 05:00:00,8.009439601379185e-11
2030-01-02 06:00:00,2.0153122156453136e-10
2030-01-02 07:00:00,5.363891170334245e-10
2030-01-02 08:00:00,1.0360941761702107e-09
2030-01-02 09:00:00,2.0381365557933657e-09
2030-01-02 10:00:00,1.5400651876238813e-08
2030-01-02 11:00:00,8.771636175068092e-09
2030-01-02 12:00:00,3.3987620473017672e-09
2030-01-02 13:00:00,3.285672333840879e-09
2030-01-02 14:00:00,3.586574494836192e-09
2030-01-02 15:00:00,1.493553789067551e-08
2030-01-02 16:00:00,2.029503109769351e-08
2030-01-02 17:00:00,6.53577135438445e-09
2030-01-02 18:00:00,1.3160464831370844e-09
2030-01-02 19:00:00,6.440201968116609e-10
2030-01-02 20:00:00,3.886372502571398e-10
2030-01-02 21:00:00,2.616926585115311e-10
2030-01-02 22:00:00,1.701413354005389e-10
2030-01-02 23:00:00,1.209267098867403e-10
2030-01-03 00:00:00,8.502210289853271e-11
2030-01-03 01:00:00,7.778077506402373e-11
2030-01-03 02:00:00,7.625107743683474e-11
2030-01-03 03:00:00,7.364256591902694e-11
2030-01-03 04:00:00,8.646837190373632e-11
2030-01-03 05:00:00,1.1748749501456446e-10
2030-01-03 06:00:00,1.4069653587987586e-10
2030-01-03 07:00:00,1.4581336350149939e-10
2030-01-03 08:00:00,1.2474584341130617e-10
2030-01-03 09:00:00,9.421403017826465e-11
2030-01-03 10:00:00,7.598926069222348e-11
2030-01-03 11:00:00,6.118941823516402e-11
2030-01-03 12:00:00,6.254479143674087e-11
2030-01-03 13:00:00,7.005043561818821e-11
2030-01-03 14:00:00,7.801142568899664e-11
2030-01-03 15:00:00,8.680964788982496e-11
2030-01-03 16:00:00,1.0093438394802476e-10
2030-01-03 17:00:00,1.0822309348730266e-10
2030-01-03 18:00:00,1.0337877500037857e-10
2030-01-03 19:00:00,7.413206281984145e-11
2030-01-03 20:00:00,5.1170691872874956e-11
2030-01-03 21:00:00,4.137732556873805e-11
2030-01-03 22:00:00,2.980369487111581e-11
2030-01-03 23:00:00,1.9401281551535303e-11
2030-01-04 00:00:00,1.4564978196988892e-11
2030-01-04 01:00:00,1.3391448134623077e-11
2030-01-04 02:00:00,1.3396713366756202e-11
2030-01-04 03:00:00,1.7876542372911762e-11
2030-01-04 04:00:00,3.11933315377812e-11
2030-01-04 05:00:00,5.450769902480673e-11
2030-01-04 06:00:00,7.771107241600157e-11
2030-01-04 07:00:00,9.272488656582541e-11
2030-01-04 08:00:00,9.611872943324625e-11
2030-01-04 09:00:00,8.092561464802065e-11
2030-01-04 10:00:00,6.611532528834144e-11
2030-01-04 11:00:00,4.682489252377532e-11
2030-01-04 12:00:00,4.042849381197265e-11
2030-01-04 13:00:00,4.6082283348117064e-11
2030-01-04 14:00:00,6.677902435004878e-11
2030-01-04 15:00:00,1.0470148080436308e-10
2030-01-04 16:00:00,1.2989375362878945e-10
2030-01-04 17:00:00,1.3681930377357162e-10
2030-01-04 18:00:00,1.182928969207996e-10
2030-01-04 19:00:00,9.04673810778361e-11
2030-01-04 20:00:00,6.657482173105004e-11
2030-01-04 21:00:00,5.387577379580341e-11
2030-01-04 22:00:00,4.499561815840446e-11
2030-01-04 23:00:00,3.450843674732875e-11
2030-01-05 00:00:00,2.252743699163396e-11
2030-01-05 01:00:00,2.00058156285401e-11
2030-01-05 02:00:00,2.192488945026686e-11
2030-01-05 03:00:00,2.1332599995077416e-11
2030-01-05 04:00:00,2.8116544309276806e-11
2030-01-05 05:00:00,4.792270436122211e-11
2030-01-05 06:00:00,6.914673782922565e-11
2030-01-05 07:00:00,8.568944582496734e-11
2030-01-05 08:00:00,9.53169791369845e-11
2030-01-05 09:00:00,1.00914124787522e-10
2030-01-05 10:00:00,1.0948561843767103e-10
2030-01-05 11:00:00,1.0371085779931075e-10
2030-01-05 12:00:00,9.555548643253587e-11
2030-01-05 13:00:00,9.402569675729712e-11
2030-01-05 14:00:00,1.0629878618987263e-10
2030-01-05 15:00:00,1.383108046426049e-10
2030-01-05 16:00:00,1.6349873224116567e-10
2030-01-05 17:00:00,1.6978504089174156e-10
2030-01-05 18:00:00,1.3962741834559447e-10
2030-01-05 19:00:00,1.0461401204774929e-10
2030-01-05 20:00:00,7.892232256366967e-11
2030-01-05 21:00:00,6.542283585957991e-11
2030-01-05 22:00:00,5.1179577109400406e-11
2030-01-05 23:00:00,3.912543260841414e-11
2030-01-06 00:00:00,2.6111478420350557e-11
2030-01-06 01:00:00,2.3616345084475944e-11
2030-01-06 02:00:00,2.2988324865189024e-11
2030-01-06 03:00:00,2.168129250441796e-11
2030-01-06 04:00:00,2.071194855897964e-11
2030-01-06 05:00:00,2.8092638413948412e-11
2030-01-06 06:00:00,4.362148312091593e-11
2030-01-06 07:00:00,6.690403271632238e-11
2030-01-06 08:00:00,9.13124715490688e-11
2030-01-06 09:00:00,9.790044224904384e-11
2030-01-06 10:00:00,1.5603036056188257e-10
2030-01-06 11:00:00,8.111910176555658e-11
2030-01-06 12:00:00,8.1646249759695e-11
2030-01-06 13:00:00,9.503306675382198e-11
2030-01-06 14:00:00,1.2623157770198834e-10
2030-01-06 15:00:00,3.120528044918786e-10
2030-01-06 16:00:00,8.248425387869603e-10
2030-01-06 17:00:00,2.0642687903088222e-09
2030-01-06 18:00:00,2.6267415723863695e-09
2030-01-06 19:00:00,1.2129476241218461e-09
2030-01-06 20:00:00,4.840283026608154e-10
2030-01-06 21:00:00,2.0620649596109873e-10
2030-01-06 22:00:00,8.225025572791625e-11
2030-01-06 23:00:00,4.990487142343265e-11
2030-01-07 00:00:00,3.5227904542443974e-11
2030-01-07 01:00:00,2.737038637311572e-11
2030-01-07 02:00:00,2.2085000613532197e-11
2030-01-07 03:00:00,1.6775255535590012e-11
2030-01-07 04:00:00,1.1881932204669059e-11
2030-01-07 05:00:00,1.6067129633234075e-11
2030-01-07 06:00:00,2.735265897804004e-11
2030-01-07 07:00:00,3.5183731393986426e-11
2030-01-07 08:00:00,3.994657633714552e-11
2030-01-07 09:00:00,4.178180986571822e-11
2030-01-07 10:00:00,4.5309408100335655e-11
2030-01-07 11:00:00,3.6675892754966404e-11
2030-01-07 12:00:00,2.892378113719697e-11
2030-01-07 13:00:00,2.6756403327627776e-11
2030-01-07 14:00:00,3.111517833146692e-11
2030-01-07 15:00:00,4.260994060423379e-11
2030-01-07 16:00:00,5.656722184421734e-11
2030-01-07 17:00:00,6.657250269371127e-11
2030-01-07 18:00:00,6.513819516624424e-11
2030-01-07 19:00:00,5.3384518745559455e-11
2030-01-07 20:00:00,4.672045394479886e-11
2030-01-07 21:00:00,4.749240432999122e-11
2030-01-07 22:00:00,3.743831305628631e-11
2030-01-07 23:00:00,3.0468601505403954e-11
2030-01-08 00:00:00,3.9592494701990725e-11
2030-01-08 01:00:00,3.897103720188415e-11
2030-01-08 02:00:00,4.1020210551155233e-11
2030-01-08 03:00:00,5.1208788655739335e-11
2030-01-08 04:00:00,7.952378147039216e-11
2030-01-08 05:00:00,1.5864965396709862e-10
2030-01-08 06:00:00,2.719455574601917e-10
2030-01-08 07:00:00,5.971953889423602e-10
2030-01-08 08:00:00,1.1587809314813256e-09
2030-01-08 09:00:00,1.1363291240054118e-09
2030-01-08 10:00:00,2.1158533157966037e-09
2030-01-08 11:00:00,8.830099813486474e-10
2030-01-08 12:00:00,7.216812231583331e-10
2030-01-08 13:00:00,8.384300426083335e-10
2030-01-08 14:00:00,1.4560307154296628e-09
2030-01-08 15:00:00,4.22599165628549e-09
2030-01-08 16:00:00,2.7820302894857235e-08
2030-01-08 17:00:00,59.99999999963957
2030-01-08 18:00:00,60.00000000013493
2030-01-08 19:00:00,60.00000000050949
2030-01-08 20:00:00,60.00000000213835
2030-01-08 21:00:00,60.00000000374012
2030-01-08 22:00:00,60.00000000068848
2030-01-08 23:00:00,60.000000003359474
2030-01-09 00:00:00,60.000000003560565
2030-01-09 01:00:00,60.00000000312632
2030-01-09 02:00:00,135.0889999990359
2030-01-09 03:00:00,135.08899999965533
2030-01-09 04:00:00,135.0889999999513
2030-01-09 05:00:00,135.08900000020776
2030-01-09 06:00:00,135.0890000010704
2030-01-09 07:00:00,135.08900000482404
2030-01-09 08:00:00,135.0890000008449
2030-01-09 09:00:00,135.08900000012716
2030-01-09 10:00:00,135.08900000014867
2030-01-09 11:00:00,135.088999999943
2030-01-09 12:00:00,135.08899999962202
2030-01-09 13:00:00,135.0889999862513
2030-01-09 14:00:00,60.00000000052801
2030-01-09 15:00:00,59.999999999996355
2030-01-09 16:00:00,59.9999999992675
2030-01-09 17:00:00,9.439491978361942e-09
2030-01-09 18:00:00,3.5231616129931084e-09
2030-01-09 19:00:00,5.479397571700338e-10
2030-01-09 20:00:00,2.349752206402156e-10
2030-01-09 21:00:00,1.4080033945580246e-10
2030-01-09 22:00:00,8.389905313073737e-11
2030-01-09 23:00:00,5.982408006829605e-11
2030-01-10 00:00:00,5.970965694089846e-11
2030-01-10 01:00:00,6.07740928457534e-11
2030-01-10 02:00:00,8.477544931309514e-11
2030-01-10 03:00:00,1.33960143371874e-10
2030-01-10 04:00:00,3.0365446913271533e-10
2030-01-10 05:00:00,2.134434787494512e-09
2030-01-10 06:00:00,5.383472934442663e-09
2030-01-10 07:00:00,2.9354857378470836e-08
2030-01-10 08:00:00,59.999999999660304
2030-01-10 09:00:00,59.99999999945469
2030-01-10 10:00:00,135.08899999757145
2030-01-10 11:00:00,114.33932961156037
2030-01-10 12:00:00,135.08899999945044
2030-01-10 13:00:00,135.0889999998199
2030-01-10 14:00:00,135.08899999996055
2030-01-10 15:00:00,135.08900000009655
2030-01-10 16:00:00,135.08900000011656
2030-01-10 17:00:00,135.08900000003774
2030-01-10 18:00:00,135.0889999999059
2030-01-10 19:00:00,135.08899999896644
2030-01-10 20:00:00,60.00000000050293
2030-01-10 21:00:00,59.99999999982943
2030-01-10 22:00:00,2.7929087122661928e-08
2030-01-10 23:00:00,6.09434136275858e-09
2030-01-11 00:00:00,4.346293809618756e-09
2030-01-11 01:00:00,3.0131841690066817e-09
2030-01-11 02:00:00,1.6369891401564207e-09
2030-01-11 03:00:00,1.248323455330564e-09
2030-01-11 04:00:00,2.028947977515228e-09
2030-01-11 05:00:00,4.212239436695497e-09
2030-01-11 06:00:00,5.414189679401284e-09
2030-01-11 07:00:00,5.922885438382424e-09
2030-01-11 08:00:00,5.301249315287703e-09
2030-01-11 09:00:00,4.021343897142288e-09
2030-01-11 10:00:00,3.4971585509904114e-09
2030-01-11 11:00:00,2.7476499846793976e-09
2030-01-11 12:00:00,3.208815424278525e-09
2030-01-11 13:00:00,4.2069771847259034e-09
2030-01-11 14:00:00,1.0834179793474283e-08
2030-01-11 15:00:00,60.00000000012358
2030-01-11 16:00:00,60.00000000319557
2030-01-11 17:00:00,60.000000001210786
2030-01-11 18:00:00,59.99999999955531
2030-01-11 19:00:00,4.090884561897105e-08
2030-01-11 20:00:00,7.49428780517424e-09
2030-01-11 21:00:00,5.413373777755664e-09
2030-01-11 22:00:00,3.7733802135323494e-09
2030-01-11 23:00:00,9.674610361984288e-10
2030-01-12 00:00:00,3.3143443297880193e-10
2030-01-12 01:00:00,2.149820731159103e-10
2030-01-12 02:00:00,1.7050009023402425e-10
2030-01-12 03:00:00,1.5269276641177152e-10
2030-01-12 04:00:00,1.6743836205704694e-10
2030-01-12 05:00:00,2.539601358388696e-10
2030-01-12 06:00:00,3.726499907960357e-10
2030-01-12 07:00:00,4.196904516309896e-10
2030-01-12 08:00:00,3.4480131723154516e-10
2030-01-12 09:00:00,2.2039271450012783e-10
2030-01-12 10:00:00,2.384777594811089e-10
2030-01-12 11:00:00,1.5096805722821495e-10
2030-01-12 12:00:00,1.220428198352747e-10
2030-01-12 13:00:00,1.2060210957017407e-10
2030-01-12 14:00:00,1.3062257104027948e-10
2030-01-12 15:00:00,1.3481495255037712e-10
2030-01-12 16:00:00,1.573051621353776e-10
2030-01-12 17:00:00,1.6269643764534904e-10
2030-01-12 18:00:00,1.4284650043311621e-10
2030-01-12 19:00:00,1.1304852372750348e-10
2030-01-12 20:00:00,9.270567539312715e-11
2030-01-12 21:00:00,8.344047387192336e-11
2030-01-12 22:00:00,7.354798491537491e-11
2030-01-12 23:00:00,5.600179471499869e-11
2030-01-13 00:00:00,4.1765935588318705e-11
2030-01-13 01:00:00,3.819935708492761e-11
2030-01-13 02:00:00,3.894316883839867e-11
2030-01-13 03:00:00,4.0491806026024294e-11
2030-01-13 04:00:00,4.246600766280115e-11
2030-01-13 05:00:00,5.40651292362563e-11
2030-01-13 06:00:00,7.139911126008015e-11
2030-01-13 07:00:00,8.803779694411291e-11
2030-01-13 08:00:00,8.982369212955178e-11
2030-01-13 09:00:00,6.519059530172542e-11
2030-01-13 10:00:00,5.882377459522617e-11
2030-01-13 11:00:00,4.065806633577934e-11
2030-01-13 12:00:00,2.6669971065769634e-11
2030-01-13 13:00:00,2.886570849464031e-11
2030-01-13 14:00:00,4.366248183088872e-11
2030-01-13 15:00:00,8.301573645565105e-11
2030-01-13 16:00:00,1.42792997769073e-10
2030-01-13 17:00:00,1.870468523165552e-10
2030-01-13 18:00:00,1.764893556377118e-10
2030-01-13 19:00:00,1.4091767407355528e-10
2030-01-13 20:00:00,1.1454830037033006e-10
2030-01-13 21:00:00,1.0014185723489945e-10
2030-01-13 22:00:00,7.780250381671128e-11
2030-01-13 23:00:00,6.055913797719179e-11
2030-01-14 00:00:00,5.6169115736234286e-11
2030-01-14 01:00:00,5.636694940324641e-11
2030-01-14 02:00:00,6.18832688663991e-11
2030-01-14 03:00:00,7.12396939194811e-11
2030-01-14 04:00:00,8.453652077640869e-11
2030-01-14 05:00:00,1.276776433083605e-10
2030-01-14 06:00:00,2.2086658490618435e-10
2030-01-14 07:00:00,5.178398354640158e-10
2030-01-14 08:00:00,1.0385909827320436e-09
2030-01-14 09:00:00,6.221357539631977e-10
2030-01-14 10:00:00,2.6887835006203066e-09
2030-01-14 11:00:00,1.1027573287633798e-09
2030-01-14 12:00:00,8.473137585810435e-10
2030-01-14 13:00:00,1.6409429104790594e-09
2030-01-14 14:00:00,1.0179251472992057e-08
2030-01-14 15:00:00,60.00000000288627
2030-01-14 16:00:00,135.08899999857198
2030-01-14 17:00:00,135.08899999955656
2030-01-14 18:00:00,135.0889999997502
2030-01-14 19:00:00,135.0889999998199
2030-01-14 20:00:00,135.0889999998785
2030-01-14 21:00:00,135.08899999996748
2030-01-14 22:00:00,135.08899999995336
2030-01-14 23:00:00,135.0889999999738
2030-01-15 00:00:00,135.08900000008884
2030-01-15 01:00:00,135.08900000018303
2030-01-15 02:00:00,135.0890000002848
2030-01-15 03:00:00,135.08900000072344
2030-01-15 04:00:00,305.82608696242477
2030-01-15 05:00:00,2999.9999999996476
2030-01-15 06:00:00,2999.9999999998345
2030-01-15 07:00:00,2999.999999999883
2030-01-15 08:00:00,2999.9999999998977
2030-01-15 09:00:00,2999.9999999998176
2030-01-15 10:00:00,2999.999999999705
2030-01-15 11:00:00,2999.999999998903
2030-01-15 12:00:00,2999.999999998027
2030-01-15 13:00:00,2999.9999999992156
2030-01-15 14:00:00,2999.999999999778
2030-01-15 15:00:00,2999.999999999891
2030-01-15 16:00:00,2999.999999999917
2030-01-15 17:00:00,2999.99999999992
2030-01-15 18:00:00,2999.9999999999245
2030-01-15 19:00:00,2999.999999999906
2030-01-15 20:00:00,2999.9999999998913
2030-01-15 21:00:00,2999.999999999876
2030-01-15 22:00:00,2999.99999999982
2030-01-15 23:00:00,2999.999999999785
2030-01-16 00:00:00,2999.999999999705
2030-01-16 01:00:00,2999.999999999591
2030-01-16 02:00:00,2999.9999999996435
2030-01-16 03:00:00,2999.999999999724
2030-01-16 04:00:00,2999.999999999808
2030-01-16 05:00:00,2999.99999999987
2030-01-16 06:00:00,2999.9999999998963
2030-01-16 07:00:00,2999.9999999999086
2030-01-16 08:00:00,2999.999999999894
2030-01-16 09:00:00,2999.9999999997867
2030-01-16 10:00:00,2999.9999999942165
2030-01-16 11:00:00,135.08900000129844
2030-01-16 12:00:00,135.0890000005485
2030-01-16 13:00:00,135.0890000011483
2030-01-16 14:00:00,2999.9999999836227
2030-01-16 15:00:00,2999.999999999728
2030-01-16 16:00:00,2999.999999999857
2030-01-16 17:00:00,2999.9999999998413
2030-01-16 18:00:00,2999.9999999998236
2030-01-16 19:00:00,2999.999999999746
2030-01-16 20:00:00,2999.9999999995443
2030-01-16 21:00:00,2999.9999999987285
2030-01-16 22:00:00,135.08900000231492
2030-01-16 23:00:00,135.0890000010433
2030-01-17 00:00:00,135.08900000050528
2030-01-17 01:00:00,135.08900000051523
2030-01-17 02:00:00,135.08900000078648
2030-01-17 03:00:00,135.0890000018587
2030-01-17 04:00:00,2999.9999999950132
2030-01-17 05:00:00,2999.999999999656
2030-01-17 06:00:00,2999.999999999819
2030-01-17 07:00:00,2999.9999999998586
2030-01-17 08:00:00,2999.999999999861
2030-01-17 09:00:00,2999.999999999531
2030-01-17 10:00:00,135.08900002658837
2030-01-17 11:00:00,135.08900000101062
2030-01-17 12:00:00,135.08900000046972
2030-01-17 13:00:00,135.08900000098367
2030-01-17 14:00:00,305.8260869731497
2030-01-17 15:00:00,2999.999999999743
2030-01-17 16:00:00,2999.9999999998645
2030-01-17 17:00:00,2999.999999999875
2030-01-17 18:00:00,2999.9999999998686
2030-01-17 19:00:00,2999.999999999831
2030-01-17 20:00:00,2999.999999999763
2030-01-17 21:00:00,2999.9999999996567
2030-01-17 22:00:00,2999.9999999983675
2030-01-17 23:00:00,135.08900000287477
2030-01-18 00:00:00,135.08900000070838
2030-01-18 01:00:00,135.08900000049118
2030-01-18 02:00:00,135.08900000040506
2030-01-18 03:00:00,135.08900000023075
2030-01-18 04:00:00,135.08900000018062
2030-01-18 05:00:00,135.08900000018173
2030-01-18 06:00:00,135.08900000005838
2030-01-18 07:00:00,135.08900000002453
2030-01-18 08:00:00,135.08899999979036
2030-01-18 09:00:00,60.00000000000009
2030-01-18 10:00:00,4.880203201444218e-09
2030-01-18 11:00:00,7.268032580599468e-10
2030-01-18 12:00:00,4.933752641794849e-10
2030-01-18 13:00:00,4.848552270867116e-10
2030-01-18 14:00:00,9.866498473675796e-10
2030-01-18 15:00:00,9.03531188644414e-09
2030-01-18 16:00:00,6.866845981127838e-08
2030-01-18 17:00:00,7.069298923724751e-09
2030-01-18 18:00:00,1.0571568131977592e-09
2030-01-18 19:00:00,3.7930122422691214e-10
2030-01-18 20:00:00,2.281054651352398e-10
2030-01-18 21:00:00,1.8321029592893624e-10
2030-01-18 22:00:00,1.7768107153103e-10
2030-01-18 23:00:00,1.2510057752119986e-10
2030-01-19 00:00:00,7.422777533215828e-11
2030-01-19 01:00:00,7.126521459113474e-11
2030-01-19 02:00:00,8.281191809421135e-11
2030-01-19 03:00:00,1.0500343886231271e-10
2030-01-19 04:00:00,1.4949793339432865e-10
2030-01-19 05:00:00,4.1579484557304203e-10
2030-01-19 06:00:00,1.2689108440021996e-09
2030-01-19 07:00:00,2.52674349987713e-09
2030-01-19 08:00:00,1.7474124690956342e-09
2030-01-19 09:00:00,1.463868402533737e-09
2030-01-19 10:00:00,3.100079422491064e-09
2030-01-19 11:00:00,1.9889262859380455e-09
2030-01-19 12:00:00,1.410706570818442e-09
2030-01-19 13:00:00,6.883415810463001e-10
2030-01-19 14:00:00,3.489338836386346e-10
2030-01-19 15:00:00,2.4373193682206835e-10
2030-01-19 16:00:00,2.640449896366166e-10
2030-01-19 17:00:00,2.7197664497577516e-10
2030-01-19 18:00:00,2.123743300107693e-10
2030-01-19 19:00:00,1.58303405117728e-10
2030-01-19 20:00:00,1.3197212065846084e-10
2030-01-19 21:00:00,1.3775367361349454e-10
2030-01-19 22:00:00,1.1606037477848747e-10
2030-01-19 23:00:00,1.1014878719151861e-10
2030-01-20 00:00:00,7.194076190655591e-11
2030-01-20 01:00:00,6.134092482536522e-11
2030-01-20 02:00:00,5.853550429768956e-11
2030-01-20 03:00:00,5.398770214984182e-11
2030-01-20 04:00:00,5.482715922641787e-11
2030-01-20 05:00:00,7.11775217052753e-11
2030-01-20 06:00:00,1.0594067219650122e-10
2030-01-20 07:00:00,1.5430029557132532e-10
2030-01-20 08:00:00,1.7255374666757815e-10
2030-01-20 09:00:00,1.3134792263055616e-10
2030-01-20 10:00:00,1.5130018050267028e-10
2030-01-20 11:00:00,9.408043219124218e-11
2030-01-20 12:00:00,7.274992824619438e-11
2030-01-20 13:00:00,8.720025799146918e-11
2030-01-20 14:00:00,1.3927458588337898e-10
2030-01-20 15:00:00,4.528070000689857e-10
2030-01-20 16:00:00,59.99999999668308
2030-01-20 17:00:00,60.000000000054335
2030-01-20 18:00:00,60.00000000189791
2030-01-20 19:00:00,60.00000000094203
2030-01-20 20:00:00,60.00000000120656
2030-01-20 21:00:00,60.00000000381418
2030-01-20 22:00:00,79.27070946913636
2030-01-20 23:00:00,79.27070946693809
2030-01-21 00:00:00,79.27070945207801
2030-01-21 01:00:00,67.09472846393082
2030-01-21 02:00:00,79.27070942527568
2030-01-21 03:00:00,60.00000000148929
2030-01-21 04:00:00,60.00000000006914
2030-01-21 05:00:00,59.99999999963924
2030-01-21 06:00:00,59.999999997165155
2030-01-21 07:00:00,1.7156937231829876e-09
2030-01-21 08:00:00,2.7199824103444055e-10
2030-01-21 09:00:00,1.2377293339167037e-10
2030-01-21 10:00:00,9.097432379396351e-11
2030-01-21 11:00:00,5.896752172781318e-11
2030-01-21 12:00:00,4.582615063851979e-11
2030-01-21 13:00:00,3.860499201380382e-11
2030-01-21 14:00:00,3.727660931619222e-11
2030-01-21 15:00:00,4.217059479919067e-11
2030-01-21 16:00:00,5.413123367151518e-11
2030-01-21 17:00:00,6.072846643464938e-11
2030-01-21 18:00:00,5.959692173900456e-11
2030-01-21 19:00:00,4.8823908604019484e-11
2030-01-21 20:00:00,4.233439485299598e-11
2030-01-21 21:00:00,3.9034500742785656e-11
2030-01-21 22:00:00,2.9636348453271504e-11
2030-01-21 23:00:00,2.142652295579985e-11
2030-01-22 00:00:00,2.9775882218092386e-11
2030-01-22 01:00:00,2.6682199175392367e-11
2030-01-22 02:00:00,2.895642331775738e-11
2030-01-22 03:00:00,3.667480433219418e-11
2030-01-22 04:00:00,5.148539472103877e-11
2030-01-22 05:00:00,8.604432418136538e-11
2030-01-22 06:00:00,1.3485053812053825e-10
2030-01-22 07:00:00,2.1762866572353607e-10
2030-01-22 08:00:00,2.9111623928637384e-10
2030-01-22 09:00:00,2.410870827762285e-10
2030-01-22 10:00:00,1.9215894740368805e-10
2030-01-22 11:00:00,1.7750233643001538e-10
2030-01-22 12:00:00,2.423784310881652e-10
2030-01-22 13:00:00,5.286868247694374e-10
2030-01-22 14:00:00,4.1503496307704005e-09
2030-01-22 15:00:00,59.999999997562234
2030-01-22 16:00:00,59.999999999557026
2030-01-22 17:00:00,59.999999999364235
2030-01-22 18:00:00,59.99999999778903
2030-01-22 19:00:00,8.481610764063924e-09
2030-01-22 20:00:00,1.0321978444654346e-09
2030-01-22 21:00:00,6.373645318356801e-10
2030-01-22 22:00:00,4.683925927545239e-10
2030-01-22 23:00:00,3.5905103434746707e-10
2030-01-23 00:00:00,4.4698323728010235e-10
2030-01-23 01:00:00,8.385415698146388e-10
2030-01-23 02:00:00,6.3948320698210364e-09
2030-01-23 03:00:00,59.999999998623586
2030-01-23 04:00:00,60.00000000036373
2030-01-23 05:00:00,135.08899999948184
2030-01-23 06:00:00,135.08899999997422
2030-01-23 07:00:00,135.08900000010442
2030-01-23 08:00:00,135.0890000001209
2030-01-23 09:00:00,135.08899999995523
2030-01-23 10:00:00,135.08900000002643
2030-01-23 11:00:00,135.08899999984908
2030-01-23 12:00:00,135.08899999973386
2030-01-23 13:00:00,135.08899999986727
2030-01-23 14:00:00,135.08899999992377
2030-01-23 15:00:00,135.08900000015177
2030-01-23 16:00:00,178.4766811621962
2030-01-23 17:00:00,178.47668117036037
2030-01-23 18:00:00,178.47668117148552
2030-01-23 19:00:00,178.47668114166385
2030-01-23 20:00:00,135.0890000017863
2030-01-23 21:00:00,135.08899996922008
2030-01-23 22:00:00,135.08900000023422
2030-01-23 23:00:00,135.0890000001477
2030-01-24 00:00:00,135.08900005406983
2030-01-24 01:00:00,135.0890000000512
2030-01-24 02:00:00,135.0889999819763
2030-01-24 03:00:00,135.08900001192396
2030-01-24 04:00:00,135.08900000042746
2030-01-24 05:00:00,178.47668119646102
2030-01-24 06:00:00,2999.9999999961115
2030-01-24 07:00:00,2999.9999999996435
2030-01-24 08:00:00,2999.9999999996035
2030-01-24 09:00:00,2539.2000000071225
2030-01-24 10:00:00,2999.999999998965
2030-01-24 11:00:00,2999.999999985324
2030-01-24 12:00:00,2539.2000000031294
2030-01-24 13:00:00,2999.99999999694
2030-01-24 14:00:00,2999.999999999679
2030-01-24 15:00:00,2999.999999999856
2030-01-24 16:00:00,2999.999999999916
2030-01-24 17:00:00,2999.9999999999286
2030-01-24 18:00:00,2999.9999999999272
2030-01-24 19:00:00,2999.999999999914
2030-01-24 20:00:00,2999.9999999999072
2030-01-24 21:00:00,2999.999999999886
2030-01-24 22:00:00,2999.9999999998436
2030-01-24 23:00:00,2999.9999999998304
2030-01-25 00:00:00,2999.999999999813
2030-01-25 01:00:00,2999.999999999797
2030-01-25 02:00:00,2999.99999999981
2030-01-25 03:00:00,2999.999999999789
2030-01-25 04:00:00,2999.9999999998263
2030-01-25 05:00:00,2999.9999999998736
2030-01-25 06:00:00,2999.9999999998954
2030-01-25 07:00:00,2999.9999999998977
2030-01-25 08:00:00,2999.99999999981
2030-01-25 09:00:00,2999.9999999996817
2030-01-25 10:00:00,2999.999999987329
2030-01-25 11:00:00,178.47668120030684
2030-01-25 12:00:00,178.4766811978786
2030-01-25 13:00:00,178.4766811998229
2030-01-25 14:00:00,2999.9999999858037
2030-01-25 15:00:00,2999.9999999996576
2030-01-25 16:00:00,2999.9999999998195
2030-01-25 17:00:00,2999.999999999714
2030-01-25 18:00:00,2999.9999999993547
2030-01-25 19:00:00,305.8260869721669
2030-01-25 20:00:00,178.4766811993739
2030-01-25 21:00:00,135.08899982309737
2030-01-25 22:00:00,135.08900000056138
2030-01-25 23:00:00,135.08900000035936
2030-01-26 00:00:00,135.08899996430264
2030-01-26 01:00:00,135.08900000016024
2030-01-26 02:00:00,135.08900000014302
2030-01-26 03:00:00,135.08899995821744
2030-01-26 04:00:00,135.08900000021717
2030-01-26 05:00:00,135.0889999931876
2030-01-26 06:00:00,135.08900000071708
2030-01-26 07:00:00,135.08900000054373
2030-01-26 08:00:00,135.0890000001127
2030-01-26 09:00:00,135.08899999990416
2030-01-26 10:00:00,135.08899999084716
2030-01-26 11:00:00,60.00000000631981
2030-01-26 12:00:00,60.00000000046823
2030-01-26 13:00:00,60.00000000184985
2030-01-26 14:00:00,135.0890000039457
2030-01-26 15:00:00,135.0889999988058
2030-01-26 16:00:00,135.0889999999902
2030-01-26 17:00:00,135.08900006516146
2030-01-26 18:00:00,135.08899999941045
2030-01-26 19:00:00,135.08899998437008
2030-01-26 20:00:00,60.00000000252833
2030-01-26 21:00:00,60.000000004636654
2030-01-26 22:00:00,135.08899983166532
2030-01-26 23:00:00,135.0889999993818
2030-01-27 00:00:00,135.08900000115517
2030-01-27 01:00:00,135.08899999899987
2030-01-27 02:00:00,135.08899999957288
2030-01-27 03:00:00,135.089000000154
2030-01-27 04:00:00,135.08899999985118
2030-01-27 05:00:00,135.08899999994176
2030-01-27 06:00:00,135.08900000002842
2030-01-27 07:00:00,135.0890000001336
2030-01-27 08:00:00,135.08900000014606
2030-01-27 09:00:00,135.08900000426925
2030-01-27 10:00:00,135.089000000091
2030-01-27 11:00:00,135.08900000012318
2030-01-27 12:00:00,135.08899998248444
2030-01-27 13:00:00,135.08900002023603
2030-01-27 14:00:00,135.08899999241905
2030-01-27 15:00:00,178.47668120290965
2030-01-27 16:00:00,2999.999999998979
2030-01-27 17:00:00,2999.9999999991874
2030-01-27 18:00:00,2999.9999999975466
2030-01-27 19:00:00,2999.999999970169
2030-01-27 20:00:00,2539.200000009926
2030-01-27 21:00:00,2999.999999994001
2030-01-27 22:00:00,2999.9999999989554
2030-01-27 23:00:00,2999.9999999987303
2030-01-28 00:00:00,2999.9999999988463
2030-01-28 01:00:00,2999.9999999988713
2030-01-28 02:00:00,2999.9999999983997
2030-01-28 03:00:00,2999.9999999978822
2030-01-28 04:00:00,2999.99999999418
2030-01-28 05:00:00,2999.999999997094
2030-01-28 06:00:00,2999.9999999990696
2030-01-28 07:00:00,2999.9999999994607
2030-01-28 08:00:00,2999.9999999991087
2030-01-28 09:00:00,178.476681223594
2030-01-28 10:00:00,178.4766811993798
2030-01-28 11:00:00,135.08899985918816
2030-01-28 12:00:00,135.08900020359442
2030-01-28 13:00:00,135.08899995432986
2030-01-28 14:00:00,178.47668119986415
2030-01-28 15:00:00,2999.9999999973156
2030-01-28 16:00:00,2999.999999999608
2030-01-28 17:00:00,2999.9999999994366
2030-01-28 18:00:00,2999.999999998985
2030-01-28 19:00:00,2999.999999995968
2030-01-28 20:00:00,2999.999999993715
2030-01-28 21:00:00,2999.999999998083
2030-01-28 22:00:00,2999.999999998887
2030-01-28 23:00:00,2999.999999997672
2030-01-29 00:00:00,2999.9999999994266
2030-01-29 01:00:00,2999.9999999989086
2030-01-29 02:00:00,2999.999999995273
2030-01-29 03:00:00,2999.999999917977
2030-01-29 04:00:00,2999.999999991731
2030-01-29 05:00:00,2999.9999999987676
2030-01-29 06:00:00,2999.999999999556
2030-01-29 07:00:00,2999.9999999996508
2030-01-29 08:00:00,2999.9999999986426
2030-01-29 09:00:00,178.47668120181697
2030-01-29 10:00:00,178.47668119998326
2030-01-29 11:00:00,151.0626629754405
2030-01-29 12:00:00,151.06266297120789
2030-01-29 13:00:00,178.47668110335175
2030-01-29 14:00:00,178.47668120022223
2030-01-29 15:00:00,178.47668120182908
2030-01-29 16:00:00,178.47668120323127
2030-01-29 17:00:00,178.47668119580015
2030-01-29 18:00:00,135.08900000122412
2030-01-29 19:00:00,135.08900000037642
2030-01-29 20:00:00,135.08899999251247
2030-01-29 21:00:00,135.08899997913323
2030-01-29 22:00:00,135.08899999999
2030-01-29 23:00:00,135.08899999991073
2030-01-30 00:00:00,135.08900000926374
2030-01-30 01:00:00,135.0889999998472
2030-01-30 02:00:00,135.08899999980784
2030-01-30 03:00:00,135.08900000548584
2030-01-30 04:00:00,135.08899999989487
2030-01-30 05:00:00,135.08900002496384
2030-01-30 06:00:00,135.08900000008242
2030-01-30 07:00:00,135.08900000015183
2030-01-30 08:00:00,135.08900000002782
2030-01-30 09:00:00,135.08900000670445
2030-01-30 10:00:00,135.08899999970467
2030-01-30 11:00:00,135.0889999995569
2030-01-30 12:00:00,135.08900000015922
2030-01-30 13:00:00,135.08900002416974
2030-01-30 14:00:00,135.08899999997197
2030-01-30 15:00:00,135.08899999607578
2030-01-30 16:00:00,135.08900000036743
2030-01-30 17:00:00,135.0890000035763
2030-01-30 18:00:00,135.08900000014705
2030-01-30 19:00:00,135.08900000004815
2030-01-30 20:00:00,135.08899999998602
2030-01-30 21:00:00,135.0890000029492
2030-01-30 22:00:00,135.08899999988918
2030-01-30 23:00:00,135.08899999980298
2030-01-31 00:00:00,135.08899999756542
2030-01-31 01:00:00,135.08899999954886
2030-01-31 02:00:00,135.0889999945977
2030-01-31 03:00:00,135.08900000581895
2030-01-31 04:00:00,135.08899999966445
2030-01-31 05:00:00,135.08899999578716
2030-01-31 06:00:00,135.08899999994094
2030-01-31 07:00:00,135.0889999999221
2030-01-31 08:00:00,135.08899999891457
2030-01-31 09:00:00,60.000000000103384
2030-01-31 10:00:00,59.99999999784505
2030-01-31 11:00:00,3.5283297688308348e-09
2030-01-31 12:00:00,1.0808712203801224e-09
2030-01-31 13:00:00,1.2142056739729684e-09
2030-01-31 14:00:00,1.3881561825071084e-08
2030-01-31 15:00:00,60.00000000250154
2030-01-31 16:00:00,135.08900000573004
2030-01-31 17:00:00,135.08899999900652
2030-01-31 18:00:00,135.0889999965579
2030-01-31 19:00:00,114.3393296242838
2030-01-31 20:00:00,114.33932958653403
2030-01-31 21:00:00,60.000000004875815
2030-01-31 22:00:00,135.08899998951085
2030-01-31 23:00:00,135.0889999955763
2030-02-01 00:00:00,135.08899999730514
2030-02-01 01:00:00,135.08900009852468
2030-02-01 02:00:00,135.08899998760285
2030-02-01 03:00:00,114.33932960346046
2030-02-01 04:00:00,135.08899959568015
2030-02-01 05:00:00,135.08899999709706
2030-02-01 06:00:00,135.08899999859787
2030-02-01 07:00:00,135.08899992397843
2030-02-01 08:00:00,60.00000000022584
2030-02-01 09:00:00,4.276510915114509e-09
2030-02-01 10:00:00,2.1709170236484056e-09
2030-02-01 11:00:00,5.460817414369427e-10
2030-02-01 12:00:00,3.6318291100433615e-10
2030-02-01 13:00:00,3.589533117873404e-10
2030-02-01 14:00:00,9.390686795774166e-10
2030-02-01 15:00:00,59.999999999898186
2030-02-01 16:00:00,135.08900011378321
2030-02-01 17:00:00,70.88846880794638
2030-02-01 18:00:00,60.000000001014556
2030-02-01 19:00:00,60.00000000013848
2030-02-01 20:00:00,60.00000000008005
2030-02-01 21:00:00,60.00000000061838
2030-02-01 22:00:00,60.00000000570261
2030-02-01 23:00:00,135.08900020471495
2030-02-02 00:00:00,135.0889994340704
2030-02-02 01:00:00,135.0889999998798
2030-02-02 02:00:00,135.08899999997595
2030-02-02 03:00:00,135.08899999737943
2030-02-02 04:00:00,135.08900000015043
2030-02-02 05:00:00,135.08900000048664
2030-02-02 06:00:00,135.08900000349905
2030-02-02 07:00:00,178.47668119942156
2030-02-02 08:00:00,135.08900000232404
2030-02-02 09:00:00,135.0889999919012
2030-02-02 10:00:00,135.08900000001205
2030-02-02 11:00:00,135.0889999997158
2030-02-02 12:00:00,135.0889999990529
2030-02-02 13:00:00,135.08900000356255
2030-02-02 14:00:00,135.08900000014646
2030-02-02 15:00:00,178.47668120210415
2030-02-02 16:00:00,2999.9999999996962
2030-02-02 17:00:00,2999.999999999184
2030-02-02 18:00:00,2999.9999999978036
2030-02-02 19:00:00,2999.9999999969514
2030-02-02 20:00:00,2999.9999999968886
2030-02-02 21:00:00,2999.9999999977326
2030-02-02 22:00:00,2999.9999999996644
2030-02-02 23:00:00,2999.9999999994316
2030-02-03 00:00:00,2999.999999998908
2030-02-03 01:00:00,2999.99999999918
2030-02-03 02:00:00,2999.999999999243
2030-02-03 03:00:00,2999.999999999386
2030-02-03 04:00:00,2999.999999999401
2030-02-03 05:00:00,2999.999999999304
2030-02-03 06:00:00,2999.9999999996385
2030-02-03 07:00:00,2999.999999999786
2030-02-03 08:00:00,2999.999999999536
2030-02-03 09:00:00,2999.9999999936667
2030-02-03 10:00:00,135.0890000474096
2030-02-03 11:00:00,135.08900000012673
2030-02-03 12:00:00,135.08900000013173
2030-02-03 13:00:00,135.08899996927818
2030-02-03 14:00:00,2270.699999999515
2030-02-03 15:00:00,2999.9999999996894
2030-02-03 16:00:00,2999.999999999959
2030-02-03 17:00:00,2999.999999999935
2030-02-03 18:00:00,2999.999999999898
2030-02-03 19:00:00,2999.9999999998836
2030-02-03 20:00:00,2999.999999999896
2030-02-03 21:00:00,2999.9999999998877
2030-02-03 22:00:00,2999.999999999938
2030-02-03 23:00:00,2999.999999999899
2030-02-04 00:00:00,2999.9999999998718
2030-02-04 01:00:00,2999.9999999998436
2030-02-04 02:00:00,2999.999999999878
2030-02-04 03:00:00,2999.999999999809
2030-02-04 04:00:00,2999.9999999998304
2030-02-04 05:00:00,2999.9999999998427
2030-02-04 06:00:00,2999.999999999877
2030-02-04 07:00:00,2999.9999999998963
2030-02-04 08:00:00,2999.999999999844
2030-02-04 09:00:00,2999.9999999986685
2030-02-04 10:00:00,2270.699999998267
2030-02-04 11:00:00,135.08900000107963
2030-02-04 12:00:00,135.0890000008042
2030-02-04 13:00:00,178.47668122798953
2030-02-04 14:00:00,2999.9999999985234
2030-02-04 15:00:00,2999.999999999892
2030-02-04 16:00:00,2999.9999999999227
2030-02-04 17:00:00,2999.9999999999404
2030-02-04 18:00:00,2999.999999999939
2030-02-04 19:00:00,2999.9999999999427
2030-02-04 20:00:00,2999.9999999999213
2030-02-04 21:00:00,2999.9999999999254
2030-02-04 22:00:00,2999.9999999999345
2030-02-04 23:00:00,2999.9999999999122
2030-02-05 00:00:00,2999.9999999999523
2030-02-05 01:00:00,2999.999999999887
2030-02-05 02:00:00,2999.9999999998086
2030-02-05 03:00:00,2999.99999999988
2030-02-05 04:00:00,2999.9999999998763
2030-02-05 05:00:00,2999.9999999999086
2030-02-05 06:00:00,2999.9999999999204
2030-02-05 07:00:00,2999.9999999999195
2030-02-05 08:00:00,2999.999999999777
2030-02-05 09:00:00,2999.999999996074
2030-02-05 10:00:00,305.826086967569
2030-02-05 11:00:00,135.088999979458
2030-02-05 12:00:00,135.08900000030306
2030-02-05 13:00:00,135.0890000077534
2030-02-05 14:00:00,2999.9999999971965
2030-02-05 15:00:00,2999.9999999998604
2030-02-05 16:00:00,2999.9999999999363
2030-02-05 17:00:00,2999.9999999999295
2030-02-05 18:00:00,2999.9999999999013
2030-02-05 19:00:00,2999.9999999998727
2030-02-05 20:00:00,2999.9999999998486
2030-02-05 21:00:00,2999.999999999845
2030-02-05 22:00:00,2999.999999999854
2030-02-05 23:00:00,2999.99999999988
2030-02-06 00:00:00,2999.9999999998495
2030-02-06 01:00:00,2999.9999999999022
2030-02-06 02:00:00,2999.999999999857
2030-02-06 03:00:00,2999.999999999938
2030-02-06 04:00:00,2999.99999999993
2030-02-06 05:00:00,2999.9999999999372
2030-02-06 06:00:00,2999.9999999999445
2030-02-06 07:00:00,2999.9999999999536
2030-02-06 08:00:00,2999.9999999999736
2030-02-06 09:00:00,2999.9999999998226
2030-02-06 10:00:00,2999.999999998239
2030-02-06 11:00:00,2270.70000000007
2030-02-06 12:00:00,2270.699999999081
2030-02-06 13:00:00,2270.700000007411
2030-02-06 14:00:00,2999.9999999996476
2030-02-06 15:00:00,2999.999999999876
2030-02-06 16:00:00,2999.99999999996
2030-02-06 17:00:00,2999.9999999999523
2030-02-06 18:00:00,2999.999999999936
2030-02-06 19:00:00,2999.999999999919
2030-02-06 20:00:00,2999.9999999998945
2030-02-06 21:00:00,2999.9999999999022
2030-02-06 22:00:00,2999.999999999856
2030-02-06 23:00:00,2999.9999999998918
2030-02-07 00:00:00,2999.9999999998618
2030-02-07 01:00:00,2999.9999999998527
2030-02-07 02:00:00,2999.9999999997954
2030-02-07 03:00:00,2999.9999999998167
2030-02-07 04:00:00,2999.999999999808
2030-02-07 05:00:00,2999.9999999998377
2030-02-07 06:00:00,2999.9999999998463
2030-02-07 07:00:00,2999.999999999834
2030-02-07 08:00:00,2999.9999999994216
2030-02-07 09:00:00,2270.700000005676
2030-02-07 10:00:00,2270.699999996817
2030-02-07 11:00:00,135.0890000014837
2030-02-07 12:00:00,135.0890000001845
2030-02-07 13:00:00,135.08899997564836
2030-02-07 14:00:00,135.08900001586855
2030-02-07 15:00:00,135.08900000201726
2030-02-07 16:00:00,159.6042060581869
2030-02-07 17:00:00,135.0890000075621
2030-02-07 18:00:00,135.08900000034117
2030-02-07 19:00:00,135.08900000010286
2030-02-07 20:00:00,135.08900000001483
2030-02-07 21:00:00,135.08899999998235
2030-02-07 22:00:00,135.0890000002061
2030-02-07 23:00:00,135.0890000218419
2030-02-08 00:00:00,135.08900000000156
2030-02-08 01:00:00,135.0889999996238
2030-02-08 02:00:00,135.08899999995714
2030-02-08 03:00:00,135.0889999999703
2030-02-08 04:00:00,135.0890000005326
2030-02-08 05:00:00,135.08899999781093
2030-02-08 06:00:00,135.08900000139434
2030-02-08 07:00:00,178.47668119718358
2030-02-08 08:00:00,135.08900000122696
2030-02-08 09:00:00,135.08900000008936
2030-02-08 10:00:00,135.08900000235315
2030-02-08 11:00:00,135.08900000041237
2030-02-08 12:00:00,135.0890000000641
2030-02-08 13:00:00,135.08900000020324
2030-02-08 14:00:00,2270.6999999968393
2030-02-08 15:00:00,2999.999999999703
2030-02-08 16:00:00,2999.9999999999477
2030-02-08 17:00:00,2999.9999999998995
2030-02-08 18:00:00,2999.9999999998945
2030-02-08 19:00:00,2999.9999999998763
2030-02-08 20:00:00,2999.999999999853
2030-02-08 21:00:00,2999.9999999998545
2030-02-08 22:00:00,2999.9999999998186
2030-02-08 23:00:00,2999.9999999998745
2030-02-09 00:00:00,2999.9999999997885
2030-02-09 01:00:00,2999.999999999733
2030-02-09 02:00:00,2999.9999999993915
2030-02-09 03:00:00,2999.9999999990064
2030-02-09 04:00:00,2999.999999999087
2030-02-09 05:00:00,2999.9999999992647
2030-02-09 06:00:00,2999.9999999993324
2030-02-09 07:00:00,2999.999999998839
2030-02-09 08:00:00,305.8260866714999
2030-02-09 09:00:00,135.08900000006494
2030-02-09 10:00:00,135.0889999999812
2030-02-09 11:00:00,135.08900000385495
2030-02-09 12:00:00,135.08899998266193
2030-02-09 13:00:00,135.08900000195501
2030-02-09 14:00:00,135.08899999790987
2030-02-09 15:00:00,135.08899999989728
2030-02-09 16:00:00,135.08900000877256
2030-02-09 17:00:00,135.08899996045866
2030-02-09 18:00:00,135.089000000086
2030-02-09 19:00:00,135.08900000008268
2030-02-09 20:00:00,135.08900000013114
2030-02-09 21:00:00,135.08900000027901
2030-02-09 22:00:00,178.47668119651476
2030-02-09 23:00:00,2270.6999999992945
2030-02-10 00:00:00,2270.699999999972
2030-02-10 01:00:00,2999.9999999822703
2030-02-10 02:00:00,2999.9999999949673
2030-02-10 03:00:00,2999.999999997138
2030-02-10 04:00:00,2999.9999999984047
2030-02-10 05:00:00,2999.999999999165
2030-02-10 06:00:00,2999.999999999632
2030-02-10 07:00:00,2999.99999999973
2030-02-10 08:00:00,2999.999999998779
2030-02-10 09:00:00,2270.699999998916
2030-02-10 10:00:00,135.08899999993636
2030-02-10 11:00:00,135.0890000001037
2030-02-10 12:00:00,135.08899999999622
2030-02-10 13:00:00,135.08900000240288
2030-02-10 14:00:00,135.08900000044142
2030-02-10 15:00:00,2999.9999999956713
2030-02-10 16:00:00,2999.9999999998267
2030-02-10 17:00:00,2999.999999999853
2030-02-10 18:00:00,2999.99999999978
2030-02-10 19:00:00,2999.999999999644
2030-02-10 20:00:00,2999.9999999992715
2030-02-10 21:00:00,2999.9999999990073
2030-02-10 22:00:00,2999.9999999993133
2030-02-10 23:00:00,2999.999999998827
2030-02-11 00:00:00,2999.9999999988645
2030-02-11 01:00:00,2999.999999999119
2030-02-11 02:00:00,2999.9999999993297
2030-02-11 03:00:00,2999.999999999494
2030-02-11 04:00:00,2999.9999999993915
2030-02-11 05:00:00,2999.999999999456
2030-02-11 06:00:00,2999.999999999646
2030-02-11 07:00:00,2999.999999999743
2030-02-11 08:00:00,2999.9999999988454
2030-02-11 09:00:00,2270.6999999994523
2030-02-11 10:00:00,135.0890000018038
2030-02-11 11:00:00,135.08900000005917
2030-02-11 12:00:00,135.0889999999664
2030-02-11 13:00:00,135.08900000007662
2030-02-11 14:00:00,135.08900000020614
2030-02-11 15:00:00,2270.7000000006046
2030-02-11 16:00:00,2999.999999999834
2030-02-11 17:00:00,2999.9999999998645
2030-02-11 18:00:00,2999.999999999875
2030-02-11 19:00:00,2999.9999999998718
2030-02-11 20:00:00,2999.9999999998827
2030-02-11 21:00:00,2999.9999999998895
2030-02-11 22:00:00,2999.9999999999054
2030-02-11 23:00:00,2999.9999999998845
2030-02-12 00:00:00,2999.99999999987
2030-02-12 01:00:00,2999.9999999998877
2030-02-12 02:00:00,2999.9999999998927
2030-02-12 03:00:00,2999.9999999998745
2030-02-12 04:00:00,2999.9999999998777
2030-02-12 05:00:00,2999.999999999898
2030-02-12 06:00:00,2999.999999999917
2030-02-12 07:00:00,2999.999999999905
2030-02-12 08:00:00,2999.9999999996885
2030-02-12 09:00:00,178.4766811932835
2030-02-12 10:00:00,135.08900001225362
2030-02-12 11:00:00,135.08899999980522
2030-02-12 12:00:00,135.08899999901595
2030-02-12 13:00:00,135.08899999979414
2030-02-12 14:00:00,135.08900001699956
2030-02-12 15:00:00,2270.7000000005933
2030-02-12 16:00:00,2999.999999999797
2030-02-12 17:00:00,2999.9999999998863
2030-02-12 18:00:00,2999.999999999873
2030-02-12 19:00:00,2999.9999999998345
2030-02-12 20:00:00,2999.9999999997854
2030-02-12 21:00:00,2999.9999999997826
2030-02-12 22:00:00,2999.9999999997813
2030-02-12 23:00:00,2999.9999999997744
2030-02-13 00:00:00,2999.9999999996658
2030-02-13 01:00:00,2999.9999999997003
2030-02-13 02:00:00,2999.9999999997426
2030-02-13 03:00:00,2999.999999999777
2030-02-13 04:00:00,2999.999999999828
2030-02-13 05:00:00,2999.999999999877
2030-02-13 06:00:00,2999.999999999905
2030-02-13 07:00:00,2999.99999999992
2030-02-13 08:00:00,2999.9999999998918
2030-02-13 09:00:00,2999.999999999879
2030-02-13 10:00:00,2999.999999999851
2030-02-13 11:00:00,2999.99999999971
2030-02-13 12:00:00,2999.9999999994975
2030-02-13 13:00:00,2999.9999999996626
2030-02-13 14:00:00,2999.9999999997785
2030-02-13 15:00:00,2999.999999999888
2030-02-13 16:00:00,2999.999999999927
2030-02-13 17:00:00,2999.999999999921
2030-02-13 18:00:00,2999.9999999999172
2030-02-13 19:00:00,2999.999999999885
2030-02-13 20:00:00,2999.9999999998545
2030-02-13 21:00:00,2999.9999999998277
2030-02-13 22:00:00,2999.9999999997804
2030-02-13 23:00:00,2999.9999999997217
2030-02-14 00:00:00,2999.999999999281
2030-02-14 01:00:00,2999.9999999989973
2030-02-14 02:00:00,2999.9999999991082
2030-02-14 03:00:00,2999.999999999271
2030-02-14 04:00:00,2999.9999999995116
2030-02-14 05:00:00,2999.9999999997226
2030-02-14 06:00:00,2999.9999999998095
2030-02-14 07:00:00,2999.999999999791
2030-02-14 08:00:00,2999.9999999991815
2030-02-14 09:00:00,2999.9999999391375
2030-02-14 10:00:00,135.08900000037426
2030-02-14 11:00:00,135.08899999999164
2030-02-14 12:00:00,135.0889999997843
2030-02-14 13:00:00,135.08899999961866
2030-02-14 14:00:00,135.08899999986986
2030-02-14 15:00:00,135.08900000002868
2030-02-14 16:00:00,135.08900000002365
2030-02-14 17:00:00,135.08899999981764
2030-02-14 18:00:00,60.00000000052037
2030-02-14 19:00:00,45.41399999085532
2030-02-14 20:00:00,4.935755387088185e-10
2030-02-14 21:00:00,2.151889650750412e-10
2030-02-14 22:00:00,1.1714323827522816e-10
2030-02-14 23:00:00,8.098244625874586e-11
2030-02-15 00:00:00,5.23111981639297e-11
2030-02-15 01:00:00,4.477258488751117e-11
2030-02-15 02:00:00,4.350339272210841e-11
2030-02-15 03:00:00,4.703305387586243e-11
2030-02-15 04:00:00,6.037909625662255e-11
2030-02-15 05:00:00,8.903491858324232e-11
2030-02-15 06:00:00,1.1998506249254461e-10
2030-02-15 07:00:00,1.4427082374351618e-10
2030-02-15 08:00:00,1.157591186834331e-10
2030-02-15 09:00:00,8.528400054322768e-11
2030-02-15 10:00:00,6.996511088138933e-11
2030-02-15 11:00:00,5.107574937765752e-11
2030-02-15 12:00:00,3.6921423110950215e-11
2030-02-15 13:00:00,3.5470185732055235e-11
2030-02-15 14:00:00,4.755837553302949e-11
2030-02-15 15:00:00,8.347823191154117e-11
2030-02-15 16:00:00,1.6933186535679547e-10
2030-02-15 17:00:00,2.604427467665328e-10
2030-02-15 18:00:00,2.7909777615649084e-10
2030-02-15 19:00:00,2.640465933017957e-10
2030-02-15 20:00:00,2.4917127123052293e-10
2030-02-15 21:00:00,3.065971525283045e-10
2030-02-15 22:00:00,4.4778643547813565e-09
2030-02-15 23:00:00,3.775393243987169e-07
2030-02-16 00:00:00,45.41399998968309
2030-02-16 01:00:00,45.41400001210352
2030-02-16 02:00:00,59.99999999937156
2030-02-16 03:00:00,135.08899999809256
2030-02-16 04:00:00,135.0889999999916
2030-02-16 05:00:00,135.08900000044372
2030-02-16 06:00:00,135.08900013265648
2030-02-16 07:00:00,2999.9999999934994
2030-02-16 08:00:00,135.08900000063235
2030-02-16 09:00:00,135.08900000003172
2030-02-16 10:00:00,135.0889999998429
2030-02-16 11:00:00,135.0889999994107
2030-02-16 12:00:00,135.08899999915837
2030-02-16 13:00:00,135.08899999961753
2030-02-16 14:00:00,135.08900000004425
2030-02-16 15:00:00,135.0890000001627
2030-02-16 16:00:00,135.08900000007392
2030-02-16 17:00:00,135.08899999983288
2030-02-16 18:00:00,60.0000000013321
2030-02-16 19:00:00,59.999999988684195
2030-02-16 20:00:00,45.41399999086119
2030-02-16 21:00:00,2.894105768736209e-09
2030-02-16 22:00:00,8.281852065239523e-10
2030-02-16 23:00:00,2.745602447185713e-10
2030-02-17 00:00:00,1.300722080549012e-10
2030-02-17 01:00:00,1.0201648704346324e-10
2030-02-17 02:00:00,9.441720206611985e-11
2030-02-17 03:00:00,9.109707303597681e-11
2030-02-17 04:00:00,9.280898755364483e-11
2030-02-17 05:00:00,1.1110100339719362e-10
2030-02-17 06:00:00,1.5296866279413005e-10
2030-02-17 07:00:00,2.2110971309776578e-10
2030-02-17 08:00:00,2.5800972637634824e-10
2030-02-17 09:00:00,2.5592944495054936e-10
2030-02-17 10:00:00,4.338198642657409e-10
2030-02-17 11:00:00,2.5206634305590976e-10
2030-02-17 12:00:00,2.0582307962220396e-10
2030-02-17 13:00:00,2.109583528653902e-10
2030-02-17 14:00:00,2.838029665599841e-10
2030-02-17 15:00:00,1.662777474279272e-09
2030-02-17 16:00:00,59.99999272388032
2030-02-17 17:00:00,59.999999988133105
2030-02-17 18:00:00,59.9999999898278
2030-02-17 19:00:00,59.999999991436255
2030-02-17 20:00:00,59.9999999993948
2030-02-17 21:00:00,60.000000000089535
2030-02-17 22:00:00,60.00000000018617
2030-02-17 23:00:00,59.99999999993262
2030-02-18 00:00:00,59.99999999951804
2030-02-18 01:00:00,59.999999996756664
2030-02-18 02:00:00,59.99999998768494
2030-02-18 03:00:00,59.999999986570046
2030-02-18 04:00:00,45.413999992239916
2030-02-18 05:00:00,45.41399999233634
2030-02-18 06:00:00,45.41399999206276
2030-02-18 07:00:00,45.4139999908007
2030-02-18 08:00:00,2.53660126935107e-09
2030-02-18 09:00:00,4.0726742752359527e-10
2030-02-18 10:00:00,3.520413699192515e-10
2030-02-18 11:00:00,1.7403108132277173e-10
2030-02-18 12:00:00,1.2966188563039534e-10
2030-02-18 13:00:00,1.2135878232804734e-10
2030-02-18 14:00:00,1.2299363388485007e-10
2030-02-18 15:00:00,1.5895750297978877e-10
2030-02-18 16:00:00,2.0923483296396796e-10
2030-02-18 17:00:00,2.267541955431744e-10
2030-02-18 18:00:00,1.8380773483902233e-10
2030-02-18 19:00:00,1.297662392342651e-10
2030-02-18 20:00:00,9.663123256009857e-11
2030-02-18 21:00:00,8.545812658949502e-11
2030-02-18 22:00:00,6.605488166133438e-11
2030-02-18 23:00:00,5.4978403213850683e-11
2030-02-19 00:00:00,8.328281659657064e-11
2030-02-19 01:00:00,8.195600609975511e-11
2030-02-19 02:00:00,8.767242046201511e-11
2030-02-19 03:00:00,9.95224507596215e-11
2030-02-19 04:00:00,1.456133148643257e-10
2030-02-19 05:00:00,3.0578129428027204e-10
2030-02-19 06:00:00,5.431348443054648e-10
2030-02-19 07:00:00,6.057238102143375e-10
2030-02-19 08:00:00,3.9824955021033984e-10
2030-02-19 09:00:00,1.7825709369754307e-10
2030-02-19 10:00:00,3.4532841076206933e-10
2030-02-19 11:00:00,1.7185292021954093e-10
2030-02-19 12:00:00,1.159871183357421e-10
2030-02-19 13:00:00,1.0723080307785603e-10
2030-02-19 14:00:00,1.528014086601982e-10
2030-02-19 15:00:00,4.6044688176949914e-10
2030-02-19 16:00:00,45.413999991064465
2030-02-19 17:00:00,59.99999999945233
2030-02-19 18:00:00,59.999999999268205
2030-02-19 19:00:00,59.999999988172135
2030-02-19 20:00:00,59.99999998714704
2030-02-19 21:00:00,59.99999998674012
2030-02-19 22:00:00,59.999999995970235
2030-02-19 23:00:00,59.99999998821983
2030-02-20 00:00:00,59.99999998985942
2030-02-20 01:00:00,59.9999999988987
2030-02-20 02:00:00,59.99999999975273
2030-02-20 03:00:00,60.000000000384986
2030-02-20 04:00:00,135.0889999941959
2030-02-20 05:00:00,135.08899999995933
2030-02-20 06:00:00,135.089000000012
2030-02-20 07:00:00,135.0890000000712
2030-02-20 08:00:00,135.0889999996692
2030-02-20 09:00:00,60.00000000161507
2030-02-20 10:00:00,59.99999999176814
2030-02-20 11:00:00,45.41399999495607
2030-02-20 12:00:00,45.41399999786651
2030-02-20 13:00:00,59.99999997622198
2030-02-20 14:00:00,59.999999994317626
2030-02-20 15:00:00,135.08899999351817
2030-02-20 16:00:00,135.0890000000505
2030-02-20 17:00:00,135.08900000016067
2030-02-20 18:00:00,135.0889999999634
2030-02-20 19:00:00,135.08899999963594
2030-02-20 20:00:00,102.24886409082207
2030-02-20 21:00:00,59.999999999903885
2030-02-20 22:00:00,59.999999986979724
2030-02-20 23:00:00,45.41399999346903
2030-02-21 00:00:00,45.41399998990633
2030-02-21 01:00:00,45.41399998946574
2030-02-21 02:00:00,45.41399998951776
2030-02-21 03:00:00,45.41399998984516
2030-02-21 04:00:00,45.4139999922217
2030-02-21 05:00:00,59.999999985798766
2030-02-21 06:00:00,59.99999998743606
2030-02-21 07:00:00,59.99999998653014
2030-02-21 08:00:00,5.936310986168936e-09
2030-02-21 09:00:00,5.051974363333561e-10
2030-02-21 10:00:00,3.3260162432355607e-10
2030-02-21 11:00:00,2.496270218252423e-10
2030-02-21 12:00:00,2.4544287659441216e-10
2030-02-21 13:00:00,3.2016815762571724e-10
2030-02-21 14:00:00,6.868141072545329e-10
2030-02-21 15:00:00,45.41399998864329
2030-02-21 16:00:00,59.9999999979064
2030-02-21 17:00:00,60.000000000196366
2030-02-21 18:00:00,60.00000000004844
2030-02-21 19:00:00,59.999999999457366
2030-02-21 20:00:00,59.99999999871729
2030-02-21 21:00:00,59.99999999685947
2030-02-21 22:00:00,59.999999988854796
2030-02-21 23:00:00,59.99999998587811
2030-02-22 00:00:00,50.78399999290268
2030-02-22 01:00:00,50.78399999146755
2030-02-22 02:00:00,50.78399999283768
2030-02-22 03:00:00,59.99999998001313
2030-02-22 04:00:00,59.99999998702212
2030-02-22 05:00:00,59.999999999504446
2030-02-22 06:00:00,59.99999999999286
2030-02-22 07:00:00,59.99999999948628
2030-02-22 08:00:00,45.41399998941454
2030-02-22 09:00:00,5.185622073301989e-10
2030-02-22 10:00:00,3.2276838630246604e-10
2030-02-22 11:00:00,1.7041740449058313e-10
2030-02-22 12:00:00,1.3270495541464787e-10
2030-02-22 13:00:00,1.315775335436761e-10
2030-02-22 14:00:00,2.167943406095456e-10
2030-02-22 15:00:00,9.161896752561979e-10
2030-02-22 16:00:00,45.413999989935725
2030-02-22 17:00:00,59.999999982778476
2030-02-22 18:00:00,45.413999989416986
2030-02-22 19:00:00,3.284959894698561e-09
2030-02-22 20:00:00,5.158682203871281e-10
2030-02-22 21:00:00,2.5456629846380353e-10
2030-02-22 22:00:00,1.2627635650313038e-10
2030-02-22 23:00:00,9.092855505845447e-11
2030-02-23 00:00:00,5.5908064468624995e-11
2030-02-23 01:00:00,4.7942110744021904e-11
2030-02-23 02:00:00,4.44980303747241e-11
2030-02-23 03:00:00,4.5095173164469565e-11
2030-02-23 04:00:00,6.076388778187038e-11
2030-02-23 05:00:00,1.0149327230070787e-10
2030-02-23 06:00:00,1.4330816662633468e-10
2030-02-23 07:00:00,1.91820963875744e-10
2030-02-23 08:00:00,2.3871835946668265e-10
2030-02-23 09:00:00,2.8015263598346063e-10
2030-02-23 10:00:00,6.594333316443439e-10
2030-02-23 11:00:00,3.085367887141703e-10
2030-02-23 12:00:00,2.6235150158969275e-10
2030-02-23 13:00:00,2.685559756563572e-10
2030-02-23 14:00:00,3.376512723143666e-10
2030-02-23 15:00:00,6.659010478252924e-10
2030-02-23 16:00:00,1.6695608049348812e-09
2030-02-23 17:00:00,1.4327388333660305e-09
2030-02-23 18:00:00,6.148680975013878e-10
2030-02-23 19:00:00,2.904923095774026e-10
2030-02-23 20:00:00,1.7229989680236613e-10
2030-02-23 21:00:00,1.1907544901344584e-10
2030-02-23 22:00:00,8.757782211220035e-11
2030-02-23 23:00:00,6.42389936386567e-11
2030-02-24 00:00:00,3.5174897268581276e-11
2030-02-24 01:00:00,3.097972704084249e-11
2030-02-24 02:00:00,2.7769534305326995e-11
2030-02-24 03:00:00,2.516819608883123e-11
2030-02-24 04:00:00,2.5415830680451113e-11
2030-02-24 05:00:00,3.424410683612389e-11
2030-02-24 06:00:00,5.28341032413558e-11
2030-02-24 07:00:00,6.82030121031276e-11
2030-02-24 08:00:00,6.463739605365809e-11
2030-02-24 09:00:00,5.5010196058275374e-11
2030-02-24 10:00:00,8.003208514085507e-11
2030-02-24 11:00:00,6.237336840077489e-11
2030-02-24 12:00:00,4.660128841483986e-11
2030-02-24 13:00:00,4.3115805962903145e-11
2030-02-24 14:00:00,4.967126093526388e-11
2030-02-24 15:00:00,7.426258716051464e-11
2030-02-24 16:00:00,1.0195510403651526e-10
2030-02-24 17:00:00,1.0251963542789092e-10
2030-02-24 18:00:00,8.257637961536633e-11
2030-02-24 19:00:00,6.164917739448877e-11
2030-02-24 20:00:00,5.5221562936562377e-11
2030-02-24 21:00:00,5.6778965544986835e-11
2030-02-24 22:00:00,7.675491740101233e-11
2030-02-24 23:00:00,6.444170803700921e-11
2030-02-25 00:00:00,7.610728355994707e-11
2030-02-25 01:00:00,9.626047896364723e-11
2030-02-25 02:00:00,1.2975625912066323e-10
2030-02-25 03:00:00,1.5034715413541205e-10
2030-02-25 04:00:00,1.6392897970755265e-10
2030-02-25 05:00:00,2.0046789878724443e-10
2030-02-25 06:00:00,2.7573082936911846e-10
2030-02-25 07:00:00,3.824091140927483e-10
2030-02-25 08:00:00,2.644243066721496e-10
2030-02-25 09:00:00,1.904090511901434e-10
2030-02-25 10:00:00,1.4352346655793799e-10
2030-02-25 11:00:00,7.605615239917849e-11
2030-02-25 12:00:00,4.828904228439193e-11
2030-02-25 13:00:00,4.514356628562455e-11
2030-02-25 14:00:00,6.874330333463443e-11
2030-02-25 15:00:00,1.4570471789939134e-10
2030-02-25 16:00:00,3.512200469545112e-10
2030-02-25 17:00:00,6.298841442003406e-10
2030-02-25 18:00:00,4.686560229190641e-10
2030-02-25 19:00:00,3.3776492562747047e-10
2030-02-25 20:00:00,3.3429537766000166e-10
2030-02-25 21:00:00,5.261607633894948e-10
2030-02-25 22:00:00,1.1173840799920736e-09
2030-02-25 23:00:00,1.4067147217504237e-09
2030-02-26 00:00:00,9.62364619590093e-09
2030-02-26 01:00:00,45.413999988517986
2030-02-26 02:00:00,45.41399998998763
2030-02-26 03:00:00,45.413999993403024
2030-02-26 04:00:00,59.99999999997807
2030-02-26 05:00:00,135.088999991954
2030-02-26 06:00:00,135.08899999916724
2030-02-26 07:00:00,135.08899999980173
2030-02-26 08:00:00,135.08899999941295
2030-02-26 09:00:00,135.08899999789904
2030-02-26 10:00:00,135.08899999978735
2030-02-26 11:00:00,135.08899999872497
2030-02-26 12:00:00,135.08899998723192
2030-02-26 13:00:00,102.24886409933254
2030-02-26 14:00:00,102.24886410078409
2030-02-26 15:00:00,135.0889999993986
2030-02-26 16:00:00,135.08900000007134
2030-02-26 17:00:00,135.08900000046293
2030-02-26 18:00:00,135.08900000041683
2030-02-26 19:00:00,135.08900000044335
2030-02-26 20:00:00,135.08900000090546
2030-02-26 21:00:00,305.826086959244
2030-02-26 22:00:00,2999.999999994735
2030-02-26 23:00:00,2999.9999999980114
2030-02-27 00:00:00,2999.9999999981947
2030-02-27 01:00:00,2999.9999999973193
2030-02-27 02:00:00,2999.9999999978645
2030-02-27 03:00:00,2999.99999999909
2030-02-27 04:00:00,2999.9999999996
2030-02-27 05:00:00,2999.99999999975
2030-02-27 06:00:00,2999.999999999784
2030-02-27 07:00:00,2999.999999999634
2030-02-27 08:00:00,305.8260869453191
2030-02-27 09:00:00,135.08900000024644
2030-02-27 10:00:00,135.0889999999836
2030-02-27 11:00:00,135.0889999995502
2030-02-27 12:00:00,135.08899999926015
2030-02-27 13:00:00,135.0889999992135
2030-02-27 14:00:00,135.08899999969043
2030-02-27 15:00:00,135.08900000002447
2030-02-27 16:00:00,135.08900000014447
2030-02-27 17:00:00,135.08900000014955
2030-02-27 18:00:00,135.0890000000426
2030-02-27 19:00:00,135.08899999990118
2030-02-27 20:00:00,135.08899999972672
2030-02-27 21:00:00,135.08899999948628
2030-02-27 22:00:00,135.0889999981981
2030-02-27 23:00:00,102.24886410043597
2030-02-28 00:00:00,60.00000000163316
2030-02-28 01:00:00,59.99999999985435
2030-02-28 02:00:00,59.999999998606505
2030-02-28 03:00:00,59.999999998671996
2030-02-28 04:00:00,59.99999999988569
2030-02-28 05:00:00,60.000000002418346
2030-02-28 06:00:00,70.88846876551011
2030-02-28 07:00:00,70.88846876723879
2030-02-28 08:00:00,60.000000000153015
2030-02-28 09:00:00,50.78400002460637
2030-02-28 10:00:00,60.000000000012434
2030-02-28 11:00:00,1.3044835903968559e-08
2030-02-28 12:00:00,3.0094214780018076e-09
2030-02-28 13:00:00,1.7964050618624111e-09
2030-02-28 14:00:00,2.5522108645262516e-09
2030-02-28 15:00:00,4.782336896016373e-08
2030-02-28 16:00:00,59.99999999972776
2030-02-28 17:00:00,59.99999999986051
2030-02-28 18:00:00,59.99999999819292
2030-02-28 19:00:00,4.885566527991386e-09
2030-02-28 20:00:00,1.3281049303126964e-09
2030-02-28 21:00:00,1.079354191109039e-09
2030-02-28 22:00:00,4.774239632498557e-09
2030-02-28 23:00:00,4.072698155496319e-09
2030-03-01 00:00:00,5.570109557483269e-09
2030-03-01 01:00:00,59.99999999904591
2030-03-01 02:00:00,60.00000000101946
2030-03-01 03:00:00,102.2488640997031
2030-03-01 04:00:00,135.08899999907916
2030-03-01 05:00:00,135.08899999993312
2030-03-01 06:00:00,135.08900000006008
2030-03-01 07:00:00,135.0890000001653
2030-03-01 08:00:00,135.08900000016916
2030-03-01 09:00:00,135.08900000016544
2030-03-01 10:00:00,135.08900000053723
2030-03-01 11:00:00,135.0890000002775
2030-03-01 12:00:00,135.08900000007225
2030-03-01 13:00:00,135.08900000008157
2030-03-01 14:00:00,135.089000000114
2030-03-01 15:00:00,135.08900000040052
2030-03-01 16:00:00,135.08900000300136
2030-03-01 17:00:00,135.08900000691798
2030-03-01 18:00:00,135.08900000060515
2030-03-01 19:00:00,135.08900000018724
2030-03-01 20:00:00,135.08900000008666
2030-03-01 21:00:00,135.08900000007503
2030-03-01 22:00:00,135.08900000009166
2030-03-01 23:00:00,135.0890000000152
2030-03-02 00:00:00,135.08900000001373
2030-03-02 01:00:00,135.0889999999228
2030-03-02 02:00:00,135.08899999983757
2030-03-02 03:00:00,135.08899999987523
2030-03-02 04:00:00,135.08899999996723
2030-03-02 05:00:00,135.08900000011383
2030-03-02 06:00:00,135.08900000029476
2030-03-02 07:00:00,135.08900000032753
2030-03-02 08:00:00,135.0890000001221
2030-03-02 09:00:00,135.0890000000329
2030-03-02 10:00:00,135.0889999998945
2030-03-02 11:00:00,135.0889999994301
2030-03-02 12:00:00,135.0889999453743
2030-03-02 13:00:00,114.33932968100993
2030-03-02 14:00:00,135.08899999674838
2030-03-02 15:00:00,135.08900000010138
2030-03-02 16:00:00,135.08900000022746
2030-03-02 17:00:00,135.08900000205648
2030-03-02 18:00:00,135.08900000094908
2030-03-02 19:00:00,135.089000000409
2030-03-02 20:00:00,135.0890000001659
2030-03-02 21:00:00,135.0890000001205
2030-03-02 22:00:00,135.08900000009572
2030-03-02 23:00:00,135.08899999997678
2030-03-03 00:00:00,135.0889999999245
2030-03-03 01:00:00,135.08899999994878
2030-03-03 02:00:00,135.08899999994287
2030-03-03 03:00:00,135.0889999999114
2030-03-03 04:00:00,135.0890000000197
2030-03-03 05:00:00,135.0890000000581
2030-03-03 06:00:00,135.08900000021026
2030-03-03 07:00:00,135.0890000002739
2030-03-03 08:00:00,135.08900000018565
2030-03-03 09:00:00,135.08900000003987
2030-03-03 10:00:00,135.08899999997521
2030-03-03 11:00:00,135.08899999984138
2030-03-03 12:00:00,135.08899999977402
2030-03-03 13:00:00,135.0889999998519
2030-03-03 14:00:00,135.08899999999468
2030-03-03 15:00:00,135.08900000027205
2030-03-03 16:00:00,2999.9999999969136
2030-03-03 17:00:00,2999.999999999592
2030-03-03 18:00:00,2999.999999997304
2030-03-03 19:00:00,135.08900000126027
2030-03-03 20:00:00,135.08900000027202
2030-03-03 21:00:00,135.08900000007503
2030-03-03 22:00:00,135.08899999989725
2030-03-03 23:00:00,135.08899999909056
2030-03-04 00:00:00,102.2488641186567
2030-03-04 01:00:00,102.24886411231799
2030-03-04 02:00:00,102.24886412055359
2030-03-04 03:00:00,102.24886418113583
2030-03-04 04:00:00,102.24886411410664
2030-03-04 05:00:00,102.24886411380803
2030-03-04 06:00:00,120.80442359476929
2030-03-04 07:00:00,102.24886410187379
2030-03-04 08:00:00,60.00000003021089
2030-03-04 09:00:00,59.999999999934765
2030-03-04 10:00:00,1.0778765769657912e-09
2030-03-04 11:00:00,3.2811268888551413e-10
2030-03-04 12:00:00,2.732746855147093e-10
2030-03-04 13:00:00,3.943702852496531e-10
2030-03-04 14:00:00,2.073860947325464e-09
2030-03-04 15:00:00,60.0000000015114
2030-03-04 16:00:00,135.08899999833935
2030-03-04 17:00:00,135.08899999972303
2030-03-04 18:00:00,135.08899999960025
2030-03-04 19:00:00,135.0889999992898
2030-03-04 20:00:00,135.08899999916335
2030-03-04 21:00:00,135.08899999926095
2030-03-04 22:00:00,135.0889999993788
2030-03-04 23:00:00,135.0889999992666
2030-03-05 00:00:00,135.08899999978078
2030-03-05 01:00:00,135.08899999984945
2030-03-05 02:00:00,135.08899999993764
2030-03-05 03:00:00,135.0889999999997
2030-03-05 04:00:00,135.08900000019543
2030-03-05 05:00:00,135.08900000108932
2030-03-05 06:00:00,2539.2000000212583
2030-03-05 07:00:00,2539.2000000229573
2030-03-05 08:00:00,135.0890000158086
2030-03-05 09:00:00,135.08900000114193
2030-03-05 10:00:00,135.08900000040268
2030-03-05 11:00:00,135.08900000009035
2030-03-05 12:00:00,135.08900000004
2030-03-05 13:00:00,135.0890000001044
2030-03-05 14:00:00,135.08900000024283
2030-03-05 15:00:00,135.0890000005881
2030-03-05 16:00:00,159.6042059831075
2030-03-05 17:00:00,135.08900000206054
2030-03-05 18:00:00,135.08900000013801
2030-03-05 19:00:00,135.08899999995438
2030-03-05 20:00:00,135.0889999995133
2030-03-05 21:00:00,135.0889999717028
2030-03-05 22:00:00,102.24886409978244
2030-03-05 23:00:00,60.00000000296359
2030-03-06 00:00:00,60.00000000026905
2030-03-06 01:00:00,60.00000000009288
2030-03-06 02:00:00,59.99999999998199
2030-03-06 03:00:00,60.00000000007625
2030-03-06 04:00:00,60.000000000773376
2030-03-06 05:00:00,70.88846880665598
2030-03-06 06:00:00,70.88846881103053
2030-03-06 07:00:00,60.00000000046238
2030-03-06 08:00:00,3.237353363040982e-09
2030-03-06 09:00:00,4.2152166285690064e-10
2030-03-06 10:00:00,3.598312208775692e-10
2030-03-06 11:00:00,2.202014980512793e-10
2030-03-06 12:00:00,2.4959216189915237e-10
2030-03-06 13:00:00,4.3565230306374273e-10
2030-03-06 14:00:00,2.0244269163806255e-09
2030-03-06 15:00:00,102.24886408458859
2030-03-06 16:00:00,135.08899999979505
2030-03-06 17:00:00,135.08900000004752
2030-03-06 18:00:00,135.08900000002328
2030-03-06 19:00:00,135.08899999997791
2030-03-06 20:00:00,135.0889999998758
2030-03-06 21:00:00,135.08899999987943
2030-03-06 22:00:00,135.08899999990223
2030-03-06 23:00:00,135.0889999999319
2030-03-07 00:00:00,135.08899999994892
2030-03-07 01:00:00,135.089000000037
2030-03-07 02:00:00,135.08900000001825
2030-03-07 03:00:00,135.089000000376
2030-03-07 04:00:00,135.0890000067197
2030-03-07 05:00:00,2999.999999998431
2030-03-07 06:00:00,2999.9999999995794
2030-03-07 07:00:00,305.8260869628148
2030-03-07 08:00:00,135.08900000012153
2030-03-07 09:00:00,135.0889999993722
2030-03-07 10:00:00,102.2488640964212
2030-03-07 11:00:00,60.00000000066321
2030-03-07 12:00:00,60.00000000227156
2030-03-07 13:00:00,102.24886409950383
2030-03-07 14:00:00,135.08899999969984
2030-03-07 15:00:00,135.08900000012804
2030-03-07 16:00:00,2999.9999999976753
2030-03-07 17:00:00,2999.9999999995985
2030-03-07 18:00:00,2999.999999996844
2030-03-07 19:00:00,135.08900000214834
2030-03-07 20:00:00,135.08900000041717
2030-03-07 21:00:00,135.08900000016453
2030-03-07 22:00:00,135.08900000008126
2030-03-07 23:00:00,135.0889999999638
2030-03-08 00:00:00,135.08899999993943
2030-03-08 01:00:00,135.0889999999484
2030-03-08 02:00:00,135.08899999990484
2030-03-08 03:00:00,135.0889999999924
2030-03-08 04:00:00,135.0890000000434
2030-03-08 05:00:00,135.08900000014845
2030-03-08 06:00:00,135.0890000001632
2030-03-08 07:00:00,135.088999999827
2030-03-08 08:00:00,102.24886409326021
2030-03-08 09:00:00,2.272950573920177e-09
2030-03-08 10:00:00,5.243893896317777e-10
2030-03-08 11:00:00,2.0600102812590005e-10
2030-03-08 12:00:00,1.5889821285374709e-10
2030-03-08 13:00:00,2.0021308254511123e-10
2030-03-08 14:00:00,4.3224964854114904e-10
2030-03-08 15:00:00,7.552606802877403e-09
2030-03-08 16:00:00,102.2488640804879
2030-03-08 17:00:00,102.24886409703244
2030-03-08 18:00:00,102.24886409411039
2030-03-08 19:00:00,60.00000000197224
2030-03-08 20:00:00,60.000000000011376
2030-03-08 21:00:00,59.99999999948694
2030-03-08 22:00:00,60.000000000335234
2030-03-08 23:00:00,60.0000000000176
2030-03-09 00:00:00,59.99999999893508
2030-03-09 01:00:00,59.99999999910921
2030-03-09 02:00:00,59.999999999680846
2030-03-09 03:00:00,60.00000000033769
2030-03-09 04:00:00,102.24886409429216
2030-03-09 05:00:00,102.2488641014092
2030-03-09 06:00:00,135.08899999111725
2030-03-09 07:00:00,102.2488641429524
2030-03-09 08:00:00,60.00000000017092
2030-03-09 09:00:00,8.650001668887822e-10
2030-03-09 10:00:00,4.054218205146679e-09
2030-03-09 11:00:00,5.508499786623083e-10
2030-03-09 12:00:00,2.8554067802710264e-10
2030-03-09 13:00:00,2.676879327648996e-10
2030-03-09 14:00:00,4.787513566632209e-10
2030-03-09 15:00:00,1.0686392211264457e-07
2030-03-09 16:00:00,135.08899999548157
2030-03-09 17:00:00,135.08900000000756
2030-03-09 18:00:00,135.08900000005178
2030-03-09 19:00:00,135.08900000003126
2030-03-09 20:00:00,135.08900000002572
2030-03-09 21:00:00,135.0890000000477
2030-03-09 22:00:00,135.0890000000137
2030-03-09 23:00:00,135.08899999999846
2030-03-10 00:00:00,135.08899999988282
2030-03-10 01:00:00,135.08899999991297
2030-03-10 02:00:00,135.0889999999052
2030-03-10 03:00:00,135.0889999998927
2030-03-10 04:00:00,135.0889999998664
2030-03-10 05:00:00,135.08899999972232
2030-03-10 06:00:00,135.08899999928113
2030-03-10 07:00:00,102.24886409670479
2030-03-10 08:00:00,3.664052701565706e-09
2030-03-10 09:00:00,5.371055598804903e-10
2030-03-10 10:00:00,1.7325644690020102e-10
2030-03-10 11:00:00,8.464938147664792e-11
2030-03-10 12:00:00,5.623126129488895e-11
2030-03-10 13:00:00,6.565767035465464e-11
2030-03-10 14:00:00,1.2811797393885832e-10
2030-03-10 15:00:00,4.3775210556075714e-10
2030-03-10 16:00:00,59.99999999999038
2030-03-10 17:00:00,102.24886409646392
2030-03-10 18:00:00,102.24886407092724
2030-03-10 19:00:00,60.00000000039477
2030-03-10 20:00:00,59.99999999977399
2030-03-10 21:00:00,59.99999999829918
2030-03-10 22:00:00,1.010829051928149e-09
2030-03-10 23:00:00,4.842726397112079e-10
2030-03-11 00:00:00,2.984560787608327e-10
2030-03-11 01:00:00,2.5613478140400945e-10
2030-03-11 02:00:00,2.558535992378809e-10
2030-03-11 03:00:00,2.627399242345211e-10
2030-03-11 04:00:00,2.756380806975943e-10
2030-03-11 05:00:00,3.2780655569560015e-10
2030-03-11 06:00:00,4.6382348627121145e-10
2030-03-11 07:00:00,4.118634944603997e-10
2030-03-11 08:00:00,2.1707989786152037e-10
2030-03-11 09:00:00,1.75442829024668e-10
2030-03-11 10:00:00,1.9942965739643014e-10
2030-03-11 11:00:00,1.5660462779046183e-10
2030-03-11 12:00:00,1.5079813027169293e-10
2030-03-11 13:00:00,1.4554094695907085e-10
2030-03-11 14:00:00,1.8372864307537716e-10
2030-03-11 15:00:00,3.3885491042347395e-10
2030-03-11 16:00:00,1.853471701002916e-09
2030-03-11 17:00:00,2.7353840047447474e-08
2030-03-11 18:00:00,9.93314078383803e-09
2030-03-11 19:00:00,2.560302605372073e-09
2030-03-11 20:00:00,9.316968004544049e-10
2030-03-11 21:00:00,6.203422517782487e-10
2030-03-11 22:00:00,4.3465229691646284e-10
2030-03-11 23:00:00,2.902781582252588e-10
2030-03-12 00:00:00,3.2203948783285696e-10
2030-03-12 01:00:00,2.828646439224433e-10
2030-03-12 02:00:00,2.5969419844626577e-10
2030-03-12 03:00:00,3.2119800371981495e-10
2030-03-12 04:00:00,6.522980768912675e-10
2030-03-12 05:00:00,9.792202323786577e-09
2030-03-12 06:00:00,59.99999999980127
2030-03-12 07:00:00,60.000000000185146
2030-03-12 08:00:00,59.999999998117104
2030-03-12 09:00:00,5.654536598610166e-09
2030-03-12 10:00:00,59.99999999803136
2030-03-12 11:00:00,1.3874509487462735e-08
2030-03-12 12:00:00,4.7049313404858135e-09
2030-03-12 13:00:00,1.965153309556572e-09
2030-03-12 14:00:00,1.010589114646316e-08
2030-03-12 15:00:00,60.00000000017195
2030-03-12 16:00:00,102.24886409785341
2030-03-12 17:00:00,135.0889999940075
2030-03-12 18:00:00,135.08899994576376
2030-03-12 19:00:00,102.24886409705525
2030-03-12 20:00:00,60.00000000636455
2030-03-12 21:00:00,60.000000000424485
2030-03-12 22:00:00,59.9999999999677
2030-03-12 23:00:00,1.1818896840462132e-07
2030-03-13 00:00:00,5.095936392500821e-09
2030-03-13 01:00:00,2.8369319631707815e-09
2030-03-13 02:00:00,2.4760370575927284e-09
2030-03-13 03:00:00,3.0366777651654185e-09
2030-03-13 04:00:00,2.3988955614001087e-08
2030-03-13 05:00:00,59.999999999935504
2030-03-13 06:00:00,60.000000002167496
2030-03-13 07:00:00,60.00000000102876
2030-03-13 08:00:00,59.99999999955548
2030-03-13 09:00:00,50.78400000403183
2030-03-13 10:00:00,59.999999998265245
2030-03-13 11:00:00,2.210080643275774e-09
2030-03-13 12:00:00,1.0009580791633254e-09
2030-03-13 13:00:00,8.676609746845768e-10
2030-03-13 14:00:00,1.9997282358259938e-09
2030-03-13 15:00:00,59.99999999961474
2030-03-13 16:00:00,102.24886409675288
2030-03-13 17:00:00,135.0889999772637
2030-03-13 18:00:00,135.08899997632568
2030-03-13 19:00:00,114.33932958091354
2030-03-13 20:00:00,114.33932957901978
2030-03-13 21:00:00,114.3393298431077
2030-03-13 22:00:00,135.08899998166032
2030-03-13 23:00:00,102.24886417767067
2030-03-14 00:00:00,102.24886414232145
2030-03-14 01:00:00,102.2488641504394
2030-03-14 02:00:00,102.24886415595016
2030-03-14 03:00:00,135.08899999402263
2030-03-14 04:00:00,135.08899999874467
2030-03-14 05:00:00,135.08899999985914
2030-03-14 06:00:00,135.08899999998675
2030-03-14 07:00:00,135.088999999929
2030-03-14 08:00:00,135.08899999961105
2030-03-14 09:00:00,135.08899999663367
2030-03-14 10:00:00,102.24886409659814
2030-03-14 11:00:00,60.00000000458913
2030-03-14 12:00:00,60.000000000247795
2030-03-14 13:00:00,60.000000000070166
2030-03-14 14:00:00,60.00000000048663
2030-03-14 15:00:00,102.24886409719868
2030-03-14 16:00:00,135.08899999862655
2030-03-14 17:00:00,135.08899999992386
2030-03-14 18:00:00,135.0889999999826
2030-03-14 19:00:00,135.08899999990902
2030-03-14 20:00:00,135.08899999977154
2030-03-14 21:00:00,135.08899999970842
2030-03-14 22:00:00,135.08899999968958
2030-03-14 23:00:00,135.08899999965536
2030-03-15 00:00:00,135.088999999
2030-03-15 01:00:00,135.08899999937634
2030-03-15 02:00:00,135.0889999995391
2030-03-15 03:00:00,135.0889999997929
2030-03-15 04:00:00,135.08899999995464
2030-03-15 05:00:00,135.08900000006975
2030-03-15 06:00:00,135.08900000017056
2030-03-15 07:00:00,135.08900000001398
2030-03-15 08:00:00,135.0889999994763
2030-03-15 09:00:00,135.0889999932966
2030-03-15 10:00:00,102.24886409810394
2030-03-15 11:00:00,102.2488640962275
2030-03-15 12:00:00,102.24886409659274
2030-03-15 13:00:00,102.24886409797314
2030-03-15 14:00:00,135.08899999635216
2030-03-15 15:00:00,135.0889999999389
2030-03-15 16:00:00,135.08900000676024
2030-03-15 17:00:00,2999.999999999802
2030-03-15 18:00:00,2999.9999999998295
2030-03-15 19:00:00,2999.9999999997976
2030-03-15 20:00:00,2999.999999999754
2030-03-15 21:00:00,2999.99999999968
2030-03-15 22:00:00,2999.999999999589
2030-03-15 23:00:00,2999.9999999990546
2030-03-16 00:00:00,2539.199999996188
2030-03-16 01:00:00,2539.199999995288
2030-03-16 02:00:00,2539.199999997468
2030-03-16 03:00:00,2999.9999999965103
2030-03-16 04:00:00,2999.9999999995466
2030-03-16 05:00:00,2999.999999999777
2030-03-16 06:00:00,2999.999999999791
2030-03-16 07:00:00,2999.99999999491
2030-03-16 08:00:00,135.08899999996913
2030-03-16 09:00:00,102.24886410100356
2030-03-16 10:00:00,59.99999999914884
2030-03-16 11:00:00,8.945804762413009e-10
2030-03-16 12:00:00,3.941162499773269e-10
2030-03-16 13:00:00,6.295371996872209e-10
2030-03-16 14:00:00,59.99999999884006
2030-03-16 15:00:00,135.08899999665766
2030-03-16 16:00:00,135.08900000017482
2030-03-16 17:00:00,2999.999999999646
2030-03-16 18:00:00,2999.999999999703
2030-03-16 19:00:00,2999.9999999990246
2030-03-16 20:00:00,135.0890000048116
2030-03-16 21:00:00,135.08900000027575
2030-03-16 22:00:00,135.08900000008708
2030-03-16 23:00:00,135.08899999999835
2030-03-17 00:00:00,135.088999999915
2030-03-17 01:00:00,135.0889999998733
2030-03-17 02:00:00,135.0889999998953
2030-03-17 03:00:00,135.08899999992119
2030-03-17 04:00:00,135.0889999999549
2030-03-17 05:00:00,135.0889999999359
2030-03-17 06:00:00,135.0889999998796
2030-03-17 07:00:00,102.24886409934699
2030-03-17 08:00:00,1.3024499032590967e-09
2030-03-17 09:00:00,1.9222249845181811e-10
2030-03-17 10:00:00,9.195516503329943e-11
2030-03-17 11:00:00,4.3734176590863016e-11
2030-03-17 12:00:00,3.4388122473139154e-11
2030-03-17 13:00:00,4.796557820529016e-11
2030-03-17 14:00:00,1.328187657747342e-10
2030-03-17 15:00:00,2.069912481925341e-09
2030-03-17 16:00:00,135.08899999074035
2030-03-17 17:00:00,135.08899999991692
2030-03-17 18:00:00,135.08899999993346
2030-03-17 19:00:00,135.08899999969725
2030-03-17 20:00:00,135.0889999978812
2030-03-17 21:00:00,135.0889999968663
2030-03-17 22:00:00,102.24886410191193
2030-03-17 23:00:00,102.24886409772358
2030-03-18 00:00:00,102.24886409527986
2030-03-18 01:00:00,102.2488639282659
2030-03-18 02:00:00,86.54343869796517
2030-03-18 03:00:00,86.5434386743637
2030-03-18 04:00:00,102.24886409546612
2030-03-18 05:00:00,102.248864097372
2030-03-18 06:00:00,102.2488639158934
2030-03-18 07:00:00,2.622642191755671e-09
2030-03-18 08:00:00,2.200021950428517e-10
2030-03-18 09:00:00,1.0168753798760242e-10
2030-03-18 10:00:00,8.265374072178915e-11
2030-03-18 11:00:00,4.069715232086241e-11
2030-03-18 12:00:00,3.100857294631179e-11
2030-03-18 13:00:00,5.149019343535472e-11
2030-03-18 14:00:00,1.9188912040803667e-10
2030-03-18 15:00:00,2.337174508445851e-08
2030-03-18 16:00:00,135.08899999678005
2030-03-18 17:00:00,135.08899999999272
2030-03-18 18:00:00,135.08900000008646
2030-03-18 19:00:00,135.0890000000854
2030-03-18 20:00:00,135.08900000012397
2030-03-18 21:00:00,135.0890000001281
2030-03-18 22:00:00,135.0890000000721
2030-03-18 23:00:00,135.08900000005877
2030-03-19 00:00:00,135.0890000001498
2030-03-19 01:00:00,135.0890000001303
2030-03-19 02:00:00,135.0890000001223
2030-03-19 03:00:00,135.0890000000736
2030-03-19 04:00:00,135.08900000017158
2030-03-19 05:00:00,135.08900000039026
2030-03-19 06:00:00,135.0890000004652
2030-03-19 07:00:00,135.08899999999983
2030-03-19 08:00:00,135.08899999723545
2030-03-19 09:00:00,102.24886409726922
2030-03-19 10:00:00,102.24886409735736
2030-03-19 11:00:00,60.000000000004825
2030-03-19 12:00:00,5.827310075298022e-09
2030-03-19 13:00:00,9.569601891148958e-10
2030-03-19 14:00:00,2.580596809189638e-09
2030-03-19 15:00:00,59.99999999982679
2030-03-19 16:00:00,102.24886409762877
2030-03-19 17:00:00,135.08899999509316
2030-03-19 18:00:00,135.08899997690813
2030-03-19 19:00:00,102.24886409725333
2030-03-19 20:00:00,102.24886409499005
2030-03-19 21:00:00,102.24886409303635
2030-03-19 22:00:00,120.80442355276249
2030-03-19 23:00:00,102.24886409836353
2030-03-20 00:00:00,102.24886409378384
2030-03-20 01:00:00,102.24886409277838
2030-03-20 02:00:00,102.24886409702042
2030-03-20 03:00:00,102.24886409985396
2030-03-20 04:00:00,135.08899999585574
2030-03-20 05:00:00,135.08899999867734
2030-03-20 06:00:00,135.08899999928892
2030-03-20 07:00:00,102.2488641083433
2030-03-20 08:00:00,59.99999999402646
2030-03-20 09:00:00,3.9376635475449607e-10
2030-03-20 10:00:00,2.0945482127275417e-10
2030-03-20 11:00:00,1.2419713079957044e-10
2030-03-20 12:00:00,1.0335858888416113e-10
2030-03-20 13:00:00,1.228288837636462e-10
2030-03-20 14:00:00,2.274594504268196e-10
2030-03-20 15:00:00,1.334698640088668e-09
2030-03-20 16:00:00,102.24886409809078
2030-03-20 17:00:00,135.08899999979218
2030-03-20 18:00:00,135.0889999998469
2030-03-20 19:00:00,135.08899999894027
2030-03-20 20:00:00,135.08899999683933
2030-03-20 21:00:00,135.08899999482102
2030-03-20 22:00:00,102.24886410209893
2030-03-20 23:00:00,102.24886409815018
2030-03-21 00:00:00,102.24886409687305
2030-03-21 01:00:00,102.24886409274282
2030-03-21 02:00:00,102.24886409054035
2030-03-21 03:00:00,102.24886409263074
2030-03-21 04:00:00,102.24886409782029
2030-03-21 05:00:00,120.80442351653949
2030-03-21 06:00:00,102.24886409868984
2030-03-21 07:00:00,6.67210257751033e-09
2030-03-21 08:00:00,2.848681314847588e-10
2030-03-21 09:00:00,1.165301158677803e-10
2030-03-21 10:00:00,6.276734584608732e-11
2030-03-21 11:00:00,3.6743570531951994e-11
2030-03-21 12:00:00,3.6172268493651444e-11
2030-03-21 13:00:00,5.358232224228701e-11
2030-03-21 14:00:00,1.1959523448674503e-10
2030-03-21 15:00:00,4.737183424944048e-10
2030-03-21 16:00:00,60.00000000167001
2030-03-21 17:00:00,135.0889999982189
2030-03-21 18:00:00,135.0889999991188
2030-03-21 19:00:00,135.08899999709334
2030-03-21 20:00:00,135.08899999383593
2030-03-21 21:00:00,135.08899998641925
2030-03-21 22:00:00,135.08899996719842
2030-03-21 23:00:00,102.24886410131157
2030-03-22 00:00:00,102.24886409814543
2030-03-22 01:00:00,102.24886409847836
2030-03-22 02:00:00,102.24886410910506
2030-03-22 03:00:00,135.08899999673332
2030-03-22 04:00:00,135.0889999996514
2030-03-22 05:00:00,135.0889999999514
2030-03-22 06:00:00,135.08899999995026
2030-03-22 07:00:00,135.08899999757196
2030-03-22 08:00:00,60.00000000097469
2030-03-22 09:00:00,2.2879300492217177e-09
2030-03-22 10:00:00,3.6538316501133544e-10
2030-03-22 11:00:00,1.8011482981834154e-10
2030-03-22 12:00:00,1.899466066957821e-10
2030-03-22 13:00:00,3.1209396998948034e-10
2030-03-22 14:00:00,1.172913534042119e-09
2030-03-22 15:00:00,60.000000000815156
2030-03-22 16:00:00,135.08899999955588
2030-03-22 17:00:00,135.08900000009072
2030-03-22 18:00:00,135.08900000009348
2030-03-22 19:00:00,135.08899999997965
2030-03-22 20:00:00,135.08899999981023
2030-03-22 21:00:00,135.08899999954937
2030-03-22 22:00:00,135.0889999990019
2030-03-22 23:00:00,135.0889999991852
2030-03-23 00:00:00,135.08899999832025
2030-03-23 01:00:00,135.08899999932902
2030-03-23 02:00:00,135.08899999962847
2030-03-23 03:00:00,135.0889999998561
2030-03-23 04:00:00,135.08899999999454
2030-03-23 05:00:00,135.08900000013384
2030-03-23 06:00:00,135.0890000001123
2030-03-23 07:00:00,135.0889999997284
2030-03-23 08:00:00,102.24886409726452
2030-03-23 09:00:00,59.99999999858594
2030-03-23 10:00:00,8.77062814682759e-10
2030-03-23 11:00:00,2.927516813163292e-10
2030-03-23 12:00:00,2.309403091313954e-10
2030-03-23 13:00:00,3.2238764285964443e-10
2030-03-23 14:00:00,1.7173046526629956e-09
2030-03-23 15:00:00,102.24886409242747
2030-03-23 16:00:00,135.0889999998477
2030-03-23 17:00:00,135.0890000001158
2030-03-23 18:00:00,135.0890000000112
2030-03-23 19:00:00,135.08899999967113
2030-03-23 20:00:00,135.0889999978139
2030-03-23 21:00:00,135.08899999793883
2030-03-23 22:00:00,135.0889999984552
2030-03-23 23:00:00,135.08899999976902
2030-03-24 00:00:00,135.0889999999193
2030-03-24 01:00:00,135.0890000000733
2030-03-24 02:00:00,135.08900000021998
2030-03-24 03:00:00,135.08900000050366
2030-03-24 04:00:00,135.0890000016107
2030-03-24 05:00:00,135.0890000074101
2030-03-24 06:00:00,135.08900000074237
2030-03-24 07:00:00,135.08899999992894
2030-03-24 08:00:00,102.24886409718506
2030-03-24 09:00:00,3.347316829853754e-09
2030-03-24 10:00:00,1.5163089931065756e-10
2030-03-24 11:00:00,7.902617457604999e-11
2030-03-24 12:00:00,7.609941934896096e-11
2030-03-24 13:00:00,1.5504936886124204e-10
2030-03-24 14:00:00,1.7659131514509105e-08
2030-03-24 15:00:00,135.08899995025996
2030-03-24 16:00:00,135.0889999999881
2030-03-24 17:00:00,135.08900000104632
2030-03-24 18:00:00,135.08900000186682
2030-03-24 19:00:00,135.08900000031622
2030-03-24 20:00:00,135.08900000020833
2030-03-24 21:00:00,135.08900000018465
2030-03-24 22:00:00,135.0890000001739
2030-03-24 23:00:00,135.08900000020242
2030-03-25 00:00:00,135.0890000001991
2030-03-25 01:00:00,135.08900000035618
2030-03-25 02:00:00,135.08900000056195
2030-03-25 03:00:00,135.08900000103742
2030-03-25 04:00:00,135.08900000233726
2030-03-25 05:00:00,135.0890000055489
2030-03-25 06:00:00,135.08900000049047
2030-03-25 07:00:00,135.0889999998883
2030-03-25 08:00:00,102.24886409230585
2030-03-25 09:00:00,5.293227214616208e-10
2030-03-25 10:00:00,1.0378098465259197e-10
2030-03-25 11:00:00,5.812086061287539e-11
2030-03-25 12:00:00,5.599648805078496e-11
2030-03-25 13:00:00,8.266366750739112e-11
2030-03-25 14:00:00,2.833230137061614e-10
2030-03-25 15:00:00,60.00000000000657
2030-03-25 16:00:00,135.0889999984239
2030-03-25 17:00:00,135.08900000002308
2030-03-25 18:00:00,135.0890000000233
2030-03-25 19:00:00,135.088999999883
2030-03-25 20:00:00,135.08899999971993
2030-03-25 21:00:00,135.08899999974463
2030-03-25 22:00:00,135.08899999986045
2030-03-25 23:00:00,135.08899999983893
2030-03-26 00:00:00,135.08899999992963
2030-03-26 01:00:00,135.08899999994298
2030-03-26 02:00:00,135.08899999997251
2030-03-26 03:00:00,135.08900000003334
2030-03-26 04:00:00,135.0890000001369
2030-03-26 05:00:00,135.089000000315
2030-03-26 06:00:00,135.08900000008978
2030-03-26 07:00:00,135.08899999809321
2030-03-26 08:00:00,60.00000000063351
2030-03-26 09:00:00,8.564198809505014e-10
2030-03-26 10:00:00,1.8483140490204158e-10
2030-03-26 11:00:00,9.775948648459974e-11
2030-03-26 12:00:00,8.795935520878276e-11
2030-03-26 13:00:00,1.2291823082158432e-10
2030-03-26 14:00:00,3.287964795671554e-10
2030-03-26 15:00:00,59.999999999608555
2030-03-26 16:00:00,135.0889999984084
2030-03-26 17:00:00,135.0890000000045
2030-03-26 18:00:00,135.08899999991104
2030-03-26 19:00:00,135.0889999968297
2030-03-26 20:00:00,135.0889999913451
2030-03-26 21:00:00,135.0889999955952
2030-03-26 22:00:00,135.08899999608727
2030-03-26 23:00:00,135.08899999927027
2030-03-27 00:00:00,135.088999999865
2030-03-27 01:00:00,135.0889999999767
2030-03-27 02:00:00,135.0890000000581
2030-03-27 03:00:00,135.0890000002564
2030-03-27 04:00:00,2999.9999999837087
2030-03-27 05:00:00,2999.9999999995302
2030-03-27 06:00:00,2999.999999998744
2030-03-27 07:00:00,135.08900000008586
2030-03-27 08:00:00,135.08899999258801
2030-03-27 09:00:00,59.9999999974431
2030-03-27 10:00:00,2.4791502690305615e-10
2030-03-27 11:00:00,9.809689945940908e-11
2030-03-27 12:00:00,7.817923576691248e-11
2030-03-27 13:00:00,1.0486764439398352e-10
2030-03-27 14:00:00,2.9268638977042346e-10
2030-03-27 15:00:00,59.99999999864892
2030-03-27 16:00:00,114.33932961037806
2030-03-27 17:00:00,135.08899999996467
2030-03-27 18:00:00,135.08899999988077
2030-03-27 19:00:00,135.0889998927051
2030-03-27 20:00:00,79.27070947233321
2030-03-27 21:00:00,60.00000001491556
2030-03-27 22:00:00,60.00000000008142
2030-03-27 23:00:00,59.99999999989287
2030-03-28 00:00:00,60.00000000100147
2030-03-28 01:00:00,60.0000000001517
2030-03-28 02:00:00,60.00000000032929
2030-03-28 03:00:00,60.00000000200213
2030-03-28 04:00:00,79.27070947220408
2030-03-28 05:00:00,135.0889999954751
2030-03-28 06:00:00,79.27070947179136
2030-03-28 07:00:00,3.912067264517693e-08
2030-03-28 08:00:00,4.3714067204606753e-10
2030-03-28 09:00:00,1.646750365024952e-10
2030-03-28 10:00:00,9.406164410298443e-11
2030-03-28 11:00:00,5.68046124176377e-11
2030-03-28 12:00:00,4.6191692853241343e-11
2030-03-28 13:00:00,5.581679209672117e-11
2030-03-28 14:00:00,1.0337700035221556e-10
2030-03-28 15:00:00,3.5568860253165245e-10
2030-03-28 16:00:00,45.413999999768144
2030-03-28 17:00:00,60.00000000019548
2030-03-28 18:00:00,59.999999999803414
2030-03-28 19:00:00,59.99999999589325
2030-03-28 20:00:00,45.41400000002515
2030-03-28 21:00:00,45.41399999996298
2030-03-28 22:00:00,45.41399999781843
2030-03-28 23:00:00,45.41399999975981
2030-03-29 00:00:00,59.999999994379564
2030-03-29 01:00:00,59.999999998084675
2030-03-29 02:00:00,59.99999999883178
2030-03-29 03:00:00,59.99999999937513
2030-03-29 04:00:00,60.00000000011988
2030-03-29 05:00:00,60.00000000079387
2030-03-29 06:00:00,59.9999999996021
2030-03-29 07:00:00,5.4539664037330525e-09
2030-03-29 08:00:00,3.707702769422251e-10
2030-03-29 09:00:00,1.1978776058818126e-10
2030-03-29 10:00:00,5.96385143700934e-11
2030-03-29 11:00:00,2.9571484466069215e-11
2030-03-29 12:00:00,1.8454172828446744e-11
2030-03-29 13:00:00,2.0008089741991394e-11
2030-03-29 14:00:00,3.3600585585865546e-11
2030-03-29 15:00:00,9.37180912349446e-11
2030-03-29 16:00:00,3.1282361397737795e-10
2030-03-29 17:00:00,1.8009201765357035e-09
2030-03-29 18:00:00,1.5788577267391187e-09
2030-03-29 19:00:00,4.2116377898631715e-10
2030-03-29 20:00:00,2.50826518351718e-10
2030-03-29 21:00:00,2.074832837762155e-10
2030-03-29 22:00:00,1.70464243104246e-10
2030-03-29 23:00:00,1.483123371425215e-10
2030-03-30 00:00:00,8.84738033175561e-11
2030-03-30 01:00:00,7.950647323015359e-11
2030-03-30 02:00:00,7.740767626584951e-11
2030-03-30 03:00:00,7.517118694060218e-11
2030-03-30 04:00:00,8.04356794340918e-11
2030-03-30 05:00:00,9.349555216845187e-11
2030-03-30 06:00:00,8.256426815641911e-11
2030-03-30 07:00:00,4.681306918208132e-11
2030-03-30 08:00:00,2.5606215417586075e-11
2030-03-30 09:00:00,8.194209678805445e-12
2030-03-30 10:00:00,3.902100654777773e-12
2030-03-30 11:00:00,-1.145027965529978e-11
2030-03-30 12:00:00,-2.2939735633873967e-11
2030-03-30 13:00:00,-2.6715400506339865e-11
2030-03-30 14:00:00,-1.9320203625427938e-11
2030-03-30 15:00:00,-4.026841170109037e-12
2030-03-30 16:00:00,1.7414277453146343e-11
2030-03-30 17:00:00,4.045204581164214e-11
2030-03-30 18:00:00,4.473252366540249e-11
2030-03-30 19:00:00,3.642055394428702e-11
2030-03-30 20:00:00,3.4599634444132966e-11
2030-03-30 21:00:00,3.456315579476302e-11
2030-03-30 22:00:00,3.888493356604553e-11
2030-03-30 23:00:00,3.3657728107118025e-11
2030-03-31 00:00:00,2.5724999446650634e-11
2030-03-31 01:00:00,2.176571560290099e-11
2030-03-31 02:00:00,2.2563389817541718e-11
2030-03-31 03:00:00,2.5168586443203967e-11
2030-03-31 04:00:00,3.053696238067076e-11
2030-03-31 05:00:00,4.201160427815666e-11
2030-03-31 06:00:00,6.46644892696777e-11
2030-03-31 07:00:00,4.7419247983726574e-11
2030-03-31 08:00:00,4.048889883174407e-11
2030-03-31 09:00:00,3.549954764841443e-11
2030-03-31 10:00:00,4.611433266337807e-11
2030-03-31 11:00:00,1.5824529031359684e-11
2030-03-31 12:00:00,-1.6430727206679995e-12
2030-03-31 13:00:00,-5.6225209783266566e-12
2030-03-31 14:00:00,-1.1501412819053123e-12
2030-03-31 15:00:00,1.1507938216681338e-11
2030-03-31 16:00:00,3.9779233970667246e-11
2030-03-31 17:00:00,8.315023243245121e-11
2030-03-31 18:00:00,1.1814219506669032e-10
2030-03-31 19:00:00,1.2147427615265976e-10
2030-03-31 20:00:00,1.2751727966504052e-10
2030-03-31 21:00:00,1.31624254566028e-10
2030-03-31 22:00:00,1.35492532815503e-10
2030-03-31 23:00:00,1.1148573211873939e-10
2030-04-01 00:00:00,1.2919467183108709e-10
2030-04-01 01:00:00,1.1970738867390535e-10
2030-04-01 02:00:00,1.0958202462399696e-10
2030-04-01 03:00:00,9.709259149769558e-11
2030-04-01 04:00:00,9.852200154525073e-11
2030-04-01 05:00:00,1.2463120438351232e-10
2030-04-01 06:00:00,1.1155463726513956e-10
2030-04-01 07:00:00,5.732117994799541e-11
2030-04-01 08:00:00,2.458545902191337e-11
2030-04-01 09:00:00,1.1940983982006197e-11
2030-04-01 10:00:00,8.411152311579723e-12
2030-04-01 11:00:00,-1.3541488886289561e-11
2030-04-01 12:00:00,-2.428112674268239e-11
2030-04-01 13:00:00,-2.678428208030984e-11
2030-04-01 14:00:00,-2.1869464561734527e-11
2030-04-01 15:00:00,-3.288382293136271e-12
2030-04-01 16:00:00,2.909644726254496e-11
2030-04-01 17:00:00,1.0642427271546968e-10
2030-04-01 18:00:00,2.7349296822596626e-10
2030-04-01 19:00:00,8.497803380042628e-10
2030-04-01 20:00:00,45.41399999749777
2030-04-01 21:00:00,59.99999999659493
2030-04-01 22:00:00,59.99999999979588
2030-04-01 23:00:00,59.999999999965254
2030-04-02 00:00:00,60.000000000451465
2030-04-02 01:00:00,60.000000001320636
2030-04-02 02:00:00,60.0000000129443
2030-04-02 03:00:00,135.0889999599106
2030-04-02 04:00:00,135.08899999854833
2030-04-02 05:00:00,135.08899999965473
2030-04-02 06:00:00,135.08899966702592
2030-04-02 07:00:00,59.99999999619126
2030-04-02 08:00:00,2.8883576707278026e-10
2030-04-02 09:00:00,5.256428827296347e-11
2030-04-02 10:00:00,1.7435760776345428e-11
2030-04-02 11:00:00,-8.41866627506087e-13
2030-04-02 12:00:00,-8.624028647480992e-12
2030-04-02 13:00:00,-8.422421038903574e-12
2030-04-02 14:00:00,-3.498296961271074e-13
2030-04-02 15:00:00,3.332042183818418e-11
2030-04-02 16:00:00,1.2668523576845252e-10
2030-04-02 17:00:00,4.4510174708302717e-10
2030-04-02 18:00:00,7.504208928353456e-10
2030-04-02 19:00:00,4.957362025869398e-10
2030-04-02 20:00:00,3.436767604288475e-10
2030-04-02 21:00:00,2.765048872211009e-10
2030-04-02 22:00:00,1.7574211820516985e-10
2030-04-02 23:00:00,1.677390368439858e-10
2030-04-03 00:00:00,2.760380440823714e-10
2030-04-03 01:00:00,4.08362749757029e-10
2030-04-03 02:00:00,1.2017334398395304e-09
2030-04-03 03:00:00,45.41399999888894
2030-04-03 04:00:00,60.0000000000364
2030-04-03 05:00:00,135.08899998282232
2030-04-03 06:00:00,135.08899982772323
2030-04-03 07:00:00,59.99999999981904
2030-04-03 08:00:00,6.238807819961805e-09
2030-04-03 09:00:00,6.373399238256887e-10
2030-04-03 10:00:00,5.849941879108643e-10
2030-04-03 11:00:00,3.1002982545585506e-10
2030-04-03 12:00:00,2.873345654648375e-10
2030-04-03 13:00:00,4.615248360328727e-10
2030-04-03 14:00:00,3.3793308609482652e-09
2030-04-03 15:00:00,60.00000000081349
2030-04-03 16:00:00,135.08899999994387
2030-04-03 17:00:00,135.0890000036489
2030-04-03 18:00:00,2999.9999999993015
2030-04-03 19:00:00,2999.9999999990737
2030-04-03 20:00:00,2999.9999999960455
2030-04-03 21:00:00,135.0890001307756
2030-04-03 22:00:00,135.0890000025457
2030-04-03 23:00:00,135.08900000088468
2030-04-04 00:00:00,135.089000000505
2030-04-04 01:00:00,135.08900000065145
2030-04-04 02:00:00,135.0890000011881
2030-04-04 03:00:00,135.0890000276447
2030-04-04 04:00:00,2999.9999999985966
2030-04-04 05:00:00,2999.999999999614
2030-04-04 06:00:00,2999.999999994425
2030-04-04 07:00:00,135.08900000007685
2030-04-04 08:00:00,135.0889565301642
2030-04-04 09:00:00,60.000000001846296
2030-04-04 10:00:00,59.99999999891161
2030-04-04 11:00:00,4.551053847730845e-09
2030-04-04 12:00:00,1.3011204432904592e-09
2030-04-04 13:00:00,5.432920211345494e-09
2030-04-04 14:00:00,60.0000000002135
2030-04-04 15:00:00,135.08895652680414
2030-04-04 16:00:00,135.0889999999518
2030-04-04 17:00:00,135.0890000002432
2030-04-04 18:00:00,135.08900000016584
2030-04-04 19:00:00,135.08899999987605
2030-04-04 20:00:00,135.0889999891633
2030-04-04 21:00:00,114.3393295984449
2030-04-04 22:00:00,102.24883119468392
2030-04-04 23:00:00,60.00000000025338
2030-04-05 00:00:00,59.999999999739394
2030-04-05 01:00:00,59.99999999915559
2030-04-05 02:00:00,59.99999999839761
2030-04-05 03:00:00,59.9999999994094
2030-04-05 04:00:00,60.00000000074064
2030-04-05 05:00:00,102.24883119470054
2030-04-05 06:00:00,102.24883119499835
2030-04-05 07:00:00,60.0000000006598
2030-04-05 08:00:00,6.559122927642559e-09
2030-04-05 09:00:00,7.756255136633474e-10
2030-04-05 10:00:00,1.1046524165380443e-09
2030-04-05 11:00:00,1.9500729107987264e-09
2030-04-05 12:00:00,1.4536887695052537e-08
2030-04-05 13:00:00,59.9999999996733
2030-04-05 14:00:00,60.000000001496495
2030-04-05 15:00:00,135.08895652698348
2030-04-05 16:00:00,135.08899999977055
2030-04-05 17:00:00,135.0890000000665
2030-04-05 18:00:00,135.0890000001478
2030-04-05 19:00:00,135.08900000010755
2030-04-05 20:00:00,135.08900000007853
2030-04-05 21:00:00,135.08900000004567
2030-04-05 22:00:00,135.08900000000062
2030-04-05 23:00:00,135.088999999995
2030-04-06 00:00:00,135.08900000000176
2030-04-06 01:00:00,135.08900000002123
2030-04-06 02:00:00,135.0890000000433
2030-04-06 03:00:00,135.0890000001109
2030-04-06 04:00:00,135.08900000030997
2030-04-06 05:00:00,135.08900000162464
2030-04-06 06:00:00,135.08900000033864
2030-04-06 07:00:00,135.0890000000748
2030-04-06 08:00:00,135.0889999999138
2030-04-06 09:00:00,135.08899999956708
2030-04-06 10:00:00,135.08895653415593
2030-04-06 11:00:00,135.0889565248
2030-04-06 12:00:00,114.33932977707948
2030-04-06 13:00:00,135.08895652942985
2030-04-06 14:00:00,135.0889999996858
2030-04-06 15:00:00,135.08899999999244
2030-04-06 16:00:00,135.08900000022876
2030-04-06 17:00:00,2999.999999993918
2030-04-06 18:00:00,2999.999999999343
2030-04-06 19:00:00,2999.9999999989645
2030-04-06 20:00:00,2999.9999999980396
2030-04-06 21:00:00,2999.9999999846923
2030-04-06 22:00:00,2999.9999999928527
2030-04-06 23:00:00,305.826086959526
2030-04-07 00:00:00,135.08900000156166
2030-04-07 01:00:00,135.0890000010211
2030-04-07 02:00:00,135.0890000007117
2030-04-07 03:00:00,135.08900000055493
2030-04-07 04:00:00,135.08900000109924
2030-04-07 05:00:00,135.0890000665891
2030-04-07 06:00:00,135.0890000003999
2030-04-07 07:00:00,135.08900000008282
2030-04-07 08:00:00,135.0889999999036
2030-04-07 09:00:00,135.0889999988671
2030-04-07 10:00:00,135.0889565289452
2030-04-07 11:00:00,102.24883119680231
2030-04-07 12:00:00,60.00000000589459
2030-04-07 13:00:00,60.00000000063347
2030-04-07 14:00:00,60.000000005411884
2030-04-07 15:00:00,102.24883119753508
2030-04-07 16:00:00,135.08899999462474
2030-04-07 17:00:00,135.08899999990683
2030-04-07 18:00:00,135.08899999997277
2030-04-07 19:00:00,135.08899999989396
2030-04-07 20:00:00,135.0889999995818
2030-04-07 21:00:00,135.08899998621223
2030-04-07 22:00:00,135.08899224996318
2030-04-07 23:00:00,135.08895652820235
2030-04-08 00:00:00,114.33932959398413
2030-04-08 01:00:00,102.248831196954
2030-04-08 02:00:00,102.24883119669818
2030-04-08 03:00:00,102.24883119724325
2030-04-08 04:00:00,102.2488311977252
2030-04-08 05:00:00,114.33932952950583
2030-04-08 06:00:00,60.00000000093975
2030-04-08 07:00:00,7.821643937541704e-10
2030-04-08 08:00:00,1.5277335307870618e-10
2030-04-08 09:00:00,7.346145444691545e-11
2030-04-08 10:00:00,6.508160633723296e-11
2030-04-08 11:00:00,3.715581215487214e-11
2030-04-08 12:00:00,1.9719668494984568e-11
2030-04-08 13:00:00,1.1264201075011281e-11
2030-04-08 14:00:00,2.6349440487620908e-11
2030-04-08 15:00:00,9.309673858998956e-11
2030-04-08 16:00:00,9.477893316292693e-10
2030-04-08 17:00:00,114.3393296005385
2030-04-08 18:00:00,135.08899999983475
2030-04-08 19:00:00,135.08899999995398
2030-04-08 20:00:00,135.08899999999198
2030-04-08 21:00:00,135.08900000002396
2030-04-08 22:00:00,135.08899999999633
2030-04-08 23:00:00,135.08899999998255
2030-04-09 00:00:00,135.08900000005343
2030-04-09 01:00:00,135.08900000004587
2030-04-09 02:00:00,135.08900000006682
2030-04-09 03:00:00,135.0890000001637
2030-04-09 04:00:00,135.0890000012631
2030-04-09 05:00:00,2999.999999982811
2030-04-09 06:00:00,135.0890000010075
2030-04-09 07:00:00,135.08899999991323
2030-04-09 08:00:00,102.24883119217085
2030-04-09 09:00:00,2.686638142173074e-09
2030-04-09 10:00:00,8.095352342400026e-10
2030-04-09 11:00:00,1.0798147368092917e-09
2030-04-09 12:00:00,4.248977519359704e-09
2030-04-09 13:00:00,59.99999999820281
2030-04-09 14:00:00,60.000000000550905
2030-04-09 15:00:00,114.33932959886042
2030-04-09 16:00:00,135.08899999984433
2030-04-09 17:00:00,135.08900000054035
2030-04-09 18:00:00,2999.9999999985644
2030-04-09 19:00:00,135.0890000126425
2030-04-09 20:00:00,135.08900000013702
2030-04-09 21:00:00,135.08899999976248
2030-04-09 22:00:00,59.99999999950255
2030-04-09 23:00:00,5.466792106598254e-10
2030-04-10 00:00:00,2.1119349640498191e-10
2030-04-10 01:00:00,1.8088321218920704e-10
2030-04-10 02:00:00,1.8855417211591302e-10
2030-04-10 03:00:00,2.5352969001698297e-10
2030-04-10 04:00:00,4.236768695739158e-10
2030-04-10 05:00:00,6.406025588986606e-10
2030-04-10 06:00:00,3.7028114033463984e-10
2030-04-10 07:00:00,1.9948034788654436e-10
2030-04-10 08:00:00,1.6186505630077458e-10
2030-04-10 09:00:00,1.0345392899414798e-10
2030-04-10 10:00:00,1.147299896623447e-10
2030-04-10 11:00:00,7.796904865680758e-11
2030-04-10 12:00:00,6.947131699831526e-11
2030-04-10 13:00:00,7.926300172283329e-11
2030-04-10 14:00:00,1.0126544314449397e-10
2030-04-10 15:00:00,1.6933801994310448e-10
2030-04-10 16:00:00,4.4232355123040973e-10
2030-04-10 17:00:00,1.5248099778674834e-09
2030-04-10 18:00:00,1.0881637431664968e-09
2030-04-10 19:00:00,3.5710214976518307e-10
2030-04-10 20:00:00,1.7532096209735895e-10
2030-04-10 21:00:00,1.0878172058678778e-10
2030-04-10 22:00:00,6.105909642624921e-11
2030-04-10 23:00:00,5.178077585865674e-11
2030-04-11 00:00:00,4.2976632519836445e-11
2030-04-11 01:00:00,4.3834012411719645e-11
2030-04-11 02:00:00,4.721952433595721e-11
2030-04-11 03:00:00,5.555772397778246e-11
2030-04-11 04:00:00,8.775781181627405e-11
2030-04-11 05:00:00,1.1831792874930596e-10
2030-04-11 06:00:00,1.03658405007363e-10
2030-04-11 07:00:00,7.040923030496417e-11
2030-04-11 08:00:00,5.1928004784016473e-11
2030-04-11 09:00:00,3.415913299668621e-11
2030-04-11 10:00:00,3.9427887032706736e-11
2030-04-11 11:00:00,2.678355393207633e-11
2030-04-11 12:00:00,3.038086534324488e-11
2030-04-11 13:00:00,6.535322332650421e-11
2030-04-11 14:00:00,1.9927052151262767e-10
2030-04-11 15:00:00,2.0000519965689224e-09
2030-04-11 16:00:00,102.24883119613362
2030-04-11 17:00:00,135.0889999988698
2030-04-11 18:00:00,135.088999999671
2030-04-11 19:00:00,135.0889999988717
2030-04-11 20:00:00,135.08895652830319
2030-04-11 21:00:00,114.3393295953417
2030-04-11 22:00:00,114.33932960025085
2030-04-11 23:00:00,114.33932959774562
2030-04-12 00:00:00,114.33932959875814
2030-04-12 01:00:00,114.33932960472912
2030-04-12 02:00:00,135.0889565277293
2030-04-12 03:00:00,135.0889999957599
2030-04-12 04:00:00,135.08900000009194
2030-04-12 05:00:00,135.08900000012474
2030-04-12 06:00:00,135.0889999999076
2030-04-12 07:00:00,135.08895653828492
2030-04-12 08:00:00,135.08895652699292
2030-04-12 09:00:00,102.24883119658354
2030-04-12 10:00:00,102.24883119643115
2030-04-12 11:00:00,102.24883113307517
2030-04-12 12:00:00,86.54343856539411
2030-04-12 13:00:00,86.54343857349197
2030-04-12 14:00:00,102.24883119612907
2030-04-12 15:00:00,135.08895653125006
2030-04-12 16:00:00,135.08900000000574
2030-04-12 17:00:00,135.08900000575727
2030-04-12 18:00:00,2999.99999999964
2030-04-12 19:00:00,2999.9999999996267
2030-04-12 20:00:00,2999.9999999992256
2030-04-12 21:00:00,2999.999999985703
2030-04-12 22:00:00,2999.999999970877
2030-04-12 23:00:00,135.0890000867712
2030-04-13 00:00:00,135.08900000943208
2030-04-13 01:00:00,135.08900008043406
2030-04-13 02:00:00,135.089000096998
2030-04-13 03:00:00,2999.9999999979427
2030-04-13 04:00:00,2999.999999999734
2030-04-13 05:00:00,2999.9999999998095
2030-04-13 06:00:00,2999.9999999992156
2030-04-13 07:00:00,135.08900000016027
2030-04-13 08:00:00,135.0889999997274
2030-04-13 09:00:00,102.24883119951014
2030-04-13 10:00:00,60.00000000352584
2030-04-13 11:00:00,60.000000000114206
2030-04-13 12:00:00,59.99999999991681
2030-04-13 13:00:00,60.00000000140216
2030-04-13 14:00:00,102.24883120000342
2030-04-13 15:00:00,135.0889999997308
2030-04-13 16:00:00,135.08900000011405
2030-04-13 17:00:00,2999.99999999831
2030-04-13 18:00:00,2999.9999999997945
2030-04-13 19:00:00,2999.9999999997767
2030-04-13 20:00:00,2999.999999999653
2030-04-13 21:00:00,2999.9999999990637
2030-04-13 22:00:00,2999.9999999145384
2030-04-13 23:00:00,135.08900008628953
2030-04-14 00:00:00,135.0890000003348
2030-04-14 01:00:00,135.08900000037224
2030-04-14 02:00:00,135.08900000039213
2030-04-14 03:00:00,135.08900000061738
2030-04-14 04:00:00,135.08900001827945
2030-04-14 05:00:00,159.6042059792484
2030-04-14 06:00:00,135.08900000018374
2030-04-14 07:00:00,135.088999999813
2030-04-14 08:00:00,102.2488311964478
2030-04-14 09:00:00,1.0312530921988491e-08
2030-04-14 10:00:00,3.045611810620415e-10
2030-04-14 11:00:00,1.3322032166837435e-10
2030-04-14 12:00:00,1.3359313810807258e-10
2030-04-14 13:00:00,1.8389573399506684e-10
2030-04-14 14:00:00,5.019861481854882e-10
2030-04-14 15:00:00,59.99999999996735
2030-04-14 16:00:00,135.08895653660952
2030-04-14 17:00:00,135.08900000015305
2030-04-14 18:00:00,135.08900007061695
2030-04-14 19:00:00,135.08900004360785
2030-04-14 20:00:00,135.08900000163734
2030-04-14 21:00:00,135.08900000039938
2030-04-14 22:00:00,135.08900000021848
2030-04-14 23:00:00,135.08900000014503
2030-04-15 00:00:00,135.08900000012105
2030-04-15 01:00:00,135.08900000009515
2030-04-15 02:00:00,135.08900000008276
2030-04-15 03:00:00,135.08900000008566
2030-04-15 04:00:00,135.08900000012915
2030-04-15 05:00:00,135.089000000117
2030-04-15 06:00:00,135.08899999989495
2030-04-15 07:00:00,114.33932959781816
2030-04-15 08:00:00,59.999999998007745
2030-04-15 09:00:00,1.9822242042861583e-10
2030-04-15 10:00:00,8.376063187366691e-11
2030-04-15 11:00:00,5.7091479485781345e-11
2030-04-15 12:00:00,6.61312919135312e-11
2030-04-15 13:00:00,1.4421383708631834e-10
2030-04-15 14:00:00,1.0123150532345853e-09
2030-04-15 15:00:00,60.00000000075263
2030-04-15 16:00:00,135.08895652770465
2030-04-15 17:00:00,135.08899999991843
2030-04-15 18:00:00,135.08900000004135
2030-04-15 19:00:00,135.08899999978183
2030-04-15 20:00:00,135.08899999315273
2030-04-15 21:00:00,135.08895652722146
2030-04-15 22:00:00,114.33932960682985
2030-04-15 23:00:00,114.33932959880512
2030-04-16 00:00:00,135.08895652663156
2030-04-16 01:00:00,135.0889565269474
2030-04-16 02:00:00,135.0889565271326
2030-04-16 03:00:00,135.08899999673253
2030-04-16 04:00:00,135.08899999972144
2030-04-16 05:00:00,135.08899999989114
2030-04-16 06:00:00,135.08895653073316
2030-04-16 07:00:00,60.00000000102467
2030-04-16 08:00:00,45.41400001484712
2030-04-16 09:00:00,8.236537791971952e-10
2030-04-16 10:00:00,2.77178719557844e-10
2030-04-16 11:00:00,1.5947577245459553e-10
2030-04-16 12:00:00,1.55509980801473e-10
2030-04-16 13:00:00,1.823482048333815e-10
2030-04-16 14:00:00,2.1410231861554317e-10
2030-04-16 15:00:00,3.2957030149404103e-10
2030-04-16 16:00:00,1.2708275977055134e-09
2030-04-16 17:00:00,45.41400001320293
2030-04-16 18:00:00,45.414000023712006
2030-04-16 19:00:00,45.41400001360992
2030-04-16 20:00:00,45.41400000902195
2030-04-16 21:00:00,4.9631739211470845e-09
2030-04-16 22:00:00,8.27053945566107e-09
2030-04-16 23:00:00,4.5488840094665355e-09
2030-04-17 00:00:00,2.8713608850649668e-09
2030-04-17 01:00:00,1.680145493209791e-09
2030-04-17 02:00:00,3.4230641090913163e-09
2030-04-17 03:00:00,45.413999991453885
2030-04-17 04:00:00,45.414000017206725
2030-04-17 05:00:00,59.99999999954345
2030-04-17 06:00:00,45.41400001337348
2030-04-17 07:00:00,5.965308789771448e-10
2030-04-17 08:00:00,1.5577186771346147e-10
2030-04-17 09:00:00,9.616855834793615e-11
2030-04-17 10:00:00,1.3642914624835444e-10
2030-04-17 11:00:00,7.477486991365612e-11
2030-04-17 12:00:00,4.5079471209117126e-11
2030-04-17 13:00:00,4.15547755019394e-11
2030-04-17 14:00:00,6.757549505083912e-11
2030-04-17 15:00:00,1.664841097023456e-10
2030-04-17 16:00:00,1.276751661281958e-09
2030-04-17 17:00:00,60.00000000779317
2030-04-17 18:00:00,135.08899999984067
2030-04-17 19:00:00,135.08899999985965
2030-04-17 20:00:00,135.08899999978829
2030-04-17 21:00:00,135.08899999964822
2030-04-17 22:00:00,135.0889999991994
2030-04-17 23:00:00,135.08899999962998
2030-04-18 00:00:00,135.08899999972837
2030-04-18 01:00:00,135.08899999987992
2030-04-18 02:00:00,135.08899999996612
2030-04-18 03:00:00,135.0890000000549
2030-04-18 04:00:00,135.08900000028964
2030-04-18 05:00:00,135.0890000004384
2030-04-18 06:00:00,135.08899999994597
2030-04-18 07:00:00,60.00000000014094
2030-04-18 08:00:00,5.245347617978065e-10
2030-04-18 09:00:00,1.0721464496946008e-10
2030-04-18 10:00:00,1.1094258417030586e-10
2030-04-18 11:00:00,1.0322891662033772e-10
2030-04-18 12:00:00,1.1435542817835527e-10
2030-04-18 13:00:00,1.3993937538921003e-10
2030-04-18 14:00:00,2.453779150253847e-10
2030-04-18 15:00:00,1.4716565236413112e-09
2030-04-18 16:00:00,60.00000000027277
2030-04-18 17:00:00,135.08899999981344
2030-04-18 18:00:00,135.08899999998138
2030-04-18 19:00:00,135.08899999765745
2030-04-18 20:00:00,60.00000000029603
2030-04-18 21:00:00,45.41400001231203
2030-04-18 22:00:00,7.23846867806643e-10
2030-04-18 23:00:00,6.906531076618792e-10
2030-04-19 00:00:00,7.300327030554226e-10
2030-04-19 01:00:00,1.281105674396605e-09
2030-04-19 02:00:00,5.299965657532311e-09
2030-04-19 03:00:00,45.414000012476095
2030-04-19 04:00:00,60.00000000010828
2030-04-19 05:00:00,60.000000003995645
2030-04-19 06:00:00,59.999999999729475
2030-04-19 07:00:00,45.414000011268485
2030-04-19 08:00:00,5.41668635763154e-10
2030-04-19 09:00:00,1.743945770651855e-10
2030-04-19 10:00:00,1.4727883830647357e-10
2030-04-19 11:00:00,1.1774067357756808e-10
2030-04-19 12:00:00,1.0080479278487676e-10
2030-04-19 13:00:00,1.1618506392521779e-10
2030-04-19 14:00:00,2.1151216686152887e-10
2030-04-19 15:00:00,1.122588692443208e-09
2030-04-19 16:00:00,59.99999999962257
2030-04-19 17:00:00,60.0000000257699
2030-04-19 18:00:00,135.0889999991274
2030-04-19 19:00:00,60.000000003594955
2030-04-19 20:00:00,45.414000011852835
2030-04-19 21:00:00,6.964183689844256e-10
2030-04-19 22:00:00,2.6438063145376495e-10
2030-04-19 23:00:00,3.1476210233050704e-10
2030-04-20 00:00:00,2.9550453855027997e-10
2030-04-20 01:00:00,4.78284911884017e-10
2030-04-20 02:00:00,1.6537180815152337e-09
2030-04-20 03:00:00,45.414000011848294
2030-04-20 04:00:00,59.99999999998404
2030-04-20 05:00:00,60.00000000121675
2030-04-20 06:00:00,59.9999999942488
2030-04-20 07:00:00,1.1173014642035054e-09
2030-04-20 08:00:00,2.3036318074203035e-10
2030-04-20 09:00:00,9.293942694275497e-11
2030-04-20 10:00:00,6.551957175539632e-11
2030-04-20 11:00:00,4.993095777546544e-11
2030-04-20 12:00:00,5.788125102790653e-11
2030-04-20 13:00:00,1.049133675570686e-10
2030-04-20 14:00:00,3.3180502052146423e-10
2030-04-20 15:00:00,45.41400001107477
2030-04-20 16:00:00,60.00000001609737
2030-04-20 17:00:00,135.08899999998675
2030-04-20 18:00:00,135.0890000001487
2030-04-20 19:00:00,135.08900000005656
2030-04-20 20:00:00,135.08899999995737
2030-04-20 21:00:00,135.08899999984394
2030-04-20 22:00:00,135.08899999981804
2030-04-20 23:00:00,135.0889999997817
2030-04-21 00:00:00,135.08899999974065
2030-04-21 01:00:00,135.08899999989544
2030-04-21 02:00:00,135.0889999999638
2030-04-21 03:00:00,135.08900000000693
2030-04-21 04:00:00,135.08900000006753
2030-04-21 05:00:00,135.08900000001623
2030-04-21 06:00:00,135.08899999857243
2030-04-21 07:00:00,60.000000001584056
2030-04-21 08:00:00,1.8202208226236362e-09
2030-04-21 09:00:00,2.1360676521572334e-10
2030-04-21 10:00:00,1.0413263415177755e-10
2030-04-21 11:00:00,6.734219004407377e-11
2030-04-21 12:00:00,6.868132047587484e-11
2030-04-21 13:00:00,1.0383173088948809e-10
2030-04-21 14:00:00,2.8564920365432254e-10
2030-04-21 15:00:00,45.414000012261724
2030-04-21 16:00:00,60.00000002486056
2030-04-21 17:00:00,135.0889999999421
2030-04-21 18:00:00,135.08900000017132
2030-04-21 19:00:00,135.08900000011474
2030-04-21 20:00:00,135.08900000002478
2030-04-21 21:00:00,135.08899999990834
2030-04-21 22:00:00,135.08899999942082
2030-04-21 23:00:00,135.08899999419796
2030-04-22 00:00:00,79.27070947694406
2030-04-22 01:00:00,60.000000017695314
2030-04-22 02:00:00,60.00000001552134
2030-04-22 03:00:00,60.00000001448303
2030-04-22 04:00:00,60.000000008144866
2030-04-22 05:00:00,60.000000000112514
2030-04-22 06:00:00,5.373076290241261e-09
2030-04-22 07:00:00,3.2933365847623933e-10
2030-04-22 08:00:00,9.385768563011584e-11
2030-04-22 09:00:00,3.8356551579438924e-11
2030-04-22 10:00:00,3.0774211495732206e-11
2030-04-22 11:00:00,1.4002408379898876e-11
2030-04-22 12:00:00,9.956759399144146e-12
2030-04-22 13:00:00,2.1553845334809892e-11
2030-04-22 14:00:00,6.415079121836429e-11
2030-04-22 15:00:00,3.9860773148877554e-10
2030-04-22 16:00:00,60.000000000016044
2030-04-22 17:00:00,135.0889999998077
2030-04-22 18:00:00,135.08900000010456
2030-04-22 19:00:00,135.0890000000595
2030-04-22 20:00:00,135.08899999991152
2030-04-22 21:00:00,135.0889999994561
2030-04-22 22:00:00,60.00000001062082
2030-04-22 23:00:00,60.0000000152284
2030-04-23 00:00:00,60.00000001620213
2030-04-23 01:00:00,60.00000000144037
2030-04-23 02:00:00,60.000000016576784
2030-04-23 03:00:00,60.00000002363105
2030-04-23 04:00:00,135.08899999954892
2030-04-23 05:00:00,135.0889999997982
2030-04-23 06:00:00,60.000000016965075
2030-04-23 07:00:00,45.414000008317615
2030-04-23 08:00:00,1.0176461389375166e-09
2030-04-23 09:00:00,3.4012463510248306e-10
2030-04-23 10:00:00,1.5492536477980735e-10
2030-04-23 11:00:00,1.0579940335684451e-10
2030-04-23 12:00:00,1.0381308381619191e-10
2030-04-23 13:00:00,1.5490404077461386e-10
2030-04-23 14:00:00,3.228464045187484e-10
2030-04-23 15:00:00,2.49237994155932e-08
2030-04-23 16:00:00,59.999999996536474
2030-04-23 17:00:00,135.08899999992244
2030-04-23 18:00:00,135.08900000032992
2030-04-23 19:00:00,135.08900000012392
2030-04-23 20:00:00,135.08899999996532
2030-04-23 21:00:00,135.08899999890718
2030-04-23 22:00:00,60.00000003140789
2030-04-23 23:00:00,60.00000000379996
2030-04-24 00:00:00,60.000000002955716
2030-04-24 01:00:00,60.00000000994077
2030-04-24 02:00:00,60.00000001486793
2030-04-24 03:00:00,79.27070946745623
2030-04-24 04:00:00,135.08899999977487
2030-04-24 05:00:00,135.08899999986227
2030-04-24 06:00:00,79.27070945706669
2030-04-24 07:00:00,59.99999999929678
2030-04-24 08:00:00,8.006281996603164e-10
2030-04-24 09:00:00,1.710819303382783e-10
2030-04-24 10:00:00,1.0486586909138912e-10
2030-04-24 11:00:00,8.137704313854785e-11
2030-04-24 12:00:00,8.324658037321165e-11
2030-04-24 13:00:00,1.065390119068985e-10
2030-04-24 14:00:00,2.7915693399743496e-10
2030-04-24 15:00:00,45.414000011029195
2030-04-24 16:00:00,79.27070945924322
2030-04-24 17:00:00,135.08900000011815
2030-04-24 18:00:00,135.08900000173986
2030-04-24 19:00:00,135.0890000002619
2030-04-24 20:00:00,135.08900000000887
2030-04-24 21:00:00,135.0889999997245
2030-04-24 22:00:00,60.00000001410414
2030-04-24 23:00:00,60.00000001338284
2030-04-25 00:00:00,60.000000002108564
2030-04-25 01:00:00,60.00000000320496
2030-04-25 02:00:00,60.00000000539439
2030-04-25 03:00:00,60.00000001396547
2030-04-25 04:00:00,135.0889999992718
2030-04-25 05:00:00,135.08899999974827
2030-04-25 06:00:00,135.0889999818057
2030-04-25 07:00:00,59.99999999801201
2030-04-25 08:00:00,59.99999999945823
2030-04-25 09:00:00,45.414000006096565
2030-04-25 10:00:00,1.520061383086901e-08
2030-04-25 11:00:00,1.4756821027879484e-09
2030-04-25 12:00:00,9.813380276691146e-10
2030-04-25 13:00:00,1.013123893510876e-09
2030-04-25 14:00:00,1.627396005495476e-09
2030-04-25 15:00:00,1.3159525695079132e-07
2030-04-25 16:00:00,59.99999999985476
2030-04-25 17:00:00,60.00000001140742
2030-04-25 18:00:00,135.0889999996946
2030-04-25 19:00:00,135.08899999963896
2030-04-25 20:00:00,135.0889999852556
2030-04-25 21:00:00,60.00000000709092
2030-04-25 22:00:00,60.00000000636771
2030-04-25 23:00:00,59.99999999916057
2030-04-26 00:00:00,50.78400001088986
2030-04-26 01:00:00,45.41400001260431
2030-04-26 02:00:00,50.78399999830544
2030-04-26 03:00:00,59.99999999878325
2030-04-26 04:00:00,60.00000000167052
2030-04-26 05:00:00,60.000000003496325
2030-04-26 06:00:00,45.41400000363803
2030-04-26 07:00:00,4.59578911479856e-10
2030-04-26 08:00:00,1.5947285406148757e-10
2030-04-26 09:00:00,8.833918064469112e-11
2030-04-26 10:00:00,8.66310043218409e-11
2030-04-26 11:00:00,7.195779054421257e-11
2030-04-26 12:00:00,7.56260878702153e-11
2030-04-26 13:00:00,1.0831571859564859e-10
2030-04-26 14:00:00,1.9625137489644282e-10
2030-04-26 15:00:00,7.312277011886286e-10
2030-04-26 16:00:00,45.41400002117202
2030-04-26 17:00:00,60.00000000149993
2030-04-26 18:00:00,60.00000000220993
2030-04-26 19:00:00,60.00000000007651
2030-04-26 20:00:00,45.414000002807285
2030-04-26 21:00:00,1.5660746043226601e-09
2030-04-26 22:00:00,1.1425743815307335e-10
2030-04-26 23:00:00,7.681063279618643e-11
2030-04-27 00:00:00,4.520962271245598e-11
2030-04-27 01:00:00,3.945345023246522e-11
2030-04-27 02:00:00,3.8961101004915646e-11
2030-04-27 03:00:00,5.737948225600176e-11
2030-04-27 04:00:00,1.1522332901170165e-10
2030-04-27 05:00:00,1.8654936688873655e-10
2030-04-27 06:00:00,1.4757861272214038e-10
2030-04-27 07:00:00,8.827742090798883e-11
2030-04-27 08:00:00,7.103461359891847e-11
2030-04-27 09:00:00,5.0906876117379993e-11
2030-04-27 10:00:00,6.684008045810637e-11
2030-04-27 11:00:00,3.5986417350325196e-11
2030-04-27 12:00:00,2.1929929426021487e-11
2030-04-27 13:00:00,2.0910604073092207e-11
2030-04-27 14:00:00,4.501543930391001e-11
2030-04-27 15:00:00,1.0124848923950207e-10
2030-04-27 16:00:00,4.0348456803446317e-10
2030-04-27 17:00:00,45.41400000123657
2030-04-27 18:00:00,59.999999999952195
2030-04-27 19:00:00,59.99999999978211
2030-04-27 20:00:00,59.99999999369916
2030-04-27 21:00:00,45.414000001804524
2030-04-27 22:00:00,45.41400005316671
2030-04-27 23:00:00,45.414000001093115
2030-04-28 00:00:00,38.43840960335818
2030-04-28 01:00:00,38.43840960455855
2030-04-28 02:00:00,38.43840960409367
2030-04-28 03:00:00,45.41399999948951
2030-04-28 04:00:00,45.41400000200038
2030-04-28 05:00:00,45.4140000008644
2030-04-28 06:00:00,1.0022473882598073e-09
2030-04-28 07:00:00,2.39437952974766e-10
2030-04-28 08:00:00,6.845972180279132e-11
2030-04-28 09:00:00,2.2140280134319753e-11
2030-04-28 10:00:00,2.3006515777070623e-11
2030-04-28 11:00:00,1.8566581849486033e-11
2030-04-28 12:00:00,2.3992909068960217e-11
2030-04-28 13:00:00,4.9596000736952456e-11
2030-04-28 14:00:00,1.4511324073830304e-10
2030-04-28 15:00:00,1.4190344034453383e-09
2030-04-28 16:00:00,60.000000000248406
2030-04-28 17:00:00,135.08899999984706
2030-04-28 18:00:00,135.08900000011874
2030-04-28 19:00:00,135.08900000012733
2030-04-28 20:00:00,135.08900000005127
2030-04-28 21:00:00,135.0889999999756
2030-04-28 22:00:00,135.0889999999258
2030-04-28 23:00:00,135.08899999986286
2030-04-29 00:00:00,135.0889999997647
2030-04-29 01:00:00,135.08899999933192
2030-04-29 02:00:00,79.27070947013922
2030-04-29 03:00:00,60.00000000234534
2030-04-29 04:00:00,60.00000000076482
2030-04-29 05:00:00,59.999999983309195
2030-04-29 06:00:00,6.698818435533132e-10
2030-04-29 07:00:00,1.1880206736183602e-10
2030-04-29 08:00:00,4.5572619246926464e-11
2030-04-29 09:00:00,1.6751296747755343e-11
2030-04-29 10:00:00,5.323647260421304e-12
2030-04-29 11:00:00,-3.128765436861738e-12
2030-04-29 12:00:00,-7.671382330601829e-12
2030-04-29 13:00:00,-6.544598510034385e-12
2030-04-29 14:00:00,1.6169213154559924e-12
2030-04-29 15:00:00,3.922554612729868e-11
2030-04-29 16:00:00,1.983687503693221e-10
2030-04-29 17:00:00,7.783304245799348e-10
2030-04-29 18:00:00,1.104707043595126e-09
2030-04-29 19:00:00,2.0912464322238277e-10
2030-04-29 20:00:00,1.0317463796684605e-10
2030-04-29 21:00:00,6.997753910991768e-11
2030-04-29 22:00:00,3.3387900215070866e-11
2030-04-29 23:00:00,2.8526848864650285e-11
2030-04-30 00:00:00,4.6462078351776066e-11
2030-04-30 01:00:00,4.831257485314546e-11
2030-04-30 02:00:00,5.169488281581884e-11
2030-04-30 03:00:00,7.987393361264886e-11
2030-04-30 04:00:00,1.7718426941072832e-10
2030-04-30 05:00:00,2.425198025378696e-10
2030-04-30 06:00:00,1.5272446366876261e-10
2030-04-30 07:00:00,1.0070464600169151e-10
2030-04-30 08:00:00,8.581145628200226e-11
2030-04-30 09:00:00,7.204758541799119e-11
2030-04-30 10:00:00,7.958728009673465e-11
2030-04-30 11:00:00,5.196030851804951e-11
2030-04-30 12:00:00,4.4169152920318554e-11
2030-04-30 13:00:00,5.849826683810221e-11
2030-04-30 14:00:00,1.0220083732193363e-10
2030-04-30 15:00:00,2.9617127695574884e-10
2030-04-30 16:00:00,4.902489402940398e-09
2030-04-30 17:00:00,60.00000000007979
2030-04-30 18:00:00,60.00000000338854
2030-04-30 19:00:00,60.000000001697906
2030-04-30 20:00:00,60.00000000046638
2030-04-30 21:00:00,60.00000000004308
2030-04-30 22:00:00,60.000000000529376
2030-04-30 23:00:00,60.000000000209454
2030-05-01 00:00:00,59.99999999946393
2030-05-01 01:00:00,59.99999999982001
2030-05-01 02:00:00,60.00000000056977
2030-05-01 03:00:00,79.27070934506821
2030-05-01 04:00:00,135.08899999897912
2030-05-01 05:00:00,79.27070946690228
2030-05-01 06:00:00,60.00000000056113
2030-05-01 07:00:00,45.41399999666914
2030-05-01 08:00:00,2.497176146991466e-10
2030-05-01 09:00:00,5.791862397869552e-11
2030-05-01 10:00:00,3.3218364030565075e-11
2030-05-01 11:00:00,1.679843846964707e-11
2030-05-01 12:00:00,7.112143266580916e-12
2030-05-01 13:00:00,4.3272324331856765e-12
2030-05-01 14:00:00,1.0713823461780968e-11
2030-05-01 15:00:00,4.0453735949087174e-11
2030-05-01 16:00:00,1.5215451422734268e-10
2030-05-01 17:00:00,4.317132882197931e-10
2030-05-01 18:00:00,4.2909813655913967e-10
2030-05-01 19:00:00,1.6956076244628787e-10
2030-05-01 20:00:00,1.0885738105080464e-10
2030-05-01 21:00:00,7.598916890695246e-11
2030-05-01 22:00:00,1.1894909972601918e-10
2030-05-01 23:00:00,7.991098404837392e-11
2030-05-02 00:00:00,1.1841313146797127e-10
2030-05-02 01:00:00,1.246865652031045e-10
2030-05-02 02:00:00,1.5861482357324581e-10
2030-05-02 03:00:00,3.264492108724322e-10
2030-05-02 04:00:00,3.2802176097812756e-09
2030-05-02 05:00:00,2.5887901606806504e-08
2030-05-02 06:00:00,1.6324502289719265e-09
2030-05-02 07:00:00,3.9583233588710863e-10
2030-05-02 08:00:00,1.4152982519268466e-10
2030-05-02 09:00:00,6.871989577129442e-11
2030-05-02 10:00:00,4.8755636347107716e-11
2030-05-02 11:00:00,4.4810920244013666e-11
2030-05-02 12:00:00,5.394226457163747e-11
2030-05-02 13:00:00,8.938284077590595e-11
2030-05-02 14:00:00,2.1063608140724218e-10
2030-05-02 15:00:00,1.3947257572557484e-09
2030-05-02 16:00:00,59.99999999935681
2030-05-02 17:00:00,60.000000005265726
2030-05-02 18:00:00,79.27070943930434
2030-05-02 19:00:00,60.000000002621626
2030-05-02 20:00:00,60.00000000001512
2030-05-02 21:00:00,59.99999999029546
2030-05-02 22:00:00,45.41400000421108
2030-05-02 23:00:00,45.41400000222385
2030-05-03 00:00:00,45.41400000271645
2030-05-03 01:00:00,45.4140000028552
2030-05-03 02:00:00,45.414000003731495
2030-05-03 03:00:00,59.999999988871586
2030-05-03 04:00:00,60.00000000008208
2030-05-03 05:00:00,59.99999999785821
2030-05-03 06:00:00,59.999999998857604
2030-05-03 07:00:00,45.41399999389584
2030-05-03 08:00:00,4.5768451291633283e-10
2030-05-03 09:00:00,1.3054826768349235e-10
2030-05-03 10:00:00,7.183968360266217e-11
2030-05-03 11:00:00,5.191242673375074e-11
2030-05-03 12:00:00,4.6395222604651926e-11
2030-05-03 13:00:00,6.27184864125194e-11
2030-05-03 14:00:00,1.3089165804984943e-10
2030-05-03 15:00:00,4.045893399915215e-10
2030-05-03 16:00:00,45.41400000296387
2030-05-03 17:00:00,60.00000000863286
2030-05-03 18:00:00,135.0889999909042
2030-05-03 19:00:00,135.0889999910854
2030-05-03 20:00:00,135.08899999094788
2030-05-03 21:00:00,135.0889999913443
2030-05-03 22:00:00,135.08899999932675
2030-05-03 23:00:00,135.0889999992383
2030-05-04 00:00:00,135.08899999951652
2030-05-04 01:00:00,135.08899999974471
2030-05-04 02:00:00,135.08899999978877
2030-05-04 03:00:00,135.08899999988813
2030-05-04 04:00:00,135.08900000004078
2030-05-04 05:00:00,135.0890000000382
2030-05-04 06:00:00,135.08899999979863
2030-05-04 07:00:00,135.08899999084687
2030-05-04 08:00:00,60.00000000382692
2030-05-04 09:00:00,60.00000000051178
2030-05-04 10:00:00,59.99999999918233
2030-05-04 11:00:00,59.99999999865948
2030-05-04 12:00:00,59.99999999743592
2030-05-04 13:00:00,59.999999999312834
2030-05-04 14:00:00,60.000000005107374
2030-05-04 15:00:00,135.08899999195256
2030-05-04 16:00:00,135.08899999992136
2030-05-04 17:00:00,135.08900000046773
2030-05-04 18:00:00,2999.9999999989736
2030-05-04 19:00:00,2999.9999999991014
2030-05-04 20:00:00,2999.9999999923157
2030-05-04 21:00:00,135.08900000170354
2030-05-04 22:00:00,135.08900000023033
2030-05-04 23:00:00,135.08900000014864
2030-05-05 00:00:00,135.0890000000719
2030-05-05 01:00:00,135.0890000000483
2030-05-05 02:00:00,135.0890000000295
2030-05-05 03:00:00,135.08900000002234
2030-05-05 04:00:00,135.08900000005093
2030-05-05 05:00:00,135.0889999999023
2030-05-05 06:00:00,135.08899984236754
2030-05-05 07:00:00,59.99999999601127
2030-05-05 08:00:00,2.407933762756864e-10
2030-05-05 09:00:00,6.65939570790004e-11
2030-05-05 10:00:00,4.3770788624278026e-11
2030-05-05 11:00:00,3.8659575048704206e-11
2030-05-05 12:00:00,3.803250067203347e-11
2030-05-05 13:00:00,4.328198003528092e-11
2030-05-05 14:00:00,9.543943396206359e-11
2030-05-05 15:00:00,6.732724051459398e-10
2030-05-05 16:00:00,60.000000009080125
2030-05-05 17:00:00,135.088999999842
2030-05-05 18:00:00,135.08900000016163
2030-05-05 19:00:00,135.08900000020074
2030-05-05 20:00:00,135.08900000009493
2030-05-05 21:00:00,135.0890000000093
2030-05-05 22:00:00,135.08899999967915
2030-05-05 23:00:00,135.08899999971942
2030-05-06 00:00:00,135.08899999986588
2030-05-06 01:00:00,135.0889999998767
2030-05-06 02:00:00,135.0889999998552
2030-05-06 03:00:00,135.0889999998294
2030-05-06 04:00:00,135.08899999984123
2030-05-06 05:00:00,135.08899999926882
2030-05-06 06:00:00,135.08899999353596
2030-05-06 07:00:00,102.24886410876364
2030-05-06 08:00:00,102.24886409310609
2030-05-06 09:00:00,60.00000000077599
2030-05-06 10:00:00,59.99999999806837
2030-05-06 11:00:00,59.99999999481477
2030-05-06 12:00:00,1.2590421417434943e-08
2030-05-06 13:00:00,2.9021813990960954e-08
2030-05-06 14:00:00,59.99999999882933
2030-05-06 15:00:00,79.27070946299709
2030-05-06 16:00:00,135.08899999368728
2030-05-06 17:00:00,135.0889999999149
2030-05-06 18:00:00,135.08900000010044
2030-05-06 19:00:00,135.08900000012562
2030-05-06 20:00:00,135.08900000009817
2030-05-06 21:00:00,135.08900000007503
2030-05-06 22:00:00,135.08900000006858
2030-05-06 23:00:00,135.08900000003803
2030-05-07 00:00:00,135.08900000012287
2030-05-07 01:00:00,135.08900000017127
2030-05-07 02:00:00,135.08900000025213
2030-05-07 03:00:00,135.089000000487
2030-05-07 04:00:00,159.60420604737112
2030-05-07 05:00:00,2999.9999997742116
2030-05-07 06:00:00,135.08900000215598
2030-05-07 07:00:00,135.0890000001464
2030-05-07 08:00:00,135.0890000000423
2030-05-07 09:00:00,135.08899999997038
2030-05-07 10:00:00,135.0889999998635
2030-05-07 11:00:00,135.08899999942838
2030-05-07 12:00:00,135.08899999465578
2030-05-07 13:00:00,135.08899999619393
2030-05-07 14:00:00,135.08899999968187
2030-05-07 15:00:00,135.08899999994887
2030-05-07 16:00:00,135.08900000010334
2030-05-07 17:00:00,135.0890000017711
2030-05-07 18:00:00,2999.99999999853
2030-05-07 19:00:00,2999.999999998324
2030-05-07 20:00:00,2999.999999978672
2030-05-07 21:00:00,135.08900000276643
2030-05-07 22:00:00,135.08900000156493
2030-05-07 23:00:00,135.08900000049616
2030-05-08 00:00:00,135.08900000054328
2030-05-08 01:00:00,135.08900000105623
2030-05-08 02:00:00,135.0890000061439
2030-05-08 03:00:00,2999.9999999904667
2030-05-08 04:00:00,2999.9999999995907
2030-05-08 05:00:00,2999.999999999558
2030-05-08 06:00:00,135.08900004410594
2030-05-08 07:00:00,135.08900000013057
2030-05-08 08:00:00,135.08899999993247
2030-05-08 09:00:00,135.08899999962378
2030-05-08 10:00:00,135.08899999411312
2030-05-08 11:00:00,135.0889999915443
2030-05-08 12:00:00,135.08899998146865
2030-05-08 13:00:00,135.0889999801089
2030-05-08 14:00:00,135.08899999401459
2030-05-08 15:00:00,135.08899999989256
2030-05-08 16:00:00,135.08900000017
2030-05-08 17:00:00,2999.9999999970173
2030-05-08 18:00:00,2999.999999999744
2030-05-08 19:00:00,2999.999999999693
2030-05-08 20:00:00,2999.999999997717
2030-05-08 21:00:00,135.08900000057068
2030-05-08 22:00:00,135.08900000014796
2030-05-08 23:00:00,135.08900000003595
2030-05-09 00:00:00,135.08899999998417
2030-05-09 01:00:00,135.08899999993017
2030-05-09 02:00:00,135.08899999989532
2030-05-09 03:00:00,135.0889999998817
2030-05-09 04:00:00,135.0889999999758
2030-05-09 05:00:00,135.08899999978465
2030-05-09 06:00:00,60.00000000036646
2030-05-09 07:00:00,1.4304231897978417e-09
2030-05-09 08:00:00,1.6675221243879623e-10
2030-05-09 09:00:00,6.109365534227047e-11
2030-05-09 10:00:00,6.416301245301102e-11
2030-05-09 11:00:00,5.04497214687646e-11
2030-05-09 12:00:00,6.161286221488743e-11
2030-05-09 13:00:00,1.5333649973225273e-10
2030-05-09 14:00:00,5.023106292133887e-10
2030-05-09 15:00:00,9.78472334049932e-09
2030-05-09 16:00:00,59.99999999987162
2030-05-09 17:00:00,135.08899999952723
2030-05-09 18:00:00,135.0889999998277
2030-05-09 19:00:00,79.2707094904773
2030-05-09 20:00:00,4.137280546403919e-08
2030-05-09 21:00:00,9.577621130376323e-09
2030-05-09 22:00:00,5.436450410072007e-09
2030-05-09 23:00:00,1.0736557695625887e-09
2030-05-10 00:00:00,2.7510836071127237e-10
2030-05-10 01:00:00,2.3403378092317177e-10
2030-05-10 02:00:00,2.2938063678153934e-10
2030-05-10 03:00:00,2.648299578688308e-10
2030-05-10 04:00:00,2.965492760061998e-10
2030-05-10 05:00:00,2.803048185907497e-10
2030-05-10 06:00:00,1.7261193355019963e-10
2030-05-10 07:00:00,1.1412704051182663e-10
2030-05-10 08:00:00,6.310077951765659e-11
2030-05-10 09:00:00,4.650012344187321e-11
2030-05-10 10:00:00,8.212407998344202e-11
2030-05-10 11:00:00,5.220714185472117e-11
2030-05-10 12:00:00,3.8756751681508235e-11
2030-05-10 13:00:00,5.1902041071626324e-11
2030-05-10 14:00:00,9.854933018721532e-11
2030-05-10 15:00:00,4.190461728292346e-10
2030-05-10 16:00:00,8.551441479172357e-09
2030-05-10 17:00:00,60.00000000085131
2030-05-10 18:00:00,135.08899999986315
2030-05-10 19:00:00,135.08899999994196
2030-05-10 20:00:00,135.08899999985874
2030-05-10 21:00:00,135.0889999995738
2030-05-10 22:00:00,60.00000000150045
2030-05-10 23:00:00,59.99999999988265
2030-05-11 00:00:00,70.8884688081743
2030-05-11 01:00:00,70.88846880944948
2030-05-11 02:00:00,60.00000000703671
2030-05-11 03:00:00,60.0000000009789
2030-05-11 04:00:00,60.00000000781018
2030-05-11 05:00:00,60.00000000768475
2030-05-11 06:00:00,5.214887200815979e-09
2030-05-11 07:00:00,2.419909683479837e-10
2030-05-11 08:00:00,8.599526005627464e-11
2030-05-11 09:00:00,4.114169848913212e-11
2030-05-11 10:00:00,3.8473164795036337e-11
2030-05-11 11:00:00,2.2806107098671123e-11
2030-05-11 12:00:00,2.0398536029422385e-11
2030-05-11 13:00:00,2.487028285566792e-11
2030-05-11 14:00:00,3.5193757907077084e-11
2030-05-11 15:00:00,7.10127833687184e-11
2030-05-11 16:00:00,1.6194167493017735e-10
2030-05-11 17:00:00,5.070991940504416e-10
2030-05-11 18:00:00,2.301177539091365e-09
2030-05-11 19:00:00,1.1208120271203607e-09
2030-05-11 20:00:00,3.4451977742116044e-10
2030-05-11 21:00:00,1.5364811502740466e-10
2030-05-11 22:00:00,5.6319055313557387e-11
2030-05-11 23:00:00,4.081724858440179e-11
2030-05-12 00:00:00,3.759788778752788e-11
2030-05-12 01:00:00,3.537034135007448e-11
2030-05-12 02:00:00,4.154355700910886e-11
2030-05-12 03:00:00,6.211753864611336e-11
2030-05-12 04:00:00,9.049729887433666e-11
2030-05-12 05:00:00,9.592273113992869e-11
2030-05-12 06:00:00,7.66679860290155e-11
2030-05-12 07:00:00,4.5825650895235134e-11
2030-05-12 08:00:00,1.3775932360743062e-11
2030-05-12 09:00:00,-3.677244470312581e-12
2030-05-12 10:00:00,-1.6116695591869238e-12
2030-05-12 11:00:00,-1.2010821256844874e-11
2030-05-12 12:00:00,-1.5579554599649386e-11
2030-05-12 13:00:00,-1.0663848141654825e-11
2030-05-12 14:00:00,2.2613630166451928e-12
2030-05-12 15:00:00,4.330203326621921e-11
2030-05-12 16:00:00,1.60857339616062e-10
2030-05-12 17:00:00,4.008665055008307e-10
2030-05-12 18:00:00,5.136332601939458e-10
2030-05-12 19:00:00,3.394417978637192e-10
2030-05-12 20:00:00,2.390040139321482e-10
2030-05-12 21:00:00,2.0530706195116533e-10
2030-05-12 22:00:00,3.4767140379746577e-10
2030-05-12 23:00:00,3.813215557499452e-10
2030-05-13 00:00:00,4.180007302130757e-10
2030-05-13 01:00:00,3.5693155083480557e-10
2030-05-13 02:00:00,3.760609760751631e-10
2030-05-13 03:00:00,3.828612467449091e-10
2030-05-13 04:00:00,3.588104654572545e-10
2030-05-13 05:00:00,2.4579809240470306e-10
2030-05-13 06:00:00,1.4940461184495106e-10
2030-05-13 07:00:00,7.851188798592141e-11
2030-05-13 08:00:00,2.5359894851442964e-11
2030-05-13 09:00:00,-7.501860949359985e-13
2030-05-13 10:00:00,-1.5529044174591656e-12
2030-05-13 11:00:00,-1.437945839274855e-11
2030-05-13 12:00:00,-2.136760101577651e-11
2030-05-13 13:00:00,-2.315751486253824e-11
2030-05-13 14:00:00,-2.1452832512773444e-11
2030-05-13 15:00:00,-9.637617872238064e-12
2030-05-13 16:00:00,2.6332808161201236e-11
2030-05-13 17:00:00,1.2365870497662996e-10
2030-05-13 18:00:00,6.87436200108653e-10
2030-05-13 19:00:00,2.962481772511814e-09
2030-05-13 20:00:00,6.723095005555312e-09
2030-05-13 21:00:00,8.254176636558527e-09
2030-05-13 22:00:00,1.1150789830116287e-08
2030-05-13 23:00:00,1.0002869192790549e-07
2030-05-14 00:00:00,59.999999999902684
2030-05-14 01:00:00,60.00000003260377
2030-05-14 02:00:00,79.27070945930647
2030-05-14 03:00:00,135.08899999942633
2030-05-14 04:00:00,135.0889999999189
2030-05-14 05:00:00,135.08899999966454
2030-05-14 06:00:00,59.99999999996468
2030-05-14 07:00:00,7.826547587079795e-09
2030-05-14 08:00:00,2.0141383518678997e-09
2030-05-14 09:00:00,4.292417030799336e-10
2030-05-14 10:00:00,2.976104009947528e-10
2030-05-14 11:00:00,1.8389764336722065e-10
2030-05-14 12:00:00,1.3696439727092774e-10
2030-05-14 13:00:00,1.8568465004508668e-10
2030-05-14 14:00:00,4.2456515480221195e-10
2030-05-14 15:00:00,6.744155382011529e-09
2030-05-14 16:00:00,59.9999999999158
2030-05-14 17:00:00,135.08899999986605
2030-05-14 18:00:00,135.0890000001701
2030-05-14 19:00:00,135.0890000003012
2030-05-14 20:00:00,135.0890000001109
2030-05-14 21:00:00,135.08899999998846
2030-05-14 22:00:00,135.0889999998564
2030-05-14 23:00:00,135.08899999947616
2030-05-15 00:00:00,135.0889999980642
2030-05-15 01:00:00,79.27070945924456
2030-05-15 02:00:00,67.09472848064895
2030-05-15 03:00:00,67.09472848007807
2030-05-15 04:00:00,79.27070945678516
2030-05-15 05:00:00,60.00000003483814
2030-05-15 06:00:00,7.93899988953494e-09
2030-05-15 07:00:00,3.915792621880201e-10
2030-05-15 08:00:00,8.639361612109466e-11
2030-05-15 09:00:00,4.437064171928361e-11
2030-05-15 10:00:00,3.80021150560362e-11
2030-05-15 11:00:00,3.262228859977172e-11
2030-05-15 12:00:00,3.1019227451962193e-11
2030-05-15 13:00:00,4.488187447763186e-11
2030-05-15 14:00:00,1.169992700179537e-10
2030-05-15 15:00:00,1.27185816647535e-09
2030-05-15 16:00:00,60.00000000018026
2030-05-15 17:00:00,135.0890000001259
2030-05-15 18:00:00,2999.9999999913584
2030-05-15 19:00:00,2999.999999992373
2030-05-15 20:00:00,135.08900000034336
2030-05-15 21:00:00,135.0889999999933
2030-05-15 22:00:00,135.08899999857988
2030-05-15 23:00:00,114.33932959764081
2030-05-16 00:00:00,114.33932960342591
2030-05-16 01:00:00,135.0889999987765
2030-05-16 02:00:00,135.08899999958638
2030-05-16 03:00:00,135.08899999979917
2030-05-16 04:00:00,135.0889999999134
2030-05-16 05:00:00,135.08899999950924
2030-05-16 06:00:00,59.99999999909471
2030-05-16 07:00:00,7.532612480998976e-09
2030-05-16 08:00:00,4.6500100061504586e-10
2030-05-16 09:00:00,1.4420552878769402e-10
2030-05-16 10:00:00,1.1660481874989492e-10
2030-05-16 11:00:00,8.297579695296147e-11
2030-05-16 12:00:00,7.6724208529062e-11
2030-05-16 13:00:00,9.116522031190004e-11
2030-05-16 14:00:00,1.4628106579340365e-10
2030-05-16 15:00:00,4.301511127121329e-10
2030-05-16 16:00:00,7.391659563626445e-09
2030-05-16 17:00:00,60.00000001890001
2030-05-16 18:00:00,135.0889999986201
2030-05-16 19:00:00,135.08899999929992
2030-05-16 20:00:00,135.08899997822317
2030-05-16 21:00:00,59.999999985355764
2030-05-16 22:00:00,59.999999999743544
2030-05-16 23:00:00,59.99999999967205
2030-05-17 00:00:00,59.99999999896237
2030-05-17 01:00:00,59.99999999305193
2030-05-17 02:00:00,50.78400001003211
2030-05-17 03:00:00,50.78400000993479
2030-05-17 04:00:00,59.9999999984334
2030-05-17 05:00:00,8.922352759838597e-09
2030-05-17 06:00:00,4.558218168283075e-10
2030-05-17 07:00:00,1.3982795795734565e-10
2030-05-17 08:00:00,6.96044398413275e-11
2030-05-17 09:00:00,3.4668292651134e-11
2030-05-17 10:00:00,4.3767583904688834e-11
2030-05-17 11:00:00,2.0628070934679397e-11
2030-05-17 12:00:00,3.8349315648613335e-12
2030-05-17 13:00:00,-2.3652822581550213e-13
2030-05-17 14:00:00,4.076037777579096e-13
2030-05-17 15:00:00,1.1308432733692411e-11
2030-05-17 16:00:00,3.892181406637947e-11
2030-05-17 17:00:00,1.0818319261286242e-10
2030-05-17 18:00:00,4.4662072008867847e-10
2030-05-17 19:00:00,2.1726395645193647e-09
2030-05-17 20:00:00,5.900678694079087e-09
2030-05-17 21:00:00,6.5647669807168364e-09
2030-05-17 22:00:00,5.963611526139966e-09
2030-05-17 23:00:00,6.132403239279662e-09
2030-05-18 00:00:00,5.7777112805228276e-09
2030-05-18 01:00:00,6.179810821448319e-09
2030-05-18 02:00:00,6.650487521660626e-09
2030-05-18 03:00:00,7.839107110155847e-09
2030-05-18 04:00:00,1.3225856090920757e-08
2030-05-18 05:00:00,8.830141623570924e-09
2030-05-18 06:00:00,1.1355617129816529e-09
2030-05-18 07:00:00,1.774041070597089e-10
2030-05-18 08:00:00,6.064232307148282e-11
2030-05-18 09:00:00,3.583701809607685e-11
2030-05-18 10:00:00,4.57402401164258e-11
2030-05-18 11:00:00,4.07332349703718e-11
2030-05-18 12:00:00,3.9531694485190466e-11
2030-05-18 13:00:00,4.9146503380804315e-11
2030-05-18 14:00:00,9.955641206984076e-11
2030-05-18 15:00:00,3.6298952243011037e-10
2030-05-18 16:00:00,6.417664597313819e-09
2030-05-18 17:00:00,60.0000001487384
2030-05-18 18:00:00,135.088999999894
2030-05-18 19:00:00,135.08899999985965
2030-05-18 20:00:00,135.08899999374822
2030-05-18 21:00:00,59.99999999986005
2030-05-18 22:00:00,9.384132400838638e-09
2030-05-18 23:00:00,7.440153337233646e-09
2030-05-19 00:00:00,5.3543403188731915e-09
2030-05-19 01:00:00,4.740156958324578e-09
2030-05-19 02:00:00,3.1929193359161226e-09
2030-05-19 03:00:00,2.881947767853391e-09
2030-05-19 04:00:00,2.8766939972496525e-09
2030-05-19 05:00:00,7.302301517254362e-10
2030-05-19 06:00:00,2.395333117428174e-10
2030-05-19 07:00:00,1.2297371439167912e-10
2030-05-19 08:00:00,7.290815026507472e-11
2030-05-19 09:00:00,3.396884948500364e-11
2030-05-19 10:00:00,2.265809067534993e-11
2030-05-19 11:00:00,7.105157904337026e-12
2030-05-19 12:00:00,4.0874741740491516e-12
2030-05-19 13:00:00,1.349778266755991e-11
2030-05-19 14:00:00,4.199453901877244e-11
2030-05-19 15:00:00,1.450280666172103e-10
2030-05-19 16:00:00,9.042334574697517e-10
2030-05-19 17:00:00,1.1577945921276337e-08
2030-05-19 18:00:00,60.000000003095536
2030-05-19 19:00:00,59.99999999897062
2030-05-19 20:00:00,2.7602164596126393e-08
2030-05-19 21:00:00,1.014601365290188e-08
2030-05-19 22:00:00,8.182630775506046e-09
2030-05-19 23:00:00,8.649530589243288e-09
2030-05-20 00:00:00,8.816461064332754e-09
2030-05-20 01:00:00,59.9999999741397
2030-05-20 02:00:00,59.99999999959832
2030-05-20 03:00:00,60.00000000022528
2030-05-20 04:00:00,60.00000000128723
2030-05-20 05:00:00,59.999999999809226
2030-05-20 06:00:00,8.26274964147546e-09
2030-05-20 07:00:00,1.0493963039014542e-09
2030-05-20 08:00:00,1.2359882097862992e-10
2030-05-20 09:00:00,4.1066235380643726e-11
2030-05-20 10:00:00,1.680534556035232e-11
2030-05-20 11:00:00,1.0542089859613234e-11
2030-05-20 12:00:00,9.74177368171208e-12
2030-05-20 13:00:00,1.9179013002421465e-11
2030-05-20 14:00:00,6.009350693844746e-11
2030-05-20 15:00:00,4.2961511113647745e-10
2030-05-20 16:00:00,1.1440169804480007e-08
2030-05-20 17:00:00,135.088999999656
2030-05-20 18:00:00,135.08900000001987
2030-05-20 19:00:00,135.0889999999925
2030-05-20 20:00:00,135.08899999968364
2030-05-20 21:00:00,79.27070966362602
2030-05-20 22:00:00,60.000000001116845
2030-05-20 23:00:00,59.99999997079874
2030-05-21 00:00:00,60.00000002084285
2030-05-21 01:00:00,135.08899999596258
2030-05-21 02:00:00,135.08899999943864
2030-05-21 03:00:00,135.08899999974608
2030-05-21 04:00:00,135.08899999975154
2030-05-21 05:00:00,79.27070945876775
2030-05-21 06:00:00,1.7155011214597558e-08
2030-05-21 07:00:00,1.3160058776007235e-09
2030-05-21 08:00:00,9.820543877641187e-11
2030-05-21 09:00:00,3.27713034614391e-11
2030-05-21 10:00:00,1.3013017365554189e-11
2030-05-21 11:00:00,6.887175575108584e-12
2030-05-21 12:00:00,5.4407200068774234e-12
2030-05-21 13:00:00,1.0329140556866053e-11
2030-05-21 14:00:00,3.4994292428296204e-11
2030-05-21 15:00:00,1.2974017916794107e-10
2030-05-21 16:00:00,1.1597714082375543e-09
2030-05-21 17:00:00,7.956746383395688e-09
2030-05-21 18:00:00,1.2875845364305822e-08
2030-05-21 19:00:00,8.13343299934531e-09
2030-05-21 20:00:00,5.559104948830969e-09
2030-05-21 21:00:00,1.9812968614573837e-09
2030-05-21 22:00:00,1.852931541315878e-09
2030-05-21 23:00:00,1.5569107767295664e-09
2030-05-22 00:00:00,5.7092255584389495e-09
2030-05-22 01:00:00,6.319718398129122e-09
2030-05-22 02:00:00,7.310685034750775e-09
2030-05-22 03:00:00,8.710972777649407e-09
2030-05-22 04:00:00,1.6370020298604366e-08
2030-05-22 05:00:00,8.291268344092557e-09
2030-05-22 06:00:00,4.853807178103011e-09
2030-05-22 07:00:00,7.790684558313249e-10
2030-05-22 08:00:00,2.136255565231327e-10
2030-05-22 09:00:00,9.203806842393422e-11
2030-05-22 10:00:00,5.740047350665773e-11
2030-05-22 11:00:00,4.0020966551472044e-11
2030-05-22 12:00:00,3.925598314405768e-11
2030-05-22 13:00:00,5.090597542199047e-11
2030-05-22 14:00:00,8.919934748283466e-11
2030-05-22 15:00:00,2.2599060216323462e-10
2030-05-22 16:00:00,7.926619760797712e-10
2030-05-22 17:00:00,4.614091060422159e-09
2030-05-22 18:00:00,6.003911947597264e-09
2030-05-22 19:00:00,5.18971031388382e-09
2030-05-22 20:00:00,9.011088363763614e-10
2030-05-22 21:00:00,3.7192202796695657e-10
2030-05-22 22:00:00,3.8776784245885857e-10
2030-05-22 23:00:00,5.632619117087372e-10
2030-05-23 00:00:00,1.1928691726628727e-09
2030-05-23 01:00:00,3.334513074497977e-09
2030-05-23 02:00:00,5.16669657311146e-09
2030-05-23 03:00:00,6.142380405863571e-09
2030-05-23 04:00:00,8.343217891822627e-09
2030-05-23 05:00:00,7.962642341871337e-09
2030-05-23 06:00:00,5.441357929724306e-09
2030-05-23 07:00:00,1.0691782003538067e-09
2030-05-23 08:00:00,2.3444140728145163e-10
2030-05-23 09:00:00,8.82635064194544e-11
2030-05-23 10:00:00,5.33695768437993e-11
2030-05-23 11:00:00,5.16536938372032e-11
2030-05-23 12:00:00,6.329997822271177e-11
2030-05-23 13:00:00,1.0939383499547159e-10
2030-05-23 14:00:00,2.386077675773758e-10
2030-05-23 15:00:00,1.1110455690934093e-09
2030-05-23 16:00:00,9.041961004065953e-09
2030-05-23 17:00:00,60.00000000059736
2030-05-23 18:00:00,60.000000007290375
2030-05-23 19:00:00,60.00000000126872
2030-05-23 20:00:00,59.999999998454335
2030-05-23 21:00:00,2.4245114645296046e-08
2030-05-23 22:00:00,7.958761455636488e-09
2030-05-23 23:00:00,8.97766484176352e-09
2030-05-24 00:00:00,1.4609632781161592e-08
2030-05-24 01:00:00,59.999999988924536
2030-05-24 02:00:00,59.999999999151676
2030-05-24 03:00:00,59.99999999994137
2030-05-24 04:00:00,59.99999999667403
2030-05-24 05:00:00,60.00000001513975
2030-05-24 06:00:00,7.90872105443046e-09
2030-05-24 07:00:00,1.597038183463561e-09
2030-05-24 08:00:00,2.3084340016687278e-10
2030-05-24 09:00:00,9.060862374526662e-11
2030-05-24 10:00:00,5.3812446885749985e-11
2030-05-24 11:00:00,4.385321709847487e-11
2030-05-24 12:00:00,3.783669658155631e-11
2030-05-24 13:00:00,4.4485349153508323e-11
2030-05-24 14:00:00,7.115822536399984e-11
2030-05-24 15:00:00,1.6199612284953644e-10
2030-05-24 16:00:00,4.3659026563568363e-10
2030-05-24 17:00:00,2.2548318038162196e-09
2030-05-24 18:00:00,5.595230837887293e-09
2030-05-24 19:00:00,5.464506903601683e-09
2030-05-24 20:00:00,1.851885309633488e-09
2030-05-24 21:00:00,7.04189806011623e-10
2030-05-24 22:00:00,3.2656039138385087e-10
2030-05-24 23:00:00,2.602124436594218e-10
2030-05-25 00:00:00,3.532710921447938e-10
2030-05-25 01:00:00,6.672796122308266e-10
2030-05-25 02:00:00,1.2904281533482355e-09
2030-05-25 03:00:00,2.7056611405006164e-09
2030-05-25 04:00:00,5.0588316742551666e-09
2030-05-25 05:00:00,2.2545144890705073e-09
2030-05-25 06:00:00,6.961521821526715e-10
2030-05-25 07:00:00,2.9083866921544346e-10
2030-05-25 08:00:00,9.375838553771831e-11
2030-05-25 09:00:00,3.541789495181518e-11
2030-05-25 10:00:00,1.6264404052023495e-11
2030-05-25 11:00:00,8.079447436357661e-12
2030-05-25 12:00:00,8.543133986517282e-12
2030-05-25 13:00:00,1.3916325655166291e-11
2030-05-25 14:00:00,2.4611626932772933e-11
2030-05-25 15:00:00,5.934182281370796e-11
2030-05-25 16:00:00,1.2875008392889526e-10
2030-05-25 17:00:00,3.9977404400480854e-10
2030-05-25 18:00:00,9.588040528568032e-10
2030-05-25 19:00:00,7.039169406001843e-10
2030-05-25 20:00:00,2.293408151442826e-10
2030-05-25 21:00:00,1.5198596442449625e-10
2030-05-25 22:00:00,8.207816322419396e-11
2030-05-25 23:00:00,9.697064080199863e-11
2030-05-26 00:00:00,1.418971849566709e-10
2030-05-26 01:00:00,2.877994450039238e-10
2030-05-26 02:00:00,1.0006201745367353e-09
2030-05-26 03:00:00,2.9031706675464846e-09
2030-05-26 04:00:00,4.769812707905415e-09
2030-05-26 05:00:00,1.9089565801735033e-09
2030-05-26 06:00:00,4.4187791406516477e-10
2030-05-26 07:00:00,1.4201962527216949e-10
2030-05-26 08:00:00,3.385427665503782e-11
2030-05-26 09:00:00,2.9118573819675262e-12
2030-05-26 10:00:00,-4.831713940117518e-12
2030-05-26 11:00:00,-1.1806513342952577e-11
2030-05-26 12:00:00,-1.6012062280964916e-11
2030-05-26 13:00:00,-1.7231043842462014e-11
2030-05-26 14:00:00,-1.3708248835134284e-11
2030-05-26 15:00:00,3.008061092323447e-12
2030-05-26 16:00:00,5.996198009789186e-11
2030-05-26 17:00:00,3.3112866231317925e-10
2030-05-26 18:00:00,3.836170271315426e-09
2030-05-26 19:00:00,4.738539633790251e-09
2030-05-26 20:00:00,1.020680596177612e-09
2030-05-26 21:00:00,3.87166975787774e-10
2030-05-26 22:00:00,1.491403533868789e-10
2030-05-26 23:00:00,1.9338319550820103e-10
2030-05-27 00:00:00,3.939770876360762e-10
2030-05-27 01:00:00,1.892044869457945e-09
2030-05-27 02:00:00,5.57436842019208e-09
2030-05-27 03:00:00,7.388401487565401e-09
2030-05-27 04:00:00,8.215730159159577e-09
2030-05-27 05:00:00,6.385556782155149e-09
2030-05-27 06:00:00,1.0922720447039784e-09
2030-05-27 07:00:00,1.6467164665973273e-10
2030-05-27 08:00:00,3.609117382556068e-11
2030-05-27 09:00:00,7.081823111854066e-12
2030-05-27 10:00:00,-4.721706807634904e-13
2030-05-27 11:00:00,-6.2278447978090415e-12
2030-05-27 12:00:00,-8.54283779317755e-12
2030-05-27 13:00:00,-5.454266995754889e-12
2030-05-27 14:00:00,5.8898597432469265e-12
2030-05-27 15:00:00,4.852530719100386e-11
2030-05-27 16:00:00,4.038160136527309e-10
2030-05-27 17:00:00,60.000000000166416
2030-05-27 18:00:00,135.08899999935807
2030-05-27 19:00:00,135.08899999969503
2030-05-27 20:00:00,79.27070947561285
2030-05-27 21:00:00,79.2707094663978
2030-05-27 22:00:00,59.999999983705415
2030-05-27 23:00:00,60.00000001902561
2030-05-28 00:00:00,79.27070946780054
2030-05-28 01:00:00,135.08899999911904
2030-05-28 02:00:00,135.08899999985425
2030-05-28 03:00:00,135.08900000001793
2030-05-28 04:00:00,135.08900000016115
2030-05-28 05:00:00,135.08900000008757
2030-05-28 06:00:00,135.08899999983421
2030-05-28 07:00:00,79.27070946334364
2030-05-28 08:00:00,59.99999999629939
2030-05-28 09:00:00,5.326456038885943e-10
2030-05-28 10:00:00,1.571008327092146e-10
2030-05-28 11:00:00,1.2187674252659087e-10
2030-05-28 12:00:00,1.5217591665161735e-10
2030-05-28 13:00:00,4.541747060766968e-10
2030-05-28 14:00:00,59.99999999381325
2030-05-28 15:00:00,60.000000005058425
2030-05-28 16:00:00,135.08899999981674
2030-05-28 17:00:00,135.08900000024406
2030-05-28 18:00:00,2999.999999966961
2030-05-28 19:00:00,2999.999999999128
2030-05-28 20:00:00,2999.9999999627066
2030-05-28 21:00:00,135.08900000219163
2030-05-28 22:00:00,135.08900000041888
2030-05-28 23:00:00,135.0890000003124
2030-05-29 00:00:00,135.0890000002539
2030-05-29 01:00:00,135.0890000002609
2030-05-29 02:00:00,135.08900000027404
2030-05-29 03:00:00,135.08900000035982
2030-05-29 04:00:00,135.08900000070003
2030-05-29 05:00:00,135.0890000001589
2030-05-29 06:00:00,135.08899999975083
2030-05-29 07:00:00,60.0000000001495
2030-05-29 08:00:00,2.117901216646408e-09
2030-05-29 09:00:00,2.2884669861779182e-10
2030-05-29 10:00:00,1.8745118185997402e-10
2030-05-29 11:00:00,1.8277207532537855e-10
2030-05-29 12:00:00,1.7595607656741117e-10
2030-05-29 13:00:00,2.3033963643608685e-10
2030-05-29 14:00:00,3.9262568336188773e-10
2030-05-29 15:00:00,1.1604706951822003e-09
2030-05-29 16:00:00,59.999999998423334
2030-05-29 17:00:00,79.27070946857701
2030-05-29 18:00:00,135.08899999981685
2030-05-29 19:00:00,135.08899999995066
2030-05-29 20:00:00,135.08899999982242
2030-05-29 21:00:00,135.0889999991591
2030-05-29 22:00:00,79.2707094690639
2030-05-29 23:00:00,79.27070946900112
2030-05-30 00:00:00,79.27070946803182
2030-05-30 01:00:00,60.00000000032817
2030-05-30 02:00:00,60.00000000007594
2030-05-30 03:00:00,59.99999999976825
2030-05-30 04:00:00,59.999999997221565
2030-05-30 05:00:00,59.99999999861023
2030-05-30 06:00:00,3.75576975029671e-09
2030-05-30 07:00:00,3.726806249530085e-10
2030-05-30 08:00:00,1.1832072499382001e-10
2030-05-30 09:00:00,4.9650432829479834e-11
2030-05-30 10:00:00,4.6048654127851954e-11
2030-05-30 11:00:00,2.755016408241246e-11
2030-05-30 12:00:00,1.6000060349335542e-11
2030-05-30 13:00:00,1.7424344938268284e-11
2030-05-30 14:00:00,3.9846792656875995e-11
2030-05-30 15:00:00,1.3236975007251598e-10
2030-05-30 16:00:00,2.533610627437463e-09
2030-05-30 17:00:00,79.27070946877207
2030-05-30 18:00:00,135.0890000000484
2030-05-30 19:00:00,135.08900000037391
2030-05-30 20:00:00,135.08900000025832
2030-05-30 21:00:00,135.08900000017726
2030-05-30 22:00:00,135.08900000013264
2030-05-30 23:00:00,135.08900000012514
2030-05-31 00:00:00,135.08900000013713
2030-05-31 01:00:00,135.08900000013705
2030-05-31 02:00:00,135.08900000012946
2030-05-31 03:00:00,135.08900000015956
2030-05-31 04:00:00,135.08900000021717
2030-05-31 05:00:00,135.08900000004658
2030-05-31 06:00:00,135.08899999925782
2030-05-31 07:00:00,60.00000000022089
2030-05-31 08:00:00,4.964313237125123e-09
2030-05-31 09:00:00,3.7444788769315e-10
2030-05-31 10:00:00,2.6094975298197405e-10
2030-05-31 11:00:00,1.4364538836598985e-10
2030-05-31 12:00:00,1.3559481346647248e-10
2030-05-31 13:00:00,2.178282843885067e-10
2030-05-31 14:00:00,4.850655092219323e-10
2030-05-31 15:00:00,9.63591849092565e-09
2030-05-31 16:00:00,59.999999995028965
2030-05-31 17:00:00,135.0889999995838
2030-05-31 18:00:00,135.089000000114
2030-05-31 19:00:00,135.08900000219896
2030-05-31 20:00:00,135.08900000186242
2030-05-31 21:00:00,135.08900000065057
2030-05-31 22:00:00,135.08900000031431
2030-05-31 23:00:00,135.08900000019386
2030-06-01 00:00:00,135.08900000011775
2030-06-01 01:00:00,135.08900000008865
2030-06-01 02:00:00,135.08900000007384
2030-06-01 03:00:00,135.08900000011195
2030-06-01 04:00:00,135.08900000025073
2030-06-01 05:00:00,135.0890000001444
2030-06-01 06:00:00,135.08899999995538
2030-06-01 07:00:00,135.08899997704444
2030-06-01 08:00:00,60.00000000406716
2030-06-01 09:00:00,59.99999999760391
2030-06-01 10:00:00,5.819801023403413e-08
2030-06-01 11:00:00,4.916506435590556e-09
2030-06-01 12:00:00,3.241325158042253e-09
2030-06-01 13:00:00,5.929172271589247e-08
2030-06-01 14:00:00,59.99999998467224
2030-06-01 15:00:00,79.27070946885854
2030-06-01 16:00:00,135.08899999924319
2030-06-01 17:00:00,135.08899999982958
2030-06-01 18:00:00,135.08899999966303
2030-06-01 19:00:00,79.27070947067054
2030-06-01 20:00:00,60.000000000121595
2030-06-01 21:00:00,3.2576828141296967e-08
2030-06-01 22:00:00,1.0147665466035306e-09
2030-06-01 23:00:00,3.0202084542624296e-10
2030-06-02 00:00:00,1.5434166919326016e-10
2030-06-02 01:00:00,1.419923079860828e-10
2030-06-02 02:00:00,1.315308723437077e-10
2030-06-02 03:00:00,1.234940697246478e-10
2030-06-02 04:00:00,1.393966261213487e-10
2030-06-02 05:00:00,1.4129617589458005e-10
2030-06-02 06:00:00,1.0017253609496245e-10
2030-06-02 07:00:00,6.490590521141226e-11
2030-06-02 08:00:00,3.553113356976912e-11
2030-06-02 09:00:00,1.330957719550495e-11
2030-06-02 10:00:00,1.3924600770920862e-11
2030-06-02 11:00:00,2.4639924921427775e-12
2030-06-02 12:00:00,-1.1777385423858894e-11
2030-06-02 13:00:00,-1.4352402801041173e-11
2030-06-02 14:00:00,-9.656651236458323e-12
2030-06-02 15:00:00,5.916284177125081e-12
2030-06-02 16:00:00,4.694916980212263e-11
2030-06-02 17:00:00,1.5237846764672643e-10
2030-06-02 18:00:00,6.140604620492753e-10
2030-06-02 19:00:00,1.1899486048952938e-08
2030-06-02 20:00:00,59.99999999033782
2030-06-02 21:00:00,59.999999991809624
2030-06-02 22:00:00,59.999999993466034
2030-06-02 23:00:00,59.99999999556369
2030-06-03 00:00:00,59.9999999964798
2030-06-03 01:00:00,59.99999999743783
2030-06-03 02:00:00,59.999999999389644
2030-06-03 03:00:00,59.9999999993312
2030-06-03 04:00:00,59.9999999987404
2030-06-03 05:00:00,59.99999997779195
2030-06-03 06:00:00,4.4825541774382365e-10
2030-06-03 07:00:00,1.5463138783118258e-10
2030-06-03 08:00:00,7.650731297975064e-11
2030-06-03 09:00:00,5.361969977911752e-11
2030-06-03 10:00:00,6.607966341718566e-11
2030-06-03 11:00:00,4.0915155119628024e-11
2030-06-03 12:00:00,3.232720131864663e-11
2030-06-03 13:00:00,2.910273945843207e-11
2030-06-03 14:00:00,4.530270664936112e-11
2030-06-03 15:00:00,1.0898324737931643e-10
2030-06-03 16:00:00,4.306179126006632e-10
2030-06-03 17:00:00,60.00000000008132
2030-06-03 18:00:00,79.27070947002795
2030-06-03 19:00:00,135.0889999994977
2030-06-03 20:00:00,135.0889999996216
2030-06-03 21:00:00,135.08899999913325
2030-06-03 22:00:00,135.0889999986079
2030-06-03 23:00:00,135.08899996950586
2030-06-04 00:00:00,135.0889999993697
2030-06-04 01:00:00,135.08899999963444
2030-06-04 02:00:00,135.08899999982816
2030-06-04 03:00:00,135.08899999992025
2030-06-04 04:00:00,135.0889999999938
2030-06-04 05:00:00,135.08899999992707
2030-06-04 06:00:00,135.08899999953874
2030-06-04 07:00:00,79.27070947223112
2030-06-04 08:00:00,79.27070942206647
2030-06-04 09:00:00,60.00000000075881
2030-06-04 10:00:00,60.00000000108486
2030-06-04 11:00:00,60.000000000244036
2030-06-04 12:00:00,60.000000000224745
2030-06-04 13:00:00,60.00000000058773
2030-06-04 14:00:00,60.00000000013924
2030-06-04 15:00:00,60.00000000090303
2030-06-04 16:00:00,79.2707094671929
2030-06-04 17:00:00,79.2707094740901
2030-06-04 18:00:00,135.08899999910622
2030-06-04 19:00:00,135.0889999993166
2030-06-04 20:00:00,135.08899999931143
2030-06-04 21:00:00,135.08899999885753
2030-06-04 22:00:00,135.08899999917654
2030-06-04 23:00:00,135.08899999954983
2030-06-05 00:00:00,135.08899999979164
2030-06-05 01:00:00,135.08899999986235
2030-06-05 02:00:00,135.08899999993835
2030-06-05 03:00:00,135.08900000002328
2030-06-05 04:00:00,135.08900000017613
2030-06-05 05:00:00,135.08900000017718
2030-06-05 06:00:00,135.08900000002325
2030-06-05 07:00:00,135.0889999997626
2030-06-05 08:00:00,79.27070947277369
2030-06-05 09:00:00,60.000000001658414
2030-06-05 10:00:00,60.000000000361204
2030-06-05 11:00:00,59.999999994163865
2030-06-05 12:00:00,59.99999999785815
2030-06-05 13:00:00,59.999999982835185
2030-06-05 14:00:00,4.575342154472511e-09
2030-06-05 15:00:00,60.00000001291711
2030-06-05 16:00:00,60.00000000049247
2030-06-05 17:00:00,79.27070946282264
2030-06-05 18:00:00,79.27070946817257
2030-06-05 19:00:00,79.27070946007319
2030-06-05 20:00:00,60.000000000026205
2030-06-05 21:00:00,59.999999864311455
2030-06-05 22:00:00,50.78400001687264
2030-06-05 23:00:00,50.78399999511413
2030-06-06 00:00:00,50.78399999496833
2030-06-06 01:00:00,50.78399999436128
2030-06-06 02:00:00,59.999999960009134
2030-06-06 03:00:00,59.99999999829561
2030-06-06 04:00:00,60.00000000003127
2030-06-06 05:00:00,60.00000001779429
2030-06-06 06:00:00,1.6777106719291683e-08
2030-06-06 07:00:00,4.856122940888109e-10
2030-06-06 08:00:00,2.3089796463198241e-10
2030-06-06 09:00:00,1.8603149059941751e-10
2030-06-06 10:00:00,3.5147398092674356e-10
2030-06-06 11:00:00,4.5258372193106485e-10
2030-06-06 12:00:00,4.705502132265951e-10
2030-06-06 13:00:00,5.572274899768848e-10
2030-06-06 14:00:00,8.906077997472651e-10
2030-06-06 15:00:00,60.00000029525203
2030-06-06 16:00:00,60.00000001185256
2030-06-06 17:00:00,135.08899999991087
2030-06-06 18:00:00,135.0890000002922
2030-06-06 19:00:00,135.0890000099324
2030-06-06 20:00:00,135.08900000123455
2030-06-06 21:00:00,135.08900000020267
2030-06-06 22:00:00,135.0889999999914
2030-06-06 23:00:00,135.08899999990012
2030-06-07 00:00:00,135.08899999986366
2030-06-07 01:00:00,135.08899999981003
2030-06-07 02:00:00,135.08899999975358
2030-06-07 03:00:00,135.08899999981074
2030-06-07 04:00:00,135.08899999990783
2030-06-07 05:00:00,135.0889999997415
2030-06-07 06:00:00,135.08899999195742
2030-06-07 07:00:00,79.2707094720155
2030-06-07 08:00:00,60.00000000049646
2030-06-07 09:00:00,59.99999999945869
2030-06-07 10:00:00,59.99999995913796
2030-06-07 11:00:00,60.00000000648402
2030-06-07 12:00:00,59.99999989175913
2030-06-07 13:00:00,60.00000002825835
2030-06-07 14:00:00,59.999999957624844
2030-06-07 15:00:00,60.00000000062748
2030-06-07 16:00:00,60.00000000114203
2030-06-07 17:00:00,135.08899999034097
2030-06-07 18:00:00,135.0889999999233
2030-06-07 19:00:00,135.0890000000325
2030-06-07 20:00:00,135.08900000000185
2030-06-07 21:00:00,135.08899999991613
2030-06-07 22:00:00,135.08899999991147
2030-06-07 23:00:00,135.08899999992067
2030-06-08 00:00:00,135.0889999998369
2030-06-08 01:00:00,135.08899999980517
2030-06-08 02:00:00,135.08899999983035
2030-06-08 03:00:00,135.08899999991075
2030-06-08 04:00:00,135.08900000001415
2030-06-08 05:00:00,135.0889999999919
2030-06-08 06:00:00,135.0889999998012
2030-06-08 07:00:00,135.08899999581772
2030-06-08 08:00:00,79.27070947319096
2030-06-08 09:00:00,60.00000002029052
2030-06-08 10:00:00,60.00000000015928
2030-06-08 11:00:00,59.999999995282096
2030-06-08 12:00:00,59.99999999289887
2030-06-08 13:00:00,59.999999998237485
2030-06-08 14:00:00,59.99999997998265
2030-06-08 15:00:00,79.27070947300399
2030-06-08 16:00:00,135.08899999986517
2030-06-08 17:00:00,135.08900000009385
2030-06-08 18:00:00,135.08900000008236
2030-06-08 19:00:00,135.08899999988938
2030-06-08 20:00:00,79.27070947054607
2030-06-08 21:00:00,59.999999998762526
2030-06-08 22:00:00,59.99999999917738
2030-06-08 23:00:00,3.350178263870937e-09
2030-06-09 00:00:00,6.939276170856202e-10
2030-06-09 01:00:00,6.052938499143964e-10
2030-06-09 02:00:00,9.190351989735494e-10
2030-06-09 03:00:00,1.030942507970677e-09
2030-06-09 04:00:00,2.3713656289490873e-09
2030-06-09 05:00:00,1.945893387967125e-09
2030-06-09 06:00:00,3.7597977032924455e-10
2030-06-09 07:00:00,1.2909003160867846e-10
2030-06-09 08:00:00,5.146332561905119e-11
2030-06-09 09:00:00,2.736200893824281e-11
2030-06-09 10:00:00,7.573756732181553e-11
2030-06-09 11:00:00,4.412130510691803e-11
2030-06-09 12:00:00,2.901819779397777e-11
2030-06-09 13:00:00,2.753126535969076e-11
2030-06-09 14:00:00,3.0264002628315825e-11
2030-06-09 15:00:00,4.0013755664462633e-11
2030-06-09 16:00:00,1.0368913553737546e-10
2030-06-09 17:00:00,3.6644410656884214e-10
2030-06-09 18:00:00,4.598852999423019e-09
2030-06-09 19:00:00,59.99999999983372
2030-06-09 20:00:00,59.99999999979799
2030-06-09 21:00:00,59.999999999906656
2030-06-09 22:00:00,6.466425780234201e-10
2030-06-09 23:00:00,6.482623419208777e-10
2030-06-10 00:00:00,6.273181450988698e-10
2030-06-10 01:00:00,6.332097263476634e-10
2030-06-10 02:00:00,7.178495269804944e-10
2030-06-10 03:00:00,5.015108007336394e-10
2030-06-10 04:00:00,3.4914675226906517e-10
2030-06-10 05:00:00,1.9495625735987213e-10
2030-06-10 06:00:00,7.194621177079663e-11
2030-06-10 07:00:00,1.2499882678029898e-11
2030-06-10 08:00:00,-9.303532401892376e-12
2030-06-10 09:00:00,-2.279649219643361e-11
2030-06-10 10:00:00,-1.8381461464416137e-11
2030-06-10 11:00:00,-2.5860962047049388e-11
2030-06-10 12:00:00,-3.0645636859527026e-11
2030-06-10 13:00:00,-3.0474505176676585e-11
2030-06-10 14:00:00,-2.415619527070494e-11
2030-06-10 15:00:00,-5.664472454416535e-12
2030-06-10 16:00:00,4.5007445602626434e-11
2030-06-10 17:00:00,3.578802543453366e-10
2030-06-10 18:00:00,60.000000000032806
2030-06-10 19:00:00,79.27070947345152
2030-06-10 20:00:00,79.27070947570975
2030-06-10 21:00:00,79.27070947524615
2030-06-10 22:00:00,79.27070947356607
2030-06-10 23:00:00,79.27070946649346
2030-06-11 00:00:00,79.27070947303054
2030-06-11 01:00:00,79.27070947214081
2030-06-11 02:00:00,79.27070946632455
2030-06-11 03:00:00,79.2707094724983
2030-06-11 04:00:00,79.27070947433614
2030-06-11 05:00:00,79.27070947316014
2030-06-11 06:00:00,60.00000000136929
2030-06-11 07:00:00,60.00000000439528
2030-06-11 08:00:00,7.188762417649711e-10
2030-06-11 09:00:00,3.1514012853863094e-10
2030-06-11 10:00:00,6.123698736562194e-10
2030-06-11 11:00:00,8.195551582662571e-10
2030-06-11 12:00:00,2.1228676658601892e-09
2030-06-11 13:00:00,2.7631154315260962e-08
2030-06-11 14:00:00,60.0000000010485
2030-06-11 15:00:00,79.27070947581134
2030-06-11 16:00:00,135.08899999992448
2030-06-11 17:00:00,135.08900000021134
2030-06-11 18:00:00,2999.999999998017
2030-06-11 19:00:00,2999.9999999996853
2030-06-11 20:00:00,2999.9999999994993
2030-06-11 21:00:00,2999.999999996865
2030-06-11 22:00:00,135.08900000862968
2030-06-11 23:00:00,135.08900000096767
2030-06-12 00:00:00,135.0890000007558
2030-06-12 01:00:00,135.0890000008029
2030-06-12 02:00:00,135.08900000115398
2030-06-12 03:00:00,135.08900000870565
2030-06-12 04:00:00,159.60420603645682
2030-06-12 05:00:00,135.08900000069605
2030-06-12 06:00:00,135.08900000005295
2030-06-12 07:00:00,135.08899999967224
2030-06-12 08:00:00,79.27070947460767
2030-06-12 09:00:00,60.0000000024524
2030-06-12 10:00:00,60.000000000604715
2030-06-12 11:00:00,60.00000000379699
2030-06-12 12:00:00,59.99999999924084
2030-06-12 13:00:00,59.99999999980221
2030-06-12 14:00:00,60.00000000179824
2030-06-12 15:00:00,79.27070947569733
2030-06-12 16:00:00,135.0889999996872
2030-06-12 17:00:00,135.08900000011448
2030-06-12 18:00:00,135.08900000375672
2030-06-12 19:00:00,2999.999999997152
2030-06-12 20:00:00,135.089000059974
2030-06-12 21:00:00,135.08900000100772
2030-06-12 22:00:00,135.08900000042442
2030-06-12 23:00:00,135.08900000029152
2030-06-13 00:00:00,135.0890000002266
2030-06-13 01:00:00,135.0890000002133
2030-06-13 02:00:00,135.08900000023525
2030-06-13 03:00:00,135.08900000041513
2030-06-13 04:00:00,135.08900001018378
2030-06-13 05:00:00,135.08900000061584
2030-06-13 06:00:00,135.08900000004766
2030-06-13 07:00:00,135.088999999476
2030-06-13 08:00:00,79.27070947547483
2030-06-13 09:00:00,60.00000000389434
2030-06-13 10:00:00,60.00000000317505
2030-06-13 11:00:00,60.00000000251218
2030-06-13 12:00:00,60.00000000154707
2030-06-13 13:00:00,60.00000000085082
2030-06-13 14:00:00,60.00000000545741
2030-06-13 15:00:00,79.2707094762247
2030-06-13 16:00:00,135.0889999994691
2030-06-13 17:00:00,135.08899999995631
2030-06-13 18:00:00,135.08900000003504
2030-06-13 19:00:00,135.08900000007495
2030-06-13 20:00:00,135.08900000000503
2030-06-13 21:00:00,135.08899999988805
2030-06-13 22:00:00,135.08899999948952
2030-06-13 23:00:00,135.08899999957788
2030-06-14 00:00:00,135.0889999995939
2030-06-14 01:00:00,135.0889999990046
2030-06-14 02:00:00,135.088999992372
2030-06-14 03:00:00,135.08899999896346
2030-06-14 04:00:00,135.08899999981776
2030-06-14 05:00:00,135.08899999979624
2030-06-14 06:00:00,135.08899999945774
2030-06-14 07:00:00,79.27070947826007
2030-06-14 08:00:00,79.27070947485157
2030-06-14 09:00:00,60.00000000221305
2030-06-14 10:00:00,60.00000000033143
2030-06-14 11:00:00,60.00000000141916
2030-06-14 12:00:00,1.789415551548149e-08
2030-06-14 13:00:00,5.031310450987698e-09
2030-06-14 14:00:00,1.344394905575389e-08
2030-06-14 15:00:00,59.99999999837694
2030-06-14 16:00:00,60.00000000204755
2030-06-14 17:00:00,79.27070947670083
2030-06-14 18:00:00,135.08899999988284
2030-06-14 19:00:00,135.08900000004041
2030-06-14 20:00:00,135.08900000000483
2030-06-14 21:00:00,135.08899999996612
2030-06-14 22:00:00,135.08899999994284
2030-06-14 23:00:00,135.0889999999331
2030-06-15 00:00:00,135.0889999999309
2030-06-15 01:00:00,135.08899999996171
2030-06-15 02:00:00,135.0889999999933
2030-06-15 03:00:00,135.0890000000796
2030-06-15 04:00:00,135.08900000029192
2030-06-15 05:00:00,135.08900000022018
2030-06-15 06:00:00,135.08900000001358
2030-06-15 07:00:00,135.0889999997224
2030-06-15 08:00:00,79.27070947706387
2030-06-15 09:00:00,60.00000000718025
2030-06-15 10:00:00,59.999999998129425
2030-06-15 11:00:00,9.881975034421957e-09
2030-06-15 12:00:00,1.9198144585994106e-09
2030-06-15 13:00:00,1.5466056207338153e-09
2030-06-15 14:00:00,59.999999998078955
2030-06-15 15:00:00,60.00000000059416
2030-06-15 16:00:00,135.0889999994661
2030-06-15 17:00:00,135.0890000001173
2030-06-15 18:00:00,2999.9999999752195
2030-06-15 19:00:00,2999.999999999455
2030-06-15 20:00:00,2999.999999993253
2030-06-15 21:00:00,135.08900000077836
2030-06-15 22:00:00,135.08900000022842
2030-06-15 23:00:00,135.08900000010553
2030-06-16 00:00:00,135.0890000000208
2030-06-16 01:00:00,135.08899999999971
2030-06-16 02:00:00,135.0889999999774
2030-06-16 03:00:00,135.08899999994225
2030-06-16 04:00:00,135.08899999975839
2030-06-16 05:00:00,79.27070947389176
2030-06-16 06:00:00,59.99999999972192
2030-06-16 07:00:00,6.73331201091235e-10
2030-06-16 08:00:00,1.8534084003023192e-10
2030-06-16 09:00:00,9.010901390767995e-11
2030-06-16 10:00:00,1.0663476597899276e-10
2030-06-16 11:00:00,1.0340341237872863e-10
2030-06-16 12:00:00,1.0690109539748317e-10
2030-06-16 13:00:00,1.1958283436036442e-10
2030-06-16 14:00:00,1.3135811487517537e-10
2030-06-16 15:00:00,2.0486101056586206e-10
2030-06-16 16:00:00,4.5830008308789325e-10
2030-06-16 17:00:00,4.370999065172766e-09
2030-06-16 18:00:00,60.00000000011803
2030-06-16 19:00:00,60.000000002174716
2030-06-16 20:00:00,60.00000000151118
2030-06-16 21:00:00,60.00000000035032
2030-06-16 22:00:00,60.00000000008927
2030-06-16 23:00:00,60.000000000141135
2030-06-17 00:00:00,60.00000000059742
2030-06-17 01:00:00,60.000000001348056
2030-06-17 02:00:00,60.00000000232513
2030-06-17 03:00:00,60.00000000417095
2030-06-17 04:00:00,60.000000000214754
2030-06-17 05:00:00,1.2112918090483988e-08
2030-06-17 06:00:00,5.674201743080929e-10
2030-06-17 07:00:00,1.8913078483339655e-10
2030-06-17 08:00:00,8.59654622012247e-11
2030-06-17 09:00:00,4.6928568522119e-11
2030-06-17 10:00:00,7.033133012783832e-11
2030-06-17 11:00:00,5.465379023761605e-11
2030-06-17 12:00:00,5.682919795142792e-11
2030-06-17 13:00:00,7.149176657407718e-11
2030-06-17 14:00:00,1.0372987758695605e-10
2030-06-17 15:00:00,1.7396673353145332e-10
2030-06-17 16:00:00,4.235917517181566e-10
2030-06-17 17:00:00,3.3997829298349746e-09
2030-06-17 18:00:00,9.622780568707428e-08
2030-06-17 19:00:00,59.999999996343924
2030-06-17 20:00:00,6.715386514896147e-08
2030-06-17 21:00:00,1.9168951823763244e-09
2030-06-17 22:00:00,1.1182147353707834e-10
2030-06-17 23:00:00,1.0722653638156391e-10
2030-06-18 00:00:00,2.0362275856615774e-10
2030-06-18 01:00:00,2.859686378270157e-10
2030-06-18 02:00:00,1.5485990809504167e-09
2030-06-18 03:00:00,1.0267950346956557e-08
2030-06-18 04:00:00,1.1047032361668014e-08
2030-06-18 05:00:00,1.3593651756968014e-09
2030-06-18 06:00:00,4.083941148588109e-10
2030-06-18 07:00:00,1.9511838795229383e-10
2030-06-18 08:00:00,1.2828268611279012e-10
2030-06-18 09:00:00,8.978115714852301e-11
2030-06-18 10:00:00,1.531759955083477e-10
2030-06-18 11:00:00,8.400765118476343e-11
2030-06-18 12:00:00,6.158712857365383e-11
2030-06-18 13:00:00,6.002990457192963e-11
2030-06-18 14:00:00,8.334839272082388e-11
2030-06-18 15:00:00,2.1022901917665728e-10
2030-06-18 16:00:00,5.5667096356720626e-09
2030-06-18 17:00:00,79.270709475423
2030-06-18 18:00:00,135.08899999999534
2030-06-18 19:00:00,135.08900000030945
2030-06-18 20:00:00,135.08900000023988
2030-06-18 21:00:00,135.08900000009555
2030-06-18 22:00:00,135.0889999999985
2030-06-18 23:00:00,135.08899999993787
2030-06-19 00:00:00,135.0889999999034
2030-06-19 01:00:00,135.08899999984789
2030-06-19 02:00:00,135.0889999997049
2030-06-19 03:00:00,135.0889999993124
2030-06-19 04:00:00,79.27070948088088
2030-06-19 05:00:00,60.00000002059472
2030-06-19 06:00:00,59.999999957633
2030-06-19 07:00:00,3.438823980899624e-10
2030-06-19 08:00:00,1.186797981028842e-10
2030-06-19 09:00:00,4.256332837989569e-11
2030-06-19 10:00:00,5.092160375198513e-11
2030-06-19 11:00:00,1.9033775336765544e-11
2030-06-19 12:00:00,8.78400730049847e-12
2030-06-19 13:00:00,1.5578203195901122e-11
2030-06-19 14:00:00,3.4499757420007127e-11
2030-06-19 15:00:00,7.670940882453943e-11
2030-06-19 16:00:00,2.197992438237486e-10
2030-06-19 17:00:00,1.8226870256000806e-09
2030-06-19 18:00:00,60.00000000087734
2030-06-19 19:00:00,79.27070947281048
2030-06-19 20:00:00,79.27070947422692
2030-06-19 21:00:00,79.27070947527395
2030-06-19 22:00:00,135.08899999844311
2030-06-19 23:00:00,135.08899999950447
2030-06-20 00:00:00,135.08899999977206
2030-06-20 01:00:00,135.08899999992445
2030-06-20 02:00:00,135.08900000001867
2030-06-20 03:00:00,135.0890000000955
2030-06-20 04:00:00,135.08900000017687
2030-06-20 05:00:00,135.08900000006875
2030-06-20 06:00:00,135.08899999978934
2030-06-20 07:00:00,79.27070947535468
2030-06-20 08:00:00,60.00000000044588
2030-06-20 09:00:00,60.000000050052435
2030-06-20 10:00:00,59.99999999265639
2030-06-20 11:00:00,59.999999999601755
2030-06-20 12:00:00,59.999999982306946
2030-06-20 13:00:00,60.00000010032716
2030-06-20 14:00:00,79.27070947744177
2030-06-20 15:00:00,135.08899999988725
2030-06-20 16:00:00,135.08900000009865
2030-06-20 17:00:00,135.08900000070776
2030-06-20 18:00:00,135.08900001515272
2030-06-20 19:00:00,135.08900001212746
2030-06-20 20:00:00,135.08900000028098
2030-06-20 21:00:00,135.08900000008964
2030-06-20 22:00:00,135.08900000008754
2030-06-20 23:00:00,135.08900000005212
2030-06-21 00:00:00,135.0890000000453
2030-06-21 01:00:00,135.08900000006068
2030-06-21 02:00:00,135.08900000007745
2030-06-21 03:00:00,135.08900000015802
2030-06-21 04:00:00,135.08900000054817
2030-06-21 05:00:00,135.08900000069875
2030-06-21 06:00:00,135.0890000002708
2030-06-21 07:00:00,135.089000000093
2030-06-21 08:00:00,135.08899999997195
2030-06-21 09:00:00,135.08899999976316
2030-06-21 10:00:00,135.0889999992998
2030-06-21 11:00:00,79.27070947832614
2030-06-21 12:00:00,79.2707094753226
2030-06-21 13:00:00,79.27070947262742
2030-06-21 14:00:00,79.27070947535711
2030-06-21 15:00:00,79.27070956400304
2030-06-21 16:00:00,135.08899999988523
2030-06-21 17:00:00,135.0890000000693
2030-06-21 18:00:00,135.08900000023442
2030-06-21 19:00:00,135.08900000031844
2030-06-21 20:00:00,135.08900000013097
2030-06-21 21:00:00,135.08900000002632
2030-06-21 22:00:00,135.0889999999651
2030-06-21 23:00:00,135.08899999992724
2030-06-22 00:00:00,135.08899999979113
2030-06-22 01:00:00,135.08899999979593
2030-06-22 02:00:00,135.08899999981753
2030-06-22 03:00:00,135.08899999986414
2030-06-22 04:00:00,135.08899999999431
2030-06-22 05:00:00,135.08900000002063
2030-06-22 06:00:00,135.08899999992084
2030-06-22 07:00:00,135.08899999795815
2030-06-22 08:00:00,79.27070947406531
2030-06-22 09:00:00,60.00000000291339
2030-06-22 10:00:00,60.00000000172539
2030-06-22 11:00:00,60.0000000000464
2030-06-22 12:00:00,60.0000000081905
2030-06-22 13:00:00,59.999999998184286
2030-06-22 14:00:00,59.99999999911966
2030-06-22 15:00:00,60.0000000000408
2030-06-22 16:00:00,60.00000000499368
2030-06-22 17:00:00,79.27070947591403
2030-06-22 18:00:00,135.08899999941096
2030-06-22 19:00:00,135.08899999962466
2030-06-22 20:00:00,135.08899999107777
2030-06-22 21:00:00,79.27070946534577
2030-06-22 22:00:00,60.000000001638725
2030-06-22 23:00:00,60.00000000010602
2030-06-23 00:00:00,59.999999998950436
2030-06-23 01:00:00,59.999999997867825
2030-06-23 02:00:00,59.999999997372896
2030-06-23 03:00:00,59.99999999581154
2030-06-23 04:00:00,59.99999999804098
2030-06-23 05:00:00,1.7197247995570843e-09
2030-06-23 06:00:00,3.257579861426912e-10
2030-06-23 07:00:00,8.509116245499302e-11
2030-06-23 08:00:00,3.061863304914236e-11
2030-06-23 09:00:00,6.523501100745757e-12
2030-06-23 10:00:00,1.2701031226235706e-11
2030-06-23 11:00:00,2.654758087856099e-12
2030-06-23 12:00:00,-3.062368378020206e-12
2030-06-23 13:00:00,-6.296130175750854e-12
2030-06-23 14:00:00,-3.1144967876293983e-12
2030-06-23 15:00:00,1.6185456928152468e-11
2030-06-23 16:00:00,8.89513528758789e-11
2030-06-23 17:00:00,7.049272431366007e-10
2030-06-23 18:00:00,60.00000000020844
2030-06-23 19:00:00,60.00000000708236
2030-06-23 20:00:00,60.000000007452996
2030-06-23 21:00:00,60.00000000192981
2030-06-23 22:00:00,60.00000000005693
2030-06-23 23:00:00,59.999999999723904
2030-06-24 00:00:00,59.999999999373166
2030-06-24 01:00:00,59.99999999758766
2030-06-24 02:00:00,59.999999999138154
2030-06-24 03:00:00,59.99999999897065
2030-06-24 04:00:00,3.674763502563382e-08
2030-06-24 05:00:00,6.357959174421216e-10
2030-06-24 06:00:00,2.2777092902870233e-10
2030-06-24 07:00:00,6.505569620222899e-11
2030-06-24 08:00:00,1.466709396440244e-11
2030-06-24 09:00:00,-4.5695067070310026e-12
2030-06-24 10:00:00,1.041910234105118e-11
2030-06-24 11:00:00,8.339261082409265e-12
2030-06-24 12:00:00,3.259075916191411e-12
2030-06-24 13:00:00,6.642113371064965e-12
2030-06-24 14:00:00,2.926877235336022e-11
2030-06-24 15:00:00,9.858910406194597e-11
2030-06-24 16:00:00,3.374141599704584e-10
2030-06-24 17:00:00,59.99999999982231
2030-06-24 18:00:00,79.27070947697163
2030-06-24 19:00:00,135.08899999987233
2030-06-24 20:00:00,135.08899999995327
2030-06-24 21:00:00,135.08899999995558
2030-06-24 22:00:00,135.08899999990035
2030-06-24 23:00:00,135.08899999985766
2030-06-25 00:00:00,135.08899999996623
2030-06-25 01:00:00,135.08899999996504
2030-06-25 02:00:00,135.08899999996393
2030-06-25 03:00:00,135.08899999996552
2030-06-25 04:00:00,135.08899999996638
2030-06-25 05:00:00,135.08899999897815
2030-06-25 06:00:00,60.000000000905075
2030-06-25 07:00:00,2.575050880735092e-09
2030-06-25 08:00:00,3.07383593886125e-10
2030-06-25 09:00:00,7.916255813838019e-11
2030-06-25 10:00:00,6.221587204593925e-11
2030-06-25 11:00:00,4.907176550005262e-11
2030-06-25 12:00:00,4.2161040411250076e-11
2030-06-25 13:00:00,4.182315085393529e-11
2030-06-25 14:00:00,5.387128507341536e-11
2030-06-25 15:00:00,9.66559395749529e-11
2030-06-25 16:00:00,1.6447550119760372e-10
2030-06-25 17:00:00,1.7847593068208885e-10
2030-06-25 18:00:00,1.2443875318895337e-10
2030-06-25 19:00:00,7.451417984244194e-11
2030-06-25 20:00:00,5.853696078804813e-11
2030-06-25 21:00:00,4.1553571523028215e-11
2030-06-25 22:00:00,4.231065577838125e-11
2030-06-25 23:00:00,5.2526709973634496e-11
2030-06-26 00:00:00,6.487539959931792e-11
2030-06-26 01:00:00,7.43878563816024e-11
2030-06-26 02:00:00,1.0386471362783403e-10
2030-06-26 03:00:00,1.5733912747199155e-10
2030-06-26 04:00:00,2.691652985164875e-10
2030-06-26 05:00:00,3.1606263995862486e-10
2030-06-26 06:00:00,1.6959893996579003e-10
2030-06-26 07:00:00,1.1047621821374475e-10
2030-06-26 08:00:00,6.351636288479293e-11
2030-06-26 09:00:00,2.8433873632045997e-11
2030-06-26 10:00:00,2.806080454511743e-11
2030-06-26 11:00:00,4.414310449312057e-12
2030-06-26 12:00:00,-8.57748646616011e-12
2030-06-26 13:00:00,-1.3925263485197454e-11
2030-06-26 14:00:00,-1.5197440527764268e-11
2030-06-26 15:00:00,-6.917648111274404e-12
2030-06-26 16:00:00,1.4339424840467462e-11
2030-06-26 17:00:00,4.9126789242307714e-11
2030-06-26 18:00:00,9.837089408270954e-11
2030-06-26 19:00:00,1.6570090695819227e-10
2030-06-26 20:00:00,1.81231601554733e-10
2030-06-26 21:00:00,1.7090146121226564e-10
2030-06-26 22:00:00,1.6762148898584731e-10
2030-06-26 23:00:00,1.900337523379966e-10
2030-06-27 00:00:00,2.0994020427032721e-10
2030-06-27 01:00:00,2.313819671252417e-10
2030-06-27 02:00:00,2.751965788249909e-10
2030-06-27 03:00:00,4.050365698350237e-10
2030-06-27 04:00:00,7.915619045873335e-10
2030-06-27 05:00:00,5.767722640982812e-10
2030-06-27 06:00:00,2.585602587820273e-10
2030-06-27 07:00:00,1.1805764610235554e-10
2030-06-27 08:00:00,6.632783482390906e-11
2030-06-27 09:00:00,5.4558597780705264e-11
2030-06-27 10:00:00,1.0189077465257358e-10
2030-06-27 11:00:00,8.441669223998188e-11
2030-06-27 12:00:00,7.953898791564565e-11
2030-06-27 13:00:00,8.145040841421073e-11
2030-06-27 14:00:00,1.0608738021294556e-10
2030-06-27 15:00:00,1.624892498485793e-10
2030-06-27 16:00:00,4.2717829863751694e-10
2030-06-27 17:00:00,59.99999999837347
2030-06-27 18:00:00,60.000000007554966
2030-06-27 19:00:00,79.27070948124133
2030-06-27 20:00:00,79.2707094827938
2030-06-27 21:00:00,79.27070947641923
2030-06-27 22:00:00,79.2707094824485
2030-06-27 23:00:00,79.27070947640443
2030-06-28 00:00:00,79.27070947583955
2030-06-28 01:00:00,79.27070947588588
2030-06-28 02:00:00,79.27070947599256
2030-06-28 03:00:00,79.27070947799356
2030-06-28 04:00:00,79.27070948255809
2030-06-28 05:00:00,79.27070947531722
2030-06-28 06:00:00,60.000000002101196
2030-06-28 07:00:00,59.99999999935953
2030-06-28 08:00:00,2.5673464908483133e-08
2030-06-28 09:00:00,1.9554042196030686e-09
2030-06-28 10:00:00,59.99999999699609
2030-06-28 11:00:00,59.99999999911472
2030-06-28 12:00:00,50.78400000184104
2030-06-28 13:00:00,50.78400000539564
2030-06-28 14:00:00,59.99999999684445
2030-06-28 15:00:00,60.00000000084933
2030-06-28 16:00:00,60.00000001358133
2030-06-28 17:00:00,135.08899999906802
2030-06-28 18:00:00,135.08900000001998
2030-06-28 19:00:00,135.08900000023473
2030-06-28 20:00:00,135.08900000025963
2030-06-28 21:00:00,135.08900000019787
2030-06-28 22:00:00,135.08900000023547
2030-06-28 23:00:00,135.08900000015274
2030-06-29 00:00:00,135.0890000001307
2030-06-29 01:00:00,135.08900000013682
2030-06-29 02:00:00,135.0890000001868
2030-06-29 03:00:00,135.0890000003727
2030-06-29 04:00:00,135.08900000680444
2030-06-29 05:00:00,135.0890000036899
2030-06-29 06:00:00,135.0890000001573
2030-06-29 07:00:00,135.08899999979076
2030-06-29 08:00:00,60.00000000529708
2030-06-29 09:00:00,2.1596436949820236e-07
2030-06-29 10:00:00,4.0308773103132684e-10
2030-06-29 11:00:00,1.7786960930950235e-10
2030-06-29 12:00:00,1.6964538360207443e-10
2030-06-29 13:00:00,3.0178652766530516e-10
2030-06-29 14:00:00,2.3035146958467273e-09
2030-06-29 15:00:00,60.000000002502375
2030-06-29 16:00:00,135.0889999911534
2030-06-29 17:00:00,135.08899999997098
2030-06-29 18:00:00,135.0890000000755
2030-06-29 19:00:00,135.08900000000492
2030-06-29 20:00:00,135.08899999591935
2030-06-29 21:00:00,60.00000000307045
2030-06-29 22:00:00,59.99999999747062
2030-06-29 23:00:00,6.045462108280937e-09
2030-06-30 00:00:00,6.105695566877376e-10
2030-06-30 01:00:00,5.445367465413821e-10
2030-06-30 02:00:00,1.6199751920153738e-09
2030-06-30 03:00:00,2.5031231557149624e-09
2030-06-30 04:00:00,2.0961962559143516e-09
2030-06-30 05:00:00,6.92128639288778e-10
2030-06-30 06:00:00,2.9849273507836063e-10
2030-06-30 07:00:00,1.6344740835752177e-10
2030-06-30 08:00:00,7.357903435219765e-11
2030-06-30 09:00:00,3.907621156818607e-11
2030-06-30 10:00:00,2.3564099910263242e-11
2030-06-30 11:00:00,1.881779072881397e-11
2030-06-30 12:00:00,2.0052514270362473e-11
2030-06-30 13:00:00,3.923248701259028e-11
2030-06-30 14:00:00,9.686493785951641e-11
2030-06-30 15:00:00,5.323711589816357e-10
2030-06-30 16:00:00,60.00000000036635
2030-06-30 17:00:00,79.27070947826752
2030-06-30 18:00:00,135.08899999958402
2030-06-30 19:00:00,135.08899999975998
2030-06-30 20:00:00,135.08899999868584
2030-06-30 21:00:00,79.27070947794047
2030-06-30 22:00:00,79.27070947629923
2030-06-30 23:00:00,79.27070945336865
2030-07-01 00:00:00,67.09472865724445
2030-07-01 01:00:00,79.27070945929061
2030-07-01 02:00:00,79.27070947764956
2030-07-01 03:00:00,79.27070964608384
2030-07-01 04:00:00,79.27070965124182
2030-07-01 05:00:00,79.27070947623805
2030-07-01 06:00:00,60.00000000191397
2030-07-01 07:00:00,5.521055888354438e-09
2030-07-01 08:00:00,1.9427911019706031e-10
2030-07-01 09:00:00,6.260562663182625e-11
2030-07-01 10:00:00,3.5420605840436155e-11
2030-07-01 11:00:00,2.2914201467341036e-11
2030-07-01 12:00:00,2.3212431313359983e-11
2030-07-01 13:00:00,3.4834335609687066e-11
2030-07-01 14:00:00,7.252785437052384e-11
2030-07-01 15:00:00,3.156494214481233e-10
2030-07-01 16:00:00,59.99999999954899
2030-07-01 17:00:00,135.08899998427006
2030-07-01 18:00:00,135.08899999996677
2030-07-01 19:00:00,135.0890000000618
2030-07-01 20:00:00,135.08899999997755
2030-07-01 21:00:00,135.08899999980696
2030-07-01 22:00:00,114.33932959794079
2030-07-01 23:00:00,79.27070947975807
2030-07-02 00:00:00,135.0889999968516
2030-07-02 01:00:00,135.08899999926322
2030-07-02 02:00:00,135.08899999838098
2030-07-02 03:00:00,135.08899996406643
2030-07-02 04:00:00,135.0889999997097
2030-07-02 05:00:00,135.08899999863797
2030-07-02 06:00:00,60.000000005053614
2030-07-02 07:00:00,60.00000000216396
2030-07-02 08:00:00,4.725934244026092e-09
2030-07-02 09:00:00,5.029986614039371e-10
2030-07-02 10:00:00,4.385244656828808e-10
2030-07-02 11:00:00,3.243424036118677e-10
2030-07-02 12:00:00,2.982443902280511e-10
2030-07-02 13:00:00,4.821808272898286e-10
2030-07-02 14:00:00,1.3138926531783066e-09
2030-07-02 15:00:00,59.9999999880402
2030-07-02 16:00:00,60.00000000107405
2030-07-02 17:00:00,79.2707094777603
2030-07-02 18:00:00,135.08899999931833
2030-07-02 19:00:00,135.08899999988083
2030-07-02 20:00:00,135.08899999991274
2030-07-02 21:00:00,135.08899999988424
2030-07-02 22:00:00,135.08899999975156
2030-07-02 23:00:00,135.08899999914317
2030-07-03 00:00:00,135.0889999995029
2030-07-03 01:00:00,135.08899999986
2030-07-03 02:00:00,135.08899999987503
2030-07-03 03:00:00,135.0889999999515
2030-07-03 04:00:00,135.0890000000104
2030-07-03 05:00:00,135.08899999988785
2030-07-03 06:00:00,135.08899999861677
2030-07-03 07:00:00,60.00000002350309
2030-07-03 08:00:00,60.00000000184059
2030-07-03 09:00:00,60.00000003981158
2030-07-03 10:00:00,59.99999999943399
2030-07-03 11:00:00,60.00000000375631
2030-07-03 12:00:00,60.00000000677102
2030-07-03 13:00:00,60.00000000126705
2030-07-03 14:00:00,135.08899997383313
2030-07-03 15:00:00,135.08899999995134
2030-07-03 16:00:00,135.0890000001937
2030-07-03 17:00:00,135.0890000012034
2030-07-03 18:00:00,135.08900000518744
2030-07-03 19:00:00,135.08900000717517
2030-07-03 20:00:00,135.0890000005232
2030-07-03 21:00:00,135.0890000002319
2030-07-03 22:00:00,135.08900000019366
2030-07-03 23:00:00,135.08900000013872
2030-07-04 00:00:00,135.0890000001498
2030-07-04 01:00:00,135.08900000016476
2030-07-04 02:00:00,135.08900000020185
2030-07-04 03:00:00,135.08900000032224
2030-07-04 04:00:00,135.08900000139596
2030-07-04 05:00:00,135.08900000073606
2030-07-04 06:00:00,135.089000000158
2030-07-04 07:00:00,135.0889999999288
2030-07-04 08:00:00,79.27070949426408
2030-07-04 09:00:00,60.00000000769583
2030-07-04 10:00:00,60.00000000297218
2030-07-04 11:00:00,60.000000004455174
2030-07-04 12:00:00,60.00000000818636
2030-07-04 13:00:00,60.00000000417542
2030-07-04 14:00:00,60.000000009507296
2030-07-04 15:00:00,79.27070956909006
2030-07-04 16:00:00,135.08899999994236
2030-07-04 17:00:00,135.08900000015112
2030-07-04 18:00:00,135.08900000198838
2030-07-04 19:00:00,2999.9999999959955
2030-07-04 20:00:00,135.08900001077473
2030-07-04 21:00:00,135.08900000034217
2030-07-04 22:00:00,135.08900000021666
2030-07-04 23:00:00,135.0890000001438
2030-07-05 00:00:00,135.08900000013608
2030-07-05 01:00:00,135.08900000013884
2030-07-05 02:00:00,135.08900000015853
2030-07-05 03:00:00,135.0890000002147
2030-07-05 04:00:00,135.08900000045827
2030-07-05 05:00:00,135.0890000001806
2030-07-05 06:00:00,135.08899999992605
2030-07-05 07:00:00,79.27070947885075
2030-07-05 08:00:00,60.00000000036161
2030-07-05 09:00:00,2.4163199713170818e-08
2030-07-05 10:00:00,2.824045505125594e-09
2030-07-05 11:00:00,1.96488287846724e-09
2030-07-05 12:00:00,1.3507737223296271e-09
2030-07-05 13:00:00,3.754665692442008e-09
2030-07-05 14:00:00,59.9999999996962
2030-07-05 15:00:00,59.999999794363355
2030-07-05 16:00:00,79.27070947982206
2030-07-05 17:00:00,135.08899999987474
2030-07-05 18:00:00,135.08900000003754
2030-07-05 19:00:00,135.08900000004763
2030-07-05 20:00:00,135.0889999999106
2030-07-05 21:00:00,135.0889999996948
2030-07-05 22:00:00,114.33932960287854
2030-07-05 23:00:00,135.0889999840024
2030-07-06 00:00:00,135.08899999236354
2030-07-06 01:00:00,135.08899999916167
2030-07-06 02:00:00,135.0889999997076
2030-07-06 03:00:00,135.0889999998681
2030-07-06 04:00:00,135.08899999998334
2030-07-06 05:00:00,135.08899999992394
2030-07-06 06:00:00,135.08899999940596
2030-07-06 07:00:00,60.000000133038256
2030-07-06 08:00:00,60.00000000002558
2030-07-06 09:00:00,5.092633980514431e-09
2030-07-06 10:00:00,3.9497330171267844e-10
2030-07-06 11:00:00,2.5310366853906286e-10
2030-07-06 12:00:00,2.74077568856092e-10
2030-07-06 13:00:00,4.0296925747186423e-10
2030-07-06 14:00:00,1.4147522649134421e-09
2030-07-06 15:00:00,59.99999998832873
2030-07-06 16:00:00,79.27070947910039
2030-07-06 17:00:00,135.08899999986744
2030-07-06 18:00:00,135.0890000000241
2030-07-06 19:00:00,135.08900000004917
2030-07-06 20:00:00,135.08899999991402
2030-07-06 21:00:00,135.0889999994743
2030-07-06 22:00:00,79.2707094780748
2030-07-06 23:00:00,79.27070947709275
2030-07-07 00:00:00,60.00000000834751
2030-07-07 01:00:00,60.000000005116675
2030-07-07 02:00:00,60.00000000719953
2030-07-07 03:00:00,70.88846880179416
2030-07-07 04:00:00,70.88846880884829
2030-07-07 05:00:00,60.000000004408896
2030-07-07 06:00:00,60.000000000385036
2030-07-07 07:00:00,59.999999990303024
2030-07-07 08:00:00,1.3697206051020007e-09
2030-07-07 09:00:00,4.1724162571491504e-10
2030-07-07 10:00:00,3.257878444335825e-10
2030-07-07 11:00:00,1.5229481316361493e-10
2030-07-07 12:00:00,1.0599127292323523e-10
2030-07-07 13:00:00,1.4112636018808332e-10
2030-07-07 14:00:00,4.323367745634302e-10
2030-07-07 15:00:00,59.999999996046604
2030-07-07 16:00:00,79.2707094749705
2030-07-07 17:00:00,135.08899999989873
2030-07-07 18:00:00,135.08900000019744
2030-07-07 19:00:00,135.08900000310405
2030-07-07 20:00:00,135.08900000159304
2030-07-07 21:00:00,135.08900000039495
2030-07-07 22:00:00,135.08900000012028
2030-07-07 23:00:00,135.08900000007847
2030-07-08 00:00:00,135.0890000000742
2030-07-08 01:00:00,135.08900000006824
2030-07-08 02:00:00,135.0890000000615
2030-07-08 03:00:00,135.08900000004857
2030-07-08 04:00:00,135.08900000003752
2030-07-08 05:00:00,135.08899999993895
2030-07-08 06:00:00,135.08899999871218
2030-07-08 07:00:00,60.00000000482919
2030-07-08 08:00:00,59.99999999987711
2030-07-08 09:00:00,2.072028941019388e-09
2030-07-08 10:00:00,3.6488532747955715e-10
2030-07-08 11:00:00,1.6918617208006974e-10
2030-07-08 12:00:00,1.3237950343087816e-10
2030-07-08 13:00:00,1.4166670956569545e-10
2030-07-08 14:00:00,2.6379581517765185e-10
2030-07-08 15:00:00,5.041067667381572e-08
2030-07-08 16:00:00,60.000000005313105
2030-07-08 17:00:00,135.08899999980113
2030-07-08 18:00:00,135.08900000017962
2030-07-08 19:00:00,135.08900000476214
2030-07-08 20:00:00,135.08900000108497
2030-07-08 21:00:00,135.08900000026662
2030-07-08 22:00:00,135.08899999995555
2030-07-08 23:00:00,135.08899999984757
2030-07-09 00:00:00,135.08899999994287
2030-07-09 01:00:00,135.08899999986943
2030-07-09 02:00:00,135.08899999980494
2030-07-09 03:00:00,135.0889999998411
2030-07-09 04:00:00,135.08899999989916
2030-07-09 05:00:00,135.0889999990632
2030-07-09 06:00:00,79.27070947369545
2030-07-09 07:00:00,60.00000000612818
2030-07-09 08:00:00,45.41399999895774
2030-07-09 09:00:00,6.582857979359264e-10
2030-07-09 10:00:00,5.02966185797713e-10
2030-07-09 11:00:00,1.9531985832037782e-10
2030-07-09 12:00:00,1.0829165968259363e-10
2030-07-09 13:00:00,9.734205707926793e-11
2030-07-09 14:00:00,1.1324259797587944e-10
2030-07-09 15:00:00,1.3884262997508474e-10
2030-07-09 16:00:00,4.114103345043582e-10
2030-07-09 17:00:00,45.41400000114518
2030-07-09 18:00:00,59.99999999991371
2030-07-09 19:00:00,60.00000000022828
2030-07-09 20:00:00,60.00000000046165
2030-07-09 21:00:00,59.99999999934677
2030-07-09 22:00:00,45.413999999496085
2030-07-09 23:00:00,45.413999992105765
2030-07-10 00:00:00,1.9591666158398583e-09
2030-07-10 01:00:00,9.615914169112421e-10
2030-07-10 02:00:00,9.852326298702363e-10
2030-07-10 03:00:00,2.6870223477185854e-09
2030-07-10 04:00:00,9.330990172153939e-09
2030-07-10 05:00:00,3.3620303057755855e-09
2030-07-10 06:00:00,4.829824151327269e-10
2030-07-10 07:00:00,1.4706790315961295e-10
2030-07-10 08:00:00,6.841676551298228e-11
2030-07-10 09:00:00,3.504683105489634e-11
2030-07-10 10:00:00,5.2863833346092467e-11
2030-07-10 11:00:00,3.779248560561319e-11
2030-07-10 12:00:00,3.515762574201676e-11
2030-07-10 13:00:00,4.077153952906735e-11
2030-07-10 14:00:00,5.508862251649282e-11
2030-07-10 15:00:00,1.105307664931727e-10
2030-07-10 16:00:00,3.421993485273076e-10
2030-07-10 17:00:00,45.41399999959861
2030-07-10 18:00:00,60.00000000062249
2030-07-10 19:00:00,79.27070947213704
2030-07-10 20:00:00,60.00000008953736
2030-07-10 21:00:00,60.00000000121914
2030-07-10 22:00:00,59.99999999980241
2030-07-10 23:00:00,59.99999999981678
2030-07-11 00:00:00,59.99999999893774
2030-07-11 01:00:00,59.99999999913794
2030-07-11 02:00:00,59.99999999945337
2030-07-11 03:00:00,60.000000000023704
2030-07-11 04:00:00,60.000000001993016
2030-07-11 05:00:00,60.0000000004303
2030-07-11 06:00:00,59.9999999979359
2030-07-11 07:00:00,2.540141411103537e-09
2030-07-11 08:00:00,2.497224634222311e-10
2030-07-11 09:00:00,1.0034293081517048e-10
2030-07-11 10:00:00,9.780205078717738e-11
2030-07-11 11:00:00,8.880145550511734e-11
2030-07-11 12:00:00,9.677066123912598e-11
2030-07-11 13:00:00,1.3803577536771194e-10
2030-07-11 14:00:00,4.351736490919842e-10
2030-07-11 15:00:00,45.413999997900085
2030-07-11 16:00:00,59.999999999767425
2030-07-11 17:00:00,135.08899999999542
2030-07-11 18:00:00,135.08900000099885
2030-07-11 19:00:00,2999.9999999969145
2030-07-11 20:00:00,135.08900040179861
2030-07-11 21:00:00,135.0890000007017
2030-07-11 22:00:00,135.08900000014668
2030-07-11 23:00:00,135.08899999999275
2030-07-12 00:00:00,135.08899999987386
2030-07-12 01:00:00,135.0889999998151
2030-07-12 02:00:00,135.0889999997871
2030-07-12 03:00:00,135.08899999981364
2030-07-12 04:00:00,135.08899999992386
2030-07-12 05:00:00,135.08899999973593
2030-07-12 06:00:00,60.00000000196476
2030-07-12 07:00:00,59.99999999799431
2030-07-12 08:00:00,6.45641923791329e-09
2030-07-12 09:00:00,3.383190360383851e-10
2030-07-12 10:00:00,2.643516249629356e-10
2030-07-12 11:00:00,1.438658162157358e-10
2030-07-12 12:00:00,7.683879024971394e-11
2030-07-12 13:00:00,5.826150420125884e-11
2030-07-12 14:00:00,6.940312427497821e-11
2030-07-12 15:00:00,1.2719786285910772e-10
2030-07-12 16:00:00,3.6494371713340084e-10
2030-07-12 17:00:00,1.1698426297330472e-08
2030-07-12 18:00:00,60.000000004453085
2030-07-12 19:00:00,135.0889999979473
2030-07-12 20:00:00,79.27070947088968
2030-07-12 21:00:00,60.00000000006634
2030-07-12 22:00:00,9.321602709425478e-09
2030-07-12 23:00:00,4.119896425633725e-09
2030-07-13 00:00:00,1.2429848845472472e-09
2030-07-13 01:00:00,5.237866070655982e-10
2030-07-13 02:00:00,6.424164117104295e-10
2030-07-13 03:00:00,8.278353616959952e-10
2030-07-13 04:00:00,2.8655438151479625e-09
2030-07-13 05:00:00,1.3128954307870433e-09
2030-07-13 06:00:00,2.2962752729620644e-10
2030-07-13 07:00:00,1.1368556245833768e-10
2030-07-13 08:00:00,6.31421204086543e-11
2030-07-13 09:00:00,3.4743846175115413e-11
2030-07-13 10:00:00,2.2582781627735228e-11
2030-07-13 11:00:00,2.015606595388918e-11
2030-07-13 12:00:00,8.315562081296746e-12
2030-07-13 13:00:00,8.802159730674042e-12
2030-07-13 14:00:00,2.3019344859137e-11
2030-07-13 15:00:00,4.989459057644738e-11
2030-07-13 16:00:00,1.3463214999078546e-10
2030-07-13 17:00:00,9.234091517848853e-10
2030-07-13 18:00:00,59.999999997263586
2030-07-13 19:00:00,60.00000000198377
2030-07-13 20:00:00,60.00000000049802
2030-07-13 21:00:00,60.00000000075269
2030-07-13 22:00:00,59.99999999075163
2030-07-13 23:00:00,59.99999999862014
2030-07-14 00:00:00,59.99999999674636
2030-07-14 01:00:00,59.9999999980544
2030-07-14 02:00:00,59.99999999910048
2030-07-14 03:00:00,59.999999997811095
2030-07-14 04:00:00,59.99999999522314
2030-07-14 05:00:00,1.403266442864183e-08
2030-07-14 06:00:00,1.0242487568126304e-08
2030-07-14 07:00:00,9.376819015142041e-09
2030-07-14 08:00:00,7.554964680491383e-09
2030-07-14 09:00:00,2.6532466439822386e-09
2030-07-14 10:00:00,5.005170203331581e-09
2030-07-14 11:00:00,9.811120586978843e-10
2030-07-14 12:00:00,3.228904923342613e-10
2030-07-14 13:00:00,2.4452375281770086e-10
2030-07-14 14:00:00,2.8837969827234323e-10
2030-07-14 15:00:00,7.797868940652745e-10
2030-07-14 16:00:00,9.088943211443593e-09
2030-07-14 17:00:00,60.0000000011851
2030-07-14 18:00:00,79.27070936104202
2030-07-14 19:00:00,135.08899997566485
2030-07-14 20:00:00,79.27070935674818
2030-07-14 21:00:00,60.00000000001689
2030-07-14 22:00:00,1.237753191214119e-08
2030-07-14 23:00:00,9.27756656138604e-09
2030-07-15 00:00:00,8.519077575180029e-09
2030-07-15 01:00:00,6.817024694071607e-09
2030-07-15 02:00:00,5.406352179529535e-09
2030-07-15 03:00:00,3.5421181361895976e-09
2030-07-15 04:00:00,3.127986354300361e-09
2030-07-15 05:00:00,2.046734367903731e-09
2030-07-15 06:00:00,3.83727249547051e-10
2030-07-15 07:00:00,1.501667540083393e-10
2030-07-15 08:00:00,6.784750829484348e-11
2030-07-15 09:00:00,3.425615339604652e-11
2030-07-15 10:00:00,1.529694225380925e-11
2030-07-15 11:00:00,-9.546025268904224e-12
2030-07-15 12:00:00,-2.497234042272636e-11
2030-07-15 13:00:00,-3.068724312169457e-11
2030-07-15 14:00:00,-2.7921676101476763e-11
2030-07-15 15:00:00,-1.943076464099348e-11
2030-07-15 16:00:00,2.986140826527116e-12
2030-07-15 17:00:00,7.182335181806823e-11
2030-07-15 18:00:00,5.201938191854257e-10
2030-07-15 19:00:00,5.323922839462246e-09
2030-07-15 20:00:00,6.028364186920213e-09
2030-07-15 21:00:00,5.406827493065119e-09
2030-07-15 22:00:00,6.510835472950198e-10
2030-07-15 23:00:00,2.4428691641037417e-09
2030-07-16 00:00:00,5.9982943007243105e-09
2030-07-16 01:00:00,7.2387243188246415e-09
2030-07-16 02:00:00,8.919748883286578e-09
2030-07-16 03:00:00,59.999999997553054
2030-07-16 04:00:00,60.00000000287354
2030-07-16 05:00:00,60.00000000057794
2030-07-16 06:00:00,59.999999991662335
2030-07-16 07:00:00,8.02800975836634e-09
2030-07-16 08:00:00,4.339206207368333e-09
2030-07-16 09:00:00,4.75579663081722e-10
2030-07-16 10:00:00,2.1319934160743858e-10
2030-07-16 11:00:00,1.1947566321954347e-10
2030-07-16 12:00:00,8.977054499956246e-11
2030-07-16 13:00:00,9.368243299964135e-11
2030-07-16 14:00:00,1.6114796444876802e-10
2030-07-16 15:00:00,4.67085379652506e-10
2030-07-16 16:00:00,1.8479512689063193e-09
2030-07-16 17:00:00,1.1940781946312257e-08
2030-07-16 18:00:00,60.0000000067738
2030-07-16 19:00:00,79.27070947592938
2030-07-16 20:00:00,60.00000000069943
2030-07-16 21:00:00,59.99999999884892
2030-07-16 22:00:00,6.945634620426882e-09
2030-07-16 23:00:00,4.17015398141797e-09
2030-07-17 00:00:00,1.3375284845982795e-09
2030-07-17 01:00:00,6.611494317553377e-10
2030-07-17 02:00:00,4.9448767924931e-10
2030-07-17 03:00:00,6.19849682763212e-10
2030-07-17 04:00:00,2.106817635874046e-09
2030-07-17 05:00:00,8.770837632193003e-10
2030-07-17 06:00:00,2.6060055022428163e-10
2030-07-17 07:00:00,1.5554172156357885e-10
2030-07-17 08:00:00,7.575203543863272e-11
2030-07-17 09:00:00,3.4676679747271326e-11
2030-07-17 10:00:00,2.522331958538228e-11
2030-07-17 11:00:00,9.020551127893238e-12
2030-07-17 12:00:00,3.8123196184768034e-12
2030-07-17 13:00:00,6.6379312784882575e-12
2030-07-17 14:00:00,1.4680606836407446e-11
2030-07-17 15:00:00,4.1644352885857396e-11
2030-07-17 16:00:00,1.0843966733688506e-10
2030-07-17 17:00:00,4.76707205555905e-10
2030-07-17 18:00:00,2.4498147062742635e-09
2030-07-17 19:00:00,4.28590365408474e-09
2030-07-17 20:00:00,2.9552544599223634e-09
2030-07-17 21:00:00,7.02157659708331e-10
2030-07-17 22:00:00,1.7348567361155734e-10
2030-07-17 23:00:00,1.282024238867373e-10
2030-07-18 00:00:00,1.2059523267100862e-10
2030-07-18 01:00:00,9.990452460595497e-11
2030-07-18 02:00:00,9.571028550536207e-11
2030-07-18 03:00:00,1.2450713953797216e-10
2030-07-18 04:00:00,2.9553020546668506e-10
2030-07-18 05:00:00,5.680584355699717e-10
2030-07-18 06:00:00,5.256550829974962e-10
2030-07-18 07:00:00,2.491475044827599e-10
2030-07-18 08:00:00,1.391408385222369e-10
2030-07-18 09:00:00,1.1318338051790272e-10
2030-07-18 10:00:00,1.1767507166735883e-10
2030-07-18 11:00:00,7.193219083232135e-11
2030-07-18 12:00:00,4.813198916805389e-11
2030-07-18 13:00:00,3.525424979109633e-11
2030-07-18 14:00:00,3.382119259672169e-11
2030-07-18 15:00:00,4.960138137068073e-11
2030-07-18 16:00:00,8.8044490953513e-11
2030-07-18 17:00:00,2.600324338820995e-10
2030-07-18 18:00:00,9.106589550868447e-10
2030-07-18 19:00:00,4.816085220076324e-09
2030-07-18 20:00:00,5.05330565721502e-09
2030-07-18 21:00:00,4.8402567167483525e-09
2030-07-18 22:00:00,4.236421766730618e-09
2030-07-18 23:00:00,4.055595217048596e-09
2030-07-19 00:00:00,3.331795359087783e-09
2030-07-19 01:00:00,3.5079989640616928e-09
2030-07-19 02:00:00,3.6867569803014784e-09
2030-07-19 03:00:00,4.587846678709576e-09
2030-07-19 04:00:00,6.121927446413336e-09
2030-07-19 05:00:00,5.904467670796094e-09
2030-07-19 06:00:00,4.521194787333346e-09
2030-07-19 07:00:00,1.3903639750334505e-09
2030-07-19 08:00:00,3.511918370557981e-10
2030-07-19 09:00:00,1.3268201501576646e-10
2030-07-19 10:00:00,2.3077450085100322e-10
2030-07-19 11:00:00,1.2645621758783226e-10
2030-07-19 12:00:00,6.650309103460819e-11
2030-07-19 13:00:00,4.4056217797040666e-11
2030-07-19 14:00:00,3.5767784270660925e-11
2030-07-19 15:00:00,5.435652615142542e-11
2030-07-19 16:00:00,1.2272285400880826e-10
2030-07-19 17:00:00,8.10273781077982e-10
2030-07-19 18:00:00,6.8264963457460165e-09
2030-07-19 19:00:00,7.79743265236483e-08
2030-07-19 20:00:00,2.217093436637074e-08
2030-07-19 21:00:00,7.174399957638672e-09
2030-07-19 22:00:00,1.5722128407414286e-09
2030-07-19 23:00:00,1.0112134696394094e-09
2030-07-20 00:00:00,5.94283154074386e-10
2030-07-20 01:00:00,5.106868412084472e-10
2030-07-20 02:00:00,6.919352662665271e-10
2030-07-20 03:00:00,7.281887097989442e-10
2030-07-20 04:00:00,1.0269808129178579e-09
2030-07-20 05:00:00,7.286837286944185e-10
2030-07-20 06:00:00,2.7112621870048e-10
2030-07-20 07:00:00,1.1393277597145735e-10
2030-07-20 08:00:00,5.209902347220729e-11
2030-07-20 09:00:00,2.7524928780585813e-11
2030-07-20 10:00:00,3.57233825914966e-11
2030-07-20 11:00:00,8.836868685654734e-12
2030-07-20 12:00:00,-3.376561589088426e-12
2030-07-20 13:00:00,-7.7290981569031e-12
2030-07-20 14:00:00,-8.226752204401053e-12
2030-07-20 15:00:00,8.877335101653355e-13
2030-07-20 16:00:00,1.949285474932447e-11
2030-07-20 17:00:00,5.196205165294977e-11
2030-07-20 18:00:00,1.0166949683561805e-10
2030-07-20 19:00:00,1.7755823407265945e-10
2030-07-20 20:00:00,2.9229087975808423e-10
2030-07-20 21:00:00,4.1491979646343064e-10
2030-07-20 22:00:00,7.344273641719083e-10
2030-07-20 23:00:00,8.081550175867957e-10
2030-07-21 00:00:00,5.224895151105303e-10
2030-07-21 01:00:00,5.380175176598877e-10
2030-07-21 02:00:00,8.365101631922185e-10
2030-07-21 03:00:00,2.4846469557403733e-09
2030-07-21 04:00:00,4.5204169579063146e-09
2030-07-21 05:00:00,3.2312038813518266e-09
2030-07-21 06:00:00,7.519596590260822e-10
2030-07-21 07:00:00,5.067358460508232e-10
2030-07-21 08:00:00,2.751223733317886e-10
2030-07-21 09:00:00,1.4934719615573605e-10
2030-07-21 10:00:00,2.0425709908930783e-10
2030-07-21 11:00:00,1.5038706969143466e-10
2030-07-21 12:00:00,1.0687857484792564e-10
2030-07-21 13:00:00,1.1771227597595597e-10
2030-07-21 14:00:00,1.9379848163502727e-10
2030-07-21 15:00:00,5.102510429382837e-10
2030-07-21 16:00:00,7.05635785545038e-09
2030-07-21 17:00:00,60.00000000146917
2030-07-21 18:00:00,135.08899999229072
2030-07-21 19:00:00,135.08899999964297
2030-07-21 20:00:00,135.08899999950924
2030-07-21 21:00:00,135.08899999759603
2030-07-21 22:00:00,135.0889999797037
2030-07-21 23:00:00,79.27070947462231
2030-07-22 00:00:00,79.27070947425516
2030-07-22 01:00:00,79.2707094750682
2030-07-22 02:00:00,79.27070947419728
2030-07-22 03:00:00,79.2707094740621
2030-07-22 04:00:00,79.27070947306005
2030-07-22 05:00:00,60.000000001322384
2030-07-22 06:00:00,59.99999999931792
2030-07-22 07:00:00,1.7091942090857234e-09
2030-07-22 08:00:00,2.558282843259562e-10
2030-07-22 09:00:00,8.893673624244176e-11
2030-07-22 10:00:00,6.252804928931081e-11
2030-07-22 11:00:00,5.865937347528371e-11
2030-07-22 12:00:00,5.438549879322007e-11
2030-07-22 13:00:00,5.4181311327082e-11
2030-07-22 14:00:00,7.218068980907392e-11
2030-07-22 15:00:00,1.6139563102896517e-10
2030-07-22 16:00:00,7.154343101394522e-10
2030-07-22 17:00:00,60.000000000054634
2030-07-22 18:00:00,79.27070947535739
2030-07-22 19:00:00,135.08899999960795
2030-07-22 20:00:00,135.08899999940718
2030-07-22 21:00:00,135.08899999906677
2030-07-22 22:00:00,114.33932959950153
2030-07-22 23:00:00,114.33932959872806
2030-07-23 00:00:00,135.0889999992753
2030-07-23 01:00:00,135.0889999995991
2030-07-23 02:00:00,135.08899999971027
2030-07-23 03:00:00,135.08899999992914
2030-07-23 04:00:00,135.08900000006193
2030-07-23 05:00:00,135.0890000000273
2030-07-23 06:00:00,135.08899999975398
2030-07-23 07:00:00,79.27070947364
2030-07-23 08:00:00,59.9999999997805
2030-07-23 09:00:00,1.1488097044017984e-09
2030-07-23 10:00:00,8.840603470088074e-10
2030-07-23 11:00:00,7.608621738051108e-10
2030-07-23 12:00:00,7.263763859740578e-10
2030-07-23 13:00:00,9.196792919685954e-10
2030-07-23 14:00:00,1.8954002061106313e-09
2030-07-23 15:00:00,4.410910088674725e-08
2030-07-23 16:00:00,60.00000000052035
2030-07-23 17:00:00,79.27070948914351
2030-07-23 18:00:00,135.08899999996544
2030-07-23 19:00:00,135.08900000009004
2030-07-23 20:00:00,135.08900000000264
2030-07-23 21:00:00,135.08899999986923
2030-07-23 22:00:00,135.0889999988803
2030-07-23 23:00:00,79.27070947595034
2030-07-24 00:00:00,79.27070947382408
2030-07-24 01:00:00,60.00000002299049
2030-07-24 02:00:00,60.00000000246575
2030-07-24 03:00:00,60.00000000242906
2030-07-24 04:00:00,60.000000009737114
2030-07-24 05:00:00,59.999999992810764
2030-07-24 06:00:00,3.719907233289975e-09
2030-07-24 07:00:00,3.6308183826711977e-10
2030-07-24 08:00:00,9.275539844100792e-11
2030-07-24 09:00:00,3.55662970056593e-11
2030-07-24 10:00:00,2.251616396776857e-11
2030-07-24 11:00:00,1.2347039181634973e-11
2030-07-24 12:00:00,9.513104118863201e-12
2030-07-24 13:00:00,1.4608588800207546e-11
2030-07-24 14:00:00,3.281602085040283e-11
2030-07-24 15:00:00,9.610556894446037e-11
2030-07-24 16:00:00,5.972625651813265e-10
2030-07-24 17:00:00,59.999999994997786
2030-07-24 18:00:00,135.0889999995243
2030-07-24 19:00:00,135.08899999979965
2030-07-24 20:00:00,135.0889998678307
2030-07-24 21:00:00,60.000000013368975
2030-07-24 22:00:00,60.00000000026162
2030-07-24 23:00:00,59.99999999979184
2030-07-25 00:00:00,59.99999999932345
2030-07-25 01:00:00,59.999999997425164
2030-07-25 02:00:00,60.00000000227564
2030-07-25 03:00:00,79.27070947327081
2030-07-25 04:00:00,135.08899999048876
2030-07-25 05:00:00,135.08899998651373
2030-07-25 06:00:00,60.00000003510379
2030-07-25 07:00:00,59.999999995460456
2030-07-25 08:00:00,7.326401059145202e-10
2030-07-25 09:00:00,1.350130399087134e-10
2030-07-25 10:00:00,6.530599682528e-11
2030-07-25 11:00:00,4.53235644307658e-11
2030-07-25 12:00:00,4.226343463951419e-11
2030-07-25 13:00:00,5.568789028100044e-11
2030-07-25 14:00:00,1.0897896973915349e-10
2030-07-25 15:00:00,6.321161966419868e-10
2030-07-25 16:00:00,60.00000000236811
2030-07-25 17:00:00,135.08899999978493
2030-07-25 18:00:00,135.08900000010917
2030-07-25 19:00:00,135.08900000013395
2030-07-25 20:00:00,135.0889999999671
2030-07-25 21:00:00,135.0889999998548
2030-07-25 22:00:00,135.08899999977208
2030-07-25 23:00:00,135.08899999981713
2030-07-26 00:00:00,135.08899999988398
2030-07-26 01:00:00,135.0889999999812
2030-07-26 02:00:00,135.08900000006554
2030-07-26 03:00:00,135.0890000001718
2030-07-26 04:00:00,135.08900000110498
2030-07-26 05:00:00,135.08900000059253
2030-07-26 06:00:00,135.08900000002538
2030-07-26 07:00:00,135.08899999711164
2030-07-26 08:00:00,60.000000000219124
2030-07-26 09:00:00,6.243274180054865e-10
2030-07-26 10:00:00,1.4116627802827585e-10
2030-07-26 11:00:00,9.803974857792818e-11
2030-07-26 12:00:00,1.0249927053961692e-10
2030-07-26 13:00:00,1.7234762933827797e-10
2030-07-26 14:00:00,8.776779773767686e-10
2030-07-26 15:00:00,60.00000000063581
2030-07-26 16:00:00,135.08899999799021
2030-07-26 17:00:00,135.08900000003027
2030-07-26 18:00:00,135.08900000042695
2030-07-26 19:00:00,135.08900000083057
2030-07-26 20:00:00,135.08900000017778
2030-07-26 21:00:00,135.0890000000738
2030-07-26 22:00:00,135.089000000015
2030-07-26 23:00:00,135.08900000001103
2030-07-27 00:00:00,135.08900000001927
2030-07-27 01:00:00,135.08900000003382
2030-07-27 02:00:00,135.08900000004738
2030-07-27 03:00:00,135.0890000000828
2030-07-27 04:00:00,135.08900000020517
2030-07-27 05:00:00,135.08900000015373
2030-07-27 06:00:00,135.08899999992616
2030-07-27 07:00:00,135.08899998121245
2030-07-27 08:00:00,59.99999999932098
2030-07-27 09:00:00,3.765903655709024e-10
2030-07-27 10:00:00,1.4907809614628162e-10
2030-07-27 11:00:00,1.3114090327766337e-10
2030-07-27 12:00:00,1.6599462464409064e-10
2030-07-27 13:00:00,3.432202683239399e-10
2030-07-27 14:00:00,8.280334327230479e-09
2030-07-27 15:00:00,102.24886409498119
2030-07-27 16:00:00,135.0889999992335
2030-07-27 17:00:00,135.0890000000705
2030-07-27 18:00:00,135.0890000013305
2030-07-27 19:00:00,135.0890000074158
2030-07-27 20:00:00,135.0890000003964
2030-07-27 21:00:00,135.0890000001534
2030-07-27 22:00:00,135.0890000001131
2030-07-27 23:00:00,135.089000000113
2030-07-28 00:00:00,135.0890000000535
2030-07-28 01:00:00,135.08900000008413
2030-07-28 02:00:00,135.08900000009797
2030-07-28 03:00:00,135.0890000001073
2030-07-28 04:00:00,135.08900000012807
2030-07-28 05:00:00,135.08899999999278
2030-07-28 06:00:00,135.08899999840827
2030-07-28 07:00:00,60.00000000063511
2030-07-28 08:00:00,7.679930709987699e-10
2030-07-28 09:00:00,1.0988347958641324e-10
2030-07-28 10:00:00,5.316514340155651e-11
2030-07-28 11:00:00,3.784908192893583e-11
2030-07-28 12:00:00,3.9233404195959194e-11
2030-07-28 13:00:00,5.49489228428124e-11
2030-07-28 14:00:00,1.0394780068784241e-10
2030-07-28 15:00:00,7.617812063429138e-10
2030-07-28 16:00:00,102.24886408840872
2030-07-28 17:00:00,135.08899999940087
2030-07-28 18:00:00,135.08899999996137
2030-07-28 19:00:00,135.08899999998357
2030-07-28 20:00:00,135.08899999985917
2030-07-28 21:00:00,135.08899999961304
2030-07-28 22:00:00,135.08899999781946
2030-07-28 23:00:00,135.08899999487045
2030-07-29 00:00:00,135.08899999341997
2030-07-29 01:00:00,135.08899999652306
2030-07-29 02:00:00,135.08899999721706
2030-07-29 03:00:00,135.0889999942845
2030-07-29 04:00:00,135.08899996723
2030-07-29 05:00:00,60.000000000200885
2030-07-29 06:00:00,1.2007792694315804e-09
2030-07-29 07:00:00,4.106003045152939e-10
2030-07-29 08:00:00,1.582283843467084e-10
2030-07-29 09:00:00,8.06162995072197e-11
2030-07-29 10:00:00,5.733966318889693e-11
2030-07-29 11:00:00,6.904868353965452e-11
2030-07-29 12:00:00,7.319938899701299e-11
2030-07-29 13:00:00,9.231958950817452e-11
2030-07-29 14:00:00,2.0315910000241668e-10
2030-07-29 15:00:00,8.262571140568736e-10
2030-07-29 16:00:00,60.00000000061254
2030-07-29 17:00:00,135.08899999909823
2030-07-29 18:00:00,135.08899999998104
2030-07-29 19:00:00,135.0890000001099
2030-07-29 20:00:00,135.0890000001579
2030-07-29 21:00:00,135.0890000001339
2030-07-29 22:00:00,135.0889999999799
2030-07-29 23:00:00,135.08899999997791
2030-07-30 00:00:00,135.08900000009174
2030-07-30 01:00:00,135.08900000009
2030-07-30 02:00:00,135.08900000008882
2030-07-30 03:00:00,135.08900000010982
2030-07-30 04:00:00,135.08900000027742
2030-07-30 05:00:00,135.08900000025542
2030-07-30 06:00:00,135.08900000004917
2030-07-30 07:00:00,135.0889999997558
2030-07-30 08:00:00,102.24886409931572
2030-07-30 09:00:00,3.565846653287638e-09
2030-07-30 10:00:00,3.3453852398261573e-10
2030-07-30 11:00:00,1.580093600832152e-10
2030-07-30 12:00:00,1.026442032311065e-10
2030-07-30 13:00:00,9.300304604562806e-11
2030-07-30 14:00:00,1.484320374556657e-10
2030-07-30 15:00:00,4.628639825096682e-10
2030-07-30 16:00:00,60.00000000010182
2030-07-30 17:00:00,135.08899999956168
2030-07-30 18:00:00,135.08900000020725
2030-07-30 19:00:00,135.0890000030373
2030-07-30 20:00:00,135.08900000136154
2030-07-30 21:00:00,135.08900000032884
2030-07-30 22:00:00,135.089000000066
2030-07-30 23:00:00,135.089000000007
2030-07-31 00:00:00,135.08899999997857
2030-07-31 01:00:00,135.08899999994992
2030-07-31 02:00:00,135.0889999999737
2030-07-31 03:00:00,135.08899999999676
2030-07-31 04:00:00,135.08900000007452
2030-07-31 05:00:00,135.08900000002527
2030-07-31 06:00:00,135.08899999953897
2030-07-31 07:00:00,102.24886409910366
2030-07-31 08:00:00,3.6224950338738996e-09
2030-07-31 09:00:00,2.718650562158006e-10
2030-07-31 10:00:00,2.0255046134965753e-10
2030-07-31 11:00:00,9.772939936602401e-11
2030-07-31 12:00:00,7.095481026603263e-11
2030-07-31 13:00:00,6.333292175309703e-11
2030-07-31 14:00:00,8.976781139458986e-11
2030-07-31 15:00:00,2.209581664599064e-10
2030-07-31 16:00:00,1.4956760401426423e-08
2030-07-31 17:00:00,135.0889999981149
2030-07-31 18:00:00,135.08900000000804
2030-07-31 19:00:00,135.08900000023633
2030-07-31 20:00:00,135.08900000014302
2030-07-31 21:00:00,135.08900000006219
2030-07-31 22:00:00,135.08899999995901
2030-07-31 23:00:00,135.0889999998692
2030-08-01 00:00:00,135.08899999968193
2030-08-01 01:00:00,135.0889999997363
2030-08-01 02:00:00,135.08899999984263
2030-08-01 03:00:00,135.08899999990007
2030-08-01 04:00:00,135.08900000001722
2030-08-01 05:00:00,135.0889999999831
2030-08-01 06:00:00,135.08899999953184
2030-08-01 07:00:00,102.2488640996903
2030-08-01 08:00:00,59.99999999960196
2030-08-01 09:00:00,8.784075385901582e-10
2030-08-01 10:00:00,6.292110077482037e-10
2030-08-01 11:00:00,6.30400437919291e-10
2030-08-01 12:00:00,9.416145085323819e-10
2030-08-01 13:00:00,59.99999999719623
2030-08-01 14:00:00,102.24886409920109
2030-08-01 15:00:00,135.08899999941187
2030-08-01 16:00:00,135.08900000005195
2030-08-01 17:00:00,135.0890000022405
2030-08-01 18:00:00,2999.9999999992147
2030-08-01 19:00:00,2999.999999999518
2030-08-01 20:00:00,2999.9999999989454
2030-08-01 21:00:00,305.82608696026057
2030-08-01 22:00:00,135.0890000020048
2030-08-01 23:00:00,135.0890000004485
2030-08-02 00:00:00,135.08900000029408
2030-08-02 01:00:00,135.08900000023502
2030-08-02 02:00:00,135.08900000023326
2030-08-02 03:00:00,135.08900000036226
2030-08-02 04:00:00,135.08900001152122
2030-08-02 05:00:00,135.08900000554928
2030-08-02 06:00:00,135.08900000010337
2030-08-02 07:00:00,135.08899999933084
2030-08-02 08:00:00,60.000000000258254
2030-08-02 09:00:00,3.261433998626567e-10
2030-08-02 10:00:00,9.07709484468687e-11
2030-08-02 11:00:00,6.382374856239551e-11
2030-08-02 12:00:00,6.540825356297745e-11
2030-08-02 13:00:00,8.980299154157817e-11
2030-08-02 14:00:00,1.940956307793962e-10
2030-08-02 15:00:00,1.704356438458321e-09
2030-08-02 16:00:00,102.24886409721366
2030-08-02 17:00:00,135.08899999977598
2030-08-02 18:00:00,135.08900000003158
2030-08-02 19:00:00,135.08899999984993
2030-08-02 20:00:00,102.24886411207146
2030-08-02 21:00:00,59.99999999992577
2030-08-02 22:00:00,4.994750611755774e-10
2030-08-02 23:00:00,2.7891835628742796e-10
2030-08-03 00:00:00,2.548422030308665e-10
2030-08-03 01:00:00,3.233275529235177e-10
2030-08-03 02:00:00,5.124890447511182e-10
2030-08-03 03:00:00,1.4933161222719062e-09
2030-08-03 04:00:00,59.9999999991962
2030-08-03 05:00:00,60.000000000032756
2030-08-03 06:00:00,1.5793255198477763e-08
2030-08-03 07:00:00,5.333251591638666e-10
2030-08-03 08:00:00,2.5919691371181147e-10
2030-08-03 09:00:00,1.3021748429466253e-10
2030-08-03 10:00:00,9.94443614955655e-11
2030-08-03 11:00:00,6.903041372939351e-11
2030-08-03 12:00:00,6.754634164416671e-11
2030-08-03 13:00:00,1.2788481090263344e-10
2030-08-03 14:00:00,3.4563895796490737e-10
2030-08-03 15:00:00,1.1862306185454359e-08
2030-08-03 16:00:00,102.24886410014818
2030-08-03 17:00:00,135.08899999986022
2030-08-03 18:00:00,135.08900000037562
2030-08-03 19:00:00,135.08900000085117
2030-08-03 20:00:00,135.08900000029078
2030-08-03 21:00:00,135.08900000016857
2030-08-03 22:00:00,135.0890000000761
2030-08-03 23:00:00,135.08900000004513
2030-08-04 00:00:00,135.0890000000314
2030-08-04 01:00:00,135.08900000006233
2030-08-04 02:00:00,135.08900000005133
2030-08-04 03:00:00,135.08900000002114
2030-08-04 04:00:00,135.08900000003186
2030-08-04 05:00:00,135.0889999999974
2030-08-04 06:00:00,135.08899999972547
2030-08-04 07:00:00,102.24886409945377
2030-08-04 08:00:00,59.99999999694473
2030-08-04 09:00:00,5.102381724219331e-10
2030-08-04 10:00:00,2.348243065385686e-10
2030-08-04 11:00:00,1.8970592952038292e-10
2030-08-04 12:00:00,2.181378821662358e-10
2030-08-04 13:00:00,4.1540664897800727e-10
2030-08-04 14:00:00,2.6426362278491057e-09
2030-08-04 15:00:00,60.000000002811156
2030-08-04 16:00:00,135.08899999936955
2030-08-04 17:00:00,135.08900000006537
2030-08-04 18:00:00,135.08900000070474
2030-08-04 19:00:00,135.0890000068615
2030-08-04 20:00:00,135.08900000185818
2030-08-04 21:00:00,135.08900000052228
2030-08-04 22:00:00,135.089000000283
2030-08-04 23:00:00,135.0890000001598
2030-08-05 00:00:00,135.08900000010587
2030-08-05 01:00:00,135.08900000007304
2030-08-05 02:00:00,135.08900000005605
2030-08-05 03:00:00,135.0890000000454
2030-08-05 04:00:00,135.08900000006227
2030-08-05 05:00:00,135.08899999998985
2030-08-05 06:00:00,135.08899999961022
2030-08-05 07:00:00,102.24886410014118
2030-08-05 08:00:00,59.999999997908176
2030-08-05 09:00:00,1.9129932723371991e-10
2030-08-05 10:00:00,7.652517041834922e-11
2030-08-05 11:00:00,5.865527784286056e-11
2030-08-05 12:00:00,6.92610757723904e-11
2030-08-05 13:00:00,1.106089426797696e-10
2030-08-05 14:00:00,2.6270364232815403e-10
2030-08-05 15:00:00,2.1154026811225947e-08
2030-08-05 16:00:00,102.24886410224511
2030-08-05 17:00:00,135.0889999999811
2030-08-05 18:00:00,135.0890000011238
2030-08-05 19:00:00,135.08900001976255
2030-08-05 20:00:00,135.08900001013168
2030-08-05 21:00:00,135.0890000008165
2030-08-05 22:00:00,135.08900000023894
2030-08-05 23:00:00,135.0890000000959
2030-08-06 00:00:00,135.08900000010314
2030-08-06 01:00:00,135.08900000011428
2030-08-06 02:00:00,135.08900000015944
2030-08-06 03:00:00,135.08900000031062
2030-08-06 04:00:00,135.0890000078027
2030-08-06 05:00:00,135.08900001572562
2030-08-06 06:00:00,135.08900000050468
2030-08-06 07:00:00,135.08900000004496
2030-08-06 08:00:00,135.08899999977118
2030-08-06 09:00:00,135.088999997276
2030-08-06 10:00:00,102.24886409956247
2030-08-06 11:00:00,102.24886409075383
2030-08-06 12:00:00,102.24886409416582
2030-08-06 13:00:00,102.24886409830481
2030-08-06 14:00:00,102.24886409899214
2030-08-06 15:00:00,135.08899999872665
2030-08-06 16:00:00,135.08900000001168
2030-08-06 17:00:00,135.0890000007271
2030-08-06 18:00:00,2999.9999999989686
2030-08-06 19:00:00,2999.9999999993765
2030-08-06 20:00:00,2999.9999999947486
2030-08-06 21:00:00,135.08900000190036
2030-08-06 22:00:00,135.08900000016655
2030-08-06 23:00:00,135.08900000005042
2030-08-07 00:00:00,135.08899999998187
2030-08-07 01:00:00,135.08899999991803
2030-08-07 02:00:00,135.0889999998137
2030-08-07 03:00:00,135.08899999959962
2030-08-07 04:00:00,135.08899999970828
2030-08-07 05:00:00,135.08899999957376
2030-08-07 06:00:00,135.08899999075715
2030-08-07 07:00:00,60.000000000245834
2030-08-07 08:00:00,2.0581436683321203e-09
2030-08-07 09:00:00,2.56177134725685e-10
2030-08-07 10:00:00,2.654265090106783e-10
2030-08-07 11:00:00,1.2386996124747494e-10
2030-08-07 12:00:00,9.66588831678105e-11
2030-08-07 13:00:00,1.1078294543599748e-10
2030-08-07 14:00:00,1.4265591398398905e-10
2030-08-07 15:00:00,3.093252380936234e-10
2030-08-07 16:00:00,1.465987351012451e-09
2030-08-07 17:00:00,60.000000000204096
2030-08-07 18:00:00,102.24886409799905
2030-08-07 19:00:00,102.24886409707834
2030-08-07 20:00:00,60.00000000016508
2030-08-07 21:00:00,2.5353237800632563e-09
2030-08-07 22:00:00,1.2778168073776713e-10
2030-08-07 23:00:00,1.2807323289525547e-10
2030-08-08 00:00:00,1.3831650357104553e-10
2030-08-08 01:00:00,1.4058770963575118e-10
2030-08-08 02:00:00,1.510263380455098e-10
2030-08-08 03:00:00,2.01283243056333e-10
2030-08-08 04:00:00,3.4821513011424717e-10
2030-08-08 05:00:00,4.3443940659982287e-10
2030-08-08 06:00:00,1.963752628895107e-10
2030-08-08 07:00:00,9.021778007822457e-11
2030-08-08 08:00:00,4.4398969586403215e-11
2030-08-08 09:00:00,1.8855881112416398e-11
2030-08-08 10:00:00,2.6240965850341837e-11
2030-08-08 11:00:00,2.0949392694345204e-11
2030-08-08 12:00:00,1.629180931229543e-11
2030-08-08 13:00:00,1.7132734876416533e-11
2030-08-08 14:00:00,3.214186928438218e-11
2030-08-08 15:00:00,7.943899618425676e-11
2030-08-08 16:00:00,2.605033418990649e-10
2030-08-08 17:00:00,59.99999999725036
2030-08-08 18:00:00,102.2488640989914
2030-08-08 19:00:00,102.24886410937351
2030-08-08 20:00:00,102.24886410804217
2030-08-08 21:00:00,102.24886409958378
2030-08-08 22:00:00,86.54343857795963
2030-08-08 23:00:00,86.54343857751135
2030-08-09 00:00:00,86.54343857650986
2030-08-09 01:00:00,86.5434385892829
2030-08-09 02:00:00,102.24886409823718
2030-08-09 03:00:00,135.088999963601
2030-08-09 04:00:00,135.0889999990531
2030-08-09 05:00:00,135.08899999935352
2030-08-09 06:00:00,135.08899998405985
2030-08-09 07:00:00,59.99999999999022
2030-08-09 08:00:00,6.906083447873756e-10
2030-08-09 09:00:00,2.1337271095510858e-10
2030-08-09 10:00:00,2.222709091574475e-10
2030-08-09 11:00:00,1.9122197375616923e-10
2030-08-09 12:00:00,1.928142854723121e-10
2030-08-09 13:00:00,3.0983217266607167e-10
2030-08-09 14:00:00,9.128254242925114e-10
2030-08-09 15:00:00,59.9999999947176
2030-08-09 16:00:00,102.24886409921295
2030-08-09 17:00:00,135.08899999982083
2030-08-09 18:00:00,135.0890000000879
2030-08-09 19:00:00,135.08900000015424
2030-08-09 20:00:00,135.08900000007355
2030-08-09 21:00:00,135.08900000001807
2030-08-09 22:00:00,135.08899999998954
2030-08-09 23:00:00,135.08899999996888
2030-08-10 00:00:00,135.0889999999577
2030-08-10 01:00:00,135.08899999996243
2030-08-10 02:00:00,135.08900000001162
2030-08-10 03:00:00,135.08900000005085
2030-08-10 04:00:00,135.0890000001783
2030-08-10 05:00:00,135.08900000021166
2030-08-10 06:00:00,135.08899999999102
2030-08-10 07:00:00,135.0889999991248
2030-08-10 08:00:00,102.24886409866053
2030-08-10 09:00:00,59.99999999934426
2030-08-10 10:00:00,2.0544047996568025e-09
2030-08-10 11:00:00,6.588665597110697e-10
2030-08-10 12:00:00,7.457329840590018e-10
2030-08-10 13:00:00,1.3595472242934888e-09
2030-08-10 14:00:00,5.103187522041787e-09
2030-08-10 15:00:00,60.0000000001503
2030-08-10 16:00:00,135.08899999450415
2030-08-10 17:00:00,135.08899999995302
2030-08-10 18:00:00,135.08900000017
2030-08-10 19:00:00,135.08900000012898
2030-08-10 20:00:00,135.08900000001512
2030-08-10 21:00:00,135.0889999999096
2030-08-10 22:00:00,135.08899999972044
2030-08-10 23:00:00,135.08899999980346
2030-08-11 00:00:00,135.08899999976427
2030-08-11 01:00:00,135.0889999998273
2030-08-11 02:00:00,135.08899999987761
2030-08-11 03:00:00,135.0889999998999
2030-08-11 04:00:00,135.08899999996032
2030-08-11 05:00:00,135.08899999987995
2030-08-11 06:00:00,135.08899999817916
2030-08-11 07:00:00,102.24886409054592
2030-08-11 08:00:00,2.143458224126627e-09
2030-08-11 09:00:00,3.061981307722585e-10
2030-08-11 10:00:00,1.823828226393684e-10
2030-08-11 11:00:00,1.3948618033182706e-10
2030-08-11 12:00:00,1.205729012124642e-10
2030-08-11 13:00:00,1.5415502049044403e-10
2030-08-11 14:00:00,3.2627326357624837e-10
2030-08-11 15:00:00,2.6059674674921178e-09
2030-08-11 16:00:00,102.24886409500773
2030-08-11 17:00:00,135.08899999942588
2030-08-11 18:00:00,135.08899999995091
2030-08-11 19:00:00,135.0889999999598
2030-08-11 20:00:00,135.08899999989075
2030-08-11 21:00:00,135.08899999983765
2030-08-11 22:00:00,135.08899999972917
2030-08-11 23:00:00,135.08899999973121
2030-08-12 00:00:00,135.08899999974844
2030-08-12 01:00:00,135.0889999997954
2030-08-12 02:00:00,135.08899999983046
2030-08-12 03:00:00,135.0889999998478
2030-08-12 04:00:00,135.08899999989657
2030-08-12 05:00:00,135.0889999998091
2030-08-12 06:00:00,135.08899999766265
2030-08-12 07:00:00,60.00000001251659
2030-08-12 08:00:00,2.5065850081467304e-09
2030-08-12 09:00:00,2.0415943540967724e-10
2030-08-12 10:00:00,1.399529610396292e-10
2030-08-12 11:00:00,1.7248631662741325e-10
2030-08-12 12:00:00,3.186699345752927e-10
2030-08-12 13:00:00,5.376354010469402e-10
2030-08-12 14:00:00,2.140795311033916e-09
2030-08-12 15:00:00,60.00000000006234
2030-08-12 16:00:00,102.24886410773408
2030-08-12 17:00:00,135.0889999998707
2030-08-12 18:00:00,135.08900000008916
2030-08-12 19:00:00,135.08900000002126
2030-08-12 20:00:00,135.08899999983058
2030-08-12 21:00:00,135.08899999920965
2030-08-12 22:00:00,114.33932960308873
2030-08-12 23:00:00,114.33932960042176
2030-08-13 00:00:00,135.08899999752222
2030-08-13 01:00:00,135.08899999875894
2030-08-13 02:00:00,135.08899999938293
2030-08-13 03:00:00,135.08899999977626
2030-08-13 04:00:00,135.08899999997308
2030-08-13 05:00:00,135.08899999997377
2030-08-13 06:00:00,135.0889999990813
2030-08-13 07:00:00,102.24886409211018
2030-08-13 08:00:00,1.1493660967601769e-09
2030-08-13 09:00:00,1.4076526466365887e-10
2030-08-13 10:00:00,7.612933305509351e-11
2030-08-13 11:00:00,6.361715641902677e-11
2030-08-13 12:00:00,7.04679456763065e-11
2030-08-13 13:00:00,1.1253275699633485e-10
2030-08-13 14:00:00,3.2491233557585505e-10
2030-08-13 15:00:00,2.519309788257519e-08
2030-08-13 16:00:00,102.24886409953983
2030-08-13 17:00:00,135.08899999986542
2030-08-13 18:00:00,135.08900000004684
2030-08-13 19:00:00,135.0889999998728
2030-08-13 20:00:00,135.0889999953933
2030-08-13 21:00:00,102.24886409394168
2030-08-13 22:00:00,60.000000000246075
2030-08-13 23:00:00,60.000000000310266
2030-08-14 00:00:00,60.00000000110652
2030-08-14 01:00:00,102.24886409825669
2030-08-14 02:00:00,102.24886410393624
2030-08-14 03:00:00,135.08899999848305
2030-08-14 04:00:00,135.08899999980042
2030-08-14 05:00:00,135.08899999987113
2030-08-14 06:00:00,135.08899999858514
2030-08-14 07:00:00,102.24886409240702
2030-08-14 08:00:00,2.4468622218443182e-09
2030-08-14 09:00:00,2.0028146462260078e-10
2030-08-14 10:00:00,8.560949051588906e-11
2030-08-14 11:00:00,7.328180122979644e-11
2030-08-14 12:00:00,8.358112324556831e-11
2030-08-14 13:00:00,1.5866608683425198e-10
2030-08-14 14:00:00,7.408602353064226e-10
2030-08-14 15:00:00,59.99999999985483
2030-08-14 16:00:00,135.0889999912217
2030-08-14 17:00:00,135.08899999986176
2030-08-14 18:00:00,135.0889999999368
2030-08-14 19:00:00,135.0889999992097
2030-08-14 20:00:00,102.24886410119248
2030-08-14 21:00:00,102.24886409445674
2030-08-14 22:00:00,102.24886408935528
2030-08-14 23:00:00,102.24886409136319
2030-08-15 00:00:00,102.24886409865843
2030-08-15 01:00:00,102.24886410432649
2030-08-15 02:00:00,135.08899999811032
2030-08-15 03:00:00,135.08899999961415
2030-08-15 04:00:00,135.08899999995108
2030-08-15 05:00:00,135.08899999999375
2030-08-15 06:00:00,135.08899999960974
2030-08-15 07:00:00,102.2488640993125
2030-08-15 08:00:00,4.1930062025556425e-09
2030-08-15 09:00:00,2.2028324713665123e-10
2030-08-15 10:00:00,8.569721620883671e-11
2030-08-15 11:00:00,6.457201110600828e-11
2030-08-15 12:00:00,7.537140536293777e-11
2030-08-15 13:00:00,1.6126762704974887e-10
2030-08-15 14:00:00,1.3986959849021213e-09
2030-08-15 15:00:00,102.24886409233183
2030-08-15 16:00:00,135.08899999971072
2030-08-15 17:00:00,135.08900000015342
2030-08-15 18:00:00,135.08900000054453
2030-08-15 19:00:00,135.08900000013622
2030-08-15 20:00:00,135.08899999996237
2030-08-15 21:00:00,135.08899999979127
2030-08-15 22:00:00,135.08899999919726
2030-08-15 23:00:00,135.08899999920163
2030-08-16 00:00:00,135.08899999937796
2030-08-16 01:00:00,135.08899999942648
2030-08-16 02:00:00,135.08899999958425
2030-08-16 03:00:00,135.08899999976634
2030-08-16 04:00:00,135.08899999996456
2030-08-16 05:00:00,135.08900000000838
2030-08-16 06:00:00,135.08899999961181
2030-08-16 07:00:00,102.24886409891924
2030-08-16 08:00:00,2.274722815420501e-09
2030-08-16 09:00:00,1.9039482174177785e-10
2030-08-16 10:00:00,8.109707077999248e-11
2030-08-16 11:00:00,4.965724847290999e-11
2030-08-16 12:00:00,4.4452698223137275e-11
2030-08-16 13:00:00,6.069021168133892e-11
2030-08-16 14:00:00,1.3033700328186892e-10
2030-08-16 15:00:00,7.471179218231318e-10
2030-08-16 16:00:00,102.24886409863217
2030-08-16 17:00:00,135.0889999998358
2030-08-16 18:00:00,135.08899999996635
2030-08-16 19:00:00,135.08899999959135
2030-08-16 20:00:00,135.08899999297148
2030-08-16 21:00:00,102.24886409941516
2030-08-16 22:00:00,102.24886410118572
2030-08-16 23:00:00,102.24886409922445
2030-08-17 00:00:00,102.24886409907903
2030-08-17 01:00:00,102.24886410067246
2030-08-17 02:00:00,135.0889999971274
2030-08-17 03:00:00,135.0889999994459
2030-08-17 04:00:00,135.0889999998924
2030-08-17 05:00:00,135.08899999998772
2030-08-17 06:00:00,135.08900000000162
2030-08-17 07:00:00,135.08899999998854
2030-08-17 08:00:00,135.08899999988566
2030-08-17 09:00:00,135.08899999949358
2030-08-17 10:00:00,135.08899999928948
2030-08-17 11:00:00,135.08899999789506
2030-08-17 12:00:00,135.08899998579463
2030-08-17 13:00:00,135.0889999956306
2030-08-17 14:00:00,135.08899999891509
2030-08-17 15:00:00,135.0889999998303
2030-08-17 16:00:00,135.08900000012355
2030-08-17 17:00:00,2999.9999999479555
2030-08-17 18:00:00,2999.9999999997153
2030-08-17 19:00:00,2999.999999999739
2030-08-17 20:00:00,2999.999999999551
2030-08-17 21:00:00,2999.9999999977267
2030-08-17 22:00:00,305.82608695174696
2030-08-17 23:00:00,135.08900000238106
2030-08-18 00:00:00,135.0890000003509
2030-08-18 01:00:00,135.08900000026915
2030-08-18 02:00:00,135.08900000023232
2030-08-18 03:00:00,135.08900000024167
2030-08-18 04:00:00,135.08900000035422
2030-08-18 05:00:00,135.08900000025812
2030-08-18 06:00:00,135.08899999999434
2030-08-18 07:00:00,135.08899999886995
2030-08-18 08:00:00,60.0000000001063
2030-08-18 09:00:00,4.064325947842418e-10
2030-08-18 10:00:00,1.2955874753642714e-10
2030-08-18 11:00:00,9.832502326383896e-11
2030-08-18 12:00:00,8.804202863340021e-11
2030-08-18 13:00:00,1.024251927144179e-10
2030-08-18 14:00:00,2.1335111224723722e-10
2030-08-18 15:00:00,3.1093415042417566e-08
2030-08-18 16:00:00,135.08899997765846
2030-08-18 17:00:00,135.08899999999193
2030-08-18 18:00:00,135.08900000035504
2030-08-18 19:00:00,135.08900000023783
2030-08-18 20:00:00,135.0890000000582
2030-08-18 21:00:00,135.08899999992394
2030-08-18 22:00:00,135.08899999955474
2030-08-18 23:00:00,135.08899999892003
2030-08-19 00:00:00,135.08899999874873
2030-08-19 01:00:00,135.0889999987343
2030-08-19 02:00:00,135.08899999914536
2030-08-19 03:00:00,135.08899999937788
2030-08-19 04:00:00,135.0889999995661
2030-08-19 05:00:00,135.08899999893723
2030-08-19 06:00:00,102.24886407349162
2030-08-19 07:00:00,1.2501511271416304e-09
2030-08-19 08:00:00,1.3886293673015084e-10
2030-08-19 09:00:00,4.092270962227477e-11
2030-08-19 10:00:00,1.8353475450310834e-11
2030-08-19 11:00:00,8.164257549971318e-12
2030-08-19 12:00:00,5.522862103589077e-12
2030-08-19 13:00:00,1.1921666935357756e-11
2030-08-19 14:00:00,3.685299640549498e-11
2030-08-19 15:00:00,1.767344128467471e-10
2030-08-19 16:00:00,59.999999999619
2030-08-19 17:00:00,135.0889999988276
2030-08-19 18:00:00,135.08899999990211
2030-08-19 19:00:00,135.08899999960886
2030-08-19 20:00:00,135.08899999387677
2030-08-19 21:00:00,102.24886409771172
2030-08-19 22:00:00,60.00000000008647
2030-08-19 23:00:00,60.000000000072454
2030-08-20 00:00:00,102.24886409827545
2030-08-20 01:00:00,102.2488641001183
2030-08-20 02:00:00,135.08899999393591
2030-08-20 03:00:00,135.08899999875226
2030-08-20 04:00:00,135.08899999978897
2030-08-20 05:00:00,135.0889999999017
2030-08-20 06:00:00,135.08899999897164
2030-08-20 07:00:00,60.000000001863924
2030-08-20 08:00:00,2.0477257323913553e-09
2030-08-20 09:00:00,2.923360470419085e-10
2030-08-20 10:00:00,1.33552920332898e-10
2030-08-20 11:00:00,9.775590503941447e-11
2030-08-20 12:00:00,9.400508315182053e-11
2030-08-20 13:00:00,1.3365781058218098e-10
2030-08-20 14:00:00,3.8533746964720285e-10
2030-08-20 15:00:00,59.99999999989163
2030-08-20 16:00:00,135.08899999947246
2030-08-20 17:00:00,135.0890000002229
2030-08-20 18:00:00,135.08900001285588
2030-08-20 19:00:00,135.08900000083213
2030-08-20 20:00:00,135.08900000014725
2030-08-20 21:00:00,135.08900000002834
2030-08-20 22:00:00,135.08899999988216
2030-08-20 23:00:00,135.08899999979687
2030-08-21 00:00:00,135.08899999911085
2030-08-21 01:00:00,135.08899999881496
2030-08-21 02:00:00,135.0889999996268
2030-08-21 03:00:00,135.08899999987506
2030-08-21 04:00:00,135.08900000003402
2030-08-21 05:00:00,135.0890000001462
2030-08-21 06:00:00,135.08900000002274
2030-08-21 07:00:00,135.08899999873742
2030-08-21 08:00:00,60.00000000069723
2030-08-21 09:00:00,8.693813697224882e-10
2030-08-21 10:00:00,1.8299684595318648e-10
2030-08-21 11:00:00,1.099567539696076e-10
2030-08-21 12:00:00,8.996492463000406e-11
2030-08-21 13:00:00,1.147954647979566e-10
2030-08-21 14:00:00,1.9294873066804116e-10
2030-08-21 15:00:00,5.049906024560685e-10
2030-08-21 16:00:00,59.999999999417916
2030-08-21 17:00:00,135.08899998797864
2030-08-21 18:00:00,135.0889999996432
2030-08-21 19:00:00,135.08899999983953
2030-08-21 20:00:00,135.08899999993935
2030-08-21 21:00:00,135.08900000001756
2030-08-21 22:00:00,135.08899999999494
2030-08-21 23:00:00,135.08900000005056
2030-08-22 00:00:00,135.08900000006457
2030-08-22 01:00:00,135.08900000006977
2030-08-22 02:00:00,135.08900000007378
2030-08-22 03:00:00,135.0890000001408
2030-08-22 04:00:00,135.08900000073163
2030-08-22 05:00:00,135.08900000991932
2030-08-22 06:00:00,135.08900000034845
2030-08-22 07:00:00,135.08899999996422
2030-08-22 08:00:00,135.08899999862803
2030-08-22 09:00:00,102.2488640880586
2030-08-22 10:00:00,59.99999999989022
2030-08-22 11:00:00,59.99999999977785
2030-08-22 12:00:00,60.0000000002378
2030-08-22 13:00:00,102.24886409254067
2030-08-22 14:00:00,135.08899999747766
2030-08-22 15:00:00,135.08899999986647
2030-08-22 16:00:00,135.0890000001704
2030-08-22 17:00:00,2999.9999999960396
2030-08-22 18:00:00,2999.9999999996667
2030-08-22 19:00:00,2999.9999999993634
2030-08-22 20:00:00,2999.999999983438
2030-08-22 21:00:00,135.0890000007985
2030-08-22 22:00:00,135.0890000001347
2030-08-22 23:00:00,135.08900000001967
2030-08-23 00:00:00,135.08899999988728
2030-08-23 01:00:00,135.08899999976492
2030-08-23 02:00:00,135.0889999994936
2030-08-23 03:00:00,135.08899999911714
2030-08-23 04:00:00,135.08899999932203
2030-08-23 05:00:00,135.08899999895053
2030-08-23 06:00:00,60.00000000249762
2030-08-23 07:00:00,9.680037048136637e-10
2030-08-23 08:00:00,1.6564670637478064e-10
2030-08-23 09:00:00,6.642983679367202e-11
2030-08-23 10:00:00,4.806308634136883e-11
2030-08-23 11:00:00,2.286502618437541e-11
2030-08-23 12:00:00,1.0730705605033153e-11
2030-08-23 13:00:00,1.3798365076935397e-11
2030-08-23 14:00:00,3.081828375126314e-11
2030-08-23 15:00:00,9.173026419884569e-11
2030-08-23 16:00:00,4.0607246121498503e-10
2030-08-23 17:00:00,60.00000000491608
2030-08-23 18:00:00,135.08899999890883
2030-08-23 19:00:00,135.08899999910702
2030-08-23 20:00:00,135.08899999878312
2030-08-23 21:00:00,135.08899999724906
2030-08-23 22:00:00,135.0889999695059
2030-08-23 23:00:00,102.24886410275705
2030-08-24 00:00:00,102.24886410049356
2030-08-24 01:00:00,102.24886410026411
2030-08-24 02:00:00,102.24886410239678
2030-08-24 03:00:00,135.0889999939789
2030-08-24 04:00:00,135.08899999924256
2030-08-24 05:00:00,135.08899999966027
2030-08-24 06:00:00,135.0889999910468
2030-08-24 07:00:00,59.99999999905127
2030-08-24 08:00:00,4.3146907513651176e-10
2030-08-24 09:00:00,1.4738276342084663e-10
2030-08-24 10:00:00,9.407811675289635e-11
2030-08-24 11:00:00,7.027620230099015e-11
2030-08-24 12:00:00,6.612134412490688e-11
2030-08-24 13:00:00,8.38388933475679e-11
2030-08-24 14:00:00,1.919783978282066e-10
2030-08-24 15:00:00,2.385816179204504e-09
2030-08-24 16:00:00,135.08899999416798
2030-08-24 17:00:00,135.08900000009646
2030-08-24 18:00:00,135.08900000847163
2030-08-24 19:00:00,135.08900000766153
2030-08-24 20:00:00,135.08900000063593
2030-08-24 21:00:00,135.08900000018753
2030-08-24 22:00:00,135.08900000003408
2030-08-24 23:00:00,135.08899999993693
2030-08-25 00:00:00,135.08899999982918
2030-08-25 01:00:00,135.08899999987872
2030-08-25 02:00:00,135.08899999985874
2030-08-25 03:00:00,135.0889999998646
2030-08-25 04:00:00,135.08899999992087
2030-08-25 05:00:00,135.08899999994324
2030-08-25 06:00:00,135.08899999975
2030-08-25 07:00:00,135.08899999833775
2030-08-25 08:00:00,102.24886409925679
2030-08-25 09:00:00,60.000000000127855
2030-08-25 10:00:00,60.00000000015411
2030-08-25 11:00:00,59.99999999488406
2030-08-25 12:00:00,4.444136271859844e-09
2030-08-25 13:00:00,59.999999991924696
2030-08-25 14:00:00,59.999999999791854
2030-08-25 15:00:00,102.24886409830421
2030-08-25 16:00:00,135.08899999980738
2030-08-25 17:00:00,135.08900000018255
2030-08-25 18:00:00,135.08900000077884
2030-08-25 19:00:00,135.08900000022953
2030-08-25 20:00:00,135.08900000004635
2030-08-25 21:00:00,135.0889999998796
2030-08-25 22:00:00,135.0889999995769
2030-08-25 23:00:00,135.08899999936168
2030-08-26 00:00:00,135.0889999983427
2030-08-26 01:00:00,135.08899999553591
2030-08-26 02:00:00,135.088999990305
2030-08-26 03:00:00,102.2488641015346
2030-08-26 04:00:00,102.24886409974354
2030-08-26 05:00:00,102.24886409891778
2030-08-26 06:00:00,60.00000000018011
2030-08-26 07:00:00,8.572172986382527e-10
2030-08-26 08:00:00,1.794719195494255e-10
2030-08-26 09:00:00,7.843894455647914e-11
2030-08-26 10:00:00,6.593662436374306e-11
2030-08-26 11:00:00,3.291760549577929e-11
2030-08-26 12:00:00,1.613169949513088e-11
2030-08-26 13:00:00,1.669507798905461e-11
2030-08-26 14:00:00,2.8771218702374632e-11
2030-08-26 15:00:00,1.2344356000282263e-10
2030-08-26 16:00:00,1.0232493017120497e-08
2030-08-26 17:00:00,102.24886410120638
2030-08-26 18:00:00,135.08899999879534
2030-08-26 19:00:00,135.0889999985236
2030-08-26 20:00:00,135.0889999938265
2030-08-26 21:00:00,102.24886409854992
2030-08-26 22:00:00,59.99999999961703
2030-08-26 23:00:00,5.551990759798955e-10
2030-08-27 00:00:00,2.956453428792952e-10
2030-08-27 01:00:00,1.7039775729143937e-10
2030-08-27 02:00:00,1.2151743672603938e-10
2030-08-27 03:00:00,1.253409429412623e-10
2030-08-27 04:00:00,2.1179586094568312e-10
2030-08-27 05:00:00,3.799398548601582e-10
2030-08-27 06:00:00,2.305743333390957e-10
2030-08-27 07:00:00,7.977908857719701e-11
2030-08-27 08:00:00,3.615497893947709e-11
2030-08-27 09:00:00,2.6927061349329857e-11
2030-08-27 10:00:00,3.98946606309246e-11
2030-08-27 11:00:00,2.1964621633397262e-11
2030-08-27 12:00:00,1.5511023961044604e-11
2030-08-27 13:00:00,1.275683532265372e-11
2030-08-27 14:00:00,1.7931630847264332e-11
2030-08-27 15:00:00,3.736376846868479e-11
2030-08-27 16:00:00,7.247649325271862e-11
2030-08-27 17:00:00,1.8553273996124833e-10
2030-08-27 18:00:00,4.146977903028053e-10
2030-08-27 19:00:00,5.493546842071694e-10
2030-08-27 20:00:00,4.484249555522157e-10
2030-08-27 21:00:00,3.298048341788061e-10
2030-08-27 22:00:00,1.322204645882821e-10
2030-08-27 23:00:00,2.680476203041819e-10
2030-08-28 00:00:00,5.630439967577868e-10
2030-08-28 01:00:00,2.093819188890138e-09
2030-08-28 02:00:00,59.999999999286885
2030-08-28 03:00:00,60.00000000103171
2030-08-28 04:00:00,135.0889999859826
2030-08-28 05:00:00,135.08899999908357
2030-08-28 06:00:00,135.08899999774337
2030-08-28 07:00:00,102.2488640973617
2030-08-28 08:00:00,2.934834721047889e-08
2030-08-28 09:00:00,1.0601201415260461e-09
2030-08-28 10:00:00,8.603724481404181e-10
2030-08-28 11:00:00,3.4858996200081855e-10
2030-08-28 12:00:00,3.0497832836981325e-10
2030-08-28 13:00:00,4.919545932845747e-10
2030-08-28 14:00:00,1.8877611545598985e-09
2030-08-28 15:00:00,60.000000000391275
2030-08-28 16:00:00,135.08899999936895
2030-08-28 17:00:00,135.08900000028783
2030-08-28 18:00:00,135.0890000273673
2030-08-28 19:00:00,135.08900000053367
2030-08-28 20:00:00,135.0890000000477
2030-08-28 21:00:00,135.0889999997127
2030-08-28 22:00:00,102.24886409877186
2030-08-28 23:00:00,60.0000000108876
2030-08-29 00:00:00,60.00000000206066
2030-08-29 01:00:00,60.000000002741004
2030-08-29 02:00:00,60.000000004560675
2030-08-29 03:00:00,102.24886409869188
2030-08-29 04:00:00,135.08899981074867
2030-08-29 05:00:00,135.088999997987
2030-08-29 06:00:00,102.24886409890274
2030-08-29 07:00:00,59.99999999658129
2030-08-29 08:00:00,6.906679299392963e-10
2030-08-29 09:00:00,2.3251590713612258e-10
2030-08-29 10:00:00,1.443473066356406e-10
2030-08-29 11:00:00,1.424165104381501e-10
2030-08-29 12:00:00,2.1860749789292858e-10
2030-08-29 13:00:00,4.3289622007981397e-10
2030-08-29 14:00:00,3.7855774775621015e-09
2030-08-29 15:00:00,102.24886409926769
2030-08-29 16:00:00,135.0889999998049
2030-08-29 17:00:00,135.0890000001948
2030-08-29 18:00:00,135.08900000148216
2030-08-29 19:00:00,135.08900000038741
2030-08-29 20:00:00,135.08900000020546
2030-08-29 21:00:00,135.08900000013023
2030-08-29 22:00:00,135.08900000011087
2030-08-29 23:00:00,135.089000000087
2030-08-30 00:00:00,135.0890000000634
2030-08-30 01:00:00,135.08900000009803
2030-08-30 02:00:00,135.08900000020085
2030-08-30 03:00:00,135.08900000048843
2030-08-30 04:00:00,135.08900003418003
2030-08-30 05:00:00,2999.9999999964316
2030-08-30 06:00:00,135.08900000074664
2030-08-30 07:00:00,135.08899999997743
2030-08-30 08:00:00,135.08899999536592
2030-08-30 09:00:00,60.00000000036545
2030-08-30 10:00:00,4.864982771749584e-09
2030-08-30 11:00:00,5.157379376298923e-10
2030-08-30 12:00:00,4.929385151814361e-10
2030-08-30 13:00:00,3.2842824072801114e-09
2030-08-30 14:00:00,60.000000000330544
2030-08-30 15:00:00,135.08899999759322
2030-08-30 16:00:00,135.08900000003334
2030-08-30 17:00:00,135.08900000243577
2030-08-30 18:00:00,135.08900001165446
2030-08-30 19:00:00,135.08900000026242
2030-08-30 20:00:00,135.08899999999494
2030-08-30 21:00:00,135.08899999958368
2030-08-30 22:00:00,102.248864099673
2030-08-30 23:00:00,102.24886409834784
2030-08-31 00:00:00,102.24886409922131
2030-08-31 01:00:00,102.24886409995172
2030-08-31 02:00:00,102.24886410422368
2030-08-31 03:00:00,135.088999998408
2030-08-31 04:00:00,135.08899999988188
2030-08-31 05:00:00,135.08900000007742
2030-08-31 06:00:00,135.08900000007517
2030-08-31 07:00:00,135.08900000000494
2030-08-31 08:00:00,135.08899999987432
2030-08-31 09:00:00,135.08899999953255
2030-08-31 10:00:00,135.08899999936426
2030-08-31 11:00:00,135.08899999921323
2030-08-31 12:00:00,135.08899999933413
2030-08-31 13:00:00,135.08899999979516
2030-08-31 14:00:00,135.08899999995828
2030-08-31 15:00:00,135.08900000013017
2030-08-31 16:00:00,135.0890000013846
2030-08-31 17:00:00,2999.999999998587
2030-08-31 18:00:00,2999.9999999993647
2030-08-31 19:00:00,2999.9999999897045
2030-08-31 20:00:00,135.0890000014092
2030-08-31 21:00:00,135.0890000002894
2030-08-31 22:00:00,135.08900000006255
2030-08-31 23:00:00,135.08899999997664
2030-09-01 00:00:00,135.08899999987864
2030-09-01 01:00:00,135.0889999998222
2030-09-01 02:00:00,135.0889999998055
2030-09-01 03:00:00,135.088999999807
2030-09-01 04:00:00,135.08899999988753
2030-09-01 05:00:00,135.0889999999436
2030-09-01 06:00:00,135.08899999982646
2030-09-01 07:00:00,135.08899999926635
2030-09-01 08:00:00,102.24886410008959
2030-09-01 09:00:00,60.000000000978616
2030-09-01 10:00:00,59.999999999969
2030-09-01 11:00:00,3.170065747382405e-09
2030-09-01 12:00:00,1.085151266886997e-09
2030-09-01 13:00:00,1.340007196290141e-09
2030-09-01 14:00:00,3.629535908064557e-09
2030-09-01 15:00:00,60.00000000006387
2030-09-01 16:00:00,102.24886410065352
2030-09-01 17:00:00,135.0889999990032
2030-09-01 18:00:00,135.08899999916173
2030-09-01 19:00:00,135.08899999753822
2030-09-01 20:00:00,135.08899999133754
2030-09-01 21:00:00,135.08899998294407
2030-09-01 22:00:00,102.24886410635806
2030-09-01 23:00:00,102.24886410682842
2030-09-02 00:00:00,102.24886410730606
2030-09-02 01:00:00,102.24886410617712
2030-09-02 02:00:00,102.24886410689032
2030-09-02 03:00:00,135.08899999377746
2030-09-02 04:00:00,135.0889999975062
2030-09-02 05:00:00,135.08899999865508
2030-09-02 06:00:00,135.08899997989923
2030-09-02 07:00:00,60.00000000091919
2030-09-02 08:00:00,59.99999999862046
2030-09-02 09:00:00,6.2747097735113426e-09
2030-09-02 10:00:00,3.6357569109836124e-09
2030-09-02 11:00:00,1.2952901096820573e-09
2030-09-02 12:00:00,1.3656759798894755e-09
2030-09-02 13:00:00,4.365406515824073e-09
2030-09-02 14:00:00,4.1391705618174225e-07
2030-09-02 15:00:00,60.000000001368406
2030-09-02 16:00:00,135.08899999831675
2030-09-02 17:00:00,135.08899999990308
2030-09-02 18:00:00,135.08899999997732
2030-09-02 19:00:00,135.08899999987045
2030-09-02 20:00:00,135.08899999980392
2030-09-02 21:00:00,135.0889999996542
2030-09-02 22:00:00,135.08899999873668
2030-09-02 23:00:00,135.08899999808344
2030-09-03 00:00:00,135.08899999952104
2030-09-03 01:00:00,135.08899999940255
2030-09-03 02:00:00,135.08899999940851
2030-09-03 03:00:00,135.08899999951515
2030-09-03 04:00:00,135.08899999986372
2030-09-03 05:00:00,135.0890000000077
2030-09-03 06:00:00,135.08899999992053
2030-09-03 07:00:00,135.0889999993211
2030-09-03 08:00:00,102.24886409978896
2030-09-03 09:00:00,59.999999995758074
2030-09-03 10:00:00,1.2208166739604148e-09
2030-09-03 11:00:00,8.475723680540909e-10
2030-09-03 12:00:00,1.5781278847913666e-09
2030-09-03 13:00:00,6.396826143776446e-09
2030-09-03 14:00:00,60.00000000064042
2030-09-03 15:00:00,135.08899999949216
2030-09-03 16:00:00,135.08900000011784
2030-09-03 17:00:00,305.8260869156135
2030-09-03 18:00:00,2999.9999999985966
2030-09-03 19:00:00,2999.999999992565
2030-09-03 20:00:00,2999.9999989111016
2030-09-03 21:00:00,135.08900000191426
2030-09-03 22:00:00,135.08900000036806
2030-09-03 23:00:00,135.08900000022172
2030-09-04 00:00:00,135.08900000013006
2030-09-04 01:00:00,135.08900000011715
2030-09-04 02:00:00,135.08900000015143
2030-09-04 03:00:00,135.0890000002535
2030-09-04 04:00:00,135.08900000588451
2030-09-04 05:00:00,2999.99999998727
2030-09-04 06:00:00,135.0890000028988
2030-09-04 07:00:00,135.08900000008452
2030-09-04 08:00:00,135.088999999794
2030-09-04 09:00:00,102.2488641076512
2030-09-04 10:00:00,102.24886409877236
2030-09-04 11:00:00,102.24886409881128
2030-09-04 12:00:00,102.24886410069564
2030-09-04 13:00:00,135.08899998673976
2030-09-04 14:00:00,135.0889999986273
2030-09-04 15:00:00,135.088999999914
2030-09-04 16:00:00,135.08900000013273
2030-09-04 17:00:00,135.08900000222707
2030-09-04 18:00:00,135.0890000093669
2030-09-04 19:00:00,135.0890000004032
2030-09-04 20:00:00,135.0890000001245
2030-09-04 21:00:00,135.089000000034
2030-09-04 22:00:00,135.08899999999107
2030-09-04 23:00:00,135.0889999999413
2030-09-05 00:00:00,135.08899999995393
2030-09-05 01:00:00,135.0889999999725
2030-09-05 02:00:00,135.08899999998116
2030-09-05 03:00:00,135.08900000002063
2030-09-05 04:00:00,135.08900000016902
2030-09-05 05:00:00,135.08900000047743
2030-09-05 06:00:00,135.089000000094
2030-09-05 07:00:00,135.08899999972786
2030-09-05 08:00:00,102.24886409908487
2030-09-05 09:00:00,4.64180385182622e-09
2030-09-05 10:00:00,4.3743749945330446e-10
2030-09-05 11:00:00,2.2006831146430466e-10
2030-09-05 12:00:00,1.7547786570802835e-10
2030-09-05 13:00:00,2.5932147818881305e-10
2030-09-05 14:00:00,7.070022576234182e-10
2030-09-05 15:00:00,59.99999999997835
2030-09-05 16:00:00,135.08899999933394
2030-09-05 17:00:00,135.08900000012255
2030-09-05 18:00:00,135.08900000026387
2030-09-05 19:00:00,135.0890000000815
2030-09-05 20:00:00,135.08899999997539
2030-09-05 21:00:00,135.08899999987517
2030-09-05 22:00:00,135.08899999991627
2030-09-05 23:00:00,135.0889999999153
2030-09-06 00:00:00,135.08899999989754
2030-09-06 01:00:00,135.0889999988067
2030-09-06 02:00:00,135.08899999977447
2030-09-06 03:00:00,135.08899999995725
2030-09-06 04:00:00,135.08900000015336
2030-09-06 05:00:00,135.0890000007053
2030-09-06 06:00:00,135.08900000012443
2030-09-06 07:00:00,135.08899999992667
2030-09-06 08:00:00,135.08899999900245
2030-09-06 09:00:00,102.24886410015989
2030-09-06 10:00:00,102.24886409846718
2030-09-06 11:00:00,102.24886404496463
2030-09-06 12:00:00,60.00000000006409
2030-09-06 13:00:00,59.99999999824497
2030-09-06 14:00:00,59.999999998525425
2030-09-06 15:00:00,59.99999999986947
2030-09-06 16:00:00,60.00000000617291
2030-09-06 17:00:00,102.24886410231082
2030-09-06 18:00:00,102.24886410319398
2030-09-06 19:00:00,102.24886409909656
2030-09-06 20:00:00,102.24886409408067
2030-09-06 21:00:00,60.00000000922751
2030-09-06 22:00:00,70.88846880760913
2030-09-06 23:00:00,60.00000000192341
2030-09-07 00:00:00,60.00000000195252
2030-09-07 01:00:00,60.00000000187891
2030-09-07 02:00:00,60.00000000453439
2030-09-07 03:00:00,102.24886409609519
2030-09-07 04:00:00,135.08899999258986
2030-09-07 05:00:00,135.08899999905606
2030-09-07 06:00:00,135.08899999828998
2030-09-07 07:00:00,102.2488640991817
2030-09-07 08:00:00,1.7916548709153232e-06
2030-09-07 09:00:00,1.4622934858148677e-09
2030-09-07 10:00:00,5.207334236644206e-09
2030-09-07 11:00:00,1.3817470614212252e-09
2030-09-07 12:00:00,4.382811486996454e-10
2030-09-07 13:00:00,2.8068973903297527e-10
2030-09-07 14:00:00,5.012353632649334e-10
2030-09-07 15:00:00,59.9999999960655
2030-09-07 16:00:00,135.0889999830017
2030-09-07 17:00:00,135.08900000000355
2030-09-07 18:00:00,135.08900000001472
2030-09-07 19:00:00,135.0889999998775
2030-09-07 20:00:00,135.08899999893555
2030-09-07 21:00:00,102.24886410137364
2030-09-07 22:00:00,60.00000000061104
2030-09-07 23:00:00,59.99999999974703
2030-09-08 00:00:00,2.578083227685558e-09
2030-09-08 01:00:00,7.503078953247692e-10
2030-09-08 02:00:00,5.003187333608742e-10
2030-09-08 03:00:00,4.6152098670781366e-10
2030-09-08 04:00:00,5.729111334365058e-10
2030-09-08 05:00:00,6.712811791655407e-10
2030-09-08 06:00:00,3.183828796109959e-10
2030-09-08 07:00:00,1.5014465871156046e-10
2030-09-08 08:00:00,8.278157738134884e-11
2030-09-08 09:00:00,4.3984802977736434e-11
2030-09-08 10:00:00,4.304578396763218e-11
2030-09-08 11:00:00,2.2020296831656702e-11
2030-09-08 12:00:00,1.4732987503267706e-11
2030-09-08 13:00:00,2.0942104964301678e-11
2030-09-08 14:00:00,5.896110353263022e-11
2030-09-08 15:00:00,2.4867318076630987e-10
2030-09-08 16:00:00,59.99999999871192
2030-09-08 17:00:00,135.08899999056888
2030-09-08 18:00:00,135.08899999897866
2030-09-08 19:00:00,135.08899999856212
2030-09-08 20:00:00,135.0889999983052
2030-09-08 21:00:00,135.0889999971975
2030-09-08 22:00:00,135.08899999788045
2030-09-08 23:00:00,135.0889999968128
2030-09-09 00:00:00,135.0889999956942
2030-09-09 01:00:00,135.08899999705878
2030-09-09 02:00:00,135.08899999799294
2030-09-09 03:00:00,135.08899999921042
2030-09-09 04:00:00,135.08899999835305
2030-09-09 05:00:00,135.08899999909485
2030-09-09 06:00:00,102.24886409972137
2030-09-09 07:00:00,59.99999999810096
2030-09-09 08:00:00,3.6896570897088137e-10
2030-09-09 09:00:00,9.60228597513687e-11
2030-09-09 10:00:00,5.480968835677449e-11
2030-09-09 11:00:00,2.8761175816914654e-11
2030-09-09 12:00:00,2.2341816297514337e-11
2030-09-09 13:00:00,3.198555514810189e-11
2030-09-09 14:00:00,7.28165842104269e-11
2030-09-09 15:00:00,3.048422364074425e-10
2030-09-09 16:00:00,60.00000000058753
2030-09-09 17:00:00,135.08900000015134
2030-09-09 18:00:00,135.08899999988526
2030-09-09 19:00:00,135.0889999998807
2030-09-09 20:00:00,135.0889999998545
2030-09-09 21:00:00,135.088999999901
2030-09-09 22:00:00,135.0890000001244
2030-09-09 23:00:00,135.08900000013824
2030-09-10 00:00:00,135.08900000018093
2030-09-10 01:00:00,135.0890000002185
2030-09-10 02:00:00,135.08900000039375
2030-09-10 03:00:00,135.08900000079316
2030-09-10 04:00:00,135.08900013299598
2030-09-10 05:00:00,2999.9999999986157
2030-09-10 06:00:00,135.08900000063602
2030-09-10 07:00:00,135.08899999988935
2030-09-10 08:00:00,102.2488640986247
2030-09-10 09:00:00,9.902478146822896e-09
2030-09-10 10:00:00,2.7549941336741524e-10
2030-09-10 11:00:00,1.6560637228887697e-10
2030-09-10 12:00:00,1.592013498482211e-10
2030-09-10 13:00:00,2.9622672903118997e-10
2030-09-10 14:00:00,4.139170650444501e-09
2030-09-10 15:00:00,102.24886409832195
2030-09-10 16:00:00,135.08899999988122
2030-09-10 17:00:00,135.0890000001764
2030-09-10 18:00:00,135.0889999999703
2030-09-10 19:00:00,135.08899999946422
2030-09-10 20:00:00,135.08899997679237
2030-09-10 21:00:00,60.00000000493396
2030-09-10 22:00:00,59.999999998174005
2030-09-10 23:00:00,59.99999999892591
2030-09-11 00:00:00,59.99999999947456
2030-09-11 01:00:00,59.999999999842714
2030-09-11 02:00:00,60.00000000040296
2030-09-11 03:00:00,102.24886409689155
2030-09-11 04:00:00,135.08899999718142
2030-09-11 05:00:00,135.08899999950384
2030-09-11 06:00:00,135.08899999954042
2030-09-11 07:00:00,102.24886409779684
2030-09-11 08:00:00,1.8939451345822155e-08
2030-09-11 09:00:00,6.516256063777987e-10
2030-09-11 10:00:00,3.895563679786504e-10
2030-09-11 11:00:00,1.9195321823682215e-10
2030-09-11 12:00:00,1.6406162046066363e-10
2030-09-11 13:00:00,2.4042693051254834e-10
2030-09-11 14:00:00,1.1178680398568588e-09
2030-09-11 15:00:00,102.24886409722279
2030-09-11 16:00:00,135.08899999990695
2030-09-11 17:00:00,135.0890000003263
2030-09-11 18:00:00,135.08900000042902
2030-09-11 19:00:00,135.0890000000873
2030-09-11 20:00:00,135.0889999999473
2030-09-11 21:00:00,135.08900000000307
2030-09-11 22:00:00,135.08899999992613
2030-09-11 23:00:00,135.0889999997914
2030-09-12 00:00:00,135.0889999996359
2030-09-12 01:00:00,135.08899999928846
2030-09-12 02:00:00,135.08899999889562
2030-09-12 03:00:00,135.088999999074
2030-09-12 04:00:00,135.08899999980017
2030-09-12 05:00:00,135.0889999999139
2030-09-12 06:00:00,135.08899999893404
2030-09-12 07:00:00,60.00000000067541
2030-09-12 08:00:00,2.1446380391305133e-09
2030-09-12 09:00:00,4.936517253539402e-10
2030-09-12 10:00:00,3.702416823634459e-10
2030-09-12 11:00:00,2.3147784228653898e-10
2030-09-12 12:00:00,2.98296912788309e-10
2030-09-12 13:00:00,4.2084094494071425e-10
2030-09-12 14:00:00,1.4574578552445556e-09
2030-09-12 15:00:00,59.99999999998317
2030-09-12 16:00:00,135.0889999935281
2030-09-12 17:00:00,135.08899999971362
2030-09-12 18:00:00,135.0889999994893
2030-09-12 19:00:00,135.08899999838093
2030-09-12 20:00:00,135.0889999965429
2030-09-12 21:00:00,135.088999997117
2030-09-12 22:00:00,135.0889999975663
2030-09-12 23:00:00,135.08899999482531
2030-09-13 00:00:00,135.08899999326582
2030-09-13 01:00:00,135.0889999969414
2030-09-13 02:00:00,135.08899999907246
2030-09-13 03:00:00,135.088999999807
2030-09-13 04:00:00,135.08900000002976
2030-09-13 05:00:00,135.08900000019622
2030-09-13 06:00:00,135.08900000014995
2030-09-13 07:00:00,135.08900000004408
2030-09-13 08:00:00,135.08899999980827
2030-09-13 09:00:00,135.0889999976525
2030-09-13 10:00:00,102.2488640991394
2030-09-13 11:00:00,60.00000000116841
2030-09-13 12:00:00,60.000000000072134
2030-09-13 13:00:00,60.000000000032934
2030-09-13 14:00:00,60.000000000924004
2030-09-13 15:00:00,102.24886410163694
2030-09-13 16:00:00,135.08899999989802
2030-09-13 17:00:00,135.08900000039654
2030-09-13 18:00:00,159.60420586674005
2030-09-13 19:00:00,135.08900002911946
2030-09-13 20:00:00,135.08900000073382
2030-09-13 21:00:00,135.0890000002958
2030-09-13 22:00:00,135.08900000007162
2030-09-13 23:00:00,135.0890000000181
2030-09-14 00:00:00,135.08900000000776
2030-09-14 01:00:00,135.0890000000367
2030-09-14 02:00:00,135.0890000000301
2030-09-14 03:00:00,135.08900000017758
2030-09-14 04:00:00,135.08900004350932
2030-09-14 05:00:00,2999.999999999353
2030-09-14 06:00:00,305.8260869542109
2030-09-14 07:00:00,135.08900000014867
2030-09-14 08:00:00,135.088999999814
2030-09-14 09:00:00,135.0889999945514
2030-09-14 10:00:00,135.08899997451934
2030-09-14 11:00:00,135.08899997167433
2030-09-14 12:00:00,135.08899999603128
2030-09-14 13:00:00,135.08899999949048
2030-09-14 14:00:00,135.08899999993633
2030-09-14 15:00:00,135.08900000016703
2030-09-14 16:00:00,135.0890000109509
2030-09-14 17:00:00,2999.9999999993656
2030-09-14 18:00:00,2999.9999999990805
2030-09-14 19:00:00,305.8260870378278
2030-09-14 20:00:00,135.0890000005252
2030-09-14 21:00:00,135.08900000011496
2030-09-14 22:00:00,135.0889999998059
2030-09-14 23:00:00,135.08899999612623
2030-09-15 00:00:00,102.24886409224779
2030-09-15 01:00:00,60.00000000004386
2030-09-15 02:00:00,1.3574272123039037e-08
2030-09-15 03:00:00,1.1078672019751648e-09
2030-09-15 04:00:00,4.8796618713804e-10
2030-09-15 05:00:00,3.0103575345903887e-10
2030-09-15 06:00:00,1.4417236386476122e-10
2030-09-15 07:00:00,5.954878314232743e-11
2030-09-15 08:00:00,2.1463559173329534e-11
2030-09-15 09:00:00,-2.1168062356776823e-12
2030-09-15 10:00:00,-1.0678543313232568e-11
2030-09-15 11:00:00,-1.9702391975799414e-11
2030-09-15 12:00:00,-2.340035907766931e-11
2030-09-15 13:00:00,-1.9899154383004702e-11
2030-09-15 14:00:00,-8.20066639376128e-12
2030-09-15 15:00:00,1.7456021894325197e-11
2030-09-15 16:00:00,6.449803640757599e-11
2030-09-15 17:00:00,1.1236919089798893e-10
2030-09-15 18:00:00,1.0388660714203529e-10
2030-09-15 19:00:00,8.590065067949298e-11
2030-09-15 20:00:00,7.873335011635415e-11
2030-09-15 21:00:00,7.406357026981684e-11
2030-09-15 22:00:00,5.698638272647108e-11
2030-09-15 23:00:00,7.285874767423996e-11
2030-09-16 00:00:00,8.884553244679188e-11
2030-09-16 01:00:00,9.159765251986351e-11
2030-09-16 02:00:00,1.2003155861950956e-10
2030-09-16 03:00:00,1.5243801150399878e-10
2030-09-16 04:00:00,2.5555152942568354e-10
2030-09-16 05:00:00,5.00355681739406e-10
2030-09-16 06:00:00,5.861210200060157e-10
2030-09-16 07:00:00,2.8818682767216503e-10
2030-09-16 08:00:00,1.4314382321325923e-10
2030-09-16 09:00:00,8.169458994336204e-11
2030-09-16 10:00:00,7.749305466265214e-11
2030-09-16 11:00:00,6.837453001573707e-11
2030-09-16 12:00:00,7.86854058826298e-11
2030-09-16 13:00:00,9.66599759630396e-11
2030-09-16 14:00:00,1.910614984754892e-10
2030-09-16 15:00:00,1.629748127763215e-09
2030-09-16 16:00:00,102.24886409289667
2030-09-16 17:00:00,135.0889999994599
2030-09-16 18:00:00,135.0889999998144
2030-09-16 19:00:00,135.08899999980693
2030-09-16 20:00:00,135.08899999972542
2030-09-16 21:00:00,135.0889999994905
2030-09-16 22:00:00,135.0889999917524
2030-09-16 23:00:00,135.08899999106077
2030-09-17 00:00:00,135.08899999929434
2030-09-17 01:00:00,135.08899999953812
2030-09-17 02:00:00,135.08899999973502
2030-09-17 03:00:00,135.08899999987884
2030-09-17 04:00:00,135.0890000000054
2030-09-17 05:00:00,135.08900000008344
2030-09-17 06:00:00,135.08899999993065
2030-09-17 07:00:00,135.08899998962593
2030-09-17 08:00:00,59.99999999970995
2030-09-17 09:00:00,4.2077053119879323e-10
2030-09-17 10:00:00,1.0930024513766207e-10
2030-09-17 11:00:00,8.423515425430964e-11
2030-09-17 12:00:00,8.653913271700794e-11
2030-09-17 13:00:00,1.304171078199082e-10
2030-09-17 14:00:00,4.0386776838637035e-10
2030-09-17 15:00:00,60.0000000013099
2030-09-17 16:00:00,135.08899999992207
2030-09-17 17:00:00,135.08900000217582
2030-09-17 18:00:00,135.08900000247044
2030-09-17 19:00:00,135.0890000001884
2030-09-17 20:00:00,135.08899999998042
2030-09-17 21:00:00,135.08899999969796
2030-09-17 22:00:00,135.08899998900625
2030-09-17 23:00:00,102.24886409453124
2030-09-18 00:00:00,102.24886409313338
2030-09-18 01:00:00,102.24886409243474
2030-09-18 02:00:00,102.24886409195446
2030-09-18 03:00:00,102.24886409383251
2030-09-18 04:00:00,135.08899999053543
2030-09-18 05:00:00,135.08899999925848
2030-09-18 06:00:00,135.0889999928223
2030-09-18 07:00:00,102.24886409309384
2030-09-18 08:00:00,60.000000000005926
2030-09-18 09:00:00,2.5112229501772342e-09
2030-09-18 10:00:00,1.220275625316553e-09
2030-09-18 11:00:00,6.462217802478526e-10
2030-09-18 12:00:00,9.772929051333887e-10
2030-09-18 13:00:00,8.958498848481155e-09
2030-09-18 14:00:00,102.24886408684492
2030-09-18 15:00:00,135.0889999993953
2030-09-18 16:00:00,135.08900000020785
2030-09-18 17:00:00,2999.9999999993597
2030-09-18 18:00:00,2999.9999999995753
2030-09-18 19:00:00,2999.9999999984852
2030-09-18 20:00:00,135.08900003932658
2030-09-18 21:00:00,135.08900000035064
2030-09-18 22:00:00,135.08900000004562
2030-09-18 23:00:00,135.08899999990135
2030-09-19 00:00:00,135.0889999993158
2030-09-19 01:00:00,135.08899999156827
2030-09-19 02:00:00,135.08899999016194
2030-09-19 03:00:00,135.08899999078875
2030-09-19 04:00:00,135.08899999914246
2030-09-19 05:00:00,135.08899999978647
2030-09-19 06:00:00,135.08899999713276
2030-09-19 07:00:00,102.24886388391776
2030-09-19 08:00:00,4.768630038702326e-09
2030-09-19 09:00:00,4.5820899925952147e-10
2030-09-19 10:00:00,4.029806469337953e-10
2030-09-19 11:00:00,2.5898856234186365e-10
2030-09-19 12:00:00,3.235914534189225e-10
2030-09-19 13:00:00,1.0042345940005241e-09
2030-09-19 14:00:00,59.99999999962928
2030-09-19 15:00:00,102.24886409272264
2030-09-19 16:00:00,135.08899999790498
2030-09-19 17:00:00,135.0889999998313
2030-09-19 18:00:00,135.08899999976722
2030-09-19 19:00:00,135.08899999836646
2030-09-19 20:00:00,135.0889999893381
2030-09-19 21:00:00,114.33932959790923
2030-09-19 22:00:00,114.33932960355916
2030-09-19 23:00:00,135.0889999700239
2030-09-20 00:00:00,135.0889999847116
2030-09-20 01:00:00,135.088999989323
2030-09-20 02:00:00,135.08899998872732
2030-09-20 03:00:00,135.08899998954973
2030-09-20 04:00:00,135.0889999991012
2030-09-20 05:00:00,135.08899999971896
2030-09-20 06:00:00,135.08899999414135
2030-09-20 07:00:00,60.00000000088173
2030-09-20 08:00:00,9.3752780330876e-10
2030-09-20 09:00:00,2.2654268359865367e-10
2030-09-20 10:00:00,1.9807763669980458e-10
2030-09-20 11:00:00,1.1667615277622541e-10
2030-09-20 12:00:00,9.106650461256454e-11
2030-09-20 13:00:00,9.612880998874624e-11
2030-09-20 14:00:00,1.4165998595461186e-10
2030-09-20 15:00:00,5.247291576163435e-10
2030-09-20 16:00:00,102.24886409080274
2030-09-20 17:00:00,135.08899999983203
2030-09-20 18:00:00,135.08899999993506
2030-09-20 19:00:00,135.08899999987935
2030-09-20 20:00:00,135.08899999979457
2030-09-20 21:00:00,135.08899999957106
2030-09-20 22:00:00,135.08899998933308
2030-09-20 23:00:00,135.08899998931525
2030-09-21 00:00:00,135.08899998927208
2030-09-21 01:00:00,135.08899998964566
2030-09-21 02:00:00,135.08899999817825
2030-09-21 03:00:00,135.08899999980105
2030-09-21 04:00:00,135.0890000000051
2030-09-21 05:00:00,135.08900000019042
2030-09-21 06:00:00,135.08900000004738
2030-09-21 07:00:00,135.08899998894012
2030-09-21 08:00:00,59.999999999830585
2030-09-21 09:00:00,6.970529984674824e-10
2030-09-21 10:00:00,5.292259671330208e-10
2030-09-21 11:00:00,3.757549057632841e-10
2030-09-21 12:00:00,4.033795466459991e-10
2030-09-21 13:00:00,7.04753303881834e-10
2030-09-21 14:00:00,5.56077474788477e-09
2030-09-21 15:00:00,102.248864090871
2030-09-21 16:00:00,135.08899999984496
2030-09-21 17:00:00,135.08900000025778
2030-09-21 18:00:00,135.08900000036368
2030-09-21 19:00:00,135.08900000015146
2030-09-21 20:00:00,135.0890000000358
2030-09-21 21:00:00,135.0889999999096
2030-09-21 22:00:00,135.0889999994344
2030-09-21 23:00:00,135.08899998915487
2030-09-22 00:00:00,135.0889999851567
2030-09-22 01:00:00,135.08899996868882
2030-09-22 02:00:00,102.24886408163185
2030-09-22 03:00:00,102.24886407949802
2030-09-22 04:00:00,102.24886407921522
2030-09-22 05:00:00,102.24886408008898
2030-09-22 06:00:00,102.24886407713547
2030-09-22 07:00:00,9.5590438288054e-09
2030-09-22 08:00:00,4.635191223685414e-10
2030-09-22 09:00:00,1.604375074823664e-10
2030-09-22 10:00:00,8.360887250683125e-11
2030-09-22 11:00:00,6.17268840729994e-11
2030-09-22 12:00:00,6.726087131513857e-11
2030-09-22 13:00:00,1.256040325444783e-10
2030-09-22 14:00:00,3.765445372826178e-10
2030-09-22 15:00:00,59.999999999670614
2030-09-22 16:00:00,135.0889999713496
2030-09-22 17:00:00,135.08899999980028
2030-09-22 18:00:00,135.08899999937742
2030-09-22 19:00:00,135.0889999786804
2030-09-22 20:00:00,135.0889999707964
2030-09-22 21:00:00,135.08899997120324
2030-09-22 22:00:00,135.08899997009635
2030-09-22 23:00:00,135.08899996977172
2030-09-23 00:00:00,135.08899997024673
2030-09-23 01:00:00,135.088999970379
2030-09-23 02:00:00,135.08899997030818
2030-09-23 03:00:00,135.0889999691816
2030-09-23 04:00:00,135.0889999664666
2030-09-23 05:00:00,135.08899994427273
2030-09-23 06:00:00,60.00000000099292
2030-09-23 07:00:00,1.5765772220466388e-08
2030-09-23 08:00:00,4.0141939258141854e-10
2030-09-23 09:00:00,1.4169466424969978e-10
2030-09-23 10:00:00,1.2706200546224911e-10
2030-09-23 11:00:00,6.522206490618149e-11
2030-09-23 12:00:00,2.6319965855088567e-11
2030-09-23 13:00:00,1.7464987685205116e-11
2030-09-23 14:00:00,3.227971484570961e-11
2030-09-23 15:00:00,1.0531497005393542e-10
2030-09-23 16:00:00,1.0779838554179545e-09
2030-09-23 17:00:00,60.000000000444956
2030-09-23 18:00:00,60.00000000203068
2030-09-23 19:00:00,60.00000000125801
2030-09-23 20:00:00,60.00000000094445
2030-09-23 21:00:00,60.000000001556614
2030-09-23 22:00:00,60.00000000065436
2030-09-23 23:00:00,60.000000000682476
2030-09-24 00:00:00,67.09472852086596
2030-09-24 01:00:00,79.27070947005801
2030-09-24 02:00:00,79.27070947118042
2030-09-24 03:00:00,88.6441121729312
2030-09-24 04:00:00,135.08899999979286
2030-09-24 05:00:00,135.08900000002373
2030-09-24 06:00:00,135.0889999999997
2030-09-24 07:00:00,135.08899999931685
2030-09-24 08:00:00,79.27070911595628
2030-09-24 09:00:00,59.99999999979071
2030-09-24 10:00:00,59.99999999837158
2030-09-24 11:00:00,59.999999996347675
2030-09-24 12:00:00,59.999999997543995
2030-09-24 13:00:00,59.9999999997352
2030-09-24 14:00:00,79.2707094696707
2030-09-24 15:00:00,135.08899999981426
2030-09-24 16:00:00,135.08900000017331
2030-09-24 17:00:00,135.0890000003024
2030-09-24 18:00:00,135.08899999994634
2030-09-24 19:00:00,135.08899923096436
2030-09-24 20:00:00,67.09472849132035
2030-09-24 21:00:00,59.999999999826436
2030-09-24 22:00:00,45.41400000219827
2030-09-24 23:00:00,45.414000000056014
2030-09-25 00:00:00,5.176318845112566e-09
2030-09-25 01:00:00,1.4535949533382264e-09
2030-09-25 02:00:00,1.9242094126449464e-09
2030-09-25 03:00:00,5.0924230220436646e-09
2030-09-25 04:00:00,45.4140000000097
2030-09-25 05:00:00,45.41400000131819
2030-09-25 06:00:00,45.413999998263506
2030-09-25 07:00:00,6.659716166735772e-10
2030-09-25 08:00:00,2.521733232039851e-10
2030-09-25 09:00:00,1.602555621891886e-10
2030-09-25 10:00:00,1.738266979046206e-10
2030-09-25 11:00:00,9.492266938600784e-11
2030-09-25 12:00:00,6.462748149984053e-11
2030-09-25 13:00:00,5.426987599200919e-11
2030-09-25 14:00:00,6.048133924558228e-11
2030-09-25 15:00:00,6.721057014562316e-11
2030-09-25 16:00:00,8.637498165509477e-11
2030-09-25 17:00:00,1.0648854875393891e-10
2030-09-25 18:00:00,8.503235752129935e-11
2030-09-25 19:00:00,6.518256019141973e-11
2030-09-25 20:00:00,5.667779400750781e-11
2030-09-25 21:00:00,5.141921328995973e-11
2030-09-25 22:00:00,3.3541946629908267e-11
2030-09-25 23:00:00,3.4094233770918155e-11
2030-09-26 00:00:00,5.286583586749181e-11
2030-09-26 01:00:00,7.611814917204243e-11
2030-09-26 02:00:00,8.56263702002807e-11
2030-09-26 03:00:00,1.0524692789673985e-10
2030-09-26 04:00:00,1.93692655845929e-10
2030-09-26 05:00:00,3.702974587719781e-10
2030-09-26 06:00:00,3.963882275670524e-10
2030-09-26 07:00:00,2.2229768754967202e-10
2030-09-26 08:00:00,1.4788159251627883e-10
2030-09-26 09:00:00,1.2325469375227238e-10
2030-09-26 10:00:00,2.737912576752072e-10
2030-09-26 11:00:00,1.8981987812001157e-10
2030-09-26 12:00:00,1.7593892947346077e-10
2030-09-26 13:00:00,2.2939739710687879e-10
2030-09-26 14:00:00,5.788343978825251e-10
2030-09-26 15:00:00,45.41400000092915
2030-09-26 16:00:00,60.000000001156586
2030-09-26 17:00:00,88.64411216417389
2030-09-26 18:00:00,88.64411212704638
2030-09-26 19:00:00,67.0947284996545
2030-09-26 20:00:00,60.00000000137361
2030-09-26 21:00:00,60.000000000290996
2030-09-26 22:00:00,60.000000001815835
2030-09-26 23:00:00,60.0000000022058
2030-09-27 00:00:00,60.00000000671469
2030-09-27 01:00:00,60.0000000178149
2030-09-27 02:00:00,88.64411216441802
2030-09-27 03:00:00,88.64411234042518
2030-09-27 04:00:00,135.0889999996234
2030-09-27 05:00:00,135.08899999987804
2030-09-27 06:00:00,135.08899999973576
2030-09-27 07:00:00,60.00000000430459
2030-09-27 08:00:00,59.99999999962311
2030-09-27 09:00:00,45.41400000111929
2030-09-27 10:00:00,45.41400000216846
2030-09-27 11:00:00,45.41400000007582
2030-09-27 12:00:00,45.41400000075633
2030-09-27 13:00:00,59.99999999870352
2030-09-27 14:00:00,60.00000000024808
2030-09-27 15:00:00,88.64411217937398
2030-09-27 16:00:00,135.08899999982384
2030-09-27 17:00:00,135.0889999999122
2030-09-27 18:00:00,135.08899999985172
2030-09-27 19:00:00,135.0889999998045
2030-09-27 20:00:00,135.08899999946965
2030-09-27 21:00:00,67.0947285209124
2030-09-27 22:00:00,60.0000000007789
2030-09-27 23:00:00,60.00000000003312
2030-09-28 00:00:00,59.99999999959032
2030-09-28 01:00:00,59.99999999545628
2030-09-28 02:00:00,59.999999995700044
2030-09-28 03:00:00,59.99999999924803
2030-09-28 04:00:00,60.000000000186155
2030-09-28 05:00:00,60.00000000646963
2030-09-28 06:00:00,60.00000000171786
2030-09-28 07:00:00,59.999999998076675
2030-09-28 08:00:00,1.764856422372051e-09
2030-09-28 09:00:00,2.4836582146528804e-10
2030-09-28 10:00:00,5.570657312168094e-10
2030-09-28 11:00:00,3.8069677167790943e-10
2030-09-28 12:00:00,2.9016335532511374e-10
2030-09-28 13:00:00,2.371991856388357e-10
2030-09-28 14:00:00,2.6068728324711046e-10
2030-09-28 15:00:00,4.508973553650022e-10
2030-09-28 16:00:00,2.467437924924604e-09
2030-09-28 17:00:00,45.41399999825043
2030-09-28 18:00:00,1.2982552159820756e-08
2030-09-28 19:00:00,9.72745885351341e-10
2030-09-28 20:00:00,3.235234084389876e-10
2030-09-28 21:00:00,1.7054653889656494e-10
2030-09-28 22:00:00,1.2040908575714774e-10
2030-09-28 23:00:00,1.3627271385395965e-10
2030-09-29 00:00:00,1.3448685621730811e-10
2030-09-29 01:00:00,2.380405492375354e-10
2030-09-29 02:00:00,3.3652605598133335e-10
2030-09-29 03:00:00,8.835340114670661e-10
2030-09-29 04:00:00,5.851344788206388e-09
2030-09-29 05:00:00,45.413999994726446
2030-09-29 06:00:00,45.41399999852673
2030-09-29 07:00:00,1.0388126257745013e-09
2030-09-29 08:00:00,2.595103946178544e-10
2030-09-29 09:00:00,9.946155347200507e-11
2030-09-29 10:00:00,1.481890698973968e-10
2030-09-29 11:00:00,1.1990044714883675e-10
2030-09-29 12:00:00,1.1836680104175053e-10
2030-09-29 13:00:00,1.467013981726674e-10
2030-09-29 14:00:00,2.503289976681394e-10
2030-09-29 15:00:00,2.5027115744655102e-09
2030-09-29 16:00:00,60.00000000001608
2030-09-29 17:00:00,135.0889999946968
2030-09-29 18:00:00,67.09472850122683
2030-09-29 19:00:00,60.00000000091991
2030-09-29 20:00:00,59.999999999924704
2030-09-29 21:00:00,59.999999999384684
2030-09-29 22:00:00,45.413999993271084
2030-09-29 23:00:00,45.41399999881952
2030-09-30 00:00:00,45.414000000166496
2030-09-30 01:00:00,45.413999999954456
2030-09-30 02:00:00,45.41399999966359
2030-09-30 03:00:00,45.413999999183126
2030-09-30 04:00:00,45.41399999953259
2030-09-30 05:00:00,45.413999999744746
2030-09-30 06:00:00,45.413999998747364
2030-09-30 07:00:00,8.676068271042125e-10
2030-09-30 08:00:00,2.1455459143730678e-10
2030-09-30 09:00:00,1.253731098889981e-10
2030-09-30 10:00:00,1.1474710171970368e-10
2030-09-30 11:00:00,8.625744515599237e-11
2030-09-30 12:00:00,1.0419544511777727e-10
2030-09-30 13:00:00,1.4306277597658078e-10
2030-09-30 14:00:00,2.270603395278814e-10
2030-09-30 15:00:00,7.635701732843936e-10
2030-09-30 16:00:00,45.41399999890843
2030-09-30 17:00:00,59.999999999293856
2030-09-30 18:00:00,59.9999999991713
2030-09-30 19:00:00,59.99999999745804
2030-09-30 20:00:00,45.41400000074848
2030-09-30 21:00:00,45.41399999890404
2030-09-30 22:00:00,45.41399998859165
2030-09-30 23:00:00,2.5842978853787565e-07
2030-10-01 00:00:00,45.413999999099914
2030-10-01 01:00:00,45.41399999962021
2030-10-01 02:00:00,45.414000213746675
2030-10-01 03:00:00,59.99999999816801
2030-10-01 04:00:00,60.00000000011294
2030-10-01 05:00:00,60.00000002848131
2030-10-01 06:00:00,60.000000027611264
2030-10-01 07:00:00,59.99999999919312
2030-10-01 08:00:00,7.909271203247126e-09
2030-10-01 09:00:00,3.3463260234758626e-10
2030-10-01 10:00:00,1.5127302727157917e-10
2030-10-01 11:00:00,1.3152869419544643e-10
2030-10-01 12:00:00,1.7772962971020655e-10
2030-10-01 13:00:00,3.020078365968832e-10
2030-10-01 14:00:00,1.8550500220471775e-09
2030-10-01 15:00:00,59.99999999979915
2030-10-01 16:00:00,135.08899999992846
2030-10-01 17:00:00,135.08900000020134
2030-10-01 18:00:00,135.0890000001005
2030-10-01 19:00:00,135.08899999997797
2030-10-01 20:00:00,135.0889999998408
2030-10-01 21:00:00,135.0889999992631
2030-10-01 22:00:00,60.000000001174
2030-10-01 23:00:00,60.000000001092054
2030-10-02 00:00:00,60.000000003902855
2030-10-02 01:00:00,67.09472849189166
2030-10-02 02:00:00,135.0889991193442
2030-10-02 03:00:00,135.0889999993509
2030-10-02 04:00:00,135.0889999999632
2030-10-02 05:00:00,135.0890000000823
2030-10-02 06:00:00,135.08900000006193
2030-10-02 07:00:00,135.08899999966445
2030-10-02 08:00:00,60.00000000042009
2030-10-02 09:00:00,59.999999997544926
2030-10-02 10:00:00,45.4139999991067
2030-10-02 11:00:00,45.413999997552615
2030-10-02 12:00:00,45.41399999815009
2030-10-02 13:00:00,45.41400000486259
2030-10-02 14:00:00,59.99999999997312
2030-10-02 15:00:00,135.08899999982285
2030-10-02 16:00:00,135.0890000003131
2030-10-02 17:00:00,135.0890000046223
2030-10-02 18:00:00,135.0890000002811
2030-10-02 19:00:00,135.08900000000713
2030-10-02 20:00:00,135.0889999995907
2030-10-02 21:00:00,60.0000000006472
2030-10-02 22:00:00,59.99999999820003
2030-10-02 23:00:00,59.999999997714475
2030-10-03 00:00:00,50.783999995374444
2030-10-03 01:00:00,50.783999995300434
2030-10-03 02:00:00,50.784000001423905
2030-10-03 03:00:00,59.99999999790827
2030-10-03 04:00:00,59.99999999860556
2030-10-03 05:00:00,59.999999998472916
2030-10-03 06:00:00,59.99999999766032
2030-10-03 07:00:00,2.910704999672823e-08
2030-10-03 08:00:00,5.871408527941367e-10
2030-10-03 09:00:00,2.570757286584263e-10
2030-10-03 10:00:00,2.0390577025019065e-10
2030-10-03 11:00:00,1.370361500769284e-10
2030-10-03 12:00:00,1.3979941519738458e-10
2030-10-03 13:00:00,3.199132379168651e-10
2030-10-03 14:00:00,2.1088476339966007e-09
2030-10-03 15:00:00,59.99999999869634
2030-10-03 16:00:00,135.08899999932714
2030-10-03 17:00:00,135.08899999991598
2030-10-03 18:00:00,135.08899999980926
2030-10-03 19:00:00,135.08899999807818
2030-10-03 20:00:00,67.09472849952208
2030-10-03 21:00:00,60.00000000031578
2030-10-03 22:00:00,59.99999999538289
2030-10-03 23:00:00,45.4139999972442
2030-10-04 00:00:00,45.41399999796696
2030-10-04 01:00:00,2.0110944115706963e-08
2030-10-04 02:00:00,7.970068621752051e-09
2030-10-04 03:00:00,7.060682423771762e-09
2030-10-04 04:00:00,1.5809507479913908e-08
2030-10-04 05:00:00,45.41399999521131
2030-10-04 06:00:00,1.7057331370052626e-08
2030-10-04 07:00:00,5.439336868763248e-10
2030-10-04 08:00:00,1.7520882398119875e-10
2030-10-04 09:00:00,9.473669918286033e-11
2030-10-04 10:00:00,1.0074458062221222e-10
2030-10-04 11:00:00,6.583369066555497e-11
2030-10-04 12:00:00,4.795908760800066e-11
2030-10-04 13:00:00,5.6368137148056475e-11
2030-10-04 14:00:00,1.0901636440884332e-10
2030-10-04 15:00:00,3.1620318089183626e-10
2030-10-04 16:00:00,5.405690738077236e-09
2030-10-04 17:00:00,45.4139999968748
2030-10-04 18:00:00,1.703039273425693e-07
2030-10-04 19:00:00,1.6046316954090386e-09
2030-10-04 20:00:00,6.311351353179694e-10
2030-10-04 21:00:00,4.4086464029133596e-10
2030-10-04 22:00:00,1.8513692094567255e-10
2030-10-04 23:00:00,2.705972496260989e-10
2030-10-05 00:00:00,3.7663221804269766e-10
2030-10-05 01:00:00,3.606635100828314e-10
2030-10-05 02:00:00,3.5633324102588895e-10
2030-10-05 03:00:00,7.107716343038737e-10
2030-10-05 04:00:00,3.980972389334362e-09
2030-10-05 05:00:00,1.1941608114495524e-08
2030-10-05 06:00:00,5.826333016718107e-08
2030-10-05 07:00:00,1.6514440697171967e-08
2030-10-05 08:00:00,7.540105058953561e-09
2030-10-05 09:00:00,4.127600638972552e-09
2030-10-05 10:00:00,9.351303288694216e-09
2030-10-05 11:00:00,3.248921965788994e-09
2030-10-05 12:00:00,1.4469225485667613e-09
2030-10-05 13:00:00,4.787306066662459e-10
2030-10-05 14:00:00,2.840965025261339e-10
2030-10-05 15:00:00,3.5584493503350624e-10
2030-10-05 16:00:00,1.2508927733697669e-09
2030-10-05 17:00:00,45.4139999972387
2030-10-05 18:00:00,45.41399999778294
2030-10-05 19:00:00,45.413999997434026
2030-10-05 20:00:00,45.41399998736657
2030-10-05 21:00:00,2.0780278986136e-09
2030-10-05 22:00:00,4.1095240326496217e-10
2030-10-05 23:00:00,4.475503488131446e-10
2030-10-06 00:00:00,4.2552810739327093e-10
2030-10-06 01:00:00,7.304173843760981e-10
2030-10-06 02:00:00,6.768727748331945e-10
2030-10-06 03:00:00,5.093250234240038e-10
2030-10-06 04:00:00,4.0366427965314773e-10
2030-10-06 05:00:00,2.513216639640206e-10
2030-10-06 06:00:00,1.6716378240999853e-10
2030-10-06 07:00:00,1.0605731224295581e-10
2030-10-06 08:00:00,7.035316896231653e-11
2030-10-06 09:00:00,4.890374027045437e-11
2030-10-06 10:00:00,3.8240558410752444e-11
2030-10-06 11:00:00,1.909050851845064e-11
2030-10-06 12:00:00,6.622398105141041e-12
2030-10-06 13:00:00,3.3271285531830053e-12
2030-10-06 14:00:00,3.187039059051772e-12
2030-10-06 15:00:00,1.4290165304523823e-11
2030-10-06 16:00:00,4.333887315134649e-11
2030-10-06 17:00:00,5.89745982085014e-11
2030-10-06 18:00:00,6.07285327806879e-11
2030-10-06 19:00:00,5.96124347738829e-11
2030-10-06 20:00:00,5.246278873360702e-11
2030-10-06 21:00:00,5.288628146064812e-11
2030-10-06 22:00:00,3.754007787437847e-11
2030-10-06 23:00:00,4.362751373321878e-11
2030-10-07 00:00:00,7.268589329288295e-11
2030-10-07 01:00:00,1.1823538295638724e-10
2030-10-07 02:00:00,1.448908864625e-10
2030-10-07 03:00:00,1.6151383440582212e-10
2030-10-07 04:00:00,1.4898815134718165e-10
2030-10-07 05:00:00,1.3645641873889196e-10
2030-10-07 06:00:00,1.1977502077700086e-10
2030-10-07 07:00:00,8.181717982803772e-11
2030-10-07 08:00:00,4.771969278002084e-11
2030-10-07 09:00:00,2.8336440690734885e-11
2030-10-07 10:00:00,3.612398694621075e-11
2030-10-07 11:00:00,2.778991271222036e-11
2030-10-07 12:00:00,2.9932776313331796e-11
2030-10-07 13:00:00,3.656288192020439e-11
2030-10-07 14:00:00,6.883926880058253e-11
2030-10-07 15:00:00,1.742318496128868e-10
2030-10-07 16:00:00,1.2771386764267894e-09
2030-10-07 17:00:00,59.999999993944755
2030-10-07 18:00:00,60.000000000394614
2030-10-07 19:00:00,60.000000001911715
2030-10-07 20:00:00,60.00000000390516
2030-10-07 21:00:00,60.0000000023674
2030-10-07 22:00:00,60.00000000019728
2030-10-07 23:00:00,59.999999999510514
2030-10-08 00:00:00,60.000000000162565
2030-10-08 01:00:00,60.000000000997076
2030-10-08 02:00:00,60.00000000168932
2030-10-08 03:00:00,60.00000000284244
2030-10-08 04:00:00,67.0947284986778
2030-10-08 05:00:00,67.09472851528997
2030-10-08 06:00:00,67.09472850540848
2030-10-08 07:00:00,60.000000001095955
2030-10-08 08:00:00,45.41400000241875
2030-10-08 09:00:00,8.659443002798614e-10
2030-10-08 10:00:00,6.261290144887499e-10
2030-10-08 11:00:00,2.392140527980204e-10
2030-10-08 12:00:00,1.5422609060957126e-10
2030-10-08 13:00:00,1.2557141242631377e-10
2030-10-08 14:00:00,1.4601116935717069e-10
2030-10-08 15:00:00,3.4300957393818744e-10
2030-10-08 16:00:00,45.41400000047043
2030-10-08 17:00:00,59.99999999956238
2030-10-08 18:00:00,59.999999999631385
2030-10-08 19:00:00,59.99999999874118
2030-10-08 20:00:00,59.99999999086992
2030-10-08 21:00:00,45.414000005819574
2030-10-08 22:00:00,45.41400000261032
2030-10-08 23:00:00,45.414000002217485
2030-10-09 00:00:00,45.41400000297584
2030-10-09 01:00:00,45.41400000422397
2030-10-09 02:00:00,45.41400001068131
2030-10-09 03:00:00,60.00000000000217
2030-10-09 04:00:00,60.00000001599043
2030-10-09 05:00:00,135.08899999921178
2030-10-09 06:00:00,135.08899999969145
2030-10-09 07:00:00,60.00000001856938
2030-10-09 08:00:00,59.99999999977326
2030-10-09 09:00:00,1.504765084017783e-08
2030-10-09 10:00:00,8.512429953295002e-10
2030-10-09 11:00:00,5.074862855777755e-10
2030-10-09 12:00:00,6.286461372734796e-10
2030-10-09 13:00:00,3.907251348334703e-09
2030-10-09 14:00:00,59.9999999996203
2030-10-09 15:00:00,135.08899999721058
2030-10-09 16:00:00,135.0890000000633
2030-10-09 17:00:00,135.0890000001845
2030-10-09 18:00:00,135.08900000009487
2030-10-09 19:00:00,135.08899999997644
2030-10-09 20:00:00,135.08899999978848
2030-10-09 21:00:00,135.08899999650964
2030-10-09 22:00:00,67.09472849896464
2030-10-09 23:00:00,67.09472849709249
2030-10-10 00:00:00,67.09472848963179
2030-10-10 01:00:00,67.09472848751798
2030-10-10 02:00:00,67.09472848904973
2030-10-10 03:00:00,67.09472849698881
2030-10-10 04:00:00,67.09472850064842
2030-10-10 05:00:00,88.64411216470076
2030-10-10 06:00:00,88.64411216661684
2030-10-10 07:00:00,67.0947284977562
2030-10-10 08:00:00,59.999999998190944
2030-10-10 09:00:00,2.512634917883309e-09
2030-10-10 10:00:00,7.677550274870814e-10
2030-10-10 11:00:00,3.6230085324876276e-10
2030-10-10 12:00:00,3.3341147833670643e-10
2030-10-10 13:00:00,4.200569636609711e-10
2030-10-10 14:00:00,9.055197288928918e-10
2030-10-10 15:00:00,50.78400000091179
2030-10-10 16:00:00,67.09472849615479
2030-10-10 17:00:00,88.6441121759681
2030-10-10 18:00:00,135.08899999942966
2030-10-10 19:00:00,135.0889999997706
2030-10-10 20:00:00,135.08899999991638
2030-10-10 21:00:00,135.08899999996132
2030-10-10 22:00:00,135.08899999993002
2030-10-10 23:00:00,135.08899999994708
2030-10-11 00:00:00,135.0889999999536
2030-10-11 01:00:00,135.08900000000054
2030-10-11 02:00:00,135.0890000000651
2030-10-11 03:00:00,135.08900000013222
2030-10-11 04:00:00,135.08900000063528
2030-10-11 05:00:00,135.08900000671377
2030-10-11 06:00:00,135.08900000433044
2030-10-11 07:00:00,135.08900000021106
2030-10-11 08:00:00,135.08899999993898
2030-10-11 09:00:00,88.64411215211436
2030-10-11 10:00:00,67.0947284990583
2030-10-11 11:00:00,67.09472849884118
2030-10-11 12:00:00,67.0947284997666
2030-10-11 13:00:00,67.09472850317306
2030-10-11 14:00:00,135.08899999934337
2030-10-11 15:00:00,135.08899999999613
2030-10-11 16:00:00,135.0890000003667
2030-10-11 17:00:00,135.0890000028491
2030-10-11 18:00:00,135.08900000214882
2030-10-11 19:00:00,135.08900000091054
2030-10-11 20:00:00,135.08900000039094
2030-10-11 21:00:00,135.08900000023104
2030-10-11 22:00:00,135.08900000007225
2030-10-11 23:00:00,135.0890000000626
2030-10-12 00:00:00,135.08900000009072
2030-10-12 01:00:00,135.0890000001804
2030-10-12 02:00:00,135.08900000030636
2030-10-12 03:00:00,135.08900000088113
2030-10-12 04:00:00,2999.9999999982165
2030-10-12 05:00:00,2999.999999999657
2030-10-12 06:00:00,2999.999999999716
2030-10-12 07:00:00,135.0890002018213
2030-10-12 08:00:00,135.08900000005175
2030-10-12 09:00:00,135.08899999974074
2030-10-12 10:00:00,67.09472854461309
2030-10-12 11:00:00,67.09472849971833
2030-10-12 12:00:00,67.09472850013913
2030-10-12 13:00:00,135.0889999931815
2030-10-12 14:00:00,135.088999999968
2030-10-12 15:00:00,135.0890000003983
2030-10-12 16:00:00,2999.999999997209
2030-10-12 17:00:00,135.08900007304126
2030-10-12 18:00:00,135.089000000209
2030-10-12 19:00:00,135.08899999996828
2030-10-12 20:00:00,135.08899999961963
2030-10-12 21:00:00,88.64411215427819
2030-10-12 22:00:00,60.00000000142184
2030-10-12 23:00:00,60.000000004225654
2030-10-13 00:00:00,60.000000001974236
2030-10-13 01:00:00,60.00000000151411
2030-10-13 02:00:00,60.00000001019562
2030-10-13 03:00:00,60.00000000276448
2030-10-13 04:00:00,60.00000000200651
2030-10-13 05:00:00,60.00000000037662
2030-10-13 06:00:00,59.999999999846146
2030-10-13 07:00:00,9.616672965942315e-09
2030-10-13 08:00:00,5.265174429116995e-10
2030-10-13 09:00:00,2.8353608289264476e-10
2030-10-13 10:00:00,4.955221858547316e-10
2030-10-13 11:00:00,4.4656699099381126e-10
2030-10-13 12:00:00,5.228527032568633e-10
2030-10-13 13:00:00,4.5172565377906966e-10
2030-10-13 14:00:00,2.9524120450388043e-10
2030-10-13 15:00:00,2.40729500386803e-10
2030-10-13 16:00:00,2.3062545504512578e-10
2030-10-13 17:00:00,1.835962587718481e-10
2030-10-13 18:00:00,1.2552842345030648e-10
2030-10-13 19:00:00,1.0450707029851838e-10
2030-10-13 20:00:00,9.756861075550119e-11
2030-10-13 21:00:00,9.858072579177946e-11
2030-10-13 22:00:00,6.928448012846e-11
2030-10-13 23:00:00,5.7971231524988375e-11
2030-10-14 00:00:00,5.433041823979023e-11
2030-10-14 01:00:00,6.025243981996805e-11
2030-10-14 02:00:00,8.789676341374266e-11
2030-10-14 03:00:00,1.9298330571419356e-10
2030-10-14 04:00:00,2.1993601301820522e-10
2030-10-14 05:00:00,2.4379177694878106e-10
2030-10-14 06:00:00,4.30685646922332e-10
2030-10-14 07:00:00,2.9707763847148624e-10
2030-10-14 08:00:00,1.4649383231455339e-10
2030-10-14 09:00:00,9.240814192444943e-11
2030-10-14 10:00:00,8.131731357398365e-11
2030-10-14 11:00:00,9.00239819166842e-11
2030-10-14 12:00:00,1.5390159051021773e-10
2030-10-14 13:00:00,5.295339083727494e-10
2030-10-14 14:00:00,50.78399999959228
2030-10-14 15:00:00,60.00000000123293
2030-10-14 16:00:00,135.0889999949231
2030-10-14 17:00:00,135.08899999920786
2030-10-14 18:00:00,88.64411216684603
2030-10-14 19:00:00,60.00000000053085
2030-10-14 20:00:00,50.78400000104523
2030-10-14 21:00:00,1.4305405067186145e-09
2030-10-14 22:00:00,1.8159047002387927e-10
2030-10-14 23:00:00,1.5192337415499227e-10
2030-10-15 00:00:00,3.9244617079546974e-10
2030-10-15 01:00:00,1.1364108999520414e-09
2030-10-15 02:00:00,2.7145839645897756e-09
2030-10-15 03:00:00,7.442316831380142e-05
2030-10-15 04:00:00,59.99999999942341
2030-10-15 05:00:00,60.00000000217188
2030-10-15 06:00:00,67.0947284987341
2030-10-15 07:00:00,60.000000000245954
2030-10-15 08:00:00,5.412945366085269e-08
2030-10-15 09:00:00,4.953391291823557e-10
2030-10-15 10:00:00,5.6067121718170116e-08
2030-10-15 11:00:00,50.78399999837329
2030-10-15 12:00:00,50.78400013307095
2030-10-15 13:00:00,67.09472848853689
2030-10-15 14:00:00,135.08899999903684
2030-10-15 15:00:00,135.08900000007796
2030-10-15 16:00:00,135.08900000097356
2030-10-15 17:00:00,135.0890000023542
2030-10-15 18:00:00,135.08900000039722
2030-10-15 19:00:00,135.0890000000864
2030-10-15 20:00:00,135.08899999992266
2030-10-15 21:00:00,135.08899999966965
2030-10-15 22:00:00,135.08899999976228
2030-10-15 23:00:00,135.08899999960312
2030-10-16 00:00:00,135.08899999939055
2030-10-16 01:00:00,135.08899999165055
2030-10-16 02:00:00,114.33932959984493
2030-10-16 03:00:00,114.33932960171957
2030-10-16 04:00:00,135.08899999952786
2030-10-16 05:00:00,135.08899999975128
2030-10-16 06:00:00,135.08899999931984
2030-10-16 07:00:00,67.09472854955065
2030-10-16 08:00:00,67.09472849787382
2030-10-16 09:00:00,60.00000000011362
2030-10-16 10:00:00,50.784000008229164
2030-10-16 11:00:00,50.78400000187305
2030-10-16 12:00:00,50.78400000123998
2030-10-16 13:00:00,50.78400000173667
2030-10-16 14:00:00,59.999999998780844
2030-10-16 15:00:00,67.09472849865465
2030-10-16 16:00:00,135.08899999973238
2030-10-16 17:00:00,135.0889999998953
2030-10-16 18:00:00,135.08899999894837
2030-10-16 19:00:00,67.09472849796309
2030-10-16 20:00:00,59.99999999508208
2030-10-16 21:00:00,50.784000001017816
2030-10-16 22:00:00,4.421770606254979e-09
2030-10-16 23:00:00,50.784000000078606
2030-10-17 00:00:00,50.784000004090686
2030-10-17 01:00:00,59.99999999883058
2030-10-17 02:00:00,59.99999999955686
2030-10-17 03:00:00,59.99999999977764
2030-10-17 04:00:00,60.00000000069628
2030-10-17 05:00:00,60.0000000017857
2030-10-17 06:00:00,60.000000000393406
2030-10-17 07:00:00,50.783999996072005
2030-10-17 08:00:00,3.773933452971216e-10
2030-10-17 09:00:00,1.771666935678112e-10
2030-10-17 10:00:00,1.1178739756592146e-10
2030-10-17 11:00:00,9.984432791452257e-11
2030-10-17 12:00:00,1.2011377864218033e-10
2030-10-17 13:00:00,1.89605678068357e-10
2030-10-17 14:00:00,4.4685798153472645e-10
2030-10-17 15:00:00,3.683595509527397e-09
2030-10-17 16:00:00,50.78400000080777
2030-10-17 17:00:00,50.784000000823035
2030-10-17 18:00:00,50.78399999712023
2030-10-17 19:00:00,2.516111669124582e-09
2030-10-17 20:00:00,8.355159854938411e-10
2030-10-17 21:00:00,5.44584987619415e-10
2030-10-17 22:00:00,3.1572015917683133e-10
2030-10-17 23:00:00,5.195151971545897e-10
2030-10-18 00:00:00,8.893053192137069e-10
2030-10-18 01:00:00,1.8173518571225308e-09
2030-10-18 02:00:00,4.333216204872222e-09
2030-10-18 03:00:00,50.78399999909211
2030-10-18 04:00:00,50.78400002981734
2030-10-18 05:00:00,59.99999999872874
2030-10-18 06:00:00,59.99999998648799
2030-10-18 07:00:00,1.6234990618024729e-09
2030-10-18 08:00:00,2.4214883999411444e-10
2030-10-18 09:00:00,1.508170860177546e-10
2030-10-18 10:00:00,1.5781585114778475e-10
2030-10-18 11:00:00,1.2840352072110013e-10
2030-10-18 12:00:00,1.4164183294260406e-10
2030-10-18 13:00:00,2.288792424879695e-10
2030-10-18 14:00:00,4.623526779699959e-10
2030-10-18 15:00:00,7.620491123838645e-10
2030-10-18 16:00:00,5.915584991764591e-09
2030-10-18 17:00:00,5.567226548499545e-09
2030-10-18 18:00:00,2.7832862149811076e-09
2030-10-18 19:00:00,8.146662591843564e-10
2030-10-18 20:00:00,4.5216187992073575e-10
2030-10-18 21:00:00,2.8097235679648777e-10
2030-10-18 22:00:00,1.5667091839150263e-10
2030-10-18 23:00:00,2.1859483759025022e-10
2030-10-19 00:00:00,3.6633485390775653e-10
2030-10-19 01:00:00,7.82077519494579e-10
2030-10-19 02:00:00,1.2040764650429916e-09
2030-10-19 03:00:00,4.056714611334518e-09
2030-10-19 04:00:00,50.78399999558054
2030-10-19 05:00:00,50.783999998790776
2030-10-19 06:00:00,50.783999998881434
2030-10-19 07:00:00,8.097768279157181e-10
2030-10-19 08:00:00,1.8097332980072122e-10
2030-10-19 09:00:00,9.246521476707429e-11
2030-10-19 10:00:00,9.396634324035853e-11
2030-10-19 11:00:00,9.89585527953268e-11
2030-10-19 12:00:00,1.2489436915960538e-10
2030-10-19 13:00:00,2.2530620649177833e-10
2030-10-19 14:00:00,7.36368295460364e-10
2030-10-19 15:00:00,50.784000006330594
2030-10-19 16:00:00,60.00000000690803
2030-10-19 17:00:00,60.000000004927976
2030-10-19 18:00:00,60.00000000017429
2030-10-19 19:00:00,59.99999994865734
2030-10-19 20:00:00,50.784000001395206
2030-10-19 21:00:00,50.78399999538963
2030-10-19 22:00:00,1.223204958754082e-08
2030-10-19 23:00:00,50.78399999588576
2030-10-20 00:00:00,50.78400000064174
2030-10-20 01:00:00,50.78400000202939
2030-10-20 02:00:00,50.78400000893995
2030-10-20 03:00:00,59.99999999609223
2030-10-20 04:00:00,59.99999999964659
2030-10-20 05:00:00,60.00000000039024
2030-10-20 06:00:00,60.00000001161523
2030-10-20 07:00:00,59.99999999958176
2030-10-20 08:00:00,1.201704703390198e-09
2030-10-20 09:00:00,2.3649821810108706e-10
2030-10-20 10:00:00,3.0024537699728326e-10
2030-10-20 11:00:00,2.0567853679159116e-10
2030-10-20 12:00:00,2.3199100732388904e-10
2030-10-20 13:00:00,9.64944335587695e-10
2030-10-20 14:00:00,59.99999999344203
2030-10-20 15:00:00,135.0889999981748
2030-10-20 16:00:00,135.08900000001702
2030-10-20 17:00:00,135.0890000000506
2030-10-20 18:00:00,135.08900000001177
2030-10-20 19:00:00,135.08899999992863
2030-10-20 20:00:00,135.08899999969066
2030-10-20 21:00:00,135.08899999923543
2030-10-20 22:00:00,135.08899999004336
2030-10-20 23:00:00,114.33932960488123
2030-10-21 00:00:00,135.08899998808695
2030-10-21 01:00:00,135.08899994053053
2030-10-21 02:00:00,114.33932960910978
2030-10-21 03:00:00,135.08899998865692
2030-10-21 04:00:00,135.0889999982821
2030-10-21 05:00:00,135.0889999991977
2030-10-21 06:00:00,135.08899999961994
2030-10-21 07:00:00,135.08899999745913
2030-10-21 08:00:00,60.000000003238156
2030-10-21 09:00:00,1.0743855879094845e-08
2030-10-21 10:00:00,1.8858239434024873e-09
2030-10-21 11:00:00,8.920921268813948e-10
2030-10-21 12:00:00,1.2222940270569028e-09
2030-10-21 13:00:00,59.99999999930645
2030-10-21 14:00:00,135.08899998798887
2030-10-21 15:00:00,135.0890000000511
2030-10-21 16:00:00,135.08900000231083
2030-10-21 17:00:00,135.08900031596812
2030-10-21 18:00:00,135.08900000245606
2030-10-21 19:00:00,135.08900000062235
2030-10-21 20:00:00,135.08900000037778
2030-10-21 21:00:00,135.08900000035425
2030-10-21 22:00:00,135.08900000021305
2030-10-21 23:00:00,135.08900000010522
2030-10-22 00:00:00,135.08900000023664
2030-10-22 01:00:00,135.08900000031835
2030-10-22 02:00:00,135.08900000045213
2030-10-22 03:00:00,135.0890000012319
2030-10-22 04:00:00,2999.99999984766
2030-10-22 05:00:00,2999.999999999398
2030-10-22 06:00:00,2999.999999999708
2030-10-22 07:00:00,2999.99999999867
2030-10-22 08:00:00,135.08900000178758
2030-10-22 09:00:00,135.08900000009285
2030-10-22 10:00:00,135.08899999981463
2030-10-22 11:00:00,135.08899999741396
2030-10-22 12:00:00,135.0889999972858
2030-10-22 13:00:00,135.08899999973326
2030-10-22 14:00:00,135.08899999897028
2030-10-22 15:00:00,135.08900000115628
2030-10-22 16:00:00,159.60420604826518
2030-10-22 17:00:00,135.08900000477217
2030-10-22 18:00:00,135.08900000113067
2030-10-22 19:00:00,135.08900000020554
2030-10-22 20:00:00,135.08900000006986
2030-10-22 21:00:00,135.08900000000978
2030-10-22 22:00:00,135.08899999993346
2030-10-22 23:00:00,135.08899999649918
2030-10-23 00:00:00,135.08899999996243
2030-10-23 01:00:00,135.08899999998852
2030-10-23 02:00:00,135.08900000000526
2030-10-23 03:00:00,135.08900000003808
2030-10-23 04:00:00,135.08899998844194
2030-10-23 05:00:00,135.08900000106848
2030-10-23 06:00:00,135.08900000204696
2030-10-23 07:00:00,135.08900000029922
2030-10-23 08:00:00,135.0890000000471
2030-10-23 09:00:00,135.0889999998595
2030-10-23 10:00:00,135.08899999832065
2030-10-23 11:00:00,135.08899999538437
2030-10-23 12:00:00,135.08899999851053
2030-10-23 13:00:00,135.0889999998481
2030-10-23 14:00:00,135.089000000152
2030-10-23 15:00:00,135.0890000052793
2030-10-23 16:00:00,2999.999999999591
2030-10-23 17:00:00,2999.9999999994284
2030-10-23 18:00:00,2999.99999999713
2030-10-23 19:00:00,135.08900000761832
2030-10-23 20:00:00,135.08900000217366
2030-10-23 21:00:00,135.08900000066663
2030-10-23 22:00:00,135.08900000046017
2030-10-23 23:00:00,135.08900000027117
2030-10-24 00:00:00,135.08900000031602
2030-10-24 01:00:00,135.08900000044488
2030-10-24 02:00:00,135.08900000079805
2030-10-24 03:00:00,135.08900000230145
2030-10-24 04:00:00,135.08900002205414
2030-10-24 05:00:00,2999.9999999893516
2030-10-24 06:00:00,2999.999999998498
2030-10-24 07:00:00,2999.9999999664337
2030-10-24 08:00:00,135.08900000266183
2030-10-24 09:00:00,135.08900000031588
2030-10-24 10:00:00,135.089000000133
2030-10-24 11:00:00,135.0889999999716
2030-10-24 12:00:00,135.08899999992454
2030-10-24 13:00:00,135.08899999999528
2030-10-24 14:00:00,135.08900000027842
2030-10-24 15:00:00,135.08900003053398
2030-10-24 16:00:00,2999.9999999997003
2030-10-24 17:00:00,2999.999999999741
2030-10-24 18:00:00,2999.999999999586
2030-10-24 19:00:00,2999.999999998603
2030-10-24 20:00:00,2999.999999973345
2030-10-24 21:00:00,2539.200000006483
2030-10-24 22:00:00,2539.2000000039047
2030-10-24 23:00:00,2539.2000000020225
2030-10-25 00:00:00,2999.999999986367
2030-10-25 01:00:00,2999.999999997919
2030-10-25 02:00:00,2999.999999998773
2030-10-25 03:00:00,2999.9999999995703
2030-10-25 04:00:00,2999.999999999818
2030-10-25 05:00:00,2999.999999999876
2030-10-25 06:00:00,2999.999999999896
2030-10-25 07:00:00,2999.9999999998813
2030-10-25 08:00:00,2999.99999999982
2030-10-25 09:00:00,2999.9999999989177
2030-10-25 10:00:00,135.08900002314334
2030-10-25 11:00:00,135.08900000333765
2030-10-25 12:00:00,135.08900000251913
2030-10-25 13:00:00,135.089000003662
2030-10-25 14:00:00,2999.9999999753386
2030-10-25 15:00:00,2999.9999999997435
2030-10-25 16:00:00,2999.999999999879
2030-10-25 17:00:00,2999.999999999885
2030-10-25 18:00:00,2999.9999999998686
2030-10-25 19:00:00,2999.999999999783
2030-10-25 20:00:00,2999.9999999995316
2030-10-25 21:00:00,2999.9999999980646
2030-10-25 22:00:00,135.08900001591343
2030-10-25 23:00:00,135.08900000282355
2030-10-26 00:00:00,135.08900000187646
2030-10-26 01:00:00,135.0890000007107
2030-10-26 02:00:00,135.08900000035845
2030-10-26 03:00:00,135.08900000032557
2030-10-26 04:00:00,135.08900000101008
2030-10-26 05:00:00,135.08900000295185
2030-10-26 06:00:00,135.08900000404287
2030-10-26 07:00:00,135.08900000161012
2030-10-26 08:00:00,135.08900000010496
2030-10-26 09:00:00,135.0889999997171
2030-10-26 10:00:00,102.24886411104752
2030-10-26 11:00:00,60.000000018764
2030-10-26 12:00:00,60.0000000023007
2030-10-26 13:00:00,60.000000004680835
2030-10-26 14:00:00,102.24886394016855
2030-10-26 15:00:00,135.08899999586225
2030-10-26 16:00:00,135.08899999988418
2030-10-26 17:00:00,135.0889999998969
2030-10-26 18:00:00,135.08899999978547
2030-10-26 19:00:00,135.08899999917463
2030-10-26 20:00:00,135.08899995506786
2030-10-26 21:00:00,102.24886410317234
2030-10-26 22:00:00,120.80442356020171
2030-10-26 23:00:00,102.24886410240174
2030-10-27 00:00:00,102.24886410197684
2030-10-27 01:00:00,102.24886411539242
2030-10-27 02:00:00,135.08899999957143
2030-10-27 03:00:00,135.08899999992462
2030-10-27 04:00:00,135.08900000004246
2030-10-27 05:00:00,135.08900000018625
2030-10-27 06:00:00,135.08900000038932
2030-10-27 07:00:00,135.08900000018517
2030-10-27 08:00:00,135.0889999999691
2030-10-27 09:00:00,135.08899999958768
2030-10-27 10:00:00,135.0889999994867
2030-10-27 11:00:00,135.08899999879668
2030-10-27 12:00:00,135.08899999936727
2030-10-27 13:00:00,135.08899999984422
2030-10-27 14:00:00,135.08900000002572
2030-10-27 15:00:00,135.08900000028171
2030-10-27 16:00:00,135.0890000018181
2030-10-27 17:00:00,135.08900000083895
2030-10-27 18:00:00,135.089000000343
2030-10-27 19:00:00,135.08900000021904
2030-10-27 20:00:00,135.0890000001826
2030-10-27 21:00:00,135.08900000020296
2030-10-27 22:00:00,135.08900000025454
2030-10-27 23:00:00,135.08900000023615
2030-10-28 00:00:00,135.08900000020037
2030-10-28 01:00:00,135.08900000006906
2030-10-28 02:00:00,135.08899999998357
2030-10-28 03:00:00,135.08899999985226
2030-10-28 04:00:00,135.08899999934414
2030-10-28 05:00:00,135.0889999981426
2030-10-28 06:00:00,135.0889999981571
2030-10-28 07:00:00,135.08899999442107
2030-10-28 08:00:00,102.24886410114817
2030-10-28 09:00:00,60.00000000034367
2030-10-28 10:00:00,2.0626510451433488e-08
2030-10-28 11:00:00,1.2578583268314725e-09
2030-10-28 12:00:00,6.537313682403317e-10
2030-10-28 13:00:00,5.979029772723345e-10
2030-10-28 14:00:00,1.1592646800777857e-09
2030-10-28 15:00:00,59.99999999994605
2030-10-28 16:00:00,102.24886410136178
2030-10-28 17:00:00,135.088999968052
2030-10-28 18:00:00,135.08899999909153
2030-10-28 19:00:00,135.0889999995677
2030-10-28 20:00:00,135.0889999997902
2030-10-28 21:00:00,135.0889999999123
2030-10-28 22:00:00,135.08899999998243
2030-10-28 23:00:00,135.08899999994654
2030-10-29 00:00:00,135.089000000082
2030-10-29 01:00:00,135.08900000017235
2030-10-29 02:00:00,135.08900000033364
2030-10-29 03:00:00,135.08900000140784
2030-10-29 04:00:00,2999.999999998337
2030-10-29 05:00:00,2999.9999999997367
2030-10-29 06:00:00,2999.9999999998277
2030-10-29 07:00:00,2999.999999999738
2030-10-29 08:00:00,135.0890000060229
2030-10-29 09:00:00,135.08900000018062
2030-10-29 10:00:00,135.08900000003777
2030-10-29 11:00:00,135.08899999992673
2030-10-29 12:00:00,135.08899999995523
2030-10-29 13:00:00,135.08900000007415
2030-10-29 14:00:00,135.08900000050116
2030-10-29 15:00:00,2999.9999999976744
2030-10-29 16:00:00,2999.999999999753
2030-10-29 17:00:00,2999.9999999998204
2030-10-29 18:00:00,2999.9999999997285
2030-10-29 19:00:00,2999.9999999990146
2030-10-29 20:00:00,135.08900000439758
2030-10-29 21:00:00,135.08900000054294
2030-10-29 22:00:00,135.08900000007787
2030-10-29 23:00:00,135.08899999993938
2030-10-30 00:00:00,135.08899999986
2030-10-30 01:00:00,135.08899999975125
2030-10-30 02:00:00,135.0889999996346
2030-10-30 03:00:00,135.08899999950376
2030-10-30 04:00:00,135.08899999950808
2030-10-30 05:00:00,135.08899999975978
2030-10-30 06:00:00,135.0889999998463
2030-10-30 07:00:00,135.088999999019
2030-10-30 08:00:00,60.00000000048205
2030-10-30 09:00:00,2.844541260316868e-09
2030-10-30 10:00:00,1.3567446290182484e-09
2030-10-30 11:00:00,6.44945567930604e-10
2030-10-30 12:00:00,5.671434026932707e-10
2030-10-30 13:00:00,1.0739448787473917e-09
2030-10-30 14:00:00,59.999999999035296
2030-10-30 15:00:00,102.24886409708576
2030-10-30 16:00:00,102.24886410545814
2030-10-30 17:00:00,102.24886409968563
2030-10-30 18:00:00,102.24886409193634
2030-10-30 19:00:00,59.999999999927574
2030-10-30 20:00:00,9.134173791527649e-07
2030-10-30 21:00:00,6.943720392397257e-09
2030-10-30 22:00:00,5.808639674220544e-09
2030-10-30 23:00:00,3.3957524618796213e-09
2030-10-31 00:00:00,8.44779130164755e-10
2030-10-31 01:00:00,1.016216206540312e-09
2030-10-31 02:00:00,2.562732833816264e-09
2030-10-31 03:00:00,5.860032290501291e-08
2030-10-31 04:00:00,60.000000000138925
2030-10-31 05:00:00,102.24886409741339
2030-10-31 06:00:00,135.0889999920249
2030-10-31 07:00:00,135.08899999827
2030-10-31 08:00:00,135.08899999766098
2030-10-31 09:00:00,135.08899999695527
2030-10-31 10:00:00,135.0889999987174
2030-10-31 11:00:00,135.08899999531602
2030-10-31 12:00:00,135.0889999901014
2030-10-31 13:00:00,135.08899999799928
2030-10-31 14:00:00,135.08899999985726
2030-10-31 15:00:00,135.08900000016178
2030-10-31 16:00:00,135.08900003539597
2030-10-31 17:00:00,135.08900004958653
2030-10-31 18:00:00,135.08900003980943
2030-10-31 19:00:00,135.08900000045202
2030-10-31 20:00:00,135.08900000013364
2030-10-31 21:00:00,135.0890000000452
2030-10-31 22:00:00,135.08899999998528
2030-10-31 23:00:00,135.08899999981313
2030-11-01 00:00:00,135.08899999948778
2030-11-01 01:00:00,135.08899999849075
2030-11-01 02:00:00,135.0889999977633
2030-11-01 03:00:00,135.088999997464
2030-11-01 04:00:00,135.08899999780786
2030-11-01 05:00:00,135.0889999990558
2030-11-01 06:00:00,135.0889999994192
2030-11-01 07:00:00,135.08899999564443
2030-11-01 08:00:00,45.41400000498996
2030-11-01 09:00:00,1.3164942404715373e-09
2030-11-01 10:00:00,5.37740504026245e-10
2030-11-01 11:00:00,2.937141685103399e-10
2030-11-01 12:00:00,2.684528472555892e-10
2030-11-01 13:00:00,4.851515577163364e-10
2030-11-01 14:00:00,1.6727655446655927e-08
2030-11-01 15:00:00,59.99999999847566
2030-11-01 16:00:00,59.999999999308486
2030-11-01 17:00:00,45.41400000021708
2030-11-01 18:00:00,3.077128885080932e-09
2030-11-01 19:00:00,8.03056722483524e-10
2030-11-01 20:00:00,5.199116224237193e-10
2030-11-01 21:00:00,5.762941059564225e-10
2030-11-01 22:00:00,6.439231746594851e-10
2030-11-01 23:00:00,6.170539707189798e-10
2030-11-02 00:00:00,1.8172720052056293e-09
2030-11-02 01:00:00,4.874121732275392e-09
2030-11-02 02:00:00,45.4139999966781
2030-11-02 03:00:00,45.41399999953736
2030-11-02 04:00:00,45.41400000052925
2030-11-02 05:00:00,59.99999998113931
2030-11-02 06:00:00,59.99999999699708
2030-11-02 07:00:00,59.99999998384254
2030-11-02 08:00:00,5.2308702884033735e-09
2030-11-02 09:00:00,4.4504597474680104e-10
2030-11-02 10:00:00,4.124667077236622e-10
2030-11-02 11:00:00,2.9236579991931453e-10
2030-11-02 12:00:00,2.5794452191737976e-10
2030-11-02 13:00:00,2.852437669909545e-10
2030-11-02 14:00:00,3.196538062625954e-10
2030-11-02 15:00:00,3.196607299048042e-10
2030-11-02 16:00:00,3.1549313062077816e-10
2030-11-02 17:00:00,2.896468279185876e-10
2030-11-02 18:00:00,2.3178682682709505e-10
2030-11-02 19:00:00,1.7204004238234172e-10
2030-11-02 20:00:00,1.362961945233245e-10
2030-11-02 21:00:00,1.1003663854042997e-10
2030-11-02 22:00:00,6.990638995437113e-11
2030-11-02 23:00:00,5.630660652588504e-11
2030-11-03 00:00:00,3.4636162893828975e-11
2030-11-03 01:00:00,2.7879394088897783e-11
2030-11-03 02:00:00,2.435627444297798e-11
2030-11-03 03:00:00,1.7618503754592368e-11
2030-11-03 04:00:00,1.8295720658212625e-11
2030-11-03 05:00:00,2.6110154681482518e-11
2030-11-03 06:00:00,4.381887755018874e-11
2030-11-03 07:00:00,5.3386215468192655e-11
2030-11-03 08:00:00,3.865631897207102e-11
2030-11-03 09:00:00,1.9079013750756432e-11
2030-11-03 10:00:00,2.2419601665994577e-11
2030-11-03 11:00:00,1.0622325945641176e-11
2030-11-03 12:00:00,7.293881238684148e-12
2030-11-03 13:00:00,3.1555440030807305e-11
2030-11-03 14:00:00,1.1485752274526053e-10
2030-11-03 15:00:00,3.784545735944306e-10
2030-11-03 16:00:00,8.49380496325588e-10
2030-11-03 17:00:00,5.064472812668638e-10
2030-11-03 18:00:00,2.0478514916766665e-10
2030-11-03 19:00:00,1.2977694115695887e-10
2030-11-03 20:00:00,1.0498087302123514e-10
2030-11-03 21:00:00,9.599702076283427e-11
2030-11-03 22:00:00,7.314186804894509e-11
2030-11-03 23:00:00,5.419815986446413e-11
2030-11-04 00:00:00,4.647853183288903e-11
2030-11-04 01:00:00,6.081186680577235e-11
2030-11-04 02:00:00,1.2142486204720286e-10
2030-11-04 03:00:00,1.4951349483916072e-10
2030-11-04 04:00:00,2.2133186482690712e-10
2030-11-04 05:00:00,2.935920374449756e-10
2030-11-04 06:00:00,4.4347170855729846e-10
2030-11-04 07:00:00,7.623913430586861e-10
2030-11-04 08:00:00,3.456533610209204e-10
2030-11-04 09:00:00,1.487570039789262e-10
2030-11-04 10:00:00,1.2471007795726923e-10
2030-11-04 11:00:00,1.194607161606563e-10
2030-11-04 12:00:00,1.574446906823072e-10
2030-11-04 13:00:00,3.064857050900862e-10
2030-11-04 14:00:00,6.391846902940158e-10
2030-11-04 15:00:00,2.7171872120499872e-09
2030-11-04 16:00:00,45.41399999923569
2030-11-04 17:00:00,45.41400000100217
2030-11-04 18:00:00,59.99999997868077
2030-11-04 19:00:00,59.99999997999166
2030-11-04 20:00:00,59.99999997985695
2030-11-04 21:00:00,59.99999997271366
2030-11-04 22:00:00,45.41399999886891
2030-11-04 23:00:00,45.413999996249764
2030-11-05 00:00:00,45.4139999995201
2030-11-05 01:00:00,45.4139999988461
2030-11-05 02:00:00,45.41399999782927
2030-11-05 03:00:00,45.414000000130294
2030-11-05 04:00:00,59.999999999518835
2030-11-05 05:00:00,60.00000000094536
2030-11-05 06:00:00,102.24886415367756
2030-11-05 07:00:00,135.08899999399762
2030-11-05 08:00:00,60.00000002237645
2030-11-05 09:00:00,60.0000000004309
2030-11-05 10:00:00,60.00000002381913
2030-11-05 11:00:00,60.00000004592578
2030-11-05 12:00:00,135.08899998729
2030-11-05 13:00:00,135.0889999995119
2030-11-05 14:00:00,135.08899999993878
2030-11-05 15:00:00,135.08899999994767
2030-11-05 16:00:00,135.08899999985917
2030-11-05 17:00:00,135.08899999904196
2030-11-05 18:00:00,60.00000000158943
2030-11-05 19:00:00,59.999999999937785
2030-11-05 20:00:00,59.99999999902555
2030-11-05 21:00:00,45.414000009953256
2030-11-05 22:00:00,45.413999999633674
2030-11-05 23:00:00,45.41400000003128
2030-11-06 00:00:00,45.41400000029274
2030-11-06 01:00:00,45.41399999992163
2030-11-06 02:00:00,45.41400000002573
2030-11-06 03:00:00,45.41400000129953
2030-11-06 04:00:00,59.999999996822396
2030-11-06 05:00:00,59.999999999861586
2030-11-06 06:00:00,60.00000000022744
2030-11-06 07:00:00,60.0000000001995
2030-11-06 08:00:00,59.99999999754657
2030-11-06 09:00:00,1.1988230199739458e-07
2030-11-06 10:00:00,1.3640685129546796e-07
2030-11-06 11:00:00,2.5673994419178646e-09
2030-11-06 12:00:00,1.2098382077051763e-07
2030-11-06 13:00:00,45.4140000003993
2030-11-06 14:00:00,59.9999999997005
2030-11-06 15:00:00,135.08899999522853
2030-11-06 16:00:00,135.08899999991218
2030-11-06 17:00:00,135.08899999999127
2030-11-06 18:00:00,135.08899999990842
2030-11-06 19:00:00,135.08899999755386
2030-11-06 20:00:00,60.000000000411106
2030-11-06 21:00:00,59.9999999998913
2030-11-06 22:00:00,59.99999999860585
2030-11-06 23:00:00,59.99999999826777
2030-11-07 00:00:00,59.999999998202306
2030-11-07 01:00:00,59.99999999796473
2030-11-07 02:00:00,59.99999999897646
2030-11-07 03:00:00,59.9999999994993
2030-11-07 04:00:00,60.0000000005264
2030-11-07 05:00:00,135.08899999884696
2030-11-07 06:00:00,135.08899999992636
2030-11-07 07:00:00,135.08899999997612
2030-11-07 08:00:00,135.08899999859062
2030-11-07 09:00:00,59.99999999995188
2030-11-07 10:00:00,60.000000000135906
2030-11-07 11:00:00,59.99999999556351
2030-11-07 12:00:00,45.41399999893873
2030-11-07 13:00:00,38.43840959866487
2030-11-07 14:00:00,38.43840960745056
2030-11-07 15:00:00,45.41400000210635
2030-11-07 16:00:00,45.414000011477015
2030-11-07 17:00:00,45.41399999895086
2030-11-07 18:00:00,9.539047885976416e-10
2030-11-07 19:00:00,2.600146614505711e-10
2030-11-07 20:00:00,1.3730541360572355e-10
2030-11-07 21:00:00,9.1308573097201e-11
2030-11-07 22:00:00,5.263492695734463e-11
2030-11-07 23:00:00,3.680518473644615e-11
2030-11-08 00:00:00,2.6507611306320896e-11
2030-11-08 01:00:00,2.198429210849025e-11
2030-11-08 02:00:00,2.286333455612261e-11
2030-11-08 03:00:00,2.7730417971893837e-11
2030-11-08 04:00:00,4.287428976588696e-11
2030-11-08 05:00:00,7.418967609937104e-11
2030-11-08 06:00:00,1.12207624019334e-10
2030-11-08 07:00:00,1.475515156491819e-10
2030-11-08 08:00:00,1.6430424551201294e-10
2030-11-08 09:00:00,1.7263990324448723e-10
2030-11-08 10:00:00,2.435211074124349e-10
2030-11-08 11:00:00,1.8611623064475847e-10
2030-11-08 12:00:00,1.5886816824881378e-10
2030-11-08 13:00:00,1.6454548127654932e-10
2030-11-08 14:00:00,1.9585114069244986e-10
2030-11-08 15:00:00,2.675914783313553e-10
2030-11-08 16:00:00,3.616357247685072e-10
2030-11-08 17:00:00,3.896248680038996e-10
2030-11-08 18:00:00,3.3746266489404227e-10
2030-11-08 19:00:00,2.475235855480466e-10
2030-11-08 20:00:00,1.9065444672828533e-10
2030-11-08 21:00:00,1.6132254528446832e-10
2030-11-08 22:00:00,1.485870038777045e-10
2030-11-08 23:00:00,1.1821814176608274e-10
2030-11-09 00:00:00,9.138196676901147e-11
2030-11-09 01:00:00,9.632074300277514e-11
2030-11-09 02:00:00,1.097081550938554e-10
2030-11-09 03:00:00,1.3130606954942655e-10
2030-11-09 04:00:00,1.940506303889216e-10
2030-11-09 05:00:00,3.399049807608125e-10
2030-11-09 06:00:00,6.68637379724585e-10
2030-11-09 07:00:00,1.1923568637831588e-09
2030-11-09 08:00:00,5.422135585038549e-10
2030-11-09 09:00:00,2.7772722804351715e-10
2030-11-09 10:00:00,4.4512228426208743e-10
2030-11-09 11:00:00,2.7891571662161867e-10
2030-11-09 12:00:00,2.929609938345387e-10
2030-11-09 13:00:00,4.3241360730195306e-10
2030-11-09 14:00:00,1.4459212648323715e-09
2030-11-09 15:00:00,45.41400000122028
2030-11-09 16:00:00,59.99999999855664
2030-11-09 17:00:00,59.999999999326896
2030-11-09 18:00:00,59.999999998532395
2030-11-09 19:00:00,59.99999972144859
2030-11-09 20:00:00,45.41400018375941
2030-11-09 21:00:00,45.414000183400695
2030-11-09 22:00:00,45.41400018638805
2030-11-09 23:00:00,45.4140001850725
2030-11-10 00:00:00,45.41400017580234
2030-11-10 01:00:00,59.99999999444303
2030-11-10 02:00:00,59.999999999991005
2030-11-10 03:00:00,60.00000000109667
2030-11-10 04:00:00,60.00000000530813
2030-11-10 05:00:00,135.08899999887203
2030-11-10 06:00:00,135.0889999998336
2030-11-10 07:00:00,135.08899999993574
2030-11-10 08:00:00,135.08899999940448
2030-11-10 09:00:00,60.000000003358686
2030-11-10 10:00:00,60.00000000359702
2030-11-10 11:00:00,60.00000000077447
2030-11-10 12:00:00,60.00000000061707
2030-11-10 13:00:00,60.00000000355049
2030-11-10 14:00:00,135.08899999903392
2030-11-10 15:00:00,135.0889999999528
2030-11-10 16:00:00,135.08899999999338
2030-11-10 17:00:00,135.088999999785
2030-11-10 18:00:00,135.088999976421
2030-11-10 19:00:00,60.00000000126548
2030-11-10 20:00:00,59.9999999996999
2030-11-10 21:00:00,45.414000003267276
2030-11-10 22:00:00,6.8216370447432746e-09
2030-11-10 23:00:00,4.930889159709519e-10
2030-11-11 00:00:00,2.330240315133187e-10
2030-11-11 01:00:00,1.7880292989505794e-10
2030-11-11 02:00:00,1.5158262418396484e-10
2030-11-11 03:00:00,1.918410645929706e-10
2030-11-11 04:00:00,2.232641023814265e-10
2030-11-11 05:00:00,3.61047255132985e-10
2030-11-11 06:00:00,6.12727631053416e-10
2030-11-11 07:00:00,1.1914091678702787e-09
2030-11-11 08:00:00,1.0705890360304587e-09
2030-11-11 09:00:00,8.707253409695097e-10
2030-11-11 10:00:00,8.229751052822439e-09
2030-11-11 11:00:00,45.41400000320411
2030-11-11 12:00:00,45.41400000344508
2030-11-11 13:00:00,59.99999998268074
2030-11-11 14:00:00,59.99999999980531
2030-11-11 15:00:00,60.00000000014238
2030-11-11 16:00:00,60.000000000089294
2030-11-11 17:00:00,59.999999999910955
2030-11-11 18:00:00,59.999999999242824
2030-11-11 19:00:00,45.4140000061301
2030-11-11 20:00:00,45.41400000363294
2030-11-11 21:00:00,45.41400000227269
2030-11-11 22:00:00,3.343407434145817e-08
2030-11-11 23:00:00,1.457387421524489e-09
2030-11-12 00:00:00,2.922716664484173e-09
2030-11-12 01:00:00,1.1997202765532505e-08
2030-11-12 02:00:00,45.414000004144675
2030-11-12 03:00:00,59.999999998184876
2030-11-12 04:00:00,60.000000000379515
2030-11-12 05:00:00,135.08899999986198
2030-11-12 06:00:00,135.08900000011172
2030-11-12 07:00:00,135.08900000021512
2030-11-12 08:00:00,135.08900000019213
2030-11-12 09:00:00,135.0890000001725
2030-11-12 10:00:00,135.08900000017434
2030-11-12 11:00:00,135.08900000019088
2030-11-12 12:00:00,135.0890000004366
2030-11-12 13:00:00,135.0890000023805
2030-11-12 14:00:00,178.47668119428528
2030-11-12 15:00:00,2999.999999975944
2030-11-12 16:00:00,2999.9999999918914
2030-11-12 17:00:00,2999.999999979168
2030-11-12 18:00:00,178.47668120250677
2030-11-12 19:00:00,135.0890077114459
2030-11-12 20:00:00,135.0890000004966
2030-11-12 21:00:00,135.0890000002138
2030-11-12 22:00:00,135.08900000007228
2030-11-12 23:00:00,135.08899999998874
2030-11-13 00:00:00,135.08900000182325
2030-11-13 01:00:00,135.08899999996666
2030-11-13 02:00:00,135.08899999999107
2030-11-13 03:00:00,135.08899999837297
2030-11-13 04:00:00,135.0890000001252
2030-11-13 05:00:00,135.08900000095372
2030-11-13 06:00:00,159.60420633972169
2030-11-13 07:00:00,178.47668119710747
2030-11-13 08:00:00,135.0890000135015
2030-11-13 09:00:00,135.08900000030457
2030-11-13 10:00:00,135.08900000019648
2030-11-13 11:00:00,135.08900000012812
2030-11-13 12:00:00,135.08899999914456
2030-11-13 13:00:00,135.08900000044088
2030-11-13 14:00:00,135.08900002184265
2030-11-13 15:00:00,305.8260869723691
2030-11-13 16:00:00,2999.9999999989027
2030-11-13 17:00:00,2999.999999999089
2030-11-13 18:00:00,2999.999999995163
2030-11-13 19:00:00,178.47668119978738
2030-11-13 20:00:00,135.08900001545732
2030-11-13 21:00:00,135.08900000095176
2030-11-13 22:00:00,135.08900000040973
2030-11-13 23:00:00,135.089000000238
2030-11-14 00:00:00,135.08900000052395
2030-11-14 01:00:00,135.08900000015265
2030-11-14 02:00:00,135.0890000001781
2030-11-14 03:00:00,135.0890000018246
2030-11-14 04:00:00,135.08900000151806
2030-11-14 05:00:00,178.47668119887317
2030-11-14 06:00:00,178.4766812040626
2030-11-14 07:00:00,178.4766812139524
2030-11-14 08:00:00,178.47668119703678
2030-11-14 09:00:00,135.0890000008983
2030-11-14 10:00:00,135.08900000080268
2030-11-14 11:00:00,135.08900000034885
2030-11-14 12:00:00,135.0889999998914
2030-11-14 13:00:00,135.08900000308
2030-11-14 14:00:00,178.47667772790032
2030-11-14 15:00:00,178.47668120917376
2030-11-14 16:00:00,305.82608695449744
2030-11-14 17:00:00,178.47668120772153
2030-11-14 18:00:00,178.47668120047376
2030-11-14 19:00:00,135.0890000040901
2030-11-14 20:00:00,135.0890000010084
2030-11-14 21:00:00,135.08900000050355
2030-11-14 22:00:00,135.08900000028447
2030-11-14 23:00:00,135.0890000001432
2030-11-15 00:00:00,135.0890001605605
2030-11-15 01:00:00,135.08900000010578
2030-11-15 02:00:00,135.08900000014577
2030-11-15 03:00:00,135.0890004875986
2030-11-15 04:00:00,135.08900000104433
2030-11-15 05:00:00,178.47667776523087
2030-11-15 06:00:00,178.47668120225282
2030-11-15 07:00:00,178.47668120849275
2030-11-15 08:00:00,178.4766778111697
2030-11-15 09:00:00,135.08900000142884
2030-11-15 10:00:00,135.08900000038147
2030-11-15 11:00:00,135.08900000027486
2030-11-15 12:00:00,135.08899975929998
2030-11-15 13:00:00,135.08900000337576
2030-11-15 14:00:00,2999.9999999923584
2030-11-15 15:00:00,2999.9999999998035
2030-11-15 16:00:00,2999.9999999998654
2030-11-15 17:00:00,2999.9999999998545
2030-11-15 18:00:00,2999.999999999784
2030-11-15 19:00:00,2999.999999999438
2030-11-15 20:00:00,2999.9999999969045
2030-11-15 21:00:00,305.82608700684807
2030-11-15 22:00:00,305.8260869558001
2030-11-15 23:00:00,305.8260869518491
2030-11-16 00:00:00,305.8260869455721
2030-11-16 01:00:00,305.8260869550794
2030-11-16 02:00:00,2999.9999999926235
2030-11-16 03:00:00,2999.9999999990628
2030-11-16 04:00:00,2999.9999999997094
2030-11-16 05:00:00,2999.9999999998568
2030-11-16 06:00:00,2999.9999999998895
2030-11-16 07:00:00,2999.999999999906
2030-11-16 08:00:00,2999.9999999998845
2030-11-16 09:00:00,2999.999999999749
2030-11-16 10:00:00,2999.999999999358
2030-11-16 11:00:00,2999.9999999967495
2030-11-16 12:00:00,2999.999999991638
2030-11-16 13:00:00,2999.99999999933
2030-11-16 14:00:00,2999.999999999818
2030-11-16 15:00:00,2999.999999999919
2030-11-16 16:00:00,2999.999999999938
2030-11-16 17:00:00,2999.9999999999286
2030-11-16 18:00:00,2999.999999999922
2030-11-16 19:00:00,2999.9999999999154
2030-11-16 20:00:00,2999.999999999903
2030-11-16 21:00:00,2999.9999999998963
2030-11-16 22:00:00,2999.9999999998854
2030-11-16 23:00:00,2999.9999999998545
2030-11-17 00:00:00,2999.9999999997667
2030-11-17 01:00:00,2999.9999999997194
2030-11-17 02:00:00,2999.9999999996935
2030-11-17 03:00:00,2999.999999999664
2030-11-17 04:00:00,2999.999999999642
2030-11-17 05:00:00,2999.999999999676
2030-11-17 06:00:00,2999.999999999767
2030-11-17 07:00:00,2999.999999999808
2030-11-17 08:00:00,2999.9999999995707
2030-11-17 09:00:00,178.47668120445744
2030-11-17 10:00:00,135.08900000634256
2030-11-17 11:00:00,135.08900000166474
2030-11-17 12:00:00,135.089000019689
2030-11-17 13:00:00,135.08900000283037
2030-11-17 14:00:00,178.47668120360777
2030-11-17 15:00:00,2999.9999999996126
2030-11-17 16:00:00,2999.9999999998518
2030-11-17 17:00:00,2999.999999999831
2030-11-17 18:00:00,2999.9999999997917
2030-11-17 19:00:00,2999.9999999995657
2030-11-17 20:00:00,2999.9999999989154
2030-11-17 21:00:00,2999.9999999958495
2030-11-17 22:00:00,2999.999999975576
2030-11-17 23:00:00,178.4766812038662
2030-11-18 00:00:00,178.47667776698566
2030-11-18 01:00:00,135.08900000516613
2030-11-18 02:00:00,135.08900000367726
2030-11-18 03:00:00,135.08900000213018
2030-11-18 04:00:00,135.08899998352737
2030-11-18 05:00:00,135.08900000040487
2030-11-18 06:00:00,135.0890000005012
2030-11-18 07:00:00,135.0890000005273
2030-11-18 08:00:00,135.08900000002274
2030-11-18 09:00:00,135.08899999960943
2030-11-18 10:00:00,135.08899989648728
2030-11-18 11:00:00,135.0889974024784
2030-11-18 12:00:00,135.08899875862033
2030-11-18 13:00:00,135.08899999972908
2030-11-18 14:00:00,135.08900000004815
2030-11-18 15:00:00,135.08899999897724
2030-11-18 16:00:00,135.0889999929291
2030-11-18 17:00:00,135.08900000018832
2030-11-18 18:00:00,135.08900000011917
2030-11-18 19:00:00,135.08900000005085
2030-11-18 20:00:00,135.08900000007932
2030-11-18 21:00:00,135.08900000735127
2030-11-18 22:00:00,135.08900000045202
2030-11-18 23:00:00,135.08900000080266
2030-11-19 00:00:00,135.0890000002586
2030-11-19 01:00:00,135.08900000304678
2030-11-19 02:00:00,135.08900000411828
2030-11-19 03:00:00,178.47667774040355
2030-11-19 04:00:00,178.47668120447912
2030-11-19 05:00:00,2999.999999999397
2030-11-19 06:00:00,2999.999999999743
2030-11-19 07:00:00,2999.999999999807
2030-11-19 08:00:00,2999.999999999725
2030-11-19 09:00:00,2999.9999999993747
2030-11-19 10:00:00,2999.999999999534
2030-11-19 11:00:00,2999.9999999989377
2030-11-19 12:00:00,2999.9999999987112
2030-11-19 13:00:00,2999.9999999993834
2030-11-19 14:00:00,2999.9999999996667
2030-11-19 15:00:00,2999.9999999998504
2030-11-19 16:00:00,2999.999999999893
2030-11-19 17:00:00,2999.9999999999072
2030-11-19 18:00:00,2999.9999999998904
2030-11-19 19:00:00,2999.9999999998704
2030-11-19 20:00:00,2999.999999999852
2030-11-19 21:00:00,2999.9999999998154
2030-11-19 22:00:00,2999.999999999763
2030-11-19 23:00:00,2999.9999999996685
2030-11-20 00:00:00,2999.999999999652
2030-11-20 01:00:00,2999.9999999996044
2030-11-20 02:00:00,2999.999999999564
2030-11-20 03:00:00,2999.9999999995575
2030-11-20 04:00:00,2999.9999999996844
2030-11-20 05:00:00,2999.9999999998004
2030-11-20 06:00:00,2999.9999999998386
2030-11-20 07:00:00,2999.9999999998427
2030-11-20 08:00:00,2999.999999999717
2030-11-20 09:00:00,2999.9999999961187
2030-11-20 10:00:00,178.4766777707522
2030-11-20 11:00:00,178.47667775829257
2030-11-20 12:00:00,178.47667776049963
2030-11-20 13:00:00,178.47667777734875
2030-11-20 14:00:00,178.47668120936436
2030-11-20 15:00:00,2999.999999997582
2030-11-20 16:00:00,2999.9999999922297
2030-11-20 17:00:00,178.4766812035577
2030-11-20 18:00:00,178.47667776550114
2030-11-20 19:00:00,135.0890000020598
2030-11-20 20:00:00,135.08900000040853
2030-11-20 21:00:00,135.08900000020094
2030-11-20 22:00:00,135.08900000022717
2030-11-20 23:00:00,135.08899994492043
2030-11-21 00:00:00,135.08899983711788
2030-11-21 01:00:00,135.08900000022328
2030-11-21 02:00:00,135.08900000035214
2030-11-21 03:00:00,135.08899983191435
2030-11-21 04:00:00,135.08900000435713
2030-11-21 05:00:00,178.47668120280431
2030-11-21 06:00:00,2999.999999996496
2030-11-21 07:00:00,2999.9999999991824
2030-11-21 08:00:00,2999.999999988641
2030-11-21 09:00:00,178.47668119969765
2030-11-21 10:00:00,135.08900000300832
2030-11-21 11:00:00,135.0890000016068
2030-11-21 12:00:00,135.08900005684762
2030-11-21 13:00:00,135.0889999697703
2030-11-21 14:00:00,178.47668120222318
2030-11-21 15:00:00,2999.9999999993684
2030-11-21 16:00:00,2999.999999999649
2030-11-21 17:00:00,2999.999999999418
2030-11-21 18:00:00,2999.9999999954425
2030-11-21 19:00:00,178.47668120068397
2030-11-21 20:00:00,135.08900000214433
2030-11-21 21:00:00,135.0890000007441
2030-11-21 22:00:00,135.0890000012673
2030-11-21 23:00:00,135.08899999952942
2030-11-22 00:00:00,135.08899986475507
2030-11-22 01:00:00,135.08900000022294
2030-11-22 02:00:00,135.08900000016888
2030-11-22 03:00:00,135.08900000025747
2030-11-22 04:00:00,135.08900000100127
2030-11-22 05:00:00,135.08900000894099
2030-11-22 06:00:00,159.60420605629548
2030-11-22 07:00:00,159.60420604998072
2030-11-22 08:00:00,135.08900000022146
2030-11-22 09:00:00,135.08899999993005
2030-11-22 10:00:00,135.08899999988105
2030-11-22 11:00:00,135.08899999897667
2030-11-22 12:00:00,135.08899737499186
2030-11-22 13:00:00,135.08899999705633
2030-11-22 14:00:00,135.088999999258
2030-11-22 15:00:00,135.08900000016837
2030-11-22 16:00:00,135.08899999934388
2030-11-22 17:00:00,135.08899999691295
2030-11-22 18:00:00,60.00000000022713
2030-11-22 19:00:00,59.999999996353964
2030-11-22 20:00:00,2.423134659590054e-09
2030-11-22 21:00:00,1.6029495059333599e-09
2030-11-22 22:00:00,2.2109374495121684e-09
2030-11-22 23:00:00,1.1224425630689934e-09
2030-11-23 00:00:00,6.56320661668825e-10
2030-11-23 01:00:00,8.754252905414324e-10
2030-11-23 02:00:00,1.8036740772994553e-09
2030-11-23 03:00:00,3.991177020431691e-09
2030-11-23 04:00:00,60.00000000004183
2030-11-23 05:00:00,135.0889999987468
2030-11-23 06:00:00,135.0889999998286
2030-11-23 07:00:00,135.0889999999325
2030-11-23 08:00:00,135.08899999978274
2030-11-23 09:00:00,135.0889999986973
2030-11-23 10:00:00,135.08899999851698
2030-11-23 11:00:00,135.08899999836714
2030-11-23 12:00:00,135.08899999911756
2030-11-23 13:00:00,135.08899999989808
2030-11-23 14:00:00,135.08900000006452
2030-11-23 15:00:00,135.08900000071264
2030-11-23 16:00:00,135.0890000003056
2030-11-23 17:00:00,135.08900000014881
2030-11-23 18:00:00,135.0890000000453
2030-11-23 19:00:00,135.08899999989714
2030-11-23 20:00:00,135.0889999996254
2030-11-23 21:00:00,135.08899999900342
2030-11-23 22:00:00,135.08899977626967
2030-11-23 23:00:00,135.088997401527
2030-11-24 00:00:00,60.00000000062122
2030-11-24 01:00:00,60.00000000029802
2030-11-24 02:00:00,59.99999999981676
2030-11-24 03:00:00,59.99999991073359
2030-11-24 04:00:00,2.511789323837598e-09
2030-11-24 05:00:00,1.4662998680361556e-09
2030-11-24 06:00:00,2.134547783695617e-09
2030-11-24 07:00:00,3.555319126044518e-09
2030-11-24 08:00:00,1.3092881438033294e-09
2030-11-24 09:00:00,4.877339766072913e-10
2030-11-24 10:00:00,4.978075451717828e-10
2030-11-24 11:00:00,4.4534792639524574e-10
2030-11-24 12:00:00,5.331371226820778e-10
2030-11-24 13:00:00,1.0101432046712607e-09
2030-11-24 14:00:00,59.9999999989628
2030-11-24 15:00:00,135.0890000347182
2030-11-24 16:00:00,135.0889999992882
2030-11-24 17:00:00,135.08899999973244
2030-11-24 18:00:00,135.08899999981193
2030-11-24 19:00:00,135.08899999976344
2030-11-24 20:00:00,135.0889999997975
2030-11-24 21:00:00,135.08899999987298
2030-11-24 22:00:00,135.08900000002757
2030-11-24 23:00:00,135.0889999999793
2030-11-25 00:00:00,135.08899998791762
2030-11-25 01:00:00,135.08900000002316
2030-11-25 02:00:00,135.08900000006534
2030-11-25 03:00:00,135.0889998550177
2030-11-25 04:00:00,135.08900000014157
2030-11-25 05:00:00,135.0890000003476
2030-11-25 06:00:00,135.08900000162689
2030-11-25 07:00:00,159.6042060699938
2030-11-25 08:00:00,159.60420602152834
2030-11-25 09:00:00,135.08900000050502
2030-11-25 10:00:00,135.08900000030823
2030-11-25 11:00:00,135.0890000001961
2030-11-25 12:00:00,135.08900011479778
2030-11-25 13:00:00,135.0890000008817
2030-11-25 14:00:00,178.47668119707586
2030-11-25 15:00:00,178.47668120200746
2030-11-25 16:00:00,178.47668120285692
2030-11-25 17:00:00,178.4766811986213
2030-11-25 18:00:00,135.08900000551208
2030-11-25 19:00:00,135.0890000001912
2030-11-25 20:00:00,135.08899999999596
2030-11-25 21:00:00,135.0889999998058
2030-11-25 22:00:00,135.0889999990249
2030-11-25 23:00:00,60.00000000024155
2030-11-26 00:00:00,59.99999999941042
2030-11-26 01:00:00,9.180832922945781e-10
2030-11-26 02:00:00,2.3604170884498074e-10
2030-11-26 03:00:00,1.2181015376913538e-10
2030-11-26 04:00:00,1.0551234800639288e-10
2030-11-26 05:00:00,1.2550930036351083e-10
2030-11-26 06:00:00,1.5201306586921388e-10
2030-11-26 07:00:00,1.6443221807278744e-10
2030-11-26 08:00:00,1.3700885341081078e-10
2030-11-26 09:00:00,1.0714976769662542e-10
2030-11-26 10:00:00,1.0820962425284029e-10
2030-11-26 11:00:00,9.556912211458396e-11
2030-11-26 12:00:00,8.836558515859105e-11
2030-11-26 13:00:00,8.669015476102567e-11
2030-11-26 14:00:00,1.235087514811758e-10
2030-11-26 15:00:00,2.5078465430712125e-10
2030-11-26 16:00:00,4.870276446094279e-10
2030-11-26 17:00:00,8.168236871356458e-10
2030-11-26 18:00:00,6.629553981653979e-10
2030-11-26 19:00:00,5.011145849359152e-10
2030-11-26 20:00:00,4.1606001654659745e-10
2030-11-26 21:00:00,3.6433316447839237e-10
2030-11-26 22:00:00,2.0498412992351417e-10
2030-11-26 23:00:00,1.8348976506186592e-10
2030-11-27 00:00:00,2.1117671948839785e-10
2030-11-27 01:00:00,2.4888424480198523e-10
2030-11-27 02:00:00,4.0113185863808957e-10
2030-11-27 03:00:00,1.0461902575302786e-09
2030-11-27 04:00:00,59.99999999892841
2030-11-27 05:00:00,135.08899740618006
2030-11-27 06:00:00,135.08899999933283
2030-11-27 07:00:00,135.08899999974636
2030-11-27 08:00:00,135.08899999933632
2030-11-27 09:00:00,135.08899999654378
2030-11-27 10:00:00,135.08899999886762
2030-11-27 11:00:00,135.08899999971158
2030-11-27 12:00:00,135.08900000030107
2030-11-27 13:00:00,135.08900000017104
2030-11-27 14:00:00,135.08900000080223
2030-11-27 15:00:00,159.6042060339884
2030-11-27 16:00:00,159.6042060117343
2030-11-27 17:00:00,135.08900000177545
2030-11-27 18:00:00,135.08900000058253
2030-11-27 19:00:00,135.08900000015842
2030-11-27 20:00:00,135.08900000005087
2030-11-27 21:00:00,135.08900000004402
2030-11-27 22:00:00,135.08900000011778
2030-11-27 23:00:00,135.0890000000531
2030-11-28 00:00:00,135.08900000029632
2030-11-28 01:00:00,135.08900000003857
2030-11-28 02:00:00,135.08900000009734
2030-11-28 03:00:00,135.08900000004024
2030-11-28 04:00:00,135.0890000005923
2030-11-28 05:00:00,178.47668118118932
2030-11-28 06:00:00,305.82608687137133
2030-11-28 07:00:00,305.82608698361963
2030-11-28 08:00:00,305.826086905203
2030-11-28 09:00:00,178.47668120320313
2030-11-28 10:00:00,258.8511999623689
2030-11-28 11:00:00,305.8260869607681
2030-11-28 12:00:00,2999.9999999988477
2030-11-28 13:00:00,2999.999999999696
2030-11-28 14:00:00,2999.9999999998518
2030-11-28 15:00:00,2999.999999999901
2030-11-28 16:00:00,2999.9999999999104
2030-11-28 17:00:00,2999.9999999999145
2030-11-28 18:00:00,2999.9999999999072
2030-11-28 19:00:00,2999.9999999998904
2030-11-28 20:00:00,2999.9999999998695
2030-11-28 21:00:00,2999.9999999998527
2030-11-28 22:00:00,2999.999999999793
2030-11-28 23:00:00,2999.999999999711
2030-11-29 00:00:00,2999.999999999642
2030-11-29 01:00:00,2999.999999999612
2030-11-29 02:00:00,2999.99999999962
2030-11-29 03:00:00,2999.9999999996207
2030-11-29 04:00:00,2999.9999999997267
2030-11-29 05:00:00,2999.99999999983
2030-11-29 06:00:00,2999.999999999874
2030-11-29 07:00:00,2999.999999999887
2030-11-29 08:00:00,2999.9999999999404
2030-11-29 09:00:00,2999.9999999998636
2030-11-29 10:00:00,2999.999999999819
2030-11-29 11:00:00,2999.999999999795
2030-11-29 12:00:00,2999.9999999997767
2030-11-29 13:00:00,2999.999999999709
2030-11-29 14:00:00,2999.999999999714
2030-11-29 15:00:00,2999.9999999997326
2030-11-29 16:00:00,2999.9999999995875
2030-11-29 17:00:00,2999.999999998628
2030-11-29 18:00:00,178.4766811998843
2030-11-29 19:00:00,135.089000001828
2030-11-29 20:00:00,135.0890000003382
2030-11-29 21:00:00,135.08900000011084
2030-11-29 22:00:00,135.08900000005033
2030-11-29 23:00:00,135.0889999998381
2030-11-30 00:00:00,135.08899999837612
2030-11-30 01:00:00,135.08899999730514
2030-11-30 02:00:00,60.000000001779824
2030-11-30 03:00:00,60.00000000027038
2030-11-30 04:00:00,60.000000000290605
2030-11-30 05:00:00,60.00000000483739
2030-11-30 06:00:00,135.08899742928662
2030-11-30 07:00:00,135.08899750312233
2030-11-30 08:00:00,135.08899743406778
2030-11-30 09:00:00,60.00000000927462
2030-11-30 10:00:00,60.000000000553655
2030-11-30 11:00:00,59.99999999684923
2030-11-30 12:00:00,59.99999999673088
2030-11-30 13:00:00,59.99999999946964
2030-11-30 14:00:00,60.00000000068462
2030-11-30 15:00:00,135.08899999947783
2030-11-30 16:00:00,135.0889999999245
2030-11-30 17:00:00,135.08899999999332
2030-11-30 18:00:00,135.08900000001637
2030-11-30 19:00:00,135.08900000003393
2030-11-30 20:00:00,135.08900000004752
2030-11-30 21:00:00,135.0890000000794
2030-11-30 22:00:00,135.0890000003054
2030-11-30 23:00:00,135.08900000021066
2030-12-01 00:00:00,135.08899999937782
2030-12-01 01:00:00,135.08900000019537
2030-12-01 02:00:00,135.08900000023155
2030-12-01 03:00:00,135.08900000105777
2030-12-01 04:00:00,135.08900000058503
2030-12-01 05:00:00,178.47668119583184
2030-12-01 06:00:00,2999.999999985484
2030-12-01 07:00:00,2999.999999999462
2030-12-01 08:00:00,2999.9999999993433
2030-12-01 09:00:00,305.82608695284733
2030-12-01 10:00:00,178.47667777602797
2030-12-01 11:00:00,135.08900001985745
2030-12-01 12:00:00,135.08900000540243
2030-12-01 13:00:00,178.47667776554988
2030-12-01 14:00:00,2999.9999999831666
2030-12-01 15:00:00,2999.9999999997704
2030-12-01 16:00:00,2999.9999999998404
2030-12-01 17:00:00,2999.9999999998454
2030-12-01 18:00:00,2999.9999999998413
2030-12-01 19:00:00,2999.9999999998095
2030-12-01 20:00:00,2999.9999999997617
2030-12-01 21:00:00,2999.999999999625
2030-12-01 22:00:00,2999.999999995369
2030-12-01 23:00:00,178.47668120037372
2030-12-02 00:00:00,178.4766811995696
2030-12-02 01:00:00,178.47668119810194
2030-12-02 02:00:00,178.47668119470924
2030-12-02 03:00:00,151.06266298083403
2030-12-02 04:00:00,151.06266296772682
2030-12-02 05:00:00,151.06266296969548
2030-12-02 06:00:00,178.4766811975011
2030-12-02 07:00:00,178.47668120088133
2030-12-02 08:00:00,178.47668119947227
2030-12-02 09:00:00,135.08900023105403
2030-12-02 10:00:00,135.08900000188362
2030-12-02 11:00:00,135.0890000005861
2030-12-02 12:00:00,135.08900000174057
2030-12-02 13:00:00,135.08900000013065
2030-12-02 14:00:00,178.47668119932433
2030-12-02 15:00:00,2999.9999999970105
2030-12-02 16:00:00,2999.9999999981237
2030-12-02 17:00:00,2999.99999999298
2030-12-02 18:00:00,178.47668120046532
2030-12-02 19:00:00,135.08900000726584
2030-12-02 20:00:00,135.08900000048115
2030-12-02 21:00:00,135.08900000019713
2030-12-02 22:00:00,135.08900000005252
2030-12-02 23:00:00,135.08900000165573
2030-12-03 00:00:00,135.08900001595194
2030-12-03 01:00:00,135.08899999981296
2030-12-03 02:00:00,135.08899999968062
2030-12-03 03:00:00,135.08900000066294
2030-12-03 04:00:00,135.08899999922167
2030-12-03 05:00:00,135.08899999998187
2030-12-03 06:00:00,135.08900000011707
2030-12-03 07:00:00,135.08900000036797
2030-12-03 08:00:00,135.08900000038764
2030-12-03 09:00:00,135.0890000002144
2030-12-03 10:00:00,135.0890000003015
2030-12-03 11:00:00,135.08900000017206
2030-12-03 12:00:00,135.08900000276162
2030-12-03 13:00:00,135.0890000183785
2030-12-03 14:00:00,178.47668120166958
2030-12-03 15:00:00,2999.9999999996276
2030-12-03 16:00:00,2999.9999999997185
2030-12-03 17:00:00,2999.999999999774
2030-12-03 18:00:00,2999.9999999995866
2030-12-03 19:00:00,2999.9999999980964
2030-12-03 20:00:00,178.4766812014747
2030-12-03 21:00:00,178.47668119907215
2030-12-03 22:00:00,135.08900000615205
2030-12-03 23:00:00,135.0890000007042
2030-12-04 00:00:00,135.0889999986376
2030-12-04 01:00:00,135.08900000033051
2030-12-04 02:00:00,135.08900000035223
2030-12-04 03:00:00,135.0889999999484
2030-12-04 04:00:00,135.0890000010095
2030-12-04 05:00:00,178.47667776892575
2030-12-04 06:00:00,178.47668119871497
2030-12-04 07:00:00,178.47668119932112
2030-12-04 08:00:00,178.4766779112045
2030-12-04 09:00:00,135.08900000011084
2030-12-04 10:00:00,135.0890000000895
2030-12-04 11:00:00,135.0889999999484
2030-12-04 12:00:00,135.08900000055314
2030-12-04 13:00:00,135.08899999991883
2030-12-04 14:00:00,135.0889999999062
2030-12-04 15:00:00,135.08899999989046
2030-12-04 16:00:00,135.08899999940226
2030-12-04 17:00:00,135.08899999914166
2030-12-04 18:00:00,60.00000000402016
2030-12-04 19:00:00,59.99999999978092
2030-12-04 20:00:00,6.824203192746461e-09
2030-12-04 21:00:00,1.8508981949060945e-09
2030-12-04 22:00:00,1.1124942895726016e-09
2030-12-04 23:00:00,3.259926129946766e-10
2030-12-05 00:00:00,2.8343719686191203e-10
2030-12-05 01:00:00,2.850953789633341e-10
2030-12-05 02:00:00,4.0532376692404167e-10
2030-12-05 03:00:00,1.0103476704685872e-09
2030-12-05 04:00:00,59.99999999886297
2030-12-05 05:00:00,135.0889999942552
2030-12-05 06:00:00,135.08899999976524
2030-12-05 07:00:00,135.0889999999006
2030-12-05 08:00:00,135.0889999987614
2030-12-05 09:00:00,135.08899740068725
2030-12-05 10:00:00,59.999999999659735
2030-12-05 11:00:00,2.1785071478740797e-09
2030-12-05 12:00:00,7.399967990867903e-10
2030-12-05 13:00:00,1.4407860767615973e-09
2030-12-05 14:00:00,59.99999999941925
2030-12-05 15:00:00,135.08899999734743
2030-12-05 16:00:00,135.08899999917048
2030-12-05 17:00:00,135.0889999994669
2030-12-05 18:00:00,135.0889999995243
2030-12-05 19:00:00,135.0889999991954
2030-12-05 20:00:00,135.08899999881493
2030-12-05 21:00:00,135.08899999770472
2030-12-05 22:00:00,135.08899999787857
2030-12-05 23:00:00,135.08899996233228
2030-12-06 00:00:00,135.08899998915757
2030-12-06 01:00:00,135.0889999990764
2030-12-06 02:00:00,135.0889999997282
2030-12-06 03:00:00,135.08899999921402
2030-12-06 04:00:00,135.08900000007068
2030-12-06 05:00:00,135.08900000076815
2030-12-06 06:00:00,178.47668119968344
2030-12-06 07:00:00,2999.9999999967667
2030-12-06 08:00:00,2999.9999999941447
2030-12-06 09:00:00,178.47668119891307
2030-12-06 10:00:00,178.47668119952763
2030-12-06 11:00:00,135.08900000142134
2030-12-06 12:00:00,135.08900000379495
2030-12-06 13:00:00,135.08899999937012
2030-12-06 14:00:00,178.47668119980887
2030-12-06 15:00:00,2999.999999999719
2030-12-06 16:00:00,2999.9999999998117
2030-12-06 17:00:00,2999.9999999996326
2030-12-06 18:00:00,2999.9999999982033
2030-12-06 19:00:00,178.4766811998219
2030-12-06 20:00:00,135.0890000273867
2030-12-06 21:00:00,135.08900000053737
2030-12-06 22:00:00,135.08900000027694
2030-12-06 23:00:00,135.08900000326003
2030-12-07 00:00:00,135.0890000032041
2030-12-07 01:00:00,135.08899999958942
2030-12-07 02:00:00,135.08899999830055
2030-12-07 03:00:00,135.0889999959207
2030-12-07 04:00:00,135.08900003108852
2030-12-07 05:00:00,135.0889999998894
2030-12-07 06:00:00,135.08900000001339
2030-12-07 07:00:00,135.08900000008012
2030-12-07 08:00:00,135.08900000004655
2030-12-07 09:00:00,135.08899999990007
2030-12-07 10:00:00,135.08899999996444
2030-12-07 11:00:00,135.08900000800347
2030-12-07 12:00:00,135.08899999769363
2030-12-07 13:00:00,135.0889999999267
2030-12-07 14:00:00,135.0890000033608
2030-12-07 15:00:00,178.47668119720012
2030-12-07 16:00:00,178.47668120148253
2030-12-07 17:00:00,178.4766812075488
2030-12-07 18:00:00,178.47668120549747
2030-12-07 19:00:00,178.47668119926163
2030-12-07 20:00:00,178.47668119800323
2030-12-07 21:00:00,178.4766777600553
2030-12-07 22:00:00,135.08900000096577
2030-12-07 23:00:00,135.08900000000824
2030-12-08 00:00:00,135.08899999956097
2030-12-08 01:00:00,135.0890000000467
2030-12-08 02:00:00,135.08899999996686
2030-12-08 03:00:00,135.08900000133917
2030-12-08 04:00:00,135.08900000077276
2030-12-08 05:00:00,135.08899999989214
2030-12-08 06:00:00,135.0889999999457
2030-12-08 07:00:00,135.0889999999775
2030-12-08 08:00:00,135.08899999985232
2030-12-08 09:00:00,135.0889999990211
2030-12-08 10:00:00,135.08899999931288
2030-12-08 11:00:00,135.08899999949446
2030-12-08 12:00:00,135.08900000142626
2030-12-08 13:00:00,135.0890000000509
2030-12-08 14:00:00,135.08899999985528
2030-12-08 15:00:00,178.47668119873654
2030-12-08 16:00:00,2999.9999999965275
2030-12-08 17:00:00,2999.999999999587
2030-12-08 18:00:00,2999.9999999997685
2030-12-08 19:00:00,2999.9999999998117
2030-12-08 20:00:00,2999.999999999842
2030-12-08 21:00:00,2999.999999999857
2030-12-08 22:00:00,2999.9999999998017
2030-12-08 23:00:00,2999.9999999997844
2030-12-09 00:00:00,2999.999999999703
2030-12-09 01:00:00,2999.9999999994334
2030-12-09 02:00:00,2999.9999999987604
2030-12-09 03:00:00,2999.9999998031003
2030-12-09 04:00:00,2539.200000005916
2030-12-09 05:00:00,2999.999999998788
2030-12-09 06:00:00,2999.9999999996726
2030-12-09 07:00:00,2999.9999999998035
2030-12-09 08:00:00,2999.999999999729
2030-12-09 09:00:00,2999.999999995427
2030-12-09 10:00:00,178.47668119591413
2030-12-09 11:00:00,135.0890000016575
2030-12-09 12:00:00,135.0890000029964
2030-12-09 13:00:00,135.08900001138605
2030-12-09 14:00:00,178.4766812015425
2030-12-09 15:00:00,2999.999999999672
2030-12-09 16:00:00,2999.999999999693
2030-12-09 17:00:00,2999.999999999578
2030-12-09 18:00:00,2999.999999999303
2030-12-09 19:00:00,2999.9999999952815
2030-12-09 20:00:00,178.47668120643343
2030-12-09 21:00:00,178.47668119854853
2030-12-09 22:00:00,135.08900000072666
2030-12-09 23:00:00,135.08900000012238
2030-12-10 00:00:00,135.08900000002748
2030-12-10 01:00:00,135.08899999981446
2030-12-10 02:00:00,135.08899999955278
2030-12-10 03:00:00,135.08899999854802
2030-12-10 04:00:00,60.00000000225536
2030-12-10 05:00:00,60.000000000279606
2030-12-10 06:00:00,59.99999999971231
2030-12-10 07:00:00,4.037994053558824e-09
2030-12-10 08:00:00,5.558246364994298e-10
2030-12-10 09:00:00,2.8841092802670155e-10
2030-12-10 10:00:00,3.042556377901857e-10
2030-12-10 11:00:00,2.5149822503308274e-10
2030-12-10 12:00:00,2.3167395574265457e-10
2030-12-10 13:00:00,2.624404388906119e-10
2030-12-10 14:00:00,3.525740755733315e-10
2030-12-10 15:00:00,5.482928049945563e-10
2030-12-10 16:00:00,1.329910554092492e-09
2030-12-10 17:00:00,3.5508925203586986e-09
2030-12-10 18:00:00,5.744559444681613e-09
2030-12-10 19:00:00,2.2767667175436517e-09
2030-12-10 20:00:00,1.3891178028097137e-09
2030-12-10 21:00:00,1.0504609956756892e-09
2030-12-10 22:00:00,1.130449404557896e-09
2030-12-10 23:00:00,5.044070239340506e-10
2030-12-11 00:00:00,5.276858781516857e-10
2030-12-11 01:00:00,5.479645203791127e-10
2030-12-11 02:00:00,6.226339389442976e-10
2030-12-11 03:00:00,8.596727694216183e-10
2030-12-11 04:00:00,1.8225573331255212e-09
2030-12-11 05:00:00,59.999999998345125
2030-12-11 06:00:00,60.000000000058314
2030-12-11 07:00:00,60.000000000745345
2030-12-11 08:00:00,60.000000000334374
2030-12-11 09:00:00,59.9999999996747
2030-12-11 10:00:00,60.00000000008457
2030-12-11 11:00:00,59.99999998091751
2030-12-11 12:00:00,50.784000027904
2030-12-11 13:00:00,59.99999999300616
2030-12-11 14:00:00,60.000000001288
2030-12-11 15:00:00,135.0889999796356
2030-12-11 16:00:00,135.08899999987366
2030-12-11 17:00:00,135.08899999991024
2030-12-11 18:00:00,135.08899999984868
2030-12-11 19:00:00,135.08899999980702
2030-12-11 20:00:00,135.08899999978766
2030-12-11 21:00:00,135.08899999981494
2030-12-11 22:00:00,135.0889999994204
2030-12-11 23:00:00,135.08900004063412
2030-12-12 00:00:00,135.08899739755122
2030-12-12 01:00:00,135.08899740022233
2030-12-12 02:00:00,135.08899999565355
2030-12-12 03:00:00,135.08900001386831
2030-12-12 04:00:00,135.0889999997432
2030-12-12 05:00:00,135.08900000000637
2030-12-12 06:00:00,135.08900000015984
2030-12-12 07:00:00,135.08900000041044
2030-12-12 08:00:00,135.08900000041785
2030-12-12 09:00:00,135.08900000010502
2030-12-12 10:00:00,135.08900000011448
2030-12-12 11:00:00,135.08900000001725
2030-12-12 12:00:00,135.08900001420355
2030-12-12 13:00:00,135.08900000008336
2030-12-12 14:00:00,135.08899997074826
2030-12-12 15:00:00,2999.999999765794
2030-12-12 16:00:00,2999.9999999991724
2030-12-12 17:00:00,2999.9999999994416
2030-12-12 18:00:00,2999.9999999994293
2030-12-12 19:00:00,2999.9999999990314
2030-12-12 20:00:00,2999.999999998848
2030-12-12 21:00:00,2999.999999998842
2030-12-12 22:00:00,2999.9999999994307
2030-12-12 23:00:00,2999.9999999981637
2030-12-13 00:00:00,2999.9999999813995
2030-12-13 01:00:00,2999.9999999948323
2030-12-13 02:00:00,2999.999999999188
2030-12-13 03:00:00,2999.999999999565
2030-12-13 04:00:00,2999.9999999997576
2030-12-13 05:00:00,2999.999999999856
2030-12-13 06:00:00,2999.9999999998927
2030-12-13 07:00:00,2999.999999999903
2030-12-13 08:00:00,2999.9999999998204
2030-12-13 09:00:00,2999.9999999997776
2030-12-13 10:00:00,2999.999999999574
2030-12-13 11:00:00,2999.9999999990855
2030-12-13 12:00:00,2999.999999999282
2030-12-13 13:00:00,2999.999999999754
2030-12-13 14:00:00,2999.9999999998513
2030-12-13 15:00:00,2999.9999999999304
2030-12-13 16:00:00,2999.9999999999413
2030-12-13 17:00:00,2999.999999999937
2030-12-13 18:00:00,2999.9999999999322
2030-12-13 19:00:00,2999.9999999999195
2030-12-13 20:00:00,2999.999999999907
2030-12-13 21:00:00,2999.999999999902
2030-12-13 22:00:00,2999.99999999989
2030-12-13 23:00:00,2999.9999999998536
2030-12-14 00:00:00,2999.9999999996944
2030-12-14 01:00:00,2999.9999999994234
2030-12-14 02:00:00,2999.999999999019
2030-12-14 03:00:00,2999.999999998604
2030-12-14 04:00:00,2999.999999999479
2030-12-14 05:00:00,2999.9999999997676
2030-12-14 06:00:00,2999.999999999845
2030-12-14 07:00:00,2999.999999999858
2030-12-14 08:00:00,2999.9999999997713
2030-12-14 09:00:00,2999.9999999990096
2030-12-14 10:00:00,178.4766811991449
2030-12-14 11:00:00,151.06266296779128
2030-12-14 12:00:00,151.06266295950806
2030-12-14 13:00:00,178.4766777616621
2030-12-14 14:00:00,178.4766811992494
2030-12-14 15:00:00,178.4766812054341
2030-12-14 16:00:00,178.47668119876099
2030-12-14 17:00:00,135.0890000046031
2030-12-14 18:00:00,135.08900000040407
2030-12-14 19:00:00,135.0890000000992
2030-12-14 20:00:00,135.08900000000452
2030-12-14 21:00:00,135.08899999993838
2030-12-14 22:00:00,135.08899999969898
2030-12-14 23:00:00,135.08900026281967
2030-12-15 00:00:00,135.08899739838395
2030-12-15 01:00:00,135.08900036301515
2030-12-15 02:00:00,114.33932974333321
2030-12-15 03:00:00,114.3393295786771
2030-12-15 04:00:00,60.00000000568674
2030-12-15 05:00:00,114.33932958164634
2030-12-15 06:00:00,135.08899999764267
2030-12-15 07:00:00,135.08899999868157
2030-12-15 08:00:00,135.08899999676765
2030-12-15 09:00:00,59.99999999974524
2030-12-15 10:00:00,1.1326355606083132e-09
2030-12-15 11:00:00,3.7830344473452235e-10
2030-12-15 12:00:00,3.0036517649427984e-10
2030-12-15 13:00:00,3.2119675622972124e-10
2030-12-15 14:00:00,2.7611302171864764e-10
2030-12-15 15:00:00,1.7461517376900064e-10
2030-12-15 16:00:00,1.4626932851715288e-10
2030-12-15 17:00:00,1.3271961096604775e-10
2030-12-15 18:00:00,1.0306813247578371e-10
2030-12-15 19:00:00,7.774263280102971e-11
2030-12-15 20:00:00,6.36239112277946e-11
2030-12-15 21:00:00,5.7976851403007165e-11
2030-12-15 22:00:00,4.6490816720738254e-11
2030-12-15 23:00:00,3.5441428099237795e-11
2030-12-16 00:00:00,3.081680641928212e-11
2030-12-16 01:00:00,2.972983877232849e-11
2030-12-16 02:00:00,3.031795732123552e-11
2030-12-16 03:00:00,2.6956693643224795e-11
2030-12-16 04:00:00,2.4577360030518992e-11
2030-12-16 05:00:00,3.061061413919709e-11
2030-12-16 06:00:00,4.4800966861060165e-11
2030-12-16 07:00:00,5.903693415568468e-11
2030-12-16 08:00:00,7.00347260762032e-11
2030-12-16 09:00:00,6.801857917950034e-11
2030-12-16 10:00:00,1.117352244308683e-10
2030-12-16 11:00:00,1.379656396150956e-10
2030-12-16 12:00:00,1.8520429649083046e-10
2030-12-16 13:00:00,2.9111771511227734e-10
2030-12-16 14:00:00,9.833090790882328e-10
2030-12-16 15:00:00,59.99999986413396
2030-12-16 16:00:00,59.99999999240853
2030-12-16 17:00:00,59.99999999267372
2030-12-16 18:00:00,59.999999990552354
2030-12-16 19:00:00,4.8917278629749054e-09
2030-12-16 20:00:00,2.15576099781974e-09
2030-12-16 21:00:00,2.103011075672768e-09
2030-12-16 22:00:00,7.948221562975281e-10
2030-12-16 23:00:00,9.358688240232974e-10
2030-12-17 00:00:00,2.9775165082106295e-09
2030-12-17 01:00:00,2.1443513671943e-09
2030-12-17 02:00:00,2.0696112078186433e-09
2030-12-17 03:00:00,3.415768180140126e-09
2030-12-17 04:00:00,59.99999999958482
2030-12-17 05:00:00,60.00000000430627
2030-12-17 06:00:00,135.08899999896687
2030-12-17 07:00:00,135.0889999996392
2030-12-17 08:00:00,135.08899999965882
2030-12-17 09:00:00,135.0889999984989
2030-12-17 10:00:00,135.08899999958007
2030-12-17 11:00:00,135.08900002464023
2030-12-17 12:00:00,135.08899999952632
2030-12-17 13:00:00,135.08899999976728
2030-12-17 14:00:00,135.08899999997402
2030-12-17 15:00:00,135.0889999981337
2030-12-17 16:00:00,135.08900000032767
2030-12-17 17:00:00,135.08900000028194
2030-12-17 18:00:00,135.08900000018528
2030-12-17 19:00:00,135.0890000001137
2030-12-17 20:00:00,135.0890000000939
2030-12-17 21:00:00,135.08900000013517
2030-12-17 22:00:00,135.08900000023326
2030-12-17 23:00:00,135.08900000035663
2030-12-18 00:00:00,135.08899998480138
2030-12-18 01:00:00,135.08900000082093
2030-12-18 02:00:00,135.0890000008861
2030-12-18 03:00:00,135.08900001051012
2030-12-18 04:00:00,178.47668119564233
2030-12-18 05:00:00,305.8260869544692
2030-12-18 06:00:00,2999.999999998735
2030-12-18 07:00:00,2999.9999999993233
2030-12-18 08:00:00,2999.9999999989504
2030-12-18 09:00:00,305.82608694578664
2030-12-18 10:00:00,178.47668121105616
2030-12-18 11:00:00,178.47668119865176
2030-12-18 12:00:00,178.47668119845142
2030-12-18 13:00:00,178.4766811997594
2030-12-18 14:00:00,178.47668129492658
2030-12-18 15:00:00,2999.999999999113
2030-12-18 16:00:00,2999.999999999618
2030-12-18 17:00:00,2999.999999999238
2030-12-18 18:00:00,305.82608694823057
2030-12-18 19:00:00,178.4766811856677
2030-12-18 20:00:00,135.08900000305118
2030-12-18 21:00:00,135.08900000104728
2030-12-18 22:00:00,135.08900000047208
2030-12-18 23:00:00,135.0890000003969
2030-12-19 00:00:00,135.0890000001991
2030-12-19 01:00:00,135.08900000023885
2030-12-19 02:00:00,135.08900000034998
2030-12-19 03:00:00,135.08900000091452
2030-12-19 04:00:00,135.0890000076847
2030-12-19 05:00:00,178.4766812023769
2030-12-19 06:00:00,2999.999999999472
2030-12-19 07:00:00,2999.999999999747
2030-12-19 08:00:00,2999.9999999997744
2030-12-19 09:00:00,2999.999999999639
2030-12-19 10:00:00,2999.999999999632
2030-12-19 11:00:00,2999.999999999634
2030-12-19 12:00:00,2999.999999999695
2030-12-19 13:00:00,2999.999999999808
2030-12-19 14:00:00,2999.999999999864
2030-12-19 15:00:00,2999.999999999905
2030-12-19 16:00:00,2999.999999999915
2030-12-19 17:00:00,2999.9999999999154
2030-12-19 18:00:00,2999.999999999909
2030-12-19 19:00:00,2999.999999999892
2030-12-19 20:00:00,2999.9999999998736
2030-12-19 21:00:00,2999.9999999998577
2030-12-19 22:00:00,2999.9999999997985
2030-12-19 23:00:00,2999.999999999754
2030-12-20 00:00:00,2999.999999999536
2030-12-20 01:00:00,2999.9999999993506
2030-12-20 02:00:00,2999.999999999431
2030-12-20 03:00:00,2999.9999999996244
2030-12-20 04:00:00,2999.9999999998095
2030-12-20 05:00:00,2999.9999999998813
2030-12-20 06:00:00,2999.999999999916
2030-12-20 07:00:00,2999.9999999999254
2030-12-20 08:00:00,2999.9999999999377
2030-12-20 09:00:00,2999.99999999992
2030-12-20 10:00:00,2999.99999999995
2030-12-20 11:00:00,2999.9999999999036
2030-12-20 12:00:00,2999.9999999999036
2030-12-20 13:00:00,2999.9999999999086
2030-12-20 14:00:00,2999.999999999935
2030-12-20 15:00:00,2999.9999999999327
2030-12-20 16:00:00,2999.9999999999395
2030-12-20 17:00:00,2999.9999999999354
2030-12-20 18:00:00,2999.9999999999227
2030-12-20 19:00:00,2999.9999999998863
2030-12-20 20:00:00,2999.999999999825
2030-12-20 21:00:00,2999.9999999996385
2030-12-20 22:00:00,2999.9999999975207
2030-12-20 23:00:00,178.4766811899868
2030-12-21 00:00:00,135.0890000003172
2030-12-21 01:00:00,135.08900000012775
2030-12-21 02:00:00,135.08900000002996
2030-12-21 03:00:00,135.08899999996882
2030-12-21 04:00:00,135.08899999997544
2030-12-21 05:00:00,135.08900000003197
2030-12-21 06:00:00,135.08900000008657
2030-12-21 07:00:00,135.0890000000874
2030-12-21 08:00:00,135.08900000000716
2030-12-21 09:00:00,135.08899999983814
2030-12-21 10:00:00,135.08899999982978
2030-12-21 11:00:00,135.08899999976032
2030-12-21 12:00:00,135.08899999980852
2030-12-21 13:00:00,135.08899999988037
2030-12-21 14:00:00,135.08899999996123
2030-12-21 15:00:00,135.08900000000784
2030-12-21 16:00:00,135.08899999994375
2030-12-21 17:00:00,135.08899999990172
2030-12-21 18:00:00,135.08899999982756
2030-12-21 19:00:00,135.08899999961588
2030-12-21 20:00:00,135.0889999995074
2030-12-21 21:00:00,135.08899999948974
2030-12-21 22:00:00,135.08899999982657
2030-12-21 23:00:00,135.08899999930216
2030-12-22 00:00:00,102.24886410901283
2030-12-22 01:00:00,102.24886410713499
2030-12-22 02:00:00,102.2488641062304
2030-12-22 03:00:00,102.24886410589347
2030-12-22 04:00:00,102.24886410518097
2030-12-22 05:00:00,102.24886410612976
2030-12-22 06:00:00,135.08899988310407
2030-12-22 07:00:00,135.08899999964115
2030-12-22 08:00:00,135.088999999818
2030-12-22 09:00:00,135.08899999985064
2030-12-22 10:00:00,135.08899999981077
2030-12-22 11:00:00,135.08899999984953
2030-12-22 12:00:00,135.08899999987503
2030-12-22 13:00:00,135.0889999999686
2030-12-22 14:00:00,135.0890000001017
2030-12-22 15:00:00,135.08900000032298
2030-12-22 16:00:00,135.0890000011861
2030-12-22 17:00:00,135.08900000182115
2030-12-22 18:00:00,135.08900000063318
2030-12-22 19:00:00,135.0890000002534
2030-12-22 20:00:00,135.08900000015214
2030-12-22 21:00:00,135.08900000010897
2030-12-22 22:00:00,135.08900000005036
2030-12-22 23:00:00,135.08899999995728
2030-12-23 00:00:00,135.08899999978684
2030-12-23 01:00:00,135.0889999995362
2030-12-23 02:00:00,135.08899999905532
2030-12-23 03:00:00,135.08899999746248
2030-12-23 04:00:00,114.33932960297997
2030-12-23 05:00:00,114.33932960067442
2030-12-23 06:00:00,135.08899999186355
2030-12-23 07:00:00,135.08899999631376
2030-12-23 08:00:00,135.08899999427592
2030-12-23 09:00:00,60.00000002318334
2030-12-23 10:00:00,60.00000000489234
2030-12-23 11:00:00,60.00000000060311
2030-12-23 12:00:00,60.0000000004003
2030-12-23 13:00:00,60.00000000320584
2030-12-23 14:00:00,70.88846881199673
2030-12-23 15:00:00,70.88846881198718
2030-12-23 16:00:00,60.00000000280001
2030-12-23 17:00:00,59.9999999996376
2030-12-23 18:00:00,5.166214644529583e-09
2030-12-23 19:00:00,6.368382400866605e-10
2030-12-23 20:00:00,2.42066896810337e-10
2030-12-23 21:00:00,1.614582317382131e-10
2030-12-23 22:00:00,1.0761916285161093e-10
2030-12-23 23:00:00,5.382029104634788e-11
2030-12-24 00:00:00,2.7909915154208276e-11
2030-12-24 01:00:00,1.945891842739772e-11
2030-12-24 02:00:00,1.5368916770065125e-11
2030-12-24 03:00:00,1.3249407734348775e-11
2030-12-24 04:00:00,9.95631235726471e-12
2030-12-24 05:00:00,1.3276256281964663e-11
2030-12-24 06:00:00,2.7233730573768443e-11
2030-12-24 07:00:00,3.860343768568086e-11
2030-12-24 08:00:00,4.510828604963985e-11
2030-12-24 09:00:00,4.5164945570848385e-11
2030-12-24 10:00:00,4.2517946563081245e-11
2030-12-24 11:00:00,3.271197555378066e-11
2030-12-24 12:00:00,2.556350767967172e-11
2030-12-24 13:00:00,2.2546965756811235e-11
2030-12-24 14:00:00,2.331028446516851e-11
2030-12-24 15:00:00,3.100702245734581e-11
2030-12-24 16:00:00,4.594150182470585e-11
2030-12-24 17:00:00,5.3625718587102216e-11
2030-12-24 18:00:00,5.1587880223110765e-11
2030-12-24 19:00:00,4.2011127023252645e-11
2030-12-24 20:00:00,4.170489272423667e-11
2030-12-24 21:00:00,4.448400374008625e-11
2030-12-24 22:00:00,3.427357396430497e-11
2030-12-24 23:00:00,1.950777778848807e-11
2030-12-25 00:00:00,1.781772768851147e-11
2030-12-25 01:00:00,1.489611351741377e-11
2030-12-25 02:00:00,1.7316426190372248e-11
2030-12-25 03:00:00,2.0023043701785025e-11
2030-12-25 04:00:00,3.1354328718777835e-11
2030-12-25 05:00:00,5.764816309359984e-11
2030-12-25 06:00:00,1.126579157772394e-10
2030-12-25 07:00:00,2.2611344811504938e-10
2030-12-25 08:00:00,4.839991642984581e-10
2030-12-25 09:00:00,6.244231013120743e-10
2030-12-25 10:00:00,1.593819289398163e-09
2030-12-25 11:00:00,8.110265300381209e-10
2030-12-25 12:00:00,5.963112993104515e-10
2030-12-25 13:00:00,5.966453179020907e-10
2030-12-25 14:00:00,4.778148315619894e-10
2030-12-25 15:00:00,3.8213779866972546e-10
2030-12-25 16:00:00,2.422569909204361e-10
2030-12-25 17:00:00,1.3540461998663656e-10
2030-12-25 18:00:00,8.172168049491585e-11
2030-12-25 19:00:00,5.393783538392626e-11
2030-12-25 20:00:00,3.38093675735945e-11
2030-12-25 21:00:00,2.0572650787437148e-11
2030-12-25 22:00:00,1.0471732436826852e-11
2030-12-25 23:00:00,5.4796718602632754e-12
2030-12-26 00:00:00,7.048710350393846e-12
2030-12-26 01:00:00,1.0379634386321576e-11
2030-12-26 02:00:00,1.4933098490892337e-11
2030-12-26 03:00:00,1.3951713803568678e-11
2030-12-26 04:00:00,1.777935688270323e-11
2030-12-26 05:00:00,3.4515685794522395e-11
2030-12-26 06:00:00,5.965572654516766e-11
2030-12-26 07:00:00,9.227599299652685e-11
2030-12-26 08:00:00,1.0398602241305193e-10
2030-12-26 09:00:00,9.221951333034041e-11
2030-12-26 10:00:00,1.0174775245622483e-10
2030-12-26 11:00:00,8.2653840992623e-11
2030-12-26 12:00:00,6.814499040986741e-11
2030-12-26 13:00:00,7.859947013920337e-11
2030-12-26 14:00:00,1.060190331392216e-10
2030-12-26 15:00:00,1.4681903959309908e-10
2030-12-26 16:00:00,1.7116793048004478e-10
2030-12-26 17:00:00,1.755103876706981e-10
2030-12-26 18:00:00,1.412507745507205e-10
2030-12-26 19:00:00,9.710470180440792e-11
2030-12-26 20:00:00,6.231938898548554e-11
2030-12-26 21:00:00,4.1272148681752105e-11
2030-12-26 22:00:00,2.4850273783038707e-11
2030-12-26 23:00:00,1.1385217269621663e-11
2030-12-27 00:00:00,5.060337684075692e-12
2030-12-27 01:00:00,3.882088480611692e-13
2030-12-27 02:00:00,-1.1578849235581841e-12
2030-12-27 03:00:00,2.1036619858865203e-13
2030-12-27 04:00:00,6.627833492982782e-12
2030-12-27 05:00:00,2.4264643236362414e-11
2030-12-27 06:00:00,4.6943932752096255e-11
2030-12-27 07:00:00,6.562137427726754e-11
2030-12-27 08:00:00,7.772848798770241e-11
2030-12-27 09:00:00,6.966462595490492e-11
2030-12-27 10:00:00,8.053931321064307e-11
2030-12-27 11:00:00,5.3610185684593784e-11
2030-12-27 12:00:00,4.417829834419537e-11
2030-12-27 13:00:00,4.133210038189455e-11
2030-12-27 14:00:00,5.0759196001581895e-11
2030-12-27 15:00:00,7.764051740982453e-11
2030-12-27 16:00:00,9.712875818599613e-11
2030-12-27 17:00:00,9.953281965515886e-11
2030-12-27 18:00:00,8.424687131691487e-11
2030-12-27 19:00:00,6.215024818582739e-11
2030-12-27 20:00:00,4.748903145861703e-11
2030-12-27 21:00:00,4.1434123417775544e-11
2030-12-27 22:00:00,3.6710434986155834e-11
2030-12-27 23:00:00,2.943055638924618e-11
2030-12-28 00:00:00,3.072381983018285e-11
2030-12-28 01:00:00,2.7053843480932322e-11
2030-12-28 02:00:00,2.9080574489739002e-11
2030-12-28 03:00:00,3.111907785154294e-11
2030-12-28 04:00:00,3.544787301116505e-11
2030-12-28 05:00:00,5.346188845521279e-11
2030-12-28 06:00:00,6.959887532890842e-11
2030-12-28 07:00:00,8.672350961604303e-11
2030-12-28 08:00:00,1.0324414656539661e-10
2030-12-28 09:00:00,1.0401798822457899e-10
2030-12-28 10:00:00,1.2351918006204275e-10
2030-12-28 11:00:00,1.2067202815851801e-10
2030-12-28 12:00:00,1.4226926866613737e-10
2030-12-28 13:00:00,2.499764688769321e-10
2030-12-28 14:00:00,7.783434029496755e-10
2030-12-28 15:00:00,6.227149273477132e-09
2030-12-28 16:00:00,59.99999999907098
2030-12-28 17:00:00,59.99999999971171
2030-12-28 18:00:00,59.999999998206526
2030-12-28 19:00:00,1.329654525873792e-08
2030-12-28 20:00:00,1.7911749653995218e-09
2030-12-28 21:00:00,1.1773804709180288e-09
2030-12-28 22:00:00,1.5541538795554599e-09
2030-12-28 23:00:00,1.9245018731451355e-09
2030-12-29 00:00:00,2.6361725710220963e-09
2030-12-29 01:00:00,2.672495584168671e-09
2030-12-29 02:00:00,2.9498210307734473e-09
2030-12-29 03:00:00,3.6461721611986188e-09
2030-12-29 04:00:00,2.4535809933754815e-08
2030-12-29 05:00:00,135.08899996806304
2030-12-29 06:00:00,135.08899999995216
2030-12-29 07:00:00,135.08900000013057
2030-12-29 08:00:00,135.08900000016408
2030-12-29 09:00:00,135.08899999992013
2030-12-29 10:00:00,60.00000001058863
2030-12-29 11:00:00,59.99999999876154
2030-12-29 12:00:00,1.1997047460503411e-08
2030-12-29 13:00:00,6.25493397114003e-09
2030-12-29 14:00:00,1.233170404491589e-08
2030-12-29 15:00:00,1.933807948225276e-08
2030-12-29 16:00:00,1.5368987335516063e-08
2030-12-29 17:00:00,3.5947526908401053e-09
2030-12-29 18:00:00,9.546963043595629e-10
2030-12-29 19:00:00,3.087068112214781e-10
2030-12-29 20:00:00,1.5444254843940479e-10
2030-12-29 21:00:00,1.0775795404371028e-10
2030-12-29 22:00:00,6.119176599281296e-11
2030-12-29 23:00:00,3.8971468349237894e-11
2030-12-30 00:00:00,3.3069659425277294e-11
2030-12-30 01:00:00,2.991964358209022e-11
2030-12-30 02:00:00,3.037882864046953e-11
2030-12-30 03:00:00,3.2654417990735e-11
2030-12-30 04:00:00,3.4347674315894e-11
2030-12-30 05:00:00,4.737521306973907e-11
2030-12-30 06:00:00,7.296247514618772e-11
2030-12-30 07:00:00,1.0071915698765225e-10
2030-12-30 08:00:00,1.1321918341322784e-10
2030-12-30 09:00:00,9.879352738572508e-11
2030-12-30 10:00:00,1.514299480180022e-10
2030-12-30 11:00:00,9.830988815950822e-11
2030-12-30 12:00:00,7.33133937278276e-11
2030-12-30 13:00:00,6.669882388752006e-11
2030-12-30 14:00:00,8.14002613727096e-11
2030-12-30 15:00:00,1.0048524367745581e-10
2030-12-30 16:00:00,1.120625412772999e-10
2030-12-30 17:00:00,1.1958465705005824e-10
2030-12-30 18:00:00,1.080165677370357e-10
2030-12-30 19:00:00,8.029875479462652e-11
2030-12-30 20:00:00,6.002969764345193e-11
2030-12-30 21:00:00,4.893122293111472e-11
2030-12-30 22:00:00,3.099439943486387e-11
2030-12-30 23:00:00,1.687950949208188e-11
2030-12-31 00:00:00,6.780154839023021e-12
2030-12-31 01:00:00,3.174738248068398e-12
2030-12-31 02:00:00,1.7115240033003608e-12
2030-12-31 03:00:00,-3.8788815081266175e-14
2030-12-31 04:00:00,4.2988282115371173e-13
2030-12-31 05:00:00,4.6704580972022405e-12
2030-12-31 06:00:00,1.51554203186842e-11
2030-12-31 07:00:00,2.2996324595424815e-11
2030-12-31 08:00:00,2.698910984480447e-11
2030-12-31 09:00:00,1.6219824644078366e-11
2030-12-31 10:00:00,1.0441650669107148e-11
2030-12-31 11:00:00,-8.873981473486747e-13
2030-12-31 12:00:00,-6.0344181841607856e-12
2030-12-31 13:00:00,-3.73132509971699e-12
2030-12-31 14:00:00,4.325663057740784e-12
2030-12-31 15:00:00,2.0144929353461297e-11
2030-12-31 16:00:00,3.439972299018822e-11
2030-12-31 17:00:00,4.063390979519581e-11
2030-12-31 18:00:00,3.872906610932675e-11
2030-12-31 19:00:00,2.7963149727509486e-11
2030-12-31 20:00:00,2.1001853318410803e-11
2030-12-31 21:00:00,1.7397904675210465e-11
2030-12-31 22:00:00,9.83246584643973e-12
2030-12-31 23:00:00,3.805670792057857e-12
