snapshot,Reservoir_DE,PSOpen_DE,PSClosed_DE,Battery_DE
2030-01-01 00:00:00,115456.0346056695,185520.52718508928,283180.6631248119,3066.8002426423072
2030-01-01 01:00:00,116023.0283850426,186500.1083398803,283502.5295324557,2915.4115966877966
2030-01-01 02:00:00,116624.14485745477,187511.40854621047,284520.5632121857,2912.083420650968
2030-01-01 03:00:00,117256.2430594016,188551.97781729462,286000.76215498016,2984.7714977114783
2030-01-01 04:00:00,117938.66758165439,189649.5288899611,287659.0408017421,3052.1443599913264
2030-01-01 05:00:00,118590.81017033209,190693.35562227227,289384.8703504329,3165.1769889827756
2030-01-01 06:00:00,119237.14381302017,191739.44268071477,291270.01958890713,3205.8216926639
2030-01-01 07:00:00,119889.29641981969,192791.27732127017,293778.8554615131,3177.644683877402
2030-01-01 08:00:00,120579.87238744459,193894.80811040368,296007.0049259076,3136.756783288881
2030-01-01 09:00:00,121238.17444354072,194944.60198345096,298130.1279329156,3229.592084500003
2030-01-01 10:00:00,121872.7142209559,195983.27768584958,299756.6320658948,3194.0874570014385
2030-01-01 11:00:00,122523.85901332073,197044.78106293365,301527.4954669671,3236.0667229228648
2030-01-01 12:00:00,123196.72667371175,198143.72759054918,303511.67073986004,3230.7009105119128
2030-01-01 13:00:00,123844.13201354213,199184.95431226457,306128.82976849383,3256.866809932985
2030-01-01 14:00:00,124487.41683672168,200233.49369623986,308374.0997421376,3288.7715597334636
2030-01-01 15:00:00,125119.31705699195,201281.97965974527,310263.90415957477,3296.6971874122155
2030-01-01 16:00:00,125765.4381860834,202363.19783765005,311796.8195296229,3221.728703840472
2030-01-01 17:00:00,126365.3168923814,203383.0730014152,313222.62277198175,3206.5717987074004
2030-01-01 18:00:00,126965.56852743714,204412.5451207653,314878.8918380131,3167.9628093862384
2030-01-01 19:00:00,127590.37212189691,205464.5003371007,317350.46021990024,3073.3602744302298
2030-01-01 20:00:00,128277.59861928482,206586.25737332783,319765.9803734287,3017.8841716468323
2030-01-01 21:00:00,128946.99861665013,207664.07445193906,322180.5405939606,3066.882872039409
2030-01-01 22:00:00,129641.13274150474,208767.5713854004,324569.1423004887,3135.3941047763064
2030-01-01 23:00:00,130356.32641372265,209893.9267276205,327071.445343821,3240.972160142884
2030-01-02 00:00:00,131084.70506632025,211047.60942707784,329670.9689330966,3232.4729091430495
2030-01-02 01:00:00,131805.51758765572,212160.83038157938,332893.9921441196,3293.460953346379
2030-01-02 02:00:00,132527.80628388168,213279.52606347876,335819.263400024,3390.038082438503
2030-01-02 03:00:00,133247.9322863701,214400.21896332392,338505.65135315387,3549.785011498131
2030-01-02 04:00:00,133977.42062564756,215542.96857116488,340804.72065514576,3723.306578001368
2030-01-02 05:00:00,134637.68265219816,216613.88522735168,342615.2579428304,4006.31222503759
2030-01-02 06:00:00,135251.00506398047,217646.71871972593,343654.4480791247,4315.490102688548
2030-01-02 07:00:00,135780.33278909588,218604.3774364832,342456.3193495428,4651.204750506039
2030-01-02 08:00:00,136283.94587139736,219559.26545484134,338116.56378999155,5081.57125723647
2030-01-02 09:00:00,136557.31442898652,220293.36161274818,331657.59529507725,5562.725402460684
2030-01-02 10:00:00,135772.09506158295,219695.09336759037,323737.75122461066,3356.2704469967334
2030-01-02 11:00:00,135249.17876731162,219629.04051551071,315953.2113802946,2026.2635864842975
2030-01-02 12:00:00,135393.73932435692,220300.97236217593,308800.9805755332,3015.426038238732
2030-01-02 13:00:00,135511.05433029286,220879.5059437234,301835.5822449772,3993.7795063547956
2030-01-02 14:00:00,135607.14912545332,221453.6199754589,294720.959524868,5114.1934856751195
2030-01-02 15:00:00,134865.22261648497,220926.38872788468,286825.23046756635,3436.7725467521122
2030-01-02 16:00:00,133997.95523860244,220120.81333357387,278804.18031710404,1143.8964056743503
2030-01-02 17:00:00,133758.5951746587,220399.23995715627,271211.6642428683,795.2623412697776
2030-01-02 18:00:00,134172.76681187432,221247.5791899941,265843.7276197969,1572.7037183145644
2030-01-02 19:00:00,134712.11024357605,222204.8417590778,263950.5204552893,2034.401960735946
2030-01-02 20:00:00,135357.7137144891,223274.7857417706,263870.18708764436,2356.1233388207975
2030-01-02 21:00:00,135978.70414539796,224293.90483675315,264527.29980030784,2614.6116922625743
2030-01-02 22:00:00,136634.26465742302,225353.24699107767,265777.6487057302,2835.3246832871146
2030-01-02 23:00:00,137311.3700430638,226439.87997087688,267360.29963976296,3007.080471465213
2030-01-03 00:00:00,138019.68171435507,227571.54240720678,269351.92185294133,3100.6172441852423
2030-01-03 01:00:00,138704.4506288821,228648.41476307553,272069.3785570477,3152.021756018585
2030-01-03 02:00:00,139392.33631794833,229736.99009441605,274474.092682042,3208.907454887105
2030-01-03 03:00:00,140078.41419834466,230831.2139365618,276664.6964686242,3282.96299111843
2030-01-03 04:00:00,140777.41995712343,231952.3852680007,278514.1532012434,3300.439264560385
2030-01-03 05:00:00,141411.09842327866,232998.47071524902,280007.7935022048,3312.3356300542355
2030-01-03 06:00:00,142025.2448600082,234034.78070371915,281481.7856236981,3265.464947246829
2030-01-03 07:00:00,142632.73633552372,235064.29898713782,283450.12295103795,3132.526060966641
2030-01-03 08:00:00,143289.7295287978,236151.65121705746,285238.4990206017,3022.6537056184616
2030-01-03 09:00:00,143919.9856076719,237184.3583920527,287091.79825645534,3069.4694762752606
2030-01-03 10:00:00,144563.63320628565,238233.7931391623,288907.58204615937,3140.0951959751837
2030-01-03 11:00:00,145220.96701235193,239301.25813137725,290767.6961163598,3230.6269008938098
2030-01-03 12:00:00,145894.4342214308,240399.80779697557,292725.6089568437,3227.9692663606734
2030-01-03 13:00:00,146537.77835945348,241434.35488951675,295233.65499626077,3239.6017288036282
2030-01-03 14:00:00,147179.60596127604,242477.2533495636,297344.13431814784,3258.382749912118
2030-01-03 15:00:00,147813.65956717503,243522.48211326002,299150.0760445632,3263.9154244641563
2030-01-03 16:00:00,148465.98876339488,244604.1539216959,300629.97150594956,3195.3870929347913
2030-01-03 17:00:00,149070.55257719304,245619.98563030522,301944.6450181835,3177.894939629712
2030-01-03 18:00:00,149679.5466101115,246646.9676231244,303525.72005822876,3150.6168414691288
2030-01-03 19:00:00,150317.04064699233,247699.0436812058,305973.30575615074,3071.8330963113185
2030-01-03 20:00:00,151012.0386149216,248817.60757184707,308287.62986763444,3016.698223019031
2030-01-03 21:00:00,151682.19978567658,249883.77902199677,310555.1751513024,3063.3900188788475
2030-01-03 22:00:00,152372.0689339984,250974.71103683437,312762.0344650802,3127.3185205094987
2030-01-03 23:00:00,153079.52155825606,252087.68661948247,315004.23138178134,3200.8932467083855
2030-01-04 00:00:00,153809.0564364652,253236.0833156451,317433.0930692602,3197.4217733349096
2030-01-04 01:00:00,154521.4585180072,254335.20853675413,320482.39325306506,3219.5706635534016
2030-01-04 02:00:00,155238.53678509305,255445.24296470828,323255.8895648321,3276.0773816566298
2030-01-04 03:00:00,155951.6929753527,256556.36474035084,325782.65325435245,3341.214193977571
2030-01-04 04:00:00,156670.64833487105,257686.0858146517,327942.56059495645,3341.6635706444586
2030-01-04 05:00:00,157328.9618058092,258747.86688091126,329867.9523568893,3358.729218317756
2030-01-04 06:00:00,157964.69074415872,259795.896747224,331765.0001653519,3313.9790657042463
2030-01-04 07:00:00,158590.99957685848,260834.12694639678,334067.42518641526,3216.580424243608
2030-01-04 08:00:00,159256.59103584342,261920.72931983104,336007.3579518142,3086.6872384772723
2030-01-04 09:00:00,159895.4986276194,262953.7578598559,337919.46324692224,3096.566629224609
2030-01-04 10:00:00,160549.20771287908,264003.25017466274,339790.9791911147,3135.9520526628617
2030-01-04 11:00:00,161224.17611625636,265075.2019696684,341778.266910051,3221.0017760723213
2030-01-04 12:00:00,161922.28945130706,266183.0269079771,343956.60762561363,3247.990482682207
2030-01-04 13:00:00,162597.344474363,267234.1822854384,346720.2661115022,3317.160849109391
2030-01-04 14:00:00,163261.50356809737,268285.4896547725,349009.5676724477,3365.59250731474
2030-01-04 15:00:00,163901.5794864201,269325.10858971416,350767.4621145725,3328.0212424087554
2030-01-04 16:00:00,164558.33259680733,270400.67855493806,352124.46760217304,3219.997687693637
2030-01-04 17:00:00,165169.33134160945,271412.03817106807,353353.0694800752,3164.1617921128827
2030-01-04 18:00:00,165792.55387148427,272440.92010066984,355042.50504734955,3151.3739063619405
2030-01-04 19:00:00,166438.65003377668,273490.4872617596,357520.5934591585,3072.442768440035
2030-01-04 20:00:00,167141.50368497943,274607.05476347386,359872.7279698397,3018.045190896526
2030-01-04 21:00:00,167821.56969993847,275673.4697197117,362205.83092077984,3069.3845494566094
2030-01-04 22:00:00,168517.5303877026,276762.23757620965,364474.0894875843,3119.424552182352
2030-01-04 23:00:00,169230.59052619454,277873.1859526376,366795.3466532832,3173.901548634425
2030-01-05 00:00:00,169973.52344508373,279026.2653314299,369370.879209624,3182.8768800248345
2030-01-05 01:00:00,170703.25572989174,280134.3606032196,372557.89536067174,3204.3035983361387
2030-01-05 02:00:00,171437.82698047548,281253.29902205005,375475.54760999326,3237.9448686999285
2030-01-05 03:00:00,172175.44461301866,282379.63782096986,378235.06207579793,3300.34966518057
2030-01-05 04:00:00,172927.98717493154,283530.941927213,380739.1763764476,3319.37261589732
2030-01-05 05:00:00,173627.86728393842,284620.22367137973,383035.35542864894,3357.3684410740707
2030-01-05 06:00:00,174307.80166205886,285696.9738471103,385328.6421718781,3334.2640254146704
2030-01-05 07:00:00,174978.22049711592,286763.14917029813,388078.5505862994,3278.8245331367607
2030-01-05 08:00:00,175680.68174504046,287870.7397650031,390462.2163334623,3197.014333170625
2030-01-05 09:00:00,176344.0146038642,288918.04164194607,392631.91127080895,3211.5721402987406
2030-01-05 10:00:00,177007.3782061399,289969.5745952263,394583.27589150623,3219.027287874049
2030-01-05 11:00:00,177680.26080747,291033.4387264818,396538.82752607856,3247.0965296593995
2030-01-05 12:00:00,178376.02704835476,292134.1337603962,398716.74502371263,3233.768612267246
2030-01-05 13:00:00,179053.45719581962,293179.91339434334,401487.12182439864,3269.32604244326
2030-01-05 14:00:00,179730.84044151986,294233.208813146,403907.93128125195,3314.479791153959
2030-01-05 15:00:00,180394.64683804798,295282.8140202294,405913.21573369176,3293.5408162229596
2030-01-05 16:00:00,181076.52772749716,296369.56981970597,407564.1831446016,3191.63292377348
2030-01-05 17:00:00,181715.85457748346,297393.6502857971,409094.0737300762,3126.652523166853
2030-01-05 18:00:00,182370.10814614937,298437.40720172814,411165.3675323997,3122.943657199804
2030-01-05 19:00:00,183048.71651184012,299503.8299690186,413989.06714432477,3055.707055555085
2030-01-05 20:00:00,183778.43207766121,300633.9348560651,416718.48502916144,3004.149285171421
2030-01-05 21:00:00,184483.32089817183,301713.4051995073,419442.4109282219,3047.966591412955
2030-01-05 22:00:00,185205.22623581896,302817.2451836464,422155.6480748641,3102.40771531238
2030-01-05 23:00:00,185942.95678495077,303943.1788411229,424934.9646660513,3158.988925129145
2030-01-06 00:00:00,186709.35040127364,305111.00202526624,427949.33013368497,3169.77364179511
2030-01-06 01:00:00,187463.11537300973,306235.01438086183,431505.01642650575,3178.1836985790133
2030-01-06 02:00:00,188224.14803891873,307372.10489458515,434852.5825501712,3201.2510349609543
2030-01-06 03:00:00,188989.10572345526,308518.27443066554,438077.7441573531,3238.198492181338
2030-01-06 04:00:00,189775.46526995275,309695.16451915755,441155.2576689812,3249.556881921896
2030-01-06 05:00:00,190527.86915521565,310824.1000926085,444195.54696230433,3333.5812066923236
2030-01-06 06:00:00,191264.28717345864,311943.916040918,447267.3061834948,3350.4143480600733
2030-01-06 07:00:00,191989.0581140534,313051.8214550617,450683.06682443654,3324.2947480539115
2030-01-06 08:00:00,192736.24930234006,314191.69698871457,453695.1582825835,3226.979204296709
2030-01-06 09:00:00,193453.2658070762,315280.1144594321,456587.77981782943,3262.8097779589953
2030-01-06 10:00:00,194158.5932252098,316360.40220470977,459074.6129568037,3175.434101001584
2030-01-06 11:00:00,194896.99050471757,317471.77805458015,461963.5632623023,3317.194809055054
2030-01-06 12:00:00,195655.02906660354,318611.91201121436,464984.3249419986,3426.6366457732356
2030-01-06 13:00:00,196394.06130885426,319698.9190900872,468460.7798978729,3664.1204881303793
2030-01-06 14:00:00,197129.2154410761,320788.29709771636,471585.95889228414,4060.6269215754774
2030-01-06 15:00:00,197822.06138316655,321843.7927197395,473508.0331558616,4414.228856076221
2030-01-06 16:00:00,198470.69716141775,322880.8299301697,471854.3819798536,4543.8489799454
2030-01-06 17:00:00,198905.83222989808,323699.7337072071,465520.9505873407,3588.779666224814
2030-01-06 18:00:00,199270.0779581151,324461.6417345133,458745.26972566237,2197.3609128531575
2030-01-06 19:00:00,199838.7549308023,325409.3638971847,455561.3288599147,1930.1633701093056
2030-01-06 20:00:00,200546.09055069782,326501.7580766009,456942.7552867029,2121.5878983056464
2030-01-06 21:00:00,201262.056669439,327568.20553329855,459761.6745683858,2446.2888087978754
2030-01-06 22:00:00,202018.39018223656,328679.52847520274,463065.7845422914,2767.722996797397
2030-01-06 23:00:00,202796.02656021033,329819.13995005755,466506.8108346593,2990.000455337135
2030-01-07 00:00:00,203597.55275538593,330997.7870697058,470115.8145872485,3073.4446799477637
2030-01-07 01:00:00,204387.97141560493,332136.1211541025,474171.3008710236,3107.3505130878384
2030-01-07 02:00:00,205187.01338770342,333291.15239827137,478087.13467830495,3143.5810595001603
2030-01-07 03:00:00,205991.30150042046,334457.5215899085,481937.10279862373,3187.5905372831235
2030-01-07 04:00:00,206815.1666022424,335655.5548300153,485699.60032420047,3199.08441525503
2030-01-07 05:00:00,207609.77290723362,336807.58868727204,489469.1064952876,3280.691146236559
2030-01-07 06:00:00,208390.39961436554,337952.49336758646,493295.8460114056,3281.738109787624
2030-01-07 07:00:00,209169.1555406586,339095.3810379299,497458.5663762096,3249.0994983517553
2030-01-07 08:00:00,209968.78668399918,340271.20246681874,501404.3404135839,3162.937490380339
2030-01-07 09:00:00,210740.3702594794,341397.615627653,505282.3342439115,3182.8777902343318
2030-01-07 10:00:00,211512.5909276595,342528.9969297433,509080.2004466946,3186.912258426872
2030-01-07 11:00:00,212295.82050816537,343675.0799629925,512917.5639157469,3221.3569506294834
2030-01-07 12:00:00,213098.72933728498,344852.4991800671,516889.47876850306,3210.1627211310374
2030-01-07 13:00:00,213892.71749539595,345989.66425547545,521253.6355324425,3241.134391783691
2030-01-07 14:00:00,214688.02801654677,347134.2020581127,525472.7178303715,3284.4125256842262
2030-01-07 15:00:00,215479.04502610528,348279.2386665737,529563.575442591,3303.024607490466
2030-01-07 16:00:00,216282.45169761492,349449.55104030116,533544.2365876302,3236.4595457745572
2030-01-07 17:00:00,217058.15164443114,350574.32256725134,537531.3326180007,3228.894892325342
2030-01-07 18:00:00,217837.15169757427,351707.3044870283,541660.9996940031,3214.5232047968457
2030-01-07 19:00:00,218631.28581034747,352854.51642550103,546152.9252539222,3168.9536537969498
2030-01-07 20:00:00,219458.21862179335,354046.1888816766,550544.2310004204,3109.8820738069116
2030-01-07 21:00:00,220267.07106414213,355197.3730958048,554910.606699799,3132.051938449793
2030-01-07 22:00:00,221089.6067410059,356366.7684535333,559286.8581175461,3196.405819626815
2030-01-07 23:00:00,221924.72573121052,357552.9051743182,563714.1081550422,3286.233128239121
2030-01-08 00:00:00,222772.07228611692,358774.85371965775,568214.8383142012,3255.1621499576563
2030-01-08 01:00:00,223614.48362525375,359964.50483344315,573037.7639176066,3298.3147379365614
2030-01-08 02:00:00,224463.36580604248,361163.8997448186,577787.7686926556,3404.883589930026
2030-01-08 03:00:00,225313.7723477451,362367.55447098956,582486.2621859745,3564.965313845252
2030-01-08 04:00:00,226173.73897952703,363591.9525487046,587102.0736338231,3737.7683885670735
2030-01-08 05:00:00,226994.26053809037,364764.021426181,591626.5839402315,3959.998918844911
2030-01-08 06:00:00,227795.47818956833,365919.0710635518,596091.7369669079,4201.336625828078
2030-01-08 07:00:00,228559.45835337712,367033.3575546382,600205.1104744945,4200.534764150445
2030-01-08 08:00:00,229318.23891980867,368155.2717774415,602784.6380432962,3768.3720143773244
2030-01-08 09:00:00,230055.98116487914,369230.6336231993,605645.9840965518,3778.595670561471
2030-01-08 10:00:00,230733.44416854743,370239.97540271946,604634.8912560258,2773.1012542319786
2030-01-08 11:00:00,231513.50084356428,371365.66671557754,608557.7226860544,3257.9072491406087
2030-01-08 12:00:00,232331.09396836587,372542.5406733268,613036.9076736178,3976.362634296406
2030-01-08 13:00:00,233132.6969258922,373669.1697118089,617762.9786017647,4834.10284944364
2030-01-08 14:00:00,233906.9912808579,374769.25271230045,621665.2656863633,5696.353178782699
2030-01-08 15:00:00,234499.32360342494,375663.3269380203,616885.6118952341,6169.189025560735
2030-01-08 16:00:00,233767.56228897884,374760.8220966115,608875.6608507206,6400.009999953236
2030-01-08 17:00:00,232298.6486822473,372953.15722300985,600391.0171726457,6400.009998025115
2030-01-08 18:00:00,230830.02305878664,371146.78327800886,591906.3734945729,6400.009997324622
2030-01-08 19:00:00,229361.64920232003,369341.2099122199,583421.7298165,6400.009996959064
2030-01-08 20:00:00,227893.94827378818,367538.7904263737,574937.086138425,6400.0099967727865
2030-01-08 21:00:00,226425.52087112807,365732.313189009,566452.4424603493,6400.009996760414
2030-01-08 22:00:00,224957.13187576275,363926.3092026531,557967.7987822739,6400.0099969471785
2030-01-08 23:00:00,223488.9573294034,362121.344493288,549483.155104197,6400.00999730901
2030-01-09 00:00:00,222021.498710149,360319.47812553414,540998.51142612,6400.009998010778
2030-01-09 01:00:00,220553.58818359103,358513.99689659214,532513.8677480436,6400.0099999469085
2030-01-09 02:00:00,219085.67629276702,356708.7866965471,524029.22406992107,5612.051787583816
2030-01-09 03:00:00,217617.7573496196,354903.7278722816,515544.58039179846,5014.949959151251
2030-01-09 04:00:00,216150.2002184349,353100.613124258,507059.93671367556,4489.697320195388
2030-01-09 05:00:00,214682.01465391458,351294.6200720376,498575.2930355526,3981.592209179641
2030-01-09 06:00:00,213213.8822795304,349489.2179504094,490090.64935743104,3539.8646444161836
2030-01-09 07:00:00,211745.81568469756,347684.0951466539,481606.0056793103,3015.6847178041203
2030-01-09 08:00:00,210278.12223347515,345881.5345949974,473121.36200118886,2588.9312042617676
2030-01-09 09:00:00,208809.6255978384,344074.02885503095,464636.7183230662,2100.404188648955
2030-01-09 10:00:00,207341.10688439192,342266.99676332955,456152.07464494306,1563.7009222186862
2030-01-09 11:00:00,205872.6762803583,340460.9034245737,447667.43096682,963.4721227067813
2030-01-09 12:00:00,204404.90522911205,338658.4642840473,439182.78728869697,4.645244262600062e-08
2030-01-09 13:00:00,202936.3225045042,336851.37735005224,430698.1436106218,1.1015584444542743e-06
2030-01-09 14:00:00,201467.71631597113,335044.99549196404,422213.49993254803,1.323971168687138e-06
2030-01-09 15:00:00,199999.08107471644,333239.44697520765,413728.8562544747,1.125858922572064e-06
2030-01-09 16:00:00,198530.9634813388,331437.20336253854,405244.21257639985,4.7146218122843164e-08
2030-01-09 17:00:00,198727.68570191538,331753.61946071184,397823.1863043006,360.69623681304853
2030-01-09 18:00:00,199461.97526633926,332811.2364514524,399785.1250916807,652.5148583693284
2030-01-09 19:00:00,200342.64996222442,334043.83467047056,405470.1785090783,1490.0325667919178
2030-01-09 20:00:00,201269.59155185128,335342.0939742383,411210.19882313476,2107.697005896199
2030-01-09 21:00:00,202185.1344783325,336608.6097183008,416957.84377058316,2548.8890503200605
2030-01-09 22:00:00,203114.42419530993,337895.79802872817,422706.66282484645,2888.9079419531918
2030-01-09 23:00:00,204052.0419279812,339197.732875824,428463.25009788934,3171.2756760486845
2030-01-10 00:00:00,204997.97660709955,340519.6002322998,434245.7304912155,3341.5192867139235
2030-01-10 01:00:00,205935.0138597556,341808.7721816043,440122.1917267476,3623.4905998397526
2030-01-10 02:00:00,206869.86381842295,343098.4776428881,445941.7222283388,4036.3096448094193
2030-01-10 03:00:00,207801.1246652372,344384.8435034279,451706.4638673803,4701.297653587901
2030-01-10 04:00:00,208729.96744226955,345676.5953753466,457372.83723100275,5677.916261554792
2030-01-10 05:00:00,209542.2474897529,346822.1584454692,461865.8659373241,5871.985750477085
2030-01-10 06:00:00,210184.4201491692,347749.96407766483,457365.39809942176,6126.685467821545
2030-01-10 07:00:00,209510.11263079479,346804.9002609843,449367.81849618396,6400.0099999550785
2030-01-10 08:00:00,208042.19362305422,345003.12128732534,440883.17481810774,6400.009999238291
2030-01-10 09:00:00,206573.41731731038,343197.1732014366,432398.5311400308,6400.009999414187
2030-01-10 10:00:00,205104.66394695546,341391.31301260454,423913.88746194064,5662.954722611083
2030-01-10 11:00:00,203636.09613007365,339586.1859770868,415429.2437838634,6400.009999953808
2030-01-10 12:00:00,202168.25047773696,337784.29763087,406944.60010574065,5257.186469020288
2030-01-10 13:00:00,200699.9163736615,335978.45260052657,398459.9564276185,4490.252595823492
2030-01-10 14:00:00,199231.5682900907,334173.13299584977,389975.31274949614,3820.508327155788
2030-01-10 15:00:00,197763.22084375427,332368.36976040166,381490.6690713734,3155.1076705392743
2030-01-10 16:00:00,196295.37135369654,330566.6116260591,373006.02539325046,2482.690055751816
2030-01-10 17:00:00,194826.91303855274,328761.1344097596,364521.3817151274,1770.7571218496214
2030-01-10 18:00:00,193358.7692995949,326957.2572709693,356036.7380370047,944.1802744858104
2030-01-10 19:00:00,191890.853465887,325154.4151972852,347552.09435888275,4.2891656448773574e-08
2030-01-10 20:00:00,190423.57059061475,323354.8994668517,339067.4506808096,5.859242264705244e-07
2030-01-10 21:00:00,188955.30441947372,321550.63435335126,330582.80700273387,4.407491462796326e-08
2030-01-10 22:00:00,188475.10310371016,320805.6658688828,322524.28940835624,300.9840979071795
2030-01-10 23:00:00,189160.77053419853,321769.4415298296,316371.75772517704,887.779847045461
2030-01-11 00:00:00,189967.0038048636,322913.9969344491,315678.5561060618,1371.9969492907903
2030-01-11 01:00:00,190803.51104371584,324062.9511344061,319240.81295047683,1724.5899837625905
2030-01-11 02:00:00,191686.75640911673,325279.70524733706,324253.5357535523,2745.9213679169497
2030-01-11 03:00:00,192586.56640061724,326522.62796439376,329486.28412905935,4114.911797247964
2030-01-11 04:00:00,193474.4681973049,327762.95180164295,334029.86428981804,4948.289171352991
2030-01-11 05:00:00,194246.4943953298,328847.75079937204,333698.1065520596,4715.23468170096
2030-01-11 06:00:00,194949.33705822806,329845.81130905106,329152.15251140064,3879.1774509482584
2030-01-11 07:00:00,195606.53619767423,330784.2176985539,323548.43555057124,2655.62043106481
2030-01-11 08:00:00,196349.89075213796,331845.83712813474,319541.0387453471,1982.116245979031
2030-01-11 09:00:00,197125.7842440476,332923.6575138521,320032.35240918485,2364.0327724531744
2030-01-11 10:00:00,197930.11601553299,334042.0723784977,322153.98704389075,2953.0228928863517
2030-01-11 11:00:00,198762.918902802,335199.2618054733,325802.61973381694,3989.455436272243
2030-01-11 12:00:00,199597.27219403218,336371.18991615553,328723.23151125223,4944.546352820622
2030-01-11 13:00:00,200368.72660541208,337424.2038685016,328816.9693762068,6003.355752081907
2030-01-11 14:00:00,200641.42510823737,337732.1326575953,321225.01983083034,6400.009999953163
2030-01-11 15:00:00,199173.48449197813,335931.00608878874,312740.3761527582,4850.4417234181665
2030-01-11 16:00:00,197706.15604733807,334132.84700006543,304255.73247468146,2789.2591445613043
2030-01-11 17:00:00,196238.03781849195,332330.72167763533,295771.0887966056,1191.2957142759678
2030-01-11 18:00:00,194770.22377112164,330529.8990374314,287286.4451185276,4.48602037715376e-08
2030-01-11 19:00:00,193760.1006484737,329168.03562216205,279101.4887498895,223.77748693526104
2030-01-11 20:00:00,194371.57089238067,330042.0489980164,271911.6936103755,645.1936884481324
2030-01-11 21:00:00,195094.30576764134,331033.5581038442,267308.4524966146,804.3985999567159
2030-01-11 22:00:00,195914.24715695975,332168.1446999481,268698.77065896505,684.9865409755475
2030-01-11 23:00:00,196832.29988775618,333429.988268683,274057.23023940076,1353.6573831993267
2030-01-12 00:00:00,197790.25748208206,334747.7298980329,279705.9394596283,2156.904375255686
2030-01-12 01:00:00,198744.67036864508,336041.1096332786,285488.99530017003,2627.3614282627104
2030-01-12 02:00:00,199704.06790035838,337345.10589751095,291232.59938749386,2959.908431491984
2030-01-12 03:00:00,200664.28132364075,338654.0541852851,296942.973108106,3225.451393467102
2030-01-12 04:00:00,201631.0664050525,339978.9654948389,302615.95419890224,3421.4246574928093
2030-01-12 05:00:00,202568.7480666303,341260.78208394285,308245.4360372387,3488.515383432149
2030-01-12 06:00:00,203494.4867146815,342533.19556016446,313857.2292697499,3338.9559256460916
2030-01-12 07:00:00,204414.44330684823,343798.6877360338,319534.3368789526,3019.30365551749
2030-01-12 08:00:00,205359.62398544466,345102.09349755896,325182.89503861964,2856.502686787986
2030-01-12 09:00:00,206294.65830042117,346375.1980586735,330848.2353380098,2977.6747409970767
2030-01-12 10:00:00,207229.97666995667,347651.8775740196,336483.4701415847,2964.3878568092405
2030-01-12 11:00:00,208177.41792972438,348945.80241517833,342133.99436831294,3089.8116059586255
2030-01-12 12:00:00,209136.6572084156,350262.27360930835,347808.3363437189,3157.676776058633
2030-01-12 13:00:00,210086.25462951558,351545.10716694297,353576.6758283513,3211.4769074855058
2030-01-12 14:00:00,211036.84320335096,352834.1191206577,359288.8097004217,3246.1912172338834
2030-01-12 15:00:00,211985.99708911122,354126.1451696815,364965.41897046805,3264.739024157365
2030-01-12 16:00:00,212943.4123518253,355439.0759336496,370601.6605092615,3188.0529789128896
2030-01-12 17:00:00,213881.00766536462,356713.09054582135,376230.08342950343,3137.5974383858693
2030-01-12 18:00:00,214824.18833943034,357998.16539565055,381898.9570323391,3137.06582663728
2030-01-12 19:00:00,215775.74664278678,359293.7096146246,387661.00172801514,3078.75271715485
2030-01-12 20:00:00,216747.8432811955,360622.52955038165,393379.08530630986,3031.005755561959
2030-01-12 21:00:00,217707.00963860136,361919.30278639344,399082.33273778367,3067.7922946951403
2030-01-12 22:00:00,218671.86606841505,363227.4348958151,404767.95584734296,3104.9878728690437
2030-01-12 23:00:00,219643.37619058037,364547.61875889695,410453.92054226977,3158.508997429072
2030-01-13 00:00:00,220626.4910755691,365889.2756172483,416168.20027175907,3170.3087359777214
2030-01-13 01:00:00,221604.33556579088,367205.95209259907,421980.89043847186,3187.602078086689
2030-01-13 02:00:00,222584.86712182898,368530.2225503169,427747.92022571346,3216.9748820386912
2030-01-13 03:00:00,223566.18465862318,369858.7888862827,433486.0779919669,3251.854780055959
2030-01-13 04:00:00,224555.90926059062,371203.6772237588,439193.0635817616,3251.030909121364
2030-01-13 05:00:00,225530.75514716475,372521.5314241363,444893.51428753,3304.6099501616163
2030-01-13 06:00:00,226501.54126867536,373838.55606609525,450611.2609168505,3290.5493274866812
2030-01-13 07:00:00,227471.27490516283,375154.48124476895,456406.75446599745,3200.967240617325
2030-01-13 08:00:00,228455.97976751556,376495.9797134403,462147.4458591987,3064.6520390954897
2030-01-13 09:00:00,229432.55219945344,377811.6398793553,467881.1953308854,3100.8202218379183
2030-01-13 10:00:00,230413.18999791052,379134.32257063175,473592.88497867517,3129.77272346653
2030-01-13 11:00:00,231401.10997883123,380467.7653906691,479307.7830297455,3195.4728361571297
2030-01-13 12:00:00,232400.1858420563,381820.5348846942,485057.22674850724,3240.3562543111148
2030-01-13 13:00:00,233394.9227668451,383150.7078911408,490901.3966938811,3335.289426595149
2030-01-13 14:00:00,234388.4639573228,384483.6783145735,496697.33240657573,3433.1054617459195
2030-01-13 15:00:00,235376.5795601559,385813.8346640716,502440.74015175796,3464.384328234032
2030-01-13 16:00:00,236368.3069384549,387158.17699425487,508138.3031104625,3354.2464010941
2030-01-13 17:00:00,237341.71015259047,388468.8530230403,513821.6337280278,3228.7485046560096
2030-01-13 18:00:00,238319.55050016145,389788.32157142437,519547.1078705834,3163.6227260355304
2030-01-13 19:00:00,239306.42456236988,391118.28911943047,525376.4947126105,3087.184510288966
2030-01-13 20:00:00,240312.36891966968,392477.8719136319,531169.3858545816,3032.5027983055297
2030-01-13 21:00:00,241310.32831520407,393813.6033238032,536953.0069213439,3061.6801228594463
2030-01-13 22:00:00,242315.42173470597,395160.855191595,542727.2357175191,3127.057937250607
2030-01-13 23:00:00,243327.05893711068,396519.1334047294,548510.2190741901,3214.233419943357
2030-01-14 00:00:00,244346.77516882404,397893.30247272016,554323.8721855653,3222.847987253372
2030-01-14 01:00:00,245364.62229571998,399250.9462627044,560221.8819543945,3267.149704090659
2030-01-14 02:00:00,246385.77403618506,400615.75997215265,566090.5564224905,3342.4845295604905
2030-01-14 03:00:00,247409.68826721192,401985.8843241997,571942.3530991034,3456.375331085922
2030-01-14 04:00:00,248442.11795662701,403370.93477673363,577776.694547015,3613.365382190528
2030-01-14 05:00:00,249466.71286346068,404740.7906703839,583608.4291172016,3900.4506888944293
2030-01-14 06:00:00,250489.62318643733,406110.5470286585,589454.1730796847,4240.765632185499
2030-01-14 07:00:00,251504.96839752301,407470.9113808797,595314.2025745475,4353.088520377951
2030-01-14 08:00:00,252527.5729083217,408844.9159799418,601030.4169197822,3937.019117908899
2030-01-14 09:00:00,253551.37982864142,410211.70048819645,606841.0759061457,4857.756844872664
2030-01-14 10:00:00,254547.68179933395,411543.33981656603,611892.2474459483,3056.1092375708436
2030-01-14 11:00:00,255578.7905641066,412921.742845919,617606.4889005155,3806.04736525915
2030-01-14 12:00:00,256628.72998774072,414328.0360953603,623457.8110136668,5158.708476930873
2030-01-14 13:00:00,257675.61628611365,415716.4159156966,629322.2844493428,6306.243001550791
2030-01-14 14:00:00,258578.0219778954,416758.9999999054,629879.7889983795,6400.0099999581735
2030-01-14 15:00:00,257214.56457881778,416758.9999997609,629879.7889983554,6400.00999995954
2030-01-14 16:00:00,255766.41853835003,415005.4645779078,625614.4774081982,6400.00999886938
2030-01-14 17:00:00,254318.27249787978,413251.9291560505,618805.1338582052,6400.00999842212
2030-01-14 18:00:00,252870.12645740973,411498.3937341935,612257.6660215005,6400.00999814986
2030-01-14 19:00:00,251421.98041693968,409744.85831233667,605716.2501865289,6400.009997969411
2030-01-14 20:00:00,249973.83437647118,407991.3228904825,599097.4942159615,6400.009997857132
2030-01-14 21:00:00,248525.68833600127,406237.78746862564,592544.16417075,6400.009997801646
2030-01-14 22:00:00,247077.54229553184,404484.2520467694,586325.4779288046,6400.0099977948985
2030-01-14 23:00:00,245629.39625506278,402730.71662491397,580328.4782531662,6400.009997835979
2030-01-15 00:00:00,244360.90915140242,400970.74006602104,574507.7068852806,6400.009997934701
2030-01-15 01:00:00,243092.42204774145,399210.76350712654,569375.2584288617,6400.009998105268
2030-01-15 02:00:00,241823.9349440812,397450.7869482333,564650.7492789603,6400.0099983727
2030-01-15 03:00:00,240555.4478404211,395690.8103893411,560241.8470065669,6400.009998817379
2030-01-15 04:00:00,239286.96073676215,393930.8338304511,552173.6750110664,6400.009999998718
2030-01-15 05:00:00,238018.4736330381,392170.8572714748,543689.031332907,5720.220027075156
2030-01-15 06:00:00,236749.98652931402,390410.8807124984,535204.3876547479,5378.984822601256
2030-01-15 07:00:00,235481.4994255899,388650.904153522,526719.7439765887,5111.625662605164
2030-01-15 08:00:00,234213.01232186583,386890.9275945458,518235.10029842955,4876.739337730495
2030-01-15 09:00:00,232944.52521814182,385130.9510355695,509750.4566202703,4681.70040894679
2030-01-15 10:00:00,231676.03811441787,383370.97447659314,501265.8129421112,4517.965631249511
2030-01-15 11:00:00,230407.55101069398,381610.99791761686,492781.16926395206,4359.199547258184
2030-01-15 12:00:00,229139.06390697008,379851.0213586407,484296.5255857929,4236.771506233956
2030-01-15 13:00:00,227870.5768032464,378091.0447996645,475811.8819076339,4083.7432016937673
2030-01-15 14:00:00,226602.0896995226,376331.06824068824,467327.238229475,3950.107887504037
2030-01-15 15:00:00,225333.6025957986,374571.09168171184,458842.5945513158,3803.24711599824
2030-01-15 16:00:00,224065.1154920745,372811.1151227355,450357.95087315654,3649.024772718259
2030-01-15 17:00:00,222796.6283883504,371051.1385637591,441873.30719499727,3496.2638772817777
2030-01-15 18:00:00,221528.14128462633,369291.1620047827,433388.66351683816,3343.1149720786816
2030-01-15 19:00:00,220259.65418090238,367531.1854458064,424904.019838679,3188.7465255389816
2030-01-15 20:00:00,218991.16707717848,365771.20888683025,416419.37616051984,3033.3077129933295
2030-01-15 21:00:00,217722.67997345497,364011.23232785414,407934.7324823607,2880.8518326943017
2030-01-15 22:00:00,216454.19286973155,362251.2557688782,399450.08880420163,2729.5409623565697
2030-01-15 23:00:00,215185.70576600815,360491.2792099023,390965.44512604264,2579.3030546629875
2030-01-16 00:00:00,213917.2186622848,358731.3026509265,382480.8014478837,2422.812320975831
2030-01-16 01:00:00,212648.73155856173,356971.32609195076,373996.15776972496,2252.8951590133156
2030-01-16 02:00:00,211380.2444548386,355211.34953297506,365511.51409156615,2080.750838938671
2030-01-16 03:00:00,210111.75735111523,353451.3729739992,357026.87041340733,1904.7227707499967
2030-01-16 04:00:00,208843.27024739154,351691.3964150231,348542.2267352484,1714.688742476279
2030-01-16 05:00:00,207574.78314366774,349931.4198560469,340057.58305708924,1506.9671852127174
2030-01-16 06:00:00,206306.2960399438,348171.4432970707,331572.9393789301,1273.377624433496
2030-01-16 07:00:00,205037.80893621984,346411.46673809446,323088.295700771,1000.4639835348275
2030-01-16 08:00:00,203769.32183249583,344651.49017911835,314603.6520226118,656.9153307493125
2030-01-16 09:00:00,202500.83472877197,342891.5136201421,306119.00834445294,1.1790461940108798e-09
2030-01-16 10:00:00,201232.34762506624,341131.5370611855,297634.3646663205,1.9406681116627137e-08
2030-01-16 11:00:00,199963.86052140774,339371.56050229556,294042.7015972409,2108.4869002490477
2030-01-16 12:00:00,198695.37341775026,337611.58394340775,292165.1237727455,4289.6935711304695
2030-01-16 13:00:00,197426.8863140913,335851.6073845162,289172.9281978835,6400.009999981454
2030-01-16 14:00:00,196158.39921038615,334091.6308255603,280688.2845197532,6400.009999998596
2030-01-16 15:00:00,194889.91210666226,332331.6542665841,272203.6408415944,5027.237432732094
2030-01-16 16:00:00,193621.42500293828,330571.677707608,263718.9971634352,4095.730628246498
2030-01-16 17:00:00,192352.93789921424,328811.70114863163,255234.35348527602,3313.1956580048363
2030-01-16 18:00:00,191084.4507954903,327051.7245896554,246749.70980711703,2563.4753891947094
2030-01-16 19:00:00,189815.96369176646,325291.74803067924,238265.06612895828,1790.9447602315124
2030-01-16 20:00:00,188547.47658804271,323531.77147170337,229780.42245079935,934.3245463770658
2030-01-16 21:00:00,187278.98948431906,321771.7949127273,221295.77877264022,1.7591901269042864e-09
2030-01-16 22:00:00,186010.5023806598,320011.8183538361,215734.03491065372,1224.3618515892756
2030-01-16 23:00:00,184742.01527700145,318251.84179494664,212622.29470405163,2192.254746599552
2030-01-17 00:00:00,183473.52817334404,316491.86523605906,210564.2689422231,3179.0034857936635
2030-01-17 01:00:00,182205.04106968586,314731.8886771689,208699.81856724937,4115.433149813061
2030-01-17 02:00:00,180936.55396602748,312971.91211827885,206370.01398978426,5129.738895997819
2030-01-17 03:00:00,179668.06686236843,311211.9355593881,201421.34464497172,6400.009999998536
2030-01-17 04:00:00,178399.57975864463,309451.959000412,192936.70096681255,6242.9903147647265
2030-01-17 05:00:00,177131.09265492068,307691.98244143574,184452.0572886535,4824.838346642989
2030-01-17 06:00:00,175862.60555119664,305932.00588245946,175967.41361049435,3689.099136773662
2030-01-17 07:00:00,174594.11844747255,304172.0293234832,167482.76993233524,2593.3464742657243
2030-01-17 08:00:00,173325.6313437485,302412.05276450707,158998.12625417608,1377.091302869968
2030-01-17 09:00:00,172057.14424002453,300652.0762055307,150513.48257601706,1.591160980751738e-09
2030-01-17 10:00:00,170788.65713636568,298892.0996466402,142714.68607991905,704.8172065037872
2030-01-17 11:00:00,169520.17003270707,297132.1230877502,139571.58213164072,2477.671440231858
2030-01-17 12:00:00,168251.68292904954,295372.146528862,137331.5904877517,4324.165668596676
2030-01-17 13:00:00,166983.19582539052,293612.16996997024,134399.87044609027,6147.692095028908
2030-01-17 14:00:00,165714.70872173127,291852.19341107854,126107.01398993525,6400.009999998644
2030-01-17 15:00:00,164446.2216180073,290092.21685210214,117622.37031177612,5138.453902126813
2030-01-17 16:00:00,163177.7345142832,288332.24029312585,109137.7266336169,4312.296331393933
2030-01-17 17:00:00,161909.24741055904,286572.2637341493,100653.08295545769,3611.9546110992887
2030-01-17 18:00:00,160640.7603068349,284812.2871751728,92168.43927729844,2934.1469151028714
2030-01-17 19:00:00,159372.27320311085,283052.31061619637,83683.79559913928,2255.739262939808
2030-01-17 20:00:00,158103.7860993869,281292.3340572202,75199.15192098016,1557.1196794319512
2030-01-17 21:00:00,156835.29899566292,279532.35749824374,66714.50824282102,743.5724532345284
2030-01-17 22:00:00,155566.811891939,277772.3809392674,58229.864564661824,1.636180968489498e-09
2030-01-17 23:00:00,154298.3247882794,276012.40438037564,52026.68303945208,1.0333494628866902e-06
2030-01-18 00:00:00,153029.8376846205,274252.4278214855,47915.20002420174,1.393427311996109e-06
2030-01-18 01:00:00,151761.35058096048,272492.4512625928,43863.28494914186,1.5850567629631912e-06
2030-01-18 02:00:00,150492.86347730062,270732.47470370046,39144.72399064219,1.6890185148346795e-06
2030-01-18 03:00:00,149224.3763736406,268972.49814480805,33650.48086031753,1.7189291760929347e-06
2030-01-18 04:00:00,147955.88926998115,267212.5215859172,27648.62438695095,1.6791374682152884e-06
2030-01-18 05:00:00,146687.40216631952,265452.5450270228,21192.536872246048,1.5737720185634628e-06
2030-01-18 06:00:00,145418.91506265808,263692.5684681293,14347.40932055095,1.3750307646248325e-06
2030-01-18 07:00:00,144150.4279589959,261932.5919092348,7427.368308914078,1.001001432638723e-06
2030-01-18 08:00:00,142881.9408553358,260172.6153503453,2.0652714738389477e-07,4.007198682999146e-08
2030-01-18 09:00:00,142103.41276734025,260467.29149844113,1616.7574012727491,4.251847234150452e-08
2030-01-18 10:00:00,143454.1202612191,262027.45205433154,8038.78420119578,175.24470881901948
2030-01-18 11:00:00,144804.82775509922,263587.6126102232,14460.811001119868,1812.070722473145
2030-01-18 12:00:00,146155.53524898033,265147.77316611604,20882.83780104469,3347.466300826466
2030-01-18 13:00:00,147506.24274286008,266707.93372200703,27304.86460097108,4912.850918836466
2030-01-18 14:00:00,148856.95023673886,268268.09427789756,33726.891400895904,6396.244616160516
2030-01-18 15:00:00,150207.65773061,269828.25483378494,40148.91820081596,4490.439847016816
2030-01-18 16:00:00,150410.3933070038,271377.6302177403,46558.09205101761,1012.1898471219238
2030-01-18 17:00:00,151761.10080087348,272937.7907736263,52980.11885093535,3.803025445034791
2030-01-18 18:00:00,153111.80829475075,274497.95132951613,59402.14565085872,1035.3192407071233
2030-01-18 19:00:00,154462.51578862919,276058.11188540683,65824.17245078435,1830.7533506168654
2030-01-18 20:00:00,155813.2232825095,277618.2724412996,72246.199250709,2356.2050126585177
2030-01-18 21:00:00,157163.93077638824,279178.43299719034,78668.22605063312,2699.7139815827272
2030-01-18 22:00:00,158514.6382702672,280738.59355308156,85090.25285055654,2847.400821873689
2030-01-18 23:00:00,159865.3457641468,282298.7541089735,91512.27965047985,3003.0779964942603
2030-01-19 00:00:00,161216.0532580276,283858.91466486675,97934.30645040402,3183.9952354897746
2030-01-19 01:00:00,162566.76075190748,285419.07522075827,104356.33325032998,3367.8126016323536
2030-01-19 02:00:00,163917.4682457874,286979.2357766501,110778.3600502548,3617.1734324356958
2030-01-19 03:00:00,165268.17573966723,288539.39633254195,117200.38685017872,4002.3484596834137
2030-01-19 04:00:00,166618.8832335477,290099.5568884347,123622.41365010159,4611.467279716207
2030-01-19 05:00:00,167969.59072742538,291659.7174443247,130044.4404500237,5254.442221674307
2030-01-19 06:00:00,169320.29822130167,293219.87800021365,136466.46724994553,5080.094030383856
2030-01-19 07:00:00,170671.00571517684,294780.0385561016,142888.49404986866,3470.000171200567
2030-01-19 08:00:00,172021.71320905443,296340.1991119923,149310.52084979074,3327.4641121923237
2030-01-19 09:00:00,173372.42070292993,297900.35966788005,155732.5476497123,3880.797974907596
2030-01-19 10:00:00,174723.1281968045,299460.5202237672,162154.5744496321,2041.778094318522
2030-01-19 11:00:00,176073.83569067979,301020.68077965535,168576.60124955224,1536.3020852772513
2030-01-19 12:00:00,177424.5431845564,302580.8413355455,174998.6280494732,1431.5463095668206
2030-01-19 13:00:00,178775.25067843235,304141.0018914333,181420.6548493969,1819.3904788525467
2030-01-19 14:00:00,180125.9581723093,305701.16244732245,187842.68164931974,2364.1645836798043
2030-01-19 15:00:00,181476.6656661866,307261.3230032123,194264.70844924188,2792.0164428947082
2030-01-19 16:00:00,182827.37316006492,308821.48355910374,200686.73524916315,2923.3312663619195
2030-01-19 17:00:00,184178.0806539411,310381.64411499246,207108.76204908433,2927.403374233236
2030-01-19 18:00:00,185528.7881478177,311941.804670882,213530.7888490063,2996.7586654839515
2030-01-19 19:00:00,186879.4956416949,313501.9652267722,219952.81564893032,3010.3907319562177
2030-01-19 20:00:00,188230.20313557383,315062.1257826644,226374.8424488532,3023.5576958926
2030-01-19 21:00:00,189580.9106294508,316622.2863385543,232796.86924877547,3049.5832711010585
2030-01-19 22:00:00,190931.61812332808,318182.44689444493,239218.8960486972,3099.134345469308
2030-01-19 23:00:00,192282.3256172056,319742.6074503361,245640.92284861865,3111.1952542796334
2030-01-20 00:00:00,193633.03311108443,321302.76800622867,252062.94964854093,3136.018743896
2030-01-20 01:00:00,194983.74060496225,322862.9285621195,258484.97644846546,3158.382695692782
2030-01-20 02:00:00,196334.44809884028,324423.0891180108,264907.0032483889,3194.5358071711007
2030-01-20 03:00:00,197685.15559271837,325983.2496739023,271329.0300483115,3254.846612581745
2030-01-20 04:00:00,199035.86308659735,327543.410229795,277751.0568482334,3290.13178173725
2030-01-20 05:00:00,200386.57058047454,329103.57078568585,284173.083648155,3376.167008093856
2030-01-20 06:00:00,201737.27807435126,330663.73134157655,290595.1104480771,3377.7285923053455
2030-01-20 07:00:00,203087.98556822765,332223.89189746697,297017.13724800094,3274.0929927187544
2030-01-20 08:00:00,204438.6930621054,333784.05245335895,303439.1640479233,3116.7877884823492
2030-01-20 09:00:00,205789.40055598182,335344.21300924907,309861.1908478452,3179.7366126136258
2030-01-20 10:00:00,207140.10804985827,336904.3735651395,316283.21764776646,3195.8807366482442
2030-01-20 11:00:00,208490.81554373557,338464.53412103053,322705.2444476877,3396.5225764046318
2030-01-20 12:00:00,209841.5230376143,340024.6946769229,329127.2712476096,3683.5423292019054
2030-01-20 13:00:00,211192.23053149213,341584.85523281357,335549.2980475337,4235.781059769111
2030-01-20 14:00:00,212542.93802536983,343145.01578870433,341971.3248474564,5136.026391829163
2030-01-20 15:00:00,213893.64551924655,344705.17634459434,348393.35164737777,6400.009999953682
2030-01-20 16:00:00,213834.4748751788,345336.9046632128,353575.3045048359,6222.897065223865
2030-01-20 17:00:00,213117.42017957856,345599.8800644351,353713.9633402946,6066.059580629168
2030-01-20 18:00:00,212300.94030873437,345850.67726241646,353914.7649621285,5935.560051384075
2030-01-20 19:00:00,211506.66230797017,346100.7611051971,354190.0809299059,5829.932514135031
2030-01-20 20:00:00,210769.03015669202,346370.8613214954,354463.340164481,5742.268073982378
2030-01-20 21:00:00,209957.34924862412,346608.4546564898,354730.43795819255,5667.684108555428
2030-01-20 22:00:00,208688.86214509906,346424.6534432412,354390.7170762461,2189.4341087860207
2030-01-20 23:00:00,207457.40738906205,346571.62623345526,354439.2145477714,846.0114340576953
2030-01-21 00:00:00,206617.95148909974,346825.08861759905,354686.51276201394,770.2149289469088
2030-01-21 01:00:00,205828.45448543748,347062.6717343309,355033.7381492351,683.8210767935816
2030-01-21 02:00:00,204946.8143639918,347290.09590667166,355332.05752435885,591.6985743117397
2030-01-21 03:00:00,204232.22982779643,347552.63705302204,355596.79285977816,477.96818659368364
2030-01-21 04:00:00,203667.13985568512,347846.8251982638,355743.25765010755,345.1041374038998
2030-01-21 05:00:00,203235.26858783863,348142.37056126544,355959.20183105645,203.77594165201288
2030-01-21 06:00:00,203164.7707660344,348692.2109277114,360227.2823140975,4.837693620848056e-08
2030-01-21 07:00:00,204515.47825990987,350252.37148360047,366649.3091140198,648.4814844938624
2030-01-21 08:00:00,205866.18575378807,351812.53203949233,373071.3359139417,1650.4902892938464
2030-01-21 09:00:00,207216.89324766464,353372.6925953822,379493.3627138632,2338.958900775595
2030-01-21 10:00:00,208567.60074154145,354932.85315127275,385915.3895137842,2722.8152723736193
2030-01-21 11:00:00,209918.3082354187,356493.01370716374,392337.4163137052,2975.4200725367054
2030-01-21 12:00:00,211269.01572929695,358053.1742630561,398759.4431136268,3074.5654033025094
2030-01-21 13:00:00,212619.72322317408,359613.33481894655,405181.4699135508,3142.7057063655284
2030-01-21 14:00:00,213970.43071705132,361173.4953748374,411603.49671347364,3212.146163533632
2030-01-21 15:00:00,215321.13821092833,362733.65593072836,418025.5235133957,3257.6886238824204
2030-01-21 16:00:00,216671.84570480607,364293.8164866203,424447.5503133166,3204.4247461016453
2030-01-21 17:00:00,218022.5531986819,365853.9770425102,430869.5771132374,3213.807929371866
2030-01-21 18:00:00,219373.26069255784,367414.1375984003,437291.6039131591,3205.1303581517036
2030-01-21 19:00:00,220723.96818643436,368974.2981542909,443713.630713083,3158.7790311433964
2030-01-21 20:00:00,222074.67568031256,370534.45871018316,450135.65751300566,3089.32750587799
2030-01-21 21:00:00,223425.38317418928,372094.61926607345,456557.6843129278,3117.4508654752854
2030-01-21 22:00:00,224776.09066806652,373654.77982196433,462979.7111128496,3180.1747859661837
2030-01-21 23:00:00,226126.79816194435,375214.9403778557,469401.7379127714,3270.6341680007727
2030-01-22 00:00:00,227519.82964322652,376790.51118500734,475823.76471269334,3227.5422334325544
2030-01-22 01:00:00,228912.861124508,378366.0819921573,482245.79151261767,3254.137273804562
2030-01-22 02:00:00,230305.89260578965,379941.65279930754,488667.8183125409,3319.2802795199777
2030-01-22 03:00:00,231698.9240870713,381517.2236064579,495089.8451124632,3400.7768939514926
2030-01-22 04:00:00,233091.95556835376,383092.79441360926,501511.8719123845,3448.5732349862947
2030-01-22 05:00:00,234484.98704963422,384668.36522075854,507933.8987123055,3526.742206832015
2030-01-22 06:00:00,235878.01853091418,386243.9360279075,514355.9255122267,3543.4087696000556
2030-01-22 07:00:00,237271.0500121938,387819.50683505577,520777.9523121499,3451.759587678249
2030-01-22 08:00:00,238664.08149347483,389395.0776422059,527199.9791120716,3235.897413680441
2030-01-22 09:00:00,240057.11297475462,390970.648449354,533622.0059119929,3324.695710974289
2030-01-22 10:00:00,241450.14445603496,392546.2192565026,540044.0327119137,3644.675289691435
2030-01-22 11:00:00,242843.1759373158,394121.7900636518,546466.0595118343,4202.855235532015
2030-01-22 12:00:00,244236.20741859733,395697.3608708022,552888.0863117555,4962.587337603783
2030-01-22 13:00:00,245629.23889987727,397272.93167794985,559310.1131116787,6183.914061450305
2030-01-22 14:00:00,247022.27038115571,398848.5024850968,565732.1399115995,6400.00999995213
2030-01-22 15:00:00,247082.1531252815,399712.916646134,569132.1376316396,5321.489697273142
2030-01-22 16:00:00,247083.09440104352,400128.13600232935,569614.9465413356,3036.6067258894486
2030-01-22 17:00:00,247100.51589844533,400599.6053695776,570213.3999073942,1211.2815918174897
2030-01-22 18:00:00,247174.58162106606,401541.4572537387,573278.5320961658,2.682514161748721e-07
2030-01-22 19:00:00,248420.99491636254,403117.0280607223,579700.5588959217,5.843483331764766e-08
2030-01-22 20:00:00,249814.02639764498,404692.59886787337,586122.5856958439,1177.0447017689023
2030-01-22 21:00:00,251207.0578789264,406268.16967502283,592544.6124957663,2093.851582136134
2030-01-22 22:00:00,252600.08936020848,407843.74048217305,598966.6392956882,2947.0898087710502
2030-01-22 23:00:00,253993.12084149133,409419.311289324,605388.6660956104,3958.9051285609867
2030-01-23 00:00:00,255386.1523227748,410994.8820964761,611810.6928955334,5036.111252919588
2030-01-23 01:00:00,256779.1838040572,412570.45290362637,618232.7196954582,6366.196866242522
2030-01-23 02:00:00,258172.21528533797,414146.0237107763,624654.7464953817,6400.0099999551
2030-01-23 03:00:00,258370.2367781258,415511.34375410754,628268.4177002804,6400.009999432451
2030-01-23 04:00:00,258578.0219779833,416758.99999995023,629879.7889983049,6400.009999958366
2030-01-23 05:00:00,257886.9423180769,416328.21822600986,629879.7889972869,6400.009998960634
2030-01-23 06:00:00,257583.01962104524,416196.9161439145,629879.7889968198,6400.009998563335
2030-01-23 07:00:00,257489.35660019997,416137.3848869342,629879.7889965464,6400.009998340178
2030-01-23 08:00:00,257508.42317395585,416145.0243910099,629879.7889963504,6400.0099982096035
2030-01-23 09:00:00,257586.8857846668,416178.06142885884,629879.7889962267,6400.009998145742
2030-01-23 10:00:00,257682.4873011395,416237.4549087571,629879.7889961399,6400.009998142866
2030-01-23 11:00:00,257814.13553784715,416321.85713905346,629879.788996158,6400.009998196863
2030-01-23 12:00:00,257981.0182740027,416421.30974834465,629879.7889962713,6400.009998312903
2030-01-23 13:00:00,258161.6451999456,416523.90747798246,629879.7889964152,6400.009998518951
2030-01-23 14:00:00,258359.24327795478,416636.3260708582,629879.7889966158,6400.009998876855
2030-01-23 15:00:00,258578.02197792332,416758.99999982,629879.788997012,6400.009999759919
2030-01-23 16:00:00,257971.2994916362,416314.56211716007,629578.5960610063,6077.35977519425
2030-01-23 17:00:00,256926.2720330284,415533.41843589593,629443.4094262327,3316.474259394869
2030-01-23 18:00:00,255886.14380875515,415229.5618921706,629351.9154622445,152.34442008044974
2030-01-23 19:00:00,256061.5834813829,415295.1837685252,629311.009386066,2.0095964714528236e-07
2030-01-23 20:00:00,256332.9519817677,415447.43963082996,629327.0383769064,773.6680594761949
2030-01-23 21:00:00,256604.81289480967,415599.3069601882,629343.5578970492,1532.8251550403995
2030-01-23 22:00:00,256877.64026543748,415752.954682997,629362.3450572931,2211.9138974805305
2030-01-23 23:00:00,257151.06263817442,415908.4237916946,629384.1487205403,2794.374572422109
2030-01-24 00:00:00,257425.4319173187,416067.1816107047,629413.5250490163,3312.0157683800608
2030-01-24 01:00:00,257700.07535180528,416224.3720790075,629457.7805638795,3833.373028672675
2030-01-24 02:00:00,257975.03043009274,416382.8300461724,629507.9127584585,4412.5020830898975
2030-01-24 03:00:00,258250.30241989848,416542.3948103828,629567.760616226,5150.00820408524
2030-01-24 04:00:00,258526.18516964943,416704.54445352475,629636.37482231,6400.009999918289
2030-01-24 05:00:00,257362.84206133217,415254.34101344895,629272.4983428343,6400.009999998766
2030-01-24 06:00:00,256136.67894504228,413509.7747057512,620787.8546646752,6037.650225035458
2030-01-24 07:00:00,254910.5158287524,411765.2083980535,612303.2109865163,3830.110399605606
2030-01-24 08:00:00,253684.35271246295,410020.6420903559,603818.5673083573,1743.7193536927934
2030-01-24 09:00:00,252458.18959617344,408276.0757826586,595333.9236301986,3271.7166768703337
2030-01-24 10:00:00,251232.02647988364,406531.5094749609,586849.2799520395,2273.3278908129455
2030-01-24 11:00:00,250005.86336359417,404786.9431672636,578364.6362738807,3001.552068702655
2030-01-24 12:00:00,248779.7002473051,403042.37685956643,569879.9925957221,5710.074440445737
2030-01-24 13:00:00,247553.5371310154,401297.8105518688,561395.3489175631,5583.539982494619
2030-01-24 14:00:00,246327.37401472568,399553.2442441711,552910.7052394041,5271.129876425064
2030-01-24 15:00:00,245101.21089843585,397808.67793647334,544426.061561245,4975.505638405406
2030-01-24 16:00:00,243875.04778214634,396064.1116287757,535941.4178830858,4688.125015882168
2030-01-24 17:00:00,242648.8846658565,394319.5453210779,527456.7742049266,4426.4001320488405
2030-01-24 18:00:00,241422.72154956663,392574.9790133801,518972.1305267674,4179.944004180134
2030-01-24 19:00:00,240196.5584332768,390830.41270568233,510487.48684860824,3945.7503799071746
2030-01-24 20:00:00,238970.39531698744,389085.84639798483,502002.8431704491,3719.0922578033437
2030-01-24 21:00:00,237744.2322006978,387341.28009028715,493518.1994922898,3502.9270936471366
2030-01-24 22:00:00,236518.0690844082,385596.7137825896,485033.5558141307,3295.805587807612
2030-01-24 23:00:00,235291.9059681186,383852.14747489203,476548.9121359717,3090.971660656021
2030-01-25 00:00:00,234065.7428518294,382107.5811671947,468064.2684578127,2882.0289188583033
2030-01-25 01:00:00,232839.5797355399,380363.01485949726,459579.6247796541,2673.2719033561657
2030-01-25 02:00:00,231613.41661925043,378618.4485517997,451094.98110149533,2459.627642682008
2030-01-25 03:00:00,230387.25350296087,376873.8822441022,442610.33742333646,2237.900024885634
2030-01-25 04:00:00,229161.0903866716,375129.31593640475,434125.6937451775,2000.5126019541287
2030-01-25 05:00:00,227934.9272703819,373384.74962870707,425641.0500670183,1744.5706502425528
2030-01-25 06:00:00,226708.76415409218,371640.18332100945,417156.40638885915,1460.7089717517792
2030-01-25 07:00:00,225482.6010378024,369895.61701331177,408671.7627107,1130.5105025288062
2030-01-25 08:00:00,224256.43792151308,368151.0507056143,400187.1190325409,726.0354639824786
2030-01-25 09:00:00,223030.27480522337,366406.4843979167,391702.47535438195,1.3203589332988486e-09
2030-01-25 10:00:00,221804.11168896672,364661.9180902523,383217.83167625836,2.4096590052908883e-08
2030-01-25 11:00:00,220638.83130867954,363063.0216245655,380268.56596843095,1714.6266226809314
2030-01-25 12:00:00,219493.71189054058,361705.21818235534,380053.04618698615,4486.198447677524
2030-01-25 13:00:00,218325.1498995714,360096.80558707024,378560.3842496033,6400.00999997556
2030-01-25 14:00:00,217098.98678331455,358352.2392794057,370075.7405714803,6400.009999998548
2030-01-25 15:00:00,215872.82366702473,356607.672971708,361591.0968933213,4592.215986398242
2030-01-25 16:00:00,214646.6605507353,354863.1066640104,353106.45321516215,2993.286803220273
2030-01-25 17:00:00,213420.49743444542,353118.5403563126,344621.80953700305,1534.1881203004136
2030-01-25 18:00:00,212194.33431815563,351373.97404861485,336137.16585884395,1.558924896514998e-09
2030-01-25 19:00:00,211014.87465203524,349726.23143427685,328167.6814711092,2.343547175978216e-07
2030-01-25 20:00:00,209853.63287932143,348160.0484386342,327531.4310610047,9.931358585308499e-08
2030-01-25 21:00:00,210147.05337266083,348353.8370581561,327763.1686921015,1.2614550206781822e-06
2030-01-25 22:00:00,210455.56542071668,348597.40157205163,329488.5011515916,1.7512289601333557e-06
2030-01-25 23:00:00,210768.25466460618,348854.63099200744,331416.4314527885,2.055812742590063e-06
2030-01-26 00:00:00,211088.04637832628,349136.57232495444,333811.6880007649,2.249841352272006e-06
2030-01-26 01:00:00,211404.232933835,349398.1584684258,336814.2087280229,2.371962010347573e-06
2030-01-26 02:00:00,211722.16153051722,349666.6387064858,339645.33274360705,2.4436874240349995e-06
2030-01-26 03:00:00,212039.72839357718,349937.1620690217,342336.37392454606,2.469854432354487e-06
2030-01-26 04:00:00,212358.55294096062,350216.7818388177,344527.5853611822,2.4566410746788724e-06
2030-01-26 05:00:00,212665.01339012044,350451.1080618979,346146.8071165778,2.4083076797942445e-06
2030-01-26 06:00:00,212969.41222768446,350683.20934613753,347623.83816647803,2.3109257825678648e-06
2030-01-26 07:00:00,213273.10095027546,350912.27942421427,349451.4026129023,2.1496145082767704e-06
2030-01-26 08:00:00,213588.2291291016,351183.55899672804,352240.12670903635,1.8908574268161852e-06
2030-01-26 09:00:00,213907.33825369916,351455.8183918905,355959.60419557395,1.5035393849930388e-06
2030-01-26 10:00:00,214233.48955580904,351739.1524945221,360383.08699093794,8.201855700874709e-07
2030-01-26 11:00:00,215626.52103706918,353314.723301613,366805.1137907708,233.54788126602347
2030-01-26 12:00:00,217019.55251842501,354890.2941088017,373227.14059071086,3177.538681182136
2030-01-26 13:00:00,218412.5839996857,356465.86491589254,379649.1673905549,5260.801758175105
2030-01-26 14:00:00,218738.24126645387,356750.3654749679,384799.58237602114,4627.654597006539
2030-01-26 15:00:00,219055.9042971981,357022.1786831803,388459.664218609,3986.9790404060946
2030-01-26 16:00:00,219375.48065575236,357303.75214625016,391678.0274238848,3384.3384516199267
2030-01-26 17:00:00,219695.02168109157,357576.36328022106,395373.7728043049,2823.6517854254535
2030-01-26 18:00:00,220019.11750697732,357859.72264249093,400103.58844063996,2293.4409227312194
2030-01-26 19:00:00,220375.0572250719,358977.3015056102,406415.78578068694,2137.611831873319
2030-01-26 20:00:00,221768.08870633424,360552.8723127047,412837.8125805279,4438.948929463896
2030-01-26 21:00:00,223161.12018759453,362128.4431197957,419259.8393803672,6400.00999910738
2030-01-26 22:00:00,223487.86693687597,362416.0551950182,424020.29886768316,6400.009998344905
2030-01-26 23:00:00,223816.0683499055,362710.75675112574,428898.2578331433,6400.009997907179
2030-01-27 00:00:00,224148.77143318337,363039.5397368559,434566.248450632,6400.009997605886
2030-01-27 01:00:00,224479.31829457224,363339.7995327728,440177.3587439327,6400.009997388915
2030-01-27 02:00:00,224809.91596932197,363634.03870081756,445283.55387927865,6400.009997231697
2030-01-27 03:00:00,225140.54263071518,363927.93151786696,450044.26471543935,6400.009997122054
2030-01-27 04:00:00,225473.7455180274,364232.0507732235,454468.13724777143,6400.009997052809
2030-01-27 05:00:00,225800.679845526,364518.4112952288,458580.30095200223,6400.0099970209885
2030-01-27 06:00:00,226124.199021536,364803.1629132108,462596.8507019041,6400.009997024888
2030-01-27 07:00:00,226439.47659576597,365071.39145346516,466441.80770275136,6400.009997065419
2030-01-27 08:00:00,226762.29863694965,365360.43446143233,469997.2465588884,6400.009997146575
2030-01-27 09:00:00,227081.25602610968,365633.04163921904,473551.6759715693,6400.009997270206
2030-01-27 10:00:00,227402.35519148753,365910.52065194375,477111.5683954968,6400.009997444008
2030-01-27 11:00:00,227723.31907716932,366189.06611600006,480455.8289640082,6400.009997686284
2030-01-27 12:00:00,228045.63524997825,366475.28266735905,483853.4105297631,6400.009998024919
2030-01-27 13:00:00,228363.4914003419,366740.5048315632,487396.34628363483,6400.009998577829
2030-01-27 14:00:00,228669.62332510797,366977.62435504637,488592.81058405776,6400.009999915938
2030-01-27 15:00:00,227507.10984906126,365390.75521824264,482754.4471684693,6400.009999998209
2030-01-27 16:00:00,226280.94673277184,363646.18891054514,474269.8034903102,4690.115727576307
2030-01-27 17:00:00,225054.78361648208,361901.62260284746,465785.1598121511,2911.9937555862834
2030-01-27 18:00:00,223828.62050019234,360157.0562951497,457300.51613399194,2631.840774138988
2030-01-27 19:00:00,222602.45738390295,358412.4899874525,448815.87245583354,3585.805410356086
2030-01-27 20:00:00,221376.2942676139,356667.92367975536,440331.22877767513,5043.608312402845
2030-01-27 21:00:00,220150.13115132452,354923.3573720581,431846.58509951655,5220.697830406164
2030-01-27 22:00:00,218923.96803503484,353178.79106436047,423361.94142135745,4627.782719016496
2030-01-27 23:00:00,217697.80491874515,351434.2247566629,414877.29774319835,4197.118514894975
2030-01-28 00:00:00,216471.64180245582,349689.6584489655,406392.6540650393,3745.7977006498068
2030-01-28 01:00:00,215245.47868616617,347945.09214126796,397908.0103868803,3304.975679109763
2030-01-28 02:00:00,214019.31556987658,346200.52583357034,389423.3667087214,3005.318069184656
2030-01-28 03:00:00,212793.15245358695,344455.95952587284,380938.7230305624,2785.5300318723134
2030-01-28 04:00:00,211566.98933729794,342711.3932181758,372454.07935240393,2943.5215076161485
2030-01-28 05:00:00,210340.82622100826,340966.82691047824,363969.435674245,2798.16706789342
2030-01-28 06:00:00,209114.6631047186,339222.2606027807,355484.7919960858,2226.7146048056825
2030-01-28 07:00:00,207888.49998842896,337477.6942950832,347000.1483179268,1165.0964100399904
2030-01-28 08:00:00,206662.33687213963,335733.12798738584,338515.50463976763,2.283059075125493e-09
2030-01-28 09:00:00,205494.30006947814,334129.7688148786,331492.5094278376,2.3632310330867767e-07
2030-01-28 10:00:00,204352.03916238545,332839.6441562107,331237.8843003508,1.0456397950698407e-07
2030-01-28 11:00:00,204657.29071442492,333077.61771897046,331646.1194702292,1596.745403646777
2030-01-28 12:00:00,204971.26384427215,333358.1045108374,332827.98959309846,4044.876079616425
2030-01-28 13:00:00,205279.2087396344,333606.75691788166,333710.51750965236,6400.009999918496
2030-01-28 14:00:00,204124.0002076324,332089.81718202314,333186.3415307521,6400.0099999983895
2030-01-28 15:00:00,202897.8370913427,330345.2508743255,324701.6978525931,5939.203359744969
2030-01-28 16:00:00,201671.6739750533,328600.68456662813,316217.054174434,4706.442317007795
2030-01-28 17:00:00,200445.5108587636,326856.11825893057,307732.41049627477,4019.8313416925585
2030-01-28 18:00:00,199219.34774247388,325111.551951233,299247.7668181157,3581.1699654084464
2030-01-28 19:00:00,197993.18462618423,323366.9856435355,290763.1231399569,3521.928476402872
2030-01-28 20:00:00,196767.02150989522,321622.4193358386,282278.47946179856,3746.177775947343
2030-01-28 21:00:00,195540.85839360554,319877.853028141,273793.8357836396,3522.185241049743
2030-01-28 22:00:00,194314.69527731586,318133.2867204436,265309.19210548047,3177.8507068726185
2030-01-28 23:00:00,193088.53216102617,316388.720412746,256824.54842732148,2994.9753430563487
2030-01-29 00:00:00,191990.2613727767,314640.3248260575,248339.9047491623,2474.9898103261676
2030-01-29 01:00:00,190891.9905845269,312891.9292393687,239855.26107100327,2072.765440812732
2030-01-29 02:00:00,189793.71979627712,311143.53365268,231370.6173928444,2055.937287835928
2030-01-29 03:00:00,188695.44900802762,309395.13806599163,222885.97371468603,3164.86710982745
2030-01-29 04:00:00,187597.17821977843,307646.74247930327,214401.33003652754,3598.4409000162586
2030-01-29 05:00:00,186498.90743152853,305898.34689261444,205916.6863583684,3160.356060708122
2030-01-29 06:00:00,185400.6366432786,304149.95130592556,197432.0426802093,2229.9238230037863
2030-01-29 07:00:00,184302.36585502868,302401.5557192367,188947.39900205022,861.399586699715
2030-01-29 08:00:00,183204.09506677906,300653.160132548,180462.7553238911,2.0561401470331475e-09
2030-01-29 09:00:00,182171.45110182732,299080.3092796496,175392.6265698803,2.840683919203002e-07
2030-01-29 10:00:00,181137.54141326537,297531.6165414451,174498.92479798655,2.2223512940413104e-07
2030-01-29 11:00:00,181530.0752227387,297672.9910697229,174498.92479799644,842.6743560008107
2030-01-29 12:00:00,181922.60903221447,297814.36559800303,174498.92479800206,2765.134350160459
2030-01-29 13:00:00,182292.53789572464,297934.678245585,174471.32386508575,2743.8209198563013
2030-01-29 14:00:00,181253.21011721753,296361.7777569756,173029.47176960894,2219.302560065203
2030-01-29 15:00:00,180215.02987591343,294785.00278912875,167940.88735124774,1490.8796840509704
2030-01-29 16:00:00,179183.74839640348,293232.7862069506,161853.70106566336,300.19927760257906
2030-01-29 17:00:00,178180.16903828655,292881.4578247825,161618.03325997727,1.583498487889301e-07
2030-01-29 18:00:00,178615.3507958067,293136.30672087666,162970.7920135971,2.2282899653335394e-06
2030-01-29 19:00:00,179058.64131042836,293410.0787334261,166166.48783167382,3.139104182491658e-06
2030-01-29 20:00:00,179510.70460354816,293718.0280865544,169975.1237867067,3.75531014574395e-06
2030-01-29 21:00:00,179957.94246418637,294007.9223256643,174065.1941703302,4.237285632537642e-06
2030-01-29 22:00:00,180410.067957542,294313.6574708898,178337.16546951042,4.634553689307446e-06
2030-01-29 23:00:00,180865.66391153474,294628.70575165865,182767.19185594827,4.972975438626277e-06
2030-01-30 00:00:00,181322.48300736852,294948.578758155,187283.815584645,5.261180950773242e-06
2030-01-30 01:00:00,181778.45089068045,295259.24561467895,192359.43614951326,5.509569638882545e-06
2030-01-30 02:00:00,182235.19383755003,295574.0568755035,197284.73764103136,5.7267097672267254e-06
2030-01-30 03:00:00,182691.31498896438,295889.5605648089,202004.6600475439,5.915306453072991e-06
2030-01-30 04:00:00,183149.6254023345,296211.30333797587,206354.99288498663,6.077132872125601e-06
2030-01-30 05:00:00,183596.8451025506,296502.55340221577,210221.1447859374,6.216291119817453e-06
2030-01-30 06:00:00,184042.40522344716,296791.92485207407,213889.12738074854,6.338162732549917e-06
2030-01-30 07:00:00,184484.44220098638,297069.20326286525,217508.88917641307,6.439786959398299e-06
2030-01-30 08:00:00,184933.1457689291,297375.94560121937,221528.84361811602,6.517032330363145e-06
2030-01-30 09:00:00,185383.2514862043,297674.9862321763,225990.44498211733,6.580038723528767e-06
2030-01-30 10:00:00,185835.17574868049,297980.18355293974,230432.04369556045,6.626722951171453e-06
2030-01-30 11:00:00,186287.7270634492,298289.8866072985,234997.03574886394,6.656981057289555e-06
2030-01-30 12:00:00,186741.83830744523,298606.63033439114,239556.6114508361,6.668151635096014e-06
2030-01-30 13:00:00,187191.97183382337,298902.3926146893,244377.7052926417,6.662941219056315e-06
2030-01-30 14:00:00,187640.7671962911,299193.16508372163,248507.16246896124,6.640471111973796e-06
2030-01-30 15:00:00,188085.81096628692,299476.8505131088,251685.39857824292,6.6072027197975445e-06
2030-01-30 16:00:00,188533.1865841259,299770.341824656,253708.40803772575,6.565208535474584e-06
2030-01-30 17:00:00,188976.70277266664,300045.8493950042,255839.3128078098,6.5066891899463505e-06
2030-01-30 18:00:00,189421.33205858173,300328.4386566111,258837.67832904073,6.425323358466657e-06
2030-01-30 19:00:00,189866.22743871858,300613.6761182039,262878.380278771,6.314525162178889e-06
2030-01-30 20:00:00,190318.20096012094,300927.08049921016,266952.7636997936,6.185371522172669e-06
2030-01-30 21:00:00,190766.87179639132,301218.5623436282,271005.5374443461,6.038836626814934e-06
2030-01-30 22:00:00,191216.99332672983,301519.0169057216,275055.0093982782,5.870018587683498e-06
2030-01-30 23:00:00,191669.22464756988,301827.62542802346,279239.85837717296,5.6761921802763055e-06
2030-01-31 00:00:00,192124.40852726073,302148.8347868618,283654.00308208546,5.450751824347234e-06
2030-01-31 01:00:00,192578.42747807977,302456.4854766737,288726.11413480784,5.1919367525397435e-06
2030-01-31 02:00:00,193033.7232230678,302774.8657073403,293763.19224173704,4.894335586532883e-06
2030-01-31 03:00:00,193488.32312297905,303095.43911129807,298653.2070679671,4.547415550870238e-06
2030-01-31 04:00:00,193944.96765902103,303422.3042136872,303092.0299624156,4.134872338417605e-06
2030-01-31 05:00:00,194393.19954604175,303714.39750088356,307125.4575512454,3.63294943913906e-06
2030-01-31 06:00:00,194840.2850580501,304006.4776066566,311150.34900026687,2.9900924786157807e-06
2030-01-31 07:00:00,195286.84687765263,304297.29043003684,315647.643837622,2.05357805530985e-06
2030-01-31 08:00:00,195740.86604067142,304658.4296961274,320918.9333052913,4.292056217868784e-08
2030-01-31 09:00:00,197261.7898500634,306230.17122432316,327340.96010522585,5.79820092056229e-07
2030-01-31 10:00:00,198782.71365945638,307801.91275251994,333762.986905161,4.662046645854057e-08
2030-01-31 11:00:00,200303.63746887186,309373.65428073896,340185.01370512106,1446.5332318530322
2030-01-31 12:00:00,201824.56127828814,310945.3958089587,346607.0405050819,3920.723974051042
2030-01-31 13:00:00,203345.48508770374,312517.13733717747,353029.0673050446,6400.009999955763
2030-01-31 14:00:00,204866.40889709684,314088.8788653745,359451.0941049816,6400.009999959072
2030-01-31 15:00:00,206125.88317021143,315605.6188265035,365785.86834407446,6237.369257048179
2030-01-31 16:00:00,206577.66318756374,315924.6179771016,370294.91605491773,4217.715826511454
2030-01-31 17:00:00,207028.02171202778,316229.60150394356,375210.74339050025,2832.1786801104317
2030-01-31 18:00:00,207480.519192728,316607.4356091292,380869.1417421446,2024.5487385152592
2030-01-31 19:00:00,208093.9422819513,318081.8971189561,387197.05154317373,1898.049362962372
2030-01-31 20:00:00,209614.8660912479,319653.63864705985,393619.07834300154,3043.6291040632136
2030-01-31 21:00:00,211135.7899005422,321225.3801751598,400041.105142828,4977.241642729296
2030-01-31 22:00:00,211611.42096368386,322295.4819040633,406196.04306522437,4711.141785926628
2030-01-31 23:00:00,212070.14183573177,322809.635291631,412124.0289036108,4288.882520028366
2030-02-01 00:00:00,212526.28470697632,323236.49550613074,417807.8507801411,3696.882186024244
2030-02-01 01:00:00,212992.19130381514,323907.06130985724,423968.53028989315,3403.8114293539943
2030-02-01 02:00:00,213477.46642428383,325106.6600426758,430184.06506441894,3194.6752252789083
2030-02-01 03:00:00,214355.5495453176,326607.1383582355,436508.46593469963,3097.619560379145
2030-02-01 04:00:00,214918.0019280308,328074.003229637,442783.5515321153,2962.2817741519248
2030-02-01 05:00:00,215372.7623554126,328484.8698627441,448572.5337758362,2466.130121987893
2030-02-01 06:00:00,215824.34367878034,328824.8090028455,454015.8298065791,1579.6512858136211
2030-02-01 07:00:00,216275.31320177898,329144.16044657346,459577.9521815615,4.2291048885090277e-08
2030-02-01 08:00:00,217796.2370111726,330715.90197477146,465999.9789814981,4.291314326110296e-08
2030-02-01 09:00:00,219317.16082058806,332287.6435029903,472422.00578146003,308.18671488206155
2030-02-01 10:00:00,220838.08463000364,333859.3850312093,478844.03258142155,695.6585411711594
2030-02-01 11:00:00,222359.00843941973,335431.12655942887,485266.0593813836,2142.6297840023253
2030-02-01 12:00:00,223879.93224883665,337002.86808764905,491688.08618134627,3529.7318310300952
2030-02-01 13:00:00,225400.856058253,338574.60961586854,498110.11298131064,5030.696801764503
2030-02-01 14:00:00,226921.77986766907,340146.3511440879,504532.1397812739,6400.009999956644
2030-02-01 15:00:00,228442.70367706227,341718.09267228533,510954.16658121167,6400.0099996248355
2030-02-01 16:00:00,228896.66788350712,342133.44100423297,516532.6716302551,2921.7599997029483
2030-02-01 17:00:00,230417.5916928916,343705.18253242184,522954.6984301812,128.13282475020915
2030-02-01 18:00:00,231938.5155022848,345276.92406061915,529376.725230119,803.1046343396546
2030-02-01 19:00:00,233459.43931167855,346848.6655888168,535798.75203006,2876.984683035472
2030-02-01 20:00:00,234980.36312107378,348420.40711701557,542220.7788299996,4987.963321207606
2030-02-01 21:00:00,236501.2869304677,349992.1486452131,548642.8056299381,6400.009999955982
2030-02-01 22:00:00,237763.51677327868,351515.68430776376,554989.2788141682,6400.009999053959
2030-02-01 23:00:00,238215.94456575686,351939.11655520234,560704.9272302584,6400.009998705482
2030-02-02 00:00:00,238667.67181104582,352333.32409744407,566214.7168313726,6400.009998513081
2030-02-02 01:00:00,239119.49388759976,352665.24771625386,571918.0303584832,6400.009998413798
2030-02-02 02:00:00,239570.0882038214,352985.7558199209,577420.8755109865,6400.00999838412
2030-02-02 03:00:00,240020.43278441112,353295.0391565854,582780.5381204057,6400.009998421369
2030-02-02 04:00:00,240472.89873432872,353607.253100511,587912.279584458,6400.009998541541
2030-02-02 05:00:00,240926.83937245715,353902.78813696967,592428.0989835752,6400.009998795102
2030-02-02 06:00:00,241368.6216203417,354167.1664758945,593055.4176335152,6400.00999931593
2030-02-02 07:00:00,240362.66039936716,353372.87005266716,592794.1311483338,2921.7599995402666
2030-02-02 08:00:00,240809.57752720927,353659.83193191484,594221.5138379001,3188.196121617311
2030-02-02 09:00:00,241261.08685442162,353948.99887410586,599653.5898078196,3569.01440828873
2030-02-02 10:00:00,241708.82427316275,354291.14728628815,605411.6230918027,3922.494364959332
2030-02-02 11:00:00,242168.88437128224,354723.6549130344,611388.6245141814,4331.233272616901
2030-02-02 12:00:00,242640.91520974162,355188.3497659912,617497.8979024579,4797.945898432333
2030-02-02 13:00:00,243103.81659262936,355605.98032019724,623705.6010788406,5388.767485758657
2030-02-02 14:00:00,243553.86865717333,355925.09893229394,629879.7889930247,6400.009999891953
2030-02-02 15:00:00,242748.8160599518,355842.179666179,629879.7889984136,6400.009999999059
2030-02-02 16:00:00,241650.54527170208,354093.7840794904,621780.1081406212,5170.113032325535
2030-02-02 17:00:00,240552.27448345209,352345.38849280163,614140.330097231,4869.659303460496
2030-02-02 18:00:00,239454.00369520212,350596.99290611286,609443.3303170049,4653.5814562713795
2030-02-02 19:00:00,238355.73290695215,348848.5973194241,608133.6328519366,4438.057726351951
2030-02-02 20:00:00,237257.46211870245,347100.2017327355,607118.2718769455,4236.375922835712
2030-02-02 21:00:00,236159.19133045254,345351.8061460468,604439.8671753904,4021.037562320716
2030-02-02 22:00:00,235060.92054220263,343603.4105593581,596949.4373844131,3825.3069944941803
2030-02-02 23:00:00,233962.64975395275,341855.01497266936,589857.6019884595,3583.731569177458
2030-02-03 00:00:00,232864.37896570313,340106.6193859807,584148.4039593722,3333.0146398938004
2030-02-03 01:00:00,231766.1081774533,338358.22379929206,578049.7523935052,3071.3131580529266
2030-02-03 02:00:00,230667.83738920352,336609.8282126034,571715.5532127643,2800.3089429359807
2030-02-03 03:00:00,229569.56660095372,334861.43262591475,565072.8322586654,2513.1678465053965
2030-02-03 04:00:00,228471.29581270416,333113.03703922615,558500.7777330729,2206.2046282131028
2030-02-03 05:00:00,227373.02502445434,331364.6414525375,552250.3581218184,1886.0221238232498
2030-02-03 06:00:00,226274.75423620458,329616.24586584885,545302.1095480571,1505.2653601571074
2030-02-03 07:00:00,225176.48344795482,327867.8502791602,538149.3090808066,977.8011845812184
2030-02-03 08:00:00,224078.21265970528,326119.45469247166,531608.5785746773,141.563660228873
2030-02-03 09:00:00,222979.94187145558,324371.0591057832,531508.8339633197,1.0265921446261927e-09
2030-02-03 10:00:00,223443.81508236134,324712.9740516115,537930.8607633176,1756.0245504969034
2030-02-03 11:00:00,223930.5152525671,325163.733501763,544352.8875633158,3196.995452637836
2030-02-03 12:00:00,224423.33004860015,325631.92922162474,550774.9143633138,4560.585151147557
2030-02-03 13:00:00,224885.7717298288,325969.4048693885,557196.9411633118,6400.009999998671
2030-02-03 14:00:00,223787.5009415798,324221.0092827009,560603.1157461718,6400.009999994724
2030-02-03 15:00:00,222689.2301533301,322472.6136960122,553962.1263507848,5678.077138198698
2030-02-03 16:00:00,221590.95936508052,320724.2181093236,546697.0444814884,5227.759543626871
2030-02-03 17:00:00,220492.6885768307,318975.8225226348,539453.0118331012,4874.292752157641
2030-02-03 18:00:00,219394.41778858085,317227.426935946,532300.0673163164,4565.22567992853
2030-02-03 19:00:00,218296.14700033105,315479.0313492572,525386.6035738015,4284.423229036832
2030-02-03 20:00:00,217197.8762120815,313730.6357625686,518466.50840225565,4019.431482238731
2030-02-03 21:00:00,216099.60542383176,311982.2401758799,511524.1573613449,3770.88665556056
2030-02-03 22:00:00,215001.33463558202,310233.8445891911,504498.41508341837,3526.2676311314876
2030-02-03 23:00:00,213903.06384733226,308485.44900250225,497534.6567314615,3288.85435428354
2030-02-04 00:00:00,212804.79305908276,306737.0534158137,490711.73783448956,3051.060685157825
2030-02-04 01:00:00,211706.52227083314,304988.65782912506,484298.2461388087,2812.492180770548
2030-02-04 02:00:00,210608.25148258358,303240.2622424364,477794.3399294488,2569.6055929792888
2030-02-04 03:00:00,209509.980694334,301491.86665574776,471261.8143185899,2319.669971283374
2030-02-04 04:00:00,208411.7099060845,299743.4710690592,464716.03321111336,2056.6780023821184
2030-02-04 05:00:00,207313.43911783485,297995.07548237056,458135.78114019264,1781.4927284179503
2030-02-04 06:00:00,206215.1683295852,296246.6798956819,451487.93229353457,1474.2849853506748
2030-02-04 07:00:00,205116.89754133558,294498.2843089933,444962.21012399986,1103.9148422184417
2030-02-04 08:00:00,204018.62675308614,292749.88872230484,438700.4518552922,636.5530650997707
2030-02-04 09:00:00,202920.35596483666,291001.4931356165,436999.18291841156,5.2115183279966004e-09
2030-02-04 10:00:00,201822.08517658804,289253.0975489291,443335.53270427714,1.0453338949904215e-09
2030-02-04 11:00:00,202309.90554099542,289647.83654148184,449757.5595042752,2943.990799903285
2030-02-04 12:00:00,202797.21436151504,290053.5998568642,456179.58630427317,5887.9815998038775
2030-02-04 13:00:00,201871.50904815647,289735.06567706144,462601.6131042704,6400.009999998669
2030-02-04 14:00:00,200773.23825990703,287986.670090373,461311.0132052877,5808.658497746717
2030-02-04 15:00:00,199674.96747165744,286238.2745036844,455115.27409986296,5369.796890366856
2030-02-04 16:00:00,198576.6966834079,284489.8789169957,448467.4270771704,5002.265892693435
2030-02-04 17:00:00,197478.42589515814,282741.483330307,441791.5925005272,4685.5462894290695
2030-02-04 18:00:00,196380.1551069084,280993.0877436181,435184.19463981816,4395.417439402638
2030-02-04 19:00:00,195281.88431865865,279244.69215692923,428831.01551564195,4126.568788511188
2030-02-04 20:00:00,194183.61353040906,277496.29657024064,422402.7315781063,3870.260810467197
2030-02-04 21:00:00,193085.34274215938,275747.90098355187,415956.7879877607,3628.4008470300537
2030-02-04 22:00:00,191987.0719539097,273999.50539686304,409495.61705443554,3392.857078990944
2030-02-04 23:00:00,190888.80116566006,272251.10981017427,403094.0777525532,3162.6209758732416
2030-02-05 00:00:00,189642.04682163434,270455.3906141977,396758.7903337321,2927.511613878724
2030-02-05 01:00:00,188395.2924776086,268659.671418221,390838.93920735386,2689.6951721928226
2030-02-05 02:00:00,187148.53813358286,266863.9522222444,384901.6596312902,2448.731220162696
2030-02-05 03:00:00,185901.78378955708,265068.2330262677,378850.15084769734,2198.239143564404
2030-02-05 04:00:00,184655.0294455314,263272.5138302912,372597.4928553085,1928.7968091653122
2030-02-05 05:00:00,183408.2751015055,261476.79463431452,366245.99421056674,1640.552040487647
2030-02-05 06:00:00,182161.52075747962,259681.07543833784,359906.98115178745,1313.941371646807
2030-02-05 07:00:00,180914.76641345376,257885.3562423612,353826.2564770189,898.9980214646805
2030-02-05 08:00:00,179668.01206942816,256089.6370463847,348168.37746959395,294.25565275362794
2030-02-05 09:00:00,178421.2577254025,254293.91785040844,347905.1800429956,1.016132955555804e-09
2030-02-05 10:00:00,177304.74132872515,253103.02770426607,354327.20684299234,8.703615574121354e-08
2030-02-05 11:00:00,177657.65782525818,253486.1332023468,360749.2336429903,2296.7942791832497
2030-02-05 12:00:00,178029.17915251054,253930.11224319442,367171.26044298836,4509.1397132629145
2030-02-05 13:00:00,178376.17842685315,254224.9366842186,373593.2872429864,6400.00999999882
2030-02-05 14:00:00,177129.42408282752,252429.2174882424,373141.6865613038,6004.477654493764
2030-02-05 15:00:00,175882.6697388017,250633.49829226578,367291.0087226898,5495.091012682974
2030-02-05 16:00:00,174635.91539477598,248837.7790962892,360910.3286090839,5111.349222856307
2030-02-05 17:00:00,173389.1610507501,247042.05990031254,354559.5855685439,4798.312863741936
2030-02-05 18:00:00,172142.40670672423,245246.3407043359,348382.4228862423,4520.4621891617035
2030-02-05 19:00:00,170895.6523626984,243450.6215083593,342748.1608090256,4264.220827003028
2030-02-05 20:00:00,169648.89801867277,241654.9023123828,337113.6589991556,4022.1269072508785
2030-02-05 21:00:00,168402.14367464706,239859.18311640626,331406.2357765335,3795.11854178929
2030-02-05 22:00:00,167155.38933062134,238063.4639204297,325502.600457456,3573.4383698934853
2030-02-05 23:00:00,165908.63498659557,236267.7447244531,319480.3568927333,3354.877085947842
2030-02-06 00:00:00,164661.88064256991,234472.02552847654,313404.9253042806,3132.6296021846147
2030-02-06 01:00:00,163415.12629854414,232676.30633249995,307598.99393263756,2911.410237615561
2030-02-06 02:00:00,162168.37195451837,230880.5871365233,301602.224989831,2686.1560184618634
2030-02-06 03:00:00,160921.61761049248,229084.86794054662,295469.4867246208,2454.7028095434316
2030-02-06 04:00:00,159674.8632664667,227289.14874456995,289187.80236202735,2209.551505562032
2030-02-06 05:00:00,158428.1089224407,225493.42954859318,282833.4570159528,1953.05324344202
2030-02-06 06:00:00,157181.3545784147,223697.71035261638,276490.4917777711,1671.1332605019543
2030-02-06 07:00:00,155934.6002343887,221901.99115663965,270323.9903006397,1341.9118984033637
2030-02-06 08:00:00,154687.84589036295,220106.27196066303,264194.0875768539,968.0096709922678
2030-02-06 09:00:00,153441.09154633712,218310.5527646864,258588.27391060835,525.339882568652
2030-02-06 10:00:00,152194.33720231152,216514.83356871014,257697.6917351526,8.715460353414528e-09
2030-02-06 11:00:00,150947.582858287,214719.11437273538,261271.95049576528,2368.931575043962
2030-02-06 12:00:00,149700.8285142633,212923.39517675957,267026.92010093166,4883.775264265858
2030-02-06 13:00:00,148454.0741702384,211127.67598078414,268045.9722123827,6400.00999999108
2030-02-06 14:00:00,147207.31982621262,209331.95678480767,263398.5268035958,5720.207067326061
2030-02-06 15:00:00,145960.5654821867,207536.237588831,257176.32909480526,5277.810648907541
2030-02-06 16:00:00,144713.81113816093,205740.51839285434,250658.34756679586,4896.931493330539
2030-02-06 17:00:00,143467.05679413496,203944.79919687758,244140.40048931638,4578.435652650937
2030-02-06 18:00:00,142220.302450109,202149.0800009009,237740.1332197244,4295.651182775395
2030-02-06 19:00:00,140973.54810608312,200353.36080492422,231683.51244144177,4028.6573385148545
2030-02-06 20:00:00,139726.7937620574,198557.64160894766,225546.80924472024,3774.4439641846357
2030-02-06 21:00:00,138480.03941803158,196761.92241297103,219343.7432207445,3534.328259966231
2030-02-06 22:00:00,137233.2850740058,194966.2032169944,213022.99690981445,3297.7153319522477
2030-02-06 23:00:00,135986.53072998,193170.48402101782,206704.3638887169,3064.0869534287463
2030-02-07 00:00:00,134739.77638595438,191374.76482504135,200526.4061704706,2828.6106612722288
2030-02-07 01:00:00,133493.02204192863,189579.0456290648,194690.1977052292,2587.982158305547
2030-02-07 02:00:00,132246.26769790295,187783.32643308828,188753.51916283835,2341.908232041392
2030-02-07 03:00:00,130999.51335387722,185987.60723711178,182816.24304441776,2087.0534517766873
2030-02-07 04:00:00,129752.75900985164,184191.88804113536,176774.22738282086,1814.3278998746152
2030-02-07 05:00:00,128506.00466582584,182396.1688451588,170559.9676181583,1520.691489651417
2030-02-07 06:00:00,127259.25032180002,180600.44964918224,164293.35987073486,1185.4815925020755
2030-02-07 07:00:00,126012.49597777422,178804.7304532057,158311.51969246808,737.5314195655152
2030-02-07 08:00:00,124765.74163374868,177009.01125722937,154321.05572658373,5.201513886277098e-09
2030-02-07 09:00:00,123518.9872897236,175213.29206125383,155775.944717225,1.2405507732182741e-09
2030-02-07 10:00:00,122272.2329457296,173417.5728653135,162197.97151722186,1.65651035873837e-08
2030-02-07 11:00:00,122609.13260096294,173735.43806220725,168619.9983172198,1298.4996803272663
2030-02-07 12:00:00,122970.69437763348,174176.5266869485,175042.02511721777,2282.979535554569
2030-02-07 13:00:00,123316.84815859061,174554.38898304955,181464.05191721578,3030.549475683983
2030-02-07 14:00:00,123644.21501624484,174888.51790508855,187886.07871721376,3773.014799774309
2030-02-07 15:00:00,123974.25184026328,175179.04794798294,194308.10551721163,4344.400977815832
2030-02-07 16:00:00,124218.3020938822,175273.09886689685,200730.13231720874,1131.2475796732265
2030-02-07 17:00:00,124536.59183678858,175491.23632056944,207152.1591172066,1350.0939064909192
2030-02-07 18:00:00,124864.79763493652,175838.39503562893,213574.18591720462,1747.7900514213156
2030-02-07 19:00:00,125221.57690237903,176267.6474611802,219996.21271720267,2036.412714134248
2030-02-07 20:00:00,125598.87792481914,176743.72449135504,226418.23951720077,2323.423284601421
2030-02-07 21:00:00,125970.58850636211,177195.69459499663,232840.26631719887,2617.5141072012093
2030-02-07 22:00:00,126307.67548342292,177574.7119896724,239262.2931171968,2879.7038407233085
2030-02-07 23:00:00,126665.96292358896,178010.35028025083,245684.31991719475,3135.968139376792
2030-02-08 00:00:00,127037.97268983939,178479.5738907583,252106.34671719288,3404.012908666995
2030-02-08 01:00:00,127412.31454299261,178933.48635250362,258528.373517191,3681.614247562951
2030-02-08 02:00:00,127787.74481927064,179394.99949410398,264950.4003171891,3966.8881853171015
2030-02-08 03:00:00,128162.88157036179,179858.16463684512,271372.4271171872,4261.8488680444025
2030-02-08 04:00:00,128541.21244027086,180331.68532354446,277794.45391718525,4575.8224509051915
2030-02-08 05:00:00,128886.20755022556,180733.85462014118,284216.4807171832,4911.417568437109
2030-02-08 06:00:00,129207.94983077055,181019.78405864994,290638.50751718116,5306.91036700109
2030-02-08 07:00:00,128774.30429196983,180968.83271584703,297060.53431717824,1828.6603672337342
2030-02-08 08:00:00,129102.15779910814,181283.00705026856,303482.56111717614,2390.034762174456
2030-02-08 09:00:00,129419.4574785562,181568.61559688923,309904.5879171741,3068.038555375262
2030-02-08 10:00:00,129749.12147804713,181849.89943163111,316326.614717172,3503.464443241841
2030-02-08 11:00:00,130115.22775147307,182288.366493782,322748.64151716995,4160.155907213624
2030-02-08 12:00:00,130496.53184853717,182760.28658357804,329170.66831716796,4962.280919113884
2030-02-08 13:00:00,130855.55493567011,183149.20004267676,335592.695117166,6400.0099999836775
2030-02-08 14:00:00,129608.80059167673,181353.4808467358,342014.72191716294,6400.00999999902
2030-02-08 15:00:00,128362.0462476509,179557.76165075923,335790.20958987065,5619.521854769783
2030-02-08 16:00:00,127115.29190362523,177762.04245478264,328854.77414436615,5114.872533442194
2030-02-08 17:00:00,125868.53755959934,175966.323258806,321923.16880280105,4720.544215824482
2030-02-08 18:00:00,124621.78321557346,174170.60406282937,315114.49300071556,4376.234143640598
2030-02-08 19:00:00,123375.0288715476,172374.88486685275,308571.8855586364,4060.2008924293423
2030-02-08 20:00:00,122128.27452752198,170579.16567087627,301998.3361839376,3760.616961233118
2030-02-08 21:00:00,120881.52018349619,168783.44647489968,295399.1842085779,3479.021185401429
2030-02-08 22:00:00,119634.7658394704,166987.7272789231,288695.0010829137,3202.783767138654
2030-02-08 23:00:00,118388.0114954446,165192.00808294653,281909.9739855464,2927.795691837029
2030-02-09 00:00:00,117141.25715141903,163396.28888697008,275351.03206333914,2656.7451076972825
2030-02-09 01:00:00,115894.50280739334,161600.56969099358,269429.1078069596,2385.9009121160457
2030-02-09 02:00:00,114647.7484633677,159804.85049501716,265039.2805297336,2120.9790103661308
2030-02-09 03:00:00,113400.99411934207,158009.1312990408,262040.16087848245,1850.6101259089014
2030-02-09 04:00:00,112154.2397753166,156213.41210306462,258883.84524262947,1559.9432105887345
2030-02-09 05:00:00,110907.48543129087,154417.69290708817,254535.05697509187,1238.8173156770388
2030-02-09 06:00:00,109660.73108726514,152621.97371111173,250156.00461145616,842.1003604836717
2030-02-09 07:00:00,108413.97674323946,150826.2545151354,247827.4060518895,1.0844587450264953e-09
2030-02-09 08:00:00,107340.05382682948,150379.15475283394,254249.4328518867,7.961318715388188e-08
2030-02-09 09:00:00,107701.41224652035,150806.6588597744,260671.45965188468,549.1520146729056
2030-02-09 10:00:00,108075.93533351996,151267.33891706428,267093.48645188275,801.0809663715701
2030-02-09 11:00:00,108458.10912657017,151766.71126414184,273515.51325188077,1023.743252719579
2030-02-09 12:00:00,109003.72266809523,153170.34222500242,279937.54005187895,2691.8350673855493
2030-02-09 13:00:00,109534.26349956753,154564.914832241,286359.56685187714,4098.889906777094
2030-02-09 14:00:00,109921.6364660303,155159.82983239397,292781.5936518753,4317.8540499461815
2030-02-09 15:00:00,110296.41020691642,155622.76631293795,299203.6204518734,4498.996632904082
2030-02-09 16:00:00,110662.90159325177,156073.88943865796,305625.64725187136,4670.953335297472
2030-02-09 17:00:00,111008.67662430758,156464.8461236121,312047.6740518692,4860.213644981782
2030-02-09 18:00:00,111366.95829396689,156889.7160933611,318469.70085186727,5077.819824083641
2030-02-09 19:00:00,111720.33037550013,157301.42652324354,324891.7276518653,5316.363514429056
2030-02-09 20:00:00,112086.57049940154,157744.83084823447,331313.75445186335,5635.12650753022
2030-02-09 21:00:00,112413.64586165559,158058.81554194304,337735.78125186125,6400.009999903969
2030-02-09 22:00:00,111909.33029881693,158022.98084374345,344157.80805185897,6400.009999998592
2030-02-09 23:00:00,110662.57595479226,156227.26164776838,348509.8411558082,6400.009999972767
2030-02-10 00:00:00,109415.82161076761,154431.54245179324,351479.14893295965,6400.0099999748945
2030-02-10 01:00:00,108169.06726674258,152635.82325581752,351986.6554076309,6400.009999993336
2030-02-10 02:00:00,106922.31292271697,150840.10405984116,351728.0477374023,6045.899667728479
2030-02-10 03:00:00,105675.55857869133,149044.3848638648,351074.4407602482,5471.586398213259
2030-02-10 04:00:00,104428.80423466588,147248.6656678886,349566.0571963856,4704.682729945349
2030-02-10 05:00:00,103182.04989064016,145452.94647191212,346037.729093572,3817.0653022654415
2030-02-10 06:00:00,101935.2955466144,143657.22727593558,340379.156326922,2700.691868985701
2030-02-10 07:00:00,100688.54120258868,141861.50807995905,334508.81316723884,1258.3064865673173
2030-02-10 08:00:00,99441.78685856324,140065.7888839828,332374.4124589075,5.325546226231381e-09
2030-02-10 09:00:00,98195.03251453863,138270.06968800767,337738.5268200137,1.3037606549914926e-09
2030-02-10 10:00:00,98524.49995031263,138570.41830651995,344160.5536200116,1344.6176584480897
2030-02-10 11:00:00,98897.94488586295,139006.01051304117,350582.5804200096,2503.8011062257738
2030-02-10 12:00:00,99283.1063372044,139471.87376714568,357004.6072200077,3589.68894656619
2030-02-10 13:00:00,99666.61293459592,139921.08688259675,363426.63402000576,4828.339590598488
2030-02-10 14:00:00,99999.98304183633,140224.86707524228,369848.6608200037,6400.00999999903
2030-02-10 15:00:00,98753.22869781071,138429.147879266,369469.36085168045,6092.619172019556
2030-02-10 16:00:00,97506.47435378515,136633.42868328953,362962.5448138,5374.240875737062
2030-02-10 17:00:00,96259.72000975934,134837.70948731297,356369.96339786536,4931.421708610316
2030-02-10 18:00:00,95012.96566573359,133041.99029133643,350127.99625569576,4573.551313728982
2030-02-10 19:00:00,93766.21132170784,131246.27109535993,344885.4012396955,4263.137948737091
2030-02-10 20:00:00,92519.45697768236,129450.5518993836,341230.2315205806,3983.0119787507747
2030-02-10 21:00:00,91272.7026336567,127654.83270340717,338672.5093291621,3731.455353931874
2030-02-10 22:00:00,90025.94828963105,125859.11350743071,334720.10413764516,3489.1630691652053
2030-02-10 23:00:00,88779.19394560542,124063.39431145435,332558.3983429486,3257.310723776997
2030-02-11 00:00:00,87532.43960157997,122267.67511547808,330250.73583513073,3019.6905843751224
2030-02-11 01:00:00,86285.68525755436,120471.95591950165,327525.0114023669,2773.5560771785836
2030-02-11 02:00:00,85038.9309135287,118676.2367235252,323827.7365443693,2519.33197717231
2030-02-11 03:00:00,83792.17656950302,116880.51752754874,319147.37071883254,2251.1829166107386
2030-02-11 04:00:00,82545.42222547752,115084.79833157237,314900.23500371823,1961.0316175981402
2030-02-11 05:00:00,81298.66788145181,113289.07913559588,310327.37572374346,1651.9061352443953
2030-02-11 06:00:00,80051.91353742607,111493.35993961936,304841.10875846137,1291.6544440204675
2030-02-11 07:00:00,78805.15919340032,109697.64074364286,299155.33581421233,777.6905869286841
2030-02-11 08:00:00,77558.4048493749,107901.92154766661,296982.9806944734,5.191509444557596e-09
2030-02-11 09:00:00,76311.65050535016,106106.20235169139,301151.1471921747,1.28738975035958e-09
2030-02-11 10:00:00,76643.3571293105,106412.22923920388,307573.17399217264,1250.5956803313559
2030-02-11 11:00:00,77019.378096279,106850.6816229983,313995.20079217065,2488.205842753926
2030-02-11 12:00:00,77403.2962090852,107313.81557403505,320417.22759216884,3594.2403307353916
2030-02-11 13:00:00,77786.10979491535,107756.54019852939,326839.254392167,4836.978240772947
2030-02-11 14:00:00,78146.23763707546,108124.86488548836,333261.281192165,6400.00999999881
2030-02-11 15:00:00,76899.48329305054,106329.14568951285,335672.8083302584,6400.00999999497
2030-02-11 16:00:00,75652.72894902497,104533.42649353639,329434.98489181465,5594.648332721087
2030-02-11 17:00:00,74405.97460499918,102737.70729755977,322901.9111585837,5142.95603029112
2030-02-11 18:00:00,73159.22026097335,100941.98810158313,316407.2118306805,4772.989520213672
2030-02-11 19:00:00,71912.46591694753,99146.26890560646,310172.4523376532,4451.962310278534
2030-02-11 20:00:00,70665.71157292191,97350.54970962988,303766.0507519756,4152.301373843355
2030-02-11 21:00:00,69418.9572288961,95554.8305136532,297253.52452891134,3873.709177521513
2030-02-11 22:00:00,68172.20288487028,93759.11131767649,290604.58006067673,3602.1257130312974
2030-02-11 23:00:00,66925.44854084445,91963.39212169977,284020.84942726244,3340.930263541314
2030-02-12 00:00:00,65613.84923825471,90158.17146686754,277419.62861728115,3074.221222292522
2030-02-12 01:00:00,64302.249935664826,88352.95081203524,271108.92844393133,2807.6747039143875
2030-02-12 02:00:00,62990.65063307495,86547.73015720292,264709.76993609604,2537.107812377376
2030-02-12 03:00:00,61679.05133048501,84742.50950237062,258264.6088406909,2257.7399947933395
2030-02-12 04:00:00,60367.452027895255,82937.2888475384,251709.55711199713,1959.8879922363528
2030-02-12 05:00:00,59055.85272530527,81132.06819270604,245068.26724101018,1639.2094277028516
2030-02-12 06:00:00,57744.25342271528,79326.84753787369,238396.45166167055,1271.198546205554
2030-02-12 07:00:00,56432.65412012531,77521.62688304138,231919.8465467568,778.3874719469454
2030-02-12 08:00:00,55121.05481753561,75716.4062282093,226376.13381410995,9.341079021396581e-10
2030-02-12 09:00:00,54894.48222167463,75697.30430583222,232798.16061410744,8.157803677022457e-08
2030-02-12 10:00:00,55181.79882225916,76028.2687959394,239220.18741410546,1398.338266643157
2030-02-12 11:00:00,55492.19233374139,76444.67236669318,245642.21421410356,2514.3729572750003
2030-02-12 12:00:00,55810.995123876346,76910.78875351117,252064.24101410172,3819.080801061232
2030-02-12 13:00:00,56117.62626060712,77308.49742765627,258486.26781409988,4977.621304283331
2030-02-12 14:00:00,56398.770011442306,77624.48815789394,264908.2946140979,6400.009999998829
2030-02-12 15:00:00,55087.170708853104,75819.2675030626,267268.832670007,6400.00999999498
2030-02-12 16:00:00,53775.571406263334,74014.04684823046,260872.69981490503,5855.617514639975
2030-02-12 17:00:00,52463.97210367331,72208.82619339817,254153.42107924598,5569.25109303585
2030-02-12 18:00:00,51152.372801083286,70403.60553856588,247532.4630764563,5344.688840322235
2030-02-12 19:00:00,49840.77349849329,68598.38488373361,241421.5284703341,5153.642719651162
2030-02-12 20:00:00,48529.17419590351,66793.16422890147,235349.12473574848,4982.202815738622
2030-02-12 21:00:00,47217.574893313606,64987.943574069264,229227.59131640082,4828.362279732015
2030-02-12 22:00:00,45905.975590723705,63182.722919237065,222953.2389643414,4685.491264772381
2030-02-12 23:00:00,44594.37628813381,61377.50226440487,216709.3741332709,4551.39062260913
2030-02-13 00:00:00,43282.776985544144,59572.28160957278,210963.3991974121,4422.011571193923
2030-02-13 01:00:00,41971.17768295437,57767.06095474066,205397.79744597443,4299.288065186945
2030-02-13 02:00:00,40659.57838036457,55961.84029990853,199432.5126796411,4181.212997832935
2030-02-13 03:00:00,39347.979077774726,54156.619645076345,193251.48579512566,4066.8867159575884
2030-02-13 04:00:00,38036.379775185014,52351.39899024419,186711.09358217916,3954.485001354597
2030-02-13 05:00:00,36724.78047259506,50546.17833541193,179913.0332099895,3846.3656246728706
2030-02-13 06:00:00,35413.18117000505,48740.95768057963,173031.7681207568,3739.3948832197393
2030-02-13 07:00:00,34101.581867415014,46935.73702574731,166262.66410565356,3633.741696689959
2030-02-13 08:00:00,32789.98256482517,45130.5163709151,159427.89709224142,3529.2573367564637
2030-02-13 09:00:00,31478.383262235187,43325.29571608281,152619.09618775733,3427.8662851585837
2030-02-13 10:00:00,30166.78395964522,41520.075061250536,145858.3209506389,3327.17473802636
2030-02-13 11:00:00,28855.184657055263,39714.854406418286,139606.39014362847,3226.334152979636
2030-02-13 12:00:00,27543.58535446551,37909.63375158616,134138.56825854175,3121.6780821022644
2030-02-13 13:00:00,26231.986051875614,36104.413096753924,128393.02470592203,3018.979796528789
2030-02-13 14:00:00,24920.386749285666,34299.192441921674,121793.18161095741,2917.662029554331
2030-02-13 15:00:00,23608.78744669563,32493.971787089347,114776.89061416709,2815.4518475163172
2030-02-13 16:00:00,22297.188144105738,30688.751132257075,107606.93106819276,2709.590531390587
2030-02-13 17:00:00,20985.58884151565,28883.530477424694,100407.92717513362,2603.870202987891
2030-02-13 18:00:00,19673.989538925594,27078.309822592342,93227.95866076017,2496.684625222721
2030-02-13 19:00:00,18362.39023633558,25273.089167760038,86208.18777708532,2385.259724788677
2030-02-13 20:00:00,17050.790933745822,23467.86851292789,79153.93634842565,2271.6240935299306
2030-02-13 21:00:00,15739.191631155909,21662.64785809565,72096.13957573904,2158.7319021496687
2030-02-13 22:00:00,14427.592328566023,19857.427203263454,65026.54181442035,2045.4242399485395
2030-02-13 23:00:00,13115.993025976148,18052.206548431273,58049.786622570144,1932.5524579603282
2030-02-14 00:00:00,11804.393723386538,16246.985893599263,52405.4256384011,1806.2920520742032
2030-02-14 01:00:00,10492.79442079673,14441.765238767137,47751.389691649274,1670.00635075474
2030-02-14 02:00:00,9181.195118206906,12636.544583935012,42510.5445823878,1528.0048708688964
2030-02-14 03:00:00,7869.595815617028,10831.32392910285,36681.31243838617,1375.9638427897294
2030-02-14 04:00:00,6557.996513027344,9026.103274270778,29776.571396888117,1213.5878496589985
2030-02-14 05:00:00,5246.397210437307,7220.882619438457,22318.584001710926,1042.7012689842895
2030-02-14 06:00:00,3934.797907847248,5415.661964606119,14722.625083569013,845.2815087846624
2030-02-14 07:00:00,2623.198605257186,3610.441309773774,7161.990964334997,567.246727230061
2030-02-14 08:00:00,1311.5993026674644,1805.2206549416765,6.004484021104872e-09,1.033640728564933e-09
2030-02-14 09:00:00,1.1027073005119903e-07,1.425809108859299e-07,1.849675754783675e-07,1.5093633010110352e-08
2030-02-14 10:00:00,161.59368677242674,76.52974586386449,8.335014034431621e-07,9.112582715663608e-07
2030-02-14 11:00:00,302.54065969031296,143.41827414407416,1.0592869643172601e-06,1.1878944880906353e-06
2030-02-14 12:00:00,433.15862136555626,206.68108065701657,1.178275993007736e-06,1.3120536920922892e-06
2030-02-14 13:00:00,541.7652267459742,260.25788592851893,1.2638149920182686e-06,1.3401699390950742e-06
2030-02-14 14:00:00,619.0004052994439,302.42011231966865,1.2014438637803459e-06,1.2877437154454303e-06
2030-02-14 15:00:00,645.0071169464784,326.60584381008374,1.147911925057061e-06,1.1505004487502897e-06
2030-02-14 16:00:00,601.2377743015785,326.06737538853673,9.652103100237671e-07,8.623831169726394e-07
2030-02-14 17:00:00,8.344325905495656e-08,4.609725608487168e-07,1.4104960497049414e-07,3.889012440163896e-08
2030-02-14 18:00:00,1223.8086220351133,1514.9164604370933,3.9044719246889535e-07,1.6230235527530996e-07
2030-02-14 19:00:00,2531.4039168961494,3029.8329204514557,4359.865117019987,5.633931774798528e-08
2030-02-14 20:00:00,3838.9992119154426,4544.749380509559,10781.891916919076,1208.1502466701709
2030-02-14 21:00:00,5146.594506933784,6059.665840563098,17203.91871681821,1997.8233086442985
2030-02-14 22:00:00,6454.189801952555,7574.582300616985,23625.94551671712,2523.13889838515
2030-02-14 23:00:00,7761.785096971558,9089.498760671058,30047.97231661598,2841.1193691439266
2030-02-15 00:00:00,9069.380391990997,10604.415220729414,36469.99911651571,3021.9473741894144
2030-02-15 01:00:00,10376.975687009739,12119.331680783163,42892.02591641767,3125.311418661615
2030-02-15 02:00:00,11684.570982028483,13634.24814083702,49314.05271631838,3218.537018796832
2030-02-15 03:00:00,12992.166277047127,15149.16460089092,55736.079516218146,3304.720992035487
2030-02-15 04:00:00,14299.761572066018,16664.08106094897,62158.10631611673,3329.0249335255094
2030-02-15 05:00:00,15607.35686708348,18178.997521002224,68580.13311601477,3352.302291513817
2030-02-15 06:00:00,16914.952162100453,19693.913981055317,75002.15991591325,3293.993745432812
2030-02-15 07:00:00,18222.54745711721,21208.83044110828,81424.18671581386,3113.3145879765107
2030-02-15 08:00:00,19530.142752135274,22723.746901166,87846.21351571319,3011.4606957622645
2030-02-15 09:00:00,20837.73804715228,24238.663361218918,94268.24031561201,3054.2720764644737
2030-02-15 10:00:00,22145.333342169484,25753.579821272087,100690.26711551004,3106.72311811506
2030-02-15 11:00:00,23452.928637187048,27268.49628132558,107112.29391540796,3190.043156763499
2030-02-15 12:00:00,24760.52393220531,28783.41274138342,113534.3207153068,3241.3137735329133
2030-02-15 13:00:00,26068.119227223102,30298.329201436743,119956.34751520836,3362.3105784666873
2030-02-15 14:00:00,27375.714522240814,31813.245661490186,126378.37431510843,3516.658078566332
2030-02-15 15:00:00,28683.309817258174,33328.1621215436,132800.40111500717,3656.348367906759
2030-02-15 16:00:00,29990.905112275734,34843.07858160116,139222.427914904,3644.850530968225
2030-02-15 17:00:00,31298.500407291674,36357.99504165363,145644.45471480026,3575.5589753424456
2030-02-15 18:00:00,32606.095702307826,37872.91150170636,152066.48151469772,3680.670309750626
2030-02-15 19:00:00,33913.69099732436,39387.827961759314,158488.50831459806,4027.184741124095
2030-02-15 20:00:00,35221.2862923424,40902.74442181716,164910.53511449712,4840.400093996576
2030-02-15 21:00:00,36528.88158735947,42417.660881870295,171332.5619143952,6270.113612713238
2030-02-15 22:00:00,37836.476882375675,43932.57734192287,177754.5887142898,6400.009999939541
2030-02-15 23:00:00,39144.07217723352,45447.493801936704,182877.39803672626,6400.009999178807
2030-02-16 00:00:00,40451.667472093504,46962.41026195568,187105.01888419793,6400.009999767757
2030-02-16 01:00:00,41628.97824316075,48477.32672193481,186482.27151027354,6400.009999375657
2030-02-16 02:00:00,42684.56080388363,49992.24318191084,182456.82843112684,6400.009999950979
2030-02-16 03:00:00,41372.96150138417,49343.00068886054,173972.1847530421,6400.009999582794
2030-02-16 04:00:00,40061.362198859075,47537.7800343023,165487.5410749436,6125.969811243571
2030-02-16 05:00:00,38749.76289632971,45732.559379727485,157002.89739685124,5983.85908401603
2030-02-16 06:00:00,37438.16359380134,43927.33872516564,148518.25371876173,4940.671045892001
2030-02-16 07:00:00,36126.56429119173,42122.11807032609,140033.61004060245,1462.421045893886
2030-02-16 08:00:00,34814.964988663414,40316.897415759726,131548.96636251273,1352.2420564363292
2030-02-16 09:00:00,33503.36568613544,38511.67676119006,123064.32268441586,1246.5798535806455
2030-02-16 10:00:00,32191.766383609138,36706.45610662545,114579.67900631818,1138.9014033588667
2030-02-16 11:00:00,30880.167081083557,34901.23545206265,106095.03532822021,1032.5476081022668
2030-02-16 12:00:00,29568.56777858633,33675.79353737693,97610.39165013559,1032.5476088148198
2030-02-16 13:00:00,28256.968476060094,31870.572882811986,89125.74797203929,911.4786109053782
2030-02-16 14:00:00,26945.369173533225,30065.352228249092,80641.104293943,770.7996177012759
2030-02-16 15:00:00,25633.769871004813,28260.13157368442,72156.4606158471,607.6776777456379
2030-02-16 16:00:00,24322.170568477435,26454.910919129878,63671.8169377513,400.9717798725101
2030-02-16 17:00:00,23010.571265948627,24649.690264565477,55187.17325965519,4.269176656634954e-08
2030-02-16 18:00:00,23546.790588131866,26164.60672453246,47204.47565020652,6.188809196453672e-07
2030-02-16 19:00:00,24510.730336227403,27679.52318450854,44132.25617479416,1.948893851240573e-07
2030-02-16 20:00:00,25818.325631083342,29194.43964452639,46663.05122611674,5.760055034729756e-08
2030-02-16 21:00:00,27125.920926098046,30709.356104578143,53085.07802601221,360.3869505173622
2030-02-16 22:00:00,28433.51622111333,32224.272564630566,59507.104825908624,1186.1684392960365
2030-02-16 23:00:00,29741.111516129487,33739.189024683794,65929.1316258058,2016.4103218488174
2030-02-17 00:00:00,31048.706811146785,35254.10548474179,72351.1584257045,2589.348683851579
2030-02-17 01:00:00,32356.302106163195,36769.02194479492,78773.18522560601,2881.6333518906486
2030-02-17 02:00:00,33663.897401179696,38283.93840484826,85195.21202550607,3060.80353565434
2030-02-17 03:00:00,34971.49269619617,39798.854864901725,91617.23882540513,3188.232693453346
2030-02-17 04:00:00,36279.087991213266,41313.77132495961,98039.26562530316,3268.115531495
2030-02-17 05:00:00,37586.68328622898,42828.68778501253,104461.29242520082,3393.448110572268
2030-02-17 06:00:00,38894.27858124437,44343.604245065275,110883.31922509907,3444.802610096618
2030-02-17 07:00:00,40201.8738762595,45858.52070511775,117305.34602499961,3382.164142533101
2030-02-17 08:00:00,41509.46917127559,47373.437165174895,123727.37282489832,3310.113444483304
2030-02-17 09:00:00,42817.064466290416,48888.3536252269,130149.39962479626,3409.037342912321
2030-02-17 10:00:00,44124.659761304894,50403.27008527869,136571.42642469332,3171.580719018486
2030-02-17 11:00:00,45432.255056320115,51918.18654533106,142993.45322459043,3404.7085849964096
2030-02-17 12:00:00,46739.85035133633,53433.10300538807,149415.48002448806,3793.362904340355
2030-02-17 13:00:00,48047.44564635198,54948.01946544013,155837.5068243887,4501.483971952381
2030-02-17 14:00:00,49355.04094136769,56462.935925492326,162259.53362428775,5646.273126684088
2030-02-17 15:00:00,50662.636236382365,57977.8523855438,168681.56042418396,6400.009999952923
2030-02-17 16:00:00,51792.28936183183,59492.768845525316,168059.19331166978,5866.261102402704
2030-02-17 17:00:00,52640.60263620671,61007.68530549886,163260.5029340375,5226.395177412119
2030-02-17 18:00:00,53445.661142685654,62522.60176547253,157695.7131730779,4730.733282390104
2030-02-17 19:00:00,54238.05112031603,64037.518225446096,152144.2883209949,4306.503134544412
2030-02-17 20:00:00,55001.10192667994,65552.43468542561,145408.0774348679,3869.867927537654
2030-02-17 21:00:00,55640.638290877076,67067.3511453942,138057.7516120693,3390.159539996739
2030-02-17 22:00:00,56268.04443590943,68582.26760536373,130608.64259786751,2908.0302363062956
2030-02-17 23:00:00,56951.15627489207,70097.18406533566,123221.87088238208,2462.7530939914395
2030-02-18 00:00:00,57699.88755655511,71612.10052531581,116257.46237795771,2024.8060367751907
2030-02-18 01:00:00,58475.433201029824,73127.01698528923,110115.49944041274,1570.888423311603
2030-02-18 02:00:00,59362.85706966508,74641.93344526464,105791.45566644744,1119.3500259336456
2030-02-18 03:00:00,60326.05240859263,76156.84990524103,103437.43201934217,596.0457289889015
2030-02-18 04:00:00,61559.6128473293,77671.76636522415,103207.47007996561,424.0501788104898
2030-02-18 05:00:00,62790.00450390177,79186.68282519933,102996.89655851116,203.8501802011092
2030-02-18 06:00:00,64048.59694941481,80701.59928517469,102876.99268134151,2.6684430031031307e-07
2030-02-18 07:00:00,65356.192244264465,82216.51574518436,104001.77532345956,5.9192059836886016e-08
2030-02-18 08:00:00,66663.78753928002,83731.43220524058,110423.80212335607,494.90946349302374
2030-02-18 09:00:00,67971.38283429491,85246.34866529194,116845.82892325423,1664.620271633234
2030-02-18 10:00:00,69278.9781293098,86761.26512534347,123267.85572315188,2217.2481509737663
2030-02-18 11:00:00,70586.57342432524,88276.18158539559,129689.88252304928,2696.168718912264
2030-02-18 12:00:00,71894.16871934148,89791.09804545241,136111.90932294712,2968.0196849727754
2030-02-18 13:00:00,73201.76401435684,91306.01450550409,142533.9361228478,3129.474400680312
2030-02-18 14:00:00,74509.35930937224,92820.93096555602,148955.96292274704,3269.1928648910925
2030-02-18 15:00:00,75816.95460438743,94335.84742560795,155377.9897226452,3322.407656743324
2030-02-18 16:00:00,77124.54989940306,95850.76388566438,161800.01652254243,3222.041146718496
2030-02-18 17:00:00,78432.1451944173,97365.68034571545,168222.04332243957,3118.6555833512302
2030-02-18 18:00:00,79739.74048943173,98880.59680576679,174644.0701223374,3095.5240116595846
2030-02-18 19:00:00,81047.33578444661,100395.51326581849,181066.09692223778,3055.11430156407
2030-02-18 20:00:00,82354.93107946278,101910.42972587525,187488.12372213666,3029.352179837292
2030-02-18 21:00:00,83662.52637447792,103425.34618592687,193910.150522035,3084.2687464315995
2030-02-18 22:00:00,84970.12166949341,104940.2626459789,200332.17732193272,3183.4309985576733
2030-02-18 23:00:00,86277.71696450925,106455.17910603133,206754.20412183038,3320.1316384456804
2030-02-19 00:00:00,87557.57614168519,107973.72513609062,213176.23092172822,3274.234213494362
2030-02-19 01:00:00,88837.43531886046,109492.27116614493,219598.25772162896,3318.918571652137
2030-02-19 02:00:00,90117.29449603576,111010.81719619942,226020.2845215284,3422.4054924500406
2030-02-19 03:00:00,91397.15367321104,112529.36322625399,232442.31132142685,3593.964977428369
2030-02-19 04:00:00,92677.01285038683,114047.909256313,238864.3381213245,3768.1429492286466
2030-02-19 05:00:00,93956.87202756086,115566.45528636653,245286.36492122186,3769.8124043395383
2030-02-19 06:00:00,95236.73120473446,117085.0013164198,251708.39172111952,3376.8939343154525
2030-02-19 07:00:00,96516.59038190798,118603.54734647297,258130.41852101916,2821.9910986357627
2030-02-19 08:00:00,97796.44955908312,120122.0933765315,264552.4453209179,2743.5196693791295
2030-02-19 09:00:00,99076.30873625769,121640.6394065853,270974.4721208166,3116.517128263591
2030-02-19 10:00:00,100356.1679134319,123159.1854366389,277396.4989207148,2982.233287670977
2030-02-19 11:00:00,101636.02709060696,124677.73146669331,283818.5257206126,3229.9853067178674
2030-02-19 12:00:00,102915.88626778309,126196.27749675256,290240.55252051103,3576.5295667235528
2030-02-19 13:00:00,104195.74544495884,127714.82352680704,296662.57932041236,4178.1068650896395
2030-02-19 14:00:00,105475.60462213453,129233.36955686165,303084.6061203124,5112.938940641014
2030-02-19 15:00:00,106755.46379930948,130751.91558691586,309506.63292021136,6400.009999942984
2030-02-19 16:00:00,108035.32297631982,132270.46161693314,309691.88390488824,6400.009999764997
2030-02-19 17:00:00,108622.80855842018,133789.00764690878,302747.2495538282,6400.0099977147875
2030-02-19 18:00:00,109216.66321613878,135307.55367688477,295855.13462449855,6400.009996879834
2030-02-19 19:00:00,109913.68083737811,136826.09970686137,290141.2571887033,6400.009996398873
2030-02-19 20:00:00,110742.91287762388,138344.64573684556,285796.04583439993,6400.009996114875
2030-02-19 21:00:00,111582.60228349529,139863.19176682286,282410.58708666306,6400.00999598648
2030-02-19 22:00:00,112261.37900275766,141381.73779680085,275810.66539743834,6400.009995992414
2030-02-19 23:00:00,113010.91019394342,142900.2838267799,269753.753688029,6400.009996132182
2030-02-20 00:00:00,113747.54372787749,144418.82985676455,263394.6440328689,6400.009996421122
2030-02-20 01:00:00,114407.22333845773,145937.3758867418,256650.81403026116,6400.009996921001
2030-02-20 02:00:00,115016.04191249092,147455.921916718,249346.50412424712,6400.009997780986
2030-02-20 03:00:00,115526.4011043535,148974.46794669048,241689.77388051758,6400.0099999494805
2030-02-20 04:00:00,114187.0656840105,148610.89557694146,233205.13020243464,6400.009999606582
2030-02-20 05:00:00,112847.73026363962,146809.30449236877,224720.48652433773,4626.382863983909
2030-02-20 06:00:00,111508.39484326808,145007.71340779256,216235.8428462414,3189.175393488518
2030-02-20 07:00:00,110169.05942289598,143206.1223232127,207751.19916814595,1670.6102200176156
2030-02-20 08:00:00,108829.72400252684,141404.53123865466,199266.55549004985,4.488765625865199e-08
2030-02-20 09:00:00,109148.52868065861,142923.07726862462,191133.06741202626,301.83440887538495
2030-02-20 10:00:00,109840.16703901479,144441.62329860337,184712.55156326818,656.3594128135131
2030-02-20 11:00:00,111003.94796401035,145960.16932858282,184395.06816178915,3109.824177883394
2030-02-20 12:00:00,112166.06567698026,147478.7153585679,184068.76091847385,5442.261497604604
2030-02-20 13:00:00,113121.0925028336,148997.2613885459,182717.9428979767,5877.718182713446
2030-02-20 14:00:00,113808.66301449745,150515.80741852458,176213.8543137898,6400.009999949585
2030-02-20 15:00:00,112469.32759415243,150270.37577640865,167729.21063570684,6400.009999605735
2030-02-20 16:00:00,111129.9921737818,148468.78469184277,159244.5669576103,4563.20068113773
2030-02-20 17:00:00,109790.656753409,146667.1936072589,150759.92327951317,3068.970597850986
2030-02-20 18:00:00,108451.32133303766,144865.60252268397,142275.27960141675,1699.3358366389857
2030-02-20 19:00:00,107111.98591266715,143064.0114381135,133790.63592332086,6.082132131268736e-08
2030-02-20 20:00:00,106586.3413732779,144582.55746792458,125305.99224537754,1.4464217201748397e-07
2030-02-20 21:00:00,107134.1044961428,146101.10349789876,117802.31987118247,9.398808295717783e-07
2030-02-20 22:00:00,107953.60300875762,147619.64952787728,113143.90128951936,9.615436687430406e-07
2030-02-20 23:00:00,109201.99554650576,149138.19555785798,113071.0958520166,3.277379862380588e-07
2030-02-21 00:00:00,110481.85472352064,150656.7415878776,114900.56120193271,1702.4367425099965
2030-02-21 01:00:00,111761.71390053342,152175.28761789107,117899.39737586475,3135.6906665639526
2030-02-21 02:00:00,113041.57307754646,153693.8336479051,120696.66689260455,4590.175605266093
2030-02-21 03:00:00,114321.43225455892,155212.3796779192,122586.2985352909,6218.675978107739
2030-02-21 04:00:00,115601.29143157159,156730.9257079383,122690.4890835923,6400.009999544342
2030-02-21 05:00:00,116468.6568812546,158249.47173791553,120137.0271137852,4505.328372450669
2030-02-21 06:00:00,117190.58665478839,159768.01776789295,114252.16688983719,2218.285219824155
2030-02-21 07:00:00,117993.49893435267,161286.5637978704,110513.6407528216,4.803587216883898e-08
2030-02-21 08:00:00,119273.3581115279,162805.1098279293,116935.66755271971,91.69280706609652
2030-02-21 09:00:00,120553.21728870281,164323.6558579836,123357.69435261957,1467.2342536837477
2030-02-21 10:00:00,121833.07646587818,165842.20188803834,129779.721152519,2424.945039784303
2030-02-21 11:00:00,123112.93564305396,167360.74791809352,136201.74795241823,3244.322447868923
2030-02-21 12:00:00,124392.79482023043,168879.2939481532,142623.77475231787,4025.213598134343
2030-02-21 13:00:00,125672.65399740604,170397.8399782078,149045.8015522202,5069.0328622542065
2030-02-21 14:00:00,126952.51317458123,171916.38600826229,155467.8283521207,6400.009999941749
2030-02-21 15:00:00,128232.37235159171,173434.93203827544,159333.39689318003,6400.009999746413
2030-02-21 16:00:00,128878.43919330201,174953.47806825908,152234.24519053267,5528.2048210516405
2030-02-21 17:00:00,129335.75556584891,176472.02409822994,144336.35748316505,4747.7906722992475
2030-02-21 18:00:00,129823.04894459448,177990.57012820264,136508.72186435896,4175.275056277019
2030-02-21 19:00:00,130389.46034797872,179509.11615817845,129194.86501609244,3741.9104206366633
2030-02-21 20:00:00,131033.37553526736,181027.66218816233,121987.68998294912,3343.979706190525
2030-02-21 21:00:00,131672.71798212524,182546.20821813899,114912.97624973957,2973.059615520249
2030-02-21 22:00:00,132386.09736771026,184064.7542481167,108120.31343085118,2622.4627127813233
2030-02-21 23:00:00,133288.3782828812,185583.30027809556,104795.29391853484,2329.2708467003085
2030-02-22 00:00:00,134568.2374597925,187101.8463081048,104795.29391861985,2478.0857116362176
2030-02-22 01:00:00,135848.09663670228,188620.39233810746,104795.29391872663,3066.038730777543
2030-02-22 02:00:00,137127.95581361078,190138.93836811054,104795.29391881818,3215.5895132690516
2030-02-22 03:00:00,138125.54862918545,191657.4843980895,103446.00874463894,2939.75134176445
2030-02-22 04:00:00,138956.46620595318,193176.03042807395,97240.83266896568,2563.5608693097242
2030-02-22 05:00:00,139514.316842652,194694.57645804933,89643.74785087243,2000.214657794637
2030-02-22 06:00:00,140002.38888523725,196213.12248802226,81752.04427595857,1173.7766091272188
2030-02-22 07:00:00,140555.20913087483,197731.66851799766,74247.49649648821,2.5435952011321206e-07
2030-02-22 08:00:00,141835.0683078872,199250.21454801623,76440.10576972396,5.72756562178256e-08
2030-02-22 09:00:00,143114.92748506228,200768.76057807042,82862.13256962365,1351.7485926220338
2030-02-22 10:00:00,144394.78666223775,202287.30660812507,89284.15936952281,2178.739831109017
2030-02-22 11:00:00,145674.64583941386,203805.85263818025,95706.18616942159,2888.306134133251
2030-02-22 12:00:00,146954.5050165908,205324.39866824017,102128.21296932075,3491.168247009936
2030-02-22 13:00:00,148234.36419376693,206842.94469829503,108550.23976922265,4262.8586328160745
2030-02-22 14:00:00,149514.22337094278,208361.49072834986,114972.2665691232,5310.209823226785
2030-02-22 15:00:00,150794.08254811753,209880.0367584042,121394.29336902224,6400.0099999363465
2030-02-22 16:00:00,152073.94172512763,211398.582788422,122039.40036476502,4672.272092650219
2030-02-22 17:00:00,153019.00376888152,212917.1288183976,120238.45397232832,1194.022092958889
2030-02-22 18:00:00,154298.86294588822,214435.6748484094,121691.08648006685,6.655624291294834e-08
2030-02-22 19:00:00,155578.72212306195,215954.22087846312,128113.1132799659,270.05433316032156
2030-02-22 20:00:00,156858.58130023786,217472.7669085225,134535.14007986523,1347.9424453628603
2030-02-22 21:00:00,158138.44047741292,218991.31293857686,140957.16687976447,2053.0524031701425
2030-02-22 22:00:00,159418.2996545886,220509.85896863186,147379.19367966318,2558.8252598294994
2030-02-22 23:00:00,160698.15883176474,222028.40499868736,153801.22047956174,2850.8656830747996
2030-02-23 00:00:00,161978.018008942,223546.95102874775,160223.24727946092,3027.130805897477
2030-02-23 01:00:00,163257.87718611857,225065.49705880316,166645.27407936277,3127.4486700218486
2030-02-23 02:00:00,164537.73636329532,226584.0430888588,173067.30087926335,3230.7103238081954
2030-02-23 03:00:00,165817.59554047207,228102.58911891465,179489.32767916296,3348.5261692941085
2030-02-23 04:00:00,167097.4547176493,229621.13514897478,185911.35447906153,3407.8584596627907
2030-02-23 05:00:00,168377.31389482503,231139.68117902972,192333.3812789598,3467.408236223606
2030-02-23 06:00:00,169657.17307200044,232658.22720908452,198755.40807885863,3485.9368084869416
2030-02-23 07:00:00,170937.0322491757,234176.7732391391,205177.43487875944,3475.19220652684
2030-02-23 08:00:00,172216.89142635185,235695.31926919843,211599.46167865887,3474.4579063194114
2030-02-23 09:00:00,173496.75060352674,237213.86529925253,218021.4884785579,3593.749365920499
2030-02-23 10:00:00,174776.6097807011,238732.41132930634,224443.5152784563,2990.638225050374
2030-02-23 11:00:00,176056.46895787623,240250.95735936073,230865.54207835475,3182.4725985826544
2030-02-23 12:00:00,177336.32813505217,241769.50338941987,237287.56887825354,3419.169642654254
2030-02-23 13:00:00,178616.18731222738,243288.04941947386,243709.5956781545,3773.5732310226513
2030-02-23 14:00:00,179896.0464894026,244806.595449528,250131.62247805425,4254.159655829863
2030-02-23 15:00:00,181175.90566657734,246325.14147958203,256553.64927795297,4446.583204052406
2030-02-23 16:00:00,182455.76484375235,247843.6875096406,262975.6760778493,3069.5679613915286
2030-02-23 17:00:00,183735.6240209261,249362.2335396939,269397.70287774596,1947.6885686389485
2030-02-23 18:00:00,185015.48319810058,250880.77956974777,275819.72967764444,2136.3147708479087
2030-02-23 19:00:00,186295.34237527577,252399.3255998022,282241.7564775451,2409.212696260798
2030-02-23 20:00:00,187575.20155245237,253917.8716298618,288663.78327744454,2615.3955341506517
2030-02-23 21:00:00,188855.060729628,255436.41765991636,295085.8100773437,2817.3528715562134
2030-02-23 22:00:00,190134.91990680396,256954.9636899714,301507.8368772423,2954.320431651089
2030-02-23 23:00:00,191414.7790839803,258473.50972002692,307929.86367714085,3047.5805215422592
2030-02-24 00:00:00,192694.6382611577,259992.05575008725,314351.89047703985,3116.4194665180685
2030-02-24 01:00:00,193974.49743833437,261510.6017801427,320773.9172769415,3144.116810824356
2030-02-24 02:00:00,195254.35661551123,263029.1478101984,327195.94407684193,3182.675585215793
2030-02-24 03:00:00,196534.21579268813,264547.6938402543,333617.9708767417,3233.9080611951467
2030-02-24 04:00:00,197814.07496986559,266066.2398703147,340039.9976766405,3236.636585699272
2030-02-24 05:00:00,199093.93414704187,267584.7859003701,346462.0244765392,3312.748256661012
2030-02-24 06:00:00,200373.79332421778,269103.33193042537,352884.05127643846,3294.1520936810607
2030-02-24 07:00:00,201653.65250139363,270621.8779604805,359306.07807633973,3219.9917911493762
2030-02-24 08:00:00,202933.51167857044,272140.42399054044,365728.10487623955,3135.993723223711
2030-02-24 09:00:00,204213.37085574624,273658.97002059536,372150.13167613884,3198.1378210637636
2030-02-24 10:00:00,205493.2300329219,275177.5160506503,378572.1584760377,3174.7193721640397
2030-02-24 11:00:00,206773.0892100979,276696.0620807055,384994.1852759363,3200.8484842398384
2030-02-24 12:00:00,208052.94838727472,278214.6081107654,391416.2120758354,3207.3768765577074
2030-02-24 13:00:00,209332.80756445095,279733.1541408203,397838.2388757369,3250.549315898067
2030-02-24 14:00:00,210612.6667416272,281251.7001708755,404260.2656756372,3312.7969803679516
2030-02-24 15:00:00,211892.52591880332,282770.24620093073,410682.29247553664,3322.6087898012674
2030-02-24 16:00:00,213172.38509597993,284288.7922309903,417104.3192754353,3211.78080432319
2030-02-24 17:00:00,214452.2442731555,285807.33826104493,423526.3460753339,3181.3648888896805
2030-02-24 18:00:00,215732.10345033123,287325.8842910998,429948.3728752332,3186.994085416483
2030-02-24 19:00:00,217011.96262750746,288844.43032115494,436370.39967513457,3170.2462888247946
2030-02-24 20:00:00,218291.82180468476,290362.9763512149,442792.4264750346,3137.1398377714686
2030-02-24 21:00:00,219571.6809818611,291881.52238126996,449214.4532749344,3207.5925291769545
2030-02-24 22:00:00,220851.5401590375,293400.0684113252,455636.48007483355,3225.3643202244166
2030-02-24 23:00:00,222131.3993362142,294918.6144413808,462058.5068747326,3307.856616918584
2030-02-25 00:00:00,223411.25851339148,296437.16047144076,468480.5336746322,3301.5497293396115
2030-02-25 01:00:00,224691.11769056795,297955.7065014958,474902.560474534,3326.724205121049
2030-02-25 02:00:00,225970.97686774438,299474.252531551,481324.5872744347,3331.248958246687
2030-02-25 03:00:00,227250.83604492084,300992.79856160627,487746.6140743348,3346.8963437408092
2030-02-25 04:00:00,228530.695222098,302511.3445916662,494168.6408742344,3360.0700124562472
2030-02-25 05:00:00,229810.5543992741,304029.89062172116,500590.667674134,3418.453374812114
2030-02-25 06:00:00,231090.41357644997,305548.43665177614,507012.6944740344,3351.1175182428015
2030-02-25 07:00:00,232370.27275362582,307066.98268183105,513434.72127393645,3017.9342565109446
2030-02-25 08:00:00,233650.13193080286,308585.5287118909,519856.7480738374,2911.8384855964896
2030-02-25 09:00:00,234929.99110797897,310104.0747419459,526278.7748737382,2944.486978876238
2030-02-25 10:00:00,236209.85028515532,311622.62077200104,532700.8016736384,2988.3310000175993
2030-02-25 11:00:00,237489.7094623322,313141.16680205683,539122.8284735385,3129.0791833603807
2030-02-25 12:00:00,238769.56863951,314659.71283211716,545544.8552734392,3250.788009638763
2030-02-25 13:00:00,240049.42781668727,316178.2588621728,551966.8820733423,3438.1726031908875
2030-02-25 14:00:00,241329.28699386443,317696.8048922286,558388.9088732444,3666.2566084701407
2030-02-25 15:00:00,242609.14617104136,319215.35092228436,564810.9356731457,3875.685608529713
2030-02-25 16:00:00,243889.00534821855,320733.8969523444,571232.9624730464,3826.5061428545914
2030-02-25 17:00:00,245168.86452539425,322252.4429823993,577654.9892729467,3329.5418924125543
2030-02-25 18:00:00,246448.72370257025,323770.98901245446,584077.016072848,3335.9712149782417
2030-02-25 19:00:00,247728.58287974674,325289.53504251,590499.0428727515,3671.546245589306
2030-02-25 20:00:00,249008.44205692437,326808.08107257023,596921.0696726537,4247.714949391018
2030-02-25 21:00:00,250288.3012341009,328326.6271026256,603343.0964725555,4930.851642126599
2030-02-25 22:00:00,251568.16041127723,329845.173132681,609765.1232724563,5312.621908060038
2030-02-25 23:00:00,252848.0195884539,331363.71916273667,616187.1500723569,6400.009999938587
2030-02-26 00:00:00,254019.2910878435,332854.4819700027,622329.2924865047,6400.0099987579
2030-02-26 01:00:00,255190.56258723102,334345.2447772631,626602.093113577,6400.0099987507065
2030-02-26 02:00:00,256361.8340866183,335836.00758452364,629879.7889977633,6400.009999756121
2030-02-26 03:00:00,257487.4389852525,337326.770391751,629879.7889977118,6400.009999371174
2030-02-26 04:00:00,258578.02197791537,338817.53319898265,629879.7889982989,6400.0099999516315
2030-02-26 05:00:00,257297.76551838097,337660.06742297043,629879.7889976398,6400.009999629376
2030-02-26 06:00:00,255849.84242059002,335830.69311565283,622470.4999564715,5251.250921510494
2030-02-26 07:00:00,254401.91932279436,334001.318808331,614753.085160692,3914.1628250064373
2030-02-26 08:00:00,252953.9962250116,332171.94450102356,607475.4162632363,3117.6897986383146
2030-02-26 09:00:00,251506.0731272236,330342.57019370614,605304.6654477408,2686.538271928792
2030-02-26 10:00:00,250058.15002943066,328513.1958863875,597685.0199089926,1409.2595603022862
2030-02-26 11:00:00,248610.22693164373,326683.82157907466,592729.4796872584,512.0283993873536
2030-02-26 12:00:00,248219.3491904286,326202.4425035139,592729.4796871223,512.0284000032184
2030-02-26 13:00:00,248262.23069014403,326262.8383109266,595070.3959858592,3456.0191997228403
2030-02-26 14:00:00,248305.1121898598,326323.23411834147,596181.3952664086,6400.009999443045
2030-02-26 15:00:00,246857.18909207726,324493.8598110315,589631.299346222,6400.009999025529
2030-02-26 16:00:00,245409.26599429135,322664.48550372105,582167.5877111161,6400.009998829721
2030-02-26 17:00:00,243961.34289648812,320835.1111963933,574710.3321335133,6400.00999874584
2030-02-26 18:00:00,242513.41979868777,319005.736889069,567399.5343455392,6400.009998752191
2030-02-26 19:00:00,241065.4967008875,317176.3625817451,560288.58488127,6400.009998853141
2030-02-26 20:00:00,239617.57360310105,315346.9882744388,553222.6682120372,6400.009999107415
2030-02-26 21:00:00,238169.65050531027,313517.6139671254,545123.7572899178,6400.009999998362
2030-02-26 22:00:00,236721.72740724377,311688.2396595335,536639.1136117586,5857.8676635321635
2030-02-26 23:00:00,235273.80430917727,309858.8653519416,528154.4699335992,5206.669652465488
2030-02-27 00:00:00,233825.8812111146,308029.49104435346,519669.82625543996,4710.850786545706
2030-02-27 01:00:00,232377.9581130482,306200.1167367615,511185.18257728085,4384.49211142169
2030-02-27 02:00:00,230930.03501498175,304370.74242916965,502700.53889912175,4031.7739302415175
2030-02-27 03:00:00,229482.11191691528,302541.36812157766,494215.89522096264,3541.1952009251445
2030-02-27 04:00:00,228034.1888188525,300711.99381398957,485731.2515428034,2948.576303820759
2030-02-27 05:00:00,226586.26572078594,298882.6195063975,477246.60786464415,2272.5142635617985
2030-02-27 06:00:00,225138.34262271936,297053.24519880547,468761.96418648487,1444.1912605252412
2030-02-27 07:00:00,223690.4195246528,295223.8708912135,460277.3205083257,1.1987140169367194e-09
2030-02-27 08:00:00,222242.49642687646,293394.4965839242,452372.5421969166,1.2451705515559297e-06
2030-02-27 09:00:00,220794.57332907908,291565.1222766003,445477.4985950904,1.7286405566662533e-06
2030-02-27 10:00:00,219346.65023129294,289735.7479692865,438494.1313982896,2.0378789087396352e-06
2030-02-27 11:00:00,217898.72713351485,287906.3736619799,432238.9845568776,2.2512701780871855e-06
2030-02-27 12:00:00,216450.8040357452,286076.99935468496,427476.317108904,2.3932455560863142e-06
2030-02-27 13:00:00,215002.88093796666,284247.62504737545,423147.7043130847,2.4825348233197043e-06
2030-02-27 14:00:00,213554.95784018486,282418.2507400651,416654.3051574974,2.527054799477012e-06
2030-02-27 15:00:00,212107.03474239478,280588.87643274927,409680.2863605834,2.5240490598027713e-06
2030-02-27 16:00:00,210659.11164460564,278759.50212543685,402565.35055880074,2.4754019406021336e-06
2030-02-27 17:00:00,209211.18854680585,276930.1278181112,395432.2731891217,2.3828428123465523e-06
2030-02-27 18:00:00,207763.26544901158,275100.7535107914,388439.168537074,2.241551608990748e-06
2030-02-27 19:00:00,206315.34235122186,273271.37920347607,381710.4595569979,2.0275601000408663e-06
2030-02-27 20:00:00,204867.41925344695,271442.0048961773,375152.53045473725,1.71840240319901e-06
2030-02-27 21:00:00,203419.49615566133,269612.63058886526,369420.7677828419,1.2318683048207794e-06
2030-02-27 22:00:00,201971.57305787978,267783.25628155534,368155.01505307626,1.104270277250415e-07
2030-02-27 23:00:00,202014.45455758568,267843.6520889696,369710.51156483736,7.681983659889487e-08
2030-02-28 00:00:00,203185.72605710072,269334.4148961984,376132.5383647416,18.51199612136972
2030-02-28 01:00:00,204356.9975566162,270825.17770342727,382554.56516465126,1466.9518448285746
2030-02-28 02:00:00,205528.26905613235,272315.94051065744,388976.59196456,2710.799770728567
2030-02-28 03:00:00,206699.54055564848,273806.7033178877,395398.61876446806,3858.2172067925744
2030-02-28 04:00:00,207870.81205516853,275297.4661251226,401820.6455643754,4870.554488065476
2030-02-28 05:00:00,209042.08355463008,276788.22893229563,408242.6723642555,4275.123337274554
2030-02-28 06:00:00,210213.3550540921,278278.9917394692,414664.6991641355,2319.981392537378
2030-02-28 07:00:00,211384.6265535532,279769.75454664126,421086.72596401814,9.168070391751826e-07
2030-02-28 08:00:00,212555.89805307152,281260.51735387417,427508.7527639263,1.4485567589872517e-06
2030-02-28 09:00:00,213727.1695525856,282751.28016110155,433930.77956383425,1.5393874776045878e-06
2030-02-28 10:00:00,214898.44105209876,284242.0429683281,440352.80636374204,1.2655774071246402e-06
2030-02-28 11:00:00,216069.71255161258,285732.8057755559,446774.83316364966,4.777146929361692e-08
2030-02-28 12:00:00,217240.98405120228,287223.56858286116,453196.859963607,1899.198303134671
2030-02-28 13:00:00,218412.25555078802,288714.33139016177,459618.88676356507,4258.187443160305
2030-02-28 14:00:00,219583.5270503738,290205.09419746255,466040.91356352274,6400.00999995074
2030-02-28 15:00:00,220754.79854988822,291695.8570046908,472462.9403634307,5571.28065386333
2030-02-28 16:00:00,221926.07004940664,293186.61981192377,478884.9671633379,3661.497020832865
2030-02-28 17:00:00,223097.34154891953,294677.38261915,485306.99396324507,1832.830208918719
2030-02-28 18:00:00,224268.61304843356,296168.1454263778,491729.0207631525,5.018011058911643e-08
2030-02-28 19:00:00,225439.88454801936,297658.90823367884,498151.0475631102,478.02891338788356
2030-02-28 20:00:00,226611.1560476097,299149.67104098486,504573.0743630678,3108.0093027657185
2030-02-28 21:00:00,227782.42754719593,300640.4338482863,510995.10116302536,5770.980145655852
2030-02-28 22:00:00,228953.69904678196,302131.19665558747,517417.1279629823,5125.358001626847
2030-02-28 23:00:00,230124.97054636828,303621.9594628891,523839.1547629392,5884.617527269844
2030-03-01 00:00:00,231296.24204595867,305112.72227019526,530261.1815628964,6400.009999952864
2030-03-01 01:00:00,232467.51354547538,306603.48507742543,536683.2083628058,6400.009999411317
2030-03-01 02:00:00,233638.78504499132,308094.2478846546,543105.2351627139,6400.009999932107
2030-03-01 03:00:00,233681.66654470089,308154.6436920705,546227.0657732855,6400.00999988242
2030-03-01 04:00:00,232233.7434469323,306325.2693847753,543830.6389040677,6202.9997803264305
2030-03-01 05:00:00,230785.82034914658,304495.8950774627,537639.9699824945,6082.891455822155
2030-03-01 06:00:00,229337.8972513562,302666.52077014523,531419.335843869,5987.530559267247
2030-03-01 07:00:00,227889.97415355837,300837.1464628203,525260.4933259233,5907.709382708802
2030-03-01 08:00:00,226442.05105577063,299007.77215550706,519105.9849613214,5837.3670074247975
2030-03-01 09:00:00,224994.12795797363,297178.3978481813,512869.54278062866,5773.602238900747
2030-03-01 10:00:00,223546.20486017113,295349.0235408518,506407.2845220816,5712.034172981673
2030-03-01 11:00:00,222098.28176237317,293519.6492335263,500097.5772624953,5654.775316060669
2030-03-01 12:00:00,220650.35866458778,291690.27492621506,494097.62779698835,5600.359587963024
2030-03-01 13:00:00,219202.4355667983,289860.90061889426,488486.16053431696,5547.897400501229
2030-03-01 14:00:00,217754.51246900874,288031.5263115747,482749.9990541109,5497.000451922409
2030-03-01 15:00:00,216306.58937121238,286202.15200425044,476831.3073640288,5445.515151907014
2030-03-01 16:00:00,214858.66627342394,284372.7776969396,469809.6136174685,5396.791763280879
2030-03-01 17:00:00,213410.7431756258,282543.4033896173,462394.3408771551,5348.868580168446
2030-03-01 18:00:00,211962.82007782807,280714.02908229333,456393.38507423946,5302.81662233457
2030-03-01 19:00:00,210514.89698003425,278884.65477497247,450917.452813077,5255.877524253704
2030-03-01 20:00:00,209066.97388225782,277055.2804676695,445569.79713681835,5211.874741671572
2030-03-01 21:00:00,207619.05078447197,275225.90616035595,440203.27729979367,5169.3663801881585
2030-03-01 22:00:00,206171.12768668574,273396.53185304307,434698.9350960034,5126.9360484105855
2030-03-01 23:00:00,204723.20458890556,271567.1575457358,429357.44842688576,5085.536089190377
2030-03-02 00:00:00,203275.28149113737,269737.7832384438,424400.4827191631,5044.699554203448
2030-03-02 01:00:00,201827.35839336214,267908.40893113846,419982.5916827009,5003.791497733737
2030-03-02 02:00:00,200379.43529558933,266079.0346238373,415659.5429321483,4963.929611065561
2030-03-02 03:00:00,198931.51219781558,264249.6603165362,411052.4053375816,4924.310001574279
2030-03-02 04:00:00,197483.5891000462,262420.28600924223,406035.96565397363,4884.592899518201
2030-03-02 05:00:00,196035.66600225668,260590.91170192685,400656.9799817942,4844.415619664217
2030-03-02 06:00:00,194587.74290446038,258761.53739460587,395095.07031033793,4803.464025150232
2030-03-02 07:00:00,193139.81980665904,256932.16308727994,389650.9133480742,4760.854705190824
2030-03-02 08:00:00,191691.8967088744,255102.78877997136,384476.5303666061,4720.388297616225
2030-03-02 09:00:00,190243.9736110861,253273.4144726563,379496.1207512827,4680.724652428236
2030-03-02 10:00:00,188796.05051330326,251444.04016534743,374797.8408485332,4641.705161494346
2030-03-02 11:00:00,187348.1274155273,249614.66585804566,372299.02558786055,4604.473658239836
2030-03-02 12:00:00,187343.0198207528,249538.19566977074,372299.02558772155,4604.473662613391
2030-03-02 13:00:00,187385.90132007748,249598.59147510017,372299.0255877655,6400.009998169772
2030-03-02 14:00:00,186238.15692568105,247909.97007265835,372299.0255876549,6400.009998393044
2030-03-02 15:00:00,184790.23382790192,246080.59576535207,367911.73397289176,6400.009997664895
2030-03-02 16:00:00,183342.31073011566,244251.22145804216,362603.11166063277,6400.009997167237
2030-03-02 17:00:00,181894.38763231295,242421.84715071556,355892.43375835894,6400.009996789351
2030-03-02 18:00:00,180446.46453451176,240592.47284339013,349843.36592204706,6400.009996497031
2030-03-02 19:00:00,178998.54143671037,238763.09853606357,344541.30327173596,6400.009996254585
2030-03-02 20:00:00,177550.61833892524,236933.7242287543,339465.15536088817,6400.009996063012
2030-03-02 21:00:00,176102.69524113514,235104.34992143654,334434.2489080939,6400.009995912125
2030-03-02 22:00:00,174654.77214334815,233274.975614123,329395.4949274891,6400.009995793201
2030-03-02 23:00:00,173206.84904556567,231445.60130681426,324474.1179820134,6400.009995704159
2030-03-03 00:00:00,171758.9259477951,229616.22699951997,319793.7585530952,6400.009995641127
2030-03-03 01:00:00,170311.00285001704,227786.85269221244,315645.98143635,6400.0099956030435
2030-03-03 02:00:00,168863.07975224018,225957.47838490712,311283.70638585923,6400.009995590087
2030-03-03 03:00:00,167415.15665446277,224128.1040776025,306696.7536785437,6400.009995601384
2030-03-03 04:00:00,165967.23355669263,222298.7297703081,301941.4575059902,6400.009995637347
2030-03-03 05:00:00,164519.3104589073,220469.3554629965,296984.67357242666,6400.009995699718
2030-03-03 06:00:00,163071.3873611164,218639.98115568023,291850.71655355854,6400.00999578502
2030-03-03 07:00:00,161623.46426331875,216810.60684835722,286800.7522721334,6400.00999589153
2030-03-03 08:00:00,160175.54116553397,214981.23254104835,281775.76553652866,6400.009996032628
2030-03-03 09:00:00,158727.61806774826,213151.85823373563,277014.09679737693,6400.009996220287
2030-03-03 10:00:00,157279.69496996686,211322.48392642708,272305.5790696781,6400.009996452688
2030-03-03 11:00:00,155831.77187219108,209493.10961912436,267909.4712666278,6400.009996743025
2030-03-03 12:00:00,154383.84877442397,207663.7353118331,264009.24184082035,6400.009997109059
2030-03-03 13:00:00,152935.92567664906,205834.36100452748,260288.2789078756,6400.0099975999965
2030-03-03 14:00:00,151488.00257886958,204004.98669721847,255796.71360107086,6400.009998326123
2030-03-03 15:00:00,150040.0794810789,202175.61238990136,250981.82718253022,6400.009999998963
2030-03-03 16:00:00,148592.15638301603,200346.2380823131,242497.18350437103,4745.758073701828
2030-03-03 17:00:00,147144.23328494938,198516.86377472087,234012.53982621184,1868.1878183082758
2030-03-03 18:00:00,145696.31018688277,196687.4894671287,225527.89614805268,1.4885499427317627e-09
2030-03-03 19:00:00,144248.3870890846,194858.11515980642,219509.2358307677,6.313108813980985e-07
2030-03-03 20:00:00,142800.46399129886,193028.74085249682,214569.47352956713,7.832401502348088e-07
2030-03-03 21:00:00,141352.54089351138,191199.36654518047,209633.2004472349,7.873287820514025e-07
2030-03-03 22:00:00,139904.61779573106,189369.992237872,205049.49520173768,6.480973897023643e-07
2030-03-03 23:00:00,138456.69469795574,187540.61793057036,203549.69996457052,1.5866361044175072e-07
2030-03-04 00:00:00,138499.576197675,187601.01373800254,204087.20726345896,167.3380454181662
2030-03-04 01:00:00,138542.45769738208,187661.4095454156,205704.49505797372,251.22545428803278
2030-03-04 02:00:00,138585.3391970883,187721.80535283146,206015.2088794691,306.5747885589615
2030-03-04 03:00:00,138628.22069678712,187782.2011602397,206072.18233567156,335.9845714012484
2030-03-04 04:00:00,138671.10219650224,187842.59696767133,206755.37086463397,383.59049641558835
2030-03-04 05:00:00,138713.9836962041,187902.99277508399,207457.33222561097,429.11709046219755
2030-03-04 06:00:00,137457.87679640413,186170.62080421377,207457.33222550954,3.027156515603294e-07
2030-03-04 07:00:00,137500.75829609993,186231.01661162285,208525.4792956427,2.5435109611963737e-07
2030-03-04 08:00:00,138469.88206917423,186643.783274285,214947.5060953519,8.741663172100586e-08
2030-03-04 09:00:00,139641.15356868925,188134.54608151445,221369.5328952602,4.274774565390579e-08
2030-03-04 10:00:00,140812.42506827557,189625.3088888163,227791.55969521767,1282.3799227722984
2030-03-04 11:00:00,141983.69656786224,191116.07169611866,234213.58649517488,2735.788055499072
2030-03-04 12:00:00,143154.9680674529,192606.83450342537,240635.61329513232,4102.125880363385
2030-03-04 13:00:00,144326.23956703956,194097.5973107275,247057.64009509046,5620.166575007761
2030-03-04 14:00:00,145497.51106662588,195588.3601180293,253479.6668950483,6400.0099999722015
2030-03-04 15:00:00,146619.64738027388,197001.98372574447,259901.69369476291,6400.009999923319
2030-03-04 16:00:00,145171.72428249507,195172.60941844422,259296.3500172889,6400.009998816136
2030-03-04 17:00:00,143723.80118470942,193343.2351111336,254946.4199612414,6400.009998348297
2030-03-04 18:00:00,142275.87808692508,191513.86080382657,251369.65669964903,6400.009998058795
2030-03-04 19:00:00,140827.95498914178,189684.4864965204,249330.29102038048,6400.009997865461
2030-03-04 20:00:00,139380.03189137095,187855.11218922774,247580.40445338745,6400.009997739425
2030-03-04 21:00:00,137932.10879359127,186025.73788192254,245511.07817989032,6400.009997669116
2030-03-04 22:00:00,136484.1856958139,184196.36357461975,242915.23435976967,6400.009997646691
2030-03-04 23:00:00,135036.26259803912,182366.98926731994,240798.690962752,6400.009997671263
2030-03-05 00:00:00,133555.45204823313,180515.9087850195,236403.31792086858,6400.009997738113
2030-03-05 01:00:00,132074.64149842013,178664.82830270598,232103.92941885503,6400.009997862956
2030-03-05 02:00:00,130593.83094860568,176813.74782039126,227161.330905508,6400.009998054471
2030-03-05 03:00:00,129113.02039878823,174962.66733807407,221901.7458144399,6400.009998342196
2030-03-05 04:00:00,127632.20984897138,173111.58685576054,216450.88441355198,6400.009998807054
2030-03-05 05:00:00,126151.39929914018,171260.5063734337,210140.33092577095,6400.009999979878
2030-03-05 06:00:00,124670.58874906099,169409.42589085788,201655.68724763906,3235.6078636193615
2030-03-05 07:00:00,123189.77819898158,167558.34540828175,193171.04356950734,1.9475919543765485e-08
2030-03-05 08:00:00,121708.96764916336,165707.264925973,185676.75608845236,1.1930628716072533e-06
2030-03-05 09:00:00,120228.15709933043,163856.18444364276,179371.5195947305,1.635188147140629e-06
2030-03-05 10:00:00,118747.34654949757,162005.1039613113,173537.97841554988,1.8950291603400447e-06
2030-03-05 11:00:00,117266.53599967122,160154.0234789857,167783.76429083155,2.0663384180587056e-06
2030-03-05 12:00:00,115785.7254498537,158302.94299667043,162149.05822085566,2.1708083997122417e-06
2030-03-05 13:00:00,114304.91490002799,156451.8625143428,156705.31699408128,2.221281240642781e-06
2030-03-05 14:00:00,112824.104350198,154600.7820320129,150971.1751999307,2.2203505850997307e-06
2030-03-05 15:00:00,111343.29380036185,152749.70154967965,144856.54314849796,2.1654884324691493e-06
2030-03-05 16:00:00,109862.4832505367,150898.62106736182,136768.86517861485,2.0716036739455944e-06
2030-03-05 17:00:00,108381.6727006993,149047.54058502868,129859.33702504405,1.9049417297215425e-06
2030-03-05 18:00:00,106900.86215087137,147196.46010270304,123980.6526836193,1.652427420328446e-06
2030-03-05 19:00:00,105420.05160104982,145345.37962038373,118629.45670683158,1.238810502508006e-06
2030-03-05 20:00:00,103939.24105124442,143494.29913808394,114982.14753487328,3.5808513182693293e-07
2030-03-05 21:00:00,103860.99010795014,143334.29003736982,114982.14753475146,1.5635540344299824e-07
2030-03-05 22:00:00,103870.98415561745,143372.9796697766,118495.60711383032,7.701505454688999e-08
2030-03-05 23:00:00,105009.36820309484,144842.03630199668,124917.63391373387,36.57789394798965
2030-03-06 00:00:00,106147.7522505787,146311.09293422484,131339.66071364106,1567.6301985402727
2030-03-06 01:00:00,107286.13629805807,147780.14956644707,137761.68751355025,2862.338395430359
2030-03-06 02:00:00,108424.5203455375,149249.20619866977,144183.7143134585,4200.931426537973
2030-03-06 03:00:00,109562.90439301652,150718.26283089243,150605.74111336604,5659.723613268859
2030-03-06 04:00:00,110701.28844049903,152187.31946311938,157027.76791327237,6400.009999845933
2030-03-06 05:00:00,111819.03817600071,153630.80014112295,163449.79471297885,3434.374932203294
2030-03-06 06:00:00,112801.9520781391,154258.48082022555,169871.82151267462,1.2329978565913686e-07
2030-03-06 07:00:00,113940.33612561537,155727.5374524456,176293.8483125839,4.316580776151117e-08
2030-03-06 08:00:00,115078.72017316887,157196.59408474382,182715.87511254125,343.52596011447946
2030-03-06 09:00:00,116217.10422071884,158665.65071703808,189137.90191249875,1700.8120518162634
2030-03-06 10:00:00,117355.48826826895,160134.7073493326,195559.92871245605,2593.9642103139586
2030-03-06 11:00:00,118493.87231581923,161603.76398162736,201981.9555124132,3530.679049210683
2030-03-06 12:00:00,119632.25636337342,163072.82061392625,208403.98231237053,4468.953161910759
2030-03-06 13:00:00,120770.64041092365,164541.87724622068,214826.00911232864,5713.91156073741
2030-03-06 14:00:00,121909.02445847352,166010.93387851477,221248.0359122864,6400.009999972358
2030-03-06 15:00:00,122664.59035790627,166251.17275202475,227670.0627119903,6400.009999924012
2030-03-06 16:00:00,121183.77980809067,164400.09226971676,221647.82432609738,6400.009998869511
2030-03-06 17:00:00,119702.96925825904,162549.0117873897,215168.35479346028,6400.009998422431
2030-03-06 18:00:00,118222.15870843087,160697.93130506604,208804.16282466883,6400.009998152526
2030-03-06 19:00:00,116741.34815860508,158846.85082274408,202752.7879717581,6400.009997976747
2030-03-06 20:00:00,115260.53760879398,156995.77034043797,196686.4207426917,6400.009997870618
2030-03-06 21:00:00,113779.7270589733,155144.689858119,190563.32516786232,6400.0099978208
2030-03-06 22:00:00,112298.91650915572,153293.6093758029,184394.11176792294,6400.0099978215585
2030-03-06 23:00:00,110818.10595933915,151442.52889348805,178102.3698880377,6400.009997871348
2030-03-07 00:00:00,109337.29540952833,149591.44841118107,171803.9230611234,6400.009997972205
2030-03-07 01:00:00,107856.48485970551,147740.3679288586,165596.32018520744,6400.009998141744
2030-03-07 02:00:00,106375.67430987975,145889.28744653444,159230.15891728946,6400.009998405789
2030-03-07 03:00:00,104894.86376004839,144038.20696420694,152845.3273496831,6400.009998842435
2030-03-07 04:00:00,103414.05321022654,142187.12648189618,145306.11854529206,6400.009999998775
2030-03-07 05:00:00,101933.24266012355,140336.04599929642,136821.4748671328,3223.9516827302655
2030-03-07 06:00:00,100452.43211002054,138484.96551669668,128336.83118897367,1.0365204525175447e-09
2030-03-07 07:00:00,98971.62156018915,136633.88503437402,120219.0805996236,4.347161626502735e-07
2030-03-07 08:00:00,97490.81101037057,134782.80455206227,113845.43334279595,4.399594841514876e-07
2030-03-07 09:00:00,96010.00046055463,132931.7240697478,109599.5552012504,1.3923448375614866e-07
2030-03-07 10:00:00,96019.99450822615,132970.41370215933,115769.04535216794,300.82062753041913
2030-03-07 11:00:00,97158.37855570637,134439.47033438328,122191.07215207485,3244.8114274240797
2030-03-07 12:00:00,98198.3947425934,135475.9267011062,128613.09895178853,6188.802227075772
2030-03-07 13:00:00,98208.38879026132,135514.61633351177,131658.64651415858,6400.009999871031
2030-03-07 14:00:00,96727.57824044589,133663.53585119825,125673.18316138501,6400.00999970338
2030-03-07 15:00:00,95246.7676906176,131812.45536887497,119126.04561933363,6400.009999999017
2030-03-07 16:00:00,93765.95714051835,129961.37488627914,110641.40194117442,4407.255767031711
2030-03-07 17:00:00,92285.14659041534,128110.29440367938,102156.75826301517,1574.8082474708228
2030-03-07 18:00:00,90804.33604031237,126259.21392107967,93672.11458485598,1.645359584410205e-09
2030-03-07 19:00:00,89323.52549047605,124408.1334387501,86441.33540427854,1.148610448756178e-06
2030-03-07 20:00:00,87842.71494065123,122557.0529564326,79730.99273052692,1.5867980294597404e-06
2030-03-07 21:00:00,86361.90439081981,120705.9724741032,72810.4055471746,1.848864005465743e-06
2030-03-07 22:00:00,84881.09384099585,118854.8919917812,65822.19982200339,2.0206457539033878e-06
2030-03-07 23:00:00,83400.28329117574,117003.81150946308,58841.145367657475,2.1269989181498505e-06
2030-03-08 00:00:00,81919.47274136535,115152.73102715702,51886.08133621245,2.1769811178748187e-06
2030-03-08 01:00:00,80438.6621915446,113301.65054483764,45045.30401958468,2.1762526142354015e-06
2030-03-08 02:00:00,78957.8516417241,111450.57006251927,38068.656546787046,2.1274066102917023e-06
2030-03-08 03:00:00,77477.04109190154,109599.48958019995,30921.38304679676,2.0232270386845902e-06
2030-03-08 04:00:00,75996.23054208227,107748.40909788584,23614.171571773277,1.8504676038062716e-06
2030-03-08 05:00:00,74515.4199922465,105897.32861555509,16159.13871165543,1.581352108409662e-06
2030-03-08 06:00:00,73034.60944241093,104046.24813322542,8647.498577811031,1.1420523475560677e-06
2030-03-08 07:00:00,71553.79889258448,102195.16765090442,1279.2892111456986,7.60054403491053e-08
2030-03-08 08:00:00,71745.58067858467,102346.72585734517,7701.316010848713,2.7561168998234805e-08
2030-03-08 09:00:00,72883.96472613391,103815.78248963875,14123.342810805854,577.1253066246023
2030-03-08 10:00:00,74022.34877368368,105284.83912193302,20545.369610762908,1703.2918614887394
2030-03-08 11:00:00,75160.7328212338,106753.89575422776,26967.396410719644,2782.404768559549
2030-03-08 12:00:00,76299.11686878791,108222.95238652683,33389.423210676614,3761.2529404700267
2030-03-08 13:00:00,77437.50091633794,109692.00901882122,39811.450010634326,4911.785497347444
2030-03-08 14:00:00,78575.88496388782,111161.06565111555,46233.47681059177,6367.26802206228
2030-03-08 15:00:00,79714.26901143703,112630.12228340926,52655.5036105484,6400.0099999695285
2030-03-08 16:00:00,80242.05195837513,112857.03708719964,59077.53041023994,6372.422114422178
2030-03-08 17:00:00,80252.04600602292,112895.72671958664,63514.12623517177,2894.1721148814836
2030-03-08 18:00:00,80270.12838172929,112942.16617889528,69936.15303481436,1.5134622270192858e-07
2030-03-08 19:00:00,81408.51242920475,114411.2228111143,76358.17983472094,212.4305397240843
2030-03-08 20:00:00,82546.89647668644,115880.27944334062,82780.20663462664,1246.4280429394496
2030-03-08 21:00:00,83685.28052416348,117349.33607556083,89202.23343453223,2070.5511064152925
2030-03-08 22:00:00,84823.66457163982,118818.39270778053,95624.26023443717,2569.4191549674747
2030-03-08 23:00:00,85962.04861911693,120287.44934000142,102046.28703434196,3132.698954223339
2030-03-09 00:00:00,87100.43266659956,121756.50597222878,108468.3138342474,3820.6647056046095
2030-03-09 01:00:00,88238.81671407759,123225.56260444973,114890.34063415488,4549.380399962187
2030-03-09 02:00:00,89377.2007615554,124694.61923667087,121312.36743406097,5376.544757098069
2030-03-09 03:00:00,90515.58480903215,126163.6758688912,127734.39423396591,6400.009999903339
2030-03-09 04:00:00,90525.57885669905,126202.36550130027,134053.75595500242,6282.952450692164
2030-03-09 05:00:00,90535.57290434864,126241.05513368937,134654.37016912393,6163.7997195290845
2030-03-09 06:00:00,90288.98885433158,124760.51859913296,134654.37016897072,2685.54971976468
2030-03-09 07:00:00,90298.98290197577,124799.20823151752,134714.25586765425,7.843527782824822e-08
2030-03-09 08:00:00,91437.36694945619,126268.26486374297,141136.28266755966,4.267621989129111e-08
2030-03-09 09:00:00,92575.75099700557,127737.32149603672,147558.30946751658,2241.3509409534317
2030-03-09 10:00:00,93714.13504455429,129206.3781283299,153980.33626747277,566.1621073394913
2030-03-09 11:00:00,94852.51909210408,130675.43476062427,160402.36306742943,1963.349844362549
2030-03-09 12:00:00,95990.90313965804,132144.49139292314,166824.38986738617,3320.0409260865054
2030-03-09 13:00:00,97129.28718720813,133613.54802521755,173246.41666734367,4753.008069171941
2030-03-09 14:00:00,98267.67123475822,135082.60465751198,179668.44346730094,6400.009999957547
2030-03-09 15:00:00,99406.0552822368,136551.6612897342,186090.47026720693,6400.009999960309
2030-03-09 16:00:00,97925.24473241749,134700.58080741673,184668.0439768141,6060.405753313133
2030-03-09 17:00:00,96444.43418258261,132849.5003250861,176478.57968691693,5335.494850957178
2030-03-09 18:00:00,94963.62363274749,130998.4198427555,168295.7410253841,4837.606393274576
2030-03-09 19:00:00,93482.81308291251,129147.33936042452,160126.14580776356,4427.960600126348
2030-03-09 20:00:00,92002.0025330882,127296.25887810622,151952.6498090032,4060.296193837945
2030-03-09 21:00:00,90521.19198325524,125445.178395775,143769.80428715094,3717.6987350338745
2030-03-09 22:00:00,89040.38143342479,123594.09791344679,135583.19612240483,3389.5368243002113
2030-03-09 23:00:00,87559.57088359678,121743.01743112177,127395.90745626153,3066.488611502254
2030-03-10 00:00:00,86078.76033377877,119891.93694880801,119222.58386191633,2747.8928199494626
2030-03-10 01:00:00,84597.94978395246,118040.85646648235,111063.37008885755,2414.4881962584714
2030-03-10 02:00:00,83117.13923412614,116189.7759841582,102892.53278223454,2063.241472091107
2030-03-10 03:00:00,81636.32868430059,114338.6955018364,94716.14796124418,1685.6060696867078
2030-03-10 04:00:00,80155.51813448289,112487.61501952441,86537.4570815273,1255.7125736126181
2030-03-10 05:00:00,78674.70758465576,110636.53453720143,78362.0470444919,730.9143780564452
2030-03-10 06:00:00,77193.89703482899,108785.4540548801,70249.65945803733,1.164874144934761e-07
2030-03-10 07:00:00,77203.89108248297,108824.1436872758,74189.04771940841,2.5408162108661056e-08
2030-03-10 08:00:00,78342.27513003607,110293.20031957397,80611.07451936485,272.63342310450395
2030-03-10 09:00:00,79480.6591775855,111762.25695186797,87033.10131932175,1380.3550397221559
2030-03-10 10:00:00,80619.04322513535,113231.31358416245,93455.12811927813,2244.0295964985644
2030-03-10 11:00:00,81757.4272726854,114700.37021645722,99877.15491923435,2899.490262833964
2030-03-10 12:00:00,82895.81132023945,116169.42684875634,106299.18171919088,3454.1092354427988
2030-03-10 13:00:00,84034.1953677894,117638.48348105076,112721.20851914817,4139.26951648077
2030-03-10 14:00:00,85172.57941533922,119107.54011334518,119143.23531910505,5083.388027254492
2030-03-10 15:00:00,86310.96346288863,120576.59674563934,125565.26211906187,6400.00999995701
2030-03-10 16:00:00,87449.34751036865,122045.6533778648,131987.28891896614,6400.009999886271
2030-03-10 17:00:00,87459.34155801316,122084.34301024934,135938.8795657635,2921.760000284902
2030-03-10 18:00:00,88261.08638624426,122341.09996677768,142360.9063654436,1.379589702264668e-07
2030-03-10 19:00:00,89399.47043371816,123810.15659899553,148782.93316534942,9.240268968690878e-07
2030-03-10 20:00:00,90537.85448119858,125279.21323122122,155204.959965254,9.077747521799331e-07
2030-03-10 21:00:00,91676.23852867424,126748.26986344047,161626.98676515894,4.538655810587019e-08
2030-03-10 22:00:00,92814.62257622318,128217.32649573391,168049.0135651152,1129.5314055136896
2030-03-10 23:00:00,93953.00662377247,129686.38312802785,174471.0403650716,1977.7162697126385
2030-03-11 00:00:00,95091.39067132586,131155.43976032626,180893.06716502813,2566.193695920998
2030-03-11 01:00:00,96229.77471887525,132624.49639262,187315.0939649853,2892.6734548774048
2030-03-11 02:00:00,97368.1587664247,134093.55302491394,193737.12076494208,3087.9019395912937
2030-03-11 03:00:00,98506.54281397414,135562.60965720803,200159.14756489865,3215.271801105495
2030-03-11 04:00:00,99644.92686152762,137031.66628950642,206581.174364855,3300.698863041229
2030-03-11 05:00:00,100783.3109090768,138500.72292180013,213003.20116481135,3347.112000799946
2030-03-11 06:00:00,101921.6949566258,139969.7795540938,219425.2279647679,3106.2459886660886
2030-03-11 07:00:00,103060.0790041749,141438.83618638758,225847.25476472516,2878.50376159592
2030-03-11 08:00:00,104198.46305172832,142907.89281868597,232269.28156468182,2958.9001114865214
2030-03-11 09:00:00,105336.84709927751,144376.94945097965,238691.3083646383,3122.1412619187277
2030-03-11 10:00:00,106475.2311468267,145846.00608327342,245113.33516459467,3187.2616759306366
2030-03-11 11:00:00,107613.61519437605,147315.06271556744,251535.36196455083,3357.361434239405
2030-03-11 12:00:00,108751.99924192943,148784.11934786578,257957.3887645072,3543.3825623519383
2030-03-11 13:00:00,109890.38328947884,150253.17598015952,264379.4155644643,3959.0618059616345
2030-03-11 14:00:00,111028.76733702826,151722.23261245343,270801.44236442103,4658.625105704852
2030-03-11 15:00:00,112167.1513845775,153191.2892447473,277223.4691643777,5733.829801958861
2030-03-11 16:00:00,113305.53543213032,154660.34587704513,283645.4959643336,6400.009999948779
2030-03-11 17:00:00,114443.919479605,156129.40250926357,290067.5227642376,2932.0303679467156
2030-03-11 18:00:00,115582.30352708253,157598.45914148545,296489.549564144,5.800610436730702e-08
2030-03-11 19:00:00,116720.68757463095,159067.5157737785,302911.5763641007,443.76803887463336
2030-03-11 20:00:00,117859.07162218413,160536.57240607665,309333.6031640572,1377.1759726559603
2030-03-11 21:00:00,118997.45566973316,162005.6290383701,315755.6299640137,2005.5996933731647
2030-03-11 22:00:00,120135.83971728243,163474.68567066395,322177.6567639701,2494.5471331955714
2030-03-11 23:00:00,121274.22376483199,164943.74230295813,328599.6835639264,2998.2583716107592
2030-03-12 00:00:00,122412.60781238547,166416.8878319034,335021.710363883,3233.8252210887385
2030-03-12 01:00:00,123550.99185993502,167890.03336084416,341443.7371638402,3590.83942168841
2030-03-12 02:00:00,124689.37590748467,169363.1788897851,347865.7639637971,4202.747076862566
2030-03-12 03:00:00,125827.75995503433,170836.32441872612,354287.7907637536,5121.756611751213
2030-03-12 04:00:00,126966.14400258785,172309.4699476713,360709.81756370986,6400.009999952799
2030-03-12 05:00:00,128104.52805006402,173782.6154765383,367131.8443636152,6145.145539035078
2030-03-12 06:00:00,129242.91209753856,175255.76100540353,373553.8711635191,4100.155203412996
2030-03-12 07:00:00,130381.29614501221,176728.90653426744,379975.89796342416,2016.8206369972695
2030-03-12 08:00:00,131519.6801924928,178202.05206313962,386397.92476332915,348.9921212690856
2030-03-12 09:00:00,132658.06424004133,179675.19759207923,392819.9515632854,3292.982921174154
2030-03-12 10:00:00,133796.44828751654,181148.34312094466,399241.9783631896,152.52804794299436
2030-03-12 11:00:00,134934.8323349931,182621.48864981203,405664.0051630951,6.171614753618457e-08
2030-03-12 12:00:00,136073.2163825442,184094.63417875484,412086.03196305,2737.9123787013045
2030-03-12 13:00:00,137211.60043009318,185567.77970769478,418508.0587630071,5673.47245989701
2030-03-12 14:00:00,138349.98447764013,187040.9252366325,424930.08556296217,6400.00999994773
2030-03-12 15:00:00,139488.3685251155,188514.070765498,431352.11236286635,6400.009999933239
2030-03-12 16:00:00,139498.36257277464,188556.84929454676,432733.56124044897,6400.009999742473
2030-03-12 17:00:00,138017.55202290972,186709.857708831,432727.2029230169,2921.759999993703
2030-03-12 18:00:00,137948.11947650244,186604.3496667066,432727.2029228728,3.1361335428199813e-07
2030-03-12 19:00:00,137958.1135241523,186647.12819574264,435144.78367832146,2.504911049238506e-07
2030-03-12 20:00:00,138941.80927278317,187213.24874285792,441566.81047800987,1.0208660080172075e-07
2030-03-12 21:00:00,140080.1933202588,188686.3942717235,447988.83727791405,9.157541732752847e-07
2030-03-12 22:00:00,141218.57736773553,190159.53980059075,454410.8640778183,9.096944354367167e-07
2030-03-12 23:00:00,142356.96141521365,191632.68532945993,460832.890877723,4.703766081738712e-08
2030-03-13 00:00:00,143495.345462767,193105.8308584051,467254.91767767916,660.824426373089
2030-03-13 01:00:00,144633.72951031636,194578.97638734558,473676.9444776363,2470.3797237431
2030-03-13 02:00:00,145772.1135578658,196052.12191628627,480098.9712775931,4580.634391412789
2030-03-13 03:00:00,146910.49760541524,197525.26744522704,486520.99807754956,6400.009999951359
2030-03-13 04:00:00,148048.88165289792,198998.4129741015,492943.02487745456,5920.526538983047
2030-03-13 05:00:00,149187.2657003735,200471.55850296776,499365.0516773587,5496.426780673233
2030-03-13 06:00:00,150325.64974784877,201944.7040318336,505787.0784772617,2748.845753822176
2030-03-13 07:00:00,151464.03379532328,203417.84956069847,512209.10527716787,1478.450520707368
2030-03-13 08:00:00,152602.41784280434,204890.99508957128,518631.1320770735,1121.8707399832424
2030-03-13 09:00:00,153740.8018902807,206364.14061843813,525053.1588769796,800.7376192995114
2030-03-13 10:00:00,154879.1859377569,207837.28614730499,531475.1856768851,4.933667696604971e-08
2030-03-13 11:00:00,156017.5699853058,209310.43167624532,537897.2124768415,1270.3797926978746
2030-03-13 12:00:00,157155.95403285918,210783.5772051904,544319.2392767986,3103.2398380184054
2030-03-13 13:00:00,158294.3380804086,212256.7227341309,550741.2660767563,5011.1388820412885
2030-03-13 14:00:00,159432.72212795776,213729.8682630712,557163.2928767133,6400.009999956738
2030-03-13 15:00:00,160571.10617543463,215203.01379193863,563585.3196766193,6400.009999934326
2030-03-13 16:00:00,160581.10022309705,215245.79232099166,567660.4384065759,6400.009999752763
2030-03-13 17:00:00,159376.97129297588,213524.46615202504,567660.438406424,6136.445268900514
2030-03-13 18:00:00,158485.30580954227,211847.24978340455,567660.438406282,6019.7872262091305
2030-03-13 19:00:00,158495.2998571957,211890.02831244565,568151.3989676791,6070.279999139294
2030-03-13 20:00:00,158505.29390486324,211932.80684150438,568993.1754355462,6134.097509715591
2030-03-13 21:00:00,158515.2879527261,211975.58537072013,568996.9636707428,6138.307036115153
2030-03-13 22:00:00,157083.0654125682,210167.29782820036,568996.9636706391,5473.355931290582
2030-03-13 23:00:00,157093.05946022982,210210.07635725074,569144.5812690716,5559.070329018819
2030-03-14 00:00:00,157103.05350789955,210252.8548863136,571676.0384351892,5755.833856796564
2030-03-14 01:00:00,157113.04755556275,210295.6334153604,573820.0954287383,6014.356792411618
2030-03-14 02:00:00,157123.04160322805,210338.41194441143,574502.729419024,6400.009999793382
2030-03-14 03:00:00,155642.23105341726,208491.42035874582,574429.1827518264,6308.334798290705
2030-03-14 04:00:00,154161.4205036057,206644.42877308675,566901.942663668,5669.404606252418
2030-03-14 05:00:00,152680.60995377897,204797.4371874107,558788.4160947354,4297.076932690036
2030-03-14 06:00:00,151199.79940394865,202950.44560173224,550678.9729790573,3072.6747281559706
2030-03-14 07:00:00,149718.98885411842,201103.45401605373,542600.637218961,1834.9183757339156
2030-03-14 08:00:00,148238.1783043014,199256.46243039082,534552.2748045365,526.6003622262017
2030-03-14 09:00:00,146757.3677544744,197409.47084471336,531338.5510580083,1.2847795005654916e-07
2030-03-14 10:00:00,146767.36180213263,197452.24937375882,536634.689667432,2.258679222715408e-07
2030-03-14 11:00:00,147851.8995417372,198835.69126047916,543056.7164671331,1.1007182365574408e-07
2030-03-14 12:00:00,148990.28358921935,200308.83678935276,549478.7432670399,2207.567139043724
2030-03-14 13:00:00,150128.66763669756,201781.98231822051,555900.7700669488,4404.026989905056
2030-03-14 14:00:00,151267.05168417556,203255.12784708833,562322.7968668566,6400.00999992572
2030-03-14 15:00:00,151277.0457318363,203297.90637613664,566771.2822256827,6400.009999883441
2030-03-14 16:00:00,149796.23518202396,201450.91479047752,559680.2275262019,5914.547797704374
2030-03-14 17:00:00,148315.42463219637,199603.9232048009,551609.5668160192,5311.710359834058
2030-03-14 18:00:00,146834.61408237045,197756.93161912667,543558.0496923501,4881.339482362808
2030-03-14 19:00:00,145353.8035325445,195909.94003345218,535552.540914672,4517.443236249684
2030-03-14 20:00:00,143872.99298273216,194062.948447793,527535.25286171,4199.133682078647
2030-03-14 21:00:00,142392.1824329104,192215.95686212077,519515.29363235726,3907.648897708671
2030-03-14 22:00:00,140911.37188308957,190368.9652764508,511481.27635942434,3626.826792125187
2030-03-14 23:00:00,139430.56133327138,188521.973690784,503451.55629738484,3355.985235325168
2030-03-15 00:00:00,137949.75078346313,186674.9821051293,495969.55604518764,3157.095704930469
2030-03-15 01:00:00,136468.9402336459,184827.9905194606,488131.749648955,2913.666222264417
2030-03-15 02:00:00,134988.129683829,182980.9989337934,480188.27074114565,2650.5683153276304
2030-03-15 03:00:00,133507.3191340101,181134.00734812545,472182.36471592146,2362.4839063398545
2030-03-15 04:00:00,132026.50858419607,179287.0157624645,464152.8471316125,2048.495446823538
2030-03-15 05:00:00,130545.69803436504,177440.02417678497,456112.281668171,1696.8475368557074
2030-03-15 06:00:00,129064.88748452885,175593.03259110154,448079.4854388417,1278.3106161409562
2030-03-15 07:00:00,127584.07693469881,173746.0410054239,440090.89473610267,732.6711202642539
2030-03-15 08:00:00,126103.2663848895,171899.0494197691,432192.0299995667,5.183429721000721e-07
2030-03-15 09:00:00,125012.92706881512,170202.01118381618,432192.0299994445,3.6079495657759253e-07
2030-03-15 10:00:00,125022.92111647989,170244.78971286942,435102.3512015845,1337.3906492825377
2030-03-15 11:00:00,125032.91516414742,170287.5682419273,440828.8738768993,3267.702598613607
2030-03-15 12:00:00,125042.90921182075,170330.34677099608,446451.63711425394,4968.863992692395
2030-03-15 13:00:00,125052.90325948835,170373.12530004958,449779.54302318796,6400.009999857331
2030-03-15 14:00:00,123572.09270967255,168526.13371438306,449108.8398079399,6400.009999561378
2030-03-15 15:00:00,122091.28215985559,166679.14212871433,441131.42290924885,6400.009999580581
2030-03-15 16:00:00,120610.4716100412,164832.1505430592,433085.97264242964,6400.009999999015
2030-03-15 17:00:00,119129.6610599382,162985.1589571063,424601.32896427036,4974.966447457183
2030-03-15 18:00:00,117648.8505098352,161138.1673711534,416116.6852861111,4060.8284523235284
2030-03-15 19:00:00,116168.03995973221,159291.1757852005,407632.04160795186,3300.8049941697227
2030-03-15 20:00:00,114687.22940963297,157444.18419925153,399147.3979297927,2581.9240820193545
2030-03-15 21:00:00,113206.41885953004,155597.19261329863,390662.7542516336,1894.0940852865917
2030-03-15 22:00:00,111725.60830942712,153750.20102734579,382178.11057347455,1121.1911180094974
2030-03-15 23:00:00,110244.79775932421,151903.20944139297,373693.4668953156,60.54794487416382
2030-03-16 00:00:00,108763.98720922536,150056.21785544435,365208.82321715675,2273.307278182508
2030-03-16 01:00:00,107283.17665912281,148209.22626949183,356724.17953899794,4745.948634170621
2030-03-16 02:00:00,105802.36610902028,146362.23468353937,348239.5358608391,6351.907267866737
2030-03-16 03:00:00,104321.55555891737,144515.24309758653,339754.8921826801,5752.891337691837
2030-03-16 04:00:00,102840.74500881814,142668.25151163753,331270.24850452103,4183.567022470401
2030-03-16 05:00:00,101359.93445871513,140821.2599256846,322785.60482636176,2563.9843986611636
2030-03-16 06:00:00,99879.1239086121,138974.2683397317,314300.9611482026,607.5794423554628
2030-03-16 07:00:00,98398.31335850914,137127.27675377886,305816.31747004343,9.245013643521816e-10
2030-03-16 08:00:00,96917.50280869761,135280.28516812006,297879.49321274983,7.63629941502586e-08
2030-03-16 09:00:00,96927.4968563654,135323.06369717408,298615.9654210552,6.175749492652154e-08
2030-03-16 10:00:00,98065.88090384596,136796.2092260454,305037.9922209642,4.3520190004575734e-08
2030-03-16 11:00:00,99204.26495139653,138269.3547549875,311460.0190209221,2061.251497854693
2030-03-16 12:00:00,100342.64899895118,139742.500283934,317882.0458208801,4221.43255896634
2030-03-16 13:00:00,101481.03304650176,141215.64581287577,324304.07262083865,6400.009999956635
2030-03-16 14:00:00,102619.4170939823,142688.7913417467,330726.0994207484,6400.009999963661
2030-03-16 15:00:00,101138.60654416437,140841.79975607982,329552.37204956013,6400.009999732354
2030-03-16 16:00:00,99657.79599434204,138994.80817041028,321647.87601940637,6400.009999999069
2030-03-16 17:00:00,98176.985444239,137147.8165844573,313163.23234124715,4088.762243353776
2030-03-16 18:00:00,96696.17489413595,135300.8249985043,304678.588663088,1914.7330068012186
2030-03-16 19:00:00,95215.36434403295,133453.83341255135,296193.9449849289,1.3938006304670125e-09
2030-03-16 20:00:00,93734.5537942082,131606.84182688006,288143.4102465721,1.0375247256888542e-06
2030-03-16 21:00:00,92253.74324437563,129759.85024119572,280248.94096601487,1.4219519471314288e-06
2030-03-16 22:00:00,90772.93269454951,127912.85865551647,272275.211608464,1.64172434692681e-06
2030-03-16 23:00:00,89292.1221447283,126065.86706984337,264273.5853602991,1.7707258254379688e-06
2030-03-17 00:00:00,87811.31159491949,124218.87548418353,256273.02580504102,1.8310156231941818e-06
2030-03-17 01:00:00,86330.50104509953,122371.88389851015,248334.806041415,1.8296916920121547e-06
2030-03-17 02:00:00,84849.69049527969,120524.89231283785,240361.91499633406,1.7698196884819309e-06
2030-03-17 03:00:00,83368.87994545835,118677.90072716578,232366.32229070133,1.6413620693252372e-06
2030-03-17 04:00:00,81888.06939564306,116830.90914150307,224347.71710552686,1.4190531359803867e-06
2030-03-17 05:00:00,80407.25884581689,114983.91755582718,216324.813204128,1.0395699327987192e-06
2030-03-17 06:00:00,78926.44829599126,113136.92597015317,208315.61862887614,1.0806680094007818e-07
2030-03-17 07:00:00,78936.44234364976,113179.70449920035,209645.44636006845,2.5012512485780228e-08
2030-03-17 08:00:00,80074.82639120374,114652.85002814596,216067.47316002625,830.3856944767663
2030-03-17 09:00:00,81213.21043875387,116125.99555708718,222489.49995998372,1886.5576333006954
2030-03-17 10:00:00,82351.59448630417,117599.14108602867,228911.52675994084,2587.28793430115
2030-03-17 11:00:00,83489.97853385468,119072.28661497054,235333.5535598979,3191.8710159178336
2030-03-17 12:00:00,84628.36258140912,120545.43214391673,241755.5803598553,3756.7754177391375
2030-03-17 13:00:00,85766.74662895952,122018.57767285815,248177.60715981328,4604.806057118238
2030-03-17 14:00:00,86905.13067650978,123491.72320179948,254599.63395977084,5836.4172944696675
2030-03-17 15:00:00,88043.5147240594,124964.86873074017,261021.66075972826,6400.009999978675
2030-03-17 16:00:00,87426.1741296911,123308.85825632648,261021.6607596003,6400.009999620626
2030-03-17 17:00:00,85945.3635798584,121461.86667064455,252986.3246486948,4377.188593930236
2030-03-17 18:00:00,84464.5530300261,119614.87508496322,244962.0068526996,2713.4266891683064
2030-03-17 19:00:00,82983.74248019772,117767.8834992849,237012.68159110515,1165.9637004865604
2030-03-17 20:00:00,81502.93193038095,115920.89191362158,231451.74235607364,693.6963056897068
2030-03-17 21:00:00,80022.1213805559,114073.90032794433,229007.94870727113,1.6616229459032184e-07
2030-03-17 22:00:00,80032.1154282159,114116.67885698656,229563.70989336615,8.189911628729619e-07
2030-03-17 23:00:00,80042.10947587815,114159.45738603428,233320.63451179216,9.83408199317637e-07
2030-03-18 00:00:00,80052.1035235473,114202.23591509246,239491.9322988601,9.129491271799006e-07
2030-03-18 01:00:00,80937.64894654271,114559.46577658219,245913.95909857267,4.482216922527885e-06
2030-03-18 02:00:00,81865.36452172142,114989.78678432951,252335.98589827906,6.498676493195984e-06
2030-03-18 03:00:00,82796.48391409684,115398.60197523629,258758.0126979819,7.993921058522847e-06
2030-03-18 04:00:00,82806.4779617625,115441.38050429286,264813.2729862632,5.8766990911080655e-06
2030-03-18 05:00:00,82816.47200941539,115484.15903333432,269364.06635786017,4.6729112706530657e-07
2030-03-18 06:00:00,83726.13869927349,115799.19681010277,275786.0931575653,3.0066719826310366e-08
2030-03-18 07:00:00,84864.52274682275,117272.34233904339,282208.1199575231,444.80397210495306
2030-03-18 08:00:00,86002.90679437677,118745.48786798917,288630.1467574804,1621.2462148344173
2030-03-18 09:00:00,87141.2908419268,120218.63339693043,295052.17355743755,2422.997566520963
2030-03-18 10:00:00,88279.67488947691,121691.77892587185,301474.20035739435,2906.5722554827735
2030-03-18 11:00:00,89418.05893702726,123164.92445481366,307896.2271573512,3417.6397045262675
2030-03-18 12:00:00,90556.44298458165,124638.06998375982,314318.2539573085,3993.060168402581
2030-03-18 13:00:00,91694.82703213206,126111.21551270144,320740.2807572664,4962.819630482157
2030-03-18 14:00:00,92833.21107968235,127584.36104164297,327162.307557224,6400.009999957998
2030-03-18 15:00:00,93971.5951271616,129057.506570513,333584.3343571317,6400.0099999605045
2030-03-18 16:00:00,92490.7845773455,127210.51498485204,331355.279687698,5994.537193972569
2030-03-18 17:00:00,91009.97402751552,125363.52339917388,323314.3856542989,5385.1956589997635
2030-03-18 18:00:00,89529.16347768277,123516.53181349304,315274.01976709295,4942.2375695802
2030-03-18 19:00:00,88048.35292784778,121669.54022780924,307251.52654376416,4575.114115649448
2030-03-18 20:00:00,86567.54237802277,119822.54864213694,299220.9093194549,4243.830802303429
2030-03-18 21:00:00,85086.7318281906,117975.55705645372,291177.3441425199,3938.3891496706015
2030-03-18 22:00:00,83605.92127836336,116128.56547077502,283130.8142661747,3652.163759195495
2030-03-18 23:00:00,82125.11072853854,114281.57388509923,275082.80168717244,3373.9292615895483
2030-03-19 00:00:00,80693.29466067418,112444.7359874099,267037.04588531225,3082.5807695888707
2030-03-19 01:00:00,79261.47859280295,110607.89808970907,259016.92557165612,2792.267586017837
2030-03-19 02:00:00,77829.66252493364,108771.06019201085,250985.3013387004,2500.579174696468
2030-03-19 03:00:00,76397.84645706558,106934.22229431463,242943.71004360853,2201.112905050119
2030-03-19 04:00:00,74966.03038920062,105097.3843966248,234889.59483933126,1874.7717582603107
2030-03-19 05:00:00,73534.21432132176,103260.54649891992,226837.7897196019,1511.706756481281
2030-03-19 06:00:00,72102.39825344112,101423.70860121449,218801.6940225388,1073.852739321895
2030-03-19 07:00:00,70670.58218557219,99586.87070351902,210785.82757041845,436.63005911711446
2030-03-19 08:00:00,69238.76611771982,97750.03280584227,207076.3710844715,1.3989404124004068e-07
2030-03-19 09:00:00,69297.75464733985,97802.96502287123,211767.3504075681,3.9089849224183126e-07
2030-03-19 10:00:00,69356.74317695877,97855.89723990187,216089.27254844623,6.937860497152574e-08
2030-03-19 11:00:00,70544.12170639624,99339.19645675327,222511.2993483523,4.4332123595839026e-08
2030-03-19 12:00:00,71731.50023590944,100822.49567368126,228933.326148309,1154.0845564280462
2030-03-19 13:00:00,72918.87876541898,102305.79489060506,235355.3529482669,3846.5825207318576
2030-03-19 14:00:00,74106.25729492826,103789.09410752873,241777.37974822422,6400.009999956109
2030-03-19 15:00:00,75293.63582436593,105272.3933243805,248199.40654813088,6400.009999934688
2030-03-19 16:00:00,75352.62435399232,105325.32554142443,252005.07798067897,6400.009999748452
2030-03-19 17:00:00,74008.03662867015,103552.21327088383,252005.07798053115,3003.350651102236
2030-03-19 18:00:00,73842.03671486919,102120.82931618884,252005.07798038772,1166.8332474826102
2030-03-19 19:00:00,73901.02524448594,102173.76153321972,257616.71714227382,1198.1479571378832
2030-03-19 20:00:00,73960.01377409867,102226.69375024771,264010.81480964704,2153.2483405120734
2030-03-19 21:00:00,74019.0023037046,102279.62596726381,270406.2273807493,4246.672360731289
2030-03-19 22:00:00,73924.20305303272,101402.8747431544,270406.2273806128,3064.635532380259
2030-03-19 23:00:00,73983.19158265112,101455.8069601859,272698.27250392275,3095.261486592085
2030-03-20 00:00:00,74042.18011226415,101508.73917721349,279091.388157439,4311.431093037545
2030-03-20 01:00:00,74101.16864187096,101561.6713942292,285491.3452160619,6280.072339702116
2030-03-20 02:00:00,74160.15717149174,101614.60361126105,291091.55256369576,6322.566835685672
2030-03-20 03:00:00,74219.14570110926,101667.53582829011,292578.9060747879,6400.009999782582
2030-03-20 04:00:00,72787.32963325064,99830.69793060739,291760.2601797029,5434.291220219076
2030-03-20 05:00:00,71355.51356538122,97993.86003291284,285022.942718374,2977.8174547949893
2030-03-20 06:00:00,69923.69749751169,96157.0221352194,277245.6139972049,1.2281567086551055e-07
2030-03-20 07:00:00,69982.68602712214,96209.9543522418,277516.59468033875,6.179904568776064e-08
2030-03-20 08:00:00,71170.06455656397,97693.25356909873,283938.6214802456,4.205126722415803e-08
2030-03-20 09:00:00,72357.44308607312,99176.55278602222,290360.64828020264,1392.067928076771
2030-03-20 10:00:00,73544.82161558254,100659.85200294606,296782.6750801592,2295.6350526705883
2030-03-20 11:00:00,74732.20014509218,102143.15121987024,303204.70188011555,3003.068117759056
2030-03-20 12:00:00,75919.5786746059,103626.45043679878,309626.72868007224,3608.525521750761
2030-03-20 13:00:00,77106.95720411553,105109.74965372265,316048.7554800297,4410.171038136385
2030-03-20 14:00:00,78294.33573362509,106593.04887064657,322470.78227998683,5520.0937273287955
2030-03-20 15:00:00,79481.71426313407,108076.34808756995,328892.80907994387,6400.009999974934
2030-03-20 16:00:00,79540.70279275696,108129.28030460869,331321.874460463,6400.009999885568
2030-03-20 17:00:00,78108.8867248848,106292.44240691108,323272.49866738246,4020.2015463364833
2030-03-20 18:00:00,76677.07065701381,104455.60450921502,315234.62038627197,1791.5526527490022
2030-03-20 19:00:00,75245.25458914573,102618.7666115211,307713.16734803544,905.0490880248045
2030-03-20 20:00:00,73813.43852128799,100781.92871383963,305049.54581582895,287.47612273093307
2030-03-20 21:00:00,72381.62245342303,98945.09081614546,304794.58490953426,1.7148602182714967e-07
2030-03-20 22:00:00,72440.61098304126,98998.02303317148,305546.1126233655,9.787904678822611e-07
2030-03-20 23:00:00,72499.5995126608,99050.95525020108,308103.563722038,1.2334802477198537e-06
2030-03-21 00:00:00,72558.58804229007,99103.88746724481,313407.7853982077,1.2666285583855945e-06
2030-03-21 01:00:00,72640.03367696551,99176.42033031923,319829.8121978915,201.3796532071254
2030-03-21 02:00:00,72729.84692293899,99255.37527266436,326251.8389975696,703.6729837358101
2030-03-21 03:00:00,72815.27192603215,99331.92743813034,332673.8657972365,877.8279765035221
2030-03-21 04:00:00,72874.26045565652,99384.85965517156,335868.12414457713,877.8279757513192
2030-03-21 05:00:00,72933.24898510461,99437.7918720263,335868.12414508016,1.8395151303576615e-06
2030-03-21 06:00:00,72992.23751471344,99490.72408904726,337444.0939044138,2.729450384563218e-08
2030-03-21 07:00:00,74179.61604422153,100974.02330596992,343866.1207043709,53.60831878428894
2030-03-21 08:00:00,75366.99457373493,102457.3225228982,350288.1475043279,1355.311903780505
2030-03-21 09:00:00,76554.37310324426,103940.62173982192,356710.1743042845,2207.3612313171684
2030-03-21 10:00:00,77741.75163275377,105423.9209567459,363132.20110424084,2766.6543661106557
2030-03-21 11:00:00,78929.13016226352,106907.22017367023,369554.2279041972,3230.020579047733
2030-03-21 12:00:00,80116.5086917773,108390.51939059887,375976.25470415386,3618.1905747372284
2030-03-21 13:00:00,81303.88722128693,109873.81860752283,382398.2815041113,4236.697598451535
2030-03-21 14:00:00,82491.26575079643,111357.11782444676,388820.3083040682,5145.8522607988525
2030-03-21 15:00:00,83678.64428030558,112840.41704137043,395242.33510402526,6400.009999972759
2030-03-21 16:00:00,84788.69547588869,114180.24723947833,401664.3619037222,6400.009999918903
2030-03-21 17:00:00,83356.87940801821,112343.40934178352,395762.97436618304,4271.623391594483
2030-03-21 18:00:00,81925.0633401489,110506.57144408998,388455.79065459326,1720.368565828468
2030-03-21 19:00:00,80493.24727228131,108669.7335463973,386073.47833877424,23.91728972168289
2030-03-21 20:00:00,79061.43120444284,106832.89564873224,386057.3381817662,7.999988156370819e-07
2030-03-21 21:00:00,78926.57588571527,105521.6033888074,386057.3381816272,7.526202026042483e-07
2030-03-21 22:00:00,78866.26200672539,105205.98396484595,386057.33818149206,4.656374839448813e-07
2030-03-21 23:00:00,78925.25053634762,105258.91618187832,386626.39546402544,1503.279819835638
2030-03-22 00:00:00,78984.23906597907,105311.84839892555,389316.7651085434,3746.8171885724933
2030-03-22 01:00:00,79043.22759560272,105364.78061595534,391452.3204722268,5940.2120279981555
2030-03-22 02:00:00,79102.21612522693,105417.71283298846,391661.5931386754,6400.009999795797
2030-03-22 03:00:00,77670.40005736497,103580.87493529977,389477.0400451804,5820.443603124663
2030-03-22 04:00:00,76238.5839895072,101744.0370376185,381466.90823846805,4243.089906203719
2030-03-22 05:00:00,74806.76792163466,99907.19913992015,373412.6105920985,2577.0767476554593
2030-03-22 06:00:00,73374.95185376245,98070.3612422233,365372.6837880571,711.4866183909841
2030-03-22 07:00:00,71943.13578589611,96233.52334453208,360455.8462792447,4.0806639844959136e-08
2030-03-22 08:00:00,73130.51431533707,97716.82256138751,366877.87307915,4.182970769761596e-08
2030-03-22 09:00:00,74317.89284484576,99200.12177831041,373299.8998791068,587.3380943757821
2030-03-22 10:00:00,75505.27137435517,100683.42099523416,379721.9266790634,1895.599367823605
2030-03-22 11:00:00,76692.64990386486,102166.72021215834,386143.9534790199,3046.1280603112373
2030-03-22 12:00:00,77880.02843337857,103650.01942908685,392565.98027897667,4073.287439839236
2030-03-22 13:00:00,79067.40696288814,105133.31864601067,398988.0070789342,5298.691047593087
2030-03-22 14:00:00,80254.78549239742,106616.61786293426,405410.03387889155,6400.009999958129
2030-03-22 15:00:00,81442.16402183379,108099.91707978399,411832.0606787969,6400.009999959713
2030-03-22 16:00:00,80010.34795397607,106263.07918210367,403847.0586462424,5632.108181620122
2030-03-22 17:00:00,78578.53188609953,104426.24128440229,395778.8072439927,5077.242342789558
2030-03-22 18:00:00,77146.71581822466,102589.40338670288,387730.1861861646,4646.742371399067
2030-03-22 19:00:00,75714.89975035463,100752.56548900716,379727.99954290787,4275.317004961979
2030-03-22 20:00:00,74283.08368249942,98915.72759132748,371744.686183878,3949.2389213937004
2030-03-22 21:00:00,72851.26761463757,97078.88969363741,363791.8437692614,3663.0877281720877
2030-03-22 22:00:00,71419.45154677867,95242.05179595036,356388.9158283748,3453.8405960122736
2030-03-22 23:00:00,69987.63547892132,93405.21389826562,348661.43573256163,3225.3120313971585
2030-03-23 00:00:00,68555.81941107339,91568.37600059205,342572.0076410844,3036.8782168613884
2030-03-23 01:00:00,67124.00334321422,89731.53810290302,334789.7872083213,2782.7154159615975
2030-03-23 02:00:00,65692.18727535388,87894.70020521434,326843.25226190087,2492.0820464461067
2030-03-23 03:00:00,64260.37120749123,86057.86230752457,318843.80960515386,2172.558232331439
2030-03-23 04:00:00,62828.55513963122,84221.02440983948,310811.4993022995,1813.9852673081664
2030-03-23 05:00:00,61396.739071753815,82384.18651213658,302749.7674546298,1393.1095384483647
2030-03-23 06:00:00,59964.92300387647,80547.34861443474,294703.5953073827,867.6385765246511
2030-03-23 07:00:00,58533.10693600989,78710.51071674294,286758.64748854213,1.1575400549190817e-07
2030-03-23 08:00:00,58592.09546564115,78763.44293379165,291612.4944005608,6.226696314115543e-08
2030-03-23 09:00:00,59779.473995078806,80246.74215064247,298034.52120046737,4.2671994313563634e-08
2030-03-23 10:00:00,60966.85252458814,81730.04136756613,304456.5480004241,1338.3606205549474
2030-03-23 11:00:00,62154.2310540978,83213.34058449023,310878.5748003806,2717.3678967103087
2030-03-23 12:00:00,63341.609583611535,84696.63980141876,317300.6016003374,4018.8825740046327
2030-03-23 13:00:00,64528.98811312117,86179.93901834259,323722.62840029504,5491.756121246266
2030-03-23 14:00:00,65716.36664263043,87663.23823526611,330144.6552002523,6400.00999997227
2030-03-23 15:00:00,65835.29809156734,87765.92248715053,336566.6819999418,6400.009999918904
2030-03-23 16:00:00,64403.482023708464,85929.0845894679,328543.55476085993,5571.544658231984
2030-03-23 17:00:00,62971.66595583109,84092.2466917655,320481.4762675068,5031.819757491409
2030-03-23 18:00:00,61539.84988796029,82255.40879406927,312456.9272834135,4623.540123122364
2030-03-23 19:00:00,60108.03382009687,80418.57089637901,304525.74954985466,4287.13584826964
2030-03-23 20:00:00,58676.217752248565,78581.73299870474,299555.11998129915,4095.0858756978128
2030-03-23 21:00:00,57244.40168439094,76744.89510101678,294217.5822869055,3910.511802588383
2030-03-23 22:00:00,55812.58561653496,74908.0572033313,287869.04763232626,3725.395331834678
2030-03-23 23:00:00,54380.76954867632,73071.21930564397,279846.7608939574,3444.174479379692
2030-03-24 00:00:00,52948.95348082214,71234.38140796304,271830.48751425254,3150.6804613328663
2030-03-24 01:00:00,51517.1374129529,69397.54351026412,263833.8298684573,2853.2716469048737
2030-03-24 02:00:00,50085.321345078344,67560.70561256213,255840.08863437074,2540.0538619600347
2030-03-24 03:00:00,48653.505277201824,65723.86771486053,247874.3918972579,2216.3309836780763
2030-03-24 04:00:00,47221.68920933173,63887.02981716914,239877.36777996228,1876.3936783020904
2030-03-24 05:00:00,45789.87314145317,62050.191919467004,231744.95427801835,1370.7419854648706
2030-03-24 06:00:00,44358.05707357382,60213.35402176436,223783.61200282598,896.9261966996413
2030-03-24 07:00:00,42926.24100570744,58376.516124072594,215811.89499259565,1.1536815236468101e-07
2030-03-24 08:00:00,42985.22953534171,58429.44834112563,219597.469475726,2.5009057935676537e-08
2030-03-24 09:00:00,44172.6080648509,59912.747558048926,226019.4962756826,284.5937116060405
2030-03-24 10:00:00,45359.98659436084,61396.04677497327,232441.52307563953,1896.3378854486714
2030-03-24 11:00:00,46547.365123871066,62879.34599189806,238863.54987559648,3292.9323943883837
2030-03-24 12:00:00,47734.743653385354,64362.645208827205,245285.57667555375,4665.829319927246
2030-03-24 13:00:00,48922.12218289539,65845.94442575153,251707.60347551166,6400.00999995727
2030-03-24 14:00:00,50109.50071233515,67329.2436426049,258129.63027541942,6400.009999955483
2030-03-24 15:00:00,50078.39436508509,67183.22305372189,258129.6302752927,6400.0099996292865
2030-03-24 16:00:00,48646.5782972254,65346.3851560369,250091.61169750002,5610.816638814622
2030-03-24 17:00:00,47214.76222934661,63509.54725833437,242084.78226216216,5130.447904634798
2030-03-24 18:00:00,45782.94616146736,61672.70936063125,234071.01000583905,4724.3828826722865
2030-03-24 19:00:00,44351.13009358968,59835.87146292738,226095.71429202746,4382.964243182329
2030-03-24 20:00:00,42919.314025722415,57999.03356523458,218081.70839481766,4067.5747148323603
2030-03-24 21:00:00,41487.49795784953,56162.19566753219,210051.9053419075,3776.7874761696476
2030-03-24 22:00:00,40055.68188997833,54325.357769831666,202010.00583680585,3495.511646814689
2030-03-24 23:00:00,38623.86582210749,52488.51987213224,193970.4969479672,3216.8603442629683
2030-03-25 00:00:00,37192.04975424293,50651.68197444176,185951.64838502213,2933.1040895987444
2030-03-25 01:00:00,35760.233686367355,48814.84407673692,177989.1401741622,2644.524034208105
2030-03-25 02:00:00,34328.417618492625,46978.006179034805,170036.77251777513,2355.2801203663457
2030-03-25 03:00:00,32896.60155061824,45141.16828133506,162065.9130672573,2058.8897253005566
2030-03-25 04:00:00,31464.78548274963,43304.33038364454,154045.25255859902,1734.2491013301062
2030-03-25 05:00:00,30032.969414872496,41467.49248594331,145961.83317887032,1326.9383310130138
2030-03-25 06:00:00,28601.15334699331,39630.65458824007,137983.67268260368,858.3067591251487
2030-03-25 07:00:00,27169.33727912791,37793.816690549145,129986.27991554774,8.377776339330012e-08
2030-03-25 08:00:00,27267.646970259426,37884.120362799644,136408.3067152334,2.716694780247053e-08
2030-03-25 09:00:00,28455.025499768886,39367.41957972339,142830.33351519043,1217.9205820938178
2030-03-25 10:00:00,29642.40402927871,40850.718796647714,149252.36031514735,2294.1103662144437
2030-03-25 11:00:00,30829.78255878877,42334.018013572444,155674.38711510433,3146.7863550844404
2030-03-25 12:00:00,32017.161088302884,43817.31723050157,162096.41391506145,3913.111949054644
2030-03-25 13:00:00,33204.539617812756,45300.616447425855,168518.44071501933,4974.658158705925
2030-03-25 14:00:00,34391.91814732241,46783.91566434999,174940.46751497677,6400.0099999582135
2030-03-25 15:00:00,35579.29667676045,48267.21488120195,181362.49431488354,6400.009999960176
2030-03-25 16:00:00,34147.480608905054,46430.37698352496,174526.05615542756,5915.859364627519
2030-03-25 17:00:00,32715.664541031038,44593.53908582663,166439.22885161548,5280.631424223625
2030-03-25 18:00:00,31283.848473158745,42756.701188129715,158367.37092272026,4826.9818729892495
2030-03-25 19:00:00,29852.032405291116,40919.86329043615,150344.9668589434,4456.735657973924
2030-03-25 20:00:00,28420.216337435548,39083.025392755364,142304.18881735983,4132.38541267604
2030-03-25 21:00:00,26988.400269572376,37246.18749506333,134251.26579720885,3831.4884969994437
2030-03-25 22:00:00,25556.584201708723,35409.34959737117,126173.13351457215,3531.8735396466736
2030-03-25 23:00:00,24124.768133846286,33572.51169968099,118087.5439069068,3240.822484624973
2030-03-26 00:00:00,22737.77778506426,31743.550974061534,110007.59570582135,2936.9586118473076
2030-03-26 01:00:00,21350.787436273164,29914.59024842941,101955.3308700204,2631.561282554241
2030-03-26 02:00:00,19963.79708748108,28085.629522797608,93882.42230044784,2317.5422635129776
2030-03-26 03:00:00,18576.80673868579,26256.6687971641,85786.06904637831,1980.7416331674551
2030-03-26 04:00:00,17189.816389891876,24427.708071535122,77669.67817042493,1596.800285193728
2030-03-26 05:00:00,15802.826041082983,22598.747345889504,69540.93206664294,1121.1360585542695
2030-03-26 06:00:00,14415.835692280167,20769.786620250656,61418.00904440105,500.41168297394864
2030-03-26 07:00:00,13028.845343489435,18940.825894623602,54884.33693941999,4.032972356071696e-08
2030-03-26 08:00:00,14261.049592007535,20432.00228354481,61306.36373932586,4.145755383433425e-08
2030-03-26 09:00:00,15493.253840593065,21923.178672533675,67728.39053928287,1123.0290724071344
2030-03-26 10:00:00,16725.458089179076,23414.35506152322,74150.41733923943,2198.272449538814
2030-03-26 11:00:00,17957.66233776535,24905.5314505132,80572.44413919591,3086.5812957733974
2030-03-26 12:00:00,19189.86658635575,26396.70783950767,86994.47093915273,3885.837554813721
2030-03-26 13:00:00,20422.070834941907,27887.884228497333,93416.49773911032,4952.125293699526
2030-03-26 14:00:00,21654.27508352788,29379.06061748694,99838.52453906751,6400.009999957989
2030-03-26 15:00:00,22886.479332042025,30870.237006404248,106260.55133897337,6400.009999961484
2030-03-26 16:00:00,21499.48898326007,29041.276280789236,99337.5196210731,6400.009997723741
2030-03-26 17:00:00,20112.498634461124,27212.315555155732,91187.98308330706,6400.009996355803
2030-03-26 18:00:00,18725.50828566604,25383.354829525957,83053.8620987377,6400.009995450244
2030-03-26 19:00:00,17338.51793687825,23554.3941039022,78416.8987162239,6400.009994796482
2030-03-26 20:00:00,16643.88418636024,21947.52870840749,78416.89871609093,6400.009998577265
2030-03-26 21:00:00,15256.89383757697,20118.56798278552,77197.56261630781,6400.0099984009985
2030-03-26 22:00:00,13869.903488793334,18289.607257163392,74520.26892809666,6400.00999833454
2030-03-26 23:00:00,12482.913140008965,16460.64653154104,66446.56241331744,6400.0099983559885
2030-03-27 00:00:00,11095.922791228108,14631.685805923506,58299.60088634756,6400.0099984502585
2030-03-27 01:00:00,9708.932442436608,12802.725080291968,50165.49324758501,6400.009998643744
2030-03-27 02:00:00,8321.942093641735,10973.764354658522,42021.22057870823,6400.009999000821
2030-03-27 03:00:00,6934.951744842925,9144.80362902374,33938.671943804424,6400.009999998936
2030-03-27 04:00:00,5547.961395779881,7315.842903123094,25454.02826564515,6096.370193904993
2030-03-27 05:00:00,4160.9710467128825,5486.882177218373,16969.38458748586,3012.6318560495934
2030-03-27 06:00:00,2773.980697645942,3657.9214513137376,8484.740909326663,1.07385134039703e-09
2030-03-27 07:00:00,1386.9903488469133,1828.9607256794575,332.7545060285047,2.681568234665577e-07
2030-03-27 08:00:00,7.680797861342466e-08,7.241636401153209e-08,1.0967050911858678e-07,3.7385845959592543e-08
2030-03-27 09:00:00,1066.8251381907537,1356.5608320124607,4069.225550680752,4.262761072830192e-08
2030-03-27 10:00:00,2299.0293867391197,2847.737220964587,10491.252350607756,1509.7340304498184
2030-03-27 11:00:00,3531.2336352881275,4338.913609917603,16913.279150534654,2696.752555085038
2030-03-27 12:00:00,4763.4378838379,5830.089998871783,23335.30595046203,3706.8889855364664
2030-03-27 13:00:00,5995.642132386691,7321.266387824268,29757.33275039068,4889.028550241429
2030-03-27 14:00:00,7227.846380935086,8812.442776776656,36179.35955031852,6400.009999957548
2030-03-27 15:00:00,7722.4588090870175,9925.440933880805,40629.443809779594,6400.009999878379
2030-03-27 16:00:00,6558.3181971430695,9068.986333354227,33605.79803663308,6400.009999938866
2030-03-27 17:00:00,5171.327848142744,7240.025607517176,25121.15435855758,3192.646718855668
2030-03-27 18:00:00,3784.3374991432265,5411.06488168105,16636.51068048288,6.617313973657451e-08
2030-03-27 19:00:00,2560.0604964166455,3949.2456546129606,9009.783168160904,4.982754574520454e-07
2030-03-27 20:00:00,2558.6733529459325,3919.963116507053,8936.054599576612,2.193306416714301e-07
2030-03-27 21:00:00,2711.457991334188,4037.680368821445,9147.077125110922,700.9808331657623
2030-03-27 22:00:00,2831.611040160519,4255.5564608418235,9401.435181447343,1808.4335193787363
2030-03-27 23:00:00,3014.294359877923,4445.575652110684,9685.66831469814,3039.4060175513255
2030-03-28 00:00:00,3318.5802719870167,4634.061444506805,9945.983394681343,3856.999881566294
2030-03-28 01:00:00,3469.8988098396862,4742.150503662339,10189.720856072168,4576.030947102448
2030-03-28 02:00:00,3613.2747051395636,4840.114159582887,10400.031494732257,5389.865785981545
2030-03-28 03:00:00,3740.8911858833258,5068.403745634019,10586.486883461786,6400.00999965942
2030-03-28 04:00:00,2550.5646255834263,3501.4637723928154,9693.281116004855,4542.330373655937
2030-03-28 05:00:00,1217.8444743290254,1752.3047940228732,1631.181488579569,1385.4883173313885
2030-03-28 06:00:00,1.3195062820159364e-07,111.8170383476579,1.6377712883381395e-07,9.541072102784774e-08
2030-03-28 07:00:00,1197.766462578515,1602.9934271331185,5460.948888724497,5.65540502959704e-08
2030-03-28 08:00:00,2429.970711093276,3094.1698160886003,11882.97568862791,1280.0830528666231
2030-03-28 09:00:00,3662.174959607602,4585.346205040359,18305.002488530503,2149.610879797806
2030-03-28 10:00:00,4894.379208122344,6076.522593992661,24727.029288432233,2706.896842610713
2030-03-28 11:00:00,6126.583456637569,7567.698982945544,31149.05608833375,3157.9299779211797
2030-03-28 12:00:00,7358.78770515316,9058.875371901808,37571.08288823587,3557.6790526950645
2030-03-28 13:00:00,8590.991953668241,10550.051760854147,43993.109688140124,4156.707599318619
2030-03-28 14:00:00,9823.19620218311,12041.228149806559,50415.136488043194,5060.031837935561
2030-03-28 15:00:00,11055.400450697181,13532.404538758541,56837.1632879457,6400.009999943315
2030-03-28 16:00:00,12242.0184954223,15023.580927547317,57184.53034106651,6400.009999747449
2030-03-28 17:00:00,12285.112901395969,15099.054587904808,50272.90876662839,3417.0536060192426
2030-03-28 18:00:00,12333.020517837185,15176.999135993126,44410.42598906888,555.1653343240664
2030-03-28 19:00:00,12393.688397003938,15256.492116469744,44133.63015481291,4.5137790039007086e-07
2030-03-28 20:00:00,13574.510857062136,16747.66850525948,44361.17777521684,1286.8045375631445
2030-03-28 21:00:00,14751.900853553409,18238.844894040474,44583.24738452236,2179.3937332073033
2030-03-28 22:00:00,15949.059788394668,19730.021282827744,47637.59748226906,4955.021316085661
2030-03-28 23:00:00,17129.715158472587,21221.1976716122,47852.31085161464,6400.009999533556
2030-03-29 00:00:00,17208.75736259218,21312.838728085364,47795.390161598036,6288.918855540721
2030-03-29 01:00:00,17262.657977566665,21401.61979110417,45775.604614636315,5266.824233483227
2030-03-29 02:00:00,17314.754589505268,21481.45127145449,41254.678254023835,4466.5819019728615
2030-03-29 03:00:00,17365.123641434624,21558.818778448705,35375.51909721793,3716.7902835294803
2030-03-29 04:00:00,17412.121963556216,21631.334335817828,28049.430687303087,2703.3122525876925
2030-03-29 05:00:00,17448.900805613597,21700.111568623855,20406.73818847023,1303.5045109913958
2030-03-29 06:00:00,17494.107855155653,21772.312705896966,13714.68101797437,4.879787928798648e-08
2030-03-29 07:00:00,18726.312103666634,23263.489094846424,20136.707817875278,111.9104957661312
2030-03-29 08:00:00,19958.51635218083,24754.66548380154,26558.734617777296,1314.426085203229
2030-03-29 09:00:00,21190.72060069463,26245.84187275283,32980.76141767841,2135.5025902251145
2030-03-29 10:00:00,22422.924849209056,27737.01826170478,39402.788217578855,2635.990601419988
2030-03-29 11:00:00,23655.129097724097,29228.194650657424,45824.8150174791,2997.216501482276
2030-03-29 12:00:00,24887.333346239528,30719.371039613456,52246.84181737988,3225.3549017934993
2030-03-29 13:00:00,26119.537594754373,32210.547428565475,58668.86861728294,3493.7077992918753
2030-03-29 14:00:00,27351.741843269036,33701.72381751761,65090.89541718467,3864.8040293685576
2030-03-29 15:00:00,28583.946091782836,35192.900206469305,71512.92221708549,4335.47736118004
2030-03-29 16:00:00,29816.15034029615,36684.07659542386,77934.94901698636,4808.121758492816
2030-03-29 17:00:00,31048.35458880667,38175.25298437309,84356.97581688539,3269.8360253879696
2030-03-29 18:00:00,32280.558837317374,39666.42937332254,90779.0026167852,1952.628314727887
2030-03-29 19:00:00,33512.763085829414,41157.60576227297,97201.0294166877,2280.3298076750166
2030-03-29 20:00:00,34744.96733434279,42648.782151227504,103623.056216589,2578.0773943056424
2030-03-29 21:00:00,35977.17158285527,44139.9585401778,110045.08301648995,2794.842758206377
2030-03-29 22:00:00,37209.37583136806,45631.13492912854,116467.10981639035,2936.739080446156
2030-03-29 23:00:00,38441.58007988115,47122.31131807971,122889.13661629052,2999.4235881715067
2030-03-30 00:00:00,39673.78432839515,48613.48770703471,129311.16341619096,3092.2646566195317
2030-03-30 01:00:00,40905.988576908545,50104.664095985616,135733.1902160934,3135.744751713184
2030-03-30 02:00:00,42138.19282542203,51595.840484936896,142155.2170159947,3175.4705098404265
2030-03-30 03:00:00,43370.39707393549,53087.016873888424,148577.24381589537,3215.585033533873
2030-03-30 04:00:00,44602.601322449256,54578.193262843386,154999.27061579542,3178.6568491795842
2030-03-30 05:00:00,45834.805570961784,56069.36965179411,161421.2974156955,3169.1525441350523
2030-03-30 06:00:00,47067.0098194743,57560.54604074506,167843.32421559605,3135.315460809025
2030-03-30 07:00:00,48299.214067987334,59051.72242969647,174265.35101549834,3082.5668115173476
2030-03-30 08:00:00,49531.418316501375,60542.89881865177,180687.37781539938,3009.7459818611974
2030-03-30 09:00:00,50763.62256501476,62034.075207603084,187109.40461530007,3070.8384228128766
2030-03-30 10:00:00,51995.826813528365,63525.25159655475,193531.43141520015,3093.209412074116
2030-03-30 11:00:00,53228.031062042704,65016.42798550712,199953.45821510023,3155.7016735826955
2030-03-30 12:00:00,54460.23531055773,66507.6043744631,206375.48501500118,3192.213732831237
2030-03-30 13:00:00,55692.4395590724,67998.78076341517,212797.51181490452,3273.1619685148744
2030-03-30 14:00:00,56924.643807586945,69489.95715236737,219219.53861480643,3351.0574473861516
2030-03-30 15:00:00,58156.84805610101,70981.1335413194,225641.5654147072,3391.9880614528993
2030-03-30 16:00:00,59389.05230461476,72472.30993027429,232063.592214607,3321.4126501898345
2030-03-30 17:00:00,60621.25655312708,73963.48631922495,238485.61901450672,3289.065928522744
2030-03-30 18:00:00,61853.460801639165,75454.66270817557,244907.64581440692,3240.696795082895
2030-03-30 19:00:00,63085.66505015171,76945.83909712653,251329.67261430903,3198.014560718195
2030-03-30 20:00:00,64317.86929866512,78437.0154860812,257751.69941420984,3123.2165411993374
2030-03-30 21:00:00,65550.07354717776,79928.19187503183,264173.7262141103,3161.4999389243953
2030-03-30 22:00:00,66782.2777956905,81419.36826398272,270595.7530140103,3182.498649967204
2030-03-30 23:00:00,68014.48204420361,82910.54465293407,277017.77981391014,3212.542242532775
2030-03-31 00:00:00,69246.68629271736,84401.72104188899,283439.80661381036,3195.9548944781327
2030-03-31 01:00:00,70478.89054123076,85892.89743083999,289861.83341371274,3205.309153251056
2030-03-31 02:00:00,71711.09478974428,87384.07381979132,296283.86021361407,3234.44100940477
2030-03-31 03:00:00,72943.29903825783,88875.25020874283,302705.8870135145,3274.0181100686905
2030-03-31 04:00:00,74175.50328677162,90366.42659769767,309127.9138134144,3249.01255696292
2030-03-31 05:00:00,75407.70753528441,91857.60298664849,315549.94061331433,3294.55939450024
2030-03-31 06:00:00,76639.91178379678,93348.77937559916,321971.96741321473,3226.4131160093652
2030-03-31 07:00:00,77872.11603230961,94839.95576455022,328393.9942131169,3183.686821066111
2030-03-31 08:00:00,79104.32028082332,96331.1321535051,334816.02101301774,3110.117323673835
2030-03-31 09:00:00,80336.52452933615,97822.30854245588,341238.04781291814,3141.1204048608547
2030-03-31 10:00:00,81568.728777849,99313.48493140687,347660.07461281813,3102.0290287925473
2030-03-31 11:00:00,82800.93302636265,100804.66132035859,354082.1014127181,3151.0319239107084
2030-03-31 12:00:00,84033.1372748773,102295.8377093141,360504.12821261847,3188.7348862748336
2030-03-31 13:00:00,85265.34152339169,103787.01409826586,366926.15501252125,3256.0381743630924
2030-03-31 14:00:00,86497.54577190615,105278.19048721784,373348.1818124229,3345.3064997589554
2030-03-31 15:00:00,87729.75002042035,106769.36687616973,379770.2086123235,3427.0967502109615
2030-03-31 16:00:00,88961.95426893442,108260.54326512462,386192.2354122234,3410.3149400645357
2030-03-31 17:00:00,90194.15851744698,109751.71965407523,392614.26221212326,3386.567760262178
2030-03-31 18:00:00,91426.36276595923,111242.89604302573,399036.2890120238,3312.603036733168
2030-03-31 19:00:00,92658.56701447167,112734.07243197631,405458.3158119259,3246.7809309744353
2030-03-31 20:00:00,93890.77126298501,114225.24882093068,411880.3426118269,3162.602074691827
2030-03-31 21:00:00,95122.97551149743,115716.42520988088,418302.36941172765,3175.1592517829376
2030-03-31 22:00:00,96355.17976000995,117207.60159883139,424724.396211628,3186.697961423458
2030-03-31 23:00:00,97587.38400852286,118698.77798778233,431146.4230115281,3258.0770751222835
2030-04-01 00:00:00,98819.58825703598,120189.95437673666,437568.44981142855,3194.1656162578565
2030-04-01 01:00:00,100051.79250554855,121681.13076568684,443990.4766113308,3169.852697470492
2030-04-01 02:00:00,101283.99675406127,123172.30715463747,450412.503411232,3177.6363929142335
2030-04-01 03:00:00,102516.20100257407,124663.48354358843,456834.5302111328,3213.174357369433
2030-04-01 04:00:00,103748.40525108739,126154.65993254306,463256.55701103294,3192.9194112659934
2030-04-01 05:00:00,104980.6094995995,127645.83632149348,469678.58381093305,3151.5896010393108
2030-04-01 06:00:00,106212.81374811173,129137.01271044425,476100.61061083374,3092.6677388513863
2030-04-01 07:00:00,107445.01799662477,130628.18909939575,482522.6374107362,3027.30050798714
2030-04-01 08:00:00,108677.22224513923,132119.36548835144,488944.6642106377,2995.2524069626406
2030-04-01 09:00:00,109909.42649365314,133610.5418773033,495366.6910105388,3061.436516567725
2030-04-01 10:00:00,111141.63074216738,135101.7182662556,501788.7178104393,3075.4450650843446
2030-04-01 11:00:00,112373.8349906825,136592.89465520866,508210.74461034033,3166.87850675363
2030-04-01 12:00:00,113606.03923919835,138084.0710441653,514632.77141024225,3234.4239130540655
2030-04-01 13:00:00,114838.24348771412,139575.24743311835,521054.7982101465,3360.0275020289937
2030-04-01 14:00:00,116070.4477362299,141066.4238220715,527476.8250100496,3553.8073233128443
2030-04-01 15:00:00,117302.65198474526,142557.60021102446,533898.8518099516,3791.4840462180155
2030-04-01 16:00:00,118534.85623326048,144048.77659998037,540320.8786098522,4056.894755777838
2030-04-01 17:00:00,119767.06048177404,145539.95298893205,546742.9054097527,4531.028494684993
2030-04-01 18:00:00,120999.26473028705,147031.12937788334,553164.9322096538,5258.799853779488
2030-04-01 19:00:00,122231.46897879966,148522.30576683412,559586.9590095566,6400.00999994227
2030-04-01 20:00:00,123422.83311986124,150013.48215562347,562399.6825192102,6400.009999772957
2030-04-01 21:00:00,123472.66373820645,150093.66770507867,561311.2870675251,6400.009998444733
2030-04-01 22:00:00,123515.24735584896,150167.8605936575,553992.9157987019,6400.009998008279
2030-04-01 23:00:00,123557.62682887568,150241.7469285114,546500.3197763149,6400.009997889232
2030-04-02 00:00:00,123625.22600381535,150332.61870584826,538732.8954782556,6400.009998000384
2030-04-02 01:00:00,123686.33378069063,150422.24538779742,530945.3472009965,6400.0099984341105
2030-04-02 02:00:00,123748.76292383447,150513.9411658372,522982.0984983277,6400.009999836377
2030-04-02 03:00:00,122389.68965786938,149959.37253080038,514497.45482038736,6400.009999937252
2030-04-02 04:00:00,121030.61639175561,148151.96307572594,506012.8111422908,3315.7187841931727
2030-04-02 05:00:00,119671.5431256407,146344.5536206466,497528.16746419447,6.235370193416331e-08
2030-04-02 06:00:00,118312.46985967309,145988.9881919352,489043.5237862549,1.275868327484315e-07
2030-04-02 07:00:00,118394.45449742199,146094.4636658705,488699.87317054084,4.2284167783263205e-08
2030-04-02 08:00:00,119654.57582885085,147607.1913255838,495121.89997044316,1248.128065627292
2030-04-02 09:00:00,120914.69716027961,149119.91898529357,501543.92677034513,2114.508451337684
2030-04-02 10:00:00,122174.81849170903,150632.64664500405,507965.9535702468,2635.567497722436
2030-04-02 11:00:00,123434.93982313898,152145.3743047152,514387.98037014867,2977.5127043202256
2030-04-02 12:00:00,124695.06115456948,153658.10196442984,520810.00717005145,3163.6360485985774
2030-04-02 13:00:00,125955.18248599942,155170.82962414064,527232.0339699563,3353.9598098822107
2030-04-02 14:00:00,127215.30381742907,156683.5572838515,533654.06076986,3577.1888596582858
2030-04-02 15:00:00,128475.42514885815,158196.28494356206,540076.0875697626,3816.3220015315837
2030-04-02 16:00:00,129735.54648028685,159709.01260327545,546498.1143696643,3976.2171318504734
2030-04-02 17:00:00,130995.66781171368,161221.74026298444,552920.1411695664,3777.8447319097204
2030-04-02 18:00:00,132255.78914314005,162734.46792269312,559342.1679694689,3108.8776222732467
2030-04-02 19:00:00,133515.91047456698,164247.1955824021,565764.194769373,2895.71920211254
2030-04-02 20:00:00,134776.03180599524,165759.92324211507,572186.2215692763,2922.642656603065
2030-04-02 21:00:00,136036.15313742287,167272.65090182412,578608.2483691791,3068.884638565788
2030-04-02 22:00:00,137296.27446885104,168785.3785615336,585030.2751690814,3445.0093014060185
2030-04-02 23:00:00,138556.39580027963,170298.10622124348,591452.3019689836,3952.9472065014957
2030-04-03 00:00:00,139816.51713170833,171810.83388095646,597874.3287688862,4452.310035703008
2030-04-03 01:00:00,141076.6384631365,173323.5615406655,604296.3555687908,5408.231929986237
2030-04-03 02:00:00,142336.75979456404,174836.28920037427,610718.3823686941,6400.009999943331
2030-04-03 03:00:00,143552.78119755033,176349.0168599151,612526.3698528482,6400.009999829129
2030-04-03 04:00:00,143625.45313087784,176444.91427616996,606328.2422844812,6400.009999788655
2030-04-03 05:00:00,142266.3798649124,175772.2535277687,597843.5986065376,3099.1580307112954
2030-04-03 06:00:00,140907.30659894372,175591.96184757093,589358.9549285957,2.09946118478105e-07
2030-04-03 07:00:00,140978.71175111915,175684.61559159326,584925.6013987528,4.318077289479982e-08
2030-04-03 08:00:00,142238.8330825467,177197.34325130537,591347.6281986552,81.76584036010003
2030-04-03 09:00:00,143498.95441397524,178710.07091101483,597769.6549985594,1538.6294256324195
2030-04-03 10:00:00,144759.075745404,180222.79857072467,604191.6817984632,2401.107614615775
2030-04-03 11:00:00,146019.1970768337,181735.52623043532,610613.7085983669,3452.262755313155
2030-04-03 12:00:00,147279.31840826405,183248.25389014953,617035.7353982712,4577.364833971882
2030-04-03 13:00:00,148539.43973969403,184760.98154986,623457.7621981775,6036.743799296319
2030-04-03 14:00:00,149799.56107112285,186273.70920956956,629879.7889980819,6400.009999957278
2030-04-03 15:00:00,149876.59796384498,186365.75004071757,629879.788998063,6400.00999996197
2030-04-03 16:00:00,148517.52469773247,184558.3405856446,621395.1453199873,6400.009999729325
2030-04-03 17:00:00,147158.45143161807,182750.93113056704,612910.501641915,6400.009999998723
2030-04-03 18:00:00,145799.3781654423,180943.52167540835,604425.8579637557,3680.586171666632
2030-04-03 19:00:00,144440.3048992666,179136.1122202497,595941.2142855965,1127.6182036352066
2030-04-03 20:00:00,143081.23163309073,177328.70276509362,587456.5706074373,1.7948877939488739e-09
2030-04-03 21:00:00,141722.15836697805,175521.29331001747,578971.9269293664,436.6492327439628
2030-04-03 22:00:00,140363.08510086517,173713.88385494112,570487.2832512981,1685.6340062286129
2030-04-03 23:00:00,139004.01183475275,171906.4743998654,562002.6395732336,2649.173956838476
2030-04-04 00:00:00,137644.93856864018,170099.06494479266,553517.9958951679,3498.7190596898013
2030-04-04 01:00:00,136285.86530252727,168291.65548971554,545033.3522171068,4359.003158292022
2030-04-04 02:00:00,134926.79203641467,166484.2460346393,536548.7085390454,5542.493454168767
2030-04-04 03:00:00,133567.71877030222,164676.83657956377,528064.0648609769,6400.009999998337
2030-04-04 04:00:00,132208.64550412635,162869.42712440764,519579.4211828177,3795.7182044587644
2030-04-04 05:00:00,130849.57223795053,161062.0176692488,511094.7775046583,905.8452871761039
2030-04-04 06:00:00,129490.49897177477,159254.60821409005,502610.133826499,1.112478247227397e-09
2030-04-04 07:00:00,128131.42570566159,157447.198759013,494125.49014842766,5.099837911037542e-08
2030-04-04 08:00:00,126772.35243970601,155659.410826185,487977.07252162026,1.389740254029476e-07
2030-04-04 09:00:00,126853.7529698773,155750.60563093718,493939.43478308,5.972551992890921e-07
2030-04-04 10:00:00,126949.05641234966,155850.1498592523,500257.51770131796,4.6474412697210006e-08
2030-04-04 11:00:00,128209.17774377935,157362.87751896278,506679.5445012445,1993.6307701228934
2030-04-04 12:00:00,129469.29907520971,158875.60517867687,513101.57130117214,4772.098296288669
2030-04-04 13:00:00,130729.42040663892,160388.33283838638,519523.5981011005,6400.009999956239
2030-04-04 14:00:00,130812.5046424593,160493.31596133707,525635.081709949,6400.009999876102
2030-04-04 15:00:00,129453.4313765022,158705.63679507558,524874.118732357,6400.009999939759
2030-04-04 16:00:00,128094.35811038899,156898.22734000202,516389.47505428223,4676.043088685525
2030-04-04 17:00:00,126735.28484427318,155090.81788492194,507904.8313762072,3209.302136655274
2030-04-04 18:00:00,125376.21157815793,153283.40842984265,499420.187698133,1791.8516844070678
2030-04-04 19:00:00,124017.13831204452,151475.9989747654,490935.54402005963,6.127902452135459e-08
2030-04-04 20:00:00,122658.0650460877,149687.13670248658,483227.44377746753,1.590103693160927e-07
2030-04-04 21:00:00,122146.51416630356,149780.70643760017,483280.10701681866,2.1788308419692917e-06
2030-04-04 22:00:00,122225.23770302482,149881.47272823413,487894.16696601355,3.0285635292534486e-06
2030-04-04 23:00:00,122309.89242405315,149989.488626045,493973.36948981305,3.4724848648521625e-06
2030-04-05 00:00:00,122398.58834980425,150112.7784700545,500164.5167893195,3.705657249666878e-06
2030-04-05 01:00:00,122516.3870138907,150526.7811457025,506574.52537296247,3.8972554119980455e-06
2030-04-05 02:00:00,122636.21750641524,151958.84041879344,512986.2099003661,4.195222884728996e-06
2030-04-05 03:00:00,122736.12912061138,152064.4672211421,519349.6711813192,4.0421296831925975e-06
2030-04-05 04:00:00,122820.4567596017,152168.53052169536,525400.9946947283,3.682481365186076e-06
2030-04-05 05:00:00,122893.39028683913,152267.14009467344,527655.6655957156,3.212586038102678e-06
2030-04-05 06:00:00,122964.93358218728,152365.48406672847,529696.662310073,2.4060859827694882e-06
2030-04-05 07:00:00,123044.06158010884,152461.03606622497,535853.5687954503,4.706404983767818e-08
2030-04-05 08:00:00,124304.18291153784,153973.7637259376,542275.5955953778,132.87631032029714
2030-04-05 09:00:00,125564.30424296702,155486.49138564718,548697.6223953062,2434.9594727997855
2030-04-05 10:00:00,126824.42557439597,156999.21904535667,555119.6491952343,4574.352494595447
2030-04-05 11:00:00,128084.54690582478,158511.94670506613,561541.6759951621,6400.009999941062
2030-04-05 12:00:00,128906.59925040652,160024.67436461133,567963.702794925,6400.009999792313
2030-04-05 13:00:00,128991.82529464645,160133.61190092808,574191.0165429645,6400.0099993584245
2030-04-05 14:00:00,129072.21269770646,160223.85821276755,580272.8698813135,6400.009999857997
2030-04-05 15:00:00,127713.13943175133,158439.4573650166,580131.9350207633,6400.009999938792
2030-04-05 16:00:00,126354.06616563961,156632.04790994417,571647.291342689,5670.739713366735
2030-04-05 17:00:00,124994.99289952572,154824.638454866,563162.6476646147,5214.822077529837
2030-04-05 18:00:00,123635.9196334116,153017.22899978762,554678.0039865415,4849.103602727217
2030-04-05 19:00:00,122276.84636729752,151209.8195447092,546193.3603084686,4529.229757345808
2030-04-05 20:00:00,120917.77310118475,149402.4100896355,537708.7166303956,4240.594735534312
2030-04-05 21:00:00,119558.69983507191,147595.00063455806,529224.0729523225,3974.082470709529
2030-04-05 22:00:00,118199.62656895975,145787.59117948162,520739.4292742494,3721.101380922199
2030-04-05 23:00:00,116840.55330284803,143980.18172440588,512254.7855961761,3474.2909283135673
2030-04-06 00:00:00,115481.48003673645,142172.77226933345,503770.141918103,3223.544460518587
2030-04-06 01:00:00,114122.4067706242,140365.36281425657,495285.49824003124,2973.8052854808584
2030-04-06 02:00:00,112763.33350451181,138557.95335917987,486800.85456195904,2722.060606224274
2030-04-06 03:00:00,111404.26023839874,136750.54390410267,478316.21088388684,2461.21217102507
2030-04-06 04:00:00,110045.18697228469,134943.13444902777,469831.56720581604,2181.8666923872597
2030-04-06 05:00:00,108686.11370617013,133135.72499394944,461346.9235277484,1872.9819929009338
2030-04-06 06:00:00,107327.0404400553,131328.31553887055,452862.2798496776,1552.1494672936806
2030-04-06 07:00:00,105967.96717394183,129520.90608379307,444377.63617160555,1167.8576466590937
2030-04-06 08:00:00,104608.89390783042,127713.49662872108,435892.9924935336,707.6274853483187
2030-04-06 09:00:00,103249.8206417193,125906.08717364611,427408.348815461,6.965183274587616e-08
2030-04-06 10:00:00,101890.7473757654,124117.41767244738,419767.59599694953,830.6438727604997
2030-04-06 11:00:00,100531.67410981319,122330.27014983966,417942.1490257188,2670.5495663817505
2030-04-06 12:00:00,99172.60084386259,120544.96532586843,417333.57268237503,5189.646211779669
2030-04-06 13:00:00,97813.52757790983,118756.57230743238,410976.3748536439,6400.009999936083
2030-04-06 14:00:00,96454.45431179937,116949.16285235799,402491.7311755725,6400.009999576404
2030-04-06 15:00:00,95095.38104568784,115141.75339728255,394007.08749750117,6400.009999581031
2030-04-06 16:00:00,93736.30777957503,113334.3439422094,385522.4438194404,6400.009999998889
2030-04-06 17:00:00,92377.23451339944,111526.9344870507,377037.80014128104,5827.789426112644
2030-04-06 18:00:00,91018.1612472239,109719.52503189209,368553.15646312194,3580.561571335438
2030-04-06 19:00:00,89659.08798104843,107912.11557673349,360068.51278496295,1892.4242388955024
2030-04-06 20:00:00,88300.01471487276,106104.70612157747,351583.86910680385,762.3294450935509
2030-04-06 21:00:00,86940.9414486973,104297.2966664188,343099.2254286446,660.4303042272948
2030-04-06 22:00:00,85581.86818252185,102489.88721126015,334614.5817504854,1.4373426893143915e-09
2030-04-06 23:00:00,84222.79491636429,100682.477756121,326129.93807234644,2.1954093654130702e-08
2030-04-07 00:00:00,82863.72165025136,98875.06830104801,317645.294394276,1.0050943592912043e-06
2030-04-07 01:00:00,81504.6483841382,97067.65884597061,309160.65071621485,1.3584126792680748e-06
2030-04-07 02:00:00,80145.57511802527,95260.24939089388,300676.0070381563,1.5515687753203568e-06
2030-04-07 03:00:00,78786.50185191241,93452.83993581751,292191.36336009786,1.6532414697404894e-06
2030-04-07 04:00:00,77427.42858579964,91645.430480745,283706.71968203434,1.6882001403881531e-06
2030-04-07 05:00:00,76068.35531968588,89838.02102566775,275222.07600396604,1.66567562743602e-06
2030-04-07 06:00:00,74709.28205357205,88030.61157059016,266737.43232590443,1.5593044551810448e-06
2030-04-07 07:00:00,73350.20878745886,86223.20211551295,258252.78864783392,1.346617532255029e-06
2030-04-07 08:00:00,71991.13552134801,84415.79266044167,249768.14496976222,9.829728333260147e-07
2030-04-07 09:00:00,70632.06225523673,82608.38320536667,241283.50129168975,5.988840884135395e-08
2030-04-07 10:00:00,69272.9889892818,80820.16055167509,237935.43494210797,1.7093651444957483e-07
2030-04-07 11:00:00,69348.40874185303,80920.89255786587,239689.1105964933,727.426218042997
2030-04-07 12:00:00,69432.172848459,81014.86890923197,245757.7968477229,2329.5595700702706
2030-04-07 13:00:00,69516.52623837556,81107.91047198499,251974.55770602508,4195.271239885279
2030-04-07 14:00:00,69597.90592032282,81200.81199412285,258095.2983758241,5841.406469396923
2030-04-07 15:00:00,69669.02653862878,81300.35953727047,258849.2013830347,6400.009999830377
2030-04-07 16:00:00,68309.9532726774,79511.78937776251,250588.0709070005,6400.009999939815
2030-04-07 17:00:00,66950.88000656436,77704.37992268534,242103.4272289273,4543.67993401882
2030-04-07 18:00:00,65591.80674045124,75896.97046760822,233618.7835508548,3093.1855461396503
2030-04-07 19:00:00,64232.733474338376,74089.56101253127,225134.13987278365,1648.9932775447285
2030-04-07 20:00:00,62873.660208227,72282.15155745938,216649.49619471107,6.609980118810199e-08
2030-04-07 21:00:00,61514.58694226908,70491.32301979556,209040.1462025505,7.23600805940805e-07
2030-04-07 22:00:00,60155.51367631106,68701.01367578306,202020.71804127283,7.462409979768669e-07
2030-04-07 23:00:00,58796.44041035442,66912.31959982327,200735.69266047957,2.2470788925440515e-07
2030-04-08 00:00:00,58482.65138071066,67006.86500471282,200787.59076071467,1.7159379429967917e-06
2030-04-08 01:00:00,58551.73013608068,67104.37050945748,202603.4641319001,2.328559447899253e-06
2030-04-08 02:00:00,58621.145897732094,67202.51258122589,204431.2979842837,2.5913215693645294e-06
2030-04-08 03:00:00,58689.26044122153,67300.77381921907,205610.30391079624,2.628870281195902e-06
2030-04-08 04:00:00,58758.82896950794,67400.83501875431,206374.06720324972,2.4451917998371984e-06
2030-04-08 05:00:00,58232.132184028436,67492.71039997495,206415.29199309926,1.618162134564246e-06
2030-04-08 06:00:00,58306.56450700438,67583.55510102004,212536.030085344,4.610011331586987e-08
2030-04-08 07:00:00,59566.68583843312,69096.28276073016,218958.0568852734,1080.9046201620158
2030-04-08 08:00:00,60826.807169863416,70609.01042044467,225380.08368520185,1956.0644156895432
2030-04-08 09:00:00,62086.92850129308,72121.73808015532,231802.11048513005,2559.5827048021793
2030-04-08 10:00:00,63347.049832722914,73634.46573986631,238224.13728505775,2873.179572251219
2030-04-08 11:00:00,64607.171164153224,75147.19339957791,244646.16408498547,3138.7904029553465
2030-04-08 12:00:00,65867.2924955842,76659.92105929309,251068.19088491378,3380.3325181919763
2030-04-08 13:00:00,67127.41382701529,78172.64871900486,257490.21768484337,3809.9262176344955
2030-04-08 14:00:00,68387.53515844623,79685.37637871661,263912.24448477244,4469.243065387205
2030-04-08 15:00:00,69647.65648987675,81198.104038428,270334.2712847008,5470.132638809979
2030-04-08 16:00:00,70907.77782130653,82710.83169814186,276756.2980846288,6400.0099999592185
2030-04-08 17:00:00,69940.6100852355,82803.93610896346,276802.38344874175,6400.009999958187
2030-04-08 18:00:00,68581.53681912248,80996.52665388708,268317.7397706683,5869.415224586657
2030-04-08 19:00:00,67222.46355300899,79189.11719880979,259833.09609259677,5585.599359381676
2030-04-08 20:00:00,65863.39028689636,77381.7077437367,251348.45241452468,5360.842738001919
2030-04-08 21:00:00,64504.317020783026,75574.29828865909,242863.80873645202,5167.636190685972
2030-04-08 22:00:00,63145.24375467027,73766.8888335821,234379.16505837912,4994.869742461584
2030-04-08 23:00:00,61786.170488558004,71959.47937850573,225894.52138030616,4834.673978431131
2030-04-09 00:00:00,60414.50954548648,70157.20846250447,217409.87770223315,4675.202591455668
2030-04-09 01:00:00,59042.84860241455,68354.93754649886,208925.23402416136,4522.929597966204
2030-04-09 02:00:00,57671.18765934266,66552.66663049354,200440.59034608936,4372.512950775634
2030-04-09 03:00:00,56299.526716270186,64750.395714488004,191955.94666801885,4217.717160462934
2030-04-09 04:00:00,54927.865773197744,62948.124798486635,183471.30298995192,4069.5549208704188
2030-04-09 05:00:00,53556.20483006304,61145.85388240016,174986.6593117926,591.3049208723093
2030-04-09 06:00:00,52184.543886989966,59343.58296639476,166502.01563372728,407.54357165859716
2030-04-09 07:00:00,50812.88294391856,57541.312050390465,158017.37195565575,4.212535031911102e-08
2030-04-09 08:00:00,50879.85580108672,57648.957469068155,163471.47684819717,4.22940615862899e-08
2030-04-09 09:00:00,52127.38945555747,59166.82366785029,169893.5036481247,1348.8523601135444
2030-04-09 10:00:00,53374.923110029216,60684.68986663359,176315.53044805233,3629.053536027358
2030-04-09 11:00:00,54622.45676450091,62202.556065417004,182737.55724797977,5844.936471370651
2030-04-09 12:00:00,55869.99041897196,63720.42226420297,189159.5840479065,6400.009999950921
2030-04-09 13:00:00,55975.41348331588,64108.86366056319,195569.7941768194,6400.009999134519
2030-04-09 14:00:00,56041.58551662044,64206.906383202484,201699.8943410931,6400.009999138474
2030-04-09 15:00:00,55248.964596449456,64305.24677047624,201751.07892349275,6400.009999954588
2030-04-09 16:00:00,53877.30365337861,62502.97585447596,193266.43524541962,5713.255449268549
2030-04-09 17:00:00,52505.642710305176,60700.70493846994,184781.79156735566,5270.095499521551
2030-04-09 18:00:00,51133.98176717047,58898.43402238355,176297.14788919632,1791.8454995234476
2030-04-09 19:00:00,49762.32082409687,57096.16310637763,167812.5042111255,1183.3713751964196
2030-04-09 20:00:00,48390.65988102451,55293.892190375984,159327.86053305608,695.9060680583825
2030-04-09 21:00:00,47018.998937952885,53491.62127437116,150843.21685498336,4.008990117654321e-08
2030-04-09 22:00:00,47089.22755521743,53588.17940407744,157039.98220471467,4.259373018738438e-08
2030-04-09 23:00:00,48336.76120968914,55106.045602860824,163462.00900464228,1346.1448494008196
2030-04-10 00:00:00,49584.29486416141,56623.91180164784,169884.03580457,2313.1913101763807
2030-04-10 01:00:00,50831.82851863299,58141.77800043099,176306.0626044989,2869.9260653257043
2030-04-10 02:00:00,52079.36217310457,59659.644199214345,182728.08940442713,3263.2040172889856
2030-04-10 03:00:00,53326.89582757582,61177.510397997685,189150.11620435488,3502.6723315516388
2030-04-10 04:00:00,54574.429482046835,62695.376596783986,195572.1430042823,3393.1304134912907
2030-04-10 05:00:00,55821.963136516046,64213.24279556571,201994.16980420979,2819.7219638417937
2030-04-10 06:00:00,57069.4967909857,65731.10899434793,208416.19660413743,2805.126606464609
2030-04-10 07:00:00,58317.03044545603,67248.97519313062,214838.22340406606,2888.946212778238
2030-04-10 08:00:00,59564.56409992714,68766.84139191688,221260.25020399375,2897.2242401917156
2030-04-10 09:00:00,60812.09775439743,70284.70759069911,227682.27700392107,3055.4617776681844
2030-04-10 10:00:00,62059.631408867695,71802.57378948145,234104.30380384804,3112.991422634626
2030-04-10 11:00:00,63307.165063338354,73320.4399882642,240526.33060377478,3244.1205961764203
2030-04-10 12:00:00,64554.69871780943,74838.3061870503,246948.35740370164,3338.6047337824343
2030-04-10 13:00:00,65802.23237227988,76356.17238583232,253370.38420362992,3513.3074050113673
2030-04-10 14:00:00,67049.76602675027,77874.03858461452,259792.4110035575,3796.002177788552
2030-04-10 15:00:00,68297.29968122035,79391.90478339668,266214.4378034849,4179.683136204026
2030-04-10 16:00:00,69544.83333569036,80909.770982182,272636.4646034123,4386.460029004019
2030-04-10 17:00:00,70792.366990158,82427.63718096202,279058.49140333984,2998.894350569447
2030-04-10 18:00:00,72039.90064462605,83945.50337974254,285480.5182032673,2173.04171586014
2030-04-10 19:00:00,73287.43429909543,85463.36957852419,291902.54500319576,2344.6942779979818
2030-04-10 20:00:00,74534.96795356623,86981.23577731007,298324.57180312334,2559.3095625798314
2030-04-10 21:00:00,75782.50160803644,88499.10197609196,304746.5986030506,2788.078931903372
2030-04-10 22:00:00,77030.0352625072,90016.96817487445,311168.6254029775,2998.0222378850463
2030-04-10 23:00:00,78277.56891697827,91534.8343736574,317590.65220290434,3134.960882612489
2030-04-11 00:00:00,79525.10257144984,93052.7005724438,324012.6790028314,3180.3575965622017
2030-04-11 01:00:00,80772.63622592084,94570.56677122631,330434.70580275985,3230.952888528983
2030-04-11 02:00:00,82020.16988039184,96088.43297000909,336856.73260268767,3296.0584189387887
2030-04-11 03:00:00,83267.7035348626,97606.2991687919,343278.759402615,3357.611884428263
2030-04-11 04:00:00,84515.23718933343,99124.16536757785,349700.7862025419,3288.3860029554376
2030-04-11 05:00:00,85762.7708438031,100642.03156635977,356122.8130024689,3207.3842292779536
2030-04-11 06:00:00,87010.30449827296,102159.897765142,362544.8398023961,3170.152307535414
2030-04-11 07:00:00,88257.83815274331,103677.76396392453,368966.8666023245,3123.951423782144
2030-04-11 08:00:00,89505.3718072147,105195.63016271079,375388.8934022523,3091.4270344369747
2030-04-11 09:00:00,90752.90546168569,106713.49636149344,381810.92020217987,3226.1769498280755
2030-04-11 10:00:00,92000.4391161568,108231.36256027626,388232.94700210716,3352.7726813423747
2030-04-11 11:00:00,93247.97277062834,109749.22875905946,394654.9738020344,3612.3111307662666
2030-04-11 12:00:00,94495.50642510025,111267.09495784597,401077.00060196186,3961.9474955785668
2030-04-11 13:00:00,95743.04007957164,112784.9611566287,407499.02740189066,4703.343849406159
2030-04-11 14:00:00,96990.57373404264,114302.82735541125,413921.054201819,5831.166005800524
2030-04-11 15:00:00,98238.10738851195,115820.69355419259,420343.0810017472,6400.009999958606
2030-04-11 16:00:00,98294.49679421175,115925.05339232131,423582.63170480606,6400.009999959005
2030-04-11 17:00:00,96922.83585113955,114122.7824763162,415097.9880267318,4451.87250252653
2030-04-11 18:00:00,95551.17490806738,112320.5115603111,406613.3443486581,1636.2611949946615
2030-04-11 19:00:00,94179.51396499579,110518.24064430653,398128.7006705862,7.306471161427908e-08
2030-04-11 20:00:00,92807.85302208186,108734.82889710659,395674.5157020977,24.487852646529745
2030-04-11 21:00:00,91436.19207916339,108770.88835022839,395658.4285438214,2736.517447165216
2030-04-11 22:00:00,90064.53113625162,108800.93878159886,395639.48811308056,3442.1299492056196
2030-04-11 23:00:00,88692.87019333741,108830.37826371421,395621.3057524526,4895.160110095714
2030-04-12 00:00:00,87321.20925042611,108862.38513998606,395602.90450287506,6074.848997184742
2030-04-12 01:00:00,85949.54830751532,108854.84867039419,395583.3578914094,6349.4204197682675
2030-04-12 02:00:00,84577.88736460281,107071.29402218769,394767.93824847526,6367.000794674264
2030-04-12 03:00:00,83206.22642169058,105285.97696294394,386531.8157284975,6400.009999930897
2030-04-12 04:00:00,81834.56547861936,103483.70604694323,378047.17205042485,4204.026002780454
2030-04-12 05:00:00,80462.90453554613,101681.43513093707,369562.5283723522,2164.274388968978
2030-04-12 06:00:00,79091.24359247454,99879.16421493284,361077.88469428,6.687745234372022e-08
2030-04-12 07:00:00,77719.582649559,98094.46669409297,354357.42609089415,5.069009359508147e-07
2030-04-12 08:00:00,76347.92170665326,96458.25429500118,354326.916776582,2.1995332662837187e-07
2030-04-12 09:00:00,76403.43990890791,96562.3590513546,355992.1039894393,923.4177211750768
2030-04-12 10:00:00,76460.8037989074,96667.16291016692,358299.41848437523,1487.0747831237345
2030-04-12 11:00:00,76523.61671130122,96773.42777883599,363733.18169421266,2223.3809419665563
2030-04-12 12:00:00,76592.16343610057,96876.31456118356,369840.67011051107,3870.967519137387
2030-04-12 13:00:00,76658.30449764695,96978.5954362983,376005.0379071249,5578.2429049042275
2030-04-12 14:00:00,76718.86171342361,97084.43177859571,378906.90715951525,6400.009999831202
2030-04-12 15:00:00,75347.2007705117,95300.45951938225,372780.91679524386,6400.009999943598
2030-04-12 16:00:00,73975.53982744152,93498.18860338246,364296.27311717294,6400.009999720107
2030-04-12 17:00:00,72603.8788843699,91695.91768737927,355811.6294391064,6400.009999998825
2030-04-12 18:00:00,71232.21794123553,89893.64677129308,347326.98576094717,4114.449637677651
2030-04-12 19:00:00,69860.55699810124,88091.37585520689,338842.34208278806,2129.5427992217
2030-04-12 20:00:00,68488.89605496683,86289.10493912335,330357.698404629,315.5555980994625
2030-04-12 21:00:00,67117.23511183263,84486.83402303715,321873.0547264698,148.94224357146436
2030-04-12 22:00:00,65745.57416869845,82684.56310695095,313388.4110483106,1.3527312603400787e-09
2030-04-12 23:00:00,64373.913225628625,80882.2921909493,304903.76737024443,982.2521159331026
2030-04-13 00:00:00,63002.25228255707,79080.02127494874,296419.1236921783,3507.1074058423683
2030-04-13 01:00:00,61630.59133948695,77277.75035894607,287934.4800141217,5914.481615336626
2030-04-13 02:00:00,60258.93039641718,75475.47944294411,279449.83633605874,6400.009999998442
2030-04-13 03:00:00,58887.26945328293,73673.20852685791,270965.1926578997,5382.418870398192
2030-04-13 04:00:00,57515.608510148355,71870.93761077426,262480.5489797405,3550.521631087034
2030-04-13 05:00:00,56143.94756701385,70068.66669468788,253995.90530158117,1629.4145204155898
2030-04-13 06:00:00,54772.28662387944,68266.39577860165,245511.261623422,1.0785347972991656e-09
2030-04-13 07:00:00,53400.625680807505,66464.12486259725,237026.6179453654,2.7235191923534826e-07
2030-04-13 08:00:00,52028.96473773841,64661.85394659903,228541.974267295,4.1443990653334486e-08
2030-04-13 09:00:00,52070.1299000065,64765.56465248833,228769.76359655766,274.98283367478217
2030-04-13 10:00:00,52138.316124685596,64868.65052059993,234873.09410638746,1496.936861424686
2030-04-13 11:00:00,52212.01345664756,64975.02543799186,241075.671579775,3038.720251692403
2030-04-13 12:00:00,52288.21937514307,65079.61538618453,247301.40442293763,4708.96693990135
2030-04-13 13:00:00,52357.992360046475,65183.52164679287,253511.26878201624,6160.176632820319
2030-04-13 14:00:00,52394.823966056196,65287.24977382609,253714.20410371132,6400.009999958433
2030-04-13 15:00:00,51023.163022987035,63484.97885782421,245229.56042564035,6400.0099997276975
2030-04-13 16:00:00,49651.502079916005,61682.70794182356,236744.91674757432,6400.009999999052
2030-04-13 17:00:00,48279.841136781615,59880.437025737236,228260.27306941518,5422.150453001875
2030-04-13 18:00:00,46908.180193647204,58078.1661096509,219775.62939125585,3848.907566963249
2030-04-13 19:00:00,45536.51925051284,56275.895193564545,211290.98571309668,2583.8094673828055
2030-04-13 20:00:00,44164.85830737833,54473.62427748085,202806.34203493767,1347.0738821683792
2030-04-13 21:00:00,42793.197364244006,52671.3533613944,194321.69835677865,45.72228082731931
2030-04-13 22:00:00,41421.536421109704,50869.082445308006,185837.05467861946,1.2454179909582308e-09
2030-04-13 23:00:00,40049.87547803903,49066.81152930473,177352.411000552,238.18702273625104
2030-04-14 00:00:00,38678.214534968334,47264.54061330477,168867.76732249773,356.49972367557325
2030-04-14 01:00:00,37306.55359189649,45462.26969729934,160383.1236444456,430.2622249371892
2030-04-14 02:00:00,35934.89264882474,43659.99878129435,151898.4799663913,496.227576735878
2030-04-14 03:00:00,34563.231705752914,41857.727865289824,143413.8362883344,554.1545959608861
2030-04-14 04:00:00,33191.57076268096,40055.45694928904,134929.192610267,611.3877921920515
2030-04-14 05:00:00,31819.909819593628,38253.18603326062,126444.54893217406,3.224851476653609e-07
2030-04-14 06:00:00,30448.248876520745,36450.91511725492,117959.90525410685,3.79244461846753e-07
2030-04-14 07:00:00,29076.58793345029,34648.64420125203,109475.26157603698,3.884068950799584e-08
2030-04-14 08:00:00,29135.837402039986,34755.78568596923,111970.5266035335,1.6193196400472178e-07
2030-04-14 09:00:00,30129.87028022435,36273.65188458347,118392.55340330127,5.646757551380581e-08
2030-04-14 10:00:00,31377.403934696347,37791.51808336731,124814.58020323007,1513.9936534895855
2030-04-14 11:00:00,32624.93758916886,39309.38428215185,131236.60700315883,2744.1338574607876
2030-04-14 12:00:00,33872.47124364175,40827.250480939765,137658.6338030878,3775.822937888732
2030-04-14 13:00:00,35120.004898114035,42345.11667972356,144080.66060301792,4965.50245544223
2030-04-14 14:00:00,36367.53855258608,43862.982878507195,150502.68740294737,6400.009999957297
2030-04-14 15:00:00,36435.32733669972,43973.1694531906,156697.25011577917,6400.009999877891
2030-04-14 16:00:00,35063.66639378791,42189.713040974886,149993.40264495986,6400.009999936178
2030-04-14 17:00:00,33692.005450715296,40387.44212496949,141508.75896689176,6035.156475616694
2030-04-14 18:00:00,32320.344507642683,38585.17120896472,133024.11528882303,3384.209409921507
2030-04-14 19:00:00,30948.68356457021,36782.90029295988,124539.47161075966,2748.8430400790853
2030-04-14 20:00:00,29577.02262149774,34980.62937695798,116054.82793269654,2568.8584027980523
2030-04-14 21:00:00,28205.361678425063,33178.35846095186,107570.18425463606,2387.6485291651256
2030-04-14 22:00:00,26833.700735352613,31376.087544945818,99085.54057656675,2205.4283354133636
2030-04-14 23:00:00,25462.0397922806,29573.81662894031,90600.89689849506,2023.1101392494743
2030-04-15 00:00:00,24090.378849208842,27771.54571293844,82116.25322042294,1833.915899505092
2030-04-15 01:00:00,22718.717906136528,25969.274796932088,73631.60954235133,1634.1791787423406
2030-04-15 02:00:00,21347.056963064428,24167.003880926302,65146.965864279075,1423.715704172027
2030-04-15 03:00:00,19975.39601999237,22364.73296492093,56662.32218620641,1193.9591640540375
2030-04-15 04:00:00,18603.735076920417,20562.462048919246,48177.67850813348,924.7946930758236
2030-04-15 05:00:00,17232.074133847556,18760.19113291321,39693.03483006054,587.9158489530239
2030-04-15 06:00:00,15860.413190775918,16957.92021690874,31208.39115198707,4.532497730746283e-08
2030-04-15 07:00:00,14531.2892595669,17054.721509996903,31237.26752640765,5.598540516218786e-07
2030-04-15 08:00:00,14637.444085672852,17493.29331542547,37646.81398243128,4.348437707204572e-08
2030-04-15 09:00:00,15884.977740144357,19011.159514208535,44068.840782359475,1475.3428955903928
2030-04-15 10:00:00,17132.51139461633,20529.02571299224,50490.86758228732,2518.945231019762
2030-04-15 11:00:00,18380.045049088625,22046.891911776424,56912.89438221508,3381.54666758792
2030-04-15 12:00:00,19627.578703561147,23564.75811056389,63334.921182143094,4210.229880544017
2030-04-15 13:00:00,20875.11235803285,25082.624309347153,69756.94798207232,5378.2230260197775
2030-04-15 14:00:00,22122.646012503672,26600.490508129868,76178.97478200072,6400.009999957891
2030-04-15 15:00:00,22176.20776073266,26703.98812106956,82194.3585880937,6400.009999877623
2030-04-15 16:00:00,20804.5468178175,24919.465793423766,78379.64664455497,6400.009999938127
2030-04-15 17:00:00,19432.88587474514,23117.194877418617,69895.00296648056,4198.77717608259
2030-04-15 18:00:00,18061.224931672237,21314.923961412867,61410.35928840661,2155.111620061978
2030-04-15 19:00:00,16689.563988600697,19512.653045408464,52925.715610333624,7.2308012022404e-08
2030-04-15 20:00:00,15317.903045686593,17727.264590941337,44825.34185269054,281.1558817484647
2030-04-15 21:00:00,13946.242102770984,15941.119051287194,41527.54848462882,559.7947480120163
2030-04-15 22:00:00,12574.581159858204,14156.981020288404,41211.21674153403,2372.7890862993004
2030-04-15 23:00:00,11202.92021695359,12580.838375826248,41186.48742543064,5303.017127103278
2030-04-16 00:00:00,9852.612494622901,10791.051373442968,39226.25928062592,5538.03211083655
2030-04-16 01:00:00,8502.304772289162,8999.1348081437,36105.98584517663,5821.967478572223
2030-04-16 02:00:00,7151.997049955187,7207.429430206993,31877.530575759174,6350.490383170718
2030-04-16 03:00:00,5801.689327609505,5408.575798419931,23422.601486102933,6400.009999927611
2030-04-16 04:00:00,4451.381605120534,3601.1500775777504,14937.957808027133,3205.2356703942373
2030-04-16 05:00:00,3101.073882629927,1793.724356730245,6453.314129951335,6.341177626168047e-08
2030-04-16 06:00:00,1750.7661602907274,3.154636942781508e-07,4.4491953069536315e-07,1.3304074286138377e-07
2030-04-16 07:00:00,1798.0342452217312,58.431874156206575,4.92618604851247e-07,1.672707095072177e-07
2030-04-16 08:00:00,2883.7815738994473,1477.8567706354434,2069.8710304858682,5.6113332642906855e-08
2030-04-16 09:00:00,4152.668448951028,2990.5681645416125,8491.897830390617,1142.8987042187196
2030-04-16 10:00:00,5421.555324003584,4503.279558449051,14913.924630294669,2091.9040677656344
2030-04-16 11:00:00,6690.44219905668,6015.990952357279,21335.951430198267,2813.4056945433103
2030-04-16 12:00:00,7959.329074110234,7528.702346266429,27757.978230101948,3290.930797808194
2030-04-16 13:00:00,9228.21594916294,9041.413740173772,34180.00503000756,3765.7251908874696
2030-04-16 14:00:00,10497.102824215652,10554.125134081423,40602.03182991234,4445.901829851233
2030-04-16 15:00:00,11765.989699268073,12066.836527989024,47024.058629816536,5453.073511826765
2030-04-16 16:00:00,13034.876574320093,13579.547921896668,53446.085429720166,6400.009999938001
2030-04-16 17:00:00,14073.982151474902,14956.699575395869,55867.81983179576,5212.867871127899
2030-04-16 18:00:00,14460.843939230943,16002.752638737626,55903.07036719913,2112.784990271166
2030-04-16 19:00:00,15465.752121365964,17370.13013282308,57252.794004382085,1026.0339716634032
2030-04-16 20:00:00,16563.20597906037,18783.93543728683,62489.09355624702,6.490654413937591e-08
2030-04-16 21:00:00,17832.092854110713,20296.646831191567,68911.12035614948,1683.739174615328
2030-04-16 22:00:00,19100.97972916065,21809.35822509598,75333.14715605075,39.20040871340916
2030-04-16 23:00:00,20369.86660421154,23322.069619001857,81755.17395595292,527.0902838265442
2030-04-17 00:00:00,21638.75347926318,24834.781012909065,88177.2007558556,2195.7023376271013
2030-04-17 01:00:00,22907.640354314044,26347.492406814417,94599.2275557605,4850.737322902772
2030-04-17 02:00:00,24176.527229364536,27860.2038007197,101021.25435566394,6400.009999935376
2030-04-17 03:00:00,25259.795766330288,29262.693140156225,106557.39530988426,5920.834618119111
2030-04-17 04:00:00,25694.64552361862,30421.652794877667,106702.97982416632,4129.772189576287
2030-04-17 05:00:00,25691.999656572498,30397.149705664193,106504.95169738086,651.5221898771224
2030-04-17 06:00:00,26614.07085343491,31738.457524722056,107844.03554241432,6.356265552502116e-08
2030-04-17 07:00:00,27882.957728485573,33251.16891862843,114266.0623423198,1188.1366245034083
2030-04-17 08:00:00,29151.844603538353,34763.880312537265,120688.08914222398,2059.0303534944096
2030-04-17 09:00:00,30420.731478590387,36276.591706444626,127110.11594212774,2669.530385221952
2030-04-17 10:00:00,31689.618353642218,37789.303100352074,133532.14274203085,2881.7054633100806
2030-04-17 11:00:00,32958.50522869484,39302.01449426043,139954.16954193375,3138.910683903101
2030-04-17 12:00:00,34227.39210374837,40814.72588817005,146376.19634183735,3415.0458307243634
2030-04-17 13:00:00,35496.27897880146,42327.437282078296,152798.22314174304,3861.725944296513
2030-04-17 14:00:00,36765.16585385445,43840.1486759866,159220.24994164772,4538.669701565905
2030-04-17 15:00:00,38034.052728907125,45352.86006989476,165642.27674155173,5571.324241395343
2030-04-17 16:00:00,39302.93960395895,46865.57146380248,172064.30354145542,6400.009999958912
2030-04-17 17:00:00,39259.90659321288,46820.58559264233,171725.1016318759,6400.009999959154
2030-04-17 18:00:00,37909.59887072234,45013.159871766235,163240.4579537811,5432.397573453377
2030-04-17 19:00:00,36559.291148231794,43205.73415088993,154755.8142756869,4881.722984643196
2030-04-17 20:00:00,35208.983425742634,41398.30843001521,146271.17059759254,4446.011502767116
2030-04-17 21:00:00,33858.67570325293,39590.88270913924,137786.52691949802,4075.488156746036
2030-04-17 22:00:00,32508.367980763673,37783.456988263766,129301.88324140332,3773.7822814144392
2030-04-17 23:00:00,31158.060258274494,35976.031267388455,120817.23956330842,3440.1133846948082
2030-04-18 00:00:00,29807.752535785763,34168.60554651385,112332.59588521367,3098.579651936731
2030-04-18 01:00:00,28457.44481329593,32361.179825637377,103847.95220711951,2748.827998257064
2030-04-18 02:00:00,27107.137090805718,30553.754104760843,95363.30852902491,2382.3291043731856
2030-04-18 03:00:00,25756.82936831474,28746.328383883887,86878.6648509299,1979.8967306638106
2030-04-18 04:00:00,24406.521645823075,26938.90266300692,78394.02117283498,1509.1621248565841
2030-04-18 05:00:00,23056.21392333013,25131.476942128276,69909.37749474005,911.2754739093061
2030-04-18 06:00:00,21705.9062008391,23324.051221251484,61424.73381664486,4.1650014317264816e-08
2030-04-18 07:00:00,21682.67095082173,23289.43338700256,61208.313505170874,4.128656114825388e-08
2030-04-18 08:00:00,22951.557825874752,24802.144780911352,67630.34030507498,1210.4189783352645
2030-04-18 09:00:00,24220.444700927477,26314.856174819146,74052.36710497887,2251.2020976258796
2030-04-18 10:00:00,25489.331575980243,27827.567568727274,80474.39390488196,2865.5965689599634
2030-04-18 11:00:00,26758.218451033164,29340.27896263584,86896.42070478474,3339.35807589227
2030-04-18 12:00:00,28027.10532608655,30852.990356545317,93318.44750468798,3767.9481347843907
2030-04-18 13:00:00,29295.992201138964,32365.701750452867,99740.47430459328,4488.685301646178
2030-04-18 14:00:00,30564.879076191017,33878.41314436037,106162.50110449776,5579.062146664585
2030-04-18 15:00:00,31833.765951241472,35391.12453826648,112584.52790440142,6400.009999958432
2030-04-18 16:00:00,31801.67653021838,35358.25043630304,112333.47374005095,6400.009999959183
2030-04-18 17:00:00,30451.368807726773,33550.82471542586,103848.8300619554,3664.188724161946
2030-04-18 18:00:00,29101.061085234876,31743.398994548526,95364.18638386026,926.452033193737
2030-04-18 19:00:00,27750.753362744148,29935.9732736723,86879.54270576645,4.152184374106582e-08
2030-04-18 20:00:00,27716.60933015006,29901.653684590714,86625.08556155468,1.598929202373256e-07
2030-04-18 21:00:00,28566.417997827928,31234.094766938528,89593.54406860331,5.6746683672038654e-08
2030-04-18 22:00:00,29835.30487287944,32746.80616084501,96015.57086850633,1818.983816154505
2030-04-18 23:00:00,31104.191747931207,34259.51755475198,102437.5976684092,3372.3409051304534
2030-04-19 00:00:00,32373.07862298368,35772.22894866014,108859.62446831226,4884.825546031024
2030-04-19 01:00:00,33641.96549803475,37284.940342565795,115281.65126821703,6270.901075608831
2030-04-19 02:00:00,34910.85237308509,38797.651736470914,121703.67806811954,6400.009999941163
2030-04-19 03:00:00,35702.30222160494,40124.31062370499,124066.11653236506,6400.009999748745
2030-04-19 04:00:00,35656.99902874919,40085.4408427906,123810.25133297303,4393.16503284363
2030-04-19 05:00:00,35546.771284879964,40008.186576683715,123425.15022451409,1751.517442823991
2030-04-19 06:00:00,35494.76500734223,39961.326573708735,123195.95010828038,2.6083917528719904e-07
2030-04-19 07:00:00,36296.86940042304,41284.85833399183,127663.75724616699,5.720277685549753e-08
2030-04-19 08:00:00,37565.75627547499,42797.569727899565,134085.78404607082,1250.070791839105
2030-04-19 09:00:00,38834.64315052639,44310.28112180584,140507.810845974,2207.787293034293
2030-04-19 10:00:00,40103.530025577995,45822.9925157125,146929.8376458765,2783.667657926505
2030-04-19 11:00:00,41372.416900629956,47335.70390961971,153351.86444577874,3238.5557506587993
2030-04-19 12:00:00,42641.30377568268,48848.4153035281,159773.89124568115,3683.295681090492
2030-04-19 13:00:00,43910.19065073457,50361.12669743461,166195.91804558577,4383.879663555022
2030-04-19 14:00:00,45179.07752578616,51873.838091341124,172617.9448454896,5423.579565355214
2030-04-19 15:00:00,46447.96440083632,53386.54948524647,179039.97164539303,6400.009999954058
2030-04-19 16:00:00,46403.36978129072,53348.887293739506,178801.4214502623,6055.082867814475
2030-04-19 17:00:00,45517.04762039462,53041.21394783147,171524.8019252177,3948.205055750524
2030-04-19 18:00:00,44166.73989790323,51233.78822695439,163040.15824712266,469.95505581825745
2030-04-19 19:00:00,44059.89065475284,51159.020708455646,162722.1955152304,2.4923042474256363e-07
2030-04-19 20:00:00,44841.95868558889,52496.95337443303,166286.8377279729,5.6675276027817745e-08
2030-04-19 21:00:00,46110.84556063967,54009.66476833841,172708.864527876,1339.1518992880467
2030-04-19 22:00:00,47379.732435691396,55522.37616224497,179130.89132777875,2547.1249364693285
2030-04-19 23:00:00,48648.61931074321,57035.08755615189,185552.9181276814,3428.778605132077
2030-04-20 00:00:00,49917.506185795784,58547.798950060074,191974.9449275843,4380.764340348405
2030-04-20 01:00:00,51186.39306084713,60060.51034396608,198396.97172748917,5553.089373642289
2030-04-20 02:00:00,52455.27993589751,61573.221737871485,204818.99852739242,6400.009999942408
2030-04-20 03:00:00,53175.7612879005,62885.03816679228,208374.9858425556,6400.009999747488
2030-04-20 04:00:00,53107.1291804587,62837.74121287205,208116.03359000094,3258.6727951540543
2030-04-20 05:00:00,52991.463002310964,62757.724999867074,207793.35859487997,64.50955089022776
2030-04-20 06:00:00,53102.937429997946,62812.719812223346,207763.64403964413,4.834698191600758e-08
2030-04-20 07:00:00,54371.82430504767,64325.43120612871,214185.670839549,954.9839987935499
2030-04-20 08:00:00,55640.71118009993,65838.14260003695,220607.6976394526,1867.9416583999239
2030-04-20 09:00:00,56909.598055151655,67350.85399394379,227029.72443935566,2564.4831965287253
2030-04-20 10:00:00,58178.48493020377,68863.56538785118,233451.75123925816,3062.7400355257882
2030-04-20 11:00:00,59447.37180525632,70376.2767817592,239873.7780391606,3554.674653383254
2030-04-20 12:00:00,60716.25868030951,71888.98817566814,246295.80483906344,4089.893946193382
2030-04-20 13:00:00,61985.14555536178,73401.69956957526,252717.83163896826,5023.83070424074
2030-04-20 14:00:00,63254.032430413536,74914.41096348202,259139.85843887212,6400.009999943879
2030-04-20 15:00:00,63993.304382197435,76229.43675878436,263701.6382942383,6400.009999841707
2030-04-20 16:00:00,63343.73049045145,76035.58800049967,260467.5435094271,6400.009999958651
2030-04-20 17:00:00,61993.42276795988,74228.16227962221,251982.89983133101,5489.202709266048
2030-04-20 18:00:00,60643.11504546776,72420.7365587443,243498.25615323533,4922.18133579898
2030-04-20 19:00:00,59292.80732297617,70613.31083786672,235013.61247514017,4476.436831159786
2030-04-20 20:00:00,57942.49960048643,68805.8851169912,226528.9687970451,4096.798788044981
2030-04-20 21:00:00,56592.19187799633,66998.45939611451,218044.32511894993,3756.9335756048113
2030-04-20 22:00:00,55241.8841555065,65191.03367523825,209559.6814408546,3429.815205882106
2030-04-20 23:00:00,53891.576433016955,63383.607954362444,201075.03776275917,3108.9039282080516
2030-04-21 00:00:00,52541.26871052807,61576.182233487634,192590.394084664,2785.705479421466
2030-04-21 01:00:00,51190.96098803799,59768.756512610904,184105.75040656936,2443.9609129364535
2030-04-21 02:00:00,49840.65326554765,57961.33079173427,175621.10672847432,2080.379982392954
2030-04-21 03:00:00,48490.345543056996,56153.90507085764,167136.46305037892,1679.1223797982618
2030-04-21 04:00:00,47140.037820566504,54346.47934998175,158651.81937228324,1196.6871223307612
2030-04-21 05:00:00,45789.730098075095,52539.05362910448,150167.17569418743,555.1881043244658
2030-04-21 06:00:00,44439.42237558506,50731.62790822878,141682.53201609256,4.2053399171534764e-08
2030-04-21 07:00:00,44356.727286141795,50675.36410213055,141440.54390038957,4.203772013547465e-08
2030-04-21 08:00:00,45625.614161193924,52188.075496038684,147862.57070029236,672.3709195345875
2030-04-21 09:00:00,46894.5010362459,53700.78688994584,154284.5975001956,1821.4798279088595
2030-04-21 10:00:00,48163.387911298356,55213.49828385375,160706.6243000983,2633.2874029113023
2030-04-21 11:00:00,49432.27478635128,56726.20967776233,167128.65110000092,3320.1158366278237
2030-04-21 12:00:00,50701.16166140484,58238.921071671946,173550.677899904,3981.443239718736
2030-04-21 13:00:00,51970.04853645738,59751.63246557948,179972.7046998091,4970.9312491146175
2030-04-21 14:00:00,53238.93541150957,61264.3438594868,186394.7314997131,6400.009999944084
2030-04-21 15:00:00,53825.201067499234,62532.583082151934,188658.2644814072,6400.009999842492
2030-04-21 16:00:00,52986.905608603825,62275.15713654011,183637.06304568463,6400.009999958769
2030-04-21 17:00:00,51636.59788611257,60467.73141566286,175152.41936758885,4986.779964392276
2030-04-21 18:00:00,50286.290163620084,58660.30569478451,166667.7756894933,3925.9530456807747
2030-04-21 19:00:00,48935.982441128,56852.879973906405,158183.13201139835,3014.879225103436
2030-04-21 20:00:00,47585.67471863734,55045.45425302997,149698.48833330316,2126.333489028165
2030-04-21 21:00:00,46235.366996146484,53238.02853215255,141213.84465520794,1175.0013581104408
2030-04-21 22:00:00,44885.059273656356,51430.60281127599,132729.20097711257,4.553999133349862e-08
2030-04-21 23:00:00,43615.419134606855,49735.735121055164,124336.46562781393,1.626092284823244e-06
2030-04-22 00:00:00,42490.37543761914,48961.689035611846,116212.35559646065,2.1972128696758903e-06
2030-04-22 01:00:00,41562.26484108935,48631.13116290696,110332.99233992262,2.4148129820230122e-06
2030-04-22 02:00:00,40790.932040014945,48394.39294575052,108191.89765167637,2.4185092353154736e-06
2030-04-22 03:00:00,40309.46486430618,48233.64306441038,107329.32001500049,2.2008770127715407e-06
2030-04-22 04:00:00,40113.36504547046,48144.72490076399,106891.2965010897,1.6491471333686345e-06
2030-04-22 05:00:00,39983.050573568165,48068.565633604056,106604.22226710412,4.6111436823830546e-08
2030-04-22 06:00:00,41251.93744861747,49581.277027508746,113026.24906700545,120.07661656426096
2030-04-22 07:00:00,42520.82432366874,51093.98842141576,119448.27586691028,1354.1585177851211
2030-04-22 08:00:00,43789.71119872169,52606.699815324915,125870.30266681385,2108.1130764298778
2030-04-22 09:00:00,45058.598073773865,54119.41120923243,132292.32946671726,2666.455901393225
2030-04-22 10:00:00,46327.48494882627,55632.1226031404,138714.35626661996,2999.03445314124
2030-04-22 11:00:00,47596.3718238792,57144.83399704908,145136.38306652292,3323.3496789955857
2030-04-22 12:00:00,48865.2586989329,58657.5453909588,151558.4098664264,3644.8652468041028
2030-04-22 13:00:00,50134.14557398575,60170.256784866746,157980.43666633187,4234.753025645197
2030-04-22 14:00:00,51403.03244903818,61682.96817877433,164402.46346623596,5151.99584027212
2030-04-22 15:00:00,52671.91932408974,63195.6795726811,170824.49026613918,6400.0099999588265
2030-04-22 16:00:00,52544.196575808026,63128.65596879998,170534.6523121822,6400.009999959667
2030-04-22 17:00:00,51193.888853316836,61321.23024792306,162050.0086340864,4891.625039372892
2030-04-22 18:00:00,49843.58113082448,59513.80452704497,153565.3649559906,3636.4947079777844
2030-04-22 19:00:00,48493.273408332556,57706.37880616713,145080.7212778954,2511.138957877648
2030-04-22 20:00:00,47142.96568584235,55898.95308529117,136596.0775998001,1364.230879092456
2030-04-22 21:00:00,45792.657963351994,54091.527364414316,128111.43392170488,4.581147550197784e-08
2030-04-22 22:00:00,44819.066097846466,53736.093482650846,122151.92104537826,1234.088739209932
2030-04-22 23:00:00,43992.16492101138,53489.17964633915,120124.28815919824,2715.3264796970643
2030-04-23 00:00:00,43126.86458710552,53190.67745942084,115605.73013823589,3494.843775642173
2030-04-23 01:00:00,42244.87711312655,52863.21855368499,111799.32110503728,4371.9341305931275
2030-04-23 02:00:00,41336.48180168195,52517.32538793933,106874.40691438058,5356.8256152825525
2030-04-23 03:00:00,40349.896688449306,52068.972001957074,99622.1428936567,6400.009999952728
2030-04-23 04:00:00,39056.199899485735,50261.25494114678,91137.49921556069,3209.2244537121487
2030-04-23 05:00:00,37762.50311052081,48453.537880334756,82652.85553746458,4.270958912223499e-08
2030-04-23 06:00:00,36796.59401029916,48069.919472798334,77103.339703683,1.6304903540691284e-07
2030-04-23 07:00:00,37445.0030449623,49349.08278529755,82622.18789525684,5.697765494346758e-08
2030-04-23 08:00:00,38770.50085354059,50861.50283927038,89044.21469515984,1024.6308389424498
2030-04-23 09:00:00,40095.99866211822,52373.9228932418,95466.24149506271,1937.0361570543378
2030-04-23 10:00:00,41421.496470696664,53886.34294721428,101888.26829496493,2693.691408440626
2030-04-23 11:00:00,42746.994279275554,55398.76300118745,108310.2950948669,3353.390178454478
2030-04-23 12:00:00,44072.49208785516,56911.18305516172,114732.32189476941,4002.041256984154
2030-04-23 13:00:00,45397.98989643375,58423.60310913396,121154.348694674,4965.968405180746
2030-04-23 14:00:00,46723.48770501205,59936.02316310611,127576.37549457762,6400.009999943073
2030-04-23 15:00:00,47701.59115452644,61300.450359503906,133669.55610925014,6400.009999838977
2030-04-23 16:00:00,47549.35471604622,61207.661254443694,133308.85128248134,6400.009999958929
2030-04-23 17:00:00,46255.65792708137,59399.94419363187,124824.2076043851,4825.268044893415
2030-04-23 18:00:00,44961.96113811495,57592.22713281873,116339.5639262897,3499.646252499981
2030-04-23 19:00:00,43668.26434914924,55784.51007200607,107854.92024819406,2299.1280498206825
2030-04-23 20:00:00,42374.56756018552,53976.793011195645,99370.27657009843,1026.592071345172
2030-04-23 21:00:00,41080.870771222006,52169.07595038464,90885.63289200312,4.5237129597808234e-08
2030-04-23 22:00:00,40159.58605759509,51830.05467653778,87173.63728388042,541.456387764687
2030-04-23 23:00:00,39952.65256470413,51721.987321384026,86761.14119998948,2447.882056693996
2030-04-24 00:00:00,39771.56565148079,51627.9185721153,86369.56484237313,4263.208039446515
2030-04-24 01:00:00,39443.61930057648,51484.99580022622,85895.1439676798,5534.014659862434
2030-04-24 02:00:00,38539.27387401657,51168.080641340675,83340.56509158702,5979.4839712582225
2030-04-24 03:00:00,37461.59348476877,50398.45754556151,75441.83250917133,6400.0099999530385
2030-04-24 04:00:00,36167.89669580517,48590.74048475148,66957.18883107533,3204.6335888541325
2030-04-24 05:00:00,34874.19990684002,46783.02342393954,58472.54515297899,4.4526711809041583e-08
2030-04-24 06:00:00,33831.18357201643,46262.59196375404,51324.43924724334,5.756909694235168e-07
2030-04-24 07:00:00,33719.38068974515,46185.53613292533,51079.70361243648,4.367650229600148e-08
2030-04-24 08:00:00,35044.878498323415,47697.95618689858,57501.730412339704,1088.7483991368993
2030-04-24 09:00:00,36370.3763069015,49210.37624087075,63923.75721224267,2106.733939611873
2030-04-24 10:00:00,37695.87411548006,50722.79629484363,70345.78401214497,2812.9770612106636
2030-04-24 11:00:00,39021.371924058956,52235.216348817085,76767.81081204707,3403.5169225674763
2030-04-24 12:00:00,40346.869732638566,53747.6364027916,83189.83761194964,3992.8651170671483
2030-04-24 13:00:00,41672.36754121728,55260.056456764214,89611.8644118544,4974.166340507498
2030-04-24 14:00:00,42997.86534979553,56772.476510736495,96033.89121175793,6400.009999944021
2030-04-24 15:00:00,43488.90071492165,57943.50329145611,98925.64771312862,6400.0099998436535
2030-04-24 16:00:00,42454.11867723322,57422.51568317645,91722.33357467668,6400.009999957394
2030-04-24 17:00:00,41160.42188826721,55614.79862236365,83237.68989658011,4837.578372816642
2030-04-24 18:00:00,39866.72509930081,53807.081561550964,74753.04621848732,3522.877688554761
2030-04-24 19:00:00,38573.028310334616,51999.36450073804,66268.40254039284,2458.2844136038784
2030-04-24 20:00:00,37279.33152137052,50191.647439927336,57783.75886229711,1378.4784138088146
2030-04-24 21:00:00,35985.63473240666,48383.93037911609,49299.11518420151,4.503635864239186e-08
2030-04-24 22:00:00,34977.92829319975,47922.03728162259,42964.01286649665,568.5663253279474
2030-04-24 23:00:00,34129.54168988535,47665.89505728618,41530.96414364621,1092.6644535689675
2030-04-25 00:00:00,33831.82647368578,47557.6724082377,41082.911151834014,2775.654828230935
2030-04-25 01:00:00,33520.987486783524,47430.50044618707,40699.27896359495,4494.688989526256
2030-04-25 02:00:00,33054.74066939432,47278.22571658164,40150.40201046098,5788.460880809386
2030-04-25 03:00:00,32091.37717622797,46925.421586387885,36631.041264712614,6400.009999954654
2030-04-25 04:00:00,30797.680387265027,45117.704525578345,28146.397586616677,3215.3231304833107
2030-04-25 05:00:00,29503.98359830048,43309.9874647669,19661.753908520357,4.40935551432203e-08
2030-04-25 06:00:00,28345.694524800514,41890.06557315866,11442.698943978283,9.090198989468993e-07
2030-04-25 07:00:00,27922.934220114927,41746.5640956041,10973.342580621524,9.297063681362618e-07
2030-04-25 08:00:00,27708.210578894148,41662.3025662124,10625.874392215806,2.4169913714818534e-07
2030-04-25 09:00:00,28256.414696857366,42906.54301630718,15285.668634131562,8.295259338932632e-07
2030-04-25 10:00:00,29395.77455637926,44312.763904428895,21511.01925110099,6.137056907215982e-08
2030-04-25 11:00:00,30721.272364956014,45825.1839584001,27933.046051002377,1600.3581988785365
2030-04-25 12:00:00,32046.77017353406,47337.60401237301,34355.072850904304,3257.4073087534525
2030-04-25 13:00:00,33372.267982111,48850.02406634365,40777.09965080853,4888.724375156842
2030-04-25 14:00:00,34697.76579068768,50362.444120314314,47199.12645071131,6400.009999941075
2030-04-25 15:00:00,35499.5711103783,51702.34099824723,53094.53270310712,6400.009999805824
2030-04-25 16:00:00,35127.29656583541,51592.18818743783,52580.96685961866,6400.009999392444
2030-04-25 17:00:00,34122.043586796484,51211.80606150183,46323.209908014534,6400.009999956818
2030-04-25 18:00:00,32828.3467978319,49404.08900069044,37838.56622991848,3198.1696330609166
2030-04-25 19:00:00,31534.650008867357,47596.37193987905,29353.922551822998,4.415642251842655e-08
2030-04-25 20:00:00,30371.607537885324,46119.33110481163,21079.186703700612,1.1384890967747197e-06
2030-04-25 21:00:00,29499.610039612668,45864.27823587785,19226.40238351022,1.3635582765687776e-06
2030-04-25 22:00:00,28704.706149801976,45650.865843692096,17830.851195613854,1.195479507411359e-06
2030-04-25 23:00:00,28208.565986745343,45516.84570221246,17140.437603960065,3.286223166977935e-07
2030-04-26 00:00:00,28505.917030372268,45766.802136876984,17326.13795691225,1120.6662440849054
2030-04-26 01:00:00,28911.185431013746,46685.30021826584,17950.817553464134,3854.8873735549046
2030-04-26 02:00:00,29242.403251579944,47035.39232869514,18250.751134653096,6400.009999565538
2030-04-26 03:00:00,29079.573746634473,46956.31475010475,17871.131861176986,5415.367466163911
2030-04-26 04:00:00,28400.746568654395,46794.655393076675,16689.122860280942,2812.4326994297303
2030-04-26 05:00:00,27567.07506320199,46571.71922267601,14914.149863885626,2.54413862421643e-07
2030-04-26 06:00:00,28037.478266747316,47771.042012410406,16261.531064319686,5.887811133983372e-08
2030-04-26 07:00:00,29362.976075323888,49283.46206638142,22683.55786422313,1273.4036863713034
2030-04-26 08:00:00,30688.47388390236,50795.88212035465,29105.584664125035,2079.3762667716146
2030-04-26 09:00:00,32013.971692479787,52308.302174326,35527.61146402647,2682.5867260236582
2030-04-26 10:00:00,33339.46950105727,53820.72222829763,41949.63826392719,3050.97081556532
2030-04-26 11:00:00,34664.96730963506,55333.14228226975,48371.66506382767,3390.3895715599774
2030-04-26 12:00:00,35990.465118213535,56845.56233624292,54793.69186372845,3724.4692783681403
2030-04-26 13:00:00,37315.96292679071,58357.98239021373,61215.71866363156,4311.673642988198
2030-04-26 14:00:00,38641.46073536749,59870.402444184474,67637.74546353362,5231.751757265161
2030-04-26 15:00:00,39966.9585439431,61382.822498154324,74059.77226343531,6400.009999943025
2030-04-26 16:00:00,40332.707217470386,62206.565018611414,74443.5854170043,6400.009999746267
2030-04-26 17:00:00,39497.99750608248,62002.244647257765,72664.47426274208,4364.6174500884445
2030-04-26 18:00:00,38554.48815644767,61737.5121334583,68904.25449336984,2000.137641349455
2030-04-26 19:00:00,37742.27566399045,61546.013355161616,67468.69775476323,2.555036644480424e-07
2030-04-26 20:00:00,38209.75646845612,62773.06346284793,68533.908124049,5.684432835550979e-08
2030-04-26 21:00:00,39535.25427703113,64285.483516816676,74955.93492394935,687.6112906671863
2030-04-26 22:00:00,40860.75208560821,65797.9035707878,81377.96172384996,1849.5274078873808
2030-04-26 23:00:00,42186.249894185865,67310.32362475977,87799.9885237503,2510.1196310617834
2030-04-27 00:00:00,43511.74770276471,68822.74367873342,94222.01532365123,2883.6151961655532
2030-04-27 01:00:00,44837.24551134247,70335.16373270498,100644.04212355442,3094.1494256040887
2030-04-27 02:00:00,46162.743319920286,71847.58378667699,107066.06892345645,3271.7875152851275
2030-04-27 03:00:00,47488.241128497706,73360.003840649,113488.09572335752,3398.1449567761297
2030-04-27 04:00:00,48813.738937075206,74872.42389462159,119910.12252325779,3331.1368058392427
2030-04-27 05:00:00,50139.23674565066,76384.8439485917,126332.14932315818,3175.504453975779
2030-04-27 06:00:00,51464.73455422631,77897.2640025622,132754.17612305903,3127.0066067646785
2030-04-27 07:00:00,52790.2323628025,79409.68405653318,139176.20292296173,3103.3604160568757
2030-04-27 08:00:00,54115.73017138015,80922.10411050598,145598.2297228631,3063.674422159829
2030-04-27 09:00:00,55441.22797995663,82434.52416447682,152020.25652276393,3161.5878583127474
2030-04-27 10:00:00,56766.725788533004,83946.94421844772,158442.28332266415,3168.201422198264
2030-04-27 11:00:00,58092.2235971102,85459.36427241951,164864.31012256417,3292.7306425907227
2030-04-27 12:00:00,59417.72140568859,86971.78432639274,171286.33692246475,3439.191726592996
2030-04-27 13:00:00,60743.219214266195,88484.20438036417,177708.36372236774,3772.5854893386
2030-04-27 14:00:00,62068.71702284359,89996.62443433558,184130.39052226936,4293.823944399399
2030-04-27 15:00:00,63394.21483142043,91509.0444883066,190552.41732217022,5145.714763047242
2030-04-27 16:00:00,64719.71263999725,93021.46454227802,196974.44412207103,6400.0099999426475
2030-04-27 17:00:00,65228.580636496605,94274.44270325366,200245.14171360695,6400.009999744141
2030-04-27 18:00:00,64336.609383011775,94066.54248384219,198466.09387656875,3331.233659862505
2030-04-27 19:00:00,63477.73818750213,93870.9061997157,197097.169376392,290.12212274742114
2030-04-27 20:00:00,63558.71825362537,93871.50723109806,196955.6458350121,3.4672302717808634e-07
2030-04-27 21:00:00,64036.558277237615,95092.96194679788,198818.31068729216,1.4995040942267224e-06
2030-04-27 22:00:00,64395.18695015816,95843.13066478173,199221.54476851004,1.6494736792051238e-06
2030-04-27 23:00:00,64940.85540732691,97130.02725039194,202767.66102854846,1.1637629575753905e-06
2030-04-28 00:00:00,66266.35321554892,98642.44730401196,209189.68782806938,317.21511604231966
2030-04-28 01:00:00,67355.72127496789,100039.83875263114,215406.17461440084,281.0212135678825
2030-04-28 02:00:00,68475.88492538092,101449.09147635632,221620.751959204,241.891296155602
2030-04-28 03:00:00,69058.90857994476,102760.86927712127,226405.86754462504,193.2636776154518
2030-04-28 04:00:00,69483.51752065758,103936.34861485838,227086.12207269578,122.67483154934233
2030-04-28 05:00:00,69987.10484306952,105203.12369618696,230138.7740351162,6.379480765872358e-08
2030-04-28 06:00:00,71312.6026516446,106715.54375015719,236560.80083501787,1130.429203958577
2030-04-28 07:00:00,72638.10046022115,108227.9638041288,242982.82763492118,1916.548798539355
2030-04-28 08:00:00,73963.59826879989,109740.38385810287,249404.854434823,2430.8885469709826
2030-04-28 09:00:00,75289.0960773778,111252.80391207531,255826.88123472466,2887.8210566027133
2030-04-28 10:00:00,76614.59388595595,112765.22396604816,262248.9080346256,3192.646340042183
2030-04-28 11:00:00,77940.0916945344,114277.64402002144,268670.9348345263,3505.4249357264907
2030-04-28 12:00:00,79265.58950311363,115790.0640739957,275092.9616344276,3847.916626532353
2030-04-28 13:00:00,80591.0873116917,117302.48412796797,281514.98843433097,4532.6957396658945
2030-04-28 14:00:00,81916.58512026939,118814.90418193994,287937.0152342332,5587.345989956153
2030-04-28 15:00:00,83242.08292884543,120327.32423591039,294359.04203413427,6400.009999958083
2030-04-28 16:00:00,82346.39944327627,120132.61138387311,291912.2748465547,6400.009999959822
2030-04-28 17:00:00,81052.70265431103,118324.89432306102,283427.63116845815,5297.797531550461
2030-04-28 18:00:00,79759.00586534494,116517.1772622481,274942.98749036196,4521.076383885929
2030-04-28 19:00:00,78465.30907637884,114709.46020143497,266458.3438122665,3890.5396615648715
2030-04-28 20:00:00,77171.61228741416,112901.74314062341,257973.70013417062,3325.1943049479114
2030-04-28 21:00:00,75877.91549844915,111094.02607981088,249489.05645607482,2804.8007153181015
2030-04-28 22:00:00,74584.21870948451,109286.30901899889,241004.4127779788,2277.572910577241
2030-04-28 23:00:00,73290.52192052027,107478.5919581875,232519.76909988275,1711.4014773821968
2030-04-29 00:00:00,71996.8251315569,105670.87489737742,224035.12542178688,1027.6224600081518
2030-04-29 01:00:00,70703.12834259268,103863.15783656585,215550.48174369172,4.540015652310103e-08
2030-04-29 02:00:00,69569.77995545247,102985.19148693542,207419.75896504548,9.02992951523629e-07
2030-04-29 03:00:00,68570.1343596768,102688.7448275635,201895.3029912291,9.185539164434059e-07
2030-04-29 04:00:00,67640.9268666834,102479.07470455457,198671.12093213963,2.0455793827402173e-07
2030-04-29 05:00:00,67970.40707768982,102957.68419298186,198976.2405571878,5.733616851472475e-08
2030-04-29 06:00:00,69295.90488626556,104470.10424695247,205398.2673570894,1247.2760873774403
2030-04-29 07:00:00,70621.40269484275,105982.52430092453,211820.29415699255,2065.2636304765033
2030-04-29 08:00:00,71946.90050342145,107494.94435489851,218242.32095689423,2478.710057043151
2030-04-29 09:00:00,73272.3983119989,109007.3644088706,224664.3477567957,2807.8570094637616
2030-04-29 10:00:00,74597.89612057664,110519.78446284324,231086.37455669665,3015.7284892385087
2030-04-29 11:00:00,75923.3939291547,112032.20451681642,237508.40135659752,3176.9193145838935
2030-04-29 12:00:00,77248.89173773365,113544.6245707909,243930.42815649905,3267.645460498033
2030-04-29 13:00:00,78574.38954631146,115057.04462476326,250352.4549564029,3434.7726850140907
2030-04-29 14:00:00,79899.88735488897,116569.46467873569,256774.48175630532,3682.4757395378
2030-04-29 15:00:00,81225.3851634655,118081.88473270745,263196.5085562065,3967.6560427864897
2030-04-29 16:00:00,82550.88297204183,119594.30478667942,269618.5353561073,4125.226033122226
2030-04-29 17:00:00,83876.3807806154,121106.72484064815,276040.5621560086,3509.4545888996627
2030-04-29 18:00:00,85201.87858918871,122619.14489461677,282462.58895590954,2404.575507187403
2030-04-29 19:00:00,86527.37639776364,124131.56494858686,288884.61575581226,2592.4464848761972
2030-04-29 20:00:00,87852.87420634055,125643.98500255919,295306.64255571365,2742.4126249968926
2030-04-29 21:00:00,89178.3720149165,127156.40505652956,301728.6693556146,2908.6224901925434
2030-04-29 22:00:00,90503.8698234933,128668.82511050094,308150.6961555151,3101.2542160267444
2030-04-29 23:00:00,91829.36763207054,130181.24516447294,314572.72295541555,3259.964895249276
2030-04-30 00:00:00,93141.28584728237,131686.42551408685,320994.74975531606,3244.6940015195064
2030-04-30 01:00:00,94453.20406249323,133191.6058636988,327416.77655521885,3291.7685215122365
2030-04-30 02:00:00,95765.12227770411,134696.7862133111,333838.80335512053,3393.6778825076826
2030-04-30 03:00:00,97077.04049291468,136201.96656292334,340260.8301550214,3481.7413967776934
2030-04-30 04:00:00,98388.95870812552,137707.14691253626,346682.85695492185,3329.1435571166003
2030-04-30 05:00:00,99700.87692333462,139212.327262147,353104.8837548225,3124.770559635252
2030-04-30 06:00:00,101012.79513854416,140717.5076117583,359526.9105547235,3123.7199719475275
2030-04-30 07:00:00,102324.71335375425,142222.68796137007,365948.9373546262,3124.703997139295
2030-04-30 08:00:00,103636.63156896591,143727.86831098367,372370.9641545275,3102.3825310010684
2030-04-30 09:00:00,104948.54978417636,145233.04866059535,378792.9909544284,3191.3283679976157
2030-04-30 10:00:00,106260.4679993869,146738.22901020732,385215.0177543288,3247.3221623185373
2030-04-30 11:00:00,107572.38621459817,148243.4093598201,391637.0445542289,3426.235226637071
2030-04-30 12:00:00,108884.3044298106,149748.58970943428,398059.07135412947,3658.3555333337667
2030-04-30 13:00:00,110196.2226450221,151253.77005904657,404481.09815403225,4150.317729270636
2030-04-30 14:00:00,111508.1408602334,152758.95040865886,410903.12495393393,4971.731883666784
2030-04-30 15:00:00,112820.05907544403,154264.13075827074,417325.1517538355,6253.545433821924
2030-04-30 16:00:00,114131.97729065409,155769.3111078822,423747.17855373403,6400.009999952873
2030-04-30 17:00:00,113147.90879532039,155512.56953742652,421656.2144089452,6070.518233150073
2030-04-30 18:00:00,112081.87924855764,155125.7610989706,415475.89493907284,5827.977560925985
2030-04-30 19:00:00,111034.96653425277,154796.32093927555,411400.3728643885,5661.129793421542
2030-04-30 20:00:00,110064.21739407988,154556.4642787628,408873.9786931444,5534.141438916465
2030-04-30 21:00:00,109097.97078478256,154302.3427012346,406901.44896637404,5425.920079426782
2030-04-30 22:00:00,108112.05071317601,154031.736987505,404183.4701790188,5319.295332343923
2030-04-30 23:00:00,107147.25257961272,153786.04821065284,401871.0096157104,5222.105023829972
2030-05-01 00:00:00,106304.80813856913,153616.98239792837,400796.43336533714,5135.167279658915
2030-05-01 01:00:00,105367.39566379583,153382.01530042765,399306.6829550216,5051.550472963763
2030-05-01 02:00:00,104378.82763825766,153109.57943656927,396687.1325931098,4968.276817397531
2030-05-01 03:00:00,103285.61112257364,152632.11051532437,389173.51887396624,4860.657136622291
2030-05-01 04:00:00,101978.33474024422,150817.15375015556,380688.8751958704,1382.4071366911376
2030-05-01 05:00:00,100722.09492879233,149073.45618216696,372276.8286333427,138.14356546895345
2030-05-01 06:00:00,99713.75389562758,148795.07747132122,369674.17438919353,2.5554174418417604e-07
2030-05-01 07:00:00,100270.76905147266,150097.36703080658,375362.3471894337,5.766952477402144e-08
2030-05-01 08:00:00,101582.68726668482,151602.5473804208,381784.37398933526,1288.5259960015394
2030-05-01 09:00:00,102894.60548189616,153107.72773003345,388206.40078923653,2167.9722339724617
2030-05-01 10:00:00,104206.52369710791,154612.90807964682,394628.42758913717,2664.0533935703434
2030-05-01 11:00:00,105518.44191232018,156118.0884292609,401050.4543890379,2973.086281598189
2030-05-01 12:00:00,106830.36012753335,157623.26877887634,407472.48118893924,3133.886711641309
2030-05-01 13:00:00,108142.27834274559,159128.44912848982,413894.5079888431,3300.2465858598653
2030-05-01 14:00:00,109454.19655795775,160633.62947810357,420316.5347887456,3498.759015252852
2030-05-01 15:00:00,110766.1147731693,162138.80982771708,426738.561588647,3696.756005258794
2030-05-01 16:00:00,112078.0329883807,163643.99017733085,433160.5883885478,3692.2908996807882
2030-05-01 17:00:00,113389.95120359,165149.17052694206,439582.61518844886,3317.4765824369315
2030-05-01 18:00:00,114701.86941879918,166654.35087655328,446004.6419883499,2919.719937002127
2030-05-01 19:00:00,116013.78763400938,168159.5312261654,452426.66878825286,2935.0074654228774
2030-05-01 20:00:00,117325.7058492212,169664.71157577937,458848.69558815454,2968.5265581772833
2030-05-01 21:00:00,118637.62406443217,171169.89192539168,465270.72238805605,3173.6830838357373
2030-05-01 22:00:00,119949.54227964312,172675.07227500412,471692.74918795703,3246.893861461821
2030-05-01 23:00:00,121261.46049485473,174180.2526246173,478114.7759878578,3484.140192181805
2030-05-02 00:00:00,122573.37871006681,175685.43297423125,484536.8027877589,3623.9044247847623
2030-05-02 01:00:00,123885.29692527791,177190.6133238433,490958.8295876621,4027.8428201532815
2030-05-02 02:00:00,125197.21514048894,178695.79367345554,497380.8563875643,4751.239230223241
2030-05-02 03:00:00,126509.13335569952,180200.97402306757,503802.883187466,5856.36191650703
2030-05-02 04:00:00,127821.05157090935,181706.15437267933,510224.90998736524,4307.832998017385
2030-05-02 05:00:00,128749.78073459401,183064.60722988757,516326.15980582667,829.5829981346857
2030-05-02 06:00:00,130061.69894980236,184569.78757949735,522748.1866057282,1053.135691331394
2030-05-02 07:00:00,131373.61716501237,186074.96792910883,529170.2134056316,1799.8309499861894
2030-05-02 08:00:00,132685.5353802246,187580.14827872277,535592.2402055333,2353.267436750628
2030-05-02 09:00:00,133997.45359543606,189085.32862833512,542014.2670054347,2808.7000616932564
2030-05-02 10:00:00,135309.37181064804,190590.50897794813,548436.2938053356,3166.4034376688614
2030-05-02 11:00:00,136621.29002586036,192095.68932756162,554858.3206052363,3506.2546710516763
2030-05-02 12:00:00,137933.20824107341,193600.86967717615,561280.3474051375,3857.93174171291
2030-05-02 13:00:00,139245.12645628536,195106.05002678873,567702.3742050409,4532.681952290108
2030-05-02 14:00:00,140557.04467149693,196611.23037640107,574124.4010049433,5568.065795584375
2030-05-02 15:00:00,141868.9628867069,198116.41072601208,580546.4278048453,6400.009999953752
2030-05-02 16:00:00,141025.42488704764,197944.95978732378,579867.0689474666,5731.604463015567
2030-05-02 17:00:00,139929.28560826488,197479.5261290971,574306.2122666179,4497.682345612116
2030-05-02 18:00:00,138782.96883497506,196678.92092493878,566436.9831302951,1941.7157982942888
2030-05-02 19:00:00,137716.33434809253,196293.83101989652,563399.3567538648,954.0907329919191
2030-05-02 20:00:00,136775.14423388746,196074.54138317856,562386.6805822413,4.5610499910253566e-07
2030-05-02 21:00:00,136983.60125586344,196176.25206948904,562433.007023863,66.160948366924
2030-05-02 22:00:00,137365.49148342805,197127.37383274338,563321.6518191884,1214.2383457879293
2030-05-02 23:00:00,137807.79506197196,198313.43578843735,565860.8031309232,2795.860536228578
2030-05-03 00:00:00,138236.60763823005,199478.09593343094,567601.1209761412,3892.265009697476
2030-05-03 01:00:00,138646.69102474337,200556.98632685535,569369.6538506027,5026.62067882807
2030-05-03 02:00:00,139035.73921182228,201553.17515967842,570513.3988474776,6275.344054315781
2030-05-03 03:00:00,139263.59492600497,201684.49946957902,570602.7193546736,6400.009999554746
2030-05-03 04:00:00,138308.89629789602,201459.14326112065,569687.5210676735,3880.639714568442
2030-05-03 05:00:00,137307.2592370305,201179.35355547382,568719.483839991,1377.823401826901
2030-05-03 06:00:00,136547.2009095435,201018.34765249534,568301.5117272995,2.6434667492646543e-07
2030-05-03 07:00:00,137055.9276931041,202295.2410635408,574220.7510109002,5.757589734668869e-08
2030-05-03 08:00:00,138367.8459083166,203800.4214131552,580642.7778108035,1243.2914925535517
2030-05-03 09:00:00,139679.76412352847,205305.6017627683,587064.8046107063,2151.7179689237914
2030-05-03 10:00:00,140991.68233874094,206810.78211238212,593486.8314106085,2749.840661550589
2030-05-03 11:00:00,142303.60055395385,208315.96246199656,599908.8582105107,3202.7726951992545
2030-05-03 12:00:00,143615.51876916757,209821.14281161226,606330.8850104137,3596.8583323863263
2030-05-03 13:00:00,144927.43698438036,211326.32316122606,612752.9118103187,4198.2767363525945
2030-05-03 14:00:00,146239.35519959297,212831.50351083992,619174.9386102227,5082.035516972448
2030-05-03 15:00:00,147551.27341480492,214336.68386045328,625596.9654101265,6400.009999943937
2030-05-03 16:00:00,147956.38886068977,215432.54762532478,629879.7889981418,6400.009999837366
2030-05-03 17:00:00,146920.75668755532,215089.69378669249,629879.7889983822,6400.009999957687
2030-05-03 18:00:00,145613.48030522582,213274.7370215233,625719.5526810138,6022.231091119053
2030-05-03 19:00:00,144306.20392289688,211459.78025635454,622780.2307305121,5826.855049772073
2030-05-03 20:00:00,142998.92754056954,209644.82349118768,621105.0620501414,5684.987965666904
2030-05-03 21:00:00,141691.65115824132,207829.86672601933,619064.7615683498,5562.123098362512
2030-05-03 22:00:00,140384.37477591247,206014.9099608502,610705.2903753056,4914.728780226066
2030-05-03 23:00:00,139077.098393584,204199.95319568153,602346.7895827139,4452.641535201859
2030-05-04 00:00:00,137769.82201125627,202384.99643051368,593986.7159674164,3967.5530774804533
2030-05-04 01:00:00,136462.54562892753,200570.03966534426,585635.4914634401,3480.1153735577564
2030-05-04 02:00:00,135155.26924659885,198755.0829001751,577282.8399679549,2999.3507188288827
2030-05-04 03:00:00,133847.9928642699,196940.1261350059,568927.5361919233,2491.997594479756
2030-05-04 04:00:00,132540.7164819407,195125.16936983692,560568.5585973061,1896.1120577823954
2030-05-04 05:00:00,131233.44009961025,193310.21260466633,552206.7511359814,1186.7668115961012
2030-05-04 06:00:00,129926.16371728087,191495.25583949682,543854.0279967771,178.3023332541306
2030-05-04 07:00:00,128618.88733495327,189680.29907432944,543404.3924039167,4.5586148189613596e-08
2030-05-04 08:00:00,127660.89569828662,189434.15938219818,549826.4192038196,631.9483643906358
2030-05-04 09:00:00,126885.92382094354,189275.8250649033,556248.4460037246,1382.7675176466012
2030-05-04 10:00:00,126210.09230935012,189142.59260237758,562670.4728036291,2105.2430536635975
2030-05-04 11:00:00,125721.20180146923,189038.98967348214,569092.4996035338,3118.085720149697
2030-05-04 12:00:00,125444.07904446853,188969.3426449754,575514.5264034388,4980.024979305455
2030-05-04 13:00:00,124731.6947300712,188825.00808599207,581936.5532033459,5744.006542075099
2030-05-04 14:00:00,123780.882081792,188570.66917721828,588358.58000325,6400.009999957529
2030-05-04 15:00:00,122473.60569946504,186755.7124120509,587272.766757238,6400.009999588746
2030-05-04 16:00:00,121166.32931713681,184940.75564688217,578926.5575931302,6400.009999584006
2030-05-04 17:00:00,119859.05293480684,183125.7988817121,570656.6871308576,6400.0099999989025
2030-05-04 18:00:00,118551.77655241489,181310.84211647962,562172.0434526985,3532.597445484667
2030-05-04 19:00:00,117244.500170023,179495.88535124713,553687.3997745393,677.7729283125459
2030-05-04 20:00:00,115937.22378763136,177680.92858601484,545202.7560963802,1.4233592082746327e-09
2030-05-04 21:00:00,114629.94740530118,175865.97182084422,536907.2017994849,9.376597063237568e-07
2030-05-04 22:00:00,113322.67102297148,174051.0150556737,528604.7050582633,1.2626877036962032e-06
2030-05-04 23:00:00,112015.39464064201,172236.05829050345,520277.41835261474,1.426814794260685e-06
2030-05-05 00:00:00,110708.1182583136,170421.10152533452,511941.2840070736,1.4981040850999378e-06
2030-05-05 01:00:00,109400.84187598426,168606.14476016405,503609.03641439584,1.4929497128551215e-06
2030-05-05 02:00:00,108093.56549365511,166791.18799499408,495274.88211594324,1.4157290921619814e-06
2030-05-05 03:00:00,106786.28911132603,164976.23122982445,486939.56842127146,1.2473610900106118e-06
2030-05-05 04:00:00,105479.01272899722,163161.27446465558,478601.50711135665,9.22982573045113e-07
2030-05-05 05:00:00,104171.73634666772,161346.31769948575,470258.89573563257,1.051758327097763e-07
2030-05-05 06:00:00,102864.45996438706,159531.36093436592,471346.2828908534,6.36597195670477e-08
2030-05-05 07:00:00,103024.66388222572,159584.04421074738,477768.30969076196,4.2489844782661535e-08
2030-05-05 08:00:00,104336.5820974404,161089.22456036368,484190.3364907191,1320.6195150263443
2030-05-05 09:00:00,105648.50031265414,162594.40490997842,490612.36329067627,2243.0518922207666
2030-05-05 10:00:00,106960.4185278682,164099.58525959376,497034.3900906331,2834.7540064576833
2030-05-05 11:00:00,108272.33674308244,165604.76560920945,503456.4168905898,3261.2518015982832
2030-05-05 12:00:00,109584.25495829739,167109.9459588261,509878.443690547,3633.3208344982327
2030-05-05 13:00:00,110896.17317351149,168615.12630844093,516300.4704905048,4285.188482010757
2030-05-05 14:00:00,112208.09138872537,170120.30665805546,522722.49729046214,5269.6317120228405
2030-05-05 15:00:00,113520.00960393847,171625.48700766911,529144.5240904192,6400.009999959064
2030-05-05 16:00:00,112534.92184000375,171345.73643108614,535566.5508903222,6400.009999959628
2030-05-05 17:00:00,111227.6454576738,169530.77966591573,527225.2268000286,5510.160132807606
2030-05-05 18:00:00,109920.36907534246,167715.8229007441,518899.56040534854,4906.1434542342295
2030-05-05 19:00:00,108613.09269301091,165900.86613557205,510580.6263138337,4429.014149148779
2030-05-05 20:00:00,107305.81631068121,164085.90937040187,502256.3610760425,4015.5854996983994
2030-05-05 21:00:00,105998.53992835135,162270.95260523082,493931.3583812409,3642.90048060576
2030-05-05 22:00:00,104691.26354602285,160455.99584006102,485597.2201835783,3317.376925467124
2030-05-05 23:00:00,103383.98716369462,158641.03907489165,477260.7503831349,2988.3761832550017
2030-05-06 00:00:00,102076.71078136683,156826.082309723,468928.38416039414,2633.190570220029
2030-05-06 01:00:00,100769.43439903816,155011.12554455272,460617.2720238328,2263.265243860173
2030-05-06 02:00:00,99462.15801670973,153196.16877938295,452297.72812059894,1874.6185683404487
2030-05-06 03:00:00,98154.88163438143,151381.21201421355,443971.95453468047,1444.6511553466407
2030-05-06 04:00:00,96847.60525205392,149566.2552490452,435638.2980573678,906.6112945887782
2030-05-06 05:00:00,95540.32886972564,147751.2984838758,427317.641605836,262.7263191190562
2030-05-06 06:00:00,94233.05248739802,145936.3417187075,423832.6620447339,1.2425197861933463e-07
2030-05-06 07:00:00,92925.77610511828,144121.38495358726,425093.41859785834,7.324177951528366e-08
2030-05-06 08:00:00,91722.61084452996,142492.8870763138,431515.4453977635,52.20272113379825
2030-05-06 09:00:00,90774.05933414499,142246.9114001234,437937.4721976704,87.89234306610801
2030-05-06 10:00:00,89835.30541857991,142012.5569276207,444359.4989975772,113.69697079868342
2030-05-06 11:00:00,89997.95311402003,142066.4418280215,450781.52579748456,431.09595776550077
2030-05-06 12:00:00,90745.24184334309,143446.16587413367,457203.55259741313,3375.0867574836734
2030-05-06 13:00:00,91243.20557902356,144711.92267526838,463625.57939734275,6319.077557200029
2030-05-06 14:00:00,90822.87052359182,144615.29200492034,470047.6061972513,6350.963799221376
2030-05-06 15:00:00,89789.62819941911,144176.43029181607,476469.6329971565,6400.0099999569575
2030-05-06 16:00:00,88482.35181709284,142361.4735266493,473058.1758037353,6400.009998897045
2030-05-06 17:00:00,87175.07543476405,140546.5167614797,464736.6893957389,6400.009998464907
2030-05-06 18:00:00,85867.79905243425,138731.55999630928,456422.7322809109,6400.009998200025
2030-05-06 19:00:00,84560.5226701042,136916.6032311385,448113.8464033565,6400.009998029761
2030-05-06 20:00:00,83253.24628777552,135101.6464659692,439802.35965603596,6400.009997927412
2030-05-06 21:00:00,81945.9699054464,133286.68970079892,431488.81096416496,6400.009997884473
2030-05-06 22:00:00,80638.69352311765,131471.73293562906,423174.2757523528,6400.009997892729
2030-05-06 23:00:00,79331.4171407895,129656.77617045981,414857.675174807,6400.009997954236
2030-05-07 00:00:00,77887.24418563198,127837.75659633141,406551.4950313965,6400.009998066321
2030-05-07 01:00:00,76443.07123047345,126018.73702220141,398262.59852193063,6400.009998255117
2030-05-07 02:00:00,74998.89827531493,124199.7174480717,389999.29224340385,6400.009998562165
2030-05-07 03:00:00,73554.72532015674,122380.6978739427,381772.12293569976,6400.009999148286
2030-05-07 04:00:00,72110.55236498399,120561.67829979966,373287.4792577138,4451.666480703168
2030-05-07 05:00:00,70666.37940976322,118742.65872560798,364802.8355795547,973.4164807050493
2030-05-07 06:00:00,69222.20645460414,116923.63915147849,356528.8048138268,1147.7818896287604
2030-05-07 07:00:00,67778.03349944549,115104.6195773489,348251.7591092317,1303.342596937037
2030-05-07 08:00:00,66333.86054428833,113285.60000322082,339950.93012208503,1448.0355795353503
2030-05-07 09:00:00,64889.687589130925,111466.58042909208,331649.10645204916,1599.1829258849143
2030-05-07 10:00:00,63445.51463397413,109647.56085496412,323340.51084141684,1747.8434254280085
2030-05-07 11:00:00,62001.34167881806,107828.54128083693,315034.4964914289,1901.727641145391
2030-05-07 12:00:00,60557.16872366316,106009.52170671122,308118.8753925775,3974.033715498628
2030-05-07 13:00:00,59112.99576850751,104190.50213258402,300577.85115968087,5384.419921874369
2030-05-07 14:00:00,57668.82281335149,102371.48255845666,292295.2844535747,5545.973441425458
2030-05-07 15:00:00,56224.64985819485,100552.46298432886,283997.15651089756,5724.198054304962
2030-05-07 16:00:00,54780.4769030377,98733.44341020095,275709.07204094564,5939.557202693268
2030-05-07 17:00:00,53336.30394787951,96914.42383607238,267447.90199559525,6400.009999998745
2030-05-07 18:00:00,51892.13099265893,95095.40426188102,258963.25831743638,3296.3544228290607
2030-05-07 19:00:00,50447.95803743841,93276.38468768973,250478.61463927742,211.15265396301356
2030-05-07 20:00:00,49003.78508221802,91457.36511349853,241993.9709611182,1.5315890777856112e-09
2030-05-07 21:00:00,47559.612127060165,89638.3455393699,233722.021747451,1393.5869039086324
2030-05-07 22:00:00,46115.43917190274,87819.32596524179,225476.35848046493,2338.432985447473
2030-05-07 23:00:00,44671.266216745316,86000.30639111363,217242.65767775034,3264.9980233395154
2030-05-08 00:00:00,43227.09326158829,84181.2868169863,209016.8964862351,4141.735920393783
2030-05-08 01:00:00,41782.92030643061,82362.26724285758,200807.022247859,5192.193805774361
2030-05-08 02:00:00,40338.747351273094,80543.24766872947,192522.93922308544,6400.009999998431
2030-05-08 03:00:00,38894.574396052565,78724.2280945381,184038.29554492625,5923.40848183291
2030-05-08 04:00:00,37450.401440832065,76905.20852034682,175553.65186676712,2960.3472451399875
2030-05-08 05:00:00,36006.22848561136,75086.18894615528,167069.008188608,1.1376073416613508e-09
2030-05-08 06:00:00,34562.055530453086,73267.16937202692,158690.25723209788,67.45714026268257
2030-05-08 07:00:00,33117.882575294985,71448.14979789809,150430.6043350503,93.20365208623404
2030-05-08 08:00:00,31673.70962013877,69629.13022377109,142123.9814195117,115.35453438560697
2030-05-08 09:00:00,30229.53666498238,67810.11064964342,133810.19693465013,135.63006296464073
2030-05-08 10:00:00,28785.363709826943,65991.09107551686,129388.88920012653,153.34563446071925
2030-05-08 11:00:00,27341.190754673204,64172.07150139219,129357.49684914018,420.61088397793344
2030-05-08 12:00:00,25897.017799520236,62353.05192726875,129353.77293736282,3361.383244534745
2030-05-08 13:00:00,24452.84484441412,60534.03235319077,129684.46434394814,6305.374044407576
2030-05-08 14:00:00,23008.671889258654,58715.01277906395,125391.1916584917,6324.433873813857
2030-05-08 15:00:00,21564.498934101826,56895.993204935905,117067.71731336255,6349.4464468589385
2030-05-08 16:00:00,20120.325978944224,55076.97363080767,108802.0952324668,6400.009999999001
2030-05-08 17:00:00,18676.153023723447,53257.95405661595,100317.4515543076,5496.088339839826
2030-05-08 18:00:00,17231.98006850266,51438.93448242425,91832.80787614851,3265.197202700221
2030-05-08 19:00:00,15787.807113281933,49619.9149082326,83348.16419798932,1116.567965354181
2030-05-08 20:00:00,14343.634158061428,47800.895334041204,74863.52051983016,1.1937117960769683e-09
2030-05-08 21:00:00,12899.461202903434,45981.87575991212,66629.68772195785,9.363229764858261e-07
2030-05-08 22:00:00,11455.28824774521,44162.856185782504,58332.13967496278,1.2569963654369837e-06
2030-05-08 23:00:00,10011.11529258781,42343.836611653714,50006.11008299494,1.4210116184772938e-06
2030-05-09 00:00:00,8566.94233743127,40524.817037525994,41677.928774623244,1.4916063719883504e-06
2030-05-09 01:00:00,7122.769382273915,38705.79746339704,33359.19805103764,1.486186436546854e-06
2030-05-09 02:00:00,5678.59642711669,36886.77788926847,25032.11789245827,1.4081283396792193e-06
2030-05-09 03:00:00,4234.423471959367,35067.75831514009,16696.187455706975,1.2373649286678955e-06
2030-05-09 04:00:00,2790.2505168021776,33248.73874101223,8353.332732122048,9.054648071574103e-07
2030-05-09 05:00:00,1346.07756164382,31429.719166883016,6.409572961274534e-08,3.9321312691117745e-08
2030-05-09 06:00:00,1.5240220818668604e-07,31010.253699451136,5.2175960160784413e-08,4.326589489025179e-08
2030-05-09 07:00:00,1151.3057662387337,32511.37124010497,6251.2998482053845,755.3559720542211
2030-05-09 08:00:00,2305.2745748575126,34012.48878076194,12506.30893565659,1795.3435386663612
2030-05-09 09:00:00,3457.8854917009257,35513.60632141712,18756.18105618066,2588.215872462324
2030-05-09 10:00:00,4610.340517091506,37014.72386207243,24993.798936139396,3088.9061432174226
2030-05-09 11:00:00,5762.965338260763,38515.84140272813,31227.63799599327,3590.8275910793377
2030-05-09 12:00:00,6916.02902527274,40016.9589433847,37463.3073538354,4148.27081875969
2030-05-09 13:00:00,8067.413236156561,41518.07648403878,43717.91099222578,5049.133016501636
2030-05-09 14:00:00,9217.47767582864,43019.19402469214,49955.647460427106,6266.969980741425
2030-05-09 15:00:00,10364.577650988094,44520.31156534462,52005.72951046011,6400.00999995763
2030-05-09 16:00:00,8914.06490698947,44041.799599040205,43521.08583243528,6400.0099999594395
2030-05-09 17:00:00,7463.277074926755,42222.78002490931,35036.4421543125,3204.619868056806
2030-05-09 18:00:00,6012.563672435561,40403.76045077847,26551.79847618991,4.44517162028211e-08
2030-05-09 19:00:00,4561.901220321801,39294.03714780223,18067.154798116462,4.2297130069182633e-08
2030-05-09 20:00:00,4622.4173461381615,40795.154688457354,9636.20241915693,13.352850429310337
2030-05-09 21:00:00,5768.588272274057,42296.27222910872,10336.981226651773,458.0778614492085
2030-05-09 22:00:00,6915.214535312303,43797.38976976048,15453.178773094092,219.4051077682309
2030-05-09 23:00:00,8064.151567078425,45298.507310413646,21619.8141082873,1077.0594616172352
2030-05-10 00:00:00,9215.494185215464,46799.62485106926,27821.160441283082,2110.320075805918
2030-05-10 01:00:00,10365.530781936259,48300.742391722946,34048.00191164806,2652.8575328088564
2030-05-10 02:00:00,11515.591529735733,49801.85993237714,40259.8943212413,2964.2554753215422
2030-05-10 03:00:00,12665.4171725185,51302.977473031584,46460.259260104096,3072.182967872085
2030-05-10 04:00:00,13816.017084815096,52804.095013687234,52649.16149546146,2989.8265405372545
2030-05-10 05:00:00,14964.923561693002,54305.21255434105,58838.92797522427,2946.207015438411
2030-05-10 06:00:00,16113.8550620379,55806.33009499518,65037.414770155294,3009.980462058659
2030-05-10 07:00:00,17263.316390567452,57307.44763564974,71259.66821329184,3022.1121051848095
2030-05-10 08:00:00,18414.472782933444,58808.565176305965,77464.90748481314,3064.153582101323
2030-05-10 09:00:00,19564.33899329913,60309.68271696039,83662.81350268329,3228.1657903713776
2030-05-10 10:00:00,20713.65761633165,61810.800257614756,89847.30870124658,3253.9747815522996
2030-05-10 11:00:00,21863.786489171383,63311.91779826975,96029.92871622596,3418.3320571435415
2030-05-10 12:00:00,23015.070000961867,64813.03533892599,102221.0121706044,3671.0703625235033
2030-05-10 13:00:00,24165.40806541069,66314.15287958046,108439.76155827327,4194.447228834421
2030-05-10 14:00:00,25315.633017823264,67815.27042023499,114641.1744084555,5055.8706152901
2030-05-10 15:00:00,26464.76751930915,69316.38796088884,120824.7329558991,6258.730795110016
2030-05-10 16:00:00,27610.786211130722,70817.50550154177,121986.86223726775,6400.009999958073
2030-05-10 17:00:00,26159.912738124087,69889.20450595018,113502.2185591946,6400.009999959013
2030-05-10 18:00:00,24709.14021127091,68070.18493182026,105017.57488107191,4511.190377794654
2030-05-10 19:00:00,23258.45149953617,66251.16535769012,96532.93120294974,3059.1302825867147
2030-05-10 20:00:00,21808.007258208923,64432.145783561675,88048.2875248274,1654.549153609945
2030-05-10 21:00:00,20357.214694999813,62613.126209431975,79563.64384670503,4.419939614308532e-08
2030-05-10 22:00:00,18906.410869169613,61729.29266836851,71079.00016863208,1.8901031943398642e-06
2030-05-10 23:00:00,17455.658377259642,60935.67924185722,62594.35649056014,2.5612343961256556e-06
2030-05-11 00:00:00,16005.196278770965,59815.01939510737,54109.71281248464,2.8403306949555445e-06
2030-05-11 01:00:00,14554.43744257717,58399.86774653037,45625.06913441041,2.8949476138272592e-06
2030-05-11 02:00:00,13103.660707196272,57319.62570536996,37140.42545633673,2.780500175465266e-06
2030-05-11 03:00:00,11652.866558425687,56313.97821526266,28655.781778263878,2.4712140236951247e-06
2030-05-11 04:00:00,10202.275473955115,55246.42342819089,20171.138100188833,1.788758081255121e-06
2030-05-11 05:00:00,8751.298793201953,54906.7174929301,11686.494422129088,4.6712814417648246e-08
2030-05-11 06:00:00,9894.442925364403,56407.835033580865,16528.95902287904,232.8209262990663
2030-05-11 07:00:00,11042.619091875833,57908.95257423452,22708.98970718815,1466.0686045246375
2030-05-11 08:00:00,12193.251129550623,59410.070114890485,28868.796591343067,2175.668069124615
2030-05-11 09:00:00,13342.49979350008,60911.18765554458,35022.8228556615,2683.4952210929423
2030-05-11 10:00:00,14491.823632530548,62412.30519619898,41163.61158990284,2949.5069828444125
2030-05-11 11:00:00,15641.52023874213,63913.42273685395,47300.967659622765,3159.6478209658853
2030-05-11 12:00:00,16791.927167168826,65414.54027751005,53441.9381720785,3260.013981125228
2030-05-11 13:00:00,17940.872849879106,66915.65781816395,59617.53197014444,3416.53069681948
2030-05-11 14:00:00,19089.582235779726,68416.77535881799,65771.73755904807,3659.5865961430036
2030-05-11 15:00:00,20237.26062013089,69917.8928994716,71909.15494073865,3990.073826229358
2030-05-11 16:00:00,21384.99086574859,71419.01044012593,78035.22712102461,4414.632389184154
2030-05-11 17:00:00,22529.04313593512,72920.12798077692,84147.06355660182,4715.0747719916935
2030-05-11 18:00:00,23670.49955663503,74421.24552142667,90110.08637157235,2612.35867512034
2030-05-11 19:00:00,24813.488771591285,75922.36306207725,96206.02446297067,1793.6105957383074
2030-05-11 20:00:00,25960.317459996964,77423.48060273113,102333.22845629948,2111.955807024502
2030-05-11 21:00:00,27106.163413304257,78924.59814338291,108461.21029889768,2484.2250751801453
2030-05-11 22:00:00,28253.476093873436,80425.71568403595,114584.0144621649,2838.744981118487
2030-05-11 23:00:00,29401.391336831723,81926.83322468969,120703.54880231859,3061.362256872338
2030-05-12 00:00:00,30550.497187349436,83427.95076534488,126828.6808664192,3142.0310420461674
2030-05-12 01:00:00,31698.301506661,84929.06830599798,132989.99344469648,3208.617088658303
2030-05-12 02:00:00,32846.01803973712,86430.18584665145,139131.6749271943,3275.318884024846
2030-05-12 03:00:00,33993.19441891086,87931.30338730493,145257.58545621607,3298.653132587405
2030-05-12 04:00:00,35140.89084851429,89432.4209279595,151371.04325861976,3190.310197239001
2030-05-12 05:00:00,36286.62619205786,90933.53846861188,157484.42044565533,3163.1537323415214
2030-05-12 06:00:00,37432.318496811604,92434.65600926451,163606.51544812377,3132.4499479142482
2030-05-12 07:00:00,38578.917944473564,93935.77354991775,169759.91379792435,3058.3020052351
2030-05-12 08:00:00,39727.89328292065,95436.89109057312,175895.39360180375,3007.909071508217
2030-05-12 09:00:00,40875.984739860796,96938.00863122672,182027.1205040722,3111.3923494744463
2030-05-12 10:00:00,42024.196565087215,98439.12617188059,188144.63156110604,3155.7719065444244
2030-05-12 11:00:00,43173.12073446697,99940.2437125351,194263.33454422234,3248.145148006406
2030-05-12 12:00:00,44323.09826844924,101441.3612531909,200391.69711903026,3294.681583397559
2030-05-12 13:00:00,45471.97594516647,102942.47879384474,206556.24693554806,3420.243449261997
2030-05-12 14:00:00,46620.43417481952,104443.59633449856,212696.17112337542,3588.815251806662
2030-05-12 15:00:00,47767.65360790293,105944.71387515173,218815.37721366133,3752.4308295743717
2030-05-12 16:00:00,48914.67396203071,107445.8314158054,224921.739496006,3759.455274403763
2030-05-12 17:00:00,50058.7965733564,108946.9489564563,231018.24794680616,3524.023580775749
2030-05-12 18:00:00,51202.62469950639,110448.0664971071,237111.46220515633,3140.2640764604475
2030-05-12 19:00:00,52347.06067088657,111949.18403775821,243243.84347362304,3043.4601865907716
2030-05-12 20:00:00,53493.91015707474,113450.30157841153,249361.19357374895,3129.7131846199204
2030-05-12 21:00:00,54639.12461690618,114951.4191190625,255473.2360839136,3378.578672095703
2030-05-12 22:00:00,55783.92999826072,116452.53665971344,261569.26022779528,3353.954055617416
2030-05-12 23:00:00,56928.92695482645,117953.65420036484,267659.81358241255,3317.7166196407225
2030-05-13 00:00:00,58074.92743975252,119454.77174101779,273754.790428704,3176.9957866939935
2030-05-13 01:00:00,59219.55869384704,120955.88928166832,279887.5910867474,3173.045997395075
2030-05-13 02:00:00,60364.24842806635,122457.00682231932,286001.29487948964,3120.8873119546624
2030-05-13 03:00:00,61508.91613491362,123958.12436297076,292104.14494094136,3010.884935493539
2030-05-13 04:00:00,62655.007531597745,125459.24190362408,298198.4831908523,2837.148612372417
2030-05-13 05:00:00,63799.53339052117,126960.35944427535,304301.0144767693,2856.866657573946
2030-05-13 06:00:00,64944.59218380597,128461.4769849274,310417.95963461424,2937.3855986565004
2030-05-13 07:00:00,66090.74704411556,129962.59452558037,316568.5911447984,2923.762517806612
2030-05-13 08:00:00,67239.48559534445,131463.7120662358,322703.2277957179,2922.6415644748477
2030-05-13 09:00:00,68387.30074990669,132964.82960688949,328836.78033295734,3055.378524321045
2030-05-13 10:00:00,69535.43583434967,134465.9471475436,334959.3574109171,3116.691757786924
2030-05-13 11:00:00,70684.35758354314,135967.0646881986,341086.3149321961,3209.630022281447
2030-05-13 12:00:00,71834.58056550242,137468.18222885503,347229.35056270583,3260.9672419161925
2030-05-13 13:00:00,72984.11017332238,138969.29976950982,353411.32891808037,3381.2379293524136
2030-05-13 14:00:00,74133.73207459229,140470.4173101649,359576.65000555245,3602.2664847344863
2030-05-13 15:00:00,75282.89645698042,141971.53485081976,365723.57849360147,3942.353197048985
2030-05-13 16:00:00,76432.18859652971,143472.65239147533,371845.2362560685,4389.798403112326
2030-05-13 17:00:00,77578.39943202295,144973.76993212846,377958.11073060794,5175.980497904588
2030-05-13 18:00:00,78722.67844258613,146474.8874727804,384048.78981321683,6011.191434581021
2030-05-13 19:00:00,79865.06084081111,147976.00501343128,389762.1295108835,5901.118135621102
2030-05-13 20:00:00,81008.9115441474,149477.12255408365,391292.4753529667,5803.566182526845
2030-05-13 21:00:00,82150.79056071889,150978.2400947336,388877.95501259185,6150.606048002022
2030-05-13 22:00:00,83292.27411892674,152479.35763538533,380942.6713492684,6384.726752124056
2030-05-13 23:00:00,83065.92039977436,153980.475176041,372490.53430211806,6400.009999954635
2030-05-14 00:00:00,81640.19983915314,152930.24211265816,364005.8906240454,6400.009999107328
2030-05-14 01:00:00,80214.15777275534,151658.5636161807,355521.2469459745,6400.009999114222
2030-05-14 02:00:00,78788.09579178593,150264.36751409672,347036.60326789913,6400.0099999544545
2030-05-14 03:00:00,77362.0403175644,148431.48356804383,338551.95958977635,4369.786521568445
2030-05-14 04:00:00,75936.24394382606,146598.59962199142,330067.3159116532,2211.745968053965
2030-05-14 05:00:00,74510.08071923055,144765.71567593786,321582.67223353015,4.1912471715477295e-08
2030-05-14 06:00:00,73084.00681365891,143621.96322673516,313098.0285554565,4.471567530183139e-08
2030-05-14 07:00:00,74251.57557769952,145109.2163954626,312167.3530671113,200.41857252813966
2030-05-14 08:00:00,75423.22267870388,146596.4695641933,318150.5731252698,645.3810551016568
2030-05-14 09:00:00,76594.91727134184,148083.7227329229,324261.39861767844,1772.097255247632
2030-05-14 10:00:00,77767.23828379017,149570.9759016533,330369.117723188,2498.107559352343
2030-05-14 11:00:00,78940.57739361687,151058.22907038464,336482.49905631214,3177.17686915555
2030-05-14 12:00:00,80115.34436630207,152545.48223911755,342610.0528943713,3900.8106366893126
2030-05-14 13:00:00,81288.77892471843,154032.73540784838,348774.68123872246,4883.965522871078
2030-05-14 14:00:00,82461.62026910805,155519.98857657894,354908.06909407856,6209.518139413496
2030-05-14 15:00:00,83630.48833831109,157007.24174530743,356856.4896527675,6400.00999995719
2030-05-14 16:00:00,82204.6577868958,155942.74322349767,348371.8459746933,6400.0099999591785
2030-05-14 17:00:00,80778.5391092556,154109.8592774447,339887.2022965704,5169.327088865962
2030-05-14 18:00:00,79352.50692671203,152276.97533139057,331402.5586184473,4262.325381182946
2030-05-14 19:00:00,77926.55187867772,150444.09138533604,322917.9149403244,3480.4697538734954
2030-05-14 20:00:00,76500.85622021773,148611.20743928332,314433.2712622019,2781.0774066721606
2030-05-14 21:00:00,75074.75954780917,146778.32349322992,305948.6275840793,2111.1108608502554
2030-05-14 22:00:00,73648.66116799206,144945.43954717732,297463.9839059567,1391.3062151548147
2030-05-14 23:00:00,72222.61809780048,143112.5556011254,288979.3402278341,543.7943504440566
2030-05-15 00:00:00,70796.89812151401,141279.67165507464,280494.6965497116,4.938898253805118e-08
2030-05-15 01:00:00,69370.78785142794,139876.0175850365,272010.0528716368,187.06874953562243
2030-05-15 02:00:00,67944.65341965956,138598.8560041049,263525.4091935635,326.3569006133458
2030-05-15 03:00:00,66518.49403646737,137316.63826542164,255040.7655154896,424.8469371995577
2030-05-15 04:00:00,65092.57439073194,135483.75431966034,246556.1218374007,4.0204923834608053e-07
2030-05-15 05:00:00,63666.18849830373,134223.89204519137,238071.47815932857,4.435190657026581e-08
2030-05-15 06:00:00,64832.95135075433,135711.14521391934,236807.12344165717,174.7803092549563
2030-05-15 07:00:00,66004.27908014123,137198.39838265016,242967.77724782052,1338.1328000593223
2030-05-15 08:00:00,67179.23319268978,138685.65155138395,249126.10694539073,2140.991098005927
2030-05-15 09:00:00,68352.86582783895,140172.90472011588,255281.06461750894,2714.015634703207
2030-05-15 10:00:00,69526.90080924483,141660.15788884828,261423.39666039599,3088.630972100814
2030-05-15 11:00:00,70701.3755130437,143147.41105758116,267563.6648291092,3423.5667982939326
2030-05-15 12:00:00,71877.0132012393,144634.6642263151,273717.0452092708,3789.619032009566
2030-05-15 13:00:00,73051.23626815811,146121.91739504706,279904.3039680255,4502.083101739485
2030-05-15 14:00:00,74224.65325739761,147609.1705637785,286062.13854938815,5586.734615699908
2030-05-15 15:00:00,75394.8620010898,149096.42373250786,292121.0934248124,6400.009999957104
2030-05-15 16:00:00,73968.86871853593,147922.82943785147,283636.4497467408,6400.009999964941
2030-05-15 17:00:00,72542.61345543261,146089.94549179758,275151.8060686183,6400.009999999059
2030-05-15 18:00:00,71116.46113205113,144257.06154568272,266667.1623904588,3218.6073073549724
2030-05-15 19:00:00,69690.39946822307,142424.1775995679,258182.51871229947,1.0541043593548238e-09
2030-05-15 20:00:00,68264.61884092643,140591.29365351525,249697.8750341783,4.735275069833733e-07
2030-05-15 21:00:00,66838.50995431791,138758.40970746172,241213.23135605588,5.268687479514133e-07
2030-05-15 22:00:00,65412.429190661904,136925.52576140946,232728.58767793348,3.581158268377286e-07
2030-05-15 23:00:00,63986.422822311324,135420.29152580188,224243.94399985834,2943.990800272372
2030-05-16 00:00:00,62560.73210479467,133587.4075797747,215759.30032174298,5131.789832552547
2030-05-16 01:00:00,61134.72771030042,131754.52363372222,207274.6566436211,4640.403183279834
2030-05-16 02:00:00,59708.70433584199,129921.63968766974,198790.01296549893,3689.231334505573
2030-05-16 03:00:00,58282.6475924209,128088.75574161726,190305.3692873765,2673.1880173860523
2030-05-16 04:00:00,56856.79765430597,126255.87179556556,181820.72560925377,1450.5982251818748
2030-05-16 05:00:00,55430.52962926427,124422.9878495125,173336.08193113093,4.133994480071124e-08
2030-05-16 06:00:00,54004.34964475261,124181.32834038223,164851.4382530622,4.5042704232263555e-08
2030-05-16 07:00:00,55171.68290898055,125668.58150910998,164334.90199974927,158.2782610570616
2030-05-16 08:00:00,56344.69747162348,127155.83467784194,170452.64547568563,1313.7553355532525
2030-05-16 09:00:00,57517.09061323543,128643.08784657248,176582.74991971432,2219.4262615260877
2030-05-16 10:00:00,58689.9026653089,130130.3410153036,182699.59910789388,2758.152704093607
2030-05-16 11:00:00,59863.3323344321,131617.59418403544,188815.00472419593,3191.3787269719064
2030-05-16 12:00:00,61037.85595113888,133104.84735276853,194941.94225270482,3563.585550252011
2030-05-16 13:00:00,62211.00222710544,134592.1005214994,201108.02687867775,4134.182214363555
2030-05-16 14:00:00,63383.92726960953,136079.35369023037,207250.29395740436,5009.302511405816
2030-05-16 15:00:00,64555.465386291566,137566.60685896044,213359.58290212267,6241.450062897528
2030-05-16 16:00:00,65724.5355959688,139053.86002768966,212880.18500491855,6400.009999957164
2030-05-16 17:00:00,64298.24855639145,137746.25735328085,204395.54132684472,6400.009999958205
2030-05-16 18:00:00,62872.0784708625,135913.37340722783,195910.8976487219,3282.721272047641
2030-05-16 19:00:00,61446.01010741498,134080.48946117464,187426.25397059956,4.471348802326247e-08
2030-05-16 20:00:00,60020.24047507243,132555.35121817264,178941.61029252448,1.3142462194082327e-06
2030-05-16 21:00:00,58594.014630795005,131315.37281377308,170456.96661445033,1.6706626083744117e-06
2030-05-16 22:00:00,57167.79370484289,130202.24275760932,161972.32293637688,1.684358635935309e-06
2030-05-16 23:00:00,55741.65044961677,129160.6983858501,153487.6792583038,1.3598194445702794e-06
2030-05-17 00:00:00,54315.86561011855,129040.05674870328,145003.03558023315,2.437660645354716e-07
2030-05-17 01:00:00,52889.677774535834,130240.26986317415,136518.39190219573,4.740622581503843e-07
2030-05-17 02:00:00,51463.48767203578,131727.52303157808,128033.7482241871,1522.186160970696
2030-05-17 03:00:00,50037.30238975306,133214.77619998236,119549.10454617531,2772.573325486877
2030-05-17 04:00:00,48611.40320552754,134410.4057176437,111064.46086813456,6.459140422521159e-08
2030-05-17 05:00:00,49778.35222887274,135897.65888637007,105470.21429044356,148.02759082496343
2030-05-17 06:00:00,50947.09503139797,137384.9120550983,111557.4018502983,1424.1250850789095
2030-05-17 07:00:00,52118.16199315055,138872.16522382817,117697.74646327466,2142.5277074519827
2030-05-17 08:00:00,53291.75202182729,140359.41839256047,123818.43373376489,2525.2920015941263
2030-05-17 09:00:00,54463.98629813493,141846.67156129092,129936.83388186709,2871.193490520644
2030-05-17 10:00:00,55635.956478488115,143333.92473002162,136035.8462896376,2988.593128661821
2030-05-17 11:00:00,56808.95746833067,144821.1778987532,142136.37708957406,3108.261193565997
2030-05-17 12:00:00,57983.50319652633,146308.4310674864,148254.13405883688,3196.0647832376694
2030-05-17 13:00:00,59157.09356618351,147795.68423621764,154416.56166782146,3318.681152999099
2030-05-17 14:00:00,60330.78505249689,149282.93740494925,160557.8162683264,3519.988240889254
2030-05-17 15:00:00,61504.0609892295,150770.19057368068,166677.3206840283,3813.0022173009493
2030-05-17 16:00:00,62677.78176730656,152257.44374241287,172772.040488683,4218.109339483816
2030-05-17 17:00:00,63848.29708796368,153744.6969111424,178858.50891710765,4943.660426080062
2030-05-17 18:00:00,65016.98022113558,155231.95007987093,184934.41732362495,5864.955563865135
2030-05-17 19:00:00,66183.43338645095,156719.20324859806,190803.65613243,5907.227303764446
2030-05-17 20:00:00,67351.72315729909,158206.456417327,193447.70469248563,4758.619280729263
2030-05-17 21:00:00,68517.78722850495,159693.70958605304,194053.99126468677,3745.6155013265516
2030-05-17 22:00:00,69684.66962349381,161180.96275477996,196298.60650662132,3727.8922266360423
2030-05-17 23:00:00,70852.09029271311,162668.21592350744,198021.48464664104,3769.6117743730256
2030-05-18 00:00:00,72021.28921738376,164155.4690922369,200689.61757223326,4222.793458280779
2030-05-18 01:00:00,73188.6751061667,165642.7222609634,202404.97877670868,4688.676823904402
2030-05-18 02:00:00,74356.04391014433,167129.9754296903,202608.75892479744,5093.143384959447
2030-05-18 03:00:00,75523.57800823014,168617.22859841748,199829.64699353933,4835.038167412367
2030-05-18 04:00:00,76682.87162757595,170104.48176715072,191556.3965320261,1558.184358793645
2030-05-18 05:00:00,77850.4371047492,171591.7349358773,185262.64434747776,196.36761872100305
2030-05-18 06:00:00,79017.92316374692,173078.9881046047,191279.27438204674,1062.926278160686
2030-05-18 07:00:00,80188.83985993805,174566.2412733343,197405.94251355933,1934.8377010189135
2030-05-18 08:00:00,81362.90043678564,176053.49444206656,203515.88084345593,2490.420172582022
2030-05-18 09:00:00,82535.55658043969,177540.74761079688,209619.4221468323,2924.135838960612
2030-05-18 10:00:00,83708.18575002623,179028.00077952744,215705.23830181183,3164.9317870231966
2030-05-18 11:00:00,84881.14299321709,180515.25394825844,221787.6917020174,3399.0246568599296
2030-05-18 12:00:00,86055.07990926167,182002.5071169907,227878.6408082136,3647.0186245718473
2030-05-18 13:00:00,87227.68111074578,183489.7602857208,234013.76738402632,4170.356750924935
2030-05-18 14:00:00,88399.72235855965,184977.01345445067,240121.4424379824,4998.081011321941
2030-05-18 15:00:00,89570.30402720446,186464.26662317975,246199.81104182155,6218.623501630719
2030-05-18 16:00:00,90738.34546435089,187951.51979190795,247118.36175703356,6400.009999958663
2030-05-18 17:00:00,89312.01733612854,186480.87635749928,238633.71807895784,6400.009999959065
2030-05-18 18:00:00,87885.78317933604,184647.992411445,230149.0744008346,3199.0662118018377
2030-05-18 19:00:00,86459.6296602266,182815.10846539086,221664.4307227119,6.294067134149373e-08
2030-05-18 20:00:00,85033.77793127803,180995.1159430456,213179.78704463228,5.029842213843949e-07
2030-05-18 21:00:00,83607.4038737416,179734.67924170938,204695.14336656022,4.5214643065188423e-08
2030-05-18 22:00:00,84776.38546411668,181221.93241043706,197408.39488397585,513.6907519788953
2030-05-18 23:00:00,85944.74917265262,182709.1855791648,195316.9523628219,731.25902577963
2030-05-19 00:00:00,87115.24967516544,184196.4387478951,198369.65482403943,1453.066078796139
2030-05-19 01:00:00,88283.6927356905,185683.69191662275,202467.42296337645,1305.2063688734183
2030-05-19 02:00:00,89452.48711196237,187170.94508535127,207694.40612838088,1477.5882290074849
2030-05-19 03:00:00,90621.21237797878,188658.1982540801,213069.33276838652,1291.2093496644225
2030-05-19 04:00:00,91790.95206357767,190145.45142281047,218544.1855692621,438.16302094051093
2030-05-19 05:00:00,92959.71240398256,191632.70459153893,224569.11305716648,1331.7787080509274
2030-05-19 06:00:00,94129.23942216512,193119.95776026815,230650.70773219777,2142.3019037604176
2030-05-19 07:00:00,95299.86288533235,194607.2109289982,236778.12998937813,2543.5633743100043
2030-05-19 08:00:00,96472.60427239562,196094.46409773032,242880.1571912897,2714.0006758102413
2030-05-19 09:00:00,97644.27566830454,197581.7172664606,248979.66165918246,2944.4630105948845
2030-05-19 10:00:00,98816.44224235827,199068.97043519138,255067.98095504247,3106.975119184681
2030-05-19 11:00:00,99989.36979115913,200556.2236039229,261159.02302718427,3314.4804262740627
2030-05-19 12:00:00,101163.40773239321,202043.4767726557,267262.832685377,3507.12934776423
2030-05-19 13:00:00,102336.0378232289,203530.72994138635,273406.542263661,3885.2729290851694
2030-05-19 14:00:00,103508.05007929669,205017.9831101168,279520.54120206245,4478.4711973664225
2030-05-19 15:00:00,104678.75331751243,206505.23627884657,285608.6209225138,5390.175308534897
2030-05-19 16:00:00,105848.48843577158,207992.48944757628,291629.2362720367,6343.770892670089
2030-05-19 17:00:00,107007.01848545422,209479.74261630507,283344.42577792844,6400.0099999528
2030-05-19 18:00:00,105580.57405578905,208346.47438416383,274859.7820998525,3065.3896390464383
2030-05-19 19:00:00,104154.20781452679,208140.89046913877,266375.1384217813,4.679077392211184e-08
2030-05-19 20:00:00,104439.75987435339,209628.14363787035,257934.65386787383,18.23102958266736
2030-05-19 21:00:00,105606.16555721662,211115.39680659797,250204.4711066028,820.8987509915153
2030-05-19 22:00:00,106774.56976421417,212602.64997532536,244935.3931555965,2849.5351741948575
2030-05-19 23:00:00,107943.42851451706,214089.90314405336,238232.1905478543,4580.525822018342
2030-05-20 00:00:00,109113.7933103535,215577.15631278313,231351.4123402086,6382.1825674266265
2030-05-20 01:00:00,108267.99653751602,217064.40948151826,222903.001019463,6400.009999954366
2030-05-20 02:00:00,106841.50760043315,216017.20251700192,214418.35734139092,5125.254985189426
2030-05-20 03:00:00,105415.0289739412,214695.22443271856,205933.71366331953,3531.939398846317
2030-05-20 04:00:00,103988.83757658167,213348.41180477565,197449.06998524544,1588.941171574339
2030-05-20 05:00:00,102562.2094659221,212114.42444510414,188964.42630717074,4.839080247620586e-08
2030-05-20 06:00:00,103729.77072801329,213601.67761383147,183992.05318897427,193.83677806202243
2030-05-20 07:00:00,104898.70699978388,215088.93078256052,190050.1538096173,982.4074337050592
2030-05-20 08:00:00,106071.39229129645,216576.18395129262,196145.99685646116,1860.4410098225387
2030-05-20 09:00:00,107243.49335712887,218063.43712002315,202245.02366143404,2506.908897326908
2030-05-20 10:00:00,108416.61647749165,219550.69028875462,208339.50620678812,2961.4477939494345
2030-05-20 11:00:00,109590.21348259112,221037.9434574866,214432.94240016324,3321.5583528534917
2030-05-20 12:00:00,110764.82172487146,222525.19662621978,220538.90084422842,3649.108239263003
2030-05-20 13:00:00,111938.07518994965,224012.44979495092,226684.76561437605,4253.513211835999
2030-05-20 14:00:00,113110.44916189226,225499.70296368166,232796.96647855538,5175.410058583031
2030-05-20 15:00:00,114281.0180923868,226986.95613241137,238855.22791254532,6348.374521453035
2030-05-20 16:00:00,115442.7030279192,228474.2093011427,230587.68931651898,6400.009999979596
2030-05-20 17:00:00,114016.20809973066,226641.32535508942,222103.04563839594,4733.979130183285
2030-05-20 18:00:00,112589.82122579173,224808.44140903538,213618.40196027287,3213.0343569476754
2030-05-20 19:00:00,111163.51621187314,222975.5574629816,205133.75828215037,1718.480308724454
2030-05-20 20:00:00,109737.52436373057,221142.67351692973,196649.1146040277,4.723074198409449e-08
2030-05-20 21:00:00,108311.05514849341,219513.4583486738,188164.4709259515,655.3347896070222
2030-05-20 22:00:00,106884.58111517139,218160.2039554647,179679.82724787813,2659.9483597331473
2030-05-20 23:00:00,105458.1822791084,216871.4303616058,171195.18356980494,4747.708428496293
2030-05-21 00:00:00,104063.49357241951,215456.47961184074,162710.5398917299,6400.009999951963
2030-05-21 01:00:00,102668.36692589715,213621.34031484651,154225.89621360763,6217.3265518836415
2030-05-21 02:00:00,101273.2387279615,211786.20101785232,145741.25253548508,4271.5486544450205
2030-05-21 03:00:00,99878.11477892849,209951.06172085824,137256.60885736236,2274.7268972250067
2030-05-21 04:00:00,98483.31192676624,208115.92242386518,128771.96517923946,4.281673682271503e-08
2030-05-21 05:00:00,97087.96262773089,206627.45868921082,120287.32150116288,4.184016688668635e-08
2030-05-21 06:00:00,97886.34398236214,208112.45650699912,111845.4594799714,18.13818795674568
2030-05-21 07:00:00,99086.2915057341,209597.4543247866,117865.0436226881,775.3190210942016
2030-05-21 08:00:00,100290.5314480325,211082.45214257753,123955.56107488244,1762.3410911660499
2030-05-21 09:00:00,101493.7163479208,212567.44996036674,130049.30232926624,2444.902208812551
2030-05-21 10:00:00,102697.81970433409,214052.4477781568,136137.05446427574,2893.835849315742
2030-05-21 11:00:00,103902.34384955029,215537.44559594747,142222.07515383873,3217.265593700919
2030-05-21 12:00:00,105107.78602421345,217022.44341373924,148318.29336600567,3458.478195626933
2030-05-21 13:00:00,106311.76887650939,218507.44123152897,154459.15447123896,3884.737209072592
2030-05-21 14:00:00,107514.90558656103,219992.4390493184,160566.20168697834,4518.337768237114
2030-05-21 15:00:00,108716.56192463098,221477.43686710717,166642.67196948372,5483.450955419892
2030-05-21 16:00:00,109916.86414081181,222962.4346848957,172615.64129655878,6196.294872285208
2030-05-21 17:00:00,111114.08732690316,224447.43250268034,167168.8964903107,5091.324878334202
2030-05-21 18:00:00,112301.59587501748,225932.43032047126,158897.27310524433,1810.7220193599594
2030-05-21 19:00:00,113499.74288405839,227417.42813825642,153081.98844447284,689.6502184342378
2030-05-21 20:00:00,114699.71083414403,228902.4259560445,155170.67142383766,687.1694809667754
2030-05-21 21:00:00,115898.75988274775,230387.42377383081,160849.42465690582,2214.6969147899445
2030-05-21 22:00:00,117098.37402006396,231872.42159161763,166551.01485611312,3731.09126258289
2030-05-21 23:00:00,118298.84000228478,233357.41940940515,172350.87584689647,5687.511412940548
2030-05-22 00:00:00,119498.8966965515,234842.4172271931,173821.86492852183,5303.617773023995
2030-05-22 01:00:00,120697.0478066509,236327.41504497812,173538.37438918682,5283.6999562639485
2030-05-22 02:00:00,121895.57315555404,237812.4128627635,170330.2383306655,5263.598927044406
2030-05-22 03:00:00,123095.0901434886,239297.4106805495,163202.0937287856,4566.355809596489
2030-05-22 04:00:00,124140.14534217349,240782.40849834032,154760.15280403,1128.8031783923097
2030-05-22 05:00:00,125337.73077648412,242267.40631612463,148066.97997673336,468.83145936283427
2030-05-22 06:00:00,126533.89297412969,243752.40413390944,151580.8982426534,323.84984478583635
2030-05-22 07:00:00,127732.57875733155,245237.40195169576,157634.555823981,1221.2443444415749
2030-05-22 08:00:00,128935.28234733439,246722.39976948523,163701.39040618093,1975.386218038037
2030-05-22 09:00:00,130136.75292914176,248207.39758727286,169766.40296491096,2539.9427124899503
2030-05-22 10:00:00,131339.0597704974,249692.3954050613,175822.2119619414,2915.758889490184
2030-05-22 11:00:00,132542.1416877755,251177.39322285054,181876.12578483287,3220.913663560739
2030-05-22 12:00:00,133746.2798233914,252662.3910406411,187940.1383407211,3448.3308490680934
2030-05-22 13:00:00,134948.79397292619,254147.3888584294,194051.7380267712,3823.968518104399
2030-05-22 14:00:00,136150.67264241198,255632.38667621763,200134.9334296915,4383.3061642980265
2030-05-22 15:00:00,137351.3246784079,257117.38449400538,206193.01025937145,5175.679972885291
2030-05-22 16:00:00,138551.60607334517,258602.38231179363,212187.83541497972,6037.385936371966
2030-05-22 17:00:00,139747.2820567513,260087.38012957823,216102.5002561084,4454.223191626426
2030-05-22 18:00:00,140943.1568519584,261572.37794736272,216582.9484048058,2352.490216340173
2030-05-22 19:00:00,142139.64787150262,263057.3757651479,219593.15057158226,398.2882799173292
2030-05-22 20:00:00,143341.21172307665,264542.3735829369,225590.77462147086,1454.7332835535344
2030-05-22 21:00:00,144541.90747996967,266027.37140072405,231636.86812162583,2781.8245112420627
2030-05-22 22:00:00,145743.02289422814,267512.3692185118,237670.26914472738,3989.4478984045095
2030-05-22 23:00:00,146944.18779548036,268997.36703629984,243680.78294318749,5136.143376050842
2030-05-23 00:00:00,148145.93992902496,270482.364854089,249619.6409868467,5914.276977474933
2030-05-23 01:00:00,149344.6582129407,271967.36267187516,254804.63491643802,5443.768942150494
2030-05-23 02:00:00,150543.23689981495,273452.36048966163,257398.05276755942,5190.911189208471
2030-05-23 03:00:00,151741.39667264262,274937.3583074478,257128.00134439542,4828.801411650691
2030-05-23 04:00:00,152941.99805100492,276422.35612523527,250593.83395609792,2750.204265008916
2030-05-23 05:00:00,154139.4720928096,277907.3539430197,244757.5698350325,868.1005484774155
2030-05-23 06:00:00,155335.5053993447,279392.3517608046,246693.5292762513,338.9449381718129
2030-05-23 07:00:00,156533.83464987855,280877.3495785912,252717.81672417777,1057.4899474698313
2030-05-23 08:00:00,157736.5978637313,282362.347396381,258782.9022893759,1885.4122327016084
2030-05-23 09:00:00,158938.4470983781,283847.34521416924,264850.83231042005,2539.790740685117
2030-05-23 10:00:00,160141.33936272885,285332.3430319584,270910.9272776784,3031.873841223454
2030-05-23 11:00:00,161344.58449204938,286817.34084974794,276966.2957893877,3436.8896559421332
2030-05-23 12:00:00,162548.7459466893,288302.33866753866,283030.2461290798,3815.4799280938078
2030-05-23 13:00:00,163750.99126714517,289787.33648532693,289138.39969287073,4458.9451878674245
2030-05-23 14:00:00,164952.44682185102,291272.334303115,295213.2430218025,5415.862354560356
2030-05-23 15:00:00,166151.65658227328,292757.3321209019,301185.8705574142,6269.96060827786
2030-05-23 16:00:00,167351.4843844739,294242.3299386895,293568.3838281705,6400.0099999524955
2030-05-23 17:00:00,165956.3281630989,292934.237904691,285083.7401500971,4454.853226644891
2030-05-23 18:00:00,164561.30566636263,291507.9240632909,276599.09647202084,2209.863553729429
2030-05-23 19:00:00,163166.39030187792,290220.49308563024,268114.45279394905,314.73400652672035
2030-05-23 20:00:00,161771.81875606766,290075.5154107906,259629.8091158797,4.811545295524411e-08
2030-05-23 21:00:00,162230.93402072904,291560.5132285788,251189.32987360537,27.891001431358745
2030-05-23 22:00:00,163430.55444602398,293045.51104636514,244427.49872148145,2879.458021266
2030-05-23 23:00:00,164628.03072657445,294530.50886415225,236223.78475248173,5694.863267964794
2030-05-24 00:00:00,165814.39098185033,296015.5066819431,227849.882471428,6400.009999939679
2030-05-24 01:00:00,164419.37940488756,297366.9677812376,219365.23879339086,6400.009999747405
2030-05-24 02:00:00,163024.36863005257,296831.1828386714,210880.59511532038,5550.166868836697
2030-05-24 03:00:00,161629.36087718597,295684.7839376771,202395.95143724565,3701.237420192762
2030-05-24 04:00:00,160234.65308542352,294480.9686292613,193911.307759173,1584.013567599034
2030-05-24 05:00:00,158839.4477260736,293493.89912141464,185426.66408109927,4.8403535402030684e-08
2030-05-24 06:00:00,160037.02739211507,294978.89693919953,179493.7426570239,216.86725073701928
2030-05-24 07:00:00,161235.2715717934,296463.89475698606,185451.84833607753,733.7752451286578
2030-05-24 08:00:00,162438.58397651953,297948.8925747764,191519.25234475057,1711.0809131262233
2030-05-24 09:00:00,163640.48881146213,299433.8903925647,197586.81250323966,2396.6659859125284
2030-05-24 10:00:00,164843.32377891376,300918.88821035385,203645.13322800203,2847.0289251550103
2030-05-24 11:00:00,166046.61181735565,302403.8860281435,209698.51448258533,3150.8928925152254
2030-05-24 12:00:00,167251.03111875852,303888.8838459347,215762.9282157889,3364.6702453243465
2030-05-24 13:00:00,168453.8045192202,305373.8816637235,221875.14238181815,3685.3245601738354
2030-05-24 14:00:00,169656.1102700932,306858.87948151224,227958.74149580958,4159.185209992866
2030-05-24 15:00:00,170857.3267295188,308343.8772993006,234017.475287664,4850.429645247758
2030-05-24 16:00:00,172058.65408688306,309828.8751170897,240046.30405287072,5818.200783762438
2030-05-24 17:00:00,173255.07696073677,311313.8729348749,245743.37143696827,5566.742752794421
2030-05-24 18:00:00,174450.6750937975,312798.8707526596,247309.7590569404,3174.3658598631077
2030-05-24 19:00:00,175646.69652931948,314283.8685704446,249366.5674330844,746.9450734522152
2030-05-24 20:00:00,176847.27097165902,315768.8663882332,255187.41131038248,753.8461023369318
2030-05-24 21:00:00,178046.91485262822,317253.8642060198,261192.44059166065,1641.1975923147702
2030-05-24 22:00:00,179248.04918825082,318738.86202380754,267227.9376862907,2641.7382047980145
2030-05-24 23:00:00,180449.94795183238,320223.8598415959,273265.0862726542,3578.2248956788762
2030-05-25 00:00:00,181652.8516049818,321708.8576593856,279303.0203861076,4410.14670291309
2030-05-25 01:00:00,182853.1652688346,323193.85547717236,285358.9101637134,5142.206673253228
2030-05-25 02:00:00,184052.75464232758,324678.85329495923,291296.15912350273,5421.5358079731795
2030-05-25 03:00:00,185251.32315791136,326163.8511127459,296889.283573565,4088.821455508829
2030-05-25 04:00:00,186449.9131973206,327648.84893053357,300024.07499577996,1453.7334501067317
2030-05-25 05:00:00,187646.50288109147,329133.84674831864,305742.085216241,782.4508384187311
2030-05-25 06:00:00,188844.62182099762,330618.8445661049,311754.97651995666,1583.0575140456056
2030-05-25 07:00:00,190044.4522201801,332103.8423838923,317838.44891517336,2068.5822727287523
2030-05-25 08:00:00,191247.779085037,333588.84020168235,323904.67180011235,2430.4884390597035
2030-05-25 09:00:00,192450.1076633195,335073.8380194706,329970.3524716163,2771.360141169681
2030-05-25 10:00:00,193653.47113974858,336558.8358372599,336027.85983268823,3013.297630878735
2030-05-25 11:00:00,194857.3734775178,338043.8336550497,342083.11645968095,3195.3414744256415
2030-05-25 12:00:00,196062.23823376256,339528.8314728407,348146.2636339317,3260.1935855221896
2030-05-25 13:00:00,197265.61909826327,341013.82929062954,354256.57180870516,3382.5785781793006
2030-05-25 14:00:00,198468.78354788013,342498.8271084185,360340.42467903695,3562.5794951622
2030-05-25 15:00:00,199670.95546890274,343983.8249262071,366401.88047942787,3775.1908543566187
2030-05-25 16:00:00,200873.34871713133,345468.82274399634,372446.0026752282,3987.728745080288
2030-05-25 17:00:00,202072.2604988562,346953.8205617827,378472.4502834588,3988.107813835414
2030-05-25 18:00:00,203269.87303733628,348438.81837956834,384451.8018153484,3083.0454392845954
2030-05-25 19:00:00,204468.60839865333,349923.8161973547,390490.50933565263,2451.2320048393035
2030-05-25 20:00:00,205670.93014000825,351408.81401514384,396546.81295740587,2649.6862456413687
2030-05-25 21:00:00,206872.04737920087,352893.81183293095,402603.6593393618,2952.082101574969
2030-05-25 22:00:00,208074.3140383634,354378.809650719,408657.1917672089,3392.534161069219
2030-05-25 23:00:00,209276.76299146903,355863.8074685074,414705.267310402,3861.5234689721156
2030-05-26 00:00:00,210480.0555755238,357348.80528629705,420757.54056804854,4421.854512028828
2030-05-26 01:00:00,211681.00671262975,358833.80310408387,426838.3902412705,5268.761871139148
2030-05-26 02:00:00,212880.89076007734,360318.80092187057,432805.85698221653,5582.277120609577
2030-05-26 03:00:00,214079.57029086316,361803.79873965716,438331.94769108604,3830.5751756234304
2030-05-26 04:00:00,215278.73833060646,363288.796557445,442189.61268676695,1211.9264481008445
2030-05-26 05:00:00,216476.61292510043,364773.7943752307,448001.3405000719,797.0937878532322
2030-05-26 06:00:00,217675.94635020287,366258.79219301743,454043.2608277772,1682.840074781363
2030-05-26 07:00:00,218877.13472955403,367743.7900108054,460140.2035089361,2200.404183264223
2030-05-26 08:00:00,220081.6355691825,369228.78782859613,466221.198335085,2516.105228614849
2030-05-26 09:00:00,221285.4926305228,370713.7856463853,472307.2455700616,2832.90115919068
2030-05-26 10:00:00,222490.09863032284,372198.7834641751,478385.4575284348,3033.712065171392
2030-05-26 11:00:00,223695.3522060581,373683.7812819656,484464.54849852045,3191.7864956606127
2030-05-26 12:00:00,224901.9149095433,375168.77909975755,490557.1526605791,3284.946758903059
2030-05-26 13:00:00,226107.4592571339,376653.7769175476,496697.42692174297,3472.0622200938774
2030-05-26 14:00:00,227312.8348854426,378138.7747353379,502814.351805306,3780.8596972063447
2030-05-26 15:00:00,228517.49615418952,379623.7725531278,508906.42339709454,4248.152750050581
2030-05-26 16:00:00,229721.4533530862,381108.77037091774,514972.9566907515,4890.597143944418
2030-05-26 17:00:00,230921.62863900527,382593.7681887048,521027.267962,5876.477454425634
2030-05-26 18:00:00,232118.094126657,384078.76600649004,526228.222698816,3481.8376848363573
2030-05-26 19:00:00,233314.95814649947,385563.7638242753,530419.7624384882,780.7914732474615
2030-05-26 20:00:00,234516.50839468732,387048.76164206374,536422.8162665674,1310.2538805342429
2030-05-26 21:00:00,235717.43123892098,388533.7594598505,542483.4926433581,2292.622566202419
2030-05-26 22:00:00,236919.6973532025,390018.7572776382,548556.8064524459,3453.6364465735196
2030-05-26 23:00:00,238122.18993715924,391503.7550954262,554624.4398548054,4593.309568756115
2030-05-27 00:00:00,239325.37590239037,392988.75291321543,560682.1092693899,5767.001431831411
2030-05-27 01:00:00,240525.48769774364,394473.7507310016,566563.4172862925,5955.742659736277
2030-05-27 02:00:00,241724.33803458605,395958.7485487875,569043.8481523949,5302.09356664548
2030-05-27 03:00:00,242922.412110984,397443.7463665731,566899.6022961502,3529.5394773839735
2030-05-27 04:00:00,244122.3589080981,398928.7441843605,562011.5430237877,1357.5536014012823
2030-05-27 05:00:00,245319.70731830804,400413.74200214556,562398.6476065142,278.57343644368075
2030-05-27 06:00:00,246519.67012036138,401898.73981993255,568430.8109108978,1032.8117051227846
2030-05-27 07:00:00,247722.32768511205,403383.7376377213,574568.1437521189,1872.2035712036325
2030-05-27 08:00:00,248928.19296056338,404868.7354555127,580694.5005478791,2384.687636056439
2030-05-27 09:00:00,250133.29038481132,406353.73327330255,586825.744374027,2789.243316784712
2030-05-27 10:00:00,251339.07060856372,407838.73109109304,592953.035407423,3050.808527813827
2030-05-27 11:00:00,252545.47844504635,409323.7289088841,599085.3940325055,3265.080344885896
2030-05-27 12:00:00,253753.1583604643,410808.72672667645,605235.0430328379,3431.2783859503793
2030-05-27 13:00:00,254960.01198635442,412293.72454446735,611424.1256870313,3778.815416970566
2030-05-27 14:00:00,256166.5998728715,413778.7223622582,617593.7682297751,4340.262904940549
2030-05-27 15:00:00,257372.479377803,415263.72018004855,623744.0337332747,5221.1631881330095
2030-05-27 16:00:00,258578.0219779761,416748.7179978389,629879.7889983751,6400.009999958131
2030-05-27 17:00:00,257299.0417366919,416758.99999963015,629879.7889982288,6400.009999959928
2030-05-27 18:00:00,255913.03156477865,414923.8607026468,621395.145320152,3206.440678603853
2030-05-27 19:00:00,254527.02139286557,413088.7214056634,612910.5016420757,7.403741619782522e-08
2030-05-27 20:00:00,253141.01122110608,411253.5821089279,606331.5473215368,171.32722495460484
2030-05-27 21:00:00,251755.00104934594,409418.4428121884,605876.5952740642,344.33281293773615
2030-05-27 22:00:00,250545.05651961043,409473.07362992107,605950.0882601861,3288.3236127342657
2030-05-27 23:00:00,249332.77441623935,409527.7044476597,606017.8663281834,6232.314412531212
2030-05-28 00:00:00,247939.80986266295,407684.80627505784,602668.43602905,6400.009999927444
2030-05-28 01:00:00,246546.8453089324,405841.9081022055,594183.7923509744,5306.36719075377
2030-05-28 02:00:00,245153.88075520142,403999.00992935296,585699.1486728982,4327.933404350173
2030-05-28 03:00:00,243760.91620146975,402156.1117565,577214.5049948215,3433.3501222783943
2030-05-28 04:00:00,242367.9516477376,400313.21358364716,568729.861316744,2471.434460439102
2030-05-28 05:00:00,240974.98709400478,398470.31541079306,560245.2176386665,1417.9262265307366
2030-05-28 06:00:00,239582.02254027306,396627.41723794024,551760.5739605901,4.9265245220796e-08
2030-05-28 07:00:00,238189.05798698938,396507.88917568506,551760.5739606401,2.640836484016132e-07
2030-05-28 08:00:00,238224.00883013147,396554.7611175538,554889.6802289687,4.315779970635166e-08
2030-05-28 09:00:00,239450.2388739426,398032.0000594886,561311.7070288942,1350.3123959569307
2030-05-28 10:00:00,240676.46891775457,399509.2390014245,567733.7338288197,2609.4253212780095
2030-05-28 11:00:00,241902.69896156696,400986.477943361,574155.7606287451,3749.204553006236
2030-05-28 12:00:00,243128.92900537993,402463.71688529867,580577.7874286714,4926.491678587999
2030-05-28 13:00:00,244355.15904919166,403940.955827234,586999.8142285986,6400.009999955009
2030-05-28 14:00:00,244389.85363985735,403987.8277690959,593202.5601900778,6400.009999422035
2030-05-28 15:00:00,243280.34202716153,404034.69971094624,593273.2835461303,6400.0099999615995
2030-05-28 16:00:00,241887.37747343144,402191.80153809563,584788.6398680536,6400.009999724388
2030-05-28 17:00:00,240494.41291969948,400348.9033652428,576303.9961899805,6400.009999999007
2030-05-28 18:00:00,239101.44836590588,398506.00519232213,567819.3525118217,4261.683699627017
2030-05-28 19:00:00,237708.48381211236,396663.10701940145,559334.7088336624,841.6402912003109
2030-05-28 20:00:00,236315.51925831902,394820.20884648117,550850.0651555031,1.337411958957091e-09
2030-05-28 21:00:00,234922.55470458724,392977.31067362824,542365.4214774313,9.9646536000364e-07
2030-05-28 22:00:00,233529.59015085603,391134.4125007758,533880.7777993602,1.3579819605507575e-06
2030-05-28 23:00:00,232136.62559712483,389291.51432792336,525396.1341212864,1.5516438550432091e-06
2030-05-29 00:00:00,230743.66104339404,387448.61615507194,516911.4904432117,1.6479643437477616e-06
2030-05-29 01:00:00,229350.6964896622,385605.7179822183,508426.8467651366,1.6730929334724445e-06
2030-05-29 02:00:00,227957.73193593032,383762.81980936497,499942.20308706106,1.6354982256272938e-06
2030-05-29 03:00:00,226564.76738219828,381919.92163651175,491457.55940898607,1.528940026835168e-06
2030-05-29 04:00:00,225171.80282846672,380077.02346366004,482972.9157309125,1.3323303734743305e-06
2030-05-29 05:00:00,223778.83827473412,378234.1252908062,474488.27205283527,9.643134170473647e-07
2030-05-29 06:00:00,222385.87372100333,376391.2271179543,466003.6283747596,4.038166340725726e-08
2030-05-29 07:00:00,221398.18461280523,376438.09905980615,466098.69243673555,4.240910634537003e-08
2030-05-29 08:00:00,222624.4146566172,377915.3380017428,472520.7192366614,550.2402545519604
2030-05-29 09:00:00,223850.64470042882,379392.5769436782,478942.7460365877,1823.9234661063904
2030-05-29 10:00:00,225076.87474424057,380869.81588561396,485364.77283651347,2623.4861528273486
2030-05-29 11:00:00,226303.1047880524,382347.0548275501,491786.799636439,3182.9970321358796
2030-05-29 12:00:00,227529.33483186495,383824.2937694876,498208.8264363654,3699.237342712543
2030-05-29 13:00:00,228755.56487567656,385301.5327114228,504630.853236293,4394.341756074491
2030-05-29 14:00:00,229981.79491948793,386778.77165335807,511052.8800362199,5354.233681570282
2030-05-29 15:00:00,231208.02496329852,388256.01059529255,517474.906836146,6400.009999957173
2030-05-29 16:00:00,231232.7953896965,388302.8825371628,519921.079642214,6400.009999876912
2030-05-29 17:00:00,229839.8308361154,386459.9843645548,518186.71028236125,6400.009999939409
2030-05-29 18:00:00,228446.8662823837,384617.0861917018,509702.0666042853,4483.025963716973
2030-05-29 19:00:00,227053.90172865172,382774.1880188484,501217.4229262098,2925.7364719142997
2030-05-29 20:00:00,225660.9371749212,380931.28984599735,492732.77924813406,1434.3923414163103
2030-05-29 21:00:00,224267.97262119025,379088.39167314465,484248.1355700579,6.584332368220203e-08
2030-05-29 22:00:00,222875.00806761064,377245.49350053794,481237.2541543651,7.227943508839001e-07
2030-05-29 23:00:00,221482.0435140314,375402.59532793274,478472.7574971667,7.334042493312154e-07
2030-05-30 00:00:00,220089.07896045706,373559.697155337,478274.7735751924,2.1283765285933925e-07
2030-05-30 01:00:00,219142.11611700125,373606.5690971727,478344.4019204811,1.380158997931262e-06
2030-05-30 02:00:00,218306.79665908616,373653.4410390217,478440.50313042797,1.7071941248513539e-06
2030-05-30 03:00:00,217548.74684787303,373700.3129808755,478546.0311958698,1.7025214858661798e-06
2030-05-30 04:00:00,216742.71976789742,373747.1849227355,478634.880298195,1.34760509420576e-06
2030-05-30 05:00:00,216655.18779966535,373794.05686458683,478791.86003836524,4.672640746816081e-08
2030-05-30 06:00:00,217881.4178434742,375271.29580651986,485213.88683829096,300.9514107021422
2030-05-30 07:00:00,219107.6478872848,376748.5347484548,491635.9136382186,1435.0780213386888
2030-05-30 08:00:00,220333.87793109711,378225.77369039203,498057.94043814513,2138.843363085196
2030-05-30 09:00:00,221560.10797490875,379703.01263232756,504479.9672380716,2680.593174352719
2030-05-30 10:00:00,222786.33801872045,381180.25157426344,510901.9940379974,2963.569546739473
2030-05-30 11:00:00,224012.56806253272,382657.49051619996,517324.0208379233,3237.2828121987286
2030-05-30 12:00:00,225238.79810634593,384134.72945813806,523746.04763785057,3509.153426760628
2030-05-30 13:00:00,226465.02815015867,385611.96840007446,530168.0744377789,4006.0106207520344
2030-05-30 14:00:00,227691.25819397127,387089.2073420108,536590.1012377063,4785.923900884012
2030-05-30 15:00:00,228917.48823778337,388566.44628394675,543012.1280376329,6004.449414571822
2030-05-30 16:00:00,230143.71828159437,390043.68522588216,549434.154837558,6400.0099999686045
2030-05-30 17:00:00,228750.75372801392,388200.78705327644,548234.7140699354,6400.009999940861
2030-05-30 18:00:00,227357.78917428153,386357.8888804228,539750.070391859,5425.758512096313
2030-05-30 19:00:00,225964.82462054826,384514.99070756824,531265.4267137842,4874.453489213593
2030-05-30 20:00:00,224571.8600668161,382672.09253471537,522780.7830357077,4424.923818689893
2030-05-30 21:00:00,223178.89551308367,380829.1943618612,514296.13935763075,4034.419396752923
2030-05-30 22:00:00,221785.93095935177,378986.2961890075,505811.4956795537,3672.2251561646626
2030-05-30 23:00:00,220392.96640562022,377143.3980161543,497326.8520014766,3322.4379642202475
2030-05-31 00:00:00,219000.00185188904,375300.49984330224,488842.2083234002,2968.0022936455393
2030-05-31 01:00:00,217607.0372981571,373457.6016704483,480357.56464532414,2606.731024037187
2030-05-31 02:00:00,216214.07274442527,371614.70349759475,471872.92096724757,2233.351124362106
2030-05-31 03:00:00,214821.1081906932,369771.80532474123,463388.27728917054,1827.4368623176815
2030-05-31 04:00:00,213428.14363696144,367928.9071518889,454903.6336110932,1356.382561683301
2030-05-31 05:00:00,212035.17908322942,366086.0089790355,446418.98993301624,772.601696089501
2030-05-31 06:00:00,210642.21452949886,364243.1108061839,437934.3462549404,4.224056890375315e-08
2030-05-31 07:00:00,210119.0181786689,364289.9827480344,438025.4442797419,4.250571773684723e-08
2030-05-31 08:00:00,211345.24822248076,365767.2216899711,444447.4710796677,137.0980952035159
2030-05-31 09:00:00,212571.47826629246,367244.46063190675,450869.49787959445,1526.057397565655
2030-05-31 10:00:00,213797.70831010438,368721.6995738429,457291.5246795207,2400.5581345597934
2030-05-31 11:00:00,215023.93835391678,370198.9385157799,463713.55147944693,3216.6790887105317
2030-05-31 12:00:00,216250.1683977299,371676.1774577182,470135.5782793741,3998.1538330404956
2030-05-31 13:00:00,217476.3984415421,373153.41639965435,476557.60507930233,5013.429401279367
2030-05-31 14:00:00,218702.62848535407,374630.6553415905,482979.63187922986,6400.009999942757
2030-05-31 15:00:00,219843.67870756384,376107.89428309636,489401.6586789926,6400.009999838176
2030-05-31 16:00:00,219404.5514556451,376154.76622495614,489473.3538675577,6400.009999958625
2030-05-31 17:00:00,218011.58690191456,374311.86805210466,480988.7101894811,5572.176827685521
2030-05-31 18:00:00,216618.62234818249,372468.9698792517,472504.06651140505,4974.783293394348
2030-05-31 19:00:00,215225.65779445015,370626.0717063989,464019.4228333369,4524.373133491392
2030-05-31 20:00:00,213832.69324071886,368783.1735335479,455534.7791552681,4150.823905726129
2030-05-31 21:00:00,212439.72868698701,366940.2753606951,447050.1354771973,3826.3825198207487
2030-05-31 22:00:00,211046.76413325532,365097.37718784227,438565.491799123,3498.9420205569704
2030-05-31 23:00:00,209653.799579524,363254.47901498975,430080.84812104685,3174.214367116258
2030-06-01 00:00:00,208260.8350257935,361411.5808421387,421596.2044429706,2847.2096157500932
2030-06-01 01:00:00,206867.87047206247,359568.6826692858,413111.5607648949,2515.1223708869943
2030-06-01 02:00:00,205474.90591833173,357725.78449643333,404626.91708681866,2176.264574624438
2030-06-01 03:00:00,204081.94136460064,355882.88632358087,396142.2734087418,1810.8811745691978
2030-06-01 04:00:00,202688.9768108693,354039.9881507291,387657.6297306651,1390.5838510844112
2030-06-01 05:00:00,201296.01225713713,352197.0899778755,379172.98605258734,865.9172366762418
2030-06-01 06:00:00,199903.04770340634,350354.1918050234,370688.3423745113,6.41794998997321e-08
2030-06-01 07:00:00,198510.08314982636,348511.29363241635,363316.85727371986,1.4002857567980462e-07
2030-06-01 08:00:00,198147.57122773695,348558.1655742723,363387.0473345242,6.521533100422671e-07
2030-06-01 09:00:00,198177.58653911346,348605.0375161366,366411.6782416615,2.8926708742502966e-07
2030-06-01 10:00:00,198323.29709664852,350082.27645762375,372833.7050414182,273.3966567786249
2030-06-01 11:00:00,199549.52714045983,351559.51539955864,379255.7318413431,3217.3874566736017
2030-06-01 12:00:00,200775.75718427176,353036.75434149493,385677.75864126894,6161.378256567059
2030-06-01 13:00:00,200915.79611008265,354513.99328297266,392099.7854410317,6400.009999767766
2030-06-01 14:00:00,200658.21855405145,354560.86522482394,392214.5650855065,6400.009999868319
2030-06-01 15:00:00,199265.2540004722,352717.9670522192,391903.2160056397,6400.009999938845
2030-06-01 16:00:00,197872.28944674187,350875.0688793684,383418.57232756255,4430.178203765035
2030-06-01 17:00:00,196479.3248930099,349032.17070651497,374933.9286494855,2270.6077376342137
2030-06-01 18:00:00,195086.36033927827,347189.272533662,366449.2849714093,6.42357281342497e-08
2030-06-01 19:00:00,193693.39578569558,345346.3743610519,361770.8626843067,1.274031712235286e-07
2030-06-01 20:00:00,193382.04255934237,345393.246302907,361863.54611843143,1.666339810690622e-07
2030-06-01 21:00:00,193609.1944677225,346870.4852443909,368285.57291818893,5.760147605193778e-08
2030-06-01 22:00:00,194835.42451153314,348347.7241863252,374707.59971811424,1019.6822165671555
2030-06-01 23:00:00,196061.65455534458,349824.9631282604,381129.6265180398,1947.7413150944997
2030-06-02 00:00:00,197287.88459915688,351302.2020701973,387551.653317966,2563.4856649449016
2030-06-02 01:00:00,198514.11464296808,352779.4410121322,393973.68011789327,2849.6536138536535
2030-06-02 02:00:00,199740.34468677934,354256.6799540674,400395.70691781974,3016.998683310837
2030-06-02 03:00:00,200966.57473059048,355733.91889600275,406817.73371774564,3121.8619523211937
2030-06-02 04:00:00,202192.8047744022,357211.1578379396,413239.7605176711,3085.771185132394
2030-06-02 05:00:00,203419.0348182125,358688.39677987417,419661.7873175967,3075.528257727088
2030-06-02 06:00:00,204645.2648620229,360165.6357218091,426083.81411752285,3094.621714324148
2030-06-02 07:00:00,205871.4949058337,361642.8746637444,432505.84091744997,3051.6270598720284
2030-06-02 08:00:00,207097.72494964575,363120.11360568146,438927.8677173761,3002.664046141249
2030-06-02 09:00:00,208323.95499345692,364597.35254761664,445349.89451730205,3097.105639410398
2030-06-02 10:00:00,209550.18503726818,366074.5914895521,451771.9213172274,3137.793735393839
2030-06-02 11:00:00,210776.4150810799,367551.8304314881,458193.9481171527,3193.956975648055
2030-06-02 12:00:00,212002.64512489268,369029.0693734256,464615.974917079,3258.8182203998635
2030-06-02 13:00:00,213228.87516870486,370506.3083153614,471038.00171700655,3390.3331379257843
2030-06-02 14:00:00,214455.105212517,371983.54725729726,477460.02851693326,3609.4301899899465
2030-06-02 15:00:00,215681.33525632886,373460.786199233,483882.0553168591,3942.1774512695724
2030-06-02 16:00:00,216907.56530014088,374938.02514116955,490304.08211678424,4398.7728277007245
2030-06-02 17:00:00,218133.79534395115,376415.2640831038,496726.1089167096,5224.564653359452
2030-06-02 18:00:00,219360.02538776066,377892.50302503747,503148.1357166361,6400.009999938867
2030-06-02 19:00:00,220227.28345353564,379369.7419665175,509570.16251639713,6400.009999455725
2030-06-02 20:00:00,220325.12349753652,379463.2045276961,515992.18931604887,6400.009998890383
2030-06-02 21:00:00,220422.9635415221,379573.4271917309,522414.21611569676,6400.009999100655
2030-06-02 22:00:00,220490.28097002814,379620.2991336016,528797.572604536,6281.580322444807
2030-06-02 23:00:00,220527.37149791062,379667.17107546004,534881.049060873,5722.529827704434
2030-06-03 00:00:00,220561.67988371535,379714.04301732616,540424.804520479,5105.911022402314
2030-06-03 01:00:00,220589.35022847328,379760.91495918046,544560.5147037718,4501.382589269002
2030-06-03 02:00:00,220614.52635291495,379807.7869010367,546442.8844842686,3847.41463236719
2030-06-03 03:00:00,220630.70755641905,379854.6588428932,546933.1175903465,1488.260533770827
2030-06-03 04:00:00,220656.67826765863,379901.5307847608,547796.8362047725,4.836699645238696e-07
2030-06-03 05:00:00,220754.51831165006,380737.227283063,554218.8630044219,5.249557943898253e-08
2030-06-03 06:00:00,221980.7483554602,382214.46622499736,560640.8898043487,1394.0249809028949
2030-06-03 07:00:00,223206.9783992711,383691.7051669325,567062.9166042759,2166.916367831808
2030-06-03 08:00:00,224433.2084430833,385168.94410886953,573484.9434042022,2608.9100242997874
2030-06-03 09:00:00,225659.43848689456,386646.1830508048,579906.9702041283,2942.725240504553
2030-06-03 10:00:00,226885.66853070565,388123.42199274024,586328.9970040538,3084.133003329515
2030-06-03 11:00:00,228111.89857451728,389600.6609346763,592751.0238039794,3259.2520442097416
2030-06-03 12:00:00,229338.12861832968,391077.8998766137,599173.0506039058,3412.838146365926
2030-06-03 13:00:00,230564.35866214152,392555.13881854946,605595.0774038335,3740.1519911419336
2030-06-03 14:00:00,231790.58870595336,394032.3777604854,612017.1042037605,4284.966566516146
2030-06-03 15:00:00,233016.818749765,395509.6167024212,618439.1310036868,5144.675559398983
2030-06-03 16:00:00,234243.04879357663,396986.8556443579,624861.1578036131,6400.009999957112
2030-06-03 17:00:00,234272.82174119947,397033.7275862205,629464.3703329371,6400.00999974532
2030-06-03 18:00:00,232879.8571878941,395393.6294850628,629464.3703329789,6400.009999950314
2030-06-03 19:00:00,231486.89263416306,393550.7313122109,620979.7266549045,5134.4973100786465
2030-06-03 20:00:00,230093.92808043308,391707.8331393608,612495.0829768298,4299.346420848158
2030-06-03 21:00:00,228700.96352670266,389864.9349665093,604010.439298755,3778.519801927664
2030-06-03 22:00:00,227307.99897297256,388022.0367936582,595525.7956206799,3468.9492549143906
2030-06-03 23:00:00,225915.0344192664,386179.138620837,587041.1519426497,4481.887145943436
2030-06-04 00:00:00,224535.67056007797,384338.9731945455,578556.5082645747,3990.2140938403018
2030-06-04 01:00:00,223156.30670088873,382498.8077682519,570071.8645865006,3492.028673147811
2030-06-04 02:00:00,221776.94284169932,380658.6423419585,561587.2209084259,2976.7626371012825
2030-06-04 03:00:00,220397.57898250967,378818.4769156649,553102.5772303506,2433.04828364118
2030-06-04 04:00:00,219018.21512332014,376978.3114893724,544617.9335522747,1817.9486012962768
2030-06-04 05:00:00,217638.85126412977,375138.1460630781,536133.2898741986,1087.3645683603875
2030-06-04 06:00:00,216259.48740494018,373297.98063678475,527648.6461961236,6.487511138310053e-08
2030-06-04 07:00:00,214880.12354589943,371457.81521073624,524513.6130321174,1.6956330118760943e-07
2030-06-04 08:00:00,214006.97970565208,371507.4198991503,524637.1493306716,341.0130507030302
2030-06-04 09:00:00,213875.88715506071,371557.02458755404,524931.4599166042,1456.32615407929
2030-06-04 10:00:00,213733.71247994047,371606.62927595736,525188.1249069518,2111.8859859591375
2030-06-04 11:00:00,213622.65325139015,371656.2339643697,525498.277203981,2853.454614353622
2030-06-04 12:00:00,213522.65031944742,371705.8386527895,525813.0131634037,3539.7480518114094
2030-06-04 13:00:00,213413.5362018492,371755.44334119785,526161.2117401883,4269.69014209465
2030-06-04 14:00:00,213311.48180796643,371805.04802961077,526508.1866252578,5182.124000511161
2030-06-04 15:00:00,213190.1838019382,371854.65271802025,526797.4864235176,6300.635928183279
2030-06-04 16:00:00,211880.23611551436,371904.2574064161,526840.432159144,6400.009999831218
2030-06-04 17:00:00,210500.87225647352,370064.09198036813,521323.32216683717,6400.009999934397
2030-06-04 18:00:00,209121.5083972844,368223.9265540757,512838.6784887627,5540.102858529805
2030-06-04 19:00:00,207742.14453809528,366383.76112778304,504354.03481068905,5033.065076856217
2030-06-04 20:00:00,206362.78067890738,364543.59570149233,495869.3911326151,4630.854604385914
2030-06-04 21:00:00,204983.41681971872,362703.43027519993,487384.7474545409,4346.36867717244
2030-06-04 22:00:00,203604.0529605303,360863.2648489078,478900.1037764663,4039.333542979776
2030-06-04 23:00:00,202224.6891013419,359023.0994226159,470415.4600983914,3713.4024483722123
2030-06-05 00:00:00,200845.32524215375,357182.9339963247,461930.8164203167,3371.9801515753493
2030-06-05 01:00:00,199465.9613829646,355342.7685700314,453446.1727422427,3035.835898546395
2030-06-05 02:00:00,198086.5975237752,353502.6031437381,444961.52906416805,2693.3646692436546
2030-06-05 03:00:00,196707.23366458513,351662.43771744426,436476.8853860926,2330.8349011255123
2030-06-05 04:00:00,195327.86980539438,349822.2722911506,427992.2417080165,1927.723826939044
2030-06-05 05:00:00,193948.50594620235,347982.1068648547,419507.59802993934,1471.7780456547405
2030-06-05 06:00:00,192569.14208701163,346141.94143856014,411022.9543518636,946.4587952536463
2030-06-05 07:00:00,191189.7782278218,344301.7760122665,402538.3106737893,6.240486527531175e-08
2030-06-05 08:00:00,189810.41436878408,342461.6105862239,398934.0164283696,1.506538183093653e-07
2030-06-05 09:00:00,189693.2492503245,342511.2152746231,399220.1538486891,1.2799518383061874e-06
2030-06-05 10:00:00,189597.77711987493,342560.81996302964,399556.1330626314,1.5540504762477309e-06
2030-06-05 11:00:00,189576.18028120178,342610.4246514489,401907.6266294623,1.4914418678472453e-06
2030-06-05 12:00:00,189568.68915035613,342660.0293398754,406610.6982033097,9.854074310162263e-07
2030-06-05 13:00:00,189680.129888895,342891.5465674908,413032.72500297613,2838.7395749755
2030-06-05 14:00:00,190919.96062724636,344371.51825598325,419454.7518029031,5782.7303748810455
2030-06-05 15:00:00,190909.15960678813,344421.1229444035,424652.65590743936,5701.481590337329
2030-06-05 16:00:00,190824.65961598788,344470.7276328203,424979.19150992314,5600.316430104014
2030-06-05 17:00:00,189545.6392941124,344520.3323212088,425036.0457001874,4010.2133109838423
2030-06-05 18:00:00,188238.04774876527,344569.9370096064,425083.4294530745,810.3717872583343
2030-06-05 19:00:00,186993.69272249413,344619.5416979933,425161.98213302396,258.6248442211072
2030-06-05 20:00:00,186925.92600932773,344669.14638641523,425569.1846722022,118.3369992540795
2030-06-05 21:00:00,187037.36674786487,344740.4238350343,431991.2114718573,145.28891080904364
2030-06-05 22:00:00,187148.8074864105,345755.13488107733,438413.23827151454,617.2566136711206
2030-06-05 23:00:00,187260.24822494815,347099.86089207546,444835.26507117524,2381.063543390285
2030-06-06 00:00:00,187371.68896348894,348455.1456936379,451257.2918708371,3900.7062086355945
2030-06-06 01:00:00,187483.1297020273,349795.79671573034,457679.3186705072,5811.082589904598
2030-06-06 02:00:00,187594.57044056876,350505.5552181413,464101.3454701686,6185.972679360066
2030-06-06 03:00:00,187583.99681789885,350555.15990656184,469300.2163915287,5112.794598950473
2030-06-06 04:00:00,187515.59904982234,350604.76459498046,469709.4101786022,2221.602090358021
2030-06-06 05:00:00,187470.7259830132,350654.36928339105,470734.287463151,2.5725216801220085e-07
2030-06-06 06:00:00,188138.92381643865,352134.340971443,477156.3142629157,5.981689235000552e-08
2030-06-06 07:00:00,189378.75455479027,353614.3126599362,483578.341062844,1375.8802244328347
2030-06-06 08:00:00,190618.58529314326,355094.2843484313,490000.3678627713,2338.071408791439
2030-06-06 09:00:00,191858.41603149538,356574.2560369246,496422.3946626983,3132.5368288094573
2030-06-06 10:00:00,193098.24676984703,358054.22772541776,502844.421462625,3504.3824134087754
2030-06-06 11:00:00,194338.07750819874,359534.1994139111,509266.4482625515,3771.51609452409
2030-06-06 12:00:00,195577.9082465513,361014.17110240564,515688.4750624783,4229.027766028309
2030-06-06 13:00:00,196817.73898490326,362494.14279089856,522110.5018624065,5094.5348284753045
2030-06-06 14:00:00,198057.56972325523,363974.1144793915,528532.5286623342,6400.009999955717
2030-06-06 15:00:00,198085.43143248252,364023.71916781244,534778.8058136456,6400.0099994331695
2030-06-06 16:00:00,197919.0901318753,364073.32385622483,534964.2482085765,6400.00999995698
2030-06-06 17:00:00,196539.72627268496,362233.15842993057,526479.6045305012,5635.760876580959
2030-06-06 18:00:00,195160.36241349333,360392.9930036353,517994.96085242846,5160.048000506316
2030-06-06 19:00:00,193780.99855430122,358552.8275773399,509510.3171743559,3886.5493196463926
2030-06-06 20:00:00,192401.63469511035,356712.66215104645,501025.6734962888,3563.1731158744674
2030-06-06 21:00:00,191022.27083591904,354872.496724751,492541.02981821494,3238.2466379635803
2030-06-06 22:00:00,189642.9069767295,353032.33129845734,484056.38614014024,2939.843488933581
2030-06-06 23:00:00,188263.54311754077,351192.16587216477,475571.74246206565,2649.153704006599
2030-06-07 00:00:00,186884.1792583528,349352.0004458735,467087.0987839916,2348.3876544045393
2030-06-07 01:00:00,185504.81539916416,347511.83501958055,458602.45510591863,2034.385063231798
2030-06-07 02:00:00,184125.45153997568,345671.6695932881,450117.81142784527,1704.6633530393005
2030-06-07 03:00:00,182746.08768078702,343831.50416699576,441633.1677497715,1329.8152141573346
2030-06-07 04:00:00,181366.72382159845,341991.33874070423,433148.524071697,841.7357363565633
2030-06-07 05:00:00,179987.35996240887,340151.173314411,424663.8803936223,6.817009534643148e-08
2030-06-07 06:00:00,178607.99610336905,338311.0078883652,416821.6962640813,6.644629629814405e-07
2030-06-07 07:00:00,177228.63224432577,336470.84246232256,416813.8170022585,1.7139600893003983e-07
2030-06-07 08:00:00,177172.00234896434,336520.4471507465,417239.2188768198,7.913007119458314e-07
2030-06-07 09:00:00,177161.6899442291,336570.05183916487,421497.21857444965,6.373339945028039e-07
2030-06-07 10:00:00,177273.1306827679,337366.03872771334,427919.2453741075,890.2572226112362
2030-06-07 11:00:00,177384.57142129933,338568.66885710525,434341.27217376424,2392.4477726596424
2030-06-07 12:00:00,177496.0121598348,339789.6640257825,440763.2989734224,3564.323849476969
2030-06-07 13:00:00,177607.45289836242,341030.5354191773,447185.3257730902,5479.336154462753
2030-06-07 14:00:00,177718.89363690247,341934.2134958489,453607.35257275385,6400.00999936805
2030-06-07 15:00:00,177704.39141230212,341983.8181842697,455825.5835193724,6400.009999216528
2030-06-07 16:00:00,177641.86342016145,342033.4228726907,456176.4877499532,6400.009999858245
2030-06-07 17:00:00,176262.49956111965,340193.25744664075,448426.44636170345,6400.0099999378735
2030-06-07 18:00:00,174883.13570192968,338353.09202034754,439941.80268362915,5429.853004025323
2030-06-07 19:00:00,173503.771842739,336512.9265940535,431457.15900555515,4872.929236921697
2030-06-07 20:00:00,172124.40798354984,334672.76116776164,422972.5153274811,4429.000153957481
2030-06-07 21:00:00,170745.04412436037,332832.5957414684,414487.8716494071,4050.6591601508644
2030-06-07 22:00:00,169365.68026517125,330992.4303151758,406003.22797133285,3695.6728456798633
2030-06-07 23:00:00,167986.31640598242,329152.26488888357,397518.58429325843,3348.698081165871
2030-06-08 00:00:00,166606.9525467946,327312.0994625928,389033.94061518466,3008.357144801639
2030-06-08 01:00:00,165227.58868760613,325471.93403630034,380549.296937112,2665.8127610789347
2030-06-08 02:00:00,163848.22482841773,323631.76861000824,372064.65325903875,2312.886792966951
2030-06-08 03:00:00,162468.86096922896,321791.6031837159,363580.00958096486,1931.1811820029038
2030-06-08 04:00:00,161089.49711003993,319951.437757424,355095.3659028901,1481.4588830472078
2030-06-08 05:00:00,159710.13325084987,318111.2723311303,346610.722224815,934.9392457800211
2030-06-08 06:00:00,158330.7693916604,316271.1069048372,338126.07854674075,6.765657652032923e-08
2030-06-08 07:00:00,156951.40553261564,314430.9414787782,329760.25593697914,4.7495597739464284e-07
2030-06-08 08:00:00,155572.04167357762,312590.77605273575,327093.89420979103,2.0708126562648903e-07
2030-06-08 09:00:00,155437.21970078116,312640.3807411381,327313.26526185113,266.20272378068404
2030-06-08 10:00:00,155387.5397602071,312689.98542955285,327888.57631237543,488.08029067102444
2030-06-08 11:00:00,155424.61943294076,312739.59011797333,334151.91999648156,2793.692660133816
2030-06-08 12:00:00,155480.47529221376,312789.1948064028,340488.3037698856,5576.037613935564
2030-06-08 13:00:00,155487.5911254632,312838.7994948212,346443.4876761745,6036.074692407898
2030-06-08 14:00:00,155440.86534939107,312888.40418323374,347111.83880443807,6400.0099998350015
2030-06-08 15:00:00,154061.5014903502,311048.2387571846,345041.8543148857,6400.009999938136
2030-06-08 16:00:00,152682.13763116056,309208.073330892,336557.2106368105,4661.192983277015
2030-06-08 17:00:00,151302.77377196867,307367.90790459607,328072.56695873465,3234.3861186271342
2030-06-08 18:00:00,149923.409912777,305527.74247830047,319587.92328065966,1825.0829250195272
2030-06-08 19:00:00,148544.04605358653,303687.5770520061,311103.2796025859,4.824869392905384e-08
2030-06-08 20:00:00,147164.68219483888,303393.9414907865,311103.27960264037,3.292827841505641e-07
2030-06-08 21:00:00,147159.59958037743,303443.54617920244,316188.07504390203,6.6721564761795e-07
2030-06-08 22:00:00,147152.54792435403,303493.1508676207,320440.67753196956,4.527829893167892e-08
2030-06-08 23:00:00,148392.37866270577,304973.12255611375,326862.7043318953,363.0164930655792
2030-06-09 00:00:00,149632.20940105902,306453.094244609,333284.73113182216,1872.191954971877
2030-06-09 01:00:00,150872.0401394112,307933.06593310233,339706.7579317503,3028.6467475014424
2030-06-09 02:00:00,152111.87087776314,309413.03762159566,346128.7847316777,3550.643678985582
2030-06-09 03:00:00,153351.7016161149,310893.00931008917,352550.81153160456,3970.864991946007
2030-06-09 04:00:00,154591.53235446662,312372.9809985834,358972.83833153057,2437.8729915012395
2030-06-09 05:00:00,155831.3630928169,313852.9526870755,365394.8651314573,1304.685937708394
2030-06-09 06:00:00,157071.19383116823,315332.9243755686,371816.8919313845,2014.81355709499
2030-06-09 07:00:00,158311.02456952035,316812.8960640624,378238.91873131244,2464.188691689798
2030-06-09 08:00:00,159550.8553078738,318292.867752558,384660.9455312395,2753.525234502553
2030-06-09 09:00:00,160790.68604622644,319772.8394410519,391082.97233116627,3073.506827356967
2030-06-09 10:00:00,162030.51678457845,321252.8111295454,397504.99913109245,3093.7206754440913
2030-06-09 11:00:00,163270.347522931,322732.7828180396,403927.0259310186,3197.2586627093056
2030-06-09 12:00:00,164510.17826128445,324212.7545065351,410349.05273094494,3281.3871300037144
2030-06-09 13:00:00,165750.00899963724,325692.7261950287,416771.07953087275,3435.4628710227253
2030-06-09 14:00:00,166989.8397379901,327172.69788352255,423193.1063307998,3724.7294109400577
2030-06-09 15:00:00,168229.6704763429,328652.6695720164,429615.13313072635,4237.969508569749
2030-06-09 16:00:00,169469.50121469586,330132.641260511,436037.1599306526,4999.13468463372
2030-06-09 17:00:00,170709.33195304708,331612.6129490033,442459.18673057953,6224.083024751775
2030-06-09 18:00:00,171949.16269139672,333092.5846374941,448881.21353050595,6400.009999950049
2030-06-09 19:00:00,171910.8284446732,333142.18932589755,450490.9274013508,3883.9714280774756
2030-06-09 20:00:00,171887.06367087146,333191.7940143116,452281.6677575147,1694.157813854924
2030-06-09 21:00:00,171870.25094067163,333241.3987027182,457012.92279251525,4.6894001570763066e-08
2030-06-09 22:00:00,173110.08167902287,334721.3703912103,463434.94959244196,1501.715857292275
2030-06-09 23:00:00,174349.91241737438,336201.3420797029,469856.97639236867,2320.9631445064197
2030-06-10 00:00:00,175589.74315572658,337681.31376819685,476279.0031922955,2736.854344314247
2030-06-10 01:00:00,176829.5738940778,339161.2854566888,482701.0299922234,2851.0574934804777
2030-06-10 02:00:00,178069.40463242904,340641.25714518107,489123.0567921508,2612.183225077496
2030-06-10 03:00:00,179309.23537078055,342121.228833674,495545.0835920779,2582.910344555939
2030-06-10 04:00:00,180549.06610913298,343601.20052216866,501967.1103920047,2576.296098439185
2030-06-10 05:00:00,181788.89684748452,345081.17221066164,508389.13719193154,2714.8851359654163
2030-06-10 06:00:00,183028.72758583643,346561.1438991551,514811.1639918584,2886.8685169198443
2030-06-10 07:00:00,184268.55832418936,348041.1155876496,521233.19079178653,2958.147883921715
2030-06-10 08:00:00,185508.38906254355,349521.08727614576,527655.2175917141,2970.6179731387333
2030-06-10 09:00:00,186748.21980089706,351001.0589646404,534077.2443916416,3113.821130383695
2030-06-10 10:00:00,187988.05053925063,352481.0306531352,540499.2711915686,3172.4140411381113
2030-06-10 11:00:00,189227.88127760458,353961.0023416305,546921.2979914957,3261.447573967951
2030-06-10 12:00:00,190467.7120159593,355440.9740301272,553343.3247914234,3333.4178567009017
2030-06-10 13:00:00,191707.54275431362,356920.94571862253,559765.3515913524,3531.244966381747
2030-06-10 14:00:00,192947.37349266792,358400.9174071178,566187.3783912808,3860.2327204550174
2030-06-10 15:00:00,194187.20423102178,359880.8890956128,572609.4051912084,4378.897861028005
2030-06-10 16:00:00,195427.03496937556,361360.8607841084,579031.4319911351,5159.512046494421
2030-06-10 17:00:00,196666.86570772744,362840.8324726019,585453.4587910624,6400.009999958085
2030-06-10 18:00:00,196627.3049885352,362890.4371610102,586601.1898505952,6400.009999807083
2030-06-10 19:00:00,195247.941129492,361050.2717349573,585857.0643849893,5325.696659415182
2030-06-10 20:00:00,193868.57727045196,359210.1063089115,581887.2072260884,3091.3737268202035
2030-06-10 21:00:00,192489.21341141025,357369.94088286,578556.6242231963,929.3790435523451
2030-06-10 22:00:00,191109.84955236994,355529.77545680956,578055.3231507842,305.66850248618107
2030-06-10 23:00:00,189730.48569362643,354599.5069995192,578055.3231508433,1556.619988849477
2030-06-11 00:00:00,188365.43589284102,352776.27285691636,578055.3231507684,1578.2569106340945
2030-06-11 01:00:00,187000.38609206743,351493.542082192,578055.3231508258,1891.7759179293057
2030-06-11 02:00:00,185635.33629130182,350971.2898149701,578055.3231508957,2821.04197692933
2030-06-11 03:00:00,184270.28649052972,349515.76911414735,578055.3231509482,3027.677047157536
2030-06-11 04:00:00,182905.23668946838,347666.40374368336,577783.9977252359,399.5781362291468
2030-06-11 05:00:00,181540.18688840483,345817.0383732095,577651.6957647569,2.3785818019729314e-07
2030-06-11 06:00:00,181505.53248291215,345857.44311719993,578269.9842149235,6.364050954912235e-07
2030-06-11 07:00:00,181517.7560304627,345897.8478612035,583314.8378564639,4.454746944354784e-08
2030-06-11 08:00:00,182771.90082679293,347368.6196052786,589736.8646563924,1584.5503839603693
2030-06-11 09:00:00,184026.0456231227,348839.3913493525,596158.8914563204,3172.690485002544
2030-06-11 10:00:00,185280.19041945203,350310.1630934262,602580.918256248,4341.312738400805
2030-06-11 11:00:00,186534.33521578147,351780.93483750004,609002.9450561757,5579.490739371611
2030-06-11 12:00:00,187788.48001211105,353251.70658157463,615424.9718561029,6400.009999939693
2030-06-11 13:00:00,188174.67329536198,354722.47832521406,621846.9986558752,6400.009999832161
2030-06-11 14:00:00,188163.45198085994,354762.8830692122,623154.2154957422,6400.0099998723545
2030-06-11 15:00:00,186798.40217979928,352913.5176987477,619540.4793741694,6400.009999943851
2030-06-11 16:00:00,185433.35237858765,351064.1523280359,611055.8356960962,6400.0099997188
2030-06-11 17:00:00,184068.30257737418,349214.7869573221,602571.1920180331,6400.009999998997
2030-06-11 18:00:00,182703.25277609806,347365.421586539,594086.5483398741,5053.092542257603
2030-06-11 19:00:00,181338.20297482196,345516.05621575593,585601.9046617149,2888.3066826848208
2030-06-11 20:00:00,179973.153173546,343666.6908449733,577117.2609835557,891.4572230953509
2030-06-11 21:00:00,178608.10337226998,341817.3254741902,568632.6173053966,1.682337824604474e-09
2030-06-11 22:00:00,177243.05357105762,339967.9601034777,560147.973627331,604.41462945794
2030-06-11 23:00:00,175878.00376984532,338118.59473276534,551663.3299492697,896.7452427220146
2030-06-12 00:00:00,174512.9539686334,336269.22936205426,543178.6862712114,1097.5081639269843
2030-06-12 01:00:00,173147.9041674205,334419.8639913406,534694.0425931554,1261.0785513781257
2030-06-12 02:00:00,171782.85436620752,332570.4986206273,526209.398915096,1410.391656632844
2030-06-12 03:00:00,170417.8045649944,330721.1332499143,517724.7552370308,1555.8420986548213
2030-06-12 04:00:00,169052.75476376695,328871.76787918503,509240.11155893875,4.182220436632633e-07
2030-06-12 05:00:00,167687.70496255308,327022.4025084711,500755.46788087883,5.754627320030488e-07
2030-06-12 06:00:00,166322.65516134002,325173.0371377576,492270.8242028069,5.09332610868165e-07
2030-06-12 07:00:00,164957.6053601286,323323.67176704574,483786.18052473734,4.7713489033530486e-08
2030-06-12 08:00:00,163592.55555936927,322215.5042657416,483786.18052479747,5.30851604083229e-07
2030-06-12 09:00:00,163582.42208025442,322255.90900974517,486256.8253034482,1223.111483208519
2030-06-12 10:00:00,163580.83831180248,322296.3137537528,489637.9496877161,2139.3555336124355
2030-06-12 11:00:00,163585.34120880006,322336.71849776525,493584.9716566929,2995.076244208838
2030-06-12 12:00:00,163601.88020883012,322377.12324178894,498855.8308668003,4065.012300117947
2030-06-12 13:00:00,163612.7212860882,322417.5279858017,504134.6705112547,5261.723697020176
2030-06-12 14:00:00,163603.12407915638,322457.9327298057,506672.27724585444,6400.009999832029
2030-06-12 15:00:00,162238.07427809725,320608.5673593436,505992.91474183695,6400.009999935435
2030-06-12 16:00:00,160873.02447688644,318759.20198863273,497508.27106376487,6263.35865944818
2030-06-12 17:00:00,159507.97467567303,316909.8366179188,489023.6273856946,6182.738325853962
2030-06-12 18:00:00,158142.92487445826,315060.47124720406,480538.9837076251,6124.992781420837
2030-06-12 19:00:00,156777.8750731822,313211.10587642103,472054.3400294659,2646.7427814229086
2030-06-12 20:00:00,155412.82527196864,311361.7405057081,463569.69635139615,896.6250783108985
2030-06-12 21:00:00,154047.775470755,309512.3751349939,455085.05267333455,844.3839750140992
2030-06-12 22:00:00,152682.7256695419,307663.0097642803,446600.40899527696,792.062453503285
2030-06-12 23:00:00,151317.67586832884,305813.64439356653,438115.7653172137,738.1152279696519
2030-06-13 00:00:00,149952.62606711622,303964.27902285394,429631.12163914595,681.6464200647389
2030-06-13 01:00:00,148587.5762659027,302114.913652139,421146.47796107794,622.1277923272835
2030-06-13 02:00:00,147222.52646468923,300265.5482814245,412661.8342830108,559.7274109690214
2030-06-13 03:00:00,145857.47666347562,298416.18291071046,404177.19060495106,495.89348262877
2030-06-13 04:00:00,144492.42686226213,296566.81753999775,395692.5469268832,417.90211413362795
2030-06-13 05:00:00,143127.37706104765,294717.4521692829,387207.9032488215,336.3023598587542
2030-06-13 06:00:00,141762.3272598345,292868.08679856913,378723.25957074977,223.74127405906685
2030-06-13 07:00:00,140397.27745862308,291018.7214278571,370238.6158926803,5.3963390200806316e-08
2030-06-13 08:00:00,139032.22765783416,289243.3269662593,370238.6158924979,5.112328267387056e-07
2030-06-13 09:00:00,139003.24664656352,289283.731710253,371324.75776064506,1189.0206895255762
2030-06-13 10:00:00,138980.10865303347,289324.1364542495,372655.2767246146,2035.953902806587
2030-06-13 11:00:00,138968.37221312855,289364.5411982524,374960.04084800504,2947.5693753852597
2030-06-13 12:00:00,138967.93084958987,289404.9459422648,378464.3525156227,4004.7111991513993
2030-06-13 13:00:00,138959.93151688072,289445.35068626446,382319.95155977627,5234.17354335762
2030-06-13 14:00:00,138932.31973250062,289485.7554302584,383596.52969531337,6400.009999830471
2030-06-13 15:00:00,137567.26993143983,287636.3900597943,381984.2152499713,6400.009999934988
2030-06-13 16:00:00,136202.22013022864,285787.02468908316,373499.5715718988,5521.357476885577
2030-06-13 17:00:00,134837.1703290155,283937.65931836935,365014.9278938264,4940.788431704865
2030-06-13 18:00:00,133472.12052780177,282088.293947655,356530.28421575396,4458.409995615654
2030-06-13 19:00:00,132107.07072658782,280238.92857694055,348045.6405376828,4023.180224525382
2030-06-13 20:00:00,130742.02092537556,278389.5632062284,339560.99685961136,3622.770704847704
2030-06-13 21:00:00,129376.97112416336,276540.19783551525,331076.35318153957,3259.5485979344576
2030-06-13 22:00:00,128011.92132295213,274690.83246480336,322591.70950346725,2932.8454936488033
2030-06-13 23:00:00,126646.8715217411,272841.4670940918,314107.06582539453,2590.7200167013475
2030-06-14 00:00:00,125281.82172053061,270992.1017233814,305622.42214732233,2226.5391410647635
2030-06-14 01:00:00,123916.77191931952,269142.7363526693,297137.7784692527,1913.2806677121923
2030-06-14 02:00:00,122551.72211813228,267293.3709819872,288653.1347912295,2588.7462410991307
2030-06-14 03:00:00,121186.67231692106,265444.0056112756,280168.49111315765,2248.6732763783803
2030-06-14 04:00:00,119821.62251570955,263594.64024056436,271683.84743508487,1701.1156399249803
2030-06-14 05:00:00,118456.57271449668,261745.27486985095,263199.20375701215,1036.395086826029
2030-06-14 06:00:00,117091.52291328415,259895.9094991381,254714.56007894,6.878090608080254e-08
2030-06-14 07:00:00,115726.47311222188,258046.54412867216,249281.69688804686,2.1633397612595362e-07
2030-06-14 08:00:00,114361.42331145512,257028.10326305963,249281.69688810344,4.114472972479702e-07
2030-06-14 09:00:00,114338.47095057179,257068.5080070523,252076.82055342515,1.0268466046186112e-06
2030-06-14 10:00:00,114331.1063973131,257108.91275105294,256584.0412452961,1.0084482465856723e-06
2030-06-14 11:00:00,114373.78106957061,257149.31749506024,262856.10733891017,3.1040158257894696e-07
2030-06-14 12:00:00,114896.34635166478,258620.08923870837,269278.1341386793,1335.7244401274816
2030-06-14 13:00:00,116150.49114796898,260090.86098276984,275700.1609386043,4279.715239948571
2030-06-14 14:00:00,116914.09248828894,261561.63272641384,282122.1877383766,6400.009999721241
2030-06-14 15:00:00,116941.20850513654,261602.03747042405,288284.49246336106,6400.009999342575
2030-06-14 16:00:00,116934.43087649379,261642.44221443371,291247.0948360505,6400.009999859848
2030-06-14 17:00:00,115569.38107543168,259793.07684396798,287988.04187020333,6400.009999935911
2030-06-14 18:00:00,114204.33127421883,257943.7114732549,279503.3981921315,5483.165458060578
2030-06-14 19:00:00,112839.28147300496,256094.3461025407,271018.75451406004,4956.775719406451
2030-06-14 20:00:00,111474.2316717927,254244.98073182872,262534.1108359885,4541.196417621507
2030-06-14 21:00:00,110109.18187057997,252395.61536111523,254049.46715791654,4181.879093529529
2030-06-14 22:00:00,108744.13206936762,250546.24999040234,245564.82347984443,3849.1020312632218
2030-06-14 23:00:00,107379.08226815563,248696.88461968992,237080.17980177223,3529.2249644848343
2030-06-15 00:00:00,106014.03246694423,246847.5192489787,228595.53612370035,3209.7806328941047
2030-06-15 01:00:00,104648.9826657318,244998.15387826526,220110.89244562943,2890.7157591995583
2030-06-15 02:00:00,103283.93286451919,243148.78850755194,211626.24876755776,2566.117487672892
2030-06-15 03:00:00,101918.88306330562,241299.42313683793,203141.6050894852,2219.454399974943
2030-06-15 04:00:00,100553.83326209139,239450.05776612426,194656.96141141365,1836.9476066541279
2030-06-15 05:00:00,99188.78346087609,237600.6923954086,186172.31773334031,1403.355989309194
2030-06-15 06:00:00,97823.7336596625,235751.3270246948,177687.6740552678,899.8661659109595
2030-06-15 07:00:00,96458.6838584499,233901.96165398209,169203.0303771974,6.45683257971541e-08
2030-06-15 08:00:00,95093.63405739026,232052.59628352185,164976.59856031655,1.3789735930913594e-07
2030-06-15 09:00:00,95072.38612482729,232093.001027518,167512.68575517612,5.984609080918075e-07
2030-06-15 10:00:00,95088.90022876063,232133.40577152788,173484.45943812828,4.542351706078202e-08
2030-06-15 11:00:00,96343.04502508986,233604.17751560188,179906.48623805505,676.7877681774896
2030-06-15 12:00:00,97597.18982141976,235074.94925967715,186328.5130379824,3536.1213422004507
2030-06-15 13:00:00,98851.33461774918,236545.72100375075,192750.5398379112,6400.009999954467
2030-06-15 14:00:00,98890.39457369868,236586.12574775645,199007.66316374356,6400.00999942564
2030-06-15 15:00:00,98866.61225339423,236626.53049175232,200603.4408887798,6400.009999960428
2030-06-15 16:00:00,97501.56245218294,234777.1651210412,192118.79721070678,6400.009999724455
2030-06-15 17:00:00,96136.51265096912,232927.79975032693,183634.15353263656,6400.0099999990225
2030-06-15 18:00:00,94771.4628496927,231078.4343795437,175149.50985447728,6140.049847177801
2030-06-15 19:00:00,93406.4130484163,229229.06900876047,166664.86617631803,2853.4525219724023
2030-06-15 20:00:00,92041.36324713999,227379.7036379777,158180.22249815875,1.221906131831929e-09
2030-06-15 21:00:00,90676.31344592581,225530.3382672632,149695.578820096,8.775082278589252e-07
2030-06-15 22:00:00,89311.26364471193,223680.97289654866,141210.9351420295,1.1617149272265244e-06
2030-06-15 23:00:00,87946.21384349868,221831.6075258347,132726.29146395772,1.2922938495164492e-06
2030-06-16 00:00:00,86581.16404228663,219982.24215512277,124241.6477858853,1.3296764580023392e-06
2030-06-16 01:00:00,85216.11424107375,218132.87678440887,115757.00410781376,1.2810932829271827e-06
2030-06-16 02:00:00,83851.06443986113,216283.5114136956,107272.36042974175,1.139497325918449e-06
2030-06-16 03:00:00,82486.01463864869,214434.14604298284,98787.71675166937,8.475842871971774e-07
2030-06-16 04:00:00,81120.96483743725,212584.78067227185,90303.07307359582,4.6596774991551966e-08
2030-06-16 05:00:00,79755.9150366654,211968.89585561692,90303.07307364485,2.589493642418257e-07
2030-06-16 06:00:00,79749.98488886816,212009.3005996227,95421.90122747737,4.440011770234114e-08
2030-06-16 07:00:00,81004.12968519714,213480.07234369664,101843.92802740623,1177.8475236381398
2030-06-16 08:00:00,82258.27448152736,214950.84408777233,108265.95482733409,2016.1816631217973
2030-06-16 09:00:00,83512.4192778565,216421.6158318463,114687.98162726162,2657.494792027428
2030-06-16 10:00:00,84766.56407418547,217892.38757592047,121110.00842718859,2989.5744010558974
2030-06-16 11:00:00,86020.70887051453,219363.15931999485,127532.03522711535,3227.0862656582754
2030-06-16 12:00:00,87274.85366684412,220833.9310640703,133954.06202704238,3395.977863056485
2030-06-16 13:00:00,88528.9984631729,222304.70280814383,140376.0888269708,3670.7900493538154
2030-06-16 14:00:00,89783.14325950175,223775.47455221764,146798.11562689857,4178.262651607791
2030-06-16 15:00:00,91037.28805583042,225246.24629629133,153220.14242682594,4981.414093357759
2030-06-16 16:00:00,92291.4328521594,226717.01804036583,159642.16922675332,6199.193890954935
2030-06-16 17:00:00,93545.57764848549,228187.78978443696,166064.1960266799,6400.00999995263
2030-06-16 18:00:00,93518.29790680615,228228.1945284287,169757.41419367667,5414.983424464548
2030-06-16 19:00:00,93475.08400362497,228268.59927241592,171766.6403239162,4719.003700080801
2030-06-16 20:00:00,93450.05586465103,228309.00401641786,174156.75617413412,4204.592071914523
2030-06-16 21:00:00,93421.72928604348,228349.40876040785,177274.55247583025,3770.0779184387193
2030-06-16 22:00:00,93411.89213851457,228389.813504407,182550.57899681537,3433.8108379187715
2030-06-16 23:00:00,93391.94921657216,228430.21824840526,186001.74655232608,3042.3508020173736
2030-06-17 00:00:00,93372.79378801654,228470.6229924098,188760.99373167998,2617.484029858142
2030-06-17 01:00:00,93338.75157630217,228511.02773639958,191291.83882005847,2154.987158361189
2030-06-17 02:00:00,93298.39219183111,228551.43248039015,192924.19229720533,1595.5213688324184
2030-06-17 03:00:00,93265.01140804288,228591.83722438622,195008.55856006424,951.7942642342548
2030-06-17 04:00:00,93249.20234661922,228632.2419683933,198239.21171394546,2.566022203609464e-07
2030-06-17 05:00:00,94199.67052784991,230103.01371202606,204661.23851370916,5.785773282696027e-08
2030-06-17 06:00:00,95453.81532417785,231573.78545609888,211083.2653136367,1334.132866475217
2030-06-17 07:00:00,96707.96012050653,233044.55720017228,217505.29211356488,2106.025953800149
2030-06-17 08:00:00,97962.10491683634,234515.3289442473,223927.31891349202,2557.7321482670213
2030-06-17 09:00:00,99216.24971316528,235986.10068832073,230349.34571341888,2954.434090420742
2030-06-17 10:00:00,100470.3945094939,237456.87243239416,236771.3725133453,3123.8151632793506
2030-06-17 11:00:00,101724.5393058228,238927.644176468,243193.39931327154,3304.8087182398594
2030-06-17 12:00:00,102978.68410215226,240398.41592054287,249615.42611319807,3446.4950959564694
2030-06-17 13:00:00,104232.8288984809,241869.187664616,256037.45291312604,3724.385915812728
2030-06-17 14:00:00,105486.97369480944,243339.95940868926,262459.4797130534,4183.785684697131
2030-06-17 15:00:00,106741.11849113775,244810.73115276246,268881.50651298044,4941.3194120616
2030-06-17 16:00:00,107995.26328746625,246281.50289683652,275303.5333129075,6071.273902313599
2030-06-17 17:00:00,109249.40808379218,247752.2746409075,281725.56011283427,6400.009999942357
2030-06-17 18:00:00,109375.16288031597,249168.49867109433,288147.58691249485,3558.3037086168497
2030-06-17 19:00:00,109500.91767680853,249308.19974924726,294569.6137121581,138.19621390859265
2030-06-17 20:00:00,109626.67247346597,250760.90905698095,300991.64051182545,5.723859430872835e-08
2030-06-17 21:00:00,110880.817269793,252231.68080105263,307413.66731175245,643.9481004439047
2030-06-17 22:00:00,112134.96206612184,253702.45254512597,313835.6941116791,2134.435784995654
2030-06-17 23:00:00,113389.10686245098,255173.22428919974,320257.7209116057,3331.3267519716173
2030-06-18 00:00:00,114691.55026055351,256637.40354130862,326679.7477115325,4304.427553983911
2030-06-18 01:00:00,115993.99365865508,258101.5827934157,333101.7745114608,5608.1258141135995
2030-06-18 02:00:00,117296.4370567557,259565.76204552225,339523.80131138826,6400.009999937055
2030-06-18 03:00:00,118434.56495128656,261029.94129718858,345945.8281111491,3194.352035544567
2030-06-18 04:00:00,119586.76141655707,262494.12054886034,352367.85491090844,6.3284005591413e-08
2030-06-18 05:00:00,120889.20481465677,263958.2998009662,358789.88171083556,921.2142443194243
2030-06-18 06:00:00,122191.64821275744,265422.47905307316,365211.9085107631,1882.998175574102
2030-06-18 07:00:00,123494.09161085883,266886.65830518055,371633.9353106913,2431.5991519210074
2030-06-18 08:00:00,124796.5350089615,268350.83755728975,378055.96211061854,2750.116871336494
2030-06-18 09:00:00,126098.9784070633,269815.0168093974,384477.9889105454,3069.2747942595297
2030-06-18 10:00:00,127401.4218051649,271279.19606150495,390900.01571047225,3109.4608677657757
2030-06-18 11:00:00,128703.86520326723,272743.3753136132,397322.0425103988,3315.730294496001
2030-06-18 12:00:00,130006.3086013705,274207.55456572276,403744.06931032543,3573.5971512714004
2030-06-18 13:00:00,131308.75199947332,275671.73381783086,410166.0961102536,4082.586295824771
2030-06-18 14:00:00,132611.19539757626,277135.9130699391,416588.1229101812,4937.259829685808
2030-06-18 15:00:00,133913.638795679,278600.0923220473,423010.14971010847,6304.5070917155645
2030-06-18 16:00:00,135216.0821937804,280064.2715741548,429432.1765100345,6400.009999968859
2030-06-18 17:00:00,133899.33099448978,278208.31371171866,428330.50964015635,6400.00999993967
2030-06-18 18:00:00,132582.57979504866,276352.355849038,419845.8659620824,5264.918273545849
2030-06-18 19:00:00,131265.82859560614,274496.3979863557,411361.2222840104,4575.768294182421
2030-06-18 20:00:00,129949.07739616484,272640.4401236752,402876.5786059375,4013.765327331877
2030-06-18 21:00:00,128632.32619672346,270784.48226099357,394391.9349278637,3517.012106506432
2030-06-18 22:00:00,127315.57499728317,268928.5243983132,385907.29124979005,3057.705126327215
2030-06-18 23:00:00,125998.82379784358,267072.56653563364,377422.6475717164,2604.8590458170365
2030-06-19 00:00:00,124682.07259840469,265216.6086729558,368938.0038936433,2122.804365720138
2030-06-19 01:00:00,123365.32139896501,263360.6508102758,360453.36021557136,1582.674978695748
2030-06-19 02:00:00,122048.5701995256,261504.69294759652,351968.71653749875,947.0302239849254
2030-06-19 03:00:00,120731.81900008627,259648.73508491772,343484.07285942545,6.425887022487586e-08
2030-06-19 04:00:00,119415.06780079778,257792.77722248842,337204.8214139145,1.297866636884602e-07
2030-06-19 05:00:00,119415.47128489308,257826.5894745085,338499.8546444512,2.4418829980277224e-07
2030-06-19 06:00:00,119589.5246831655,258953.15196142634,344921.88144410826,5.2265369482014846e-08
2030-06-19 07:00:00,120891.96808126714,260417.33121353414,351343.90824403684,1294.6647399854262
2030-06-19 08:00:00,122194.4114793702,261881.51046564392,357765.9350439643,2034.7713005487324
2030-06-19 09:00:00,123496.8548774725,263345.6897177522,364187.9618438918,2630.21201677702
2030-06-19 10:00:00,124799.2982755747,264809.86896986066,370609.9886438186,2874.8782910908335
2030-06-19 11:00:00,126101.74167367755,266274.04822196986,377032.01544374577,3139.838902881593
2030-06-19 12:00:00,127404.18507178113,267738.2274740803,383454.0422436734,3343.452184835863
2030-06-19 13:00:00,128706.62846988389,269202.406726189,389876.06904360245,3637.7038837954083
2030-06-19 14:00:00,130009.07186798641,270666.58597829763,396298.09584353055,4064.26597944086
2030-06-19 15:00:00,131311.51526608865,272130.765230406,402720.1226434581,4736.829354969927
2030-06-19 16:00:00,132613.95866419107,273594.9444825152,409142.1494433852,5763.728704083523
2030-06-19 17:00:00,133916.40206229093,275059.12373462156,415564.1762433127,6400.0099999567165
2030-06-19 18:00:00,133926.94673213124,275092.93598664756,418453.2581724565,6400.00999963313
2030-06-19 19:00:00,132610.19553312857,275086.5362932459,418453.2581725179,6400.00999932855
2030-06-19 20:00:00,131293.4443341316,274310.17510595557,418453.2581725719,6400.009999764508
2030-06-19 21:00:00,129976.69313484225,272454.21724352136,418104.2984406714,6400.009999934026
2030-06-19 22:00:00,128659.9419354029,270598.25938084273,409619.6547625979,5723.095080296801
2030-06-19 23:00:00,127343.19073596381,268742.30151816446,401135.0110845239,4964.8009173221135
2030-06-20 00:00:00,126026.43953652515,266886.3436554872,392650.3674064505,4315.0682388616815
2030-06-20 01:00:00,124709.68833708532,265030.38579280744,384165.72372837836,3736.527355403712
2030-06-20 02:00:00,123392.93713764497,263174.4279301275,375681.08005030546,3168.2913688609688
2030-06-20 03:00:00,122076.18593820391,261318.47006744693,367196.436372232,2574.0114959262173
2030-06-20 04:00:00,120759.43473876287,259462.5122047672,358711.7926941584,1911.4614454958119
2030-06-20 05:00:00,119442.68353932146,257606.55434208634,350227.14901608415,1136.6460995807267
2030-06-20 06:00:00,118125.93233988162,255750.59647940725,341742.50533801084,6.501200587737141e-08
2030-06-20 07:00:00,116809.1811405935,253894.6386169754,341547.2913222887,1.652926145762552e-07
2030-06-20 08:00:00,116849.60414894196,253928.45086901987,345251.1912084832,374.6773483597638
2030-06-20 09:00:00,116943.86206727533,253962.26312105398,351543.73019644094,2551.7195093475157
2030-06-20 10:00:00,117117.91546557528,254230.3747495341,357965.7569961027,5495.710308957771
2030-06-20 11:00:00,117169.21429691746,254264.18700157938,363462.48848520586,5793.412638331219
2030-06-20 12:00:00,117202.0953658302,254297.9992536209,366177.0593722759,6107.805779038213
2030-06-20 13:00:00,117054.39071680552,254331.81150564543,366432.0865102124,6400.009999830759
2030-06-20 14:00:00,115737.63951751648,252475.85364321302,361451.6370622346,6400.009999934727
2030-06-20 15:00:00,114420.88831807696,250619.89578053434,352966.9933841616,5895.7564202142885
2030-06-20 16:00:00,113104.13711863656,248763.9379178554,344482.3497060885,5589.55160298287
2030-06-20 17:00:00,111787.38591919481,246907.98005517473,335997.706028022,5361.885963976743
2030-06-20 18:00:00,110470.63471975326,245052.02219249442,327513.06234995084,3915.7196078188485
2030-06-20 19:00:00,109153.88352031176,243196.06432981402,319028.4186718815,3531.082259398368
2030-06-20 20:00:00,107837.13232087121,241340.10646713496,310543.7749938135,3329.7893293754837
2030-06-20 21:00:00,106520.38112143126,239484.14860445526,302059.13131574105,3149.068501064229
2030-06-20 22:00:00,105203.62992199165,237628.19074177614,293574.487637668,2974.275819341862
2030-06-20 23:00:00,103886.87872255269,235772.23287909786,285089.8439595946,2802.998660220371
2030-06-21 00:00:00,102570.12752311424,233916.2750164206,276605.2002815215,2628.601744901795
2030-06-21 01:00:00,101253.37632367476,232060.31715374129,268120.55660344905,2451.6675863017394
2030-06-21 02:00:00,99936.62512423516,230204.35929106217,259635.91292537632,2271.9075871071104
2030-06-21 03:00:00,98619.87392479478,228348.40142838238,251151.26924730372,2083.8174653703018
2030-06-21 04:00:00,97303.12272535385,226492.44356570308,242666.62556923358,1892.309044495629
2030-06-21 05:00:00,95986.37152591189,224636.48570302202,234181.981891163,1688.9197463130474
2030-06-21 06:00:00,94669.62032646991,222780.52784034083,225697.33821309012,1465.382217570329
2030-06-21 07:00:00,93352.86912702894,220924.5699776606,217212.69453501678,1207.9389206126511
2030-06-21 08:00:00,92036.11792758989,219068.61211498306,208728.0508569436,921.9293866971973
2030-06-21 09:00:00,90719.36672815049,217212.6542523045,200243.40717887052,582.2748911390415
2030-06-21 10:00:00,89402.61552871142,215356.69638962657,191758.76350079672,7.575829386041733e-08
2030-06-21 11:00:00,88085.86432942352,213500.73852719663,187194.48834687693,93.15612696213958
2030-06-21 12:00:00,86769.1131301414,211644.78066477476,187117.21076433785,1672.858517374937
2030-06-21 13:00:00,85452.36193114547,210971.14535057798,187117.21076440255,4616.849317067497
2030-06-21 14:00:00,84135.61073186185,209115.1874881511,187042.37036219545,6315.987712469061
2030-06-21 15:00:00,82818.8595325732,207259.22962571937,180053.1463882649,6400.009999927563
2030-06-21 16:00:00,81502.10833313431,205403.27176304205,171568.5027101913,5562.693049518033
2030-06-21 17:00:00,80185.35713369318,203547.31390036168,163083.85903211692,5068.840620910155
2030-06-21 18:00:00,78868.60593425103,201691.35603768047,154599.21535404332,4656.538432946663
2030-06-21 19:00:00,77551.85473480869,199835.39817499893,146114.5716759712,4287.565468762964
2030-06-21 20:00:00,76235.10353536821,197979.44031232008,137629.9279978979,3953.8756355305827
2030-06-21 21:00:00,74918.35233592798,196123.48244964035,129145.28431982444,3650.920108268006
2030-06-21 22:00:00,73601.60113648849,194267.5245869617,120660.64064175091,3359.4472611820756
2030-06-21 23:00:00,72284.84993704954,192411.5667242837,112175.99696367742,3071.4501749254327
2030-06-22 00:00:00,70968.09873761174,190555.6088616074,103691.35328560403,2787.6115657978225
2030-06-22 01:00:00,69651.34753817305,188699.65099892925,95206.70960753184,2494.1367633164
2030-06-22 02:00:00,68334.59633873434,186843.69313625127,86722.06592945919,2190.5389562412597
2030-06-22 03:00:00,67017.84513929534,184987.73527357323,78237.42225138604,1866.3167199597751
2030-06-22 04:00:00,65701.09393985615,183131.77741089556,69752.77857331232,1489.8884367921282
2030-06-22 05:00:00,64384.342740415195,181275.81954821534,61268.13489523783,1036.354287686883
2030-06-22 06:00:00,63067.591540974936,179419.86168553602,52783.491217164046,397.0894144825887
2030-06-22 07:00:00,61750.840341535324,177563.9038228574,44298.84753909192,5.016488557885168e-08
2030-06-22 08:00:00,60434.08914254197,176733.7405450638,44298.84753914322,5.372468194764224e-07
2030-06-22 09:00:00,60428.03893483631,176767.55279708418,45313.6595992939,775.4816004975162
2030-06-22 10:00:00,60436.85957673599,176801.3650491128,47133.474827732614,1321.522272984825
2030-06-22 11:00:00,60462.664094862914,176835.17730114775,50510.721920362994,1855.2920171430937
2030-06-22 12:00:00,60516.42167523823,176868.98955319115,56340.02949969381,2730.913811436771
2030-06-22 13:00:00,60571.8990864562,176902.80180522188,62439.68179589922,4161.433069321991
2030-06-22 14:00:00,60615.36089230896,176936.61405725667,68197.41255596594,4988.713597381817
2030-06-22 15:00:00,60638.51769616563,176970.42630928912,71480.58428213425,5617.867245200895
2030-06-22 16:00:00,60647.84989506149,177004.23856132352,72661.20566120821,6400.009999833344
2030-06-22 17:00:00,59331.09869576887,175148.28069888396,68698.46374695416,6400.009999936337
2030-06-22 18:00:00,58014.3474963282,173292.32283620388,60213.820068879635,3209.837847197413
2030-06-22 19:00:00,56697.59629688746,171436.36497352368,51729.17639080584,6.133541319286451e-08
2030-06-22 20:00:00,55380.845097604535,169580.40711111028,43594.39577973402,1.5942259778967127e-07
2030-06-22 21:00:00,54597.19271708757,169614.21936312632,43725.544513853325,1.612059599129766e-06
2030-06-22 22:00:00,54597.212026326226,169648.03161515231,45053.59245544848,2.115703723732003e-06
2030-06-22 23:00:00,54614.246793187354,169681.8438671842,47583.99143804571,2.2927458061711163e-06
2030-06-23 00:00:00,54669.638535734484,169715.6561192261,53498.48506379795,2.238210937973592e-06
2030-06-23 01:00:00,54750.201847237295,169749.46837125588,59784.50485352499,1.9307673771869867e-06
2030-06-23 02:00:00,54867.71951993412,169783.28062329468,66148.70926415369,1.191528972112106e-06
2030-06-23 03:00:00,55041.77291821883,169892.09460214857,72570.73606381107,180.55298818412493
2030-06-23 04:00:00,55133.68791469787,169925.90685418656,78851.31911735161,4.783638019034697e-08
2030-06-23 05:00:00,56436.13131279713,171390.08610629235,85273.34591727806,775.9891827172197
2030-06-23 06:00:00,57738.57471089731,172854.26535839913,91695.3727172049,1782.1251665222096
2030-06-23 07:00:00,59041.018108998454,174318.44461050673,98117.39951713251,2356.851020734748
2030-06-23 08:00:00,60343.46150710101,175782.6238626161,104539.42631705922,2652.4953213182807
2030-06-23 09:00:00,61645.90490520273,177246.8031147239,110961.45311698582,2958.1370039130943
2030-06-23 10:00:00,62948.348303304396,178710.98236683183,117383.47991691172,3089.706743051516
2030-06-23 11:00:00,64250.79170140644,180175.1616189402,123805.50671683755,3217.9993491306113
2030-06-23 12:00:00,65553.23509950927,181639.34087104985,130227.53351676387,3306.696941150385
2030-06-23 13:00:00,66855.67849761155,183103.52012315788,136649.56031669187,3509.8730755169054
2030-06-23 14:00:00,68158.12189571379,184567.69937526606,143071.58711661905,3872.099675850662
2030-06-23 15:00:00,69460.56529381569,186031.87862737395,149493.61391654532,4446.757018900124
2030-06-23 16:00:00,70763.00869191742,187496.05787948222,155915.64071647107,5300.610327016957
2030-06-23 17:00:00,72065.45209001681,188960.23713158802,162337.66751639766,6400.009999953282
2030-06-23 18:00:00,72048.67177678883,188994.0493836085,164234.21989285905,5586.476179193334
2030-06-23 19:00:00,71956.22421711977,189027.8616356209,164632.687377731,4496.078800964296
2030-06-23 20:00:00,71842.93456922688,189061.67388764382,164921.37113647768,3103.6487783413486
2030-06-23 21:00:00,71804.60407659202,189095.48613965954,165691.12470159656,2625.860229322275
2030-06-23 22:00:00,71801.83303565031,189129.29839168198,168105.1636405092,2250.233726769346
2030-06-23 23:00:00,71813.11664714888,189163.1106437097,172149.68704912745,1888.4773584395411
2030-06-24 00:00:00,71838.54161774572,189196.92289574636,177213.49254023383,1516.0739319044503
2030-06-24 01:00:00,71912.97503559612,189230.73514777023,183487.66610331082,1334.5580158043522
2030-06-24 02:00:00,71939.09936793482,189264.54739979852,189153.34916490084,857.4976638424872
2030-06-24 03:00:00,71965.19272262677,189298.3596518294,194765.78022466088,2.5818116000664304e-07
2030-06-24 04:00:00,72290.28254989345,190762.53890350315,201187.8070244215,5.7740588800444284e-08
2030-06-24 05:00:00,73592.72594799312,192226.71815560947,207609.83382434826,1255.5198520476406
2030-06-24 06:00:00,74895.1693460933,193690.89740771646,214031.86062427497,2082.670522887166
2030-06-24 07:00:00,76197.6127441945,195155.0766598243,220453.88742420258,2521.65953190461
2030-06-24 08:00:00,77500.05614229721,196619.25591193404,226875.91422412946,2775.691347228524
2030-06-24 09:00:00,78802.49954039918,198083.43516404234,233297.9410240564,3077.5510225815515
2030-06-24 10:00:00,80104.94293850096,199547.6144161507,239719.96782398253,3203.1124286809873
2030-06-24 11:00:00,81407.38633660295,201011.7936682594,246141.99462390857,3325.3789814265865
2030-06-24 12:00:00,82709.82973470581,202475.97292036927,252564.02142383525,3456.7624879296873
2030-06-24 13:00:00,84012.27313280803,203940.1521724777,258986.04822376338,3782.112069254572
2030-06-24 14:00:00,85314.71653091007,205404.33142458607,265408.07502369065,4296.100272987385
2030-06-24 15:00:00,86617.15992901174,206868.51067669422,271830.10182361724,5107.537917603906
2030-06-24 16:00:00,87919.60332711357,208332.689928803,278252.12862354395,6400.0099999577005
2030-06-24 17:00:00,87922.68918475884,208366.502180832,281735.4409487959,6400.009999880061
2030-06-24 18:00:00,86605.93798546487,206510.54431839287,276356.50545693684,6400.009999935366
2030-06-24 19:00:00,85289.18678602361,204654.58645571253,267871.86177886237,5358.986404765004
2030-06-24 20:00:00,83972.4355865833,202798.62859303367,259387.21810078758,4735.70931737071
2030-06-24 21:00:00,82655.68438714228,200942.6707303531,250902.57442271247,4234.865246675217
2030-06-24 22:00:00,81338.93318770171,199086.7128676731,242417.93074463718,3793.6999349104553
2030-06-24 23:00:00,80022.18198826155,197230.7550049936,233933.2870665619,3381.014059343582
2030-06-25 00:00:00,78727.63898979571,195399.59839362086,225448.64338848655,2942.483549373159
2030-06-25 01:00:00,77433.095991329,193568.44178224597,216963.99971041214,2497.724934698887
2030-06-25 02:00:00,76138.55299286236,191737.2851708714,208479.35603233727,2028.9384556023651
2030-06-25 03:00:00,74844.00999439563,189906.12855949704,199994.71235426195,1496.990288522572
2030-06-25 04:00:00,73549.46699592938,188074.97194812406,191510.0686761862,799.1902757570427
2030-06-25 05:00:00,72254.92399746255,186243.81533674966,183025.42499811057,4.073012860317249e-08
2030-06-25 06:00:00,72244.1813006005,186302.42884007664,184165.82520244562,4.382869757311348e-08
2030-06-25 07:00:00,73568.83289967381,187791.4093434882,190587.85200237227,454.6100673122732
2030-06-25 08:00:00,74893.48449875011,189280.38984690304,197009.87880229935,1498.5744843857124
2030-06-25 09:00:00,76218.13609782561,190769.3703503164,203431.90560222577,2308.541670337225
2030-06-25 10:00:00,77542.7876969012,192258.3508537301,209853.93240215178,2756.9512451643677
2030-06-25 11:00:00,78867.43929597699,193747.3313571442,216275.95920207762,3025.7323336660415
2030-06-25 12:00:00,80192.09089505342,195236.31186055954,222697.98600200366,3141.210360586008
2030-06-25 13:00:00,81516.74249412873,196725.29236397293,229120.01280193118,3255.4832075851514
2030-06-25 14:00:00,82841.39409320385,198214.27286738652,235542.03960185798,3370.3054384667184
2030-06-25 15:00:00,84166.04569227845,199703.25337079985,241964.06640178434,3396.775587971505
2030-06-25 16:00:00,85490.69729135334,201192.2338742142,248386.0932017105,3223.9004192049288
2030-06-25 17:00:00,86815.34889042686,202681.21437762646,254808.1200016367,3111.0180375236932
2030-06-25 18:00:00,88140.00048950053,204170.19488103894,261230.14680156307,3087.9708910726404
2030-06-25 19:00:00,89464.65208857499,205659.17538445204,267652.1736014905,3065.7852255099983
2030-06-25 20:00:00,90789.30368765084,207148.15588786692,274074.20040141704,3028.773095723521
2030-06-25 21:00:00,92113.95528672573,208637.1363912799,280496.2272013434,3138.45159398787
2030-06-25 22:00:00,93438.6068858008,210126.11689469323,286918.2540012694,3239.7861962910274
2030-06-25 23:00:00,94763.25848487596,211615.09739810677,293340.2808011953,3312.635860123849
2030-06-26 00:00:00,96087.9100839517,213104.07790152144,299762.3076011215,3303.4503237601566
2030-06-26 01:00:00,97412.56168302636,214593.058404934,306184.334401049,3367.4339546012916
2030-06-26 02:00:00,98737.2132821008,216082.0389083467,312606.3612009759,3436.119778646591
2030-06-26 03:00:00,100061.86488117487,217571.01941175928,319028.3880009025,3460.4023758606945
2030-06-26 04:00:00,101386.51648024922,219059.999915173,325450.41480082873,3249.3964592067186
2030-06-26 05:00:00,102711.16807932203,220548.9804185844,331872.4416007547,3006.979571654826
2030-06-26 06:00:00,104035.81967839514,222037.96092199624,338294.46840068133,3025.069680773465
2030-06-26 07:00:00,105360.47127746872,223526.94142540853,344716.4952006087,2970.7523736770877
2030-06-26 08:00:00,106685.1228765439,225015.92192882282,351138.5220005351,2926.8106256676656
2030-06-26 09:00:00,108009.7744756183,226504.90243223537,357560.54880046134,3037.007525003436
2030-06-26 10:00:00,109334.42607469289,227993.8829356483,363982.5756003872,3062.271799631921
2030-06-26 11:00:00,110659.0776737683,229482.86343906212,370404.6024003129,3133.0595302327733
2030-06-26 12:00:00,111983.72927284492,230971.84394247743,376826.629200239,3164.667843499163
2030-06-26 13:00:00,113308.38087192095,232460.8244458911,383248.6560001668,3222.1643701751727
2030-06-26 14:00:00,114633.03247099715,233949.80494930514,389670.6828000939,3328.418249636818
2030-06-26 15:00:00,115957.68407007313,235438.7854527192,396092.7096000203,3430.6233138859156
2030-06-26 16:00:00,117282.33566914925,236927.76595613392,402514.7363999461,3435.33016702825
2030-06-26 17:00:00,118606.98726822353,238416.74645954662,408936.7631998719,3470.3078993577137
2030-06-26 18:00:00,119931.63886729736,239905.72696295907,415358.7899997982,3432.2032683423913
2030-06-26 19:00:00,121256.29046637104,241394.70746637133,421780.8167997256,3301.7006682055126
2030-06-26 20:00:00,122580.942065446,242883.68796978527,428202.8435996524,3180.2032710164094
2030-06-26 21:00:00,123905.59366451988,244372.66847319732,434624.870399579,3215.682008405146
2030-06-26 22:00:00,125230.24526359401,245861.64897660975,441046.89719950536,3299.223268796727
2030-06-26 23:00:00,126554.89686266844,247350.62948002256,447468.9239994317,3368.2838386182866
2030-06-27 00:00:00,127879.54846174366,248839.60998343656,453890.95079935825,3385.585047025405
2030-06-27 01:00:00,129204.20006081798,250328.5904868487,460312.97759928607,3477.2861925663365
2030-06-27 02:00:00,130528.8516598923,251817.5709902611,466735.0043992133,3612.713414396734
2030-06-27 03:00:00,131853.50325896643,253306.55149367356,473157.0311991401,3616.179329400898
2030-06-27 04:00:00,133178.15485804094,254795.53199708706,479579.057999066,2936.989858855819
2030-06-27 05:00:00,134502.80645711417,256284.5125004987,486001.08479899215,2635.0765748892472
2030-06-27 06:00:00,135827.45805618804,257773.49300391102,492423.11159891903,2784.688031430977
2030-06-27 07:00:00,137152.10965526264,259262.4735073239,498845.1383988466,2906.0260726970882
2030-06-27 08:00:00,138476.76125433884,260751.45401073867,505267.1651987733,3030.2906961977587
2030-06-27 09:00:00,139801.41285341393,262240.43451415177,511689.19199869974,3228.3437590190315
2030-06-27 10:00:00,141126.06445248864,263729.4150175647,518111.2187986259,3254.224742804109
2030-06-27 11:00:00,142450.71605156377,265218.39552097826,524533.2455985518,3354.8085422849335
2030-06-27 12:00:00,143775.3676506398,266707.376024393,530955.2723984781,3458.4049670442005
2030-06-27 13:00:00,145100.01924971517,268196.3565278062,537377.2991984058,3747.275886663384
2030-06-27 14:00:00,146424.67084879064,269685.3370312196,543799.3259983329,4246.306745587053
2030-06-27 15:00:00,147749.32244786603,271174.31753463316,550221.3527982597,5097.275687468217
2030-06-27 16:00:00,149073.97404694176,272663.29803804756,556643.3795981867,6400.009999955713
2030-06-27 17:00:00,149140.0451375182,272721.91154137655,562756.5074496408,6400.009999375633
2030-06-27 18:00:00,149037.8445152947,272780.5250447027,563131.5379548168,6400.009999762467
2030-06-27 19:00:00,147743.30151697516,270949.3684335701,556778.1941108538,5315.187589783702
2030-06-27 20:00:00,146448.7585186587,269118.21182244347,549945.1548595949,4622.230411989664
2030-06-27 21:00:00,145154.21552034104,267287.0552113122,545759.1466088507,4157.378008812383
2030-06-27 22:00:00,143859.6725220238,265455.8986001821,539109.3621016806,3678.7643503941736
2030-06-27 23:00:00,142565.12952370767,263624.74198905425,535020.1730805205,3264.681262946639
2030-06-28 00:00:00,141270.58652539356,261793.58537792967,532378.8029016883,2885.978183917351
2030-06-28 01:00:00,139976.04352707762,259962.42876679948,529756.3266823519,2490.845435963737
2030-06-28 02:00:00,138681.50052876194,258131.27215567086,526893.8429658521,2065.748317337051
2030-06-28 03:00:00,137386.9575304461,256300.11554454386,521540.2426741375,1512.1191155916147
2030-06-28 04:00:00,136092.4145321312,254468.95893341993,514704.78404846304,560.4760695330671
2030-06-28 05:00:00,134797.8715338161,252637.80232229258,513899.10282032343,2.4783685148577206e-07
2030-06-28 06:00:00,134788.6864155701,252696.41582562786,515255.52255823795,8.251849280440523e-07
2030-06-28 07:00:00,134816.92004858013,252755.02932897018,520384.7538141765,6.292036483826583e-07
2030-06-28 08:00:00,135132.0253206294,254244.00983195592,526806.7806139444,2943.9908000104306
2030-06-28 09:00:00,136456.67691970398,255732.99033536878,533228.8074138717,5887.981599915577
2030-06-28 10:00:00,136484.73800437033,255791.6038387098,538321.1150131947,3523.307117245339
2030-06-28 11:00:00,136537.45103129197,255850.21734205427,544227.8915391838,2192.4758639356883
2030-06-28 12:00:00,136733.7126305584,256340.12075378903,550649.9183388441,4574.42383643634
2030-06-28 13:00:00,136929.97422982528,256737.56304168925,557071.9451385123,6400.009999225387
2030-06-28 14:00:00,136952.3880316849,256796.17654503233,560891.4605493417,6400.009998855038
2030-06-28 15:00:00,136959.58399888623,256854.7900483745,562825.8694721946,6400.009998980876
2030-06-28 16:00:00,136837.2944176424,256913.40355172043,563105.2094256337,6400.009999956493
2030-06-28 17:00:00,135542.75141917705,255082.2469403481,554620.5657475591,5724.672686294429
2030-06-28 18:00:00,134248.2084207106,253251.09032897456,546135.9220694846,5189.2712665599865
2030-06-28 19:00:00,132953.66542224266,251419.93371759937,537651.2783914108,4776.541928593572
2030-06-28 20:00:00,131659.12242377576,249588.77710622587,529166.6347133372,4423.985110441755
2030-06-28 21:00:00,130364.57942530839,247757.62049485094,520681.9910352626,4105.525194879691
2030-06-28 22:00:00,129070.03642684125,245926.46388347636,512197.3473571883,3807.155429247464
2030-06-28 23:00:00,127775.49342837471,244095.30727210248,503712.7036791136,3515.678295517922
2030-06-29 00:00:00,126480.95042990884,242264.1506607299,495228.06000103964,3221.169791265428
2030-06-29 01:00:00,125186.40743144217,240432.99404935533,486743.41632296663,2922.0347005733793
2030-06-29 02:00:00,123891.86443297546,238601.83743798098,478258.77264489443,2616.4311497080625
2030-06-29 03:00:00,122597.32143450857,236770.680826607,469774.12896682415,2305.6335080667595
2030-06-29 04:00:00,121302.77843604161,234939.52421523398,461289.4852887506,1758.1991152656224
2030-06-29 05:00:00,120008.23543757356,233108.36760385905,452804.84161067795,1333.2053787864024
2030-06-29 06:00:00,118713.69243910599,231277.21099248415,444320.19793260447,844.9923015862619
2030-06-29 07:00:00,117419.14944064026,229446.05438111117,435835.55425453116,4.232731498632347e-08
2030-06-29 08:00:00,117388.89285592614,229504.6678844531,436505.53336147335,2.2920607989362907e-07
2030-06-29 09:00:00,117585.15445518903,230852.9389118824,442927.5601611311,5.10556578884121e-08
2030-06-29 10:00:00,118909.80605426557,232341.9194152966,449349.58696105785,1565.7020627832753
2030-06-29 11:00:00,120234.45765334263,233830.89991871142,455771.61376098444,2972.851006035055
2030-06-29 12:00:00,121559.10925242021,235319.88042212726,462193.6405609114,4285.96806430367
2030-06-29 13:00:00,122883.76085149655,236808.86092554088,468615.66736083967,5777.390124804826
2030-06-29 14:00:00,124208.41245057146,238297.84142895348,475037.6941607666,6400.009999957672
2030-06-29 15:00:00,124204.79335226657,238356.45493228774,477663.4482146447,6400.009999879271
2030-06-29 16:00:00,122910.250353949,236525.2983211614,469744.89391458663,6400.009999938597
2030-06-29 17:00:00,121615.70735548121,234694.14170978608,461260.2502365116,4265.611326813947
2030-06-29 18:00:00,120321.16435701288,232862.98509841028,452775.60655843676,2331.943565613485
2030-06-29 19:00:00,119026.62135854516,231031.82848703515,444290.9628803632,143.36157809344604
2030-06-29 20:00:00,117732.07836008,229200.6718756635,435806.3192022899,4.213507054373622e-08
2030-06-29 21:00:00,117708.91727808418,229259.2853789894,437381.27910833294,5.806950298392621e-07
2030-06-29 22:00:00,117725.88119685817,229317.8988823284,441930.5911046066,4.4963806021652587e-08
2030-06-29 23:00:00,119050.53279593318,230806.87938574105,448352.61790453247,60.20680660912964
2030-06-30 00:00:00,120375.18439500999,232295.85988915619,454774.6447044595,1946.3601470312524
2030-06-30 01:00:00,121699.83599408565,233784.8403925694,461196.671504388,3622.2964763793834
2030-06-30 02:00:00,123024.4875931605,235273.82089598224,467618.6983043155,3592.195090052768
2030-06-30 03:00:00,124349.13919223483,236762.80139939496,474040.7251042422,2166.3242927763117
2030-06-30 04:00:00,125673.7907913101,238251.78190280925,480462.7519041688,1167.2336278003395
2030-06-30 05:00:00,126998.44239038463,239740.76240622214,486884.77870409616,1742.3776553825624
2030-06-30 06:00:00,128323.09398945961,241229.74290963553,493306.80550402356,2340.1644841145508
2030-06-30 07:00:00,129647.74558853506,242718.72341304933,499728.8323039517,2604.081524739433
2030-06-30 08:00:00,130972.3971876119,244207.70391646493,506150.8591038789,2778.4104147379126
2030-06-30 09:00:00,132297.0487866879,245696.68441987876,512572.8859038057,3005.1598335967547
2030-06-30 10:00:00,133621.70038576424,247185.664923293,518994.91270373215,3221.6192186552353
2030-06-30 11:00:00,134946.35198484088,248674.64542670755,525416.9395036584,3460.2079150884565
2030-06-30 12:00:00,136271.0035839181,250163.62593012326,531838.9663035852,3730.3570783014125
2030-06-30 13:00:00,137595.65518299452,251652.60643353712,538260.9931035133,4291.405717305594
2030-06-30 14:00:00,138920.30678207066,253141.58693695086,544683.0199034405,5183.297154385171
2030-06-30 15:00:00,140244.95838114613,254630.5674403641,551105.0467033676,6400.009999958125
2030-06-30 16:00:00,140250.7900784103,254689.18094370462,554796.0324175971,6400.009999878266
2030-06-30 17:00:00,138956.247080091,252858.0243325711,549986.8921348578,6400.009999936778
2030-06-30 18:00:00,137661.7040816242,251026.86772119682,541502.248456784,3965.9525267030535
2030-06-30 19:00:00,136367.16108315752,249195.71110982244,533017.6047787113,1567.791738449234
2030-06-30 20:00:00,135072.6180846924,247364.5544984504,524532.9611006381,6.637765181949362e-08
2030-06-30 21:00:00,133778.0750863755,245533.39788731807,520470.36606122303,3.1252966437023133e-07
2030-06-30 22:00:00,132483.53208834105,243790.7360449046,520470.36606126325,151.08966711557224
2030-06-30 23:00:00,131188.98909032193,242999.64216360555,520470.36606131704,1791.3531100873204
2030-07-01 00:00:00,129894.44609230223,242827.2676496109,520470.36606138,4440.532471737949
2030-07-01 01:00:00,128599.9030942797,241980.95368445135,520470.3660614449,6066.093479502089
2030-07-01 02:00:00,127305.36009596451,240149.79707332267,519206.1344023445,4650.846353966551
2030-07-01 03:00:00,126010.81709764832,238318.64046219407,514287.50523466663,2446.032535374177
2030-07-01 04:00:00,124716.2740993334,236487.48385106953,508953.0180137555,4.212629391986411e-07
2030-07-01 05:00:00,123421.7311013036,235202.28154801164,508953.0180138007,3.2224170354311354e-07
2030-07-01 06:00:00,123410.1151158198,235260.89505134584,512546.306954847,4.496647221641965e-08
2030-07-01 07:00:00,124734.76671489443,236749.87555475856,518968.33375477436,102.22927452235538
2030-07-01 08:00:00,126059.41831397165,238238.85605817422,525390.3605547016,1393.5761608286825
2030-07-01 09:00:00,127384.06991304817,239727.83656158837,531812.3873546288,2262.39836800112
2030-07-01 10:00:00,128708.72151212503,241216.817065003,538234.4141545554,2815.3942572269043
2030-07-01 11:00:00,130033.3731112023,242705.79756841814,544656.4409544821,3240.2585632596656
2030-07-01 12:00:00,131358.0247102802,244194.77807183444,551078.4677544091,3592.5231188011426
2030-07-01 13:00:00,132682.67630935734,245683.75857524903,557500.4945543376,4174.4637586383615
2030-07-01 14:00:00,134007.32790843426,247172.73907866355,563922.5213542653,5075.879198628774
2030-07-01 15:00:00,135331.97950751075,248661.71958207776,570344.5481541926,6400.009999958314
2030-07-01 16:00:00,135349.79648861545,248720.33308542572,575397.3810177712,6400.0099998798705
2030-07-01 17:00:00,134055.2534902968,246889.17647429448,567844.1680386893,6400.009999939443
2030-07-01 18:00:00,132760.71049182993,245058.0198629203,559359.5243606161,4546.566621257671
2030-07-01 19:00:00,131466.1674933625,243226.86325154535,550874.8806825437,3122.4105270872587
2030-07-01 20:00:00,130171.62449489704,241395.70664017307,542390.237004471,1778.627230880582
2030-07-01 21:00:00,128877.08149643135,239564.5500287994,533905.5933263982,166.81010463212624
2030-07-01 22:00:00,127582.53849799039,237733.39341745645,525420.9496483725,3089.997329830148
2030-07-01 23:00:00,126287.99549967832,235902.23680633295,520104.6922227795,6033.9881297052625
2030-07-02 00:00:00,124956.5417509614,234057.72749631258,511620.04854470625,5904.31667428691
2030-07-02 01:00:00,123625.08800224356,232213.21818629,503135.40486663487,3781.0117293339117
2030-07-02 02:00:00,122293.63425352596,230368.708876268,494650.76118856284,3176.5260076163386
2030-07-02 03:00:00,120962.18050483163,228524.19956627543,486166.117510537,4200.936726400002
2030-07-02 04:00:00,119630.7267561141,226679.69025625454,477681.4738324634,1436.6943810904004
2030-07-02 05:00:00,118299.27300739546,224835.18094623173,469196.8301543898,4.336246197884821e-08
2030-07-02 06:00:00,118211.26610939128,224880.4417509116,470678.07604347833,5.91510458693365e-07
2030-07-02 07:00:00,118174.82412641362,224925.70255559738,476022.744860772,4.443644879657702e-08
2030-07-02 08:00:00,119462.56497523678,226401.33036036216,482444.7716606989,169.45110870036004
2030-07-02 09:00:00,120750.30582405998,227876.95816512624,488866.79846062674,1599.700806388416
2030-07-02 10:00:00,122038.04667288331,229352.5859698906,495288.82526055415,2508.395113043088
2030-07-02 11:00:00,123325.78752170704,230828.21377465554,501710.8520604813,3357.2521419893337
2030-07-02 12:00:00,124613.52837053147,232303.84157942166,508132.87886040873,4261.371863461138
2030-07-02 13:00:00,125901.26921935494,233779.46938418588,514554.90566033765,5354.183588567734
2030-07-02 14:00:00,127189.0100681778,235255.0971889498,520976.932460266,6400.009999948863
2030-07-02 15:00:00,127348.36091718923,236159.30484990872,527398.9592599295,6400.009999757274
2030-07-02 16:00:00,127324.51139895851,236204.56565460566,532488.7702345136,6400.00999986952
2030-07-02 17:00:00,125993.0576503922,234360.05634483075,532336.2498334988,6400.009999937349
2030-07-02 18:00:00,124661.60390167398,232515.54703480867,523851.60615542607,5504.0471610683735
2030-07-02 19:00:00,123330.15015295529,230671.03772478594,515366.9624773547,4911.372159303428
2030-07-02 20:00:00,121998.69640423782,228826.5284147651,506882.318799283,4435.973230378709
2030-07-02 21:00:00,120667.24265551964,226982.01910474253,498397.67512121086,4023.6293161284625
2030-07-02 22:00:00,119335.78890680206,225137.5097947208,489913.0314431379,3651.8034366156103
2030-07-02 23:00:00,118004.33515808523,223293.00048469997,481428.38776506466,3349.411532219234
2030-07-03 00:00:00,116672.88140936894,221448.49117468024,472943.7440869918,3006.613811729437
2030-07-03 01:00:00,115341.42766065127,219603.98186465807,464459.100408921,2630.621583637141
2030-07-03 02:00:00,114009.97391193367,217759.47255463628,455974.45673084963,2242.4378313961024
2030-07-03 03:00:00,112678.52016321567,215914.96324461428,447489.81305277767,1813.2042192292372
2030-07-03 04:00:00,111347.06641449795,214070.45393459324,439005.1693747051,1301.9240490372665
2030-07-03 05:00:00,110015.61266577955,212225.94462457078,430520.5256966322,648.8635680537835
2030-07-03 06:00:00,108684.158917062,210381.4353145494,422035.8820185599,4.757570053347975e-08
2030-07-03 07:00:00,108425.79922206777,210426.6961192367,422448.18727105245,438.272297051067
2030-07-03 08:00:00,108406.9572420438,210471.95692393862,427764.99805060006,1311.5165790402464
2030-07-03 09:00:00,108401.76597693923,210517.21772863777,433604.3569276868,2306.3436628879454
2030-07-03 10:00:00,108412.46178970793,210562.47853334085,439609.6653748698,3603.0715388667786
2030-07-03 11:00:00,108423.61013756241,210607.73933804594,445589.81834023836,4910.626980680664
2030-07-03 12:00:00,108414.74957687821,210653.0001427491,451176.98402435216,5860.961239700603
2030-07-03 13:00:00,108231.8040100087,210698.26094743545,451733.0397312627,6400.009999832003
2030-07-03 14:00:00,106900.35026144193,208853.75163766,444395.1166497422,6400.009999937568
2030-07-03 15:00:00,105568.89651272398,207009.24232763794,435910.4729716704,5638.96503519575
2030-07-03 16:00:00,104237.44276400495,205164.73301761548,427425.82929360017,5162.000794246155
2030-07-03 17:00:00,102905.98901528501,203320.22370759177,418941.18561553373,4818.119695153898
2030-07-03 18:00:00,101574.535266565,201475.714397568,410456.5419374634,4464.702190745603
2030-07-03 19:00:00,100243.08151784539,199631.20508754457,401971.8982593969,4061.45581976735
2030-07-03 20:00:00,98911.62776912682,197786.69577752278,393487.25458133756,3781.759472978026
2030-07-03 21:00:00,97580.17402040778,195942.18646749906,385002.61090327025,3510.7710061107227
2030-07-03 22:00:00,96248.72027168909,194097.67715747582,376517.96722519974,3252.79301109238
2030-07-03 23:00:00,94917.26652297092,192253.1678474533,368033.32354712795,2999.7328373197556
2030-07-04 00:00:00,93585.81277425312,190408.65853743177,359548.6798690568,2742.067578633877
2030-07-04 01:00:00,92254.35902553436,188564.14922740814,351064.0361909868,2480.1197512722206
2030-07-04 02:00:00,90922.90527681561,186719.63991738486,342579.3925129177,2211.2214020367915
2030-07-04 03:00:00,89591.45152809651,184875.1306073617,334094.7488348538,1930.112231360642
2030-07-04 04:00:00,88259.99777937768,183030.62129734005,325610.10515678895,1610.9395597786563
2030-07-04 05:00:00,86928.54403065762,181186.11198731617,317125.46147872455,1273.3901588851054
2030-07-04 06:00:00,85597.09028193819,179341.60267729269,308640.81780065375,835.6973001137976
2030-07-04 07:00:00,84265.63653322037,177497.0933672708,300156.17412258405,6.305822353169788e-08
2030-07-04 08:00:00,82934.18278465798,175652.5840575032,293415.8623401562,1.678771468505147e-07
2030-07-04 09:00:00,82791.57988461496,175697.8448621928,294160.68735535425,753.2990231602537
2030-07-04 10:00:00,82757.43420961186,175743.10566688978,299188.91993130883,1973.8546137997496
2030-07-04 11:00:00,82741.69709223989,175788.36647159013,304752.0301086733,3336.644167409597
2030-07-04 12:00:00,82727.07033365036,175833.62727629556,310245.26482266205,4566.5217213692395
2030-07-04 13:00:00,82677.0560050242,175878.8880809878,314855.66171260586,5611.21774299753
2030-07-04 14:00:00,82532.50017643724,175924.14888567937,315587.9626695523,6400.009999830202
2030-07-04 15:00:00,81201.0464278724,174079.63957590636,308650.39882226684,6400.009999936291
2030-07-04 16:00:00,79869.59267915547,172235.13026588567,300165.75514419476,6024.938552654227
2030-07-04 17:00:00,78538.13893043633,170390.62095586225,291681.1114661253,5810.034153158317
2030-07-04 18:00:00,77206.68518171636,168546.11164583845,283196.46778805676,5643.123203871304
2030-07-04 19:00:00,75875.23143293489,166701.6023357463,274711.82410989754,2164.873203873351
2030-07-04 20:00:00,74543.7776842165,164857.09302572501,266227.18043183174,2022.6384500256127
2030-07-04 21:00:00,73212.32393549739,163012.58371570136,257742.53675377238,1878.730563402966
2030-07-04 22:00:00,71880.87018677856,161168.07440567788,249257.89307570466,1736.893619802291
2030-07-04 23:00:00,70549.4164380602,159323.565095655,240773.24939763336,1596.2243421617634
2030-07-05 00:00:00,69217.96268934228,157479.05578563327,232288.60571956204,1450.6357059254785
2030-07-05 01:00:00,67886.50894062337,155634.5464756094,223803.9620414914,1297.6894610644224
2030-07-05 02:00:00,66555.05519190447,153790.0371655858,215319.31836342037,1135.4517023814817
2030-07-05 03:00:00,65223.60144318521,151945.52785556216,206834.6746853496,956.9873030765849
2030-07-05 04:00:00,63892.1476944661,150101.01854553973,198350.0310072833,748.6687832760408
2030-07-05 05:00:00,62560.693945746054,148256.50923551538,189865.38732921073,479.22191246475364
2030-07-05 06:00:00,61229.240197027924,146411.9999254931,181380.74365113876,6.494984767536086e-08
2030-07-05 07:00:00,59897.786448461986,144567.49061571955,179439.8238518916,1.2593855215122488e-07
2030-07-05 08:00:00,59879.669960800966,144612.7514204244,185156.1617811991,1.6750047589714375e-07
2030-07-05 09:00:00,60359.35290763628,146088.37922475472,191578.18858096725,5.9194952732884994e-08
2030-07-05 10:00:00,61647.093756459704,147564.00702951886,198000.2153808943,1425.5125298814926
2030-07-05 11:00:00,62934.83460528336,149039.6348342835,204422.24218082137,3279.5661218400464
2030-07-05 12:00:00,64222.57545410775,150515.26263904947,210844.2689807488,5514.737911753783
2030-07-05 13:00:00,65510.31630293091,151990.890443813,217266.29578067712,6400.00999995432
2030-07-05 14:00:00,65493.404445087785,152036.151248512,223220.04966321608,6400.0099994029815
2030-07-05 15:00:00,65408.01309919554,152081.4120532021,227250.6772283154,6400.0099998610585
2030-07-05 16:00:00,64076.559350630676,150236.9027434313,222611.97750596065,6400.009999936544
2030-07-05 17:00:00,62745.105601911884,148392.39343340823,214127.3338278875,4917.065540534467
2030-07-05 18:00:00,61413.65185319248,146547.88412338463,205642.6901498147,3845.818187257671
2030-07-05 19:00:00,60082.19810447301,144703.37481336086,197158.04647174294,2873.3150211025945
2030-07-05 20:00:00,58750.74435575581,142858.86550334,188673.40279367138,1959.3634931732922
2030-07-05 21:00:00,57419.29060703817,141014.35619331762,180188.75911559933,991.7363992471811
2030-07-05 22:00:00,56087.83685834472,139169.84688332546,171704.11543757326,3531.799753326112
2030-07-05 23:00:00,54756.383109651724,137325.33757333396,163219.47175954675,4407.2407780604
2030-07-06 00:00:00,53424.929360959504,135480.82826334398,154734.82808152118,5037.434814179448
2030-07-06 01:00:00,52093.47561224248,133636.31895332216,146250.18440345107,4441.336865640702
2030-07-06 02:00:00,50762.021863525115,131791.8096433003,137765.54072537963,3713.311924795335
2030-07-06 03:00:00,49430.56811480732,129947.30033327825,129280.89704730737,2973.468780240264
2030-07-06 04:00:00,48099.11436608953,128102.79102325691,120796.2533692346,2149.8484564589203
2030-07-06 05:00:00,46767.660617370464,126258.28171323352,112311.60969116136,1195.8364268087835
2030-07-06 06:00:00,45436.20686865217,124413.7724032111,103826.96601308847,4.513741014952896e-08
2030-07-06 07:00:00,44929.924557744474,124459.03320789253,104185.81001666006,5.698361052446804e-07
2030-07-06 08:00:00,44892.917516998845,124504.29401259511,109890.99754581744,4.4485372340210986e-08
2030-07-06 09:00:00,46180.65836582102,125979.9218173578,116313.02434574411,138.118147985805
2030-07-06 10:00:00,47468.39921464492,127455.54962212237,122735.0511456713,1693.7417782446266
2030-07-06 11:00:00,48756.14006346922,128931.17742688749,129157.0779455982,2968.3566305648383
2030-07-06 12:00:00,50043.880912294,130406.80523165362,135579.10474552534,4087.7193895323676
2030-07-06 13:00:00,51331.62176111789,131882.43303641782,142001.1315454539,5375.40058601165
2030-07-06 14:00:00,52619.362609940916,133358.06084118143,148423.15834538173,6400.009999957636
2030-07-06 15:00:00,52545.7513349576,133403.32164586877,153867.53944335296,6400.009999879165
2030-07-06 16:00:00,51214.29758639083,131558.81233609503,149925.57389042847,6400.009999937187
2030-07-06 17:00:00,49882.84383767135,129714.30302607111,141440.9302123546,4812.637101500089
2030-07-06 18:00:00,48551.39008895139,127869.79371604687,132956.28653428095,3628.654672440391
2030-07-06 19:00:00,47219.93634023123,126025.28440602236,124471.64285620832,2498.7269347223746
2030-07-06 20:00:00,45888.48259151317,124180.77509600071,115986.9991781358,1355.5048438197596
2030-07-06 21:00:00,44557.02884279474,122336.26578597755,107502.35550006274,6.466257218562532e-08
2030-07-06 22:00:00,43225.57509422855,120491.75647620145,106348.66138725696,2.2568495380178213e-07
2030-07-06 23:00:00,41894.12134595169,119157.58539072098,106348.66138730357,5.425506515166489e-07
2030-07-07 00:00:00,41728.22851724235,119202.84619541968,107714.72951120474,3.291003370573102e-06
2030-07-07 01:00:00,41554.32698125313,119248.1070001052,109784.41335570696,4.532415747992316e-06
2030-07-07 02:00:00,41333.61086104732,119293.3678047939,110816.23127896497,5.359085700081209e-06
2030-07-07 03:00:00,40529.714364221894,119338.62860948298,111079.79537883773,5.958507054781837e-06
2030-07-07 04:00:00,39198.26061597084,119249.66056912128,111079.79537891282,1.1747393651516014e-06
2030-07-07 05:00:00,39018.919223997385,119294.921373807,113417.85692183285,1.0986942248716214e-06
2030-07-07 06:00:00,38917.03176805434,119340.18217849697,118704.97667442718,3.5269701584080096e-07
2030-07-07 07:00:00,39076.382617061696,120184.79648903775,125127.00347409722,5.178440511557076e-08
2030-07-07 08:00:00,40364.12346588533,121660.42429380331,131549.03027402505,948.4435909619264
2030-07-07 09:00:00,41651.86431470833,123136.05209856751,137971.05707395263,1956.8554210522318
2030-07-07 10:00:00,42939.605163531494,124611.67990333203,144393.08387387954,2542.7253989269534
2030-07-07 11:00:00,44227.34601235538,126087.3077080972,150815.11067380628,3225.0214332975856
2030-07-07 12:00:00,45515.086861180076,127562.93551286361,157237.13747373346,3967.6296627440333
2030-07-07 13:00:00,46802.82771000411,129038.56331762834,163659.16427366209,5018.946319559564
2030-07-07 14:00:00,48090.56855882791,130514.19112239295,170081.19107358993,6400.009999956942
2030-07-07 15:00:00,48052.252707337146,130559.45192709021,176122.76033469418,6400.009999741596
2030-07-07 16:00:00,46720.79895906402,130269.86465439641,176122.76033473952,6400.009999951152
2030-07-07 17:00:00,45389.345210344974,128425.3553443732,167638.11665666528,5515.547779970724
2030-07-07 18:00:00,44057.89146162453,126580.8460343487,159153.47297859372,4943.085035299274
2030-07-07 19:00:00,42726.43771290386,124736.33672432428,150668.82930052787,4453.5498844488275
2030-07-07 20:00:00,41394.983964184015,122891.82741430134,142184.18562246175,4061.5841511397184
2030-07-07 21:00:00,40063.53021546376,121047.31810427675,133699.5419443937,3718.652119887314
2030-07-07 22:00:00,38732.07646674423,119202.80879425276,125214.89826632079,3383.6456117955336
2030-07-07 23:00:00,37400.62271802528,117358.2994842295,116730.25458824722,3058.6022082846102
2030-07-08 00:00:00,36069.16896930693,115513.79017420758,108245.61091017377,2727.269975292702
2030-07-08 01:00:00,34737.71522058773,113669.28086418367,99760.96723210115,2385.12579725902
2030-07-08 02:00:00,33406.26147186877,111824.77155416032,91276.32355402809,2029.6184373693025
2030-07-08 03:00:00,32074.80772314997,109980.26224413747,82791.67987595467,1644.7498924465096
2030-07-08 04:00:00,30743.353974431844,108135.75293411607,74307.03619788085,1194.5156769155908
2030-07-08 05:00:00,29411.900225712994,106291.24362409324,65822.39251980685,624.0812064303716
2030-07-08 06:00:00,28080.446476994806,104446.73431407147,57337.748841732835,4.4308441307529116e-08
2030-07-08 07:00:00,27783.331976993773,104491.99511876241,58835.03817640438,5.758141859142737e-07
2030-07-08 08:00:00,27672.24311347935,104537.25592346887,64300.330616254076,4.408632101350966e-08
2030-07-08 09:00:00,28959.98396230175,106012.8837282327,70722.35741618066,548.1043342424312
2030-07-08 10:00:00,30247.72481112506,107488.5115329976,77144.38421610743,1753.3689844810663
2030-07-08 11:00:00,31535.465659948935,108964.13933776316,83566.41101603417,2799.122788592219
2030-07-08 12:00:00,32823.20650877358,110439.76714252998,89988.43781596131,3726.993714440664
2030-07-08 13:00:00,34110.94735759749,111915.39494729503,96410.46461588994,4866.278422899253
2030-07-08 14:00:00,35398.68820642134,113391.0227520601,102832.49141581781,6400.009999943344
2030-07-08 15:00:00,35605.5773821361,114866.65055638508,109254.51821558045,6400.00999983894
2030-07-08 16:00:00,35249.33317307526,114911.91136108167,110300.367815645,6400.009999958204
2030-07-08 17:00:00,33917.87942435628,113067.40205105887,101815.72413756997,5529.918762542865
2030-07-08 18:00:00,32586.42567563568,111222.89274103448,93331.0804594971,4936.366002407817
2030-07-08 19:00:00,31254.971926914834,109378.3834310102,84846.43678142854,4296.589616298634
2030-07-08 20:00:00,29923.518178194838,107533.87412098722,76361.79310336089,3902.5817087457494
2030-07-08 21:00:00,28592.064429474387,105689.36481096245,67877.14942528852,3529.9983944224914
2030-07-08 22:00:00,27260.610680755763,103844.85550093939,59392.505747213836,3190.4905997329884
2030-07-08 23:00:00,25929.156932037804,102000.34619091719,50907.86206913884,2864.614677151594
2030-07-09 00:00:00,24589.828603569185,100164.16259396359,42423.21839106405,2513.10867804478
2030-07-09 01:00:00,23250.500275099952,98327.97899700825,33938.57471299004,2152.271603978115
2030-07-09 02:00:00,21911.1719466309,96491.79540005338,25453.93103491566,1774.005052518585
2030-07-09 03:00:00,20571.84361816167,94655.61180309863,16969.287356840814,1338.9093815884462
2030-07-09 04:00:00,19232.51528969267,92819.42820614488,8484.643678765357,757.2108412555428
2030-07-09 05:00:00,17893.186961222847,90983.24460918953,6.894351827213541e-07,4.865358960159938e-08
2030-07-09 06:00:00,16553.85863318736,89902.92602467761,4.5548939189493814e-07,2.84704485917002e-07
2030-07-09 07:00:00,16212.858897367692,89956.51254243268,4.0988476100606976e-07,1.7880874175517544e-07
2030-07-09 08:00:00,17089.00633092828,91440.46605983251,4671.596672319348,5.656178367537249e-08
2030-07-09 09:00:00,18368.872599999402,92924.41957766344,11093.623472222118,1317.3720007074407
2030-07-09 10:00:00,19648.738869070592,94408.37309549468,17515.650272124298,1910.0758859206464
2030-07-09 11:00:00,20928.605138142662,95892.32661332686,23937.677072026127,2550.887595093843
2030-07-09 12:00:00,22208.471407215868,97376.28013116062,30359.703871928115,3060.6098647138774
2030-07-09 13:00:00,23488.337676288196,98860.23364899245,36781.730671832236,3526.3274574166344
2030-07-09 14:00:00,24768.203945360547,100344.1871668245,43203.757471735255,4122.875746278809
2030-07-09 15:00:00,26048.070214432795,101828.14068465662,49625.78427163756,5072.965078287021
2030-07-09 16:00:00,27327.936483505044,103312.09420248932,56047.811071539465,6400.009999943197
2030-07-09 17:00:00,27792.21967407971,104796.04771987135,56650.86247276798,6400.009999747861
2030-07-09 18:00:00,27183.163113546136,104849.63423760915,51567.74633944518,4721.550129095351
2030-07-09 19:00:00,26403.2346256428,104903.22075533307,44654.80729715374,2856.844057206245
2030-07-09 20:00:00,25717.529291498664,104956.80727307584,38062.11472985966,1259.0236942139284
2030-07-09 21:00:00,25217.626032469736,105010.39379081856,34940.1492691898,3.120051133009838e-07
2030-07-09 22:00:00,26022.8980665033,106494.34730820765,37691.73973588674,8.435443839149871e-07
2030-07-09 23:00:00,26957.748323643493,107978.30082560267,42904.368809372594,6.136406227597035e-08
2030-07-10 00:00:00,28237.614592715356,109462.25434343495,49326.39560927338,1346.8227678582432
2030-07-10 01:00:00,29517.48086178633,110946.20786126536,55748.4224091768,3232.642283670233
2030-07-10 02:00:00,30797.347130857313,112430.16137909613,62170.44920907905,5095.651946836599
2030-07-10 03:00:00,32077.213399927565,113914.11489692653,68592.47600897975,4974.704722024904
2030-07-10 04:00:00,33357.07966899681,115398.0684147564,75014.50280887734,1534.5109433476377
2030-07-10 05:00:00,34636.945938065204,116882.0219325851,81436.52960877726,457.81805819245847
2030-07-10 06:00:00,35916.812207135044,118365.97545041544,87858.5564086792,1551.0604914367548
2030-07-10 07:00:00,37196.678476206056,119849.92896824675,94280.58320858267,2218.692532920279
2030-07-10 08:00:00,38476.54474527867,121333.88248608004,100702.61000848483,2601.6652900415543
2030-07-10 09:00:00,39756.41101435047,122817.83600391171,107124.63680838679,2970.4637119552776
2030-07-10 10:00:00,41036.277283422,124301.78952174338,113546.66360828778,3119.797806821007
2030-07-10 11:00:00,42316.143552493995,125785.7430395756,119968.69040818863,3291.6471113945336
2030-07-10 12:00:00,43596.00982156677,127269.69655740904,126390.71720809002,3429.783810476832
2030-07-10 13:00:00,44875.87609063873,128753.65007524067,132812.74400799366,3726.1158564521083
2030-07-10 14:00:00,46155.742359710704,130237.60359307245,139234.77080789622,4246.0150986985245
2030-07-10 15:00:00,47435.60862878233,131721.55711090405,145656.7976077979,5086.788973100245
2030-07-10 16:00:00,48715.47489785417,133205.5106287364,152078.82440769937,6400.009999943416
2030-07-10 17:00:00,49329.46964561673,134689.4641461184,153747.23670218032,6400.009999751312
2030-07-10 18:00:00,48389.26916786885,134743.05066384876,146248.96457486256,6130.481110367548
2030-07-10 19:00:00,47119.29749267267,134796.63718157497,137855.75331380602,3070.158204121661
2030-07-10 20:00:00,45879.53067400819,134850.22369930148,129495.09621808777,2024.7308649065212
2030-07-10 21:00:00,44933.433125000054,134903.8102170291,121938.8971586248,1876.18194817748
2030-07-10 22:00:00,44119.186057553976,134957.3967347738,115271.60634054155,1748.7484615374387
2030-07-10 23:00:00,43439.047711467734,135010.9832525258,110127.69615486759,1621.690978578773
2030-07-11 00:00:00,42877.44219443371,135064.56977028673,106555.84410421482,1489.7337224818546
2030-07-11 01:00:00,42215.21619690586,135118.1562880347,102325.21575912551,1346.3648465266613
2030-07-11 02:00:00,41481.123174413224,135171.74280578468,96836.78215023412,1189.9598707692967
2030-07-11 03:00:00,40593.67328650645,135225.32932352988,89662.2906046109,995.3703767036722
2030-07-11 04:00:00,39647.45687715518,135278.91584127222,82045.78495809814,702.9927779221582
2030-07-11 05:00:00,38677.777403531276,135332.50235900548,74520.21036667045,357.5706103602133
2030-07-11 06:00:00,38318.4706033182,135386.08887675323,73670.81516964061,4.875774355338273e-08
2030-07-11 07:00:00,39598.33687238755,136870.04239458326,80092.84196954324,461.1258436695725
2030-07-11 08:00:00,40878.20314146018,138353.99591241675,86514.8687694458,1632.6027666302757
2030-07-11 09:00:00,42158.06941053209,139837.94943024873,92936.895569348,2496.8419137660094
2030-07-11 10:00:00,43437.93567960408,141321.90294808094,99358.92236924935,3049.1945017811195
2030-07-11 11:00:00,44717.801948676366,142805.85646591356,105780.94916915052,3546.7128309465925
2030-07-11 12:00:00,45997.66821774945,144289.80998374743,112202.97596905236,4094.700489212644
2030-07-11 13:00:00,47277.53448682167,145773.76350157944,118625.00276895636,5057.711242323108
2030-07-11 14:00:00,48557.40075589335,147257.71701941104,125047.02956885901,6400.00999994278
2030-07-11 15:00:00,49273.88888396927,148741.67053680142,129378.53946871057,6400.00999983528
2030-07-11 16:00:00,48328.64587965293,148795.25705454947,121818.2329276869,6400.009999957863
2030-07-11 17:00:00,46989.31755118171,146959.073457593,113333.58924959056,6371.314811076643
2030-07-11 18:00:00,45649.98922271018,145122.88986063685,104848.94557150062,6357.324458607312
2030-07-11 19:00:00,44310.66089417735,143286.7062636125,96364.3018933413,2879.074458609188
2030-07-11 20:00:00,42971.33256570538,141450.52266665592,87879.65821524592,151.72523469790895
2030-07-11 21:00:00,41632.00423723423,139614.33906969955,79395.0145371556,141.34683722595764
2030-07-11 22:00:00,40292.675908763274,137778.155472743,70910.37085905994,130.05967658873698
2030-07-11 23:00:00,38953.34758029338,135941.9718757876,62425.72718096372,118.94338952530308
2030-07-12 00:00:00,37614.01925182462,134105.78827883382,53941.083502867805,107.38985053956019
2030-07-12 01:00:00,36274.69092335508,132269.60468187835,45456.439824772686,94.67434630840482
2030-07-12 02:00:00,34935.362594885606,130433.42108492328,36971.79614667718,80.60232517890887
2030-07-12 03:00:00,33596.03426641595,128597.23748796835,28487.152468581335,64.05684345690291
2030-07-12 04:00:00,32256.705937946328,126761.0538910141,20002.50879048496,41.711009816022674
2030-07-12 05:00:00,30917.377609475665,124924.87029405822,11517.865112388541,4.3260637738740115e-08
2030-07-12 06:00:00,29850.809451530375,124978.45681178768,3576.907029271373,5.876931823017507e-07
2030-07-12 07:00:00,29277.01663331313,125032.04332953652,1.6044214135035872e-07,4.352418362490633e-08
2030-07-12 08:00:00,30556.88290238533,126515.99684736875,5075.813535630765,138.02985492648278
2030-07-12 09:00:00,31836.749171455947,127999.95036519959,11286.632264765538,1481.1587230697628
2030-07-12 10:00:00,33116.61544052671,129483.90388303081,17487.732417962947,2181.852577176647
2030-07-12 11:00:00,34396.48170959816,130967.85740086285,23686.293148265195,2699.750999632928
2030-07-12 12:00:00,35676.3479786709,132451.81091869652,29891.613977943973,3117.288791307501
2030-07-12 13:00:00,36956.2142477428,133935.7644365282,36127.06642174551,3563.2168559121
2030-07-12 14:00:00,38236.080516814676,135419.7179543601,42345.69522030009,4163.968549904612
2030-07-12 15:00:00,39515.94678588613,136903.67147219172,48549.33890578598,5030.124151778065
2030-07-12 16:00:00,40795.81305495754,138387.62499002388,54738.26267686558,6301.517416482695
2030-07-12 17:00:00,42075.679324032884,139871.57850785405,51028.42433474775,6400.009999955319
2030-07-12 18:00:00,40951.730376636355,139925.1650255799,42543.780656671384,6068.930589144297
2030-07-12 19:00:00,39612.40204856419,138115.42823173347,34059.13697858456,2590.6805896367055
2030-07-12 20:00:00,38355.672766939286,138169.01474946423,25574.49330050797,251.6823880685124
2030-07-12 21:00:00,37270.46840686346,138222.6012671957,17089.84962243418,4.634694050764665e-08
2030-07-12 22:00:00,38550.334675934915,139706.55478502452,17086.173117095037,338.93676470222374
2030-07-12 23:00:00,39830.20094500501,141190.5083028543,22663.69885176613,288.12806704373247
2030-07-13 00:00:00,41110.0672140759,142674.46182068583,28785.574285303886,1287.7528480145922
2030-07-13 01:00:00,42389.93348314597,144158.41533851554,34981.913825864845,2601.76920238003
2030-07-13 02:00:00,43669.7997522159,145642.36885634554,41152.42615774344,3539.4003081542583
2030-07-13 03:00:00,44949.666021285506,147126.32237417562,47298.56251554504,4183.911439256352
2030-07-13 04:00:00,46229.53229035481,148610.27589200612,53299.059058743725,1897.6315753667059
2030-07-13 05:00:00,47509.39855942254,150094.22940983457,59412.64113316603,1403.1679451196717
2030-07-13 06:00:00,48789.264828491636,151578.18292766443,65584.80471410506,2182.125385220311
2030-07-13 07:00:00,50069.1310975616,153062.1364454951,71786.43924929925,2556.545562085723
2030-07-13 08:00:00,51348.99736663318,154546.0899633278,77969.28742970138,2728.135986469326
2030-07-13 09:00:00,52628.86363570393,156030.0434811588,84149.35612271242,2948.8858849441203
2030-07-13 10:00:00,53908.729904775115,157513.99699899036,90321.64222710102,3117.1974071335126
2030-07-13 11:00:00,55188.596173846556,158997.9505168223,96489.37572657164,3230.7292281556306
2030-07-13 12:00:00,56468.46244291901,160481.9040346557,102668.84890469068,3338.6064711469726
2030-07-13 13:00:00,57748.32871199075,161965.85755248732,108882.05593632533,3571.157266471333
2030-07-13 14:00:00,59028.1949810623,163449.81107031894,115074.78594327025,3924.9560493800436
2030-07-13 15:00:00,60308.061250133556,164933.76458815043,121250.68068634492,4510.359243983288
2030-07-13 16:00:00,61587.927519204924,166417.71810598252,127412.26838301649,5417.851243886567
2030-07-13 17:00:00,62867.793788273215,167901.67162381153,133542.53520933818,6400.009999953654
2030-07-13 18:00:00,62873.19926522356,167955.2581415548,125057.89153126992,6188.803900744256
2030-07-13 19:00:00,61729.74470168362,168008.84465927593,116573.24785319566,4121.472852464522
2030-07-13 20:00:00,60616.75900021731,168062.43117701233,108088.60417512272,2567.9108926299837
2030-07-13 21:00:00,59496.76851315566,168116.01769474355,99603.96049704877,1106.531402338407
2030-07-13 22:00:00,59648.24478240079,168325.22442552133,91119.31681899515,1666.0368755564623
2030-07-13 23:00:00,59353.556760673855,168378.81094326862,82634.67314092492,1376.7396377458615
2030-07-14 00:00:00,59505.03302991904,168460.41777190543,74150.02946287127,1408.5466831466626
2030-07-14 01:00:00,59457.562155815554,168514.00428964995,65665.38578480473,1207.1602773168447
2030-07-14 02:00:00,58944.23504846679,168567.5908073995,57180.742106735954,317.0916826663393
2030-07-14 03:00:00,58946.612204539895,168621.1773251505,48696.09842866697,4.90050751977833e-07
2030-07-14 04:00:00,59098.08847380983,168696.4629423383,40211.45475061275,5.163541100726244e-08
2030-07-14 05:00:00,60377.95474288118,170180.41646016805,31932.826848338827,104.69595048279996
2030-07-14 06:00:00,61657.82101195468,171664.36997799706,26789.498984753118,893.1561628303549
2030-07-14 07:00:00,62937.687281026745,173148.32349582575,24544.120489788704,611.8999938327862
2030-07-14 08:00:00,64217.55355009814,174632.27701365657,25977.066374379894,520.9743399033371
2030-07-14 09:00:00,65497.419819167175,176116.2305314855,31799.812114217846,2084.9441067972775
2030-07-14 10:00:00,66777.28608823626,177600.18404931427,36838.82286275038,336.139133498129
2030-07-14 11:00:00,68057.15235730582,179084.13756714438,42924.9120854891,1335.7116093724183
2030-07-14 12:00:00,69337.01862637726,180568.09108497662,49061.239417155004,2573.447936841779
2030-07-14 13:00:00,70616.88489544792,182052.04460280688,55237.13252391022,3722.27629779982
2030-07-14 14:00:00,71896.75116451863,183535.99812063744,61391.13365909322,4985.381089823734
2030-07-14 15:00:00,73176.61743358862,185019.95163846752,67503.33956560706,6262.861524754083
2030-07-14 16:00:00,74456.48370266063,186503.9051562974,64537.009688018516,6400.009999953403
2030-07-14 17:00:00,73322.08272013397,186557.49167403003,56052.36600994343,5862.097550141781
2030-07-14 18:00:00,72103.03795575812,186611.07819175636,47567.72233186663,4647.068309554631
2030-07-14 19:00:00,70763.70962770753,186070.01535203506,39083.07865378112,1168.8183100763772
2030-07-14 20:00:00,69592.00675899594,186123.60186977423,30598.43497570577,556.4229191803825
2030-07-14 21:00:00,68466.00883247446,186177.18838750912,22113.791297632903,4.71061412099516e-08
2030-07-14 22:00:00,69745.87510154642,187661.1419053372,13921.068136789785,151.62035565758492
2030-07-14 23:00:00,71025.74137061798,189145.09542316548,8075.999489579468,820.6574128619536
2030-07-15 00:00:00,72305.6076396896,190629.0489409955,4405.410917932831,759.2597022315489
2030-07-15 01:00:00,73585.47390875898,192113.0024588232,4775.363213200369,843.1568253928139
2030-07-15 02:00:00,74865.34017782853,193596.955976652,7955.739335852138,997.4740605934262
2030-07-15 03:00:00,76145.2064468979,195080.9094944815,12888.07824996579,1150.34659806441
2030-07-15 04:00:00,77425.07271596791,196564.86301231256,18070.461938218257,705.4832186163112
2030-07-15 05:00:00,78704.93898503581,198048.81653014125,23796.899469324628,628.6890697365031
2030-07-15 06:00:00,79984.80525410431,199532.77004797096,29828.59173463344,1679.3747422761423
2030-07-15 07:00:00,81264.6715231736,201016.7235658014,35921.126023209596,2260.972022673446
2030-07-15 08:00:00,82544.53779224455,202500.67708363404,41986.82778374572,2560.4735538864966
2030-07-15 09:00:00,83824.40406131437,203984.63060146477,48046.13872467425,2803.880778948802
2030-07-15 10:00:00,85104.27033038478,205468.58411929614,54092.537521378654,2933.820735014695
2030-07-15 11:00:00,86384.13659945622,206952.53763712852,60145.742166089665,3073.1946413202168
2030-07-15 12:00:00,87664.00286852909,208436.49115496268,66226.83361802925,3186.067640321867
2030-07-15 13:00:00,88943.86913760146,209920.44467279516,72354.62466106235,3341.039642406915
2030-07-15 14:00:00,90223.7354066738,211404.39819062783,78460.2077066054,3560.0067653290753
2030-07-15 15:00:00,91503.60167574594,212888.35170846042,84542.99795476192,3894.2902624481867
2030-07-15 16:00:00,92783.46794481805,214372.30522629357,90585.7925101942,4330.09339294874
2030-07-15 17:00:00,94063.33421388768,215856.25874412426,96608.0137892361,5108.630180635586
2030-07-15 18:00:00,95343.20048295571,217340.21226195374,102600.69746798926,6021.190237565417
2030-07-15 19:00:00,96623.06675202327,218824.16577978144,104834.58428422027,4534.2249971781675
2030-07-15 20:00:00,97902.93302109235,220308.11929761092,104805.68840899992,2803.984690381217
2030-07-15 21:00:00,99182.79929016023,221792.07281543844,106425.8099179247,1832.6189131319052
2030-07-15 22:00:00,100462.66555922931,223276.02633326803,112381.27497123624,4236.72114667544
2030-07-15 23:00:00,101742.53182829863,224759.97985109754,117611.47392923267,5601.488781572201
2030-07-16 00:00:00,103022.9196362136,226242.12290557037,117199.9674990653,5526.64196219029
2030-07-16 01:00:00,104303.307444128,227724.26596004,112832.7096451279,5923.262337598907
2030-07-16 02:00:00,105583.69525204443,229206.40901450996,105240.16268515198,6400.009999952069
2030-07-16 03:00:00,105260.78492703423,229258.1850688917,96755.519007082,5867.769896795508
2030-07-16 04:00:00,104123.51503383968,229309.96112327458,88270.87532900734,2936.8459949624075
2030-07-16 05:00:00,102968.49734753853,229361.73717764724,79786.2316509306,4.64491790808097e-07
2030-07-16 06:00:00,103120.4951556243,229782.89163502338,71301.58797287714,5.435785067834206e-08
2030-07-16 07:00:00,104400.8829635389,231265.03468949252,64484.519620659135,339.4418609547203
2030-07-16 08:00:00,105681.27077145365,232747.1777439656,68235.37911612511,299.49144584643034
2030-07-16 09:00:00,106961.65857936775,234229.3207984377,74217.74995455175,1465.7866516888932
2030-07-16 10:00:00,108242.04638728278,235711.46385291082,80210.26996066958,2280.2483345188875
2030-07-16 11:00:00,109522.43419519856,237193.60690738473,86204.49859461648,2896.8622629624692
2030-07-16 12:00:00,110802.8220031155,238675.7499618602,92210.33578167914,3383.0867542690594
2030-07-16 13:00:00,112083.20981103144,240157.89301633366,98272.21259786637,3983.19604962846
2030-07-16 14:00:00,113363.59761894708,241640.03607080714,104298.9543065814,4781.25975969445
2030-07-16 15:00:00,114643.98542686176,243122.1791252801,110277.93480306564,5749.452008127886
2030-07-16 16:00:00,115924.3732347764,244604.3221797535,115968.87717673661,6365.206677204955
2030-07-16 17:00:00,117204.76104269191,246086.46523422346,107575.7539038102,6400.009999954259
2030-07-16 18:00:00,116013.81649291838,246138.24128858876,99091.11022573404,4797.190167458898
2030-07-16 19:00:00,114702.06266852109,246190.01734285054,90606.46654765692,1360.8956104173312
2030-07-16 20:00:00,113555.44330841323,246241.7933972307,82121.82286958356,390.6193546453442
2030-07-16 21:00:00,112903.91924118366,246293.56945161175,73637.17919151396,4.7603634811821394e-08
2030-07-16 22:00:00,114184.30704909771,247775.7125060819,68826.74647906223,464.8025909312166
2030-07-16 23:00:00,115464.69485701226,249257.85556055422,72319.16373365732,475.17485870665695
2030-07-17 00:00:00,116745.0826649278,250739.9986150286,78096.69793857324,1225.7428800789455
2030-07-17 01:00:00,118025.47047284222,252222.1416695009,84082.06973477219,2207.4751642336064
2030-07-17 02:00:00,119305.85828075687,253704.2847239738,90056.25663078016,3188.022356326467
2030-07-17 03:00:00,120586.24608867119,255186.42777844678,95984.6813905943,3883.383482303295
2030-07-17 04:00:00,121866.63389658551,256668.57083292046,101587.33877990372,1946.3666912693498
2030-07-17 05:00:00,123147.02170449801,258150.71388739196,107461.59697419828,1826.3340291538334
2030-07-17 06:00:00,124427.4095124115,259632.85694186448,113438.9317706756,2397.0741492501065
2030-07-17 07:00:00,125707.79732032558,261114.9999963375,119470.94348737126,2612.459905470496
2030-07-17 08:00:00,126988.18512824166,262597.1430508128,125475.72281845575,2742.1749136577428
2030-07-17 09:00:00,128268.57293615676,264079.2861052863,131476.79398461408,2946.972023407796
2030-07-17 10:00:00,129548.96074407222,265561.42915976024,137460.21801014183,3075.112117685253
2030-07-17 11:00:00,130829.34855198831,267043.57221423485,143444.66126111688,3220.5279790955788
2030-07-17 12:00:00,132109.73635990528,268525.71526871086,149443.22619551278,3307.7975893949165
2030-07-17 13:00:00,133390.12416782125,270007.85832318483,155499.546001009,3482.3364906999577
2030-07-17 14:00:00,134670.51197573708,271490.00137765886,161522.8373113455,3774.766439689881
2030-07-17 15:00:00,135950.89978365233,272972.1444321326,167515.02820121907,4222.0151037701635
2030-07-17 16:00:00,137231.28759156773,274454.2874866071,173478.73335691463,4893.9279338247925
2030-07-17 17:00:00,138511.6753994803,275936.43054107856,179397.82638341308,5741.830171839468
2030-07-17 18:00:00,139792.06320739185,277418.5735955493,184750.19998041974,4669.05642260208
2030-07-17 19:00:00,141072.4510153036,278900.7166500194,187960.9868241479,2361.5067695037033
2030-07-17 20:00:00,142352.83882321732,280382.8597044923,192961.35359791887,645.0177387259328
2030-07-17 21:00:00,143633.22663113032,281865.00275896373,198849.3570987701,1343.2219394824729
2030-07-17 22:00:00,144913.6144390447,283347.14581343654,204806.45640587536,2212.819715471487
2030-07-17 23:00:00,146194.00224695963,284829.28886790987,210763.70392121002,2748.325995678738
2030-07-18 00:00:00,147474.3900548756,286311.43192238477,216730.32821470196,2997.573471355114
2030-07-18 01:00:00,148754.77786279068,287793.57497685764,222758.69009364623,3203.6148159238505
2030-07-18 02:00:00,150035.1656707059,289275.7180313309,228759.35760415788,3451.549964492383
2030-07-18 03:00:00,151315.55347862092,290757.86108580424,234733.46527682577,3716.6431966611103
2030-07-18 04:00:00,152595.94128653596,292240.0041402783,240661.93420499624,3641.5673316618877
2030-07-18 05:00:00,153876.3290944489,293722.1471947499,246546.98997060093,3161.842058274397
2030-07-18 06:00:00,155156.71690236154,295204.2902492215,252462.35216711747,2800.5514675666714
2030-07-18 07:00:00,156437.10471027507,296686.43330369383,258469.1306147454,2808.9820153855435
2030-07-18 08:00:00,157717.49251819027,298168.57635816815,264451.0909963581,2881.517891213263
2030-07-18 09:00:00,158997.8803261042,299650.7194126405,270426.302585212,3010.5383388128967
2030-07-18 10:00:00,160278.26813401823,301132.8624671132,276386.4778527722,3036.369131700687
2030-07-18 11:00:00,161558.65594193307,302615.00552158663,282347.36327099253,3135.0338780554366
2030-07-18 12:00:00,162839.04374984922,304097.148576062,288322.4281946434,3206.998552638416
2030-07-18 13:00:00,164119.43155776482,305579.2916305355,294361.1898810501,3336.480711369325
2030-07-18 14:00:00,165399.81936568068,307061.4346850095,300373.734894586,3570.3899099310147
2030-07-18 15:00:00,166680.20717359643,308543.5777394835,306362.61528870056,3919.5782397960165
2030-07-18 16:00:00,167960.5949815127,310025.7207939585,312328.48604583286,4439.09535133765
2030-07-18 17:00:00,169240.98278942663,311507.86384843104,318277.0694843744,5206.60782020754
2030-07-18 18:00:00,170521.37059733964,312990.00690290297,324142.1045284941,5935.094376273152
2030-07-18 19:00:00,171801.75840525192,314472.1499573734,325577.7383175439,4536.7393521151525
2030-07-18 20:00:00,173082.14621316604,315954.29301184625,326111.5101704539,3481.7846583903006
2030-07-18 21:00:00,174362.53402107896,317436.4360663169,327183.70079320855,2959.636743045463
2030-07-18 22:00:00,175642.9218289927,318918.57912078855,329856.30849722744,2980.0027102187023
2030-07-18 23:00:00,176923.30963690692,320400.7221752609,332843.6076377669,3033.674372326222
2030-07-19 00:00:00,178203.69744482232,321882.865229735,336957.4341719667,3461.0768732613433
2030-07-19 01:00:00,179484.0852527365,323365.0082842066,341011.00273756526,3701.7978917635724
2030-07-19 02:00:00,180764.47306065084,324847.15133867867,344703.0747133133,4109.857668447457
2030-07-19 03:00:00,182044.86086856484,326329.2943931506,346461.0425442175,4300.758074586001
2030-07-19 04:00:00,183325.24867647895,327811.437447623,343698.19998790906,2739.5196096281807
2030-07-19 05:00:00,184605.6364843912,329293.58050209266,341649.5193225571,1270.3155977027016
2030-07-19 06:00:00,185886.02429230345,330775.72355656314,343900.9927641887,534.1405747207629
2030-07-19 07:00:00,187166.41210021623,332257.8666110347,349739.39189935045,940.2512041859342
2030-07-19 08:00:00,188446.79990813156,333740.00966550934,355711.6076486863,1784.9007858004477
2030-07-19 09:00:00,189727.1877160462,335222.1527199822,361696.3130744535,2541.4970516735693
2030-07-19 10:00:00,191007.5755239604,336704.295774455,367654.56837188144,2707.712723776658
2030-07-19 11:00:00,192287.96333187545,338186.4388289287,373618.7219434345,2925.567828944916
2030-07-19 12:00:00,193568.35113979204,339668.5818834042,379600.0985007082,3128.671898233906
2030-07-19 13:00:00,194848.7389477081,341150.72493787797,385646.4251101551,3373.019728179434
2030-07-19 14:00:00,196129.12675562451,342632.86799235235,391669.9683637235,3777.859693850221
2030-07-19 15:00:00,197409.51456354075,344115.0110468266,397668.6813109918,4381.143180394591
2030-07-19 16:00:00,198689.9023714571,345597.15410130157,403640.6594678245,5275.294105988372
2030-07-19 17:00:00,199970.29017937032,347079.2971557734,409519.23532214377,6193.598157546545
2030-07-19 18:00:00,201250.67798728234,348561.44021024264,403908.3550213167,6400.009999935144
2030-07-19 19:00:00,201402.67579536184,350010.7864945081,395423.71134326496,2921.7600006451225
2030-07-19 20:00:00,202130.7073300701,351492.92954854126,386939.0676652253,6.252093953662552e-08
2030-07-19 21:00:00,203411.09513798263,352975.0726030101,380294.28976928163,247.95221967776524
2030-07-19 22:00:00,204691.4829458966,354457.21565748216,385961.80736129684,1011.7647844511748
2030-07-19 23:00:00,205971.87075381092,355939.35871195485,391782.6535708293,1641.8520772897991
2030-07-20 00:00:00,207252.2585617265,357421.5017664293,397703.1245214616,2446.7362642536445
2030-07-20 01:00:00,208532.64636964086,358903.64482090145,403697.8721994028,3073.317495712245
2030-07-20 02:00:00,209813.03417755503,360385.78787537385,409631.16606903676,3190.590326763331
2030-07-20 03:00:00,211093.42198546906,361867.9309298464,415537.8619407677,3198.8139939587627
2030-07-20 04:00:00,212373.80979338355,363350.0739843202,421376.27212070365,2434.9689946789777
2030-07-20 05:00:00,213654.1976012963,364832.2170387917,427271.81403661944,2188.138296347067
2030-07-20 06:00:00,214934.5854092097,366314.36009326397,433248.9424599438,2512.052203340479
2030-07-20 07:00:00,216214.97321712403,367796.50314773695,439285.68145035976,2701.0605928036716
2030-07-20 08:00:00,217495.36102504027,369278.6462022123,445298.68830521835,2815.7256405808516
2030-07-20 09:00:00,218775.74883295543,370760.78925668576,451309.65783332393,2999.9915653818234
2030-07-20 10:00:00,220056.13664087054,372242.93231115944,457300.8742099735,3038.1229373883093
2030-07-20 11:00:00,221336.5244487866,373725.07536563417,463296.7377633984,3128.43472858735
2030-07-20 12:00:00,222616.91225670386,375207.2184201104,469313.9566886711,3167.3481749431535
2030-07-20 13:00:00,223897.30006462042,376689.3614745848,475391.6561538039,3231.3834706642137
2030-07-20 14:00:00,225177.68787253712,378171.5045290596,481444.8587228863,3337.597154456693
2030-07-20 15:00:00,226458.07568045348,379653.6475835343,487471.4120064427,3435.478161151598
2030-07-20 16:00:00,227738.46348837024,381135.7906380098,493470.32223094103,3470.6202615201323
2030-07-20 17:00:00,229018.85129628493,382617.93369248306,499463.3932476423,3569.554135358686
2030-07-20 18:00:00,230299.2391041992,384100.07674695604,505465.9972788574,3649.1688508454613
2030-07-20 19:00:00,231579.6269121131,385582.21980142867,511507.81775014236,3747.7523732982636
2030-07-20 20:00:00,232860.0147200282,387064.36285590293,517512.2009689007,3811.456904527763
2030-07-20 21:00:00,234140.4025279418,388546.50591037504,523493.3310903216,3964.9741643918046
2030-07-20 22:00:00,235420.79033585527,390028.64896484715,529417.138656533,3669.5164335179784
2030-07-20 23:00:00,236701.17814376912,391510.7920193196,535326.5081763301,3403.9290874893327
2030-07-21 00:00:00,237981.56595168437,392992.935073794,541294.623429119,3940.6841509395017
2030-07-21 01:00:00,239261.95375959872,394475.07812826626,547317.1720773076,4756.945962350408
2030-07-21 02:00:00,240542.34156751298,395957.2211827388,553265.6992339833,5594.919402198526
2030-07-21 03:00:00,241822.7293754267,397439.36423721095,558732.7897355496,4567.672356743187
2030-07-21 04:00:00,243103.11718334112,398921.5072916842,562278.7858063965,2302.1190111524493
2030-07-21 05:00:00,244383.50499125395,400403.65034615545,567420.8687401613,673.539800828046
2030-07-21 06:00:00,245663.89279916792,401885.7934006281,573402.8678310891,1636.0987300012769
2030-07-21 07:00:00,246944.28060708236,403367.936455101,579461.3125350268,2095.50354099569
2030-07-21 08:00:00,248224.6684149986,404850.0795095762,585507.6297537187,2483.332056651381
2030-07-21 09:00:00,249505.05622291387,406332.22256404965,591553.6677406366,2920.5061434975805
2030-07-21 10:00:00,250785.44403082907,407814.3656185232,597588.1816494241,3071.6299562823506
2030-07-21 11:00:00,252065.8318387448,409296.50867299736,603626.8568710466,3297.260601258921
2030-07-21 12:00:00,253346.21964666178,410778.65172747313,609681.7576940868,3621.247955766817
2030-07-21 13:00:00,254626.60745457796,412260.7947819471,615789.3811334313,4175.775501708566
2030-07-21 14:00:00,255906.99526249405,413742.9378364212,621880.0242936189,5023.022113375797
2030-07-21 15:00:00,257187.3830704096,415225.0808908949,627955.765343976,6221.36072957475
2030-07-21 16:00:00,258467.7708783249,416707.22394536796,629879.7889983869,6400.009999956608
2030-07-21 17:00:00,258578.02197779017,416758.9999997667,629879.7889981343,6400.009999875105
2030-07-21 18:00:00,257277.73948474642,415016.4185856407,621629.3435898559,6400.009999936869
2030-07-21 19:00:00,255938.93269515038,413178.4245253463,613144.6999117798,3553.9520554993555
2030-07-21 20:00:00,254600.12590555593,411340.4304650538,604660.0562337036,821.5403001465297
2030-07-21 21:00:00,253261.31911596056,409502.4364047597,596175.4125556274,7.064363671815954e-08
2030-07-21 22:00:00,251971.25699435797,407818.2068806983,588510.9168826968,1.3382726243461868e-06
2030-07-21 23:00:00,250685.5220510783,406159.16050190054,583639.794237657,1.7522050939078326e-06
2030-07-22 00:00:00,249402.6914143144,404516.5593349634,579055.0873265928,1.9163268281792645e-06
2030-07-22 01:00:00,248115.86906452928,402857.39393865276,574156.443580042,1.9085497217275834e-06
2030-07-22 02:00:00,246829.65550933778,401210.1549789436,569690.2975565246,1.7374009384888874e-06
2030-07-22 03:00:00,245543.5388277631,399570.74682068755,565349.3261402725,1.3239473407874869e-06
2030-07-22 04:00:00,244263.70229399076,397965.33537044213,562430.6250211342,1.9897059339013201e-07
2030-07-22 05:00:00,244457.17281607326,398109.2808285407,562646.714054368,6.237589083672971e-07
2030-07-22 06:00:00,244663.56554845796,398316.9370455697,563979.0957373253,4.604552470609362e-08
2030-07-22 07:00:00,245943.9533564071,399799.08010006225,570401.1225372527,728.606832925488
2030-07-22 08:00:00,247224.3411643585,401281.2231545573,576823.1493371794,1713.4471309317819
2030-07-22 09:00:00,248504.7289723089,402763.36620905076,583245.1761371056,2433.5962367361935
2030-07-22 10:00:00,249785.11678025947,404245.5092635447,589667.2029370313,2883.64512006494
2030-07-22 11:00:00,251065.50458821023,405727.65231803904,596089.2297369567,3178.9808652783468
2030-07-22 12:00:00,252345.89239616194,407209.79537253437,602511.2565368828,3396.2955084455775
2030-07-22 13:00:00,253626.28020411273,408691.93842702825,608933.2833368105,3761.5607562132145
2030-07-22 14:00:00,254906.66801206354,410174.0814815223,615355.3101367377,4360.794247895865
2030-07-22 15:00:00,256187.05582001418,411656.2245360163,621777.3369366641,5268.593040655094
2030-07-22 16:00:00,257467.44362796505,413138.3675905106,628199.3637365904,6400.009999957653
2030-07-22 17:00:00,257678.21350918023,413334.7194840761,628802.4697421364,6400.009999878243
2030-07-22 18:00:00,256406.39906114884,411656.99273636646,624430.8229330874,6400.009999936761
2030-07-22 19:00:00,255067.5922715531,409818.99867607286,615946.1792550124,3927.7454589388776
2030-07-22 20:00:00,253728.78548195917,407981.00461578125,607461.5355769373,1931.400085464692
2030-07-22 21:00:00,252389.97869236424,406143.01055548806,598976.8918988621,430.32103381976526
2030-07-22 22:00:00,251051.17190281418,404305.01649524,590492.2482208322,3141.013184701146
2030-07-22 23:00:00,249766.0285805236,402554.1287075401,582129.4888286411,6085.003984578246
2030-07-23 00:00:00,248402.5566798115,400727.5174853932,573644.8451505657,5111.916895452315
2030-07-23 01:00:00,247039.08477909828,398900.90626324434,565160.2014724911,4358.340234106489
2030-07-23 02:00:00,245675.61287838497,397074.2950410957,556675.5577944161,3688.687820109598
2030-07-23 03:00:00,244312.1409776711,395247.6838189467,548190.9141163406,2987.5147555641706
2030-07-23 04:00:00,242948.6690769572,393421.072596798,539706.2704382646,2197.318113987378
2030-07-23 05:00:00,241585.1971762418,391594.4613746474,531221.626760188,1282.2146682172663
2030-07-23 06:00:00,240221.7252755276,389767.8501524982,522736.98308211245,6.277390439485222e-08
2030-07-23 07:00:00,238981.9814432789,388985.1797859179,522354.73094039474,1.2424850125493003e-07
2030-07-23 08:00:00,239204.29122056637,389284.8115967353,525815.2149476091,4.262942057217665e-08
2030-07-23 09:00:00,240460.0139173978,390778.33748937235,532237.2417475355,1403.3871742017516
2030-07-23 10:00:00,241715.73661422945,392271.8633820098,538659.2685474616,2387.4680322518443
2030-07-23 11:00:00,242971.45931106134,393765.3892746477,545081.2953473874,3296.7906603595043
2030-07-23 12:00:00,244227.18200789407,395258.91516728676,551503.3221473137,4283.151325189909
2030-07-23 13:00:00,245482.90470472584,396752.441059924,557925.3489472416,5413.610220333485
2030-07-23 14:00:00,246738.62740155729,398245.9669525611,564347.3757471684,6400.0099999543
2030-07-23 15:00:00,247322.47004003657,399610.320247445,570656.3675424327,6400.009999401449
2030-07-23 16:00:00,247536.29095935734,399923.5122325045,572105.0196888068,6400.009999864171
2030-07-23 17:00:00,246260.9817846823,398326.0189430933,565386.8236337189,6400.009999936941
2030-07-23 18:00:00,244897.50988396755,396499.4077209434,556902.1799556433,4670.333293523215
2030-07-23 19:00:00,243534.03798325174,394672.7964987924,548417.5362775681,3386.1118243484652
2030-07-23 20:00:00,242170.5660825382,392846.18527664425,539932.8925994929,2247.971537338146
2030-07-23 21:00:00,240807.0941818242,391019.57405449456,531448.2489214176,1044.2824156556521
2030-07-23 22:00:00,239443.62228111128,389192.96283234615,522963.6052433426,6.62087131786393e-08
2030-07-23 23:00:00,238174.2571024448,387645.9190454835,518916.2806893893,4.91725131723797e-07
2030-07-24 00:00:00,236970.8078081349,387322.6455613945,518509.5587589828,1.9756905191253592e-07
2030-07-24 01:00:00,237139.56477321545,387443.0010159782,518600.7711288067,1.3546410243440238e-06
2030-07-24 02:00:00,237354.0915604348,387697.43549717905,519481.53654575656,1.691683782681018e-06
2030-07-24 03:00:00,237565.9669400456,387960.54753556347,520386.92887057917,1.6859043588988398e-06
2030-07-24 04:00:00,237774.80419461912,388196.93717270106,520744.2117017042,1.3411892327577776e-06
2030-07-24 05:00:00,237976.84831826354,388465.08972732205,522234.34041214787,4.576977876391848e-08
2030-07-24 06:00:00,239232.57101509342,389958.61561995815,528656.3672120741,302.13937246511995
2030-07-24 07:00:00,240488.29371192507,391452.14151259605,535078.3940120022,1408.4659931860706
2030-07-24 08:00:00,241744.0164087584,392945.66740523593,541500.4208119289,2114.49033410215
2030-07-24 09:00:00,242999.73910559103,394439.19329787436,547922.4476118557,2639.656564828632
2030-07-24 10:00:00,244255.46180242387,395932.7191905133,554344.4744117821,2968.205396825985
2030-07-24 11:00:00,245511.18449925707,397426.2450831526,560766.5012117082,3232.467021004928
2030-07-24 12:00:00,246766.90719609096,398919.7709757928,567188.5280116351,3431.916148776335
2030-07-24 13:00:00,248022.62989292404,400413.29686843156,573610.5548115633,3798.6152136099463
2030-07-24 14:00:00,249278.35258975695,401906.8227610702,580032.5816114907,4370.410159488599
2030-07-24 15:00:00,250534.07528658942,403400.34865370864,586454.6084114173,5265.215196895467
2030-07-24 16:00:00,251789.79798342168,404893.874546347,592876.6352113441,6400.009999958813
2030-07-24 17:00:00,251993.339082988,405306.4055633442,594138.2426371695,6400.009999959239
2030-07-24 18:00:00,250629.86718227292,403479.7943411944,585653.5989590948,3199.8924910824962
2030-07-24 19:00:00,249266.39528155758,401653.1831190441,577168.9552810207,6.293885235209018e-08
2030-07-24 20:00:00,248033.20870779446,400267.2553559372,569516.5255115868,1.6667581803631037e-07
2030-07-24 21:00:00,248237.88475853612,400460.6625555551,569756.7038487642,401.42312446723696
2030-07-24 22:00:00,248502.49664648878,401297.4941212588,572668.3368925748,1757.3151902421619
2030-07-24 23:00:00,248788.12588595803,402280.2589356201,576849.5009405329,3038.0801842051087
2030-07-25 00:00:00,249086.7082067188,403313.5665627758,580768.9908928812,4139.358796181234
2030-07-25 01:00:00,249369.7418693362,404223.25892789924,584032.5257245057,5178.599368844826
2030-07-25 02:00:00,249639.75812677917,405124.0185252244,586086.4071940953,6400.009999659228
2030-07-25 03:00:00,249358.98947010015,405025.0505514288,585879.6876092752,6045.815133769714
2030-07-25 04:00:00,248134.80214905512,403577.7078323309,577766.6890521065,2978.8549053373326
2030-07-25 05:00:00,246909.69747538486,402177.29138393595,569741.4491417186,2.448388727316342e-07
2030-07-25 06:00:00,247066.66402493077,402277.76108905056,569794.4355766115,6.218182340258943e-07
2030-07-25 07:00:00,247482.975578359,403406.37975759536,574546.9384654484,4.4301890226949475e-08
2030-07-25 08:00:00,248738.69827519156,404899.9056502342,580968.9652653756,1078.5399626507024
2030-07-25 09:00:00,249994.42097202386,406393.4315428722,587390.9920653026,2039.2228667761176
2030-07-25 10:00:00,251250.14366885665,407886.95743551094,593813.0188652292,2698.4240355560946
2030-07-25 11:00:00,252505.8663656897,409380.4833281501,600235.0456651559,3199.8479742169884
2030-07-25 12:00:00,253761.58906252336,410874.0092207901,606657.0724650831,3623.184844580343
2030-07-25 13:00:00,255017.3117593563,412367.5351134288,613079.0992650116,4279.07148469126
2030-07-25 14:00:00,256273.034456189,413861.0610060673,619501.1260649394,5260.975811028855
2030-07-25 15:00:00,257528.75715302082,415354.58689870517,625923.1528648668,6400.009999958758
2030-07-25 16:00:00,258578.02197788027,416758.99999979726,629879.788998356,6400.009999959752
2030-07-25 17:00:00,257247.5198789416,414980.8271717274,621817.0960267715,5579.080521308098
2030-07-25 18:00:00,255915.91146497952,413201.67474132567,613785.345049538,5024.643635734678
2030-07-25 19:00:00,254585.85013572063,411424.30417624384,605808.0655346083,4593.122149953346
2030-07-25 20:00:00,253264.3516214274,409659.6420064792,597865.7158143652,4231.957048884816
2030-07-25 21:00:00,251943.79782549152,407892.3884249505,589954.3868205003,3914.9339532618715
2030-07-25 22:00:00,250625.65626755645,406128.9281700592,582049.7025946652,3616.2968882817304
2030-07-25 23:00:00,249308.7185544925,404367.71292459924,574144.0949265774,3320.1341428389915
2030-07-26 00:00:00,247993.5196231502,402609.6192494791,566259.4622316357,3015.982135445787
2030-07-26 01:00:00,246673.85183120327,400842.89309435175,558395.7932137927,2705.947030872764
2030-07-26 02:00:00,245352.5578668526,399075.3669536187,550513.6229675814,2381.6580997473125
2030-07-26 03:00:00,244028.60526374323,397305.9196631842,542639.2310725357,2031.9775739510967
2030-07-26 04:00:00,242704.19077487648,395540.2740835397,534807.9799617986,1623.0040350484705
2030-07-26 05:00:00,241375.9152623255,393766.4946712232,526970.9110752306,1172.1789207134123
2030-07-26 06:00:00,240052.67796302537,391999.2875431869,519107.2544827162,588.1926710012849
2030-07-26 07:00:00,238740.9068968832,390250.56440707954,516513.11815746734,4.0693976188777015e-08
2030-07-26 08:00:00,239996.62959371216,391744.0902997127,522935.14495737164,4.181947588222101e-08
2030-07-26 09:00:00,241252.35229058852,393237.61619239417,529357.1717573282,1156.2024572067085
2030-07-26 10:00:00,242508.0749874653,394731.1420850762,535779.1985572845,2321.6935065894295
2030-07-26 11:00:00,243763.79768434225,396224.66797775845,542201.2253572408,3268.164988958026
2030-07-26 12:00:00,245019.52038121986,397718.1938704416,548623.2521571973,4146.930979684604
2030-07-26 13:00:00,246275.2430780966,399211.7197631235,555045.2789571547,5323.525349285521
2030-07-26 14:00:00,247530.965774973,400705.24565580505,561467.3057571114,6400.00999995806
2030-07-26 15:00:00,248786.68847180053,402198.77154843643,567889.3325570159,6400.009999959709
2030-07-26 16:00:00,247479.89948885617,400457.58461084485,563043.993682834,5806.855724355519
2030-07-26 17:00:00,246159.46273419124,398694.351504088,555252.1528280867,5230.172761251883
2030-07-26 18:00:00,244833.68465274415,396924.8986805635,547508.6437104276,4770.574544972151
2030-07-26 19:00:00,243507.7670522439,395155.24948994827,539823.8513618255,4362.941711092506
2030-07-26 20:00:00,242189.21735895058,393396.21820967156,532100.3894114761,4012.8447089413953
2030-07-26 21:00:00,240871.60038714603,391633.95676742546,524367.0672601863,3695.969749325891
2030-07-26 22:00:00,239557.58645589667,389876.93867677497,516650.3353720233,3395.2164858032343
2030-07-26 23:00:00,238245.0516114404,388122.98530134157,508939.77581910224,3097.4717682235173
2030-07-27 00:00:00,236934.44069533725,386372.99132533255,501247.5774981398,2791.6058901135993
2030-07-27 01:00:00,235619.89639364547,384614.19176077173,493596.82724376314,2478.0803032123254
2030-07-27 02:00:00,234305.34128133915,382856.85414690507,485924.8789111661,2153.2567487516085
2030-07-27 03:00:00,232989.37490207082,381099.20393359876,478229.1490438819,1801.7689384939504
2030-07-27 04:00:00,231672.38723595205,379343.74684843916,470528.2952089205,1390.6645229547748
2030-07-27 05:00:00,230350.5040898354,377578.9759907426,462785.78774789645,881.3863413101576
2030-07-27 06:00:00,229035.4475888163,375824.2457715361,455156.71216579387,116.5048606433984
2030-07-27 07:00:00,228628.66444522789,375700.92270055437,455078.74464642897,4.005441667231935e-08
2030-07-27 08:00:00,229884.38714205718,377194.4485931885,461500.7714463347,4.212289184124529e-08
2030-07-27 09:00:00,231140.1098389337,378687.9744858703,467922.79824629147,1460.7188072791462
2030-07-27 10:00:00,232395.83253581048,380181.5003785524,474344.825046248,2684.068949058446
2030-07-27 11:00:00,233651.55523268736,381675.02627123473,480766.8518462044,3765.239199673958
2030-07-27 12:00:00,234907.27792956473,383168.5521639176,487188.87864616094,4878.914110881894
2030-07-27 13:00:00,236163.00062644135,384662.07805659936,493610.9054461183,6400.009999956069
2030-07-27 14:00:00,237418.72332326978,386155.60394923226,500032.9322460257,6400.009999937466
2030-07-27 15:00:00,237614.69064320065,386329.65351383295,506092.3989955986,6400.009999885609
2030-07-27 16:00:00,236309.93991899193,384590.4446958527,499123.42120141594,5716.712632831646
2030-07-27 17:00:00,234993.25097599858,382831.8451970073,491499.91856074036,5200.635920935471
2030-07-27 18:00:00,233671.61211327143,381068.7870893899,483887.04929673177,4779.299027883726
2030-07-27 19:00:00,232348.28799049804,379301.66560759675,475866.2973937736,4100.938421736259
2030-07-27 20:00:00,231031.95359082316,377546.1073946346,468390.9015136372,3767.399827412729
2030-07-27 21:00:00,229716.18196160338,375786.00872713095,460836.5697687238,3461.24238834088
2030-07-27 22:00:00,228402.85434552425,374029.5253727014,453256.23748223274,3165.8058333932127
2030-07-27 23:00:00,227090.72063762383,372275.5662430097,445670.6102873692,2871.2786070934935
2030-07-28 00:00:00,225783.26957152333,370530.32147204404,438124.0725645528,2574.7206786533975
2030-07-28 01:00:00,224470.99693171622,368774.5907405256,430629.18975778803,2263.8136377132428
2030-07-28 02:00:00,223158.5093275951,367020.21450824064,423107.18137818394,1936.3431856624652
2030-07-28 03:00:00,221845.89268750322,365267.32988615794,415567.0702219076,1578.764068961022
2030-07-28 04:00:00,220534.49838560098,363519.9275479545,408005.869896754,1153.2863021515814
2030-07-28 05:00:00,219221.9646695086,361767.9335364541,400477.16014597187,625.2723322972278
2030-07-28 06:00:00,217918.11023332147,360031.7065911552,396136.0694173618,4.182282506225648e-08
2030-07-28 07:00:00,219173.8329301487,361525.2324837866,402558.09621726885,4.1813727647400426e-08
2030-07-28 08:00:00,220429.55562702593,363018.75837646937,408980.12301722565,1023.5112591858872
2030-07-28 09:00:00,221685.27832390254,364512.2842691513,415402.14981718233,2028.7528704561632
2030-07-28 10:00:00,222941.0010207793,366005.8101618335,421824.1766171388,2707.2989270494095
2030-07-28 11:00:00,224196.72371765622,367499.33605451597,428246.20341709506,3220.6294442737117
2030-07-28 12:00:00,225452.44641453377,368992.86194719904,434668.23021705163,3645.8713653651007
2030-07-28 13:00:00,226708.1691114105,370486.387839881,441090.257017009,4304.238008714985
2030-07-28 14:00:00,227963.89180828715,371979.91373256285,447512.2838169658,5314.69395755702
2030-07-28 15:00:00,229219.61450516345,373473.4396252445,453934.3106169225,6400.009999974944
2030-07-28 16:00:00,229492.04296613016,374182.7364135689,460247.4597356542,6400.009999887792
2030-07-28 17:00:00,228182.17797218062,372435.66556096176,453265.3694279843,5255.688233282205
2030-07-28 18:00:00,226867.50620570238,370681.62406654266,445821.45596684545,4266.284840093949
2030-07-28 19:00:00,225552.67094716732,368926.6755816301,438445.19742670737,3438.3603659516048
2030-07-28 20:00:00,224246.16936545854,367185.61471493216,431093.4111052087,2698.6846918821184
2030-07-28 21:00:00,222938.28266608244,365437.5360707551,423926.18868778273,2026.8719206554965
2030-07-28 22:00:00,221639.2348644641,363705.6459794445,422076.2099886046,1607.6517498772403
2030-07-28 23:00:00,220405.04787094257,362314.18284465634,421900.470352198,1497.2336665285507
2030-07-29 00:00:00,219193.27216938854,361274.27213054034,421743.06762307126,1387.4280649283096
2030-07-29 01:00:00,217906.50467193095,359570.1429681248,421326.08879601944,1081.9807848675564
2030-07-29 02:00:00,216613.2080339144,357851.8571278606,420571.9038210235,342.80278185890353
2030-07-29 03:00:00,215373.96271152055,356395.72982844175,420398.57971666916,130.5744633285625
2030-07-29 04:00:00,215352.5225035013,356369.9427126814,420334.39544046513,4.0895258734963136e-08
2030-07-29 05:00:00,216608.24520032824,357863.46860531246,426756.4222403707,4.27859561114019e-08
2030-07-29 06:00:00,217863.96789720425,359356.9944979939,433178.4490403277,1078.131477946364
2030-07-29 07:00:00,219119.69059408066,360850.52039067575,439600.47584028525,1836.2934321873329
2030-07-29 08:00:00,220375.4132909579,362344.04628335853,446022.50264024216,2365.892339689626
2030-07-29 09:00:00,221631.1359878344,363837.5721760404,452444.5294401988,2817.731716060878
2030-07-29 10:00:00,222886.85868471098,365331.0980687224,458866.55624015525,3175.3976933683616
2030-07-29 11:00:00,224142.5813815876,366824.62396140455,465288.5830401117,3451.071386596318
2030-07-29 12:00:00,225398.3040784649,368318.14985408745,471710.6098400683,3754.97907068013
2030-07-29 13:00:00,226654.02677534154,369811.6757467694,478132.6366400258,4367.818816730558
2030-07-29 14:00:00,227909.7494722182,371305.2016394513,484554.663439983,5285.663177785352
2030-07-29 15:00:00,229165.47216909463,372798.7275321331,490976.69023994,6400.009999958476
2030-07-29 16:00:00,230421.1948659227,374292.25342476595,497398.71703984507,6400.009999959625
2030-07-29 17:00:00,229119.16094136293,372558.0030362544,491671.3269715241,5693.162909308165
2030-07-29 18:00:00,227810.20002852913,370812.5998613629,484404.4131613561,5140.654801692441
2030-07-29 19:00:00,226496.80718613026,369060.5841844776,477139.1861016517,4713.819488280326
2030-07-29 20:00:00,225188.22834814907,367317.1895745142,469855.8369355063,4339.146987895708
2030-07-29 21:00:00,223877.67012261704,365566.4069731495,462553.73116935027,4001.8429564023904
2030-07-29 22:00:00,222574.97967054468,363825.7452387536,455325.351572605,3698.8762704719625
2030-07-29 23:00:00,221274.05848480976,362088.4848691686,448093.4990377804,3403.826846618767
2030-07-30 00:00:00,219985.38910270555,360345.7200911989,440830.3377915759,3091.092979296913
2030-07-30 01:00:00,218692.99638655898,358592.2991607903,433658.316111316,2781.157499630494
2030-07-30 02:00:00,217401.4363526789,356841.3355462384,426457.8273152038,2468.0623554480526
2030-07-30 03:00:00,216109.01916068184,355090.77552599175,419220.68306872685,2140.5983608440556
2030-07-30 04:00:00,214813.93882188053,353340.62218635244,411918.0828388496,1769.216827571088
2030-07-30 05:00:00,213514.1800295177,351581.3918340789,404610.09440932906,1356.453729721716
2030-07-30 06:00:00,212218.8304144616,349829.13469951623,397390.14245367754,860.663285753123
2030-07-30 07:00:00,210930.92961373285,348087.76244165894,390562.89378478663,1.142194605563418e-07
2030-07-30 08:00:00,211137.11526198307,348247.30406213773,393100.3673130355,2.4859900804585777e-08
2030-07-30 09:00:00,212407.7792831782,349735.7642826304,399522.394112992,241.0128729942594
2030-07-30 10:00:00,213678.44330437412,351224.2245031241,405944.42091294867,1546.872247623427
2030-07-30 11:00:00,214949.10732557025,352712.6847236181,412366.4477129053,2495.416045722831
2030-07-30 12:00:00,216219.77134676717,354201.1449441129,418788.47451286216,3241.215362127014
2030-07-30 13:00:00,217490.43536796348,355689.6051646069,425210.50131281983,4049.990740584625
2030-07-30 14:00:00,218761.0993891597,357178.0653851008,431632.52811277716,5077.131558255937
2030-07-30 15:00:00,220031.76341035575,358666.52560559456,438054.5549127342,6400.009999958252
2030-07-30 16:00:00,221302.42743150346,360154.9858260395,444476.58171264,6400.0099999599415
2030-07-30 17:00:00,220017.75263543957,358419.01732842793,437848.88444606605,5619.515689339181
2030-07-30 18:00:00,218719.4557750408,356664.5565528851,430696.60608192853,5033.082501806452
2030-07-30 19:00:00,217417.98690060322,354906.30724489404,423179.28888244793,4501.869248379552
2030-07-30 20:00:00,216121.1318652661,353157.1560114241,415899.8852931768,4099.303448993293
2030-07-30 21:00:00,214824.5067675908,351401.730659992,408801.7196215657,3748.307063447325
2030-07-30 22:00:00,213536.41397898164,349656.7690166754,401706.3137399361,3426.752824915211
2030-07-30 23:00:00,212252.2415212633,347918.13942988886,394637.4167932176,3114.4955324686925
2030-07-31 00:00:00,210972.0533174148,346186.8196416086,387624.9002381388,2797.7921544941587
2030-07-31 01:00:00,209687.94317817767,344445.1374223435,380781.98083277274,2473.1330229180753
2030-07-31 02:00:00,208403.9067190592,342705.62441989547,373873.3162233078,2136.284216715698
2030-07-31 03:00:00,207118.54924953633,340966.4380973174,366894.276514179,1771.6455788841445
2030-07-31 04:00:00,205831.61201566472,339229.7040023353,359806.6719063126,1336.728138245024
2030-07-31 05:00:00,204539.51270218738,337482.3946103368,352736.1108740978,800.9333876678858
2030-07-31 06:00:00,203254.08873221467,335746.4832898519,346366.0693732912,1.1744790776006117e-07
2030-07-31 07:00:00,203457.40607564503,335899.3860849234,349820.2519524673,2.5193110245846014e-08
2030-07-31 08:00:00,204728.07009684094,337387.8463054173,356242.2787524241,240.5801575479028
2030-07-31 09:00:00,205998.7341180366,338876.30652591074,362664.3055523811,1566.9496737196955
2030-07-31 10:00:00,207269.39813923236,340364.7667464043,369086.3323523378,2298.4693128028293
2030-07-31 11:00:00,208540.06216042835,341853.22696689825,375508.3591522944,2902.0520635027433
2030-07-31 12:00:00,209810.72618162504,343341.68718739296,381930.38595225115,3387.0995105740135
2030-07-31 13:00:00,211081.39020282117,344830.1474078868,388352.4127522089,4028.426011280427
2030-07-31 14:00:00,212352.05422401725,346318.60762838065,394774.43955216627,4970.329429984339
2030-07-31 15:00:00,213622.7182452132,347807.06784887443,401196.4663521234,6400.009999957962
2030-07-31 16:00:00,214893.38226636095,349295.52806931996,407618.49315203005,6400.009999960343
2030-07-31 17:00:00,213615.6240014911,347575.23615671037,406057.71454984485,5772.83447945638
2030-07-31 18:00:00,212324.39481460818,345831.80333841394,399111.49896507186,5134.296211346429
2030-07-31 19:00:00,211024.84863853993,344075.9950713915,392099.1115910684,4637.132884015202
2030-07-31 20:00:00,209734.76730365836,342335.96489764616,385121.25812371226,4225.734835810436
2030-07-31 21:00:00,208444.68290877368,340590.0735085522,378163.3380250567,3861.4988194422012
2030-07-31 22:00:00,207161.06302581023,338853.325091338,371273.8331101805,3525.259308532578
2030-07-31 23:00:00,205881.88122469012,337124.0420050929,364447.5453286299,3201.9947353406833
2030-08-01 00:00:00,204608.87228052487,335404.6332712698,357989.66503425513,2887.9201695524644
2030-08-01 01:00:00,203331.20428081282,333674.2975867913,351668.55069147894,2561.747165956516
2030-08-01 02:00:00,202052.6472150219,331944.75436516164,345060.1670967382,2215.9892930392302
2030-08-01 03:00:00,200772.71065206456,330215.24919587007,338308.35933464085,1840.3329578905655
2030-08-01 04:00:00,199491.98288091298,328487.52347043576,331399.4316872752,1392.4269697716354
2030-08-01 05:00:00,198204.8321804306,326748.49696571135,324499.12857066,834.3655065957935
2030-08-01 06:00:00,196925.2202227608,325022.56039037666,318431.9613141249,1.2096148305018165e-07
2030-08-01 07:00:00,197130.15982307514,325177.510051896,320661.1774721617,6.249662234862522e-08
2030-08-01 08:00:00,198400.82384422323,326665.97027234186,327083.20427206904,4.25164488408149e-08
2030-08-01 09:00:00,199671.48786541907,328154.43049283547,333505.23107202636,1689.963714499897
2030-08-01 10:00:00,200942.15188661503,329642.8907133292,339927.25787198334,3231.341996819664
2030-08-01 11:00:00,202212.8159078111,331131.35093382315,346349.2846719403,4775.4240534092105
2030-08-01 12:00:00,203483.47992900774,332619.81115431763,352771.31147189747,6400.009999955279
2030-08-01 13:00:00,204754.1439501553,334108.2713747621,359193.3382718062,6400.00999993717
2030-08-01 14:00:00,204967.0275088703,334271.7479281326,362587.49112676375,6400.009999903563
2030-08-01 15:00:00,203693.30488745356,332551.35890630423,357033.8740908114,6400.009999571571
2030-08-01 16:00:00,202413.67640153682,330824.2402959357,350214.6612210276,6400.009999577163
2030-08-01 17:00:00,201122.76932844942,329082.7255610168,342856.6008788947,6400.009999998766
2030-08-01 18:00:00,199774.2387519882,327251.0486666119,334371.95720073546,4181.336503547383
2030-08-01 19:00:00,198425.70817552693,325419.37177220697,325887.3135225763,1980.2984599695328
2030-08-01 20:00:00,197077.1775990661,323587.69487780234,317402.66984441713,1.3174030755180866e-09
2030-08-01 21:00:00,195728.64702262983,321756.01798342244,308918.02616628417,1.8639639165485278e-08
2030-08-01 22:00:00,194441.82068813837,320016.32763019006,301608.58788917516,1.0051596365769817e-06
2030-08-01 23:00:00,193159.56256263785,318282.62797399174,294882.2469773113,1.3645106878128403e-06
2030-08-02 00:00:00,191879.5293080558,316554.8720915378,288167.36019433255,1.5538549566486938e-06
2030-08-02 01:00:00,190594.31613633555,314812.77455238806,281510.2839397555,1.6487284238791498e-06
2030-08-02 02:00:00,189309.51709882115,313072.9779843235,274772.5989403129,1.6763314064107127e-06
2030-08-02 03:00:00,188023.03802734092,311333.72547964595,268007.1738259925,1.6396199654632758e-06
2030-08-02 04:00:00,186731.67846155475,309591.6753350978,260096.3928778363,1.5373276449850936e-06
2030-08-02 05:00:00,185436.0137924016,307841.74950760533,252446.76300205762,1.3416280591240304e-06
2030-08-02 06:00:00,184146.41413210114,306099.76030626177,245548.26486491723,9.795917382957263e-07
2030-08-02 07:00:00,182870.41260952977,304378.27843274846,240432.6936577457,3.904273654269632e-08
2030-08-02 08:00:00,184141.07663067724,305866.7386531935,246854.7204576522,4.142039431079694e-08
2030-08-02 09:00:00,185411.74065187323,307355.19887368707,253276.74725760924,1336.1290507025822
2030-08-02 10:00:00,186682.40467306948,308843.6590941811,259698.77405756604,2355.1353185429225
2030-08-02 11:00:00,187953.06869426585,310332.1193146752,266120.8008575227,3098.617853354568
2030-08-02 12:00:00,189223.7327154627,311820.57953516993,272542.82765747956,3705.9010911514993
2030-08-02 13:00:00,190494.39673665882,313309.0397556636,278964.8544574371,4538.756806164699
2030-08-02 14:00:00,191765.06075785475,314797.49997615727,285386.88125739427,5703.803329534215
2030-08-02 15:00:00,193035.72477905007,316285.9601966503,291808.9080573512,6400.009999974673
2030-08-02 16:00:00,193253.84246626313,316471.54582087614,297556.24516836635,6400.0099998866435
2030-08-02 17:00:00,191964.11697063225,314730.31388748554,290804.07134925487,4284.977140590912
2030-08-02 18:00:00,190669.37547712697,312982.55003786966,283873.0475663821,2238.0593258073377
2030-08-02 19:00:00,189379.93020206253,311242.2074171195,277257.86939532467,1.1827887647086754e-07
2030-08-02 20:00:00,189565.14649016017,311358.6653310602,277397.81895583606,6.153686626930721e-08
2030-08-02 21:00:00,190835.8105113061,312847.12555150274,283819.84575574246,4.222823995831475e-08
2030-08-02 22:00:00,192106.47453250198,314335.5857719961,290241.8725556994,1470.485037560576
2030-08-02 23:00:00,193377.13855369805,315824.04599248985,296663.899355656,2604.261055546112
2030-08-03 00:00:00,194647.80257489468,317312.50621298427,303085.9261556129,3514.5456238092443
2030-08-03 01:00:00,195918.46659609064,318800.9664334777,309507.95295557054,4425.2602461085735
2030-08-03 02:00:00,197189.13061728654,320289.4266539712,315929.9797555278,5494.73323361693
2030-08-03 03:00:00,198459.79463848216,321777.8868744645,322352.0065554847,6400.009999952523
2030-08-03 04:00:00,199730.45865962922,323266.34709490946,328774.0333553904,3486.053628172192
2030-08-03 05:00:00,201001.1226807738,324754.8073153512,335196.0601552966,508.4494399995277
2030-08-03 06:00:00,202271.7867019192,326243.26753579435,341618.0869552039,4.913998027168626e-08
2030-08-03 07:00:00,203542.45072311466,327731.7277562876,348040.1137551616,1286.8172010080593
2030-08-03 08:00:00,204813.11474431102,329220.1879767819,354462.1405551187,2045.1128585201081
2030-08-03 09:00:00,206083.77876550678,330708.64819727535,360884.1673550755,2646.918161185902
2030-08-03 10:00:00,207354.4427867026,332197.1084177689,367306.19415503205,3078.932267947317
2030-08-03 11:00:00,208625.10680789867,333685.56863826263,373728.2209549885,3547.268576262324
2030-08-03 12:00:00,209895.77082909533,335174.02885875705,380150.24775494525,4098.943135061205
2030-08-03 13:00:00,211166.43485029138,336662.48907925055,386572.27455490275,5022.655563783494
2030-08-03 14:00:00,212437.09887148737,338150.94929974404,392994.30135485996,6400.009999957472
2030-08-03 15:00:00,213707.76289263417,339639.4095201878,399416.328154767,6400.009999938442
2030-08-03 16:00:00,213919.6509599321,339802.5361805009,400931.4230150219,6400.0099998834785
2030-08-03 17:00:00,212637.50099848828,338068.6000341138,394174.1231742383,5559.416617368153
2030-08-03 18:00:00,211343.38486664632,336319.5095441561,387242.07030254975,4992.084016984702
2030-08-03 19:00:00,210047.11228410987,334567.0685725138,380245.41865930567,4528.110688922036
2030-08-03 20:00:00,208760.44555379928,332829.88641723373,373402.31125227734,4145.583608146475
2030-08-03 21:00:00,207472.77042928652,331085.3823295163,366502.7417162293,3797.488048267225
2030-08-03 22:00:00,206191.20268837025,329349.5239727573,359632.4620653397,3471.5076662951915
2030-08-03 23:00:00,204913.14518950597,327619.85646885977,352793.91640948504,3153.003339784266
2030-08-04 00:00:00,203639.45858884894,325899.67591426865,346026.0830794673,2829.867139122225
2030-08-04 01:00:00,202359.41960004086,324164.9788574561,339358.35410244676,2494.0749491567913
2030-08-04 02:00:00,201080.72841125127,322434.2882615851,332643.974816277,2147.062624640241
2030-08-04 03:00:00,199803.84255285474,320708.6724845312,325920.7759618294,1778.0774655699697
2030-08-04 04:00:00,198530.50808104235,318991.26987227367,319138.26374039456,1355.563255894594
2030-08-04 05:00:00,197250.35236474528,317261.8391470395,312370.46049552015,833.2091309469317
2030-08-04 06:00:00,195976.37948003568,315543.9285664853,306034.11856782774,1.2068842640316403e-07
2030-08-04 07:00:00,196191.08499943872,315714.371873548,308999.0143755214,6.237430312576447e-08
2030-08-04 08:00:00,197461.7490205872,317202.83209399437,315421.04117542855,4.2450337712609524e-08
2030-08-04 09:00:00,198732.4130417831,318691.29231448803,321843.06797538564,1429.496035930975
2030-08-04 10:00:00,200003.07706297914,320179.7525349819,328265.09477534244,2560.364423205698
2030-08-04 11:00:00,201273.74108417527,321668.212755476,334687.1215752992,3559.9183994551786
2030-08-04 12:00:00,202544.40510537202,323156.67297597066,341109.1483752561,4579.664139999517
2030-08-04 13:00:00,203815.06912656807,324645.1331964644,347531.17517521384,5895.850487578667
2030-08-04 14:00:00,205085.73314776373,326133.5934169577,353953.20197517093,6400.009999974582
2030-08-04 15:00:00,205911.72808930112,327485.221061195,360305.1616330813,6400.0099998878195
2030-08-04 16:00:00,204646.57954180884,325780.81470486225,355262.03281730815,5680.489458130861
2030-08-04 17:00:00,203364.4646046895,324048.44292927475,348490.37916694453,5164.02525469644
2030-08-04 18:00:00,202074.77121723452,322307.9260310185,341656.3887939794,4741.877271442483
2030-08-04 19:00:00,200780.63423752884,320558.43985740934,333864.14425714617,4192.435611566694
2030-08-04 20:00:00,199495.2054067322,318825.98341075494,326753.0033078532,3853.305168572877
2030-08-04 21:00:00,198208.46092789184,317085.37231217907,320034.2520480072,3543.3526494385496
2030-08-04 22:00:00,196925.24955772093,315349.28268508875,313315.13994806045,3242.487947820182
2030-08-04 23:00:00,195646.21958874917,313619.40919505607,306553.62126947864,2946.622526678333
2030-08-05 00:00:00,194372.27726118197,311900.5187508712,299843.24667175347,2645.942111533469
2030-08-05 01:00:00,193094.36421160735,310169.3944333018,293288.962996277,2334.269370484563
2030-08-05 02:00:00,191818.22161046875,308442.94382886763,286682.4469545671,2011.8026077164336
2030-08-05 03:00:00,190542.86552640647,306720.327767963,280035.72995536646,1664.9208197330659
2030-08-05 04:00:00,189270.0577854783,305005.180979037,273311.21804227756,1262.1970325132838
2030-08-05 05:00:00,187992.9718968201,303281.2200096466,266617.21484730893,773.0309896654901
2030-08-05 06:00:00,186721.7334563493,301569.085623033,260706.29757991657,1.2160764203870095e-07
2030-08-05 07:00:00,186935.0553056028,301738.5903373713,262449.67168719013,6.226374382935092e-08
2030-08-05 08:00:00,188205.71932675093,303227.0505578177,268871.6984870973,4.208523857328631e-08
2030-08-05 09:00:00,189476.3833479468,304715.5107783114,275293.7252870545,1460.926946622258
2030-08-05 10:00:00,190747.04736914282,306203.9709988055,281715.7520870115,2482.996937868046
2030-08-05 11:00:00,192017.71139033898,307692.4312192998,288137.7788869684,3268.702278025196
2030-08-05 12:00:00,193288.3754115357,309180.89143979456,294559.80568692565,3964.2991571330726
2030-08-05 13:00:00,194559.03943273175,310669.35166028846,300981.8324868836,4960.089176450361
2030-08-05 14:00:00,195829.70345392774,312157.8118807823,307403.8592868411,6400.009999957276
2030-08-05 15:00:00,197100.36747507512,313646.2721012275,313825.8860867485,6400.009999938049
2030-08-05 16:00:00,197313.92113109317,313814.7623086956,314454.87159669725,6400.009999880869
2030-08-05 17:00:00,196037.2731204177,312093.17607456376,307750.80689391156,5971.274158206402
2030-08-05 18:00:00,194749.0900454869,310357.80995559,300799.70593015954,5713.045253683214
2030-08-05 19:00:00,193445.97286816098,308590.7672316741,292529.30948447075,3593.306911012304
2030-08-05 20:00:00,192159.58106338524,306858.0992207644,284742.74970393284,3396.600843274282
2030-08-05 21:00:00,190875.54910326813,305124.0274004012,277921.4811862205,3221.6303646142674
2030-08-05 22:00:00,189596.9440113947,303395.64275688695,271237.16230078525,3049.7957665579306
2030-08-05 23:00:00,188324.85416270242,301676.83847891074,264505.7749857033,2884.1324997936717
2030-08-06 00:00:00,187038.18135142227,299955.077658037,257791.72312572697,2714.9950461042185
2030-08-06 01:00:00,185746.04354005156,298219.647581336,251207.60303370978,2543.8436260781364
2030-08-06 02:00:00,184453.2120145424,296485.4871407405,244562.33712571795,2367.978099965168
2030-08-06 03:00:00,183157.80859172656,294750.4347190778,237930.78165261596,2183.731702164807
2030-08-06 04:00:00,181858.39867593738,293014.8223940355,230216.24285124196,1974.9486690850272
2030-08-06 05:00:00,180540.72432598058,291243.2598470818,221972.18241414274,1222.7784092319732
2030-08-06 06:00:00,179237.48540501835,289500.2742583817,215186.5789081105,990.168811669132
2030-08-06 07:00:00,177945.05587098916,287770.4392330297,208611.4045422154,702.2952668670976
2030-08-06 08:00:00,176666.03970159174,286060.6997614383,202293.911484799,330.6499031734987
2030-08-06 09:00:00,175407.932363527,284402.51837431337,201827.13361799897,2.0217896690155612e-07
2030-08-06 10:00:00,175613.14778866165,284573.84742895386,204565.4267608133,526.2248411921239
2030-08-06 11:00:00,175912.27139164653,285179.3082051319,210852.70182787493,3222.042990586725
2030-08-06 12:00:00,176158.54582029922,285472.4716726266,217044.12524532192,5234.772363636783
2030-08-06 13:00:00,176370.8926104755,285653.211629987,222415.0034209538,5675.430057783983
2030-08-06 14:00:00,176581.28375204763,285831.3108739063,226684.6885461118,6400.009999857863
2030-08-06 15:00:00,175305.81705902875,284126.5016039891,224060.8102067266,6400.0099995574
2030-08-06 16:00:00,174020.26137718637,282407.18256420596,217269.9359411647,6400.009999568964
2030-08-06 17:00:00,172722.30480004428,280672.2599798415,210432.04661221377,6400.009999998844
2030-08-06 18:00:00,171356.74433961217,278832.41706837155,201947.40293405458,3697.714849061025
2030-08-06 19:00:00,169991.18387918003,276992.57415690157,193462.7592558954,924.1141775612623
2030-08-06 20:00:00,168625.62341874832,275152.7312454319,184978.11557773617,1.3596945791505277e-09
2030-08-06 21:00:00,167325.16687303173,273410.85614732635,177733.45939448764,9.798104656510986e-07
2030-08-06 22:00:00,166031.93940793365,271676.81840317714,170912.18761196942,1.3361416475057303e-06
2030-08-06 23:00:00,164744.78919093122,269952.07430758345,164004.15274316166,1.5305841649964406e-06
2030-08-07 00:00:00,163463.5746687125,268236.89065224776,157155.85030387397,1.6309734076379288e-06
2030-08-07 01:00:00,162178.528514788,266512.42492253205,150519.80193696942,1.6589216671697283e-06
2030-08-07 02:00:00,160895.95489543298,264793.5852969586,143887.3994242804,1.6240763360924051e-06
2030-08-07 03:00:00,159615.2569931834,263079.8666377055,137589.2420440672,1.519274811239149e-06
2030-08-07 04:00:00,158334.51081672826,261369.02044833716,130900.01574774981,1.3167661199009793e-06
2030-08-07 05:00:00,157046.02693023006,259645.94145686517,124457.7331910398,9.561810974481001e-07
2030-08-07 06:00:00,156366.32804489534,259465.5803333793,124341.59578132557,4.052083538478559e-08
2030-08-07 07:00:00,157619.9621820696,260945.87453675683,130763.6225812334,4.23758078851241e-08
2030-08-07 08:00:00,158873.59631929483,262426.16874018573,137185.64938119033,568.495616560763
2030-08-07 09:00:00,160127.2304565196,263906.462943614,143607.67618114722,1791.3181514074402
2030-08-07 10:00:00,161380.86459374428,265386.75714704226,150029.70298110385,2362.861415496487
2030-08-07 11:00:00,162634.49873096924,266867.0513504709,156451.7297810602,2911.355946979867
2030-08-07 12:00:00,163888.13286819478,268347.3455539001,162873.7565810167,3340.21113309767
2030-08-07 13:00:00,165141.76700541965,269827.6397573283,169295.78338097403,3828.9803131954786
2030-08-07 14:00:00,166395.40114264446,271307.9339607566,175717.81018093097,4555.975695062689
2030-08-07 15:00:00,167649.0352798691,272788.2281641847,182139.83698088783,5569.883331960755
2030-08-07 16:00:00,168902.66941709386,274268.5223676133,188561.86378084452,6400.009999956967
2030-08-07 17:00:00,170156.30355426663,275748.8165709888,194983.89058074995,6400.009999919275
2030-08-07 18:00:00,170352.9383525638,275909.2353937627,200208.2671071604,3185.2079469739547
2030-08-07 19:00:00,170554.89256449323,276081.32537794847,206033.02609910877,8.084316505119205e-08
2030-08-07 20:00:00,171808.52670166804,277561.61958132696,212455.05289901458,4.2558895074762404e-08
2030-08-07 21:00:00,173062.16083889193,279041.9137847541,218877.07969897107,387.11350846801326
2030-08-07 22:00:00,174315.79497611668,280522.20798818226,225299.10649892746,1758.8173326125536
2030-08-07 23:00:00,175569.42911334152,282002.5021916106,231721.1332988838,2545.8032334258396
2030-08-08 00:00:00,176823.06325056692,283482.79639503954,238143.1600988402,2918.7141277620203
2030-08-08 01:00:00,178076.69738779156,284963.0905984675,244565.1868987974,3142.0925607762874
2030-08-08 02:00:00,179330.3315250162,286443.38480189553,250987.2136987542,3330.1775680349247
2030-08-08 03:00:00,180583.9656622407,287923.67900532373,257409.2404987108,3439.3111723526404
2030-08-08 04:00:00,181837.59979946562,289403.9732087524,263831.2672986673,3219.0836308045523
2030-08-08 05:00:00,183091.23393668956,290884.26741217996,270253.29409862385,2849.529765253952
2030-08-08 06:00:00,184344.8680739137,292364.5616156078,276675.3208985804,2901.8630376758956
2030-08-08 07:00:00,185598.50221113808,293844.85581903585,283097.34769853746,2924.971067396743
2030-08-08 08:00:00,186852.13634836342,295325.150022465,289519.374498494,2958.723091635159
2030-08-08 09:00:00,188105.77048558815,296805.4442258932,295941.40129845054,3130.107342011165
2030-08-08 10:00:00,189359.40462281284,298285.73842932144,302363.4280984067,3220.7374087293256
2030-08-08 11:00:00,190613.0387600377,299766.03263274994,308785.4548983628,3332.3900370540705
2030-08-08 12:00:00,191866.67289726314,301246.3268361791,315207.481698319,3439.8162873622487
2030-08-08 13:00:00,193120.30703448804,302726.62103960745,321629.50849827623,3736.8384871067337
2030-08-08 14:00:00,194373.9411717129,304206.9152430357,328051.535298233,4246.027672760429
2030-08-08 15:00:00,195627.5753089376,305687.209446464,334473.5620981894,5072.816120030409
2030-08-08 16:00:00,196881.2094461627,307167.5036498927,340895.5888981459,6400.009999957546
2030-08-08 17:00:00,198134.84358333625,308647.7978532694,347317.6156980515,6400.0099999340855
2030-08-08 18:00:00,198329.9863586293,308803.44221899164,350310.2917460839,6400.009999762597
2030-08-08 19:00:00,198455.23049580352,308853.3694223664,350310.2917459862,4151.739175180357
2030-08-08 20:00:00,198580.474632983,308903.2966257479,350310.291745887,2580.4062579577776
2030-08-08 21:00:00,198777.2179183853,309054.0665320707,352017.395027092,2675.024193221163
2030-08-08 22:00:00,199550.19592721394,310363.3364685314,358346.2774302979,3501.7153535712423
2030-08-08 23:00:00,200347.8118674289,311683.5615847617,364676.42543845094,4371.018838660829
2030-08-09 00:00:00,201227.15954094648,313030.1148343556,371014.8784538403,5712.587070534248
2030-08-09 01:00:00,201594.6644340545,314057.816493152,377330.8442005163,6164.895187421872
2030-08-09 02:00:00,201806.28778745208,314236.4996851812,382139.07145117165,6400.009999797162
2030-08-09 03:00:00,201831.2095303278,314204.5085980439,382070.0481175412,6278.348351584692
2030-08-09 04:00:00,200549.86793339025,312497.8934320387,377436.1007923697,3257.521390954898
2030-08-09 05:00:00,199258.35997643176,310771.386396919,371575.64876156015,201.9163569083784
2030-08-09 06:00:00,198936.1328933517,310631.0638393986,371468.17583100847,4.217713586758806e-08
2030-08-09 07:00:00,200189.76703052517,312111.35804277554,377890.20263091614,4.251434851667694e-08
2030-08-09 08:00:00,201443.40116775036,313591.6522462046,384312.2294308732,1230.7753315545415
2030-08-09 09:00:00,202697.035304975,315071.9464496328,390734.25623083,2287.9008389800233
2030-08-09 10:00:00,203950.66944219964,316552.24065306113,397156.2830307865,2938.088449424963
2030-08-09 11:00:00,205204.30357942445,318032.53485648974,403578.3098307429,3541.432804487879
2030-08-09 12:00:00,206457.93771664982,319512.82905991893,410000.3366306996,4225.498728039027
2030-08-09 13:00:00,207711.57185387454,320993.12326334725,416422.36343065713,5236.529407053608
2030-08-09 14:00:00,208965.20599109904,322473.41746677534,422844.3902306144,6400.009999957312
2030-08-09 15:00:00,210218.840128274,323953.7116701538,429266.4170305209,6400.009999937791
2030-08-09 16:00:00,210427.43628517183,324136.98570551485,432332.51991235005,6400.009999884394
2030-08-09 17:00:00,209137.59573778114,322411.26942989073,425375.6239845761,5576.39579814004
2030-08-09 18:00:00,207840.77859038545,320676.41572582774,418234.5705101772,5045.879959075548
2030-08-09 19:00:00,206540.04682114348,318935.23996364104,411131.9819909059,4620.912934685838
2030-08-09 20:00:00,205252.5358607075,317215.66762322804,404074.3036249192,4261.108139911444
2030-08-09 21:00:00,203963.22213783136,315486.2385287506,397024.3432324844,3937.041022557238
2030-08-09 22:00:00,202677.7747490761,313763.11529753177,389982.91777854867,3630.430105481734
2030-08-09 23:00:00,201395.29072635615,312045.648023912,382960.77486741927,3331.8836670276014
2030-08-10 00:00:00,200117.03756621244,310335.82543210546,375995.45538459934,3030.710881421925
2030-08-10 01:00:00,198833.5895164654,308612.7913697899,369154.64288516867,2728.5211616613415
2030-08-10 02:00:00,197548.31567318967,306889.4942646128,362202.37620514963,2416.1234936856226
2030-08-10 03:00:00,196260.489810959,305164.8815929444,355170.70639894495,2086.145984062017
2030-08-10 04:00:00,194970.0531294682,303441.9769624755,348035.3216847674,1713.9777129409479
2030-08-10 05:00:00,193668.9681701317,301699.82406387513,340832.5603943302,1280.5502513639854
2030-08-10 06:00:00,192378.7839913447,299973.9008897842,333840.5406527956,771.2025543217511
2030-08-10 07:00:00,191099.24637028217,298266.0012707357,329432.4229932021,1.1643714969977736e-07
2030-08-10 08:00:00,191314.20479615376,298462.2637402916,334050.55259018356,6.276320618781028e-08
2030-08-10 09:00:00,192567.83893332825,299942.5579436694,340472.57939008967,4.302600071202207e-08
2030-08-10 10:00:00,193821.47307055249,301422.85214709735,346894.6061900461,1125.6017650551507
2030-08-10 11:00:00,195075.1072077772,302903.14635052596,353316.6329900028,2962.7576241577262
2030-08-10 12:00:00,196328.7413450024,304383.44055395504,359738.6597899595,4675.375734189157
2030-08-10 13:00:00,197582.37548222684,305863.734757383,366160.68658991705,6188.532690420753
2030-08-10 14:00:00,198836.0096194509,307344.0289608107,372582.7133898738,6400.009999956744
2030-08-10 15:00:00,200089.6437566249,308824.3231641881,379004.7401897798,6400.009999959125
2030-08-10 16:00:00,198964.7162078715,308010.481676804,378801.9421711737,6174.9177659373445
2030-08-10 17:00:00,197674.2663177929,306282.59388487146,371829.1699485123,5407.149379049262
2030-08-10 18:00:00,196375.47347187242,304544.0984589024,364746.00304673915,4864.351359355049
2030-08-10 19:00:00,195077.75036486596,302806.38971164264,357780.49501322996,4423.370630920096
2030-08-10 20:00:00,193794.97701308725,301092.57582864363,350886.4476252976,4045.7885563519435
2030-08-10 21:00:00,192510.97244040665,299369.44316513033,344076.41078377113,3706.93231907475
2030-08-10 22:00:00,191232.93477734402,297656.54569550237,337543.41074488783,3395.2439504561657
2030-08-10 23:00:00,189955.26097190788,295945.8866880514,330834.8123607879,3077.731800536956
2030-08-11 00:00:00,188682.48172000406,294244.1335245726,324250.4766674674,2756.9687715759665
2030-08-11 01:00:00,187402.43022946868,292526.21437154984,317726.07793147914,2421.8944811699657
2030-08-11 02:00:00,186121.7310183976,290810.000139045,311043.2581664092,2068.0326078971757
2030-08-11 03:00:00,184840.285740561,289095.34017941763,304271.7377139051,1681.6385181278301
2030-08-11 04:00:00,183560.91891285055,287387.2473350181,297379.1245201216,1220.4171409605942
2030-08-11 05:00:00,182274.79435481745,285666.1387603083,290565.3418036607,629.3267308510839
2030-08-11 06:00:00,181002.9369948985,283973.60571679554,289156.6900655882,1.1725470714504176e-07
2030-08-11 07:00:00,181326.28667814366,284730.3473537979,295456.95913725795,2.561182459813957e-08
2030-08-11 08:00:00,182579.92081536856,286210.6415572267,301878.98593721475,592.0999667994869
2030-08-11 09:00:00,183833.55495259305,287690.9357606549,308301.0127371716,1775.3942301857528
2030-08-11 10:00:00,185087.18908981766,289171.2299640833,314723.0395371281,2579.141437110202
2030-08-11 11:00:00,186340.8232270424,290651.5241675119,321145.0663370844,3209.0389791565212
2030-08-11 12:00:00,187594.4573642677,292131.81837094127,327567.093137041,3825.501268165615
2030-08-11 13:00:00,188848.09150149237,293612.11257436953,333989.11993699847,4706.26813487916
2030-08-11 14:00:00,190101.72563871698,295092.40677779785,340411.1467369556,5934.41430349198
2030-08-11 15:00:00,191355.35977594103,296572.7009812256,346833.17353691225,6400.009999974591
2030-08-11 16:00:00,191635.18985272077,296989.2802681345,353035.48951615836,6400.009999886957
2030-08-11 17:00:00,190353.43742035684,295275.16218358174,347398.36366599094,5576.36962093109
2030-08-11 18:00:00,189064.484225662,293550.1586325683,340538.4070073744,4985.979580273961
2030-08-11 19:00:00,187776.35842741054,291825.24612448236,333801.5674123243,4528.566483407166
2030-08-11 20:00:00,186498.30826148082,290117.5051374791,327109.9762977765,4132.939167603263
2030-08-11 21:00:00,185216.79649289258,288397.63133687165,320457.48618146795,3777.740400751444
2030-08-11 22:00:00,183938.99062405177,286684.4745500807,313941.484016721,3446.077751745473
2030-08-11 23:00:00,182663.0911577864,284975.9708897808,307404.3023963333,3118.4180925355668
2030-08-12 00:00:00,181391.00737094317,283275.50879631884,300887.16461297736,2781.6409856124365
2030-08-12 01:00:00,180112.5852836296,281558.88401287457,294479.59520596726,2432.355711178211
2030-08-12 02:00:00,178834.19285508618,279844.8580934129,287917.90572450886,2063.798007627127
2030-08-12 03:00:00,177555.8162715494,278133.4426963736,281263.4265243075,1660.7814781390648
2030-08-12 04:00:00,176280.20223245682,276429.54873454233,274469.00294904114,1175.4389416576946
2030-08-12 05:00:00,174998.7571741275,274713.5747768852,267797.5291985505,539.0272551959017
2030-08-12 06:00:00,173737.88867744504,273042.89629709086,267017.814456895,1.1720697786210877e-07
2030-08-12 07:00:00,174206.19153553335,274216.3803343662,273344.1439737806,2.562444707931623e-08
2030-08-12 08:00:00,175459.82567275834,275696.6745377951,279766.1707737372,479.5539589477256
2030-08-12 09:00:00,176713.45980998303,277176.96874122333,286188.19757369393,1886.4997716653565
2030-08-12 10:00:00,177967.09394720776,278657.26294465177,292610.22437365033,2964.5071218482803
2030-08-12 11:00:00,179220.72808443254,280137.5571480804,299032.2511736066,3873.7432114565418
2030-08-12 12:00:00,180474.36222165774,281617.85135150945,305454.2779735632,4661.84669593478
2030-08-12 13:00:00,181727.99635888226,283098.14555493754,311876.3047735205,5787.74547304412
2030-08-12 14:00:00,182981.63049610655,284578.4397583654,318298.3315734772,6400.00999995729
2030-08-12 15:00:00,184235.26463328087,286058.7339617432,324720.35837338265,6400.00999993761
2030-08-12 16:00:00,184421.15982339505,286193.2330095069,324930.11812095647,6400.0099998825635
2030-08-12 17:00:00,183136.03768799425,284472.2499024421,318130.7295287421,5067.027349334623
2030-08-12 18:00:00,181842.42848656798,282740.1776060168,311145.8212927965,4087.154829906715
2030-08-12 19:00:00,180554.04813864428,281014.4071285306,304345.83219435083,3268.7695931618
2030-08-12 20:00:00,179279.68368598775,279310.94489026984,297759.14002748067,2536.926322340615
2030-08-12 21:00:00,178007.77287304075,277605.3703275213,293284.1487628379,1954.1654602276121
2030-08-12 22:00:00,178133.0170103547,277655.29753103666,293284.1487628779,2688.390187228995
2030-08-12 23:00:00,178258.26114767065,277705.22473455383,293284.14876292,4563.312747846664
2030-08-13 00:00:00,177000.53888765493,276054.7066231689,292648.75131532364,4270.281376261177
2030-08-13 01:00:00,175716.58763156531,274342.91455176723,290153.30819397885,3799.989073138619
2030-08-13 02:00:00,174428.72650297434,272626.55769084,285015.4133910356,3274.4045383432995
2030-08-13 03:00:00,173135.62557335172,270903.9609943609,278465.5346573786,2662.289734866935
2030-08-13 04:00:00,171838.78138640634,269181.187491753,271554.0161956484,1923.5829995593554
2030-08-13 05:00:00,170533.23336275457,267441.55928169866,264614.6522586639,1020.3552691974201
2030-08-13 06:00:00,169238.1168764658,265720.265856532,260575.15631757083,1.1671942815663269e-07
2030-08-13 07:00:00,169541.62667273477,266390.58004511753,266856.2632429161,2.5456580305347012e-08
2030-08-13 08:00:00,170779.74790705796,267859.71894648107,273278.29004287283,878.5800620914086
2030-08-13 09:00:00,172017.86914138088,269328.857847844,279700.31684282946,1992.1056449537266
2030-08-13 10:00:00,173255.99037570404,270797.99674920726,286122.3436427858,2778.8602848490973
2030-08-13 11:00:00,174494.1116100273,272267.1356505707,292544.37044274196,3412.891511661861
2030-08-13 12:00:00,175732.23284435095,273736.2745519348,298966.3972426984,4030.4856284471034
2030-08-13 13:00:00,176970.354078674,275205.4134532978,305388.4240426557,5003.238972149194
2030-08-13 14:00:00,178208.4753129968,276674.55235466076,311810.4508426126,6400.009999957478
2030-08-13 15:00:00,179446.59654726952,278143.69125597354,318232.4776425188,6400.009999938015
2030-08-13 16:00:00,179641.70849916013,278314.13212581933,320813.4760128866,6400.009999883271
2030-08-13 17:00:00,178337.03164104515,276576.7063733593,313988.2178834768,4319.51621995043
2030-08-13 18:00:00,177027.54699322072,274832.875335307,307019.4461813317,2386.9899919888812
2030-08-13 19:00:00,175725.4997892924,273099.0539676574,300394.4284609006,311.82602091083663
2030-08-13 20:00:00,174558.02544121078,271880.67901336134,300157.58394044667,1.1689553502947092e-07
2030-08-13 21:00:00,174860.94508496037,272418.64282588486,306395.53304055426,7.497101250919513e-08
2030-08-13 22:00:00,176099.06631923362,273887.7817271975,312817.55984045926,2448.241940399537
2030-08-13 23:00:00,177337.18755350716,275356.92062851065,319239.586640364,4805.370474164253
2030-08-14 00:00:00,178575.3087877813,276826.0595298248,325661.613440269,6400.009999914884
2030-08-14 01:00:00,178784.8060573822,277007.22948281036,331008.8470570277,6400.009999604552
2030-08-14 02:00:00,178967.01275830908,277142.0651974434,331412.37440202414,6400.009999856171
2030-08-14 03:00:00,177685.13361315813,275439.9396707184,329481.4775444143,5118.146065510968
2030-08-14 04:00:00,176394.783205805,273726.64715213556,322837.3465116047,3274.3956780309336
2030-08-14 05:00:00,175092.62370840425,271992.0902060258,316049.35456501023,1361.7802200079018
2030-08-14 06:00:00,173802.8015249032,270279.67865911924,313838.2703931222,1.1748438378878742e-07
2030-08-14 07:00:00,174108.05656191547,270931.85248381045,320116.7835724661,2.5554126292086526e-08
2030-08-14 08:00:00,175346.17779623845,272400.9913851737,326538.8103724228,461.9164271229898
2030-08-14 09:00:00,176584.2990305613,273870.1302865366,332960.8371723794,1734.1741983300662
2030-08-14 10:00:00,177822.42026488442,275339.26918789983,339382.86397233576,2673.7187922902785
2030-08-14 11:00:00,179060.54149920764,276808.4080892633,345804.890772292,3422.788243196171
2030-08-14 12:00:00,180298.66273353132,278277.54699062725,352226.91757224844,4147.179324283835
2030-08-14 13:00:00,181536.78396785437,279746.6858919902,358648.94437220576,5211.343462586078
2030-08-14 14:00:00,182774.90520217697,281215.824793353,365070.9711721628,6400.009999957742
2030-08-14 15:00:00,184013.02643644897,282684.963694665,371492.9979720688,6400.009999959632
2030-08-14 16:00:00,183230.44168795375,282421.9878610604,371337.7882401876,6178.1438205588665
2030-08-14 17:00:00,181928.33893986343,280687.50476939563,364609.53658823704,3964.0987656016346
2030-08-14 18:00:00,180626.80053137013,278954.4535476654,357850.9428873821,1883.6876923093575
2030-08-14 19:00:00,179336.48128310285,277237.60269737337,353727.2222988967,2.02609044208657e-07
2030-08-14 20:00:00,179533.4301234084,277405.89557855926,354769.85188909364,332.84078548992716
2030-08-14 21:00:00,179806.3881834092,277768.130145728,360968.3698358213,1410.7787800373933
2030-08-14 22:00:00,180178.11358671883,278610.36983810546,367245.1957814315,3740.1207412665935
2030-08-14 23:00:00,180515.32258539397,279262.366745784,373497.7330153781,5753.364102737163
2030-08-15 00:00:00,180733.1002367288,279466.9349466697,378442.68227984576,6059.704778086125
2030-08-15 01:00:00,180917.80504258495,279601.6031736903,378875.88027479406,6400.009999795791
2030-08-15 02:00:00,179645.42234781908,277913.1522420116,377728.63448375737,5478.142391326842
2030-08-15 03:00:00,178358.92917861455,276200.2655472965,371880.25887080433,4266.7420532948645
2030-08-15 04:00:00,177068.70523819918,274486.343681339,365155.91905564436,2978.9293731334556
2030-08-15 05:00:00,175766.0946084949,272750.81515481125,358340.51400761714,1583.0985752113727
2030-08-15 06:00:00,174472.3538763223,271029.7565663786,352438.16053894156,1.181793170784905e-07
2030-08-15 07:00:00,174665.94680956856,271192.4645929557,356007.9219621431,2.5290625673656765e-08
2030-08-15 08:00:00,175904.06804389146,272661.603494319,362429.94876209955,186.431323509615
2030-08-15 09:00:00,177142.18927821444,274130.742395682,368851.9755620563,1574.7527040097195
2030-08-15 10:00:00,178380.31051253772,275599.88129704545,375274.0023620128,2613.945989961231
2030-08-15 11:00:00,179618.43174686114,277069.0201984091,381696.02916196914,3477.8648058953936
2030-08-15 12:00:00,180856.55298118503,278538.15909977315,388118.0559619257,4329.204351544501
2030-08-15 13:00:00,182094.67421550822,280007.2980011363,394540.0827618831,5560.976407730275
2030-08-15 14:00:00,183332.7954498309,281476.43690249906,400962.1095618401,6400.009999974677
2030-08-15 15:00:00,183657.9455727196,282154.16074726154,407214.8513429797,6400.009999887871
2030-08-15 16:00:00,182373.74741639392,280447.1503585559,401037.45073385537,5605.563931249911
2030-08-15 17:00:00,181065.83456665376,278702.196999526,394146.42315040267,5055.8201447001775
2030-08-15 18:00:00,179753.71381156257,276952.784372084,387228.61471811304,4601.176821797917
2030-08-15 19:00:00,178448.83364035966,275211.68973521166,380573.4496009633,4210.994796808775
2030-08-15 20:00:00,177164.3508094634,273500.90065855085,374100.5687019117,3871.1922271015114
2030-08-15 21:00:00,175879.36641909758,271781.3599945228,367925.0223470781,3563.283874867737
2030-08-15 22:00:00,174603.99194357442,270078.7726367623,364317.46446416434,3295.761916108618
2030-08-15 23:00:00,173330.74071405007,268380.756779803,360686.7897711257,3027.392801069473
2030-08-16 00:00:00,172060.10652199757,266688.0995515627,356259.53822391335,2742.5736557064947
2030-08-16 01:00:00,170782.15170751474,264978.9315396624,351863.5037890861,2449.1543169472916
2030-08-16 02:00:00,169502.69537953264,263270.2209404668,346588.01180191385,2137.0933796347845
2030-08-16 03:00:00,168219.5004532252,261558.72205247483,340530.9877036585,1788.7410634329071
2030-08-16 04:00:00,166933.6123638186,259848.5991919432,333999.7761775635,1365.6800123401727
2030-08-16 05:00:00,165633.5977619129,258115.3064062179,327366.1688538418,822.5849567898715
2030-08-16 06:00:00,164343.03863182635,256397.40315303663,321788.48684161686,1.1773229845230672e-07
2030-08-16 07:00:00,164541.2312921622,256567.3934185404,326481.0190568279,2.533378765698164e-08
2030-08-16 08:00:00,165779.35252648528,258036.53231990378,332903.04585678474,484.1253786726609
2030-08-16 09:00:00,167017.47376080815,259505.67122126673,339325.0726567414,1687.4864543582612
2030-08-16 10:00:00,168255.59499513128,260974.81012263,345747.09945669794,2495.3602286197793
2030-08-16 11:00:00,169493.71622945459,262443.9490239936,352169.12625665456,3099.1134690324598
2030-08-16 12:00:00,170731.83746377839,263913.0879253578,358591.15305661125,3594.740360957623
2030-08-16 13:00:00,171969.95869810155,265382.226826721,365013.1798565688,4291.06085260869
2030-08-16 14:00:00,173208.07993242465,266851.36572808423,371435.206656526,5288.361104378701
2030-08-16 15:00:00,174446.20116674728,268320.5046294471,377857.23345648294,6400.00999997495
2030-08-16 16:00:00,174654.25772286483,268514.98201248987,382909.50974756735,6400.009999886191
2030-08-16 17:00:00,173356.74266413396,266788.4149621485,376648.7869272187,4233.486068071359
2030-08-16 18:00:00,172057.80572919382,265060.48342964647,370250.98485816456,2232.54296640662
2030-08-16 19:00:00,170768.6992888653,263345.50415119616,365277.2324479137,261.25770455879365
2030-08-16 20:00:00,169836.02168168293,262968.31383409334,365106.79821619805,2.013493940467015e-07
2030-08-16 21:00:00,170044.85348356215,263147.45911036327,368775.8862981534,1748.625591909773
2030-08-16 22:00:00,170245.41245885086,263312.5409201823,369816.59301669215,2430.4560729828945
2030-08-16 23:00:00,170462.4242408164,263508.2091188811,373964.9645980479,3712.7019543917104
2030-08-17 00:00:00,170684.9491325078,263717.79660536844,378483.84509449033,5145.049110069399
2030-08-17 01:00:00,170891.35648929724,263887.22468858474,379924.0489037398,6400.00999982454
2030-08-17 02:00:00,169723.28537179093,262513.31582360575,379669.36502476636,6400.009998737275
2030-08-17 03:00:00,168450.53907326856,260816.71642655708,375374.5252316046,6400.009998265489
2030-08-17 04:00:00,167175.72811013696,259118.18866467406,369193.49493546796,6400.009997962478
2030-08-17 05:00:00,165887.43462016562,257399.79616471427,362841.1408318429,6400.009997754595
2030-08-17 06:00:00,164598.04884673964,255681.0963080007,356536.14152674156,6400.009997614014
2030-08-17 07:00:00,163308.83215851578,253962.093116169,350431.91519401694,6400.0099975230905
2030-08-17 08:00:00,162032.35889987278,252261.90572576725,344486.41216849885,6400.009997479097
2030-08-17 09:00:00,160755.96912625345,250558.57171493254,339964.8657471187,6400.0099974829345
2030-08-17 10:00:00,159482.7888825554,248861.45135469898,336412.16510014265,6400.0099975289695
2030-08-17 11:00:00,158239.47752593755,247226.57597494678,335836.541762241,6400.009997621022
2030-08-17 12:00:00,158075.34470756285,247093.44692327373,335708.48493229545,6400.009997747474
2030-08-17 13:00:00,157016.2448616259,246400.10062069874,335521.73314317653,6400.009997947483
2030-08-17 14:00:00,155752.37033623655,244711.69813704176,333524.6712910693,6400.009998263428
2030-08-17 15:00:00,154479.2400001604,243008.61032234208,327686.6239498722,6400.009998766418
2030-08-17 16:00:00,153198.01179423014,241300.30726808505,321109.80564961577,6400.009999999052
2030-08-17 17:00:00,151816.9384308962,239449.30905454978,312625.16197145655,6331.639382757071
2030-08-17 18:00:00,150435.86506756226,237598.31084101455,304140.5182932972,4257.254839182457
2030-08-17 19:00:00,149054.79170422835,235747.31262747932,295655.87461513793,2572.217050893835
2030-08-17 20:00:00,147673.71834089467,233896.31441394432,287171.2309369787,992.8364741156317
2030-08-17 21:00:00,146292.64497756076,232045.31620040906,278686.58725881955,1.3092176232021302e-09
2030-08-17 22:00:00,144911.5716142525,230194.31798689964,270201.9435806874,1.9499718324210402e-08
2030-08-17 23:00:00,143620.04008186673,228470.04821753633,262975.06714116846,9.439190762350336e-07
2030-08-18 00:00:00,142338.10943266138,226763.03628802122,256784.61477190998,1.2676091198276995e-06
2030-08-18 01:00:00,141047.8028972501,225035.34415053873,250671.8977904786,1.4247810209280306e-06
2030-08-18 02:00:00,139758.5985396872,223311.47548771568,244415.93988532596,1.4927428957000524e-06
2030-08-18 03:00:00,138468.7591861848,221589.8022392867,238047.7227066126,1.4879427926387022e-06
2030-08-18 04:00:00,137179.3922516068,219875.4194368055,231530.3964447695,1.4055647528788975e-06
2030-08-18 05:00:00,135882.49636667292,218146.43743702435,225029.64965396028,1.2335791782723833e-06
2030-08-18 06:00:00,134596.33596617548,216433.42876624488,218802.17613083555,9.110860769649494e-07
2030-08-18 07:00:00,133326.706901909,214745.73788029933,216951.00390180323,3.8856764182546326e-08
2030-08-18 08:00:00,134564.82813618358,216214.87678161467,223373.03070171014,4.154545836214352e-08
2030-08-18 09:00:00,135802.9493705067,217684.01568297797,229795.0575016672,1327.5211181752795
2030-08-18 10:00:00,137041.0706048301,219153.15458434165,236217.08430162407,2367.3143907166386
2030-08-18 11:00:00,138279.19183915356,220622.29348570554,242639.11110158075,3150.6306859452798
2030-08-18 12:00:00,139517.31307347756,222091.43238706997,249061.1379015377,3874.9026410341226
2030-08-18 13:00:00,140755.43430780096,223560.57128843342,255483.16470149544,4904.079892349453
2030-08-18 14:00:00,141993.5555421243,225029.71018979687,261905.1915014527,6400.009999957617
2030-08-18 15:00:00,143231.6767763984,226498.8490911109,268327.2183013594,6400.0099999602235
2030-08-18 16:00:00,143176.6945758838,226415.03816064043,268228.76916056965,6257.928087581274
2030-08-18 17:00:00,141882.32390183283,224687.72972241408,261812.5087534382,5377.4384125004935
2030-08-18 18:00:00,140577.19712827285,222946.96829962713,255258.27055712504,4767.486476126181
2030-08-18 19:00:00,139271.50975794665,221203.72993335858,248786.18802898878,4266.5488653541715
2030-08-18 20:00:00,137983.63477045432,219487.80996656854,242404.50812946653,3839.555249821689
2030-08-18 21:00:00,136696.1044465311,217763.19871120865,236177.60409210259,3456.85565261612
2030-08-18 22:00:00,135418.71443116176,216054.2774720103,231175.93435268578,3118.0945063923814
2030-08-18 23:00:00,134149.7789621984,214361.6169185626,228960.3638785826,2819.267725558001
2030-08-19 00:00:00,132887.4998811726,212682.45839028666,227217.9555557834,2519.8602159906563
2030-08-19 01:00:00,131616.90271533595,210984.33352264026,225603.94249568685,2206.0463622425273
2030-08-19 02:00:00,130342.5618828281,209282.93080053423,222668.6883799241,1838.6055368182203
2030-08-19 03:00:00,129065.96401734279,207581.2817368717,218559.5935404368,1404.3416061630965
2030-08-19 04:00:00,127791.73754521033,205887.39080082122,213359.0381861672,819.2924865351582
2030-08-19 05:00:00,126512.44417416144,204184.2814505369,210903.1550878564,1.1430694257796858e-07
2030-08-19 06:00:00,126911.95847213094,205156.17708818868,217183.8437006489,2.6273989009760715e-08
2030-08-19 07:00:00,128150.07970645372,206625.3159895517,223605.8705006065,860.9892138406451
2030-08-19 08:00:00,129388.20094077752,208094.45489091575,230027.8973005634,1791.8946788815658
2030-08-19 09:00:00,130626.32217510075,209563.59379227905,236449.92410052018,2470.299561776885
2030-08-19 10:00:00,131864.44340942413,211032.73269364258,242871.95090047678,2916.3831214982124
2030-08-19 11:00:00,133102.5646437477,212501.87159500635,249293.97770043334,3272.8424975297867
2030-08-19 12:00:00,134340.68587807173,213971.01049637073,255716.00450039023,3584.2650202162213
2030-08-19 13:00:00,135578.80711239518,215440.1493977342,262138.03130034788,4142.58698591229
2030-08-19 14:00:00,136816.92834671855,216909.28829909762,268560.058100305,5024.1155645834515
2030-08-19 15:00:00,138055.04958104162,218378.4272004609,274982.0849002617,6400.009999958497
2030-08-19 16:00:00,139293.17081531524,219847.56610177495,281404.1117001676,6400.009999959924
2030-08-19 17:00:00,138008.4164264683,218139.9279916525,279125.3473316172,4753.055208812272
2030-08-19 18:00:00,136711.6078336875,216412.87853941415,272702.5843969087,2493.1610380397647
2030-08-19 19:00:00,135422.05120267096,214694.7138742469,267469.27288893424,295.5806131445197
2030-08-19 20:00:00,134404.93325842405,214152.99770632837,267283.01210517006,1.9949948182329535e-07
2030-08-19 21:00:00,134632.17325655877,214361.74868762866,273069.1053634784,182.273125862413
2030-08-19 22:00:00,135870.29449083257,215830.8875889417,279491.13216338394,3126.263925756267
2030-08-19 23:00:00,137108.41572510672,217300.02649025526,285913.15896328934,6070.254725650189
2030-08-20 00:00:00,137370.78004862895,217531.22694076196,291321.73093140847,6186.825502412567
2030-08-20 01:00:00,137610.5013497442,217710.13548552274,293319.3232290909,6400.009999796233
2030-08-20 02:00:00,136634.1098615482,217173.82286258455,293132.89437793405,6114.434020303397
2030-08-20 03:00:00,135396.17133579098,215494.73125253498,291222.4759344315,4923.299748070017
2030-08-20 04:00:00,134150.3997126813,213806.96607619122,284990.0533602253,3269.859706491774
2030-08-20 05:00:00,132890.8602459077,212095.2406688806,278494.46591827535,1483.328251136509
2030-08-20 06:00:00,131643.33863566568,210403.77512922545,275800.6308139497,1.161212674958874e-07
2030-08-20 07:00:00,132761.78471821506,211777.6448583842,282160.5066033337,2.550027821873072e-08
2030-08-20 08:00:00,134035.02121576155,213263.2037378265,288582.5334032906,592.4059431558935
2030-08-20 09:00:00,135308.25771330777,214748.76261726828,295004.56020324735,1750.0715262852402
2030-08-20 10:00:00,136581.49421085426,216234.32149671044,301426.5870032038,2612.7200801279405
2030-08-20 11:00:00,137854.7307084009,217719.88037615275,307848.6138031602,3315.097252112004
2030-08-20 12:00:00,139127.96720594805,219205.43925559573,314270.64060311683,3995.2513509792393
2030-08-20 13:00:00,140401.20370349466,220690.9981350378,320692.6674030743,5015.943193570505
2030-08-20 14:00:00,141674.44020104108,222176.55701447983,327114.69420303137,6400.00999995792
2030-08-20 15:00:00,142947.67669853734,223662.11589387138,333536.72100293764,6400.00999996003
2030-08-20 16:00:00,141707.51572932285,221981.5080588354,328695.2476472171,5834.365546280819
2030-08-20 17:00:00,140438.5226394951,220257.29631866675,321976.265666643,5437.786814163193
2030-08-20 18:00:00,139149.29135373223,218501.63087707083,313816.15556518396,4130.829755929506
2030-08-20 19:00:00,137876.24891616078,216772.69268322765,307062.8883122728,3831.895566185759
2030-08-20 20:00:00,136620.8835401538,215069.71556984048,300551.17972710734,3557.421583112181
2030-08-20 21:00:00,135367.5887535788,213360.5039192754,294071.9007201981,3302.534497146723
2030-08-20 22:00:00,134124.76599345007,211666.41733981937,287805.04628242366,3060.469309784168
2030-08-20 23:00:00,132886.53591377096,209980.4711303934,281688.5248073392,2819.207736498438
2030-08-21 00:00:00,131661.1093210973,208316.6816483814,278739.23022293695,2597.8983990583524
2030-08-21 01:00:00,130432.62333348817,206643.2605277071,276910.86756888597,2380.746365142447
2030-08-21 02:00:00,129195.48904686132,204958.46786773222,271609.5465427242,2126.8913455130823
2030-08-21 03:00:00,127952.39121300912,203268.1163155667,265436.3832598285,1847.205360239083
2030-08-21 04:00:00,126704.26664132859,201576.51465982426,258899.21969285022,1524.8949240042916
2030-08-21 05:00:00,125439.23706499548,199858.73998476495,252217.18594701105,1144.1709215466403
2030-08-21 06:00:00,124178.02863815684,198148.1962096631,245680.75058206977,660.6302496099164
2030-08-21 07:00:00,122937.23249137816,196469.77015328538,243869.25982496425,4.0758663999440614e-08
2030-08-21 08:00:00,124210.46898887419,197955.32903267775,250291.2866248701,4.149364940531086e-08
2030-08-21 09:00:00,125483.70548642,199440.8879121194,256713.3134248271,1069.5190868017717
2030-08-21 10:00:00,126756.94198396627,200926.44679156158,263135.34022478375,2106.145169300035
2030-08-21 11:00:00,128030.1784815127,202412.00567100407,269557.3670247403,2853.1607646932925
2030-08-21 12:00:00,129303.41497905971,203897.56455044722,275979.3938246972,3445.0713322347233
2030-08-21 13:00:00,130576.65147660614,205383.12342988947,282401.42062465486,4133.437030879548
2030-08-21 14:00:00,131849.88797415257,206868.6823093318,288823.44742461224,5079.930359069995
2030-08-21 15:00:00,133123.1244716988,208354.2411887741,295245.47422456957,6400.009999957917
2030-08-21 16:00:00,134396.3609691962,209839.80006816788,301667.5010244762,6400.009999959854
2030-08-21 17:00:00,134102.89257289088,209669.62915324236,301532.8325404814,6214.513125575228
2030-08-21 18:00:00,132857.1530482506,207981.90311536286,295924.0929156494,5525.15867141209
2030-08-21 19:00:00,131607.83327267898,206287.0968993187,289968.74739311106,5084.8069745419725
2030-08-21 20:00:00,130366.36661221932,204603.4527242078,283740.6949475254,4718.882248161456
2030-08-21 21:00:00,129114.40258105524,202900.32231217565,277278.5504361573,4390.622445427677
2030-08-21 22:00:00,127866.5488365664,201203.41952197568,270810.098885298,4092.4669465867714
2030-08-21 23:00:00,126617.65321508986,199506.39827173768,264246.6239161671,3802.5220118180077
2030-08-22 00:00:00,125372.39943475481,197816.67164965076,257708.50513857597,3514.4954061735302
2030-08-22 01:00:00,124120.77130928091,196110.34215799632,251338.93733170556,3232.500092464584
2030-08-22 02:00:00,122870.06549675716,194407.35885659175,244882.92515011446,2951.4573768767877
2030-08-22 03:00:00,121614.84458176477,192700.583988279,238305.3387545197,2658.247971385704
2030-08-22 04:00:00,120355.616861769,190995.67869565517,231496.27989572604,2344.227958855714
2030-08-22 05:00:00,119074.44334831252,189252.6859790276,223430.6188703106,1513.7126526359484
2030-08-22 06:00:00,117807.88543560074,187534.21137029838,216763.55784764118,1127.6602806949836
2030-08-22 07:00:00,116558.33198954337,185837.03426319468,210524.78961072586,617.0137279336907
2030-08-22 08:00:00,115334.98739311969,184180.9468887543,208891.5922531663,1.1655328080451e-07
2030-08-22 09:00:00,115755.27593488146,185032.23994389424,215150.9394657789,7.455980721715605e-08
2030-08-22 10:00:00,117028.512432379,186517.7988232872,221572.96626568458,2231.8947630686666
2030-08-22 11:00:00,118301.74892987675,188003.35770268049,227994.99306559004,4364.291459878431
2030-08-22 12:00:00,119574.98542737473,189488.91658207442,234417.0198654956,6400.009999922902
2030-08-22 13:00:00,119962.4600392367,190164.5329655215,240686.71333053644,6400.009999902813
2030-08-22 14:00:00,118785.39525023522,188621.00166502252,240307.27957971327,6400.009999568565
2030-08-22 15:00:00,117542.59232658024,186929.7488186014,233966.7526222965,6400.009999576842
2030-08-22 16:00:00,116291.74239903744,185232.73740546528,227462.8325172364,6400.009999999017
2030-08-22 17:00:00,114945.78429892665,183398.1591700088,218978.18883907713,5428.311020770504
2030-08-22 18:00:00,113599.82619881585,181563.5809345523,210493.54516091786,2768.3722074770626
2030-08-22 19:00:00,112253.86809870509,179729.00269909587,202008.90148275864,225.57890864973842
2030-08-22 20:00:00,110907.90999859467,177894.42446363968,193524.25780459942,1.1095835361629725e-09
2030-08-22 21:00:00,109646.982865227,176178.41029930633,186758.5010562898,9.180829749766417e-07
2030-08-22 22:00:00,108393.81617245538,174469.54952695523,180093.85481113358,1.2436469953952761e-06
2030-08-22 23:00:00,107148.42746825695,172772.66710379845,173424.53672121742,1.4120131248007345e-06
2030-08-23 00:00:00,105912.58919086636,171091.1350889988,166915.69236668857,1.487203069785653e-06
2030-08-23 01:00:00,104670.91730318623,169398.2279310287,160883.89547135806,1.4852508770520123e-06
2030-08-23 02:00:00,103432.9377072633,167714.30470036977,155660.59503894753,1.4106848988224393e-06
2030-08-23 03:00:00,102196.92016911281,166037.44574368492,152090.82746219728,1.2445197591579449e-06
2030-08-23 04:00:00,100961.057544874,164364.42254622764,147410.81662915202,9.228021628301175e-07
2030-08-23 05:00:00,99714.78087297794,162677.0959158742,144310.46935467306,1.0168763902605539e-07
2030-08-23 06:00:00,100677.88098427048,163997.53704112928,150642.09475087858,2.6133767022000562e-08
2030-08-23 07:00:00,101951.11748181621,165483.0959205711,157064.12155083637,962.9954318746284
2030-08-23 08:00:00,103224.35397936305,166968.65480001413,163486.14835079346,1857.2159673414903
2030-08-23 09:00:00,104497.59047690919,168454.21367945618,169908.17515075032,2486.966593502978
2030-08-23 10:00:00,105770.82697445543,169939.77255889846,176330.2019507069,2839.894032283424
2030-08-23 11:00:00,107044.06347200189,171425.33143834103,182752.22875066352,3132.7853061997985
2030-08-23 12:00:00,108317.29996954896,172910.8903177843,189174.2555506204,3373.027640977158
2030-08-23 13:00:00,109590.53646709544,174396.44919722664,195596.2823505781,3740.392549289239
2030-08-23 14:00:00,110863.77296464182,175882.0080766689,202018.30915053532,4300.810042609111
2030-08-23 15:00:00,112137.00946218801,177367.566956111,208440.33595049207,5157.241711256439
2030-08-23 16:00:00,113410.24595973441,178853.12583555342,214862.36275044887,6400.0099999749755
2030-08-23 17:00:00,114111.54786733178,180088.44495531975,221163.67195402464,6400.009999887017
2030-08-23 18:00:00,112860.2888327423,178395.76427106012,218100.6471885966,4364.747710031126
2030-08-23 19:00:00,111607.19728696982,176698.16422831273,214418.46915541342,2534.0829610688616
2030-08-23 20:00:00,110368.97388819579,175025.63161565433,211942.53977739392,887.4209998147819
2030-08-23 21:00:00,109150.32461961116,173390.8766984911,211332.65958159417,135.8617501948836
2030-08-23 22:00:00,109190.00608974788,173351.9416802981,211250.25679336107,2.0216432972119946e-07
2030-08-23 23:00:00,109419.10894283993,173519.4437783214,211763.35778665202,1294.3028679520999
2030-08-24 00:00:00,109662.88783457852,173717.3747913274,213026.50271000472,3144.1350506549384
2030-08-24 01:00:00,109902.35323225998,173896.35213620384,214584.11865411216,5040.309871752088
2030-08-24 02:00:00,110132.03034696373,174062.6901268615,215205.64969279445,6400.009999798523
2030-08-24 03:00:00,109114.53710806841,173420.8314459682,214995.59347222597,6049.915125840763
2030-08-24 04:00:00,107873.5470171029,171742.86596508688,210539.24068754853,3222.6754405474044
2030-08-24 05:00:00,106615.51871337213,170035.2841777274,204067.53344120705,272.2131945964176
2030-08-24 06:00:00,105936.28068245112,169765.54587108098,203911.7702677792,4.170404463397443e-08
2030-08-24 07:00:00,107209.51717994639,171251.10475047218,210333.79706768712,4.2338681869881906e-08
2030-08-24 08:00:00,108482.75367749305,172736.66362991487,216755.8238676442,1291.8573480094014
2030-08-24 09:00:00,109755.99017503916,174222.22250935677,223177.85066760096,2209.7202906816847
2030-08-24 10:00:00,111029.22667258541,175707.78138879887,229599.8774675574,2825.3841290387163
2030-08-24 11:00:00,112302.46317013181,177193.34026824124,236021.9042675138,3335.4077577918524
2030-08-24 12:00:00,113575.69966767878,178678.89914768422,242443.9310674705,3836.7543295294504
2030-08-24 13:00:00,114848.9361652252,180164.45802712633,248865.957867428,4676.335848889039
2030-08-24 14:00:00,116122.17266277154,181650.01690656843,255287.98466738508,5924.943607565006
2030-08-24 15:00:00,117395.40916031717,183135.5757860099,261710.0114673419,6400.009999979635
2030-08-24 16:00:00,116457.26510916768,182703.09653014338,261512.2807174828,6181.975632966847
2030-08-24 17:00:00,115189.86537579457,180982.14162599546,254382.08673829533,5526.230851014579
2030-08-24 18:00:00,113910.00209540642,179244.766105254,246474.2624893567,4793.39818897914
2030-08-24 19:00:00,112629.72747102565,177506.35874772505,238687.57702990845,4291.896409944222
2030-08-24 20:00:00,111363.85315412264,175792.67435435328,231634.88784637174,3956.4545907411502
2030-08-24 21:00:00,110096.92013126805,174068.53491458853,224522.44604692346,3642.2387503777445
2030-08-24 22:00:00,108841.28994493879,172359.0712874422,217442.55888233034,3351.7945311579483
2030-08-24 23:00:00,107593.77865353749,170662.70802452418,210443.16468421265,3073.069051032435
2030-08-25 00:00:00,106355.31789153266,168980.14254380116,203598.09267722402,2797.1078301487605
2030-08-25 01:00:00,105109.43619085595,167282.00983034135,196834.5669967711,2508.958423498843
2030-08-25 02:00:00,103865.26875223833,165588.99147417652,190015.62936065265,2215.175393875229
2030-08-25 03:00:00,102621.18864494408,163898.13683493334,183127.8653879679,1905.5623099141862
2030-08-25 04:00:00,101378.67249491287,162212.45980975055,176113.88125148765,1557.1731142390083
2030-08-25 05:00:00,100127.00815161008,160512.50850037517,169054.72905230874,1158.931226411165
2030-08-25 06:00:00,98877.83100156342,158818.71591680346,162257.2927538089,662.2520794991283
2030-08-25 07:00:00,97643.76255027139,157150.63831496748,160539.3194718635,1.1894599083461799e-07
2030-08-25 08:00:00,97893.07540309364,157368.67220917766,163604.51818161685,7.278072189365048e-08
2030-08-25 09:00:00,99166.31190058927,158854.23108856913,170026.54498152283,850.4656654136184
2030-08-25 10:00:00,100439.54839808484,160339.78996796082,176448.5717814283,1328.5835258881216
2030-08-25 11:00:00,101712.78489558176,161825.34884735398,182870.5985813339,1873.4516187609418
2030-08-25 12:00:00,102986.02139308157,163310.9077267502,189292.6253812427,4811.914498937345
2030-08-25 13:00:00,104259.25789057868,164796.4666061428,195714.6521811509,5589.123396379532
2030-08-25 14:00:00,105532.4943880751,166282.0254855349,202136.6789810576,6400.009999926779
2030-08-25 15:00:00,105785.44599514807,166498.36993134554,207171.7640162795,6400.009999884933
2030-08-25 16:00:00,104536.74350998604,164805.88219230014,200134.84274247833,5325.070573886232
2030-08-25 17:00:00,103265.68315285032,163078.76668652814,192805.36739418478,4554.213588611171
2030-08-25 18:00:00,101988.9765838954,161345.93629724137,185457.8381593101,3877.442068340192
2030-08-25 19:00:00,100717.48463927976,159618.64294392077,178240.8600312481,3270.8380013795213
2030-08-25 20:00:00,99461.6151738504,157915.79089942464,171038.08400593692,2705.197289135183
2030-08-25 21:00:00,98207.51825738023,156207.22461161262,163946.41509424613,2172.562842594346
2030-08-25 22:00:00,96960.52173398383,154511.1661262524,157252.767581152,1655.1258325412962
2030-08-25 23:00:00,95717.71996427787,152824.5884754918,151232.23591773995,1086.1435574813477
2030-08-26 00:00:00,94488.65188433707,151163.3936726335,149139.70118688047,487.63750615929456
2030-08-26 01:00:00,93407.13189586364,150183.44546630527,148910.3618361724,265.9427830089239
2030-08-26 02:00:00,92896.81004384739,149966.61007236526,148758.35331757736,1.5501106531701225e-07
2030-08-26 03:00:00,93129.93901926144,150149.14941626892,149478.07366689097,5.834251624037279e-07
2030-08-26 04:00:00,93377.59062406453,150365.24841948948,151258.07896233854,5.666476585340039e-07
2030-08-26 05:00:00,93619.92501615203,150567.7764865966,154848.30736628638,7.212933667653967e-08
2030-08-26 06:00:00,94893.16151364647,152053.3353659875,161270.33416619216,4.415443494740637e-08
2030-08-26 07:00:00,96166.39801119218,153538.8942454294,167692.36096614972,1057.8360656164875
2030-08-26 08:00:00,97439.63450873885,155024.45312487223,174114.38776610664,1918.8720327924557
2030-08-26 09:00:00,98712.87100628481,156510.0120043142,180536.4145660633,2544.7128638226322
2030-08-26 10:00:00,99986.10750383086,157995.57088375627,186958.44136601963,2887.260210561757
2030-08-26 11:00:00,101259.34400137712,159481.12976319864,193380.46816597588,3207.3026627150866
2030-08-26 12:00:00,102532.580498924,160966.68864264173,199802.49496593242,3533.4616546130364
2030-08-26 13:00:00,103805.81699647034,162452.24752208387,206224.52176588983,4072.478269167693
2030-08-26 14:00:00,105079.05349401663,163937.80640152603,212646.54856584675,4977.944200162009
2030-08-26 15:00:00,106352.28999156268,165423.365280968,219068.57536580335,6400.009999957899
2030-08-26 16:00:00,107625.52648905898,166908.9241603606,225490.60216570928,6400.009999937779
2030-08-26 17:00:00,107848.59368803687,167072.0602914573,226277.26938347303,6400.009999881828
2030-08-26 18:00:00,106589.03895589637,165366.94114533195,222280.59177481628,3388.1950471208097
2030-08-26 19:00:00,105332.45636485606,163665.73925236473,219467.09077701767,418.12103976689014
2030-08-26 20:00:00,104267.87430599502,162874.89568150966,219251.62490922786,1.1712518244166858e-07
2030-08-26 21:00:00,104507.667649287,163061.7186939611,223544.28971460348,6.379610795193003e-08
2030-08-26 22:00:00,105780.90414678218,164547.27757335163,229966.3165145077,4.3196897451374894e-08
2030-08-26 23:00:00,107054.14064432798,166032.83645279324,236388.34331446406,1341.7246607884463
2030-08-27 00:00:00,108301.2200124708,167513.44857745845,242810.3701144205,2143.818929700434
2030-08-27 01:00:00,109548.29938061307,168994.06070212272,249232.39691437763,2641.181965363423
2030-08-27 02:00:00,110795.37874875544,170474.67282678722,255654.42371433438,3026.224033461721
2030-08-27 03:00:00,112042.45811689776,171955.28495145185,262076.45051429083,3307.7653193725055
2030-08-27 04:00:00,113289.53748504039,173435.89707611702,268498.47731424717,3303.830302659845
2030-08-27 05:00:00,114536.61685318206,174916.509200781,274920.50411420345,2958.881606204964
2030-08-27 06:00:00,115783.69622132384,176397.1213254452,281342.53091416,2885.120912660701
2030-08-27 07:00:00,117030.77558946598,177877.73345010972,287764.55771411705,2928.3002121665486
2030-08-27 08:00:00,118277.85495760896,179358.34557477525,294186.5845140735,2985.04769989382
2030-08-27 09:00:00,119524.93432575127,180838.9576994398,300608.61131403,3116.5031976633127
2030-08-27 10:00:00,120772.01369389353,182319.56982410446,307030.6381139862,3142.6548338647453
2030-08-27 11:00:00,122019.093062036,183800.18194876937,313452.66491394216,3217.205339184068
2030-08-27 12:00:00,123266.17243017907,185280.794073435,319874.6917138985,3230.8176176222687
2030-08-27 13:00:00,124513.25179832162,186761.40619809975,326296.71851385565,3310.829910193066
2030-08-27 14:00:00,125760.3311664642,188242.0183227646,332718.7453138124,3438.956248256265
2030-08-27 15:00:00,127007.41053460664,189722.63044742946,339140.7721137688,3583.532391638266
2030-08-27 16:00:00,128254.48990274947,191203.2425720948,345562.798913725,3707.2152856061566
2030-08-27 17:00:00,129501.56927089141,192683.85469675917,351984.82571368146,3809.880113111685
2030-08-27 18:00:00,130748.64863903313,194164.46682142338,358406.852513638,3569.9426289450707
2030-08-27 19:00:00,131995.72800717497,195645.07894608768,364828.8793135951,3175.2066994653096
2030-08-27 20:00:00,133242.80737531767,197125.69107075292,371250.90611355193,3044.5114469626437
2030-08-27 21:00:00,134489.88674345988,198606.30319541733,377672.9329135087,3250.42666325547
2030-08-27 22:00:00,135736.9661116024,200086.91532008213,384094.9597134651,4006.4964314917856
2030-08-27 23:00:00,136984.04547974493,201567.527444747,390516.98651342164,4800.046991635644
2030-08-28 00:00:00,138231.12484788796,203048.13956941242,396939.0133133784,5741.818166678141
2030-08-28 01:00:00,139478.20421603008,204528.7516940766,403361.04011333565,6400.009999955257
2030-08-28 02:00:00,140725.2835841227,206009.36381869108,409783.0669132419,6400.009999415814
2030-08-28 03:00:00,141972.3629522145,207489.97594330474,416205.0937131467,6400.009999957115
2030-08-28 04:00:00,141645.88148552988,207326.59756975202,416073.8936418463,6125.71801783933
2030-08-28 05:00:00,140363.79684060012,205617.78502772687,410876.07892859814,2965.3181134902725
2030-08-28 06:00:00,139099.45656783867,203945.55671135252,409840.4662699034,1.212745306144181e-07
2030-08-28 07:00:00,139323.0091509965,204151.7192067733,415562.7507318038,6.350412076386312e-08
2030-08-28 08:00:00,140570.08851909015,205632.33133138946,421984.77753171045,4.2903153619713176e-08
2030-08-28 09:00:00,141817.16788723235,207112.94345605376,428406.8043316672,1317.9801938772566
2030-08-28 10:00:00,143064.2472553747,208593.55558071833,434828.8311316237,2028.931657701321
2030-08-28 11:00:00,144311.32662351744,210074.1677053833,441250.8579315803,3151.4612048987615
2030-08-28 12:00:00,145558.40599166078,211554.77983004888,447672.8847315369,4281.30523895011
2030-08-28 13:00:00,146805.48535980354,213035.39195471356,454094.9115314944,5578.352707280582
2030-08-28 14:00:00,148052.56472794592,214516.00407937795,460516.93833145127,6400.009999957528
2030-08-28 15:00:00,149299.6440960376,215996.61620399123,466938.9651313563,6400.009999959424
2030-08-28 16:00:00,148030.079477237,214305.31807959062,460796.6336445777,5645.312236969192
2030-08-28 17:00:00,146729.77102507575,212568.09799328537,453486.6440164038,5028.914636932616
2030-08-28 18:00:00,145411.67253486667,210802.34355039906,445235.1653955478,2102.524967456886
2030-08-28 19:00:00,144110.16005114754,209065.26477156943,438070.82051649026,1535.7854996472329
2030-08-28 20:00:00,142828.51444083187,207357.66458789873,430899.85353413876,896.3884226178428
2030-08-28 21:00:00,141551.53113009635,205647.69229418758,424030.5981584434,1.9748563317989465e-07
2030-08-28 22:00:00,141778.59001775002,205848.69245916128,428016.55214019126,257.19396297339193
2030-08-28 23:00:00,142291.7409930037,206994.91717396007,434294.38505088486,813.5664165516711
2030-08-29 00:00:00,143340.30986232404,208367.03103804903,440637.02061173,3040.5163741096626
2030-08-29 01:00:00,144337.23956287996,209706.1950843475,446993.6635071864,4876.8154028793815
2030-08-29 02:00:00,145212.99897573842,211018.04408762523,453330.0087835633,6164.961068614543
2030-08-29 03:00:00,145437.59288827304,211225.06821065082,457604.5023199161,6400.0099997605175
2030-08-29 04:00:00,145542.42561283486,211260.58368823084,457581.57859924797,3461.1079889678163
2030-08-29 05:00:00,144279.78610630805,209589.96951801944,456450.8970918201,1.225697318008341e-07
2030-08-29 06:00:00,144492.00816636937,209780.49714651893,460516.65905315755,6.552617504576911e-08
2030-08-29 07:00:00,145739.0875344618,211261.10927113413,466938.68585306616,4.2949377569455156e-08
2030-08-29 08:00:00,146986.16690260492,212741.72139579986,473360.71265302354,1229.6926994632806
2030-08-29 09:00:00,148233.24627074748,214222.33352046483,479782.7394529805,2265.142857338251
2030-08-29 10:00:00,149480.32563889024,215702.94564512998,486204.76625293726,3117.273598426997
2030-08-29 11:00:00,150727.40500703308,217183.55776979533,492626.793052894,3929.764369547289
2030-08-29 12:00:00,151974.48437517637,218664.1698944612,499048.8198528509,4795.364022638869
2030-08-29 13:00:00,153221.56374331907,220144.7820191261,505470.84665280866,6140.322769402236
2030-08-29 14:00:00,154468.64311146113,221625.39414379044,511892.87345276575,6400.0099999748445
2030-08-29 15:00:00,154684.662794771,221815.64145842497,515297.36836325284,6400.009999886783
2030-08-29 16:00:00,153414.84566750098,220122.97048875294,508596.9511957208,6059.901417042184
2030-08-29 17:00:00,152119.43576733503,218393.1587120724,501509.99220162246,5853.82670014927
2030-08-29 18:00:00,150819.88483881002,216659.32779749684,494256.1285860531,5687.458205954916
2030-08-29 19:00:00,149522.37054267258,214926.22257535695,487353.77923197,5552.069476481177
2030-08-29 20:00:00,148239.65182592176,213215.54322906744,480487.45800932543,5433.11250242158
2030-08-29 21:00:00,146956.2642982464,211495.49301185974,473621.58049138996,5326.114036513285
2030-08-29 22:00:00,145677.2867409642,209781.96625224792,466756.52441510546,5225.6986805432025
2030-08-29 23:00:00,144402.80893569492,208075.88501962647,459929.97619071446,5129.924051536831
2030-08-30 00:00:00,143134.26410480205,206379.6275560449,453197.6818576455,5035.758644822654
2030-08-30 01:00:00,141856.47437047926,204664.78493360858,446630.4392179188,4942.9685966430825
2030-08-30 02:00:00,140575.14277793127,202948.42953904707,440030.2343622409,4848.457613345171
2030-08-30 03:00:00,139290.8928605746,201232.39701997762,433424.9379531944,4751.050843330462
2030-08-30 04:00:00,137962.77864395094,199450.1509589504,425047.61566097673,3940.920195643383
2030-08-30 05:00:00,136590.66341443654,197610.62596871683,416562.9719828175,462.670195645353
2030-08-30 06:00:00,135298.59124981562,195888.30474296905,409830.9933148914,340.4537008132082
2030-08-30 07:00:00,134021.4123619424,194182.38402946675,403498.3723320529,162.19235284113992
2030-08-30 08:00:00,133003.38152170635,193550.88268881547,403300.88420813443,4.1033047182281734e-08
2030-08-30 09:00:00,134250.46088979882,195031.49481342957,409722.911008041,4.322188829064544e-08
2030-08-30 10:00:00,135497.54025794126,196512.1069380942,416144.93780799734,380.04031422505534
2030-08-30 11:00:00,136744.6196260843,197992.71906275954,422566.9646079541,2830.776562557604
2030-08-30 12:00:00,137991.6989942278,199473.33118742547,428988.99140791106,5267.7801596869
2030-08-30 13:00:00,139238.77836237027,200953.94331208998,435411.0182078685,6400.0099999568065
2030-08-30 14:00:00,140485.8577304627,202434.5554367043,441833.0450077761,6400.009999959012
2030-08-30 15:00:00,139255.46576346265,200823.08046939073,441346.5196219189,5944.166184669709
2030-08-30 16:00:00,137977.73535110592,199122.14629173945,434855.15113808477,5139.461676604512
2030-08-30 17:00:00,136677.13771444565,197388.2108900605,427610.76897617074,4455.441116703794
2030-08-30 18:00:00,135369.5794630178,195641.74842194602,419558.83205647254,2267.026445102315
2030-08-30 19:00:00,134074.7839801963,193914.66882033786,413178.24542901886,1619.7442164997306
2030-08-30 20:00:00,132805.02433975076,192221.86197985423,406922.0982045792,932.1695501534015
2030-08-30 21:00:00,131539.36934508517,190529.3245503703,402007.9993650289,2.0139634671068052e-07
2030-08-30 22:00:00,131767.74482161473,190732.62034880437,405105.9175299883,1526.0512140749722
2030-08-30 23:00:00,132009.63334733338,190962.3141640584,410517.84075041505,3332.1255645166116
2030-08-31 00:00:00,132247.16183711137,191187.6506743637,414880.9957194901,4558.914429386498
2030-08-31 01:00:00,132473.98182695007,191384.40775196717,417438.34653347544,5738.7161332592605
2030-08-31 02:00:00,132679.73815195268,191548.49342372135,417858.30119359173,6400.009999825456
2030-08-31 03:00:00,131434.95354073896,189891.84368794653,416878.34967758344,6400.009998792468
2030-08-31 04:00:00,130173.36436891567,188207.31419149792,410797.9265514866,6400.009998338934
2030-08-31 05:00:00,128891.5109380574,186495.5696547409,404386.4523351462,6400.009998050765
2030-08-31 06:00:00,127608.87514188183,184783.8065919005,398049.11892817955,6400.009997858256
2030-08-31 07:00:00,126329.59043960588,183075.62695338496,392026.5658887473,6400.009997730504
2030-08-31 08:00:00,125064.85939328835,181387.28957820084,386202.9388714436,6400.009997658217
2030-08-31 09:00:00,123799.75596387744,179695.12445763635,381706.3454825835,6400.009997637782
2030-08-31 10:00:00,122537.95138427962,178008.55997561957,378055.55268384377,6400.009997662407
2030-08-31 11:00:00,121279.52592464545,176326.99684445656,375093.80757446954,6400.009997734278
2030-08-31 12:00:00,120024.31873938031,174650.8999331464,371664.2945698923,6400.009997857362
2030-08-31 13:00:00,118758.04811050618,172951.91002579778,366308.1685838639,6400.009998050776
2030-08-31 14:00:00,117487.82267112906,171248.82279506835,360397.3158711159,6400.009998341264
2030-08-31 15:00:00,116208.33690794992,169535.38500285498,354266.9399087825,6400.009998812095
2030-08-31 16:00:00,114925.95581152539,167826.33322484986,347421.14350247267,6400.009999998753
2030-08-31 17:00:00,113553.84058201105,165986.8082346163,338936.49982431345,3528.7025419999027
2030-08-31 18:00:00,112181.72535249672,164147.28324438276,330451.8561461542,539.92999472702
2030-08-31 19:00:00,110809.61012298244,162307.75825414926,321967.212467995,1.345711098110769e-09
2030-08-31 20:00:00,109527.2963144319,160598.7514507431,315183.8300132911,1.0861582495635957e-06
2030-08-31 21:00:00,108243.18431149691,158877.87749660455,309014.0689493624,1.5001453668817523e-06
2030-08-31 22:00:00,106970.9157433721,157172.75831700428,302849.9048632928,1.7467026942232713e-06
2030-08-31 23:00:00,105705.36706797345,155477.34831610782,296763.7788466813,1.9002248692016922e-06
2030-09-01 00:00:00,104446.90196704837,153794.66920242747,290945.44584035454,1.9845732063583466e-06
2030-09-01 01:00:00,103183.1819594534,152100.28907318023,285638.5980759275,2.010816130259221e-06
2030-09-01 02:00:00,101920.32016173429,150408.81233674858,279946.8798169192,1.9845409733065163e-06
2030-09-01 03:00:00,100656.98267343009,148718.75638302395,274378.3104426569,1.9022411821668353e-06
2030-09-01 04:00:00,99395.70869434888,147034.25048815025,268445.825598852,1.7511842691562097e-06
2030-09-01 05:00:00,98121.52820822719,145331.52346895443,262382.08362181927,1.5083679330661104e-06
2030-09-01 06:00:00,96849.73033053908,143634.1754855665,256659.2278790249,1.1041668665569382e-06
2030-09-01 07:00:00,95583.14301604056,141945.33423631344,253773.7551940611,1.08913156677573e-07
2030-09-01 08:00:00,95802.37778888193,142143.74940860106,256036.88636398406,6.700395436862906e-08
2030-09-01 09:00:00,97049.45715697411,143624.3615332149,262458.9131638897,5.899936311175951e-07
2030-09-01 10:00:00,98296.53652506693,145104.97365782983,268880.93996379623,4.553445942275646e-08
2030-09-01 11:00:00,99543.61589320928,146585.5857824945,275302.96676375275,1129.032073772537
2030-09-01 12:00:00,100790.69526135252,148066.19790716018,281724.99356370966,3373.3690403695223
2030-09-01 13:00:00,102037.77462949508,149546.81003182477,288147.0203636674,5523.396232458994
2030-09-01 14:00:00,103284.85399763736,151027.4221564892,294569.0471636245,6400.009999956343
2030-09-01 15:00:00,104531.93336573022,152508.03428110405,300991.0739635313,6400.009999936854
2030-09-01 16:00:00,104744.41239322722,152694.13388087178,302420.6551941757,6400.009999880551
2030-09-01 17:00:00,103474.11343994543,150999.11767106794,300472.2516120828,3886.773366015015
2030-09-01 18:00:00,102203.96779445483,149304.94504432345,298175.11779783235,1383.493072245396
2030-09-01 19:00:00,100960.73663934751,147663.74353954146,297683.030947764,452.75237319587757
2030-09-01 20:00:00,100306.12571247689,147409.6625591171,297534.8218986938,248.92631611295496
2030-09-01 21:00:00,100176.29782223825,147286.22347388466,297422.2687620962,1.970078074009507e-07
2030-09-01 22:00:00,100366.11379933107,147424.56911405854,297684.235892449,1706.8545893475966
2030-09-01 23:00:00,100556.16617805659,147564.6066863349,297923.5248391766,2777.643704754031
2030-09-02 00:00:00,100747.5563126721,147710.25629903335,298159.5106619779,3586.641089510345
2030-09-02 01:00:00,100938.09319036489,147846.65295070194,298463.8199379833,4931.697799903524
2030-09-02 02:00:00,101127.85365274627,147984.10653178216,298731.545951528,6400.009999801781
2030-09-02 03:00:00,100123.47958814417,147401.87136867264,298549.8433530533,5774.123186579309
2030-09-02 04:00:00,98931.56537958237,145894.42834140564,298235.63962005713,3420.6966110864396
2030-09-02 05:00:00,97671.5959375942,144216.85224166184,297215.1786489498,232.05082930727394
2030-09-02 06:00:00,97610.42709888678,144129.78280000712,297118.5639196128,4.44123073141109e-08
2030-09-02 07:00:00,98857.50646697926,145610.3949246213,303540.5907195201,5.822365875310629e-07
2030-09-02 08:00:00,100104.58583507394,147091.00704923828,309962.61751942715,4.573904148264149e-08
2030-09-02 09:00:00,101351.66520321614,148571.61917390244,316384.6443193836,228.17375457437333
2030-09-02 10:00:00,102598.7445713584,150052.2312985668,322806.67111934,979.4054774713178
2030-09-02 11:00:00,103845.82393950106,151532.84342323165,329228.69791929657,3342.469691212492
2030-09-02 12:00:00,105092.90330764424,153013.45554789712,335650.7247192533,5693.307537169806
2030-09-02 13:00:00,106339.98267578662,154494.06767256136,342072.7515192106,6400.009999954699
2030-09-02 14:00:00,107587.06204388055,155974.6797971769,348494.77831911837,6400.009999570044
2030-09-02 15:00:00,108834.12845828841,157455.2784233226,354916.7895352806,6400.009998642704
2030-09-02 16:00:00,107581.33494342504,155790.87493947797,353949.3889182727,5802.511025241319
2030-09-02 17:00:00,106301.16716838698,154078.4358876221,347931.7048278918,5215.322284788642
2030-09-02 18:00:00,105019.84912693281,152365.3135108468,341859.192326136,4764.277047897071
2030-09-02 19:00:00,103743.57166001188,150658.20501480778,336303.26684592094,4387.9435565785025
2030-09-02 20:00:00,102478.5691861689,148968.129423124,330828.6303438553,4048.904317818813
2030-09-02 21:00:00,101210.03023733836,147268.2569233765,325992.42999407375,3743.22396786762
2030-09-02 22:00:00,99953.56583006622,145590.1794331589,324587.0100539706,3498.6124348037765
2030-09-02 23:00:00,98714.55818736022,143945.5310368356,323953.6414226847,3303.7167202115684
2030-09-03 00:00:00,97418.1352968279,142251.33694760478,319811.09157986316,3012.1378480533017
2030-09-03 01:00:00,96117.0032935155,140545.21624174106,316552.02978283266,2727.302760479358
2030-09-03 02:00:00,94816.51542002056,138842.53697379533,313147.38137444324,2439.132314055387
2030-09-03 03:00:00,93514.90570993509,137139.98951963076,309103.5338615003,2135.1374616825624
2030-09-03 04:00:00,92211.60186412324,135436.77599047188,303306.45721438935,1776.2623701798727
2030-09-03 05:00:00,90891.94112591869,133709.46560654516,297171.39399232384,1349.7706805173157
2030-09-03 06:00:00,89576.23911547197,131989.13872012097,291273.1463514332,829.0534947527879
2030-09-03 07:00:00,88268.98743697182,130281.91295239817,288259.3084902784,1.1845111203001579e-07
2030-09-03 08:00:00,88450.54422033475,130465.56397410469,291243.43479374703,6.197524271556176e-08
2030-09-03 09:00:00,89661.10736030393,131934.8351338494,297665.4615936544,4.346269439120939e-08
2030-09-03 10:00:00,90871.67050032219,133404.10629364368,304087.4883936114,2129.307541706547
2030-09-03 11:00:00,92082.23364034065,134873.37745343827,310509.5151935683,4312.62622525878
2030-09-03 12:00:00,93292.79678035945,136342.64861323335,316931.5419935254,6229.910423656392
2030-09-03 13:00:00,94503.35992037758,137811.91977302724,323353.56879348285,6400.009999956786
2030-09-03 14:00:00,95713.92306034618,139281.19093277107,329775.59559339023,6400.009999962416
2030-09-03 15:00:00,94412.3053207613,137577.90462602375,325808.4644152267,6400.009999725175
2030-09-03 16:00:00,93100.11377982041,135864.38371614073,319871.6033405757,6400.009999983575
2030-09-03 17:00:00,91691.4823222069,134013.51776106228,311386.95966244367,6400.009999998946
2030-09-03 18:00:00,90282.85086456801,132162.65180595822,302902.31598428445,3088.539481322155
2030-09-03 19:00:00,88874.21940692917,130311.78585085417,294417.6723061253,3.305757697993613
2030-09-03 20:00:00,87465.58794929065,128460.91989575032,285933.028627966,1.1928023013751954e-09
2030-09-03 21:00:00,86141.20638109917,126724.09867819658,278985.9523072678,908.6983527116054
2030-09-03 22:00:00,84823.34438939903,124995.49077021543,272924.50219297723,1456.8794541010263
2030-09-03 23:00:00,83509.7356022002,123273.48204757046,266806.56731294753,1879.0974739948883
2030-09-04 00:00:00,82203.88750121258,121563.11291753456,260775.23060025525,2254.2960770271307
2030-09-04 01:00:00,80891.51307366644,119837.9480369797,254979.3540894776,2596.4437129662874
2030-09-04 02:00:00,79578.02990717873,118114.03228927797,249037.32531269014,2928.5376575322957
2030-09-04 03:00:00,78260.81356346494,116388.34150180314,243047.01259637228,3253.935922884149
2030-09-04 04:00:00,76938.13893265296,114662.41068495678,235526.37276811368,3478.2500003965806
2030-09-04 05:00:00,75529.50747501408,112811.54472985267,227041.7290899544,3.9853075505246294e-07
2030-09-04 06:00:00,74197.83175039831,111071.0307370624,219829.5035838239,5.758708340555185e-07
2030-09-04 07:00:00,72881.15448424473,109348.21852929708,214061.2801098881,5.198464030402513e-07
2030-09-04 08:00:00,71582.79410301402,107650.67584607028,208724.8707446444,1.4741243166882865e-07
2030-09-04 09:00:00,71733.88898153673,107773.58353859076,208970.50111317888,458.2430237583046
2030-09-04 10:00:00,71925.18022126475,107966.40108993255,214057.16250758545,2673.1506196842224
2030-09-04 11:00:00,72116.05335478098,108161.06871509698,219082.1900863323,4810.7120439682785
2030-09-04 12:00:00,72295.33425404456,108339.43095714471,220544.15996471487,6400.009999790668
2030-09-04 13:00:00,72017.03794706128,108168.14237289384,220429.66411002818,6217.816960226244
2030-09-04 14:00:00,70723.54428355889,106478.15406863725,219220.82606014446,5746.674097700501
2030-09-04 15:00:00,69414.39269008687,104764.25276786841,213356.39969924776,5325.84984915988
2030-09-04 16:00:00,68097.06747492233,103043.97088146395,207085.545682918,4962.597175713475
2030-09-04 17:00:00,66762.08067261834,101297.18941848329,199931.4779367659,4625.617732636989
2030-09-04 18:00:00,65420.51863003386,99539.64842916798,192035.53370945223,4157.061613213442
2030-09-04 19:00:00,64088.880168363896,97796.2902536388,185800.41870560657,3867.191833744664
2030-09-04 20:00:00,62774.657146923564,96078.01201069776,179616.04704840237,3604.9144716276487
2030-09-04 21:00:00,61461.69667339432,94354.07776420355,173468.197743421,3362.135224153121
2030-09-04 22:00:00,60153.133755326264,92637.37671818596,167295.3233995352,3124.32137618348
2030-09-04 23:00:00,58848.05608666769,90925.80658012241,161139.45277685,2888.9569270795027
2030-09-05 00:00:00,57545.28568509849,89220.17060872634,154994.66125142088,2645.355244958516
2030-09-05 01:00:00,56234.40579657537,87498.89403231793,149070.14759218012,2395.91672364194
2030-09-05 02:00:00,54923.11104275343,85779.69832002936,142977.9737771263,2140.5210676325173
2030-09-05 03:00:00,53607.88027771808,84057.85391578794,136700.6153517198,1869.7167170582418
2030-09-05 04:00:00,52286.23223457419,82333.15372842878,130148.49506291401,1559.9954184273358
2030-09-05 05:00:00,50947.23287001262,80581.38443975752,123361.4816756552,1185.7553814030643
2030-09-05 06:00:00,49618.0788694803,78844.23697986396,116842.65507721435,753.8702852604856
2030-09-05 07:00:00,48301.83956863819,77125.0571201185,111281.19473893841,1.143756662713713e-07
2030-09-05 08:00:00,48481.75144019344,77311.56761630185,115623.7207707752,2.4990640667965636e-08
2030-09-05 09:00:00,49692.31458021093,78780.8387760954,122045.74757073191,164.44336538794403
2030-09-05 10:00:00,50902.87772022916,80250.10993588985,128467.77437068884,1588.879021604741
2030-09-05 11:00:00,52113.44086024759,81719.38109568463,134889.80117064563,2765.7989569432684
2030-09-05 12:00:00,53324.00400026657,83188.6522554801,141311.82797060264,3832.9661221578713
2030-09-05 13:00:00,54534.567140284955,84657.92341527458,147733.85477056043,5041.102154285035
2030-09-05 14:00:00,55745.130280303194,86127.19457506899,154155.88157051796,6400.0099999579925
2030-09-05 15:00:00,56955.69342027175,87596.46573481362,160577.90837042514,6400.009999960068
2030-09-05 16:00:00,55648.578687395166,85892.08860116603,155969.9778041734,5719.370085137776
2030-09-05 17:00:00,54313.84456604463,84147.0546782601,149105.46580231196,5202.963384991019
2030-09-05 18:00:00,52976.69159833651,82399.28471210906,142216.34477057814,4792.37439550429
2030-09-05 19:00:00,51646.74676506378,80659.78044876181,135572.55782959214,4448.407287539736
2030-09-05 20:00:00,50333.762782374855,78943.39864948396,129004.29738061964,4146.342565978756
2030-09-05 21:00:00,49018.97692532306,77219.00313228612,122495.3477189824,3872.1804808423844
2030-09-05 22:00:00,47704.95622102519,75496.74531537486,115841.97179863986,3603.0429364672004
2030-09-05 23:00:00,46392.71221928516,73777.38582572111,109136.63761616648,3338.3531415124885
2030-09-06 00:00:00,45084.706269183065,72065.38888336695,102476.198179164,3072.1897686709094
2030-09-06 01:00:00,43770.73430979705,70339.99338003807,95984.6750737281,2806.5724255331797
2030-09-06 02:00:00,42455.31128666887,68614.68697515647,89297.10038512516,2535.991766267658
2030-09-06 03:00:00,41135.75427462219,66885.63829464586,82429.57579818364,2253.263660309525
2030-09-06 04:00:00,39809.885142276435,65153.13656505743,75366.88424585256,1940.0360904149777
2030-09-06 05:00:00,38467.3748123904,63395.275605727635,68111.32520052964,1576.2042700904062
2030-09-06 06:00:00,37131.90746525302,61647.29160473817,60993.25489135359,1188.776923700755
2030-09-06 07:00:00,35806.65708273746,59911.93722594321,54139.477410618485,674.2313288747459
2030-09-06 08:00:00,34500.510875015825,58206.92797367415,50155.03124628141,1.5316686585720163e-07
2030-09-06 09:00:00,34663.738305053834,58353.32555149379,51667.65482775426,5.785823304904625e-07
2030-09-06 10:00:00,34837.05694418865,58521.63480644358,56492.947206222496,5.724334078436097e-07
2030-09-06 11:00:00,35217.890435183595,59546.90199113053,62778.24821944853,8.532909372408665e-08
2030-09-06 12:00:00,36428.45357515284,61016.173150876195,69200.27501935454,1588.4624505371542
2030-09-06 13:00:00,37639.01671512176,62485.44431062057,75622.30181926291,3197.7248886905395
2030-09-06 14:00:00,38849.5798550908,63954.715470365365,82044.32861917028,4761.361304495455
2030-09-06 15:00:00,40060.14299505944,65423.986630110005,88466.35541907669,6400.00999990471
2030-09-06 16:00:00,41013.71110399183,66769.00926016133,94798.72110315846,6309.779977231798
2030-09-06 17:00:00,41125.69020044329,66840.77655522121,94842.9999688078,4766.1940629344945
2030-09-06 18:00:00,41236.94970168363,66913.15683717674,94890.10155038818,2901.8773170917316
2030-09-06 19:00:00,41399.1480631112,67068.22089142058,97481.12738926872,2839.3721823019
2030-09-06 20:00:00,41607.03895032466,67325.0046542076,103569.46469032308,2776.5270857287574
2030-09-06 21:00:00,42663.61242883742,68689.84149977299,109919.52648152025,2730.8626140002857
2030-09-06 22:00:00,43016.85233501383,69629.62382874262,116201.77526366431,2673.8733583252956
2030-09-06 23:00:00,44227.4154748777,71098.89498838126,122623.80206345764,3992.294753508425
2030-09-07 00:00:00,45437.978614742846,72568.16614802227,129045.8288632515,5048.805171436096
2030-09-07 01:00:00,46648.541754606245,74037.43730765869,135467.85566305125,6299.794476522314
2030-09-07 02:00:00,47859.10489446912,75506.70846729339,141889.88246284117,6400.009999727475
2030-09-07 03:00:00,48061.51832693807,75746.37369674267,147978.71447323047,6400.009999866592
2030-09-07 04:00:00,46953.895119732224,75117.3671020651,147793.98272726024,6060.19027004458
2030-09-07 05:00:00,45627.85688629489,73386.21871598148,142438.27904375788,2999.9606880179795
2030-09-07 06:00:00,44304.9298782204,71662.4185886068,139962.87877852126,1.2214804652186414e-07
2030-09-07 07:00:00,44464.53338749471,71809.17713189838,142909.91495899114,6.299693298747454e-08
2030-09-07 08:00:00,45675.09652746425,73278.4482916442,149331.94175889765,4.385919147487182e-08
2030-09-07 09:00:00,46885.6596674819,74747.71945143779,155753.96855885454,2314.005467366879
2030-09-07 10:00:00,48096.222807498976,76216.99061123085,162175.9953588106,444.1700188039972
2030-09-07 11:00:00,49306.78594751675,77686.26177102474,168598.02215876715,1431.3674267185634
2030-09-07 12:00:00,50517.349087535455,79155.53293081964,175020.04895872378,2972.490514116644
2030-09-07 13:00:00,51727.91222755375,80624.8040906137,181442.0757586811,4621.987945801117
2030-09-07 14:00:00,52938.47536757193,82094.07525040775,187864.1025586382,6400.009999957514
2030-09-07 15:00:00,54149.03850754026,83563.34641015156,194286.12935854433,6400.009999959921
2030-09-07 16:00:00,53907.623544326176,83430.19843592343,194173.91736191377,6244.826944197005
2030-09-07 17:00:00,52566.32375280368,81672.90149270502,186636.9765511592,4381.430366259359
2030-09-07 18:00:00,51224.79243466958,79916.61888112486,179095.27709976726,2833.8221604306
2030-09-07 19:00:00,49885.68931138979,78163.47856771862,171680.72408988795,1241.0940061255599
2030-09-07 20:00:00,48564.31871642395,76442.03157565265,165907.4807529425,1.1753695616789628e-07
2030-09-07 21:00:00,48717.020004782586,76570.75218748493,166676.72986555152,6.721279532939661e-08
2030-09-07 22:00:00,49927.583144749944,78040.02334722751,173098.75666545593,5.913933631095878e-07
2030-09-07 23:00:00,51138.146284718285,79509.2945069716,179520.78346536105,4.514127343794738e-08
2030-09-08 00:00:00,52348.709424736604,80978.56566676615,185942.8102653175,554.0935018824347
2030-09-08 01:00:00,53559.27256475451,82447.83682655999,192364.83706527497,1586.8443155176187
2030-09-08 02:00:00,54769.8357047725,83917.1079863541,198786.86386523204,2357.6187145778163
2030-09-08 03:00:00,55980.398844790456,85386.37914614833,205208.89066518884,2836.615457650232
2030-09-08 04:00:00,57190.96198480889,86855.6503059432,211630.91746514544,2861.8711662142377
2030-09-08 05:00:00,58401.52512482638,88324.92146573696,218052.94426510207,2482.3035184011237
2030-09-08 06:00:00,59612.08826484406,89794.19262553104,224474.97106505884,2663.2206247847475
2030-09-08 07:00:00,60822.65140486193,91263.4637853253,230896.9978650161,2793.942703231256
2030-09-08 08:00:00,62033.2145448806,92732.73494512046,237319.0246649728,2878.9169681647663
2030-09-08 09:00:00,63243.77768489865,94202.00610491468,243741.05146492925,3065.1508687105425
2030-09-08 10:00:00,64454.34082491674,95671.27726470905,250163.07826488544,3183.029596886999
2030-09-08 11:00:00,65664.90396493503,97140.54842450362,256585.1050648416,3390.8365254006803
2030-09-08 12:00:00,66875.46710495393,98609.81958429891,263007.131864798,3646.0748013463212
2030-09-08 13:00:00,68086.03024497227,100079.09074409328,269429.1586647553,4183.679454312197
2030-09-08 14:00:00,69296.59338499051,101548.36190388759,275851.18546471215,5052.04236757656
2030-09-08 15:00:00,70507.1565250085,103017.63306368173,282273.2122646688,6400.009999958177
2030-09-08 16:00:00,71717.71966497716,104486.90422342671,288695.2390645743,6400.009999959684
2030-09-08 17:00:00,70863.79363361842,104215.86400457004,288562.66964696045,6207.879499291066
2030-09-08 18:00:00,69531.32369664697,102477.12945899676,283974.99595261284,5089.178914617675
2030-09-08 19:00:00,68201.67125890013,100741.34937303011,280697.8707266499,4436.203730366583
2030-09-08 20:00:00,66883.45521690183,99027.32622210546,279001.75797396863,3976.2188328256516
2030-09-08 21:00:00,65571.80383380732,97322.90031395027,278352.61579497554,3699.2581726754847
2030-09-08 22:00:00,64252.16041354482,95601.30375306553,276963.38794932194,3323.677897843877
2030-09-08 23:00:00,62965.37644561996,93961.17580998328,276588.42601637886,3133.2388479601595
2030-09-09 00:00:00,61752.41208150913,92669.46732364358,276373.83379921794,3001.550481448632
2030-09-09 01:00:00,60445.7528207063,90973.73501284729,275829.6016752708,2741.5744890503424
2030-09-09 02:00:00,59125.83990000096,89251.93463656762,274279.78253970237,2325.3503638056645
2030-09-09 03:00:00,57803.38825372312,87527.98855432862,271756.8274806917,1812.074596566288
2030-09-09 04:00:00,56483.348579984224,85811.28537128423,268421.1513323661,1150.4079277179665
2030-09-09 05:00:00,55154.54409299766,84078.1260183591,264326.9441488857,1.1962538337684236e-07
2030-09-09 06:00:00,55308.6434626945,84222.71413957539,266100.4070442053,6.469568582886741e-08
2030-09-09 07:00:00,56519.20660266252,85691.98529931987,272522.4338441135,4.254009281490869e-08
2030-09-09 08:00:00,57729.7697426812,87161.25645911509,278944.4606440705,1285.5560975365381
2030-09-09 09:00:00,58940.3328826993,88630.52761890944,285366.48744402727,2182.345284541473
2030-09-09 10:00:00,60150.896022717556,90099.79877870406,291788.5142439837,2742.495338975499
2030-09-09 11:00:00,61361.459162736006,91569.06993849897,298210.5410439403,3182.795873078997
2030-09-09 12:00:00,62572.02230275507,93038.34109829458,304632.56784389715,3561.5826288781423
2030-09-09 13:00:00,63782.58544277356,94507.61225808931,311054.5946438548,4154.646134735867
2030-09-09 14:00:00,64993.148582791975,95976.88341788402,317476.62144381204,5059.518658996955
2030-09-09 15:00:00,66203.71172281023,97446.15457767865,323898.64824376913,6400.009999959043
2030-09-09 16:00:00,67414.27486277856,98915.42573742375,330320.6750436743,6400.009999959818
2030-09-09 17:00:00,66078.04489011613,97171.02564559787,322880.2413863835,6291.860979077244
2030-09-09 18:00:00,64738.474026614,95421.2864920654,315353.57873063814,6231.00330843743
2030-09-09 19:00:00,63400.823334764005,93672.37094687838,307909.11658383964,6186.251488366227
2030-09-09 20:00:00,62071.889027537036,91936.11414521889,300447.90957845794,6148.572044418588
2030-09-09 21:00:00,60737.875885896814,90187.82904771002,292949.0730507271,6115.407213447433
2030-09-09 22:00:00,59403.85473129667,88439.77320164685,285406.85447664803,6084.82605100407
2030-09-09 23:00:00,58072.3771394317,86695.92808153993,277866.30390018114,6056.4404673469735
2030-09-10 00:00:00,56799.38997057496,84961.12220430434,270318.0240342403,6028.00370801724
2030-09-10 01:00:00,55520.34881124489,83212.41020000147,262864.81188596325,6000.512764264016
2030-09-10 02:00:00,54241.32796205964,81465.99667413508,255456.39535447105,5973.1627124023325
2030-09-10 03:00:00,52962.1369846123,79722.59356185638,247997.85652323317,5946.224329602896
2030-09-10 04:00:00,51630.89465008638,77900.6159440017,239538.06541623155,3585.0930583102772
2030-09-10 05:00:00,50285.58217071429,76061.64931557393,231053.42173807227,106.84305831222693
2030-09-10 06:00:00,49000.952809728355,74311.99723758415,223594.57656343098,71.2646414362091
2030-09-10 07:00:00,47728.027757639684,72574.85589597654,216195.6132738049,1.1922726628199598e-07
2030-09-10 08:00:00,47954.3454389142,72747.16371181821,219317.8061281032,6.265750585043861e-08
2030-09-10 09:00:00,49228.2275571499,74228.33419823892,225739.83292800968,4.306581225734918e-08
2030-09-10 10:00:00,50502.109675435204,75709.50468470984,232161.85972796625,1696.9609974863838
2030-09-10 11:00:00,51775.99179372066,77190.67517118104,238583.8865279227,3137.7827428507053
2030-09-10 12:00:00,53049.873912006646,78671.84565765287,245005.9133278794,4523.018692423826
2030-09-10 13:00:00,54323.75603029181,80153.01614412357,251427.94012783686,6169.543439948959
2030-09-10 14:00:00,55597.63814857614,81634.18663059355,257849.96692779355,6400.009999974832
2030-09-10 15:00:00,55814.129283826056,81791.48853639553,261133.26502995854,6400.009999886762
2030-09-10 16:00:00,54539.74221389803,80059.5375745697,253611.2025553062,4655.564040741345
2030-09-10 17:00:00,53247.546788744745,78298.84154767386,245954.4935382921,3107.708166337957
2030-09-10 18:00:00,51962.42361577953,76548.69732471298,238377.839506429,1675.7550979328696
2030-09-10 19:00:00,50688.11342272817,74813.44734926667,231235.1778397133,133.1953635736595
2030-09-10 20:00:00,50628.01223198681,74739.94966936717,231145.55840746543,1.161586169473594e-07
2030-09-10 21:00:00,51664.37561346242,76096.2041563282,237497.3693601387,7.321625616896199e-08
2030-09-10 22:00:00,52938.257731698825,77577.3746427499,243919.39616004477,1760.566343339328
2030-09-10 23:00:00,54212.13984993532,79058.54512917194,250341.42295995058,2994.453665855668
2030-09-11 00:00:00,55486.02196817253,80539.71561559504,256763.4497598567,4052.6994284324965
2030-09-11 01:00:00,56759.904086408416,82020.88610201591,263185.4765597649,5178.276440879452
2030-09-11 02:00:00,58033.78620464375,83502.05658843654,269607.50335967186,6400.009999925685
2030-09-11 03:00:00,58263.31456031514,83681.99342542823,275181.6420165127,6400.009999882269
2030-09-11 04:00:00,57004.174312415766,81975.06561627108,273377.28206804,5033.058687740631
2030-09-11 05:00:00,55724.4286857785,80232.0159530115,265879.71896506596,2383.3142509975423
2030-09-11 06:00:00,54448.947797787885,78497.34652756363,259096.96680150018,1.212554428968354e-07
2030-09-11 07:00:00,54664.67828552431,78653.41600654162,263938.474680325,6.260367315156694e-08
2030-09-11 08:00:00,55938.560403760646,80134.58649296402,270360.50148023217,4.262846517275231e-08
2030-09-11 09:00:00,57212.44252204528,81615.7569794343,276782.5282801892,1356.5680302964797
2030-09-11 10:00:00,58486.3246403301,83096.9274659048,283204.55508014583,2255.4446101641047
2030-09-11 11:00:00,59760.206758615255,84578.0979523757,289626.5818801022,3180.1420955046606
2030-09-11 12:00:00,61034.088876901056,86059.26843884731,296048.60868005897,4104.948602252739
2030-09-11 13:00:00,62307.970995186246,87540.43892531797,302470.63548001647,5332.996785345832
2030-09-11 14:00:00,63581.85311347109,89021.60941178833,308892.66227997385,6400.0099999748145
2030-09-11 15:00:00,63805.178189018,89187.26820487586,314340.66572686663,6400.0099998881815
2030-09-11 16:00:00,62531.42617884082,87452.62584812858,306812.84436133585,5567.810672236725
2030-09-11 17:00:00,61238.07452562531,85688.26808728065,299153.10103474214,5003.76266273313
2030-09-11 18:00:00,59946.8205675971,83927.50929471568,291545.15693190444,4565.252589843334
2030-09-11 19:00:00,58659.112000723224,82170.31311209187,284001.935686669,4179.253481549308
2030-09-11 20:00:00,57383.11589425066,80431.61377072331,276472.3959649185,3832.7759132564015
2030-09-11 21:00:00,56104.618475948315,78683.18815816859,268930.73875931324,3507.5289110489425
2030-09-11 22:00:00,54832.19550126404,76943.72786692779,261427.49094022956,3199.094860310448
2030-09-11 23:00:00,53563.39841455483,75210.88597279807,253943.53323026904,2896.319879855469
2030-09-12 00:00:00,52299.81212228124,73486.91899756619,246587.01528406108,2594.775669940045
2030-09-12 01:00:00,51033.91661014952,71756.4804339144,239929.0281354183,2308.8495952595226
2030-09-12 02:00:00,49770.44582205797,70032.79555927576,234148.3382563919,2034.332323504703
2030-09-12 03:00:00,48505.36023000442,68308.68875933017,227873.97920796595,1733.5696193063186
2030-09-12 04:00:00,47236.398907028444,66579.97106807804,220384.47687420167,1300.2103662234588
2030-09-12 05:00:00,45956.14387290352,64833.75212051001,212837.047608327,711.1746451492168
2030-09-12 06:00:00,44684.007392635656,63102.622730436786,206778.59740600025,4.213377291489056e-08
2030-09-12 07:00:00,45957.88951086965,64583.79321685613,213200.6242059078,4.215016597610538e-08
2030-09-12 08:00:00,47231.771629154966,66064.96370332732,219622.65100586496,634.9547420250748
2030-09-12 09:00:00,48505.653747439756,67546.13418979773,226044.67780582214,1815.6007888215177
2030-09-12 10:00:00,49779.53586572461,69027.30467626835,232466.704605779,2639.280896769201
2030-09-12 11:00:00,51053.41798400969,70508.47516273928,238888.73140573566,3521.946344144327
2030-09-12 12:00:00,52327.30010229528,71989.64564921081,245310.7582056926,4323.615669263507
2030-09-12 13:00:00,53601.18222058018,73470.8161356813,251732.78500565034,5464.980921496481
2030-09-12 14:00:00,54875.064338864744,74951.98662215157,258154.81180560778,6400.009999957682
2030-09-12 15:00:00,56148.946457099395,76433.1571085718,264576.8386055145,6400.009999959442
2030-09-12 16:00:00,55013.25233275914,75501.12033724957,264414.1164094302,6197.166021715366
2030-09-12 17:00:00,53733.250634587144,73756.41109023814,256936.62273989434,5302.318766017849
2030-09-12 18:00:00,52457.075495477875,72018.1097980959,249693.55867680805,4791.202538002417
2030-09-12 19:00:00,51186.955557961686,70289.84596651295,245365.38651272908,4456.1551039721
2030-09-12 20:00:00,49944.511658166004,68616.36643345877,244920.39853308364,4277.409432146275
2030-09-12 21:00:00,48684.90512865018,66903.79321345832,243970.44858592385,4056.978097268326
2030-09-12 22:00:00,47422.6293286116,65185.64725264353,242060.95249121968,3813.0296695297593
2030-09-12 23:00:00,46273.66509728888,64036.51044988766,241891.3645852873,3719.0258925625426
2030-09-13 00:00:00,45170.56172401497,63361.93413311635,241743.36922898315,3630.607522386349
2030-09-13 01:00:00,43916.093080894636,61656.25754521682,241062.83051069637,3441.6392416780586
2030-09-13 02:00:00,42649.412513077004,59927.730786235996,234744.14096804018,3173.6701591437563
2030-09-13 03:00:00,41376.19581123174,58189.920279665545,227290.06029365302,2851.078498111876
2030-09-13 04:00:00,40099.50853935939,56450.17544608343,219716.33854192647,2499.427760992002
2030-09-13 05:00:00,38808.6622116179,54689.28716221,212058.61035444718,2111.3632038494857
2030-09-13 06:00:00,37518.987271378006,52931.037490056304,204447.2941330039,1696.8442553501436
2030-09-13 07:00:00,36234.09506182553,51178.7773007263,196935.05240933044,1203.7996296446008
2030-09-13 08:00:00,34962.167190108186,49445.235956325865,189506.07949575456,596.1186724204233
2030-09-13 09:00:00,33694.72410063583,47718.770862139536,187092.85540698483,1.1862289284181315e-07
2030-09-13 10:00:00,33906.86191904112,47865.4831071168,188909.2895070755,7.400632485763162e-08
2030-09-13 11:00:00,35180.744037276716,49346.653593537725,195331.31630698097,1051.4783438458412
2030-09-13 12:00:00,36454.62615551362,50827.82407996061,201753.34310688783,3079.5587184263077
2030-09-13 13:00:00,37728.50827374996,52308.994566381894,208175.36990679687,5122.42659463572
2030-09-13 14:00:00,39002.39039198602,53790.16505280298,214597.39670670463,6400.009999927123
2030-09-13 15:00:00,39212.733288445634,53931.4501606028,215185.67661482704,6400.009999904562
2030-09-13 16:00:00,37942.15050917859,52197.94916763569,207660.20031232768,6400.009999609529
2030-09-13 17:00:00,36651.39074375337,50439.125803192015,200094.12988054857,6400.009999663291
2030-09-13 18:00:00,35306.07826453807,48600.15917492511,191609.48620257233,6031.086588536349
2030-09-13 19:00:00,34010.015464088676,46833.17529659782,183557.61038292627,6050.861867833019
2030-09-13 20:00:00,32724.80911714657,45085.46149644638,176011.4725664187,6069.252780733679
2030-09-13 21:00:00,31437.270981702783,43327.151843928084,168452.05935423143,6090.058716467226
2030-09-13 22:00:00,30156.95134327077,41578.46977774892,160845.17498208687,6114.447188529061
2030-09-13 23:00:00,28880.628597655486,39835.05319135627,153238.24205571727,6140.961628162307
2030-09-14 00:00:00,27608.44347098339,38097.841995151764,145659.4110156945,6169.153016675165
2030-09-14 01:00:00,26331.717899155505,36351.414506590976,138158.29053207583,6201.312793608985
2030-09-14 02:00:00,25053.64330736788,34604.88308095018,130612.58170975443,6240.30708269282
2030-09-14 03:00:00,23770.115205432416,32853.69529874696,123117.73489118922,6288.951785618194
2030-09-14 04:00:00,22478.12983680596,31092.81097958288,114915.30979731317,6400.009999981718
2030-09-14 05:00:00,21132.817357434025,29253.84435115524,106430.66611915393,2921.7599999836834
2030-09-14 06:00:00,19787.504878086766,27414.877722752542,97946.02244102077,2.035481868557199e-08
2030-09-14 07:00:00,18501.44986425049,25660.56962275974,90505.339375043,171.68439637640552
2030-09-14 08:00:00,17229.166454158323,23923.27608442952,82961.74185083123,256.89437326057475
2030-09-14 09:00:00,16068.696736005802,22711.796668297327,82802.65647413928,482.41972634166495
2030-09-14 10:00:00,15931.719246982362,22619.15423717632,82721.50762426459,3072.924624020372
2030-09-14 11:00:00,15885.812579689613,22553.762154654036,82647.82285274108,5802.571522949063
2030-09-14 12:00:00,14646.01991899672,20890.570723387013,82323.78366325624,5900.065523618675
2030-09-14 13:00:00,13368.629936088102,19142.192211668906,74899.57800036,5977.127537784732
2030-09-14 14:00:00,12085.954482978213,17387.277146552482,67254.97710008155,6065.600800555443
2030-09-14 15:00:00,10795.996601783962,15624.767070483402,59626.38780390601,6172.804343933346
2030-09-14 16:00:00,9505.454283178891,13866.179468428929,51658.04949372515,6400.009999998753
2030-09-14 17:00:00,8160.141803806852,12027.212840001108,43173.4058155659,3194.3154471054713
2030-09-14 18:00:00,6814.829324434855,10188.246211573329,34688.76213740671,1.102582334668006e-09
2030-09-14 19:00:00,5469.516845087639,8349.27958317046,26204.118459273777,1.776884633122257e-08
2030-09-14 20:00:00,4178.701000854265,6589.19899751812,18566.89590837135,5.359317068970772e-07
2030-09-14 21:00:00,2882.1658272358045,4816.312088812039,10752.71852814859,6.25673428195356e-07
2030-09-14 22:00:00,1591.9103587373293,3051.9157955975115,2863.5547143727244,5.402529579631547e-07
2030-09-14 23:00:00,309.50511596876186,1306.6958017509237,101.64253696742344,9.878648938381249e-08
2030-09-15 00:00:00,622.2330422489283,2633.836298310051,4979.582145699259,6.935820358140414e-08
2030-09-15 01:00:00,1896.1151604842692,4115.006784730193,11401.608945607812,5.907720641587428e-07
2030-09-15 02:00:00,3169.99727872021,5596.177271151462,17823.63574551597,4.500805641463363e-08
2030-09-15 03:00:00,4443.87939700495,7077.347757621961,24245.66254547308,1020.6926195213579
2030-09-15 04:00:00,5717.761515290704,8558.518244093471,30667.689345429928,1791.4013185599847
2030-09-15 05:00:00,6991.643633575155,10039.688730563812,37089.71614538671,2262.7654084785813
2030-09-15 06:00:00,8265.525751859692,11520.859217034318,43511.742945343925,2639.245167831332
2030-09-15 07:00:00,9539.407870144472,13002.029703505059,49933.76974530131,2787.542792091089
2030-09-15 08:00:00,10813.289988430462,14483.200189976906,56355.79654525826,2838.0291820467014
2030-09-15 09:00:00,12087.172106715363,15964.37067644757,62777.82334521513,2987.540038034149
2030-09-15 10:00:00,13361.0542250004,17445.541162918424,69199.85014517176,3094.317287010961
2030-09-15 11:00:00,14634.936343285584,18926.711649389505,75621.87694512836,3200.219938619779
2030-09-15 12:00:00,15908.818461571705,20407.882135861444,82043.9037450856,3239.893282429725
2030-09-15 13:00:00,17182.700579856795,21889.05262233217,88465.9305450432,3328.0926444693887
2030-09-15 14:00:00,18456.582698141767,23370.22310880287,94887.9573450002,3417.4470060430403
2030-09-15 15:00:00,19730.464816426465,24851.393595273417,101309.98414495672,3464.284510879331
2030-09-15 16:00:00,21004.346934711866,26332.56408174453,107732.01094491295,3364.240517371355
2030-09-15 17:00:00,22278.229052995925,27813.73456821434,114154.03774486922,3269.861260036624
2030-09-15 18:00:00,23552.111171280005,29294.905054684205,120576.06454482605,3222.500046406158
2030-09-15 19:00:00,24825.993289564285,30776.075541154194,126998.0913447831,3170.8965477992933
2030-09-15 20:00:00,26099.875407849755,32257.24602762527,133420.11814473968,3097.009580295171
2030-09-15 21:00:00,27373.757526134144,33738.416514095166,139842.14494469613,3140.154923401568
2030-09-15 22:00:00,28647.6396444187,35219.5870005653,146264.1717446524,3248.908905044239
2030-09-15 23:00:00,29921.521762703338,36700.75748703558,152686.19854460863,3318.943037092978
2030-09-16 00:00:00,31195.403880988917,38181.92797350673,159108.22534456538,3305.525359154583
2030-09-16 01:00:00,32469.285999273514,39663.09845997674,165530.2521445225,3378.9525858264
2030-09-16 02:00:00,33743.16811755809,41144.26894644687,171952.27894447927,3472.2223826955515
2030-09-16 03:00:00,35017.05023584264,42625.43943291708,178374.30574443584,3608.3342539661617
2030-09-16 04:00:00,36290.93235412808,44106.60991938815,184796.33254439238,3628.082453045432
2030-09-16 05:00:00,37564.8144724122,45587.78040585797,191218.35934434907,3290.5138840293325
2030-09-16 06:00:00,38838.69659069632,47068.950892327885,197640.3861443063,2854.5729907548593
2030-09-16 07:00:00,40112.57870898073,48550.12137879804,204062.4129442637,2806.4900761990566
2030-09-16 08:00:00,41386.46082726642,50031.29186526937,210484.43974422052,2890.323810331639
2030-09-16 09:00:00,42660.34294555109,51512.46235173966,216906.46654417706,3110.4183714862884
2030-09-16 10:00:00,43934.225063835846,52993.6328382101,223328.49334413343,3298.75637619959
2030-09-16 11:00:00,45208.10718212079,54474.80332468078,229750.5201440897,3554.1089512493363
2030-09-16 12:00:00,46481.98930040671,55955.97381115235,236172.54694404654,3868.0942229664256
2030-09-16 13:00:00,47755.871418691684,57437.14429762285,242594.57374400384,4563.6641066436905
2030-09-16 14:00:00,49029.753536976634,58918.314784093396,249016.60054396087,5677.8223550715775
2030-09-16 15:00:00,50303.63565526104,60399.48527056351,255438.62734391793,6400.009999974918
2030-09-16 16:00:00,50523.297972788954,61473.26336647947,258678.27571098044,6400.009999887228
2030-09-16 17:00:00,49208.18220388291,59685.19788926587,250262.9148565448,5507.966162884099
2030-09-16 18:00:00,47892.52476237781,57896.050577161295,241848.83137072474,4887.864076055016
2030-09-16 19:00:00,46577.32920260362,56107.116536159745,233440.762780536,4403.124701033316
2030-09-16 20:00:00,45265.878976146465,54325.46016789113,225030.28297777957,3983.733102528984
2030-09-16 21:00:00,43953.33139023325,52539.353982705965,216619.0343692337,3627.3913592363224
2030-09-16 22:00:00,42683.55841971797,51898.35071873189,210577.31696463175,3572.127313521846
2030-09-16 23:00:00,41417.16072833113,51344.09999991166,206247.63193865572,3518.6283489077828
2030-09-17 00:00:00,40114.404316553075,49568.62117992042,197835.65161598742,3206.4568565592435
2030-09-17 01:00:00,38808.92207537549,47785.55187126996,189430.56513060877,2865.867435166491
2030-09-17 02:00:00,37502.81189291394,46002.333524178306,181021.51840739485,2498.6019146373355
2030-09-17 03:00:00,36195.43706133217,44217.930024640424,172608.9475051959,2095.1732257418225
2030-09-17 04:00:00,34887.501117694905,42434.97075788701,164193.19895183877,1623.9334055947006
2030-09-17 05:00:00,33574.71712227052,40642.45804034042,155775.15665003104,1028.5401819456883
2030-09-17 06:00:00,32264.27582649431,38854.48736888672,147360.48001360893,114.56129001454957
2030-09-17 07:00:00,31000.918526949477,38366.551929536276,145903.50213267328,4.014681564967759e-08
2030-09-17 08:00:00,32281.51464687819,39850.92774623278,152325.52893257985,4.1734878664101416e-08
2030-09-17 09:00:00,33562.11076685495,41335.303562977264,158747.55573253677,1339.2834922638613
2030-09-17 10:00:00,34842.70688683219,42819.67937972229,165169.58253249334,2410.3586128056286
2030-09-17 11:00:00,36123.30300680956,44304.05519646755,171591.6093324498,3218.5562181076416
2030-09-17 12:00:00,37403.89912678785,45788.43101321366,178013.63613240691,3950.801971409358
2030-09-17 13:00:00,38684.495246765066,47272.80682995855,184435.66293236444,5001.815731060851
2030-09-17 14:00:00,39965.09136674205,48757.18264670329,190857.68973232165,6400.0099999587965
2030-09-17 15:00:00,41245.68748666716,50241.55846339495,197279.71653222464,6400.00999995888
2030-09-17 16:00:00,39937.319375355786,48458.33092731207,188863.9463980578,5110.237083627992
2030-09-17 17:00:00,38621.87663643358,46663.92826609462,180459.06914126428,4044.12265266469
2030-09-17 18:00:00,37306.83571114495,44870.37328662245,172055.78955725595,3095.888844513316
2030-09-17 19:00:00,35992.43195857837,43076.06819556162,163648.05064585718,2193.861815791058
2030-09-17 20:00:00,34684.81265352061,41293.48969051575,155235.098734599,1272.9249054355769
2030-09-17 21:00:00,33377.5990823435,39508.34121285446,146823.38693858468,102.97088313325764
2030-09-17 22:00:00,32120.363020597862,39025.91939578421,145720.20975678138,2.0404914380378614e-07
2030-09-17 23:00:00,32339.485739173586,39578.51437063892,146513.38297691694,1123.3095396678482
2030-09-18 00:00:00,32565.61731597536,40425.16126863861,148857.71453177975,2327.7319878691137
2030-09-18 01:00:00,32790.984300693366,41276.37667923298,153037.5333076269,3577.9647853620154
2030-09-18 02:00:00,33017.924720286625,42186.35082019412,157744.57748512182,5149.746584709244
2030-09-18 03:00:00,33236.2196299844,42813.680145770064,158992.53279257243,6400.00999979774
2030-09-18 04:00:00,31972.256274307318,42025.25630956077,155732.0081178276,5192.985743057701
2030-09-18 05:00:00,30664.130624516223,40241.69041667537,147317.2957861927,1785.6667205799172
2030-09-18 06:00:00,29389.741227702092,39039.88162582449,140376.3965682269,1.2109168476305694e-07
2030-09-18 07:00:00,29601.884542826483,39709.00486992395,142899.01711942913,6.320977095909986e-08
2030-09-18 08:00:00,30882.48066275519,41193.38068662048,149321.04391933596,4.286959235401468e-08
2030-09-18 09:00:00,32163.076782731398,42677.75650336447,155743.07071929277,983.9488693255031
2030-09-18 10:00:00,33443.67290270795,44162.13232010888,162165.09751924948,2560.7337957820796
2030-09-18 11:00:00,34724.26902268488,45646.50813685369,168587.12431920617,4495.341264667142
2030-09-18 12:00:00,36004.86514266273,47130.883953599296,175009.1511191634,6387.729474923516
2030-09-18 13:00:00,37285.46126263893,48615.25977034274,181431.17791912015,6400.00999997374
2030-09-18 14:00:00,37515.44113956149,49683.0487441666,187342.6881954577,6400.009999912638
2030-09-18 15:00:00,36208.8933103558,47899.55838923609,178930.64260574657,6400.009999715862
2030-09-18 16:00:00,34898.88870104795,46112.85633850293,170531.0191222536,6400.009999999039
2030-09-18 17:00:00,33560.290223367854,44277.09504034919,162046.3754440943,4089.6742919326366
2030-09-18 18:00:00,32221.691745687778,42441.33374219546,153561.73176593543,1792.3847996565764
2030-09-18 19:00:00,30883.093268007757,40605.572444041776,145077.0880877762,1.4874785847496241e-09
2030-09-18 20:00:00,29572.828967817426,38819.18495009155,136665.4734228094,1.0443754945299588e-06
2030-09-18 21:00:00,28261.18423600143,37027.37643056848,128271.90773655151,1.4221741799053645e-06
2030-09-18 22:00:00,26952.11148892204,35238.19170360412,119855.26643360834,1.6415501823458264e-06
2030-09-18 23:00:00,25645.820481091567,33453.849440718805,111438.05335891063,1.7729728920646595e-06
2030-09-19 00:00:00,24342.96134750794,31675.965284048303,103023.47396416229,1.8403761509718893e-06
2030-09-19 01:00:00,23075.296774252285,30399.391166302106,97268.70924299945,1.8270781554425469e-06
2030-09-19 02:00:00,21810.09748686183,29316.84679623339,94793.20575478024,1.7522412180987703e-06
2030-09-19 03:00:00,20542.509866197208,28096.498711176955,90328.58091317482,1.6114696504511367e-06
2030-09-19 04:00:00,19238.19090745939,26318.169122621734,81912.65706930943,1.3992411201413227e-06
2030-09-19 05:00:00,17928.189869929083,24529.67460173091,73493.00499636588,1.0325594595662556e-06
2030-09-19 06:00:00,16649.293936797367,23022.193154322227,65844.58645141074,1.0512753688815216e-07
2030-09-19 07:00:00,16894.416262515093,24334.403822226093,72111.46078620596,2.5462540519703173e-08
2030-09-19 08:00:00,18175.012382492445,25818.77963897131,78533.48758616255,165.67319287454902
2030-09-19 09:00:00,19455.608502469066,27303.155455715707,84955.51438611947,1675.980154728461
2030-09-19 10:00:00,20736.204622445734,28787.531272460237,91377.54118607602,2738.016632687763
2030-09-19 11:00:00,22016.80074242263,30271.907089205077,97799.56798603243,3891.9350719904633
2030-09-19 12:00:00,23297.39686240047,31756.282905950768,104221.59478598944,5116.500582100124
2030-09-19 13:00:00,24577.992982376883,33240.658722694825,110643.62158594697,6400.009999957187
2030-09-19 14:00:00,25858.589102304162,34725.034539389155,117065.64838585365,6400.00999993742
2030-09-19 15:00:00,26066.60454105683,35128.38507746375,119644.56281322928,6400.009999883913
2030-09-19 16:00:00,24762.601070340963,33355.65669837965,111243.94136675293,5967.168813922079
2030-09-19 17:00:00,23450.45929692356,31562.918390929928,102823.03922263709,3793.464137162955
2030-09-19 18:00:00,22139.436603680027,29772.069452602005,94404.15712915985,1886.8254208644237
2030-09-19 19:00:00,20832.53479311641,27990.8452288689,86009.36902049117,1570.628019434393
2030-09-19 20:00:00,19564.204177886888,26736.832466361353,84471.63791783742,1507.9080153003863
2030-09-19 21:00:00,19716.41029794692,26790.841283185662,84471.63791787515,3529.658940243039
2030-09-19 22:00:00,19868.616417996993,26844.850100013617,84471.63791791062,3914.4691826815456
2030-09-19 23:00:00,19743.29783195579,26834.27909088005,84383.74107192867,3880.9553485601346
2030-09-20 00:00:00,18510.904173317766,26700.195425743095,84151.58730381652,3833.931545861855
2030-09-20 01:00:00,17236.4249136221,25303.359748194627,82540.75122804222,3773.0981754524237
2030-09-20 02:00:00,15965.081981625892,24119.163443535454,81623.65731485798,3716.563191047721
2030-09-20 03:00:00,14688.183375318587,22672.3062687533,79302.9114297546,3656.694536505941
2030-09-20 04:00:00,13379.260186554046,20886.824753134606,70881.57505034588,2638.926635969391
2030-09-20 05:00:00,12065.762075992909,19092.09353749478,62458.42378299087,117.48854687375265
2030-09-20 06:00:00,10779.39475139014,17485.747790387046,54935.43604466753,4.1650002882770504e-08
2030-09-20 07:00:00,12059.99087131657,18970.123607080404,61357.46284457363,4.187072537552738e-08
2030-09-20 08:00:00,13340.58699129412,20454.49942382579,67779.48964453062,1040.5867116776014
2030-09-20 09:00:00,14621.183111270737,21938.875240570123,74201.51644448731,2053.868046121872
2030-09-20 10:00:00,15901.779231247436,23423.251057314665,80623.54324444364,2603.5995028504085
2030-09-20 11:00:00,17182.375351224426,24907.62687405957,87045.57004439984,3092.3129078589213
2030-09-20 12:00:00,18462.971471202512,26392.002690805522,93467.59684435668,3530.337165989559
2030-09-20 13:00:00,19743.567591179533,27876.378507550206,99889.62364431404,4169.004188497514
2030-09-20 14:00:00,21024.163711156525,29360.754324294965,106311.650444271,5140.6201390905635
2030-09-20 15:00:00,22304.75983113316,30845.130141039444,112733.67724422786,6400.009999975213
2030-09-20 16:00:00,22515.5162851022,31223.874664700015,117919.95369717432,6400.009999888541
2030-09-20 17:00:00,21201.525661635176,29428.591106203323,109495.18480550023,5320.814669885602
2030-09-20 18:00:00,19887.577124175063,27633.41923288289,101071.38258826008,4641.3390194523845
2030-09-20 19:00:00,18573.964276310944,25838.31917345467,92650.46716529303,4102.677098140914
2030-09-20 20:00:00,17263.901806357724,24049.275479137952,84229.63864753427,3635.2730229609397
2030-09-20 21:00:00,15952.701194366557,22256.274087752146,75808.8374556364,3226.41848145646
2030-09-20 22:00:00,14672.678911197345,20685.71735974216,72800.80527801125,3173.6856287916303
2030-09-20 23:00:00,13393.412955919806,19115.49338321444,69714.31023601405,3120.4678155885786
2030-09-21 00:00:00,12116.403870549992,17554.416459771837,66681.56864751781,3066.530858845558
2030-09-21 01:00:00,10835.332623213235,15952.53388953482,62481.9531085282,3012.3591692379337
2030-09-21 02:00:00,9539.199659382577,14207.788426343106,54170.76508578448,2942.5500240072115
2030-09-21 03:00:00,8227.373421489374,12414.396598201554,45746.846899349344,2475.3231046914684
2030-09-21 04:00:00,6914.667754688457,10621.387712409492,37319.86958682757,1927.1758987997769
2030-09-21 05:00:00,5596.289474402929,8818.349511689043,28890.65429475747,1208.6869175682166
2030-09-21 06:00:00,4279.732340073631,7018.5299327112425,20461.922879546797,114.9536614977498
2030-09-21 07:00:00,2991.845085713065,5374.441259399522,17033.921948073323,4.002716025297559e-08
2030-09-21 08:00:00,4272.441205642993,6858.817076096768,23455.948747978942,4.210684778627183e-08
2030-09-21 09:00:00,5553.03732561969,8343.192892841054,29877.975547935668,1488.124973593153
2030-09-21 10:00:00,6833.633445596544,9827.568709585608,36300.00234789206,2559.3174279677482
2030-09-21 11:00:00,8114.229565573631,11311.944526330484,42722.02914784832,3660.631801099311
2030-09-21 12:00:00,9394.825685551821,12796.320343076395,49144.05594780517,4824.29814177591
2030-09-21 13:00:00,10675.42180552869,14280.696159820769,55566.08274776253,6279.791849330232
2030-09-21 14:00:00,11956.017925505084,15765.07197656465,61988.109547718894,6400.009999974648
2030-09-21 15:00:00,12153.713876771713,15963.940892796236,65845.65688323612,6400.009999888865
2030-09-21 16:00:00,10840.059106706809,14168.590736737306,57415.789713530685,5181.551095246712
2030-09-21 17:00:00,9519.989730096087,12362.394700808842,48986.7977790157,4249.421023047166
2030-09-21 18:00:00,8200.082598555073,10556.831231589063,40562.826163193204,3470.1962462847846
2030-09-21 19:00:00,6880.687585832129,8751.47995887613,32134.173298422174,2712.4932587036565
2030-09-21 20:00:00,5565.362427930216,6953.296245147095,23704.754060813204,1970.1395909170724
2030-09-21 21:00:00,4249.615524926681,5152.074076437325,15274.951849660365,1161.5588807542363
2030-09-21 22:00:00,2935.667506850539,3354.0069530985174,6846.218942272008,210.6123767386573
2030-09-21 23:00:00,1642.9439529875808,1644.7334645621875,738.4523036181617,139.00211211261285
2030-09-22 00:00:00,362.86618108743016,46.832062001353904,80.910970272487,58.00151004335704
2030-09-22 01:00:00,4.343165583816028e-07,8.713631518247151e-08,7.161605708461138e-08,4.535689868134796e-08
2030-09-22 02:00:00,843.452981541577,712.4390984688191,456.2888654896262,1.5012643572731577e-06
2030-09-22 03:00:00,1622.8575331552242,1923.4680454752488,2199.009982308481,1.950415820311539e-06
2030-09-22 04:00:00,2483.8667669393776,3085.3609177438293,3449.36737687575,2.059992494164997e-06
2030-09-22 05:00:00,2947.1275560231275,3870.5346871497522,3904.790277144502,1.909483612657987e-06
2030-09-22 06:00:00,3878.5133937238015,5056.964505676328,7879.454156298049,1.387834271628315e-06
2030-09-22 07:00:00,5143.569820883506,6526.634145359464,14287.455750127405,4.685446216460509e-08
2030-09-22 08:00:00,6424.1659408166815,8011.009962061371,20709.48255005441,1277.1536821525517
2030-09-22 09:00:00,7704.762060749259,9495.385778762064,27131.509349980763,2193.364985867728
2030-09-22 10:00:00,8985.358180682199,10979.761595463227,33553.53614990654,2862.300990053845
2030-09-22 11:00:00,10265.954300615405,12464.137412164802,39975.56294983215,3452.273152392233
2030-09-22 12:00:00,11546.550420549083,13948.513228867092,46397.589749758066,4063.2267677021546
2030-09-22 13:00:00,12827.146540481986,15432.889045567821,52819.61654968566,5019.02335715545
2030-09-22 14:00:00,14107.74266041455,16917.264862268377,59241.643349612685,6400.009999957659
2030-09-22 15:00:00,15253.533709180203,18295.743370740918,65505.19966311058,6400.009999878286
2030-09-22 16:00:00,14334.456012619836,17590.549323107094,59832.78873676985,6400.009999939338
2030-09-22 17:00:00,12995.857535005085,15754.788025019183,51348.145058692826,3166.8991666413826
2030-09-22 18:00:00,11657.2590573909,13919.026726931834,42863.50138061627,7.17291039905069e-08
2030-09-22 19:00:00,10577.76555394335,12687.853369437596,35251.989331000164,1.7360681352563047e-06
2030-09-22 20:00:00,9622.187382517013,11899.224679907707,30680.307008263648,2.3738900329298424e-06
2030-09-22 21:00:00,8603.335133393697,10930.308177959023,25148.671572611904,2.741283510814678e-06
2030-09-22 22:00:00,7629.10857888555,10129.347526774554,22208.130178955915,2.961524410268881e-06
2030-09-22 23:00:00,6660.793535688999,9372.784588418734,19829.42261269615,3.0702638418254943e-06
2030-09-23 00:00:00,5634.124130921351,8416.559303040876,15697.571288075982,3.0660265377197594e-06
2030-09-23 01:00:00,4553.2867815828195,7251.056762218489,11074.154776752655,2.9586367983862917e-06
2030-09-23 02:00:00,3455.1971377544082,6035.463320883702,6032.950797169937,2.734959959230114e-06
2030-09-23 03:00:00,2370.5815405500066,4939.880707370575,2655.7070601785845,2.36534788913125e-06
2030-09-23 04:00:00,1374.1678142687715,4382.25700265907,1251.8933468717482,1.7335310319566803e-06
2030-09-23 05:00:00,973.9934315984995,4226.374753063687,842.7218275419218,2.1533188502622162e-07
2030-09-23 06:00:00,1457.0538813004105,5480.185266210703,2450.031800253012,6.336666540693826e-07
2030-09-23 07:00:00,2553.7704930990785,6883.740437316549,8746.286478958144,4.472360184400293e-08
2030-09-23 08:00:00,3834.366613032345,8368.116254018561,15168.31327888514,1290.7525920441751
2030-09-23 09:00:00,5114.962732964774,9852.492070719336,21590.34007881163,2180.9640898057914
2030-09-23 10:00:00,6395.5588528972985,11336.867887420465,28012.366878737557,2629.623226915026
2030-09-23 11:00:00,7676.154972830378,12821.243704122222,34434.393678663306,2989.8755358723092
2030-09-23 12:00:00,8956.751092764489,14305.619520825208,40856.420478589826,3325.544033008559
2030-09-23 13:00:00,10237.347212697981,15789.995337526947,47278.447278518055,3779.6370983267702
2030-09-23 14:00:00,11517.943332631368,17274.371154228786,53700.47407844543,4461.527822003737
2030-09-23 15:00:00,12798.539452564399,18758.74697093038,60122.50087837201,5491.554071289995
2030-09-23 16:00:00,14079.13557249703,20243.122787631863,66544.52767829818,6400.0099999547165
2030-09-23 17:00:00,14302.712796452073,21336.058876831878,67267.45075434708,6400.009998166828
2030-09-23 18:00:00,14531.635589546933,22275.575256910593,67783.34163024389,6400.009997528675
2030-09-23 19:00:00,14757.119258425813,23275.124950503745,68425.11462199212,6400.0099972213875
2030-09-23 20:00:00,14989.581041712003,24352.49521738173,69068.13649763075,6400.009997124517
2030-09-23 21:00:00,15224.674620176256,25304.080276598455,69614.72714497772,6400.009997217532
2030-09-23 22:00:00,15454.883451683489,26351.45662803816,70244.34099294289,6400.009997524807
2030-09-23 23:00:00,15688.203385294253,27407.411824338036,70862.14200455122,6400.009998180948
2030-09-24 00:00:00,15850.646901318793,27513.669832516858,70914.77291262522,6400.009999773974
2030-09-24 01:00:00,14762.812578175603,27383.96103715005,70528.81848595694,6400.009999265744
2030-09-24 02:00:00,13505.111763232948,27128.753314938247,68960.64746022671,6400.009999286507
2030-09-24 03:00:00,12257.455063812235,26653.041546837838,61780.92964837034,6400.00999993144
2030-09-24 04:00:00,10895.818038541975,24819.59398386572,53296.28597029403,4623.943778504901
2030-09-24 05:00:00,9534.18101326913,22986.146420890746,44811.64229221711,3106.2684974421827
2030-09-24 06:00:00,8172.543987996541,21152.698857916155,36326.998614140604,1574.869956281409
2030-09-24 07:00:00,6810.906962725151,19319.251294942616,27842.354936064847,6.165782906464301e-08
2030-09-24 08:00:00,6927.200237426277,19363.68238812359,27825.989047715015,1.7442948774260003e-07
2030-09-24 09:00:00,7134.772677142449,20323.971764445174,28625.701909384512,910.6144358490759
2030-09-24 10:00:00,7353.462296795446,21509.406308276724,31700.25412007671,2120.7232297018177
2030-09-24 11:00:00,7569.801528877368,22772.460370825,37132.32769334386,3980.055976123338
2030-09-24 12:00:00,7788.565952515116,24011.96524264418,41565.20645323507,5450.955171249989
2030-09-24 13:00:00,7994.02553300768,24892.307045156675,42391.83820225016,6400.009999830626
2030-09-24 14:00:00,6739.307280845464,24699.611922344564,41846.98596547233,6400.009999938846
2030-09-24 15:00:00,5377.670255573554,22866.16435937044,33362.342287395586,4735.822973200106
2030-09-24 16:00:00,4016.033230300234,21032.716796395343,24877.69860931802,3244.5890845679014
2030-09-24 17:00:00,2654.396205025462,19199.26923341844,16393.054931241226,1751.7147401265702
2030-09-24 18:00:00,1292.7591797526204,17365.821670443438,7908.411253164527,6.462938665813122e-08
2030-09-24 19:00:00,3.1563298381588443e-06,16357.676399019596,5.60247826797422e-07,1.4043938504480333e-07
2030-09-24 20:00:00,129.16757613993383,16748.52293675441,7.274575182236731e-07,6.483112215469393e-07
2030-09-24 21:00:00,258.33514894820246,17441.45381754993,5.569278837575274e-07,2.25443457410448e-07
2030-09-24 22:00:00,1515.8927209475728,18928.143369201298,1602.7269211335743,8.213499961568003e-07
2030-09-24 23:00:00,2773.4502929476994,20414.832920854882,5631.339975918947,6.17400079809453e-08
2030-09-25 00:00:00,4031.007865209505,21901.52247266893,12053.36677581952,623.1171028144308
2030-09-25 01:00:00,5288.565437474022,23388.212024481534,18475.39357572305,3254.614821078843
2030-09-25 02:00:00,6546.123009738399,24874.901576294254,24897.420375625206,5760.032732648356
2030-09-25 03:00:00,7803.680582002387,26361.591128106713,31319.44717552601,6400.009999935904
2030-09-25 04:00:00,9061.238153996876,27848.28067975938,34547.483779887545,4440.123406206796
2030-09-25 05:00:00,10318.795725990674,29334.970231403822,35232.03109331673,1688.0382840072582
2030-09-25 06:00:00,11576.353297984484,30821.659783049563,39732.03213729922,6.492415770445685e-08
2030-09-25 07:00:00,12833.910870247826,32308.349334861556,46154.05893720268,1206.0419490070083
2030-09-25 08:00:00,14091.468442509142,33795.03888667534,52576.085737104986,2014.8210107951595
2030-09-25 09:00:00,15349.026014772882,35281.72843848739,58998.112537006804,2562.618099122382
2030-09-25 10:00:00,16606.583587036577,36768.417990299575,65420.13933690815,2764.69170905358
2030-09-25 11:00:00,17864.141159300678,38255.10754211233,71842.16613680904,2972.561055636271
2030-09-25 12:00:00,19121.698731562126,39741.79709392628,78264.19293671013,3085.9816418193313
2030-09-25 13:00:00,20379.256303826332,41228.48664573868,84686.21973661338,3173.3579602697055
2030-09-25 14:00:00,21636.813876090517,42715.176197551315,91108.24653651546,3235.638235243987
2030-09-25 15:00:00,22894.371448354606,44201.86574936408,97530.27333641678,3278.4019536656538
2030-09-25 16:00:00,24151.92902061574,45688.55530117777,103952.30013631746,3227.262013590102
2030-09-25 17:00:00,25409.486592879046,47175.24485298962,110374.32693621803,3175.588273880946
2030-09-25 18:00:00,26667.044165142543,48661.93440480184,116796.35373611908,3174.109676475496
2030-09-25 19:00:00,27924.60173740644,50148.623956614465,123218.38053602209,3126.413716888917
2030-09-25 20:00:00,29182.15930966799,51635.31350842858,129640.40733592393,3062.6244033169514
2030-09-25 21:00:00,30439.71688193218,53122.0030602412,136062.4341358254,3109.9087827666226
2030-09-25 22:00:00,31697.27445419676,54608.69261205434,142484.4609357264,3222.3090048532454
2030-09-25 23:00:00,32954.8320264615,56095.382163867806,148906.48773562728,3333.613798458346
2030-09-26 00:00:00,34212.38959872318,57582.071715682054,155328.5145355284,3326.3625293400564
2030-09-26 01:00:00,35469.94717098745,59068.76126749468,161750.54133543168,3359.4252870411337
2030-09-26 02:00:00,36727.50474325169,60555.45081930746,168172.56813533386,3453.9999776410896
2030-09-26 03:00:00,37985.06231551581,62042.14037112026,174594.5949352353,3594.0586027811096
2030-09-26 04:00:00,39242.61988777678,63528.82992293368,181016.62173513605,3576.4801285918084
2030-09-26 05:00:00,40500.17746003976,65015.519474745255,187438.64853503674,3307.6144482680184
2030-09-26 06:00:00,41757.73503230265,66502.20902655683,193860.6753349379,3026.4077059639735
2030-09-26 07:00:00,43015.29260456624,67988.89857836902,200282.70213484106,3037.7210979241463
2030-09-26 08:00:00,44272.85017682754,69475.58813018266,206704.7289347429,3142.1985975881344
2030-09-26 09:00:00,45530.40774909152,70962.277681995,213126.75573464442,3423.5969933132064
2030-09-26 10:00:00,46787.96532135512,72448.9672338071,219548.78253454575,3392.747602026411
2030-09-26 11:00:00,48045.52289361922,73935.65678561982,225970.80933444676,3684.025773511439
2030-09-26 12:00:00,49303.080465880674,75422.34633743363,232392.8361343481,4169.831611205815
2030-09-26 13:00:00,50560.63803814492,76909.03588924604,238814.86293425167,5101.264654987777
2030-09-26 14:00:00,51818.19561040877,78395.72544105824,245236.88973415422,6400.0099999435115
2030-09-26 15:00:00,53075.753182404034,79882.41499270502,245716.41239841486,6400.009999823179
2030-09-26 16:00:00,53204.920755062565,80141.98432991299,240952.68460803942,6400.009999639235
2030-09-26 17:00:00,52870.28630228849,80198.3068810713,232468.04093019862,3034.9344442814395
2030-09-26 18:00:00,52884.994914401366,80254.62943230677,223983.39725235317,89.7988501819373
2030-09-26 19:00:00,53014.16248700505,80383.55556644753,215712.1792808377,395.8394715814844
2030-09-26 20:00:00,53143.33005971268,80662.98423131858,210995.68932653306,1600.983276912563
2030-09-26 21:00:00,53272.497632450206,80969.03040760994,209079.29282108674,3192.0674967835535
2030-09-26 22:00:00,53401.665205151694,81224.13298509519,203478.15183561147,4006.1063430653626
2030-09-26 23:00:00,53530.832777862524,81483.82874781676,197553.7553860074,4891.741502361566
2030-09-27 00:00:00,53660.00035056247,81722.93125341361,190158.04385561714,5597.958031207163
2030-09-27 01:00:00,53789.16792323623,81908.18304370582,182224.455072296,6400.009999647859
2030-09-27 02:00:00,53529.36927959372,81964.50559499643,173739.81139445733,6400.009999609715
2030-09-27 03:00:00,52167.7322550247,81630.9631757124,165255.1677165136,6400.009999932644
2030-09-27 04:00:00,50806.0952297402,79797.51561274055,156770.52403841747,4275.172764163072
2030-09-27 05:00:00,49444.45820445718,77964.06804976639,148285.880360321,2224.3915498081255
2030-09-27 06:00:00,48082.821179174534,76130.62048679273,139801.2366822249,4.443750220289783e-08
2030-09-27 07:00:00,48211.98875181011,76343.4515856531,132902.5058880248,6.340596434898104e-07
2030-09-27 08:00:00,48341.15632460019,76731.76448717971,131717.78742177362,2.781166815774233e-07
2030-09-27 09:00:00,49598.713896597525,78218.45403882871,132043.88303326973,1568.299879693537
2030-09-27 10:00:00,50856.27146859462,79705.14359047759,132195.52218776304,1754.8993976396584
2030-09-27 11:00:00,52113.82904059249,81191.8331421288,133548.25646059326,4411.857674220039
2030-09-27 12:00:00,53371.38661258771,82678.52269378207,133934.21434113928,6400.009999709727
2030-09-27 13:00:00,53500.55418535027,83127.99107145272,133246.32103973924,6400.009999333941
2030-09-27 14:00:00,53629.72175803535,83405.17877717143,131023.09656655429,6400.009999858406
2030-09-27 15:00:00,52268.08473348027,83251.72031997626,122538.45288861002,6400.00999993644
2030-09-27 16:00:00,50906.447708195075,81418.27275700381,114053.80921051363,4781.695191348839
2030-09-27 17:00:00,49544.81068291173,79584.8251940292,105569.16553241704,3624.8288579299656
2030-09-27 18:00:00,48183.173657629,77751.37763105532,97084.52185432088,2604.1237749895918
2030-09-27 19:00:00,46821.536632346295,75917.93006808146,88599.87817622529,1443.2494918754073
2030-09-27 20:00:00,45459.89960706196,74084.48250510974,80115.2344981296,4.520143193076365e-08
2030-09-27 21:00:00,45589.06717951959,74157.2154201281,71661.3066546573,2.092232307404629e-06
2030-09-27 22:00:00,45718.23475221621,74415.04996059024,66929.55372386442,3.013366560041724e-06
2030-09-27 23:00:00,45847.40232497407,74727.84937100805,64627.728598168556,3.524453362708246e-06
2030-09-28 00:00:00,45976.56989778765,75094.30643037049,62994.747170126895,3.824555776538561e-06
2030-09-28 01:00:00,46105.73747060746,76114.07060107184,62619.54064610975,3.969076585309992e-06
2030-09-28 02:00:00,46234.905043426326,77127.30436494251,62210.17556776391,3.980667383548038e-06
2030-09-28 03:00:00,46364.0726162084,77479.86721832138,60779.24727840881,3.863350914834629e-06
2030-09-28 04:00:00,46493.24018892363,77777.73652262654,57430.423414357414,3.5796242952310614e-06
2030-09-28 05:00:00,46622.40776155456,77981.63082895808,50076.952645710226,3.075437418931623e-06
2030-09-28 06:00:00,46751.57533417955,78201.27698670219,43607.687076507405,2.2105673385395858e-06
2030-09-28 07:00:00,46880.742906889,78676.24513006033,42927.96357360428,4.605593043866003e-08
2030-09-28 08:00:00,48138.30047914957,80162.93468187339,49349.990373504814,744.8430621854432
2030-09-28 09:00:00,49395.8580514135,81649.62423368561,55772.01717340608,2117.355365030445
2030-09-28 10:00:00,50653.41562367685,83136.31378549745,62194.043973306674,2469.861378954729
2030-09-28 11:00:00,51910.97319594054,84623.00333730983,68616.07077320712,2875.751742682092
2030-09-28 12:00:00,53168.53076820159,86109.69288912337,75038.09757310778,3286.5027046957844
2030-09-28 13:00:00,54426.08834046539,87596.38244093531,81460.12437301067,3872.9727816562126
2030-09-28 14:00:00,55683.64591272924,89083.07199274756,87882.15117291234,4721.200166930117
2030-09-28 15:00:00,56941.20348499278,90569.76154455972,94304.17797281325,5897.809669279468
2030-09-28 16:00:00,58198.76105725263,92056.45109637216,100726.20477271223,6400.009999936912
2030-09-28 17:00:00,59456.318629245434,93543.1406480154,104276.2429967885,3086.4619976103813
2030-09-28 18:00:00,60713.87620123751,95029.83019965966,110510.12130987058,6.549049626566885e-08
2030-09-28 19:00:00,61971.43377350039,96516.51975147118,116932.14810977243,1005.3782161087177
2030-09-28 20:00:00,63228.991345761635,98003.2093032849,123354.17490967349,1855.8844217752774
2030-09-28 21:00:00,64486.54891802557,99489.8988550971,129776.20170957425,2522.2235171955253
2030-09-28 22:00:00,65744.10649028985,100976.58840690987,136198.22850947443,3032.120492753125
2030-09-28 23:00:00,67001.66406255423,102463.27795872293,142620.2553093744,3414.4538239845133
2030-09-29 00:00:00,68259.2216348159,103949.9675105371,149042.2821092748,3837.0700319279463
2030-09-29 01:00:00,69516.7792070799,105436.65706234936,155464.3089091775,4375.674761633576
2030-09-29 02:00:00,70774.33677934382,106923.34661416178,161886.335709079,5267.794090141328
2030-09-29 03:00:00,72031.89435160735,108410.03616597397,168308.36250897928,6346.500834141866
2030-09-29 04:00:00,73289.45192386777,109896.7257177868,174730.38930887767,6400.009999936767
2030-09-29 05:00:00,74547.00949586209,111383.415269433,179464.5853592784,3214.738574832753
2030-09-29 06:00:00,75804.56706785585,112870.10482107803,182595.72826985683,6.614412167099396e-08
2030-09-29 07:00:00,77062.12464011885,114356.79437288972,189017.75506975927,1027.647285069703
2030-09-29 08:00:00,78319.68221238021,115843.4839247035,195439.78186966054,1921.2620522981088
2030-09-29 09:00:00,79577.23978464447,117330.17347651602,201861.80866956126,2678.3793087810386
2030-09-29 10:00:00,80834.7973569086,118816.86302832855,208283.83546946128,3063.889822675347
2030-09-29 11:00:00,82092.35492917306,120303.5525801415,214705.86226936113,3452.5631186608234
2030-09-29 12:00:00,83349.91250143482,121790.24213195551,221127.8890692613,3897.463975897643
2030-09-29 13:00:00,84607.47007369927,123276.93168376792,227549.91586916393,4684.448280048917
2030-09-29 14:00:00,85865.02764596355,124763.62123558033,233971.9426690656,5932.939918355793
2030-09-29 15:00:00,87122.5852182264,126250.31078739135,240393.96946896482,6400.009999953995
2030-09-29 16:00:00,87251.75279093992,126524.37038475604,235150.13333001753,6311.32323107775
2030-09-29 17:00:00,85890.1157662286,125643.74903553486,226665.48965206806,2833.073231307796
2030-09-29 18:00:00,86019.28333873564,125720.81673349762,218222.71721457806,287.2687987571572
2030-09-29 19:00:00,86148.45091137252,125937.26678763183,211620.85556658986,219.14985233318282
2030-09-29 20:00:00,86277.61848411159,126222.47567252842,206757.85797750848,140.67998162365154
2030-09-29 21:00:00,86406.78605684797,126493.81047401665,203028.98463369408,4.4062839776870533e-07
2030-09-29 22:00:00,87664.34362884598,127980.50002566606,207613.03681063754,81.88422450516717
2030-09-29 23:00:00,88921.90120084377,129467.18957731573,209908.24744633335,123.83825640721938
2030-09-30 00:00:00,90167.44481489436,130953.87912875265,209908.24744617764,1.6476842952903049e-06
2030-09-30 01:00:00,91425.00238689009,132440.56868039758,210052.16356261758,2.648897618592353e-06
2030-09-30 02:00:00,92682.55995888673,133927.25823204513,210527.719302452,3.036512420238162e-06
2030-09-30 03:00:00,93940.1175308836,135413.94778369396,211935.353007641,3.0937637153301397e-06
2030-09-30 04:00:00,95197.6751028784,136900.63733534625,212564.0145924949,2.840131063356141e-06
2030-09-30 05:00:00,96455.23267487349,138387.32688699223,212885.0172475053,2.144322799131311e-06
2030-09-30 06:00:00,97712.79024686852,139874.01643863932,215448.4369739953,6.39701130537417e-08
2030-09-30 07:00:00,98970.3478191319,141360.7059904513,221870.4637738979,1097.901349477442
2030-09-30 08:00:00,100227.90539139353,142847.3955422654,228292.49057379932,1998.354942803843
2030-09-30 09:00:00,101485.46296365773,144334.08509407795,234714.5173737001,2626.936216490357
2030-09-30 10:00:00,102743.020535922,145820.77464589075,241136.5441736001,3013.144885615015
2030-09-30 11:00:00,104000.57810818657,147307.46419770404,247558.57097349985,3390.6397378252495
2030-09-30 12:00:00,105258.13568044831,148794.15374951833,253980.59777340016,3729.457206549401
2030-09-30 13:00:00,106515.69325271263,150280.8433013309,260402.62457330298,4307.128487965223
2030-09-30 14:00:00,107773.2508249768,151767.5328531435,266824.65137320483,5227.445407619473
2030-09-30 15:00:00,109030.80839724038,153254.22240495568,273246.67817310564,6400.009999942471
2030-09-30 16:00:00,110288.36596923435,154740.91195660716,275187.89724138513,6400.009999742217
2030-09-30 17:00:00,110417.53354193702,155007.59762155777,271275.8192135587,3913.328891445548
2030-09-30 18:00:00,110546.70111464003,155278.17589833622,267694.8456516543,1581.612136757696
2030-09-30 19:00:00,110675.86868736686,155684.46228161023,266832.2316882122,1.8534090031607775e-06
2030-09-30 20:00:00,111881.20502827999,157171.15183288083,266832.23168744595,6.972966275498038e-07
2030-09-30 21:00:00,113138.7626002767,158657.8413845282,268046.74744179996,1107.6918733744865
2030-09-30 22:00:00,114396.32017227517,160144.53093617925,273243.5762281601,2854.689879574889
2030-09-30 23:00:00,115653.87774427452,161631.22048783195,279024.43360550713,5094.204106876414
2030-10-01 00:00:00,116802.6640140943,163120.46852337822,280014.1832844319,5841.891879809402
2030-10-01 01:00:00,117951.45028391576,164609.7165589188,280407.94242327,6400.009999536669
2030-10-01 02:00:00,117971.84655490881,166063.03643443153,280342.8130306366,6298.75193423297
2030-10-01 03:00:00,117992.24282549215,166410.15399810398,278955.6449977048,5678.723497609265
2030-10-01 04:00:00,118012.63909601617,166677.25364974226,273190.95267471287,5119.2728284959185
2030-10-01 05:00:00,118033.03536642621,166833.2564104675,265047.1728266503,2904.2369540857308
2030-10-01 06:00:00,118053.43163683945,166993.40425503516,256933.09056466224,740.6676649152122
2030-10-01 07:00:00,118073.82790738024,167269.80199116594,253867.85717856165,4.768139660882298e-08
2030-10-01 08:00:00,119222.61417746531,168759.05002687252,260289.88397846054,22.571853156115594
2030-10-01 09:00:00,120371.40044755413,170248.29806257895,266711.9107783616,1484.249470291991
2030-10-01 10:00:00,121520.18671764364,171737.5460982863,273133.937578262,2597.769570652382
2030-10-01 11:00:00,122668.97298773337,173226.79413399406,279555.9643781622,3529.592633852045
2030-10-01 12:00:00,123817.7592578201,174716.04216970276,285977.99117806315,4414.148528488347
2030-10-01 13:00:00,124966.54552790943,176205.2902054097,292400.0179779664,5683.546659603461
2030-10-01 14:00:00,126115.33179799761,177694.53824111557,298822.04477786727,6400.009999957738
2030-10-01 15:00:00,126135.72806853872,177965.39590353591,294122.39235976525,6400.0099999599315
2030-10-01 16:00:00,124665.31974107733,176134.50682445662,285637.7486816688,5002.155520165481
2030-10-01 17:00:00,123194.91141361641,174303.61774537407,277153.10500357125,3916.1398142961566
2030-10-01 18:00:00,121724.50308615659,172472.72866629265,268668.4613254749,3022.2310057305763
2030-10-01 19:00:00,120254.0947586977,170641.83958721205,260183.81764737942,2120.344064121853
2030-10-01 20:00:00,118783.68643123754,168810.95050813392,251699.17396928385,1143.338733316733
2030-10-01 21:00:00,117313.27810378048,166980.0614290546,243214.5302911882,4.534570052783238e-08
2030-10-01 22:00:00,117333.67437433585,167229.480706592,236317.62825047277,2185.019400599679
2030-10-01 23:00:00,117354.07064490426,167488.83496902607,229462.84387165005,4225.833253348089
2030-10-02 00:00:00,117374.46691547208,167739.0532313474,221996.77521601494,5897.5693566232285
2030-10-02 01:00:00,117394.86318598759,167888.46508916264,213763.63645654422,6400.009999829933
2030-10-02 02:00:00,115924.45485925685,167530.83748867828,205278.99277860145,6400.00999993593
2030-10-02 03:00:00,114454.04653180012,165699.94840959978,196794.34910050585,5103.746636473889
2030-10-02 04:00:00,112983.63820433951,163869.05933052127,188309.70542240964,3924.5034148730015
2030-10-02 05:00:00,111513.22987687994,162038.17025144,179825.0617443129,2785.334412010072
2030-10-02 06:00:00,110042.82154942073,160207.28117235922,171340.41806621678,1577.9520865521517
2030-10-02 07:00:00,108572.41322196284,158376.3920932796,162855.7743881214,4.386834007163998e-08
2030-10-02 08:00:00,108592.80949249835,158640.44630572546,156419.05824441576,6.301240773609607e-07
2030-10-02 09:00:00,108613.20576311664,159052.2902372445,155478.7127268232,2.808890649349007e-07
2030-10-02 10:00:00,109761.99203293954,160541.5382727883,156566.8610964492,1851.180901897876
2030-10-02 11:00:00,110910.77830276341,162030.78630833444,160323.74092646173,4125.576081864012
2030-10-02 12:00:00,112059.56457258476,163520.03434388296,163359.88246454616,6400.009999532319
2030-10-02 13:00:00,112718.04824986265,165009.2823788887,163359.88246370375,6400.009999557067
2030-10-02 14:00:00,112738.44452039008,165261.22345380182,157681.40174809657,6400.009999957774
2030-10-02 15:00:00,111268.03619293192,163430.33437472163,149196.75807000036,5179.218146424881
2030-10-02 16:00:00,109797.62786546852,161599.4452956404,140712.11439190368,4282.747219978746
2030-10-02 17:00:00,108327.21953800757,159768.55621655792,132227.4707138091,2905.5092322149803
2030-10-02 18:00:00,106856.81121054695,157937.66713747557,123742.8270357129,2130.840962412033
2030-10-02 19:00:00,105386.40288308775,156106.77805839444,115258.18335761735,1195.3368873757167
2030-10-02 20:00:00,103915.99455562772,154275.88897931628,106773.53967952165,4.4012381295033265e-08
2030-10-02 21:00:00,103936.39082612803,154502.24540670766,99877.07297367544,1.0130111149919685e-06
2030-10-02 22:00:00,103956.78709675401,154832.07265917223,97373.1824681573,1.1496093084368814e-06
2030-10-02 23:00:00,103977.18336739295,155213.44962992854,95836.02282716833,7.860006063505084e-07
2030-10-03 00:00:00,105125.96963658353,156702.69766537764,95836.02282726578,904.0826213073502
2030-10-03 01:00:00,106274.75590574522,158191.94570081896,95836.02282737869,1739.6954631382469
2030-10-03 02:00:00,106497.27067173817,159681.19373587403,95836.02282640265,1739.6954634006845
2030-10-03 03:00:00,106517.66694236212,160024.47003242723,93079.744153101,1461.690369276071
2030-10-03 04:00:00,106538.06321299533,160363.23738313894,88478.16272358531,1119.0108802535458
2030-10-03 05:00:00,106558.45948357249,160667.68095567578,84028.79728635853,697.851809107924
2030-10-03 06:00:00,106578.85575414222,161000.37741708994,81605.83634745133,2.659789305315985e-07
2030-10-03 07:00:00,107727.6420239634,162489.6254526344,87138.79554283581,5.8825988612592766e-08
2030-10-03 08:00:00,108876.42829404947,163978.87348834277,93560.82234273745,1298.0072249395948
2030-10-03 09:00:00,110025.21456413837,165468.1215240496,99982.84914263849,2270.4815313973186
2030-10-03 10:00:00,111174.0008342274,166957.3695597567,106404.87594253855,2956.48719646369
2030-10-03 11:00:00,112322.7871043168,168446.61759546428,112826.90274243835,3684.1463027138825
2030-10-03 12:00:00,113471.57337440329,169935.86563117284,119248.92954233882,4541.105739287698
2030-10-03 13:00:00,114620.35964449232,171425.1136668794,125670.95634224174,5773.557675193255
2030-10-03 14:00:00,115769.14591458024,172914.36170258495,132092.983142142,6400.0099999573995
2030-10-03 15:00:00,115789.54218514876,173207.6277456034,127311.24609959868,6400.009999959584
2030-10-03 16:00:00,114319.13385768772,171376.7386665243,118826.60242150202,4670.018562744561
2030-10-03 17:00:00,112848.72553022826,169545.8495874427,110341.95874340503,2763.3643487509025
2030-10-03 18:00:00,111378.31720276932,167714.96050836178,101857.31506530849,842.276858857328
2030-10-03 19:00:00,109907.90887531126,165884.07142928167,93372.67138721276,4.340847681305604e-08
2030-10-03 20:00:00,109928.30514580842,166039.39792976997,85129.08929046964,9.089773129744572e-07
2030-10-03 21:00:00,109948.70141631021,166264.65289436263,77850.57023620488,9.368850202098236e-07
2030-10-03 22:00:00,109969.09768694764,167085.14505223167,77242.46606475028,2.6325817880541504e-07
2030-10-03 23:00:00,111117.88395677166,168574.39308777745,80816.9232824066,1.435919592258323e-06
2030-10-04 00:00:00,112266.67022659225,170063.6411233248,83106.71341351348,1.5721044164698008e-06
2030-10-04 01:00:00,113415.45649641493,171552.88915886806,88901.69344728437,1.0417074412233525e-06
2030-10-04 02:00:00,114564.24276636653,173042.13719447565,95323.72024682927,1800.6392099917778
2030-10-04 03:00:00,115713.02903631794,174531.3852300837,101745.7470463702,3746.1225018730124
2030-10-04 04:00:00,116861.81530613777,176020.63326563127,107650.62420979529,3142.407857871226
2030-10-04 05:00:00,118010.60157595643,177509.88130117027,110825.51702806984,1317.457339837491
2030-10-04 06:00:00,119159.38784577521,178999.1293367106,116505.41790659176,6.69080640056048e-08
2030-10-04 07:00:00,120308.17411586303,180488.37737241652,122927.4447064935,1229.4139373601254
2030-10-04 08:00:00,121456.96038594897,181977.6254081245,129349.47150639386,2049.6139828203877
2030-10-04 09:00:00,122605.74665603769,183466.8734438309,135771.49830629374,2645.1924502984466
2030-10-04 10:00:00,123754.53292612643,184956.1214795375,142193.5251061929,2959.360387139487
2030-10-04 11:00:00,124903.31919621555,186445.36951524467,148615.5519060918,3269.142434040633
2030-10-04 12:00:00,126052.10546630195,187934.61755095312,155037.57870599133,3598.7950954916396
2030-10-04 13:00:00,127200.89173639107,189423.8655866599,161459.6055058934,4159.192696131786
2030-10-04 14:00:00,128349.67800647985,190913.1136223665,167881.63230579405,5001.1746921897075
2030-10-04 15:00:00,129498.46427656799,192402.36165807277,174303.659105694,6288.009058966303
2030-10-04 16:00:00,130647.25054665234,193891.60969377894,180725.68590559103,6400.0099999371305
2030-10-04 17:00:00,131796.03681646963,195380.8577293164,184175.4105688053,3181.4750653314964
2030-10-04 18:00:00,132944.82308628768,196870.10576485549,189546.84548712065,6.644261646465123e-08
2030-10-04 19:00:00,134093.60935637492,198359.35380056076,195968.8722870214,810.9318032336577
2030-10-04 20:00:00,135242.3956264604,199848.6018362683,202390.8990869214,1674.9879873652371
2030-10-04 21:00:00,136391.18189654863,201337.8498719742,208812.92588682115,2249.3774285624045
2030-10-04 22:00:00,137539.96816663755,202827.097907681,215234.95268672047,2996.031759300726
2030-10-04 23:00:00,138688.7544367265,204316.345943388,221656.9794866195,3436.739169286663
2030-10-05 00:00:00,139837.5407068125,205805.59397909598,228079.00628651876,3642.0812907640707
2030-10-05 01:00:00,140986.3269769013,207294.84201480236,234501.0330864206,4138.245909662816
2030-10-05 02:00:00,142135.11324699022,208784.09005050905,240923.05988632113,5064.653361455422
2030-10-05 03:00:00,143283.8995170789,210273.33808621566,247345.0866862205,6254.2461580319305
2030-10-05 04:00:00,144432.68578716426,211762.5861219227,253767.1134861176,6400.009999936741
2030-10-05 05:00:00,145581.47205698388,213251.83415746395,259945.38168069156,5452.816973030444
2030-10-05 06:00:00,146730.258326803,214741.0821930038,264853.74787563866,2465.061355291198
2030-10-05 07:00:00,147879.0445966215,216230.3302285432,270874.24853818485,6.313075573416427e-08
2030-10-05 08:00:00,149027.8308667059,217719.57826424908,277296.27533808106,455.9062677055749
2030-10-05 09:00:00,150176.61713679237,219208.82629995278,283718.30213797744,2782.0284248145026
2030-10-05 10:00:00,151325.4034068787,220698.07433565607,290140.32893787086,19.92824543711913
2030-10-05 11:00:00,152474.18967696608,222187.32237136122,296562.3557377678,379.93074816023415
2030-10-05 12:00:00,153622.97594705096,223676.570407068,302984.3825376662,1200.6150144855453
2030-10-05 13:00:00,154771.76221713918,225165.8184427735,309406.40933756746,2457.2773617702596
2030-10-05 14:00:00,155920.548487228,226655.0664784798,315828.4361374678,3814.2788484147104
2030-10-05 15:00:00,157069.3347573167,228144.31451418623,322250.4629373673,5242.9192414518375
2030-10-05 16:00:00,158218.12102740182,229633.56254989313,328672.4897372652,6400.009999934556
2030-10-05 17:00:00,159366.9072972205,231122.81058543146,331533.09292006824,4614.45225751275
2030-10-05 18:00:00,160515.69356703883,232612.05862096962,333168.4251547053,2886.3724763022315
2030-10-05 19:00:00,161664.47983685788,234101.3066565089,335694.9513549353,1230.073443438944
2030-10-05 20:00:00,162813.26610667745,235590.55469205588,341248.49657500663,6.468690116889775e-08
2030-10-05 21:00:00,163962.0523767652,237079.80272776098,347670.52337490517,609.3026354645528
2030-10-05 22:00:00,165110.83864685375,238569.05076346724,354092.5501748044,1910.112791198943
2030-10-05 23:00:00,166259.6249169424,240058.29879917385,360514.5769747036,2659.252868929634
2030-10-06 00:00:00,167408.41118702822,241547.54683488162,366936.603774603,3180.514724170748
2030-10-06 01:00:00,168557.1974571163,243036.7948705872,373358.6305745044,2944.7168772610767
2030-10-06 02:00:00,169705.9837272045,244526.04290629324,379780.65737440455,2732.592397402137
2030-10-06 03:00:00,170854.76999729278,246015.29094199958,386202.68417430425,2712.0284346568315
2030-10-06 04:00:00,172003.55626737833,247504.53897770715,392624.7109742033,2679.8496950394597
2030-10-06 05:00:00,173152.3425374663,248993.78701341298,399046.7377741023,2819.192400047184
2030-10-06 06:00:00,174301.12880755425,250483.03504911903,405468.7645740019,2937.2509560538588
2030-10-06 07:00:00,175449.9150776426,251972.28308482553,411890.79137390334,2960.6043028738536
2030-10-06 08:00:00,176598.70134772852,253461.53112053353,418312.81817380333,2945.973764482341
2030-10-06 09:00:00,177747.48761781698,254950.7791562398,424734.8449737029,3028.135939614286
2030-10-06 10:00:00,178896.2738879056,256440.0271919465,431156.8717736019,3081.393530934569
2030-10-06 11:00:00,180045.06015799462,257929.2752276537,437578.8985735008,3152.7586599091965
2030-10-06 12:00:00,181193.846428081,259418.52326336224,444000.9253734004,3177.7791805041397
2030-10-06 13:00:00,182342.63269817023,260907.77129906917,450422.95217330253,3222.8549075851906
2030-10-06 14:00:00,183491.41896825953,262397.0193347764,456844.97897320346,3306.8508482263214
2030-10-06 15:00:00,184640.20523834857,263886.26737048355,463267.0057731033,3370.6352361971103
2030-10-06 16:00:00,185788.9915084342,265375.51540619123,469689.032573002,3282.6284923848293
2030-10-06 17:00:00,186937.77777852214,266864.7634418971,476111.0593729007,3263.2973756799056
2030-10-06 18:00:00,188086.56404861002,268354.0114776031,482533.0861727999,3238.8976284105065
2030-10-06 19:00:00,189235.3503186982,269843.25951330934,488955.1129727014,3181.6206692626542
2030-10-06 20:00:00,190384.13658878396,271332.50754901714,495377.1397726015,3110.402972079577
2030-10-06 21:00:00,191532.92285887236,272821.7555847232,501799.1665725012,3148.260378449019
2030-10-06 22:00:00,192681.70912896108,274311.0036204299,508221.1933724005,3256.4704348413898
2030-10-06 23:00:00,193830.49539904995,275800.2516561368,514643.22017229965,3364.5031156896034
2030-10-07 00:00:00,194979.2816691357,277289.4996918447,521065.2469721991,3342.4604364133006
2030-10-07 01:00:00,196128.06793922395,278778.7477275506,527487.2737721009,3309.2032405695127
2030-10-07 02:00:00,197276.8542093122,280267.99576325685,533909.3005720015,3268.4076197113504
2030-10-07 03:00:00,198425.6404794005,281757.2437989633,540331.3273719015,3215.2989021422472
2030-10-07 04:00:00,199574.42674948607,283246.49183467083,546753.3541718008,3141.64669596115
2030-10-07 05:00:00,200723.21301957418,284735.7398703769,553175.3809717003,3152.0739478921982
2030-10-07 06:00:00,201871.99928966226,286224.98790608323,559597.4077716002,3122.998998945708
2030-10-07 07:00:00,203020.78555975086,287714.23594179004,566019.4345715021,3079.9917904401905
2030-10-07 08:00:00,204169.57182983714,289203.48397749825,572441.461371403,3058.2181266690945
2030-10-07 09:00:00,205318.3580999263,290692.73201320524,578863.4881713035,3182.4404613927936
2030-10-07 10:00:00,206467.14437001545,292181.98004891246,585285.5149712033,3268.4176425587248
2030-10-07 11:00:00,207615.93064010495,293671.22808462003,591707.5417711029,3411.0509501919187
2030-10-07 12:00:00,208764.71691019158,295160.47612032876,598129.5685710034,3553.4107368669224
2030-10-07 13:00:00,209913.50318028117,296649.72415603604,604551.5953709062,3933.26605194742
2030-10-07 14:00:00,211062.28945037068,298138.97219174344,610973.6221708077,4562.457784323303
2030-10-07 15:00:00,212211.0757204599,299628.2202274506,617395.6489707083,5565.719823231421
2030-10-07 16:00:00,213359.8619905454,301117.46826315793,623817.6757706074,6400.00999995315
2030-10-07 17:00:00,213380.25826110327,302311.3843359966,623517.8848430903,6257.631981686079
2030-10-07 18:00:00,213400.65453162993,302561.90858048166,621526.7451610038,6155.983477045467
2030-10-07 19:00:00,213421.0508021077,302764.96873718605,616698.3689711009,6073.56129184734
2030-10-07 20:00:00,213441.44707262676,302977.6445537818,610350.6379521325,6001.574897583681
2030-10-07 21:00:00,213461.84334313415,303177.85860298935,605327.1332276663,5940.495921979129
2030-10-07 22:00:00,213482.2396137301,303454.6873848939,604437.3465449868,5893.313238229007
2030-10-07 23:00:00,213502.6358843711,303781.1197532262,603764.7239192063,5850.252244053595
2030-10-08 00:00:00,213522.89906715267,304072.69098116126,602994.1172637406,5808.037428848706
2030-10-08 01:00:00,213543.16224986612,304299.3088702307,602026.1315444866,5767.1216841356345
2030-10-08 02:00:00,213563.42543255686,304501.6090388579,600289.576333073,5727.734934092324
2030-10-08 03:00:00,213583.68861522354,304681.5320962487,595405.8613451612,5688.998835326296
2030-10-08 04:00:00,213603.9517977978,304766.6068096577,586996.1125899141,5619.390390863144
2030-10-08 05:00:00,213624.21498026917,304827.4454783613,578537.2263209258,2366.5799303304175
2030-10-08 06:00:00,213644.47816275852,304890.4806121458,570083.6628402065,68.55271536158195
2030-10-08 07:00:00,213664.74134541533,305114.1707119592,569307.4593231905,2.4669546405675646e-07
2030-10-08 08:00:00,214813.39452739782,306592.19369470724,569829.6850899406,5.691951798780792e-08
2030-10-08 09:00:00,215962.04770964864,308070.2166776147,576251.7118898422,1248.9815686305174
2030-10-08 10:00:00,217110.70089189976,309548.2396605228,582673.7386897436,1866.5845897312765
2030-10-08 11:00:00,218259.35407415166,311026.2626434319,589095.7654896447,2622.263757420751
2030-10-08 12:00:00,219408.00725640092,312504.2856263423,595517.7922895459,3252.377233230085
2030-10-08 13:00:00,220556.66043865308,313982.3086092513,601939.8190894496,3974.6788370923196
2030-10-08 14:00:00,221705.3136209053,315460.33159216045,608361.8458893523,4981.81146077227
2030-10-08 15:00:00,222853.966803157,316938.35457506945,614783.8726892542,6400.009999942585
2030-10-08 16:00:00,224002.6199851399,318416.37755781936,618974.8124416586,6400.009999743466
2030-10-08 17:00:00,224022.88316785792,318713.0083064045,618558.4073806221,4129.692141738158
2030-10-08 18:00:00,224043.1463505764,319015.58026053506,618170.153910475,2044.509021655323
2030-10-08 19:00:00,224063.4095333056,319420.8563649897,617882.929672968,543.2224143218868
2030-10-08 20:00:00,224083.67271612867,320684.5151450797,617708.7663005788,4.414841896505095e-07
2030-10-08 21:00:00,225232.32589811916,322162.5381278209,617735.2713665619,32.76009393876984
2030-10-08 22:00:00,226380.9790801058,323640.5611105689,619948.3257601202,2052.426460668971
2030-10-08 23:00:00,227529.63226209336,325118.58409331844,623197.0483704662,3887.2828865771376
2030-10-09 00:00:00,228678.2854440785,326596.60707607033,625799.8313742212,5350.5060360162115
2030-10-09 01:00:00,229826.9386260657,328074.63005881704,627050.1118327131,6400.009999507323
2030-10-09 02:00:00,230434.66504907896,329552.65304107434,627050.1118319108,6400.0099993611175
2030-10-09 03:00:00,230454.92823185155,329860.135374357,626843.0572111068,6400.00999923717
2030-10-09 04:00:00,230475.19141453263,329989.0233920875,621640.4334302671,6400.009999956399
2030-10-09 05:00:00,229004.64999923704,328146.90926020907,613155.7897521709,3217.8809578573073
2030-10-09 06:00:00,227534.1085839414,326304.7951283307,604671.1460740748,4.529225188264149e-08
2030-10-09 07:00:00,227554.37176656383,326414.6257357575,598414.7793250314,6.064287450850485e-07
2030-10-09 08:00:00,227574.63494936717,326764.6990890352,598254.8717522976,1.926951430681367e-07
2030-10-09 09:00:00,228723.28813135394,328242.72207178123,604191.6817983815,5.8634409387538586e-08
2030-10-09 10:00:00,229871.9413136057,329720.7450546897,610613.7085982836,1958.011473123986
2030-10-09 11:00:00,231020.594495858,331198.7680375989,617035.7353981857,3953.639578485543
2030-10-09 12:00:00,232169.24767810723,332676.7910205089,623457.762198088,5946.48223410623
2030-10-09 13:00:00,233317.9008603584,334154.8140034161,629879.7889979909,6400.009999956777
2030-10-09 14:00:00,233338.16404316417,334502.6025614663,629879.7889978786,6400.009999959381
2030-10-09 15:00:00,231867.62262786983,332660.4884295888,621395.1453197949,6170.73793288353
2030-10-09 16:00:00,230397.08121257072,330818.37429771054,612910.5016417102,4711.945920760307
2030-10-09 17:00:00,228926.53979727288,328976.2601658298,604425.8579636246,3581.680909504082
2030-10-09 18:00:00,227455.99838197624,327134.1460339502,595941.2142855369,2596.606207811709
2030-10-09 19:00:00,225985.45696668045,325292.0319020713,587456.5706074539,1504.282337093916
2030-10-09 20:00:00,224514.9155513837,323449.9177701951,578971.9269293712,76.09367809293963
2030-10-09 21:00:00,223044.3741360902,321607.80363831786,570487.2832512882,5.5815689847804606e-08
2030-10-09 22:00:00,222551.27590887938,321655.4596205772,566255.0766990584,6.219488173921779e-07
2030-10-09 23:00:00,222481.52471639513,321703.1156029911,566096.1106223579,4.367806383243078e-07
2030-10-10 00:00:00,222501.78789916023,321875.94842828566,566096.1106228741,1786.641207301698
2030-10-10 01:00:00,222522.0510819111,322063.48148246534,566096.1106234841,4283.4393249430195
2030-10-10 02:00:00,222542.31426465162,322229.02938029857,566096.1106240485,6333.819270699961
2030-10-10 03:00:00,222558.85756013307,322276.68536241876,566091.2431629845,6330.142782235489
2030-10-10 04:00:00,222057.4497202051,322324.3413446904,560805.7252817246,5823.350319843745
2030-10-10 05:00:00,220790.08920034193,322371.9973270014,552523.1010088415,3203.5322292439246
2030-10-10 06:00:00,219505.85601646636,322419.6533093451,544226.2772634381,357.3286139872512
2030-10-10 07:00:00,219265.20847628012,322467.30929162476,543645.4270453787,3.4235341672683717e-07
2030-10-10 08:00:00,219285.4716591027,323375.0647990708,543645.427046421,4.361544370112824e-08
2030-10-10 09:00:00,220434.12484135354,324853.08778197825,550067.4538463409,575.9967581306016
2030-10-10 10:00:00,221582.7780236052,326331.11076488683,556489.4806462614,1686.1948901367014
2030-10-10 11:00:00,222731.43120585746,327809.13374779624,562911.5074461817,2847.7585397169305
2030-10-10 12:00:00,223880.08438810677,329287.15673070675,569333.534246099,3888.933345299293
2030-10-10 13:00:00,225028.73757035902,330765.17971361574,575755.5610460211,5080.53693491836
2030-10-10 14:00:00,226177.39075261093,332243.20269652456,582177.5878459424,6400.009999952764
2030-10-10 15:00:00,226975.25970278107,333721.22567880043,584270.6960476098,6400.009999652133
2030-10-10 16:00:00,226995.52288545313,333846.8436389888,584270.6960480311,6400.009999864763
2030-10-10 17:00:00,225524.98147096115,333762.1854063581,575786.0523707955,6400.0099999363765
2030-10-10 18:00:00,224054.44005566704,331920.07127448125,567301.4086927103,5600.360253327133
2030-10-10 19:00:00,222583.89864037247,330077.9571426037,558816.7650146298,5131.24589842949
2030-10-10 20:00:00,221113.3572250756,328235.84301072767,550332.1213365486,4745.641098210843
2030-10-10 21:00:00,219642.81580978094,326393.72887884965,541847.4776584666,4405.461193620312
2030-10-10 22:00:00,218172.27439448683,324551.6147469723,533362.8339803845,4096.339015647348
2030-10-10 23:00:00,216701.73297919295,322709.5006150952,524878.1903023024,3799.9513434866026
2030-10-11 00:00:00,215231.1915638962,320867.3864832191,516393.54662421724,3505.528485476379
2030-10-11 01:00:00,213760.65014860165,319025.2723513408,507908.9029461361,3215.140178362166
2030-10-11 02:00:00,212290.10873330644,317183.1582194622,499424.259268054,2917.3130798670395
2030-10-11 03:00:00,210819.5673180105,315341.0440875832,490939.6155899722,2602.220884012023
2030-10-11 04:00:00,209349.02590271138,313498.9299557054,482454.97191189794,2284.141340238532
2030-10-11 05:00:00,207878.4844874145,311656.8158238262,473970.3282338228,1858.811955855872
2030-10-11 06:00:00,206407.94307211792,309814.7016919473,465485.6845557473,1434.8053396238774
2030-10-11 07:00:00,204937.40165682064,307972.58756006736,457001.0408776677,868.9008098415469
2030-10-11 08:00:00,203466.86024152397,306130.47342819156,448516.3971995869,6.635877980443183e-08
2030-10-11 09:00:00,202430.1881951649,306178.1294103891,440383.8258285596,446.7281889278114
2030-10-11 10:00:00,202123.31528816035,306225.7853927197,438333.2820686567,2274.381847445294
2030-10-11 11:00:00,201841.74961333725,306273.441375077,436735.02379844483,4085.6363085887515
2030-10-11 12:00:00,201494.50341104384,306321.0973574121,432678.19879684015,5335.6809832619265
2030-10-11 13:00:00,200978.13616026507,306368.75333970605,425657.43786580686,6400.009999939984
2030-10-11 14:00:00,199507.59474497254,304526.63920783036,417172.79418772884,6400.00999880702
2030-10-11 15:00:00,198037.05332967814,302684.5250759531,408688.1505096473,6400.009998330838
2030-10-11 16:00:00,196566.51191437902,300842.41094407556,400203.50683156867,6400.009998031614
2030-10-11 17:00:00,195095.97049908258,299000.29681219696,391718.86315349734,6400.009997842126
2030-10-11 18:00:00,193625.4290837864,297158.18268031883,383234.2194754253,6400.0099977226555
2030-10-11 19:00:00,192154.88766848992,295316.0685484401,374749.5757973568,6400.009997650361
2030-10-11 20:00:00,190684.34625319098,293473.9544165627,366264.93211928086,6400.009997621799
2030-10-11 21:00:00,189213.80483789495,291631.84028468357,357780.2884412006,6400.0099976396095
2030-10-11 22:00:00,187743.26342260075,289789.72615280637,349295.6447631188,6400.009997708086
2030-10-11 23:00:00,186272.72200730705,287947.61202092964,340811.00108503713,6400.009997828815
2030-10-12 00:00:00,184802.18059201012,286105.4978890534,332326.3574069527,6400.009998009941
2030-10-12 01:00:00,183331.63917671482,284263.38375717483,323841.7137288784,6400.009998288999
2030-10-12 02:00:00,181861.0977614198,282421.26962529693,315357.0700508069,6400.0099987569165
2030-10-12 03:00:00,180390.55634612546,280579.1554934204,306872.42637274263,6400.009999998689
2030-10-12 04:00:00,178920.014930753,278737.041361461,298387.7826945834,4855.197224172294
2030-10-12 05:00:00,177449.4735153839,276894.9272295013,289903.13901642413,2522.1899923797773
2030-10-12 06:00:00,175978.93210001476,275052.81309754174,281418.4953382615,1.2656085687170823e-09
2030-10-12 07:00:00,174508.39068471905,273210.6989656639,272933.8516601886,4.248898532001735e-07
2030-10-12 08:00:00,173037.84926942192,271368.58483378746,264449.2079821083,4.210392771935817e-07
2030-10-12 09:00:00,171567.307854129,269526.47070191085,255964.56430402744,6.197952299450148e-08
2030-10-12 10:00:00,170636.19113380797,269574.12668410037,247823.034085295,1170.3879713286926
2030-10-12 11:00:00,170328.80271383,269621.7826664355,243848.4394963256,3794.4136447759606
2030-10-12 12:00:00,170012.75715376803,269669.43864879204,238959.34999137113,6400.009998597168
2030-10-12 13:00:00,168542.21573922216,268821.69728038553,230474.70631417414,6400.0099999289905
2030-10-12 14:00:00,167071.674323928,266979.5831485079,221990.0626360933,5973.191670351553
2030-10-12 15:00:00,165601.132908632,265137.46901662945,213505.41895801979,5728.829934437323
2030-10-12 16:00:00,164130.59149325948,263295.3548846699,205020.7752798605,2250.5799344392412
2030-10-12 17:00:00,162660.05007796345,261453.24075279146,196536.13160178607,941.8782421469593
2030-10-12 18:00:00,161189.5086626672,259611.1266209124,188051.48792370484,728.2689281146719
2030-10-12 19:00:00,159718.96724737264,257769.0124890345,179566.84424562394,451.8631837691996
2030-10-12 20:00:00,158248.42583207725,255926.8983571595,171082.20056754255,5.6131455039576394e-08
2030-10-12 21:00:00,157573.74422349044,255974.55433938687,163133.59825528177,2.5913766421581386e-07
2030-10-12 22:00:00,157594.0074062612,256304.41352658012,163133.59825583344,2.0782806006798375e-06
2030-10-12 23:00:00,157614.27058904606,256630.69546274215,163133.5982563553,2.7861312943184388e-06
2030-10-13 00:00:00,157634.53377183905,256997.105069702,163133.59825691066,3.156359177691781e-06
2030-10-13 01:00:00,157654.79695459598,257324.52854490103,163133.59825754596,3.32205218500685e-06
2030-10-13 02:00:00,157675.06013735643,257633.05550235242,163133.59825813342,3.3297546848984053e-06
2030-10-13 03:00:00,157695.32332011138,257960.76668779826,163133.59825869923,3.1785992530241532e-06
2030-10-13 04:00:00,157715.58650289522,258323.4421831032,163133.5982592179,2.8346343137211226e-06
2030-10-13 05:00:00,157735.84968563527,258684.44041741977,163133.5982598746,2.2104455325875885e-06
2030-10-13 06:00:00,157756.11286838382,259106.03451126802,163133.5982607434,8.124872583093545e-07
2030-10-13 07:00:00,158865.90456008233,260584.05749372064,169509.4664060103,4.957670559173066e-08
2030-10-13 08:00:00,160014.55774233176,262062.08047663068,175931.49320593086,1384.7046101946066
2030-10-13 09:00:00,161163.21092458387,263540.1034595391,182353.52000585117,2453.938473521212
2030-10-13 10:00:00,162311.8641068356,265018.12644244754,188775.54680577127,2780.033005501954
2030-10-13 11:00:00,163460.51728908747,266496.1494253561,195197.5736056911,3015.13229250142
2030-10-13 12:00:00,164609.17047133623,267974.1724082656,201619.60040560784,2927.7400459036057
2030-10-13 13:00:00,165757.82365358778,269452.1953911735,208041.62720552908,2823.8054201327304
2030-10-13 14:00:00,166906.47683583962,270930.2183740819,214463.65400544947,2934.6938918802307
2030-10-13 15:00:00,168055.1300180915,272408.24135699053,220885.68080536928,3026.408564964652
2030-10-13 16:00:00,169203.7832003403,273886.2643399001,227307.70760528857,2979.896297894957
2030-10-13 17:00:00,170352.43638259167,275364.28732280806,233729.73440520777,3008.773400585049
2030-10-13 18:00:00,171501.08956484325,276842.3103057164,240151.76120512374,3106.256620610941
2030-10-13 19:00:00,172649.74274709504,278320.33328862506,246573.78800504436,3106.1665621116326
2030-10-13 20:00:00,173798.3959293442,279798.3562715349,252995.81480496412,3057.284163291889
2030-10-13 21:00:00,174947.049111596,281276.3792544432,259417.84160488355,3071.225997361922
2030-10-13 22:00:00,176095.70229384804,282754.40223735204,265839.86840480263,3149.218321349333
2030-10-13 23:00:00,177244.3554761003,284232.42522026127,272261.8952047216,3246.0803551364297
2030-10-14 00:00:00,178393.0086583495,285710.4482031715,278683.9220046373,3281.3506678093763
2030-10-14 01:00:00,179541.66184060165,287188.4711860802,285105.948804558,3379.485748237478
2030-10-14 02:00:00,180690.3150228537,288666.494168989,291527.9756044779,3488.3066158286338
2030-10-14 03:00:00,181838.96820510546,290144.5171518977,297950.00240439735,3427.8220073160246
2030-10-14 04:00:00,182987.6213873543,291622.54013480747,304372.0292043165,3384.6222144876833
2030-10-14 05:00:00,184136.27456960574,293100.56311771565,310794.05600423575,3431.4707336670544
2030-10-14 06:00:00,185284.92775185686,294578.5861006237,317216.0828041519,3085.3239530850065
2030-10-14 07:00:00,186433.58093410835,296056.60908353206,323638.1096040727,2939.4770346647274
2030-10-14 08:00:00,187582.23411635746,297534.632066442,330060.1364039925,3030.8210556668614
2030-10-14 09:00:00,188730.88729860948,299012.6550493506,336482.1632039119,3309.041491525842
2030-10-14 10:00:00,189879.54048086167,300490.6780322594,342904.19000383094,3684.5043771061737
2030-10-14 11:00:00,191028.19366311398,301968.7010151685,349326.21680374985,4248.305430164152
2030-10-14 12:00:00,192176.84684536315,303446.7239980783,355748.2436036657,5064.271618880959
2030-10-14 13:00:00,193325.5000276148,304924.7469809863,362170.2704035866,6400.009999952448
2030-10-14 14:00:00,194261.57979533743,306402.769963222,366397.86560059583,6400.009999606608
2030-10-14 15:00:00,194281.84297803586,306731.7798482293,366397.86560116557,6400.009999783559
2030-10-14 16:00:00,192811.30156348937,305622.2293939706,357913.22192381596,3478.250002023815
2030-10-14 17:00:00,191340.76014819313,303780.11526209145,349428.5782457312,2.113267541004315e-06
2030-10-14 18:00:00,190465.03795502178,303827.771244282,341304.73093021405,2.9258814891375136e-07
2030-10-14 19:00:00,190485.30113771782,304195.8140512587,341304.7309309501,4.2059112169386575e-07
2030-10-14 20:00:00,191408.77678683028,305673.8370335779,343079.14022202854,4.741119138644264e-08
2030-10-14 21:00:00,192557.42996908177,307151.86001648597,349501.1670219475,913.9171048885664
2030-10-14 22:00:00,193706.08315133426,308629.88299939537,355923.1938218668,2462.5665331983264
2030-10-14 23:00:00,194854.73633358692,310107.9059823052,362345.2206217861,3874.05935394615
2030-10-15 00:00:00,196047.31853906877,311573.515453541,368767.247421702,5038.510892078428
2030-10-15 01:00:00,197239.90074455302,313039.1249247749,375189.27422162256,5874.012551261963
2030-10-15 02:00:00,198432.48295003694,314504.7343960087,381611.30102154176,6400.009999949223
2030-10-15 03:00:00,199453.3828025546,315970.34386665316,386862.4091206883,6400.009998368999
2030-10-15 04:00:00,199517.575008507,316560.946658259,386862.4091214995,6141.531492038654
2030-10-15 05:00:00,199581.76721441516,316839.7557676919,386862.4091219697,5970.450985835177
2030-10-15 06:00:00,199349.5976629371,316874.9982382375,384719.9681929303,2492.2009861746005
2030-10-15 07:00:00,199413.78986886502,317280.13943722314,384719.96819369355,2375.091352151578
2030-10-15 08:00:00,200606.37207344384,318745.7489082,391141.99499258323,3212.6193759218945
2030-10-15 09:00:00,201798.95427892843,320211.3583794345,397564.0217925033,6156.610175828735
2030-10-15 10:00:00,202991.53648346302,321676.9678504041,403986.04859125504,6400.009997089303
2030-10-15 11:00:00,204002.17644575215,323142.57732102025,408663.0770564289,6400.009999060898
2030-10-15 12:00:00,204066.36865171633,324521.68685478164,408663.07705751143,6400.0099990952895
2030-10-15 13:00:00,204130.5608576632,324783.93249208364,408663.07705801877,6400.009999956611
2030-10-15 14:00:00,202703.94846560154,322929.40484853194,400178.43337993504,5640.274821557383
2030-10-15 15:00:00,201277.33607353742,321074.87720497826,391693.78970185015,4923.996058155498
2030-10-15 16:00:00,199850.72368147,319220.34956142586,383209.1460237734,4391.222312040975
2030-10-15 17:00:00,198424.111289405,317365.8219178719,374724.5023456964,3860.0701477904176
2030-10-15 18:00:00,196997.49889734003,315511.29427431774,366239.85866761126,3407.3153317503525
2030-10-15 19:00:00,195570.88650527626,313656.76663076435,357755.2149895273,2938.2092241663518
2030-10-15 20:00:00,194144.27411321216,311802.2389872142,349270.57131144346,2502.4715749639845
2030-10-15 21:00:00,192717.66172115115,309947.711343663,340785.92763335956,2087.1367718327406
2030-10-15 22:00:00,191291.04932909022,308093.18370011216,332301.2839552753,1618.536448627574
2030-10-15 23:00:00,189864.43693702982,306238.656056562,323816.64027719107,1088.1433710171536
2030-10-16 00:00:00,188437.82454496663,304384.128413013,315331.9965991038,355.0066040149952
2030-10-16 01:00:00,187011.21215294144,302529.60076950776,306847.3529210561,1111.3202389175035
2030-10-16 02:00:00,185584.59976124976,300711.49945390696,298362.70924334956,4055.3110387537076
2030-10-16 03:00:00,184157.9873692239,298856.9718104018,289878.0655653013,6051.941112770928
2030-10-16 04:00:00,182731.3749771598,297002.4441668523,281393.421887217,4069.959565736794
2030-10-16 05:00:00,181304.76258509705,295147.91652330017,272908.77820913214,1916.9008502799827
2030-10-16 06:00:00,179878.15019303482,293293.38887974876,264424.1345310446,6.505005292765195e-08
2030-10-16 07:00:00,179445.46672786004,293328.6313503141,256529.99815534515,5.572127955874627e-07
2030-10-16 08:00:00,179357.05660041998,293363.87382104184,256048.98954685454,2.9767819660539866e-07
2030-10-16 09:00:00,179421.2488063398,293867.5021149363,256048.98954758857,1.7051764557458452e-06
2030-10-16 10:00:00,179611.13295317485,295333.1115854487,256223.65827240236,323.5778733489148
2030-10-16 11:00:00,180437.48937110344,296798.72105603665,256804.2285808288,2094.2374752805276
2030-10-16 12:00:00,181396.2716232482,298264.3305266835,257913.90713668705,4416.321162530936
2030-10-16 13:00:00,182246.30195814086,299729.9399972265,258628.84749474723,6400.009998300753
2030-10-16 14:00:00,182310.49416403403,300562.1006861269,258628.84749569546,6400.009999774245
2030-10-16 15:00:00,182125.41775154098,300597.3431567441,256773.76920859457,6400.009999946441
2030-10-16 16:00:00,180698.8053594754,298742.8155131933,248289.12553050986,4014.2933449599177
2030-10-16 17:00:00,179272.1929674113,296888.28786963987,239804.48185242465,1696.0674938483153
2030-10-16 18:00:00,177845.5805753485,295033.76022608776,231319.83817433703,5.5169337574211894e-08
2030-10-16 19:00:00,177725.854716744,295069.0026967329,230729.37656254668,2.088025177881849e-07
2030-10-16 20:00:00,177790.0469226615,296306.32981780334,230729.3765634711,5.996890594743185e-07
2030-10-16 21:00:00,178796.77008576354,297771.9392883942,233532.18680885978,2.444053353129115e-06
2030-10-16 22:00:00,179989.35229124833,299237.5487596281,239954.21360877863,2943.9908023475755
2030-10-16 23:00:00,181025.99162419306,300703.15823028213,244696.10861560557,2943.990802520598
2030-10-17 00:00:00,181440.53344534105,302168.76770091977,244994.02944524263,2943.99080279219
2030-10-17 01:00:00,181504.72565121966,302946.1708754817,244994.02944618987,2666.6348094208665
2030-10-17 02:00:00,181568.91785711047,303575.45345707476,244994.02944706602,2350.13517907518
2030-10-17 03:00:00,181633.1100630023,304164.6769226116,244994.02944786786,2006.3671792842756
2030-10-17 04:00:00,181697.30226891316,304660.88364045083,244994.02944840727,1549.756901077618
2030-10-17 05:00:00,181761.49447481128,305004.5217466395,244994.0294488748,899.9539833140158
2030-10-17 06:00:00,181825.6866806891,305464.39942324226,244994.02944949438,1.868865548893519e-06
2030-10-17 07:00:00,182832.09108685103,306930.00889380154,249944.7762773266,4.9211080245899225e-08
2030-10-17 08:00:00,184024.67329233218,308395.618365037,256366.8030772462,1336.9207843804952
2030-10-17 09:00:00,185217.25549781622,309861.2278362711,262788.8298771654,2250.217486745484
2030-10-17 10:00:00,186409.83770330055,311326.83730750566,269210.85667708394,2920.088481673236
2030-10-17 11:00:00,187602.4199087851,312792.44677874056,275632.8834770023,3484.9940993490654
2030-10-17 12:00:00,188795.00211426648,314258.0562499763,282054.91027691757,4035.0636372481185
2030-10-17 13:00:00,189987.5843197505,315723.66572121024,288476.937076838,4907.608178496637
2030-10-17 14:00:00,191180.16652523406,317189.2751924441,294898.9638767576,6125.122603030408
2030-10-17 15:00:00,192372.7487307164,318654.88466367684,301320.99067667563,6400.009999947404
2030-10-17 16:00:00,193367.7626546508,320120.4941342811,303324.0075162758,3997.8817891022445
2030-10-17 17:00:00,194343.15841797585,321586.1036047748,305220.8681404375,1765.9346276958681
2030-10-17 18:00:00,195364.29085659888,323051.71307533013,310430.9916358277,5.463229842784077e-08
2030-10-17 19:00:00,196556.8730620816,324517.3225465631,316853.018435747,523.0076318744422
2030-10-17 20:00:00,197749.4552675626,325982.9320177983,323275.0452356661,1584.6913369987224
2030-10-17 21:00:00,198942.03747304637,327448.54148903204,329697.07203558506,2539.8634487954755
2030-10-17 22:00:00,200134.6196785306,328914.1509602664,336119.09883550374,3707.7908314988313
2030-10-17 23:00:00,201327.20188401485,330379.76043150097,342541.12563542236,4678.649009388071
2030-10-18 00:00:00,202519.78408949586,331845.3699027363,348963.15243533754,5521.655025504215
2030-10-18 01:00:00,203712.3662949793,333310.9793739695,355385.17923525727,6164.58574307328
2030-10-18 02:00:00,204904.94850046257,334776.5888452028,361807.20603517565,6400.009999948515
2030-10-18 03:00:00,205939.81919722818,336242.19831582205,366239.916250014,6400.009997562174
2030-10-18 04:00:00,206004.01140335394,337685.4152428682,366239.9162515537,6297.479235746088
2030-10-18 05:00:00,206068.2036092026,338518.16914452496,366239.91625227255,3037.3141457678526
2030-10-18 06:00:00,206132.3958150543,339781.336925225,366239.916253118,4.8914814009271926e-08
2030-10-18 07:00:00,207324.97802053712,341246.9463964581,372661.9430530376,744.3225931337348
2030-10-18 08:00:00,208517.56022601845,342712.5558676935,379083.9698529567,1818.061779065709
2030-10-18 09:00:00,209710.14243150258,344178.1653389276,385505.9966528754,2562.8504904755446
2030-10-18 10:00:00,210902.7246369867,345643.77481016185,391928.0234527937,3004.5088643308004
2030-10-18 11:00:00,212095.30684247107,347109.3842813964,398350.0502527117,3420.457531920154
2030-10-18 12:00:00,213287.8890479523,348574.993752632,404772.0770526265,3817.2326700843983
2030-10-18 13:00:00,214480.47125343623,350040.6032238658,411194.10385254654,4390.582033859492
2030-10-18 14:00:00,215673.0534589198,351506.21269509953,417616.1306524659,5058.798658032454
2030-10-18 15:00:00,216865.63566440315,352971.8221663332,424038.15745238477,6161.129991371669
2030-10-18 16:00:00,218058.21786988262,354437.43163756694,430460.1842523009,3400.8385079675163
2030-10-18 17:00:00,219250.80007536433,355903.0411087985,436882.211052217,714.696033299798
2030-10-18 18:00:00,220443.38228084665,357368.65058003104,443304.237852131,391.4826321874166
2030-10-18 19:00:00,221635.96448632996,358834.2600512647,449726.2646520507,1302.863060988745
2030-10-18 20:00:00,222828.5466918113,360299.8695225003,456148.29145196965,2017.5375247995025
2030-10-18 21:00:00,224021.12889729545,361765.47899373446,462570.3182518884,2654.745995946856
2030-10-18 22:00:00,225213.71110278004,363231.08846496925,468992.34505180665,3380.028963343302
2030-10-18 23:00:00,226406.2933082647,364696.69793620426,475414.3718517248,4029.0377562968133
2030-10-19 00:00:00,227598.8755137462,366162.3074074401,481836.39865163993,4662.531311564129
2030-10-19 01:00:00,228791.45771923024,367627.9168786741,488258.42545155983,5249.676574496745
2030-10-19 02:00:00,229984.0399247142,369093.5263499083,494680.4522514786,6175.015449872708
2030-10-19 03:00:00,231176.6221301977,370559.13582114223,501102.4790513962,6400.0099999470085
2030-10-19 04:00:00,232246.57296061845,372024.7452918187,506471.1429811454,4461.207789268867
2030-10-19 05:00:00,233288.18512049518,373490.35476238024,510705.92785848666,2355.9592409744587
2030-10-19 06:00:00,234328.26996400597,374955.9642329385,515014.84518802527,5.3213374630661665e-08
2030-10-19 07:00:00,235520.8521694895,376421.5737041723,521436.8719879451,1092.5745892057882
2030-10-19 08:00:00,236713.4343749712,377887.1831754082,527858.898787864,2016.6769742356196
2030-10-19 09:00:00,237906.0165804559,379352.79264664295,534280.9255877826,2727.6542162884853
2030-10-19 10:00:00,239098.5987859407,380818.4021178778,540702.9523877008,3226.940449799079
2030-10-19 11:00:00,240291.1809914256,382284.0115891129,547124.9791876188,3703.3955864973886
2030-10-19 12:00:00,241483.76319690738,383749.6210603488,553547.0059875337,4253.5796533740995
2030-10-19 13:00:00,242676.34540239186,385215.23053158313,559969.0327874538,5209.127414585534
2030-10-19 14:00:00,243868.92760787572,386680.840002817,566391.0595873732,6400.009999950881
2030-10-19 15:00:00,243979.61075535842,388146.44947324536,566469.6221438668,6400.009997937583
2030-10-19 16:00:00,244043.80296134565,388531.8297017614,566469.6221441888,4286.46180155289
2030-10-19 17:00:00,244107.99516729356,388908.3213936352,566469.6221445099,2862.524950869624
2030-10-19 18:00:00,244172.1873731078,389769.1969101206,566469.6221451551,2339.648692606927
2030-10-19 19:00:00,244236.3795789702,391141.85077020817,566469.6221461976,2195.2488992098974
2030-10-19 20:00:00,245316.43501848466,392607.4602408958,568715.9785815809,2195.248899337122
2030-10-19 21:00:00,246415.1288935238,394073.0697115472,574386.1068255183,2195.248899429885
2030-10-19 22:00:00,247607.71109813446,395538.67918252555,580808.1336243851,4261.060754959624
2030-10-19 23:00:00,248708.75460969252,397004.28865322185,585987.9490062841,4261.06075510553
2030-10-20 00:00:00,249808.88886576204,398469.89812394907,590000.3045548282,4261.060755238304
2030-10-20 01:00:00,250887.91445631214,399935.5075945897,591246.2776183028,4261.060755407865
2030-10-20 02:00:00,251037.3755059638,401401.11706512293,591347.6281927391,4261.060755422752
2030-10-20 03:00:00,251101.56771259266,402679.63609886036,591347.6281934687,3959.820409403933
2030-10-20 04:00:00,251165.75991943176,403881.5786041036,591347.6281941137,3556.3173293214713
2030-10-20 05:00:00,251229.9521254459,404976.77815945586,591347.6281946925,3113.834673848167
2030-10-20 06:00:00,251294.14433147517,405379.2888809601,591347.628195143,734.9536049058346
2030-10-20 07:00:00,251358.3365380563,406584.31840145326,591347.628195971,4.676678599935258e-08
2030-10-20 08:00:00,252550.9187435381,408049.9278726891,597769.6549958903,1002.2690079301868
2030-10-20 09:00:00,253743.50094902335,409515.5373439243,604191.6817958098,2270.927403721386
2030-10-20 10:00:00,254936.08315450852,410981.14681515953,610613.7085957286,3077.711229508325
2030-10-20 11:00:00,256128.66535999408,412446.75628639525,617035.7353956472,4022.9355376516214
2030-10-20 12:00:00,257321.24756547657,413912.36575763166,623457.7621955632,5163.6429334042505
2030-10-20 13:00:00,258513.82977096166,415377.97522886633,629879.7889954838,6400.009999957879
2030-10-20 14:00:00,258578.021977898,416758.99999993964,629879.788998391,6400.009999959568
2030-10-20 15:00:00,257234.0316761368,415000.43159104156,625092.5651976449,5761.901957185354
2030-10-20 16:00:00,255887.0249777165,413239.46754247585,617286.7234555687,4895.9266647920595
2030-10-20 17:00:00,254535.4823582381,411468.2108725,609549.0463755684,4249.014412542602
2030-10-20 18:00:00,253191.23286204715,409704.96445138217,601913.3014821426,3687.092534135402
2030-10-20 19:00:00,251854.9886368042,407949.1422868937,594444.829529733,3145.759964965617
2030-10-20 20:00:00,250539.8421196729,406218.44702908985,587142.975124316,2652.6095409802197
2030-10-20 21:00:00,249227.79669420165,404485.91230381996,582009.910050791,2253.3514261558284
2030-10-20 22:00:00,248788.58561040976,403927.67345202266,581807.954591859,2149.4792954310165
2030-10-20 23:00:00,248852.77781603782,403962.91592339013,581807.9545918913,2809.598426667355
2030-10-21 00:00:00,248580.5902601653,403633.10348499304,581626.0156353848,2705.4024855956827
2030-10-21 01:00:00,248607.5195996457,403626.96647577605,581576.6587231704,2669.4017176391853
2030-10-21 02:00:00,248671.71180527256,403662.208947142,581576.6587232079,2932.837581324592
2030-10-21 03:00:00,248401.41927369332,403315.4238847468,581391.9542910897,2824.0780605174787
2030-10-21 04:00:00,247138.864800475,401643.1036804277,580261.5117908908,2414.2380180361647
2030-10-21 05:00:00,245852.11097415243,399940.6407211493,577103.319997069,1753.672242900874
2030-10-21 06:00:00,244559.53988106985,398232.36708273855,571651.9398331668,616.439568153959
2030-10-21 07:00:00,243333.97712116377,396597.8379093251,571128.5318350798,1.167870777862845e-07
2030-10-21 08:00:00,244240.94319913702,397730.4011302195,577424.9666473918,6.286609277594835e-08
2030-10-21 09:00:00,245433.525404626,399196.01060144865,583846.9934472971,4.433900260578374e-08
2030-10-21 10:00:00,246626.10761016386,400661.6200727268,590269.020247253,1939.1996402080058
2030-10-21 11:00:00,247818.68981570198,402127.22954400524,596691.0470472088,4195.02722393695
2030-10-21 12:00:00,249011.27202124055,403592.83901528426,603113.0738471651,6400.009999954653
2030-10-21 13:00:00,250203.8542267301,405058.44848651363,609535.1006470722,6400.009999960715
2030-10-21 14:00:00,250064.9464627708,404842.2875218506,609375.3852591742,6400.009998794476
2030-10-21 15:00:00,248793.36281087826,403145.0982260914,604810.2670415867,6400.00999829276
2030-10-21 16:00:00,247497.75224467562,401435.1255786278,598631.1644227774,6400.009997977024
2030-10-21 17:00:00,246175.34615668957,399693.2363159844,590826.2593704748,6400.009997769757
2030-10-21 18:00:00,244877.71417987245,397973.8073187945,584856.4278743948,6400.009997626547
2030-10-21 19:00:00,243600.59864507883,396267.1265886742,581964.8223535699,6400.0099975301955
2030-10-21 20:00:00,242353.31473113628,394588.9679001345,579225.2403868278,6400.009997483307
2030-10-21 21:00:00,241103.0648252609,392898.6021795305,576528.6680022852,6400.009997482022
2030-10-21 22:00:00,239870.27673229948,391223.59408826847,573990.0936634917,6400.009997525477
2030-10-21 23:00:00,238654.21704358672,389562.53195252665,571639.9379881064,6400.009997615945
2030-10-22 00:00:00,237388.35557280626,387915.02021903335,569422.0029334469,6400.009997753452
2030-10-22 01:00:00,236110.13306044522,386247.4848461344,567646.2047477122,6400.009997961711
2030-10-22 02:00:00,234832.5775493142,384582.4923159647,565902.7208751327,6400.009998272808
2030-10-22 03:00:00,233546.03789643093,382913.08179061505,563694.8236569848,6400.009998782146
2030-10-22 04:00:00,232134.4419764289,381137.73109507124,555329.248429306,6400.00999999867
2030-10-22 05:00:00,230658.99512048007,379293.40409659984,546844.6047511469,4142.912429057382
2030-10-22 06:00:00,229183.54826453124,377449.07709812844,538359.9610729876,1808.9066367245964
2030-10-22 07:00:00,227708.10140858244,375604.7500996571,529875.3173948285,1.2014425010420382e-09
2030-10-22 08:00:00,226428.47881146296,373948.98531426635,527639.3497101563,496.45271453551663
2030-10-22 09:00:00,225182.11748959226,372304.69980990427,526098.5559734051,838.1446185273169
2030-10-22 10:00:00,223961.61794967056,370683.52486605005,524708.402403123,1107.978616280155
2030-10-22 11:00:00,223183.20186436357,369352.1519861338,524348.7313138202,1947.2553384398009
2030-10-22 12:00:00,222477.0256423185,368087.1931975183,524014.2606340589,2680.7666672477612
2030-10-22 13:00:00,221265.9763044074,366469.9982660251,522926.0664852098,2895.3763616725023
2030-10-22 14:00:00,220034.4461539691,364838.7048302557,521551.0796287126,3097.6038216059587
2030-10-22 15:00:00,218753.3949805499,363171.2162178698,520039.9341565862,3245.0234546999404
2030-10-22 16:00:00,217277.94812476187,361326.8892195636,511555.29047861265,1762.9389737639012
2030-10-22 17:00:00,215960.23065540547,359633.7556784793,505262.3275095773,1898.7441697077809
2030-10-22 18:00:00,214685.54431405125,357970.6475876072,503827.60048978875,2053.020504855155
2030-10-22 19:00:00,213444.9504084832,356336.86199882074,502651.37182436243,2201.130799960074
2030-10-22 20:00:00,212240.22264464977,354734.1340379534,501411.0734369105,2350.953459370756
2030-10-22 21:00:00,211029.68383386752,353114.91634130495,500145.9294845922,2503.8307102972426
2030-10-22 22:00:00,209832.4105196414,351508.80664367357,498920.2597368595,2658.062861999596
2030-10-22 23:00:00,208640.19585036693,349909.37565585243,497703.57716331305,2810.4785060109652
2030-10-23 00:00:00,207452.11934621367,348319.13957559445,496513.31583502557,2953.8603905008767
2030-10-23 01:00:00,206251.69541734134,346705.812602896,495434.3133257679,3096.7860644341226
2030-10-23 02:00:00,205052.6113736812,345096.03630853596,494299.9451210997,3242.4297136061546
2030-10-23 03:00:00,203852.05967055567,343487.2449310808,493120.33025800483,3390.6640663234384
2030-10-23 04:00:00,202652.92340708256,341887.2719281976,491959.98499024025,3542.8413828416383
2030-10-23 05:00:00,201390.08218504032,340230.3021596785,490622.62697125785,3672.880387232233
2030-10-23 06:00:00,200114.37628641885,338565.070443208,488800.6212583453,3802.442724842295
2030-10-23 07:00:00,198875.45427126944,336930.24286460876,487754.1294757233,3938.3355308353016
2030-10-23 08:00:00,197688.40457319893,335336.6719766401,486676.2576313233,4087.0058709964737
2030-10-23 09:00:00,196505.3036617956,333735.1678406405,485666.5425787374,4247.427230358858
2030-10-23 10:00:00,195652.925003134,332318.9729547229,485265.4259574299,4510.172528917143
2030-10-23 11:00:00,195282.98651482956,331474.3210932461,485002.66862366133,5155.8657916937145
2030-10-23 12:00:00,194383.15734438473,330043.2356473915,484579.5489570613,5446.4837198621635
2030-10-23 13:00:00,193213.3080026322,328446.83913257474,483714.8212431961,5696.646771737419
2030-10-23 14:00:00,192017.9429773588,326839.4744897083,482807.1147215418,6037.678955974463
2030-10-23 15:00:00,190723.78924391652,325162.82276795636,476640.29910071724,6400.009999998689
2030-10-23 16:00:00,189248.34238796783,323318.4957694851,468155.6554225583,3740.301720045036
2030-10-23 17:00:00,187772.89553201906,321474.1687710137,459671.01174439944,1195.4513042243614
2030-10-23 18:00:00,186297.44867607034,319629.84177254234,451186.3680662402,1.909162358086182e-09
2030-10-23 19:00:00,185000.85089001158,317950.37855805294,444272.127791435,698.8402535870445
2030-10-23 20:00:00,183784.92853005268,316333.1895122813,442921.02763257583,1353.757950975981
2030-10-23 21:00:00,182582.8212459868,314713.9783967781,442092.78737516765,2027.4756040721122
2030-10-23 22:00:00,181395.03145081087,313109.9049099758,441238.13104526285,2633.0620987903662
2030-10-23 23:00:00,180224.4304334934,311521.6909142671,440368.29805252224,3252.0203003490506
2030-10-24 00:00:00,179058.40314816704,309943.89107020135,439549.4205664022,3834.937438446369
2030-10-24 01:00:00,177869.99637010155,308336.5252437666,438815.48295342416,4435.754249762307
2030-10-24 02:00:00,176674.0288924002,306723.89400305896,438050.46338101686,5112.141485479058
2030-10-24 03:00:00,175451.74187687962,305097.78357173054,436648.47399283893,5863.974331437676
2030-10-24 04:00:00,174150.86538495502,303424.72114793194,428879.822920983,6400.009999998637
2030-10-24 05:00:00,172675.4185290063,301580.39414946066,420395.17924282386,3404.0795421806997
2030-10-24 06:00:00,171199.9716730576,299736.0671509894,411910.53556466487,1.352031473066038e-09
2030-10-24 07:00:00,169724.52481713382,297891.74015254324,403425.8918865328,1.688992019658212e-08
2030-10-24 08:00:00,168492.78188280464,296268.06981380476,401434.3126122407,861.2086686205166
2030-10-24 09:00:00,167309.97870429067,294669.52657590667,400661.9082284243,1785.7098861754082
2030-10-24 10:00:00,166149.4159180609,293084.6599076783,399803.9438988967,2547.024340350955
2030-10-24 11:00:00,165009.78802724316,291510.8412923551,398918.99549477774,3263.4082452046755
2030-10-24 12:00:00,163886.00882333415,289953.227116231,398093.1705568067,3982.3519214698745
2030-10-24 13:00:00,162741.48926394564,288369.572897121,397320.0184053181,4845.4248342164165
2030-10-24 14:00:00,161577.03300569553,286785.4073375081,396648.67411989573,6003.75929241849
2030-10-24 15:00:00,160273.75786886195,285104.8789864322,388860.72268306883,6400.009999998724
2030-10-24 16:00:00,158798.31101291333,283260.5519879611,380376.0790049101,4342.653636856843
2030-10-24 17:00:00,157322.86415696464,281416.2249894899,371891.4353267513,2730.239697794447
2030-10-24 18:00:00,155847.417301016,279571.89799101866,363406.79164859257,1272.37304110781
2030-10-24 19:00:00,154371.9704450674,277727.5709925475,354922.14797043364,350.53434819540917
2030-10-24 20:00:00,152896.52358911926,275883.2439940769,346437.5042922749,486.9660374721551
2030-10-24 21:00:00,151421.07673317104,274038.91699560615,337952.8606141161,2008.3992617038025
2030-10-24 22:00:00,149945.62987722282,272194.5899971354,329468.2169359574,3762.0283636945055
2030-10-24 23:00:00,148470.18302127463,270350.2629986647,320983.57325779856,6072.820688561045
2030-10-25 00:00:00,146994.7361653262,268505.9360001938,312498.9295796394,5990.202577366938
2030-10-25 01:00:00,145519.28930937775,266661.6090017228,304014.28590148035,5561.315888573532
2030-10-25 02:00:00,144043.84245342933,264817.2820032518,295529.6422233214,5014.670976096275
2030-10-25 03:00:00,142568.3955974808,262972.95500478067,287044.9985451629,4432.226852895397
2030-10-25 04:00:00,141092.94874153222,261128.62800630965,278560.35486700415,3801.7863586279395
2030-10-25 05:00:00,139617.50188558357,259284.30100783845,270075.7111888451,3155.2372559697023
2030-10-25 06:00:00,138142.0550296349,257439.9740093673,261591.067510686,2474.437939072486
2030-10-25 07:00:00,136666.60817368623,255595.6470108961,253106.42383252713,1743.1314823863872
2030-10-25 08:00:00,135191.16131773771,253751.32001242504,244621.78015436858,918.4930987595592
2030-10-25 09:00:00,133715.71446178915,251906.9930139539,236137.13647620968,1.6228796084760688e-09
2030-10-25 10:00:00,132419.7940414075,250229.48175532185,228222.00916489275,720.7402941806523
2030-10-25 11:00:00,131198.14735604532,248608.45612178318,224741.3255075652,2537.5961059496517
2030-10-25 12:00:00,130008.23209436676,247013.24718051776,223371.0227303628,4588.890032375383
2030-10-25 13:00:00,128766.02582671825,245369.33620276488,219150.23157963247,6400.009999981247
2030-10-25 14:00:00,127290.57897079497,243525.009204319,210665.58790149985,6400.009999998811
2030-10-25 15:00:00,125815.13211484635,241680.6822058478,202180.9442233412,5047.583297653007
2030-10-25 16:00:00,124339.6852588977,239836.35520737668,193696.30054518202,4084.0018368395845
2030-10-25 17:00:00,122864.23840294902,237992.0282089054,185211.65686702286,3258.4804425839716
2030-10-25 18:00:00,121388.79154700032,236147.7012104341,176727.01318886376,2458.6647302831384
2030-10-25 19:00:00,119913.3446910517,234303.37421196292,168242.3695107052,1647.1890825081357
2030-10-25 20:00:00,118437.89783510318,232459.04721349187,159757.72583254657,767.1585519464204
2030-10-25 21:00:00,116962.4509791546,230614.72021502067,151273.0821543875,1.6131025404320098e-09
2030-10-25 22:00:00,115701.18942103596,228965.3574280986,143787.36739864285,1.1579195844602329e-06
2030-10-25 23:00:00,114482.49605612755,227348.57308082585,140961.67888796984,1.5684352092648624e-06
2030-10-26 00:00:00,113299.52125110556,225757.38398784783,139793.11734318553,1.8003182626172409e-06
2030-10-26 01:00:00,112111.97883033947,224147.5488736111,139060.02885730023,1.9345816528460673e-06
2030-10-26 02:00:00,110941.32758604862,222555.6644567777,138293.57865447394,2.013049739079587e-06
2030-10-26 03:00:00,109768.19677071038,220966.1684123106,137469.12168289098,2.0390910515192874e-06
2030-10-26 04:00:00,108586.62400310664,219373.45382348515,136525.89731598963,2.0074100676252927e-06
2030-10-26 05:00:00,107315.14391796141,217713.26018901152,132974.7063027293,1.9266200500804906e-06
2030-10-26 06:00:00,106032.11967800166,216048.7300659715,127460.09545977903,1.7839345624531025e-06
2030-10-26 07:00:00,104782.57696272791,214402.90148936174,126361.77019093669,1.5281462950796293e-06
2030-10-26 08:00:00,103623.47046930222,212830.07678175945,125418.72256729545,1.1251981045853166e-06
2030-10-26 09:00:00,102481.64400092844,211253.89208133906,124553.77077647772,1.7403565104520455e-07
2030-10-26 10:00:00,102565.2473024197,211359.075109411,124657.67311696973,127.25909134858415
2030-10-26 11:00:00,103398.33874995209,212099.54014340934,130842.19253427045,978.0212613879554
2030-10-26 12:00:00,104447.63377037976,213446.16535910693,137168.90004442525,3540.4441791094305
2030-10-26 13:00:00,105461.81412284075,214702.85956471995,143497.13536120483,5793.475576868843
2030-10-26 14:00:00,106016.8635573977,215140.24389972954,149605.33663993696,6400.009999796016
2030-10-26 15:00:00,105607.35868512875,214287.52626219345,149329.67486941308,5888.154470696667
2030-10-26 16:00:00,104456.10390622848,212722.3448871731,148287.79067575774,4199.072231186307
2030-10-26 17:00:00,103267.1057589923,211122.5294836241,147202.80203526616,2808.3385108180837
2030-10-26 18:00:00,102102.33522274917,209543.55893013114,146227.28278320914,1447.523715251157
2030-10-26 19:00:00,101006.40029020507,208005.06300598226,145616.52744269895,92.68314680307662
2030-10-26 20:00:00,100982.74544235902,208006.3587609792,145563.75659494178,2.0371908249217086e-07
2030-10-26 21:00:00,101211.1887906931,208225.29173170062,146667.0807970125,2180.221575496577
2030-10-26 22:00:00,101226.54653236392,208270.73484808582,146667.0807969191,1659.479790917718
2030-10-26 23:00:00,101489.6608593483,208527.00685580622,148351.37031583543,3817.363332546496
2030-10-27 00:00:00,101774.74654184251,208810.9864807405,150895.07472532534,6135.562967129259
2030-10-27 01:00:00,101872.68630406934,208926.74994082405,151050.21142049468,6400.009999795537
2030-10-27 02:00:00,100737.54309605742,207363.69801575883,150186.82193245893,5824.948730561503
2030-10-27 03:00:00,99566.5914184992,205780.52545459266,149044.94626871397,5489.962672327065
2030-10-27 04:00:00,98394.99174512296,204202.17696521757,147803.20153975766,5223.416878373936
2030-10-27 05:00:00,97176.66024470874,202583.2869555447,146518.9846607429,4995.427373738988
2030-10-27 06:00:00,95940.73724246219,200952.59276707508,145228.62391880935,4780.3295860496755
2030-10-27 07:00:00,94715.27384359777,199329.96975573484,144039.82537801945,4581.53393040048
2030-10-27 08:00:00,93548.91922263206,197756.1816275418,142839.39237166272,4392.374528779087
2030-10-27 09:00:00,92400.19353015035,196182.83340043706,141861.23086816928,4223.007582901764
2030-10-27 10:00:00,91263.89892470575,194620.78270368447,140918.05905763744,4060.43020743576
2030-10-27 11:00:00,90284.61241480896,193158.88612715044,140365.07686382454,3921.306456284942
2030-10-27 12:00:00,89176.55406313493,191624.94302012454,139506.93987661632,3766.0987387272157
2030-10-27 13:00:00,88006.01080028841,190035.26936657922,138414.73392660636,3607.4284557480164
2030-10-27 14:00:00,86812.29495467037,188432.22840840055,137102.2553792514,3448.9476369009067
2030-10-27 15:00:00,85582.47607831545,186804.45182148137,135702.31150516067,3291.2138274960944
2030-10-27 16:00:00,84326.82242032356,185163.2539956127,133319.50006220164,3119.2107418349606
2030-10-27 17:00:00,83065.20496487156,183506.52028712467,131643.85807307623,2955.0292886052766
2030-10-27 18:00:00,81832.46605450094,181875.33678489874,130205.71021704766,2797.961011808052
2030-10-27 19:00:00,80604.38357473738,180247.89783956885,128902.81400632067,2633.964102085696
2030-10-27 20:00:00,79406.27956710623,178651.19057762908,127519.97999236305,2468.5615097862465
2030-10-27 21:00:00,78179.65921870453,177021.02543461046,126039.81135480088,2301.3407729399046
2030-10-27 22:00:00,76949.68951427202,175392.58937767197,124489.7162953087,2129.36075924194
2030-10-27 23:00:00,75724.3461883032,173773.25165103708,122913.76033555371,1952.4658784289056
2030-10-28 00:00:00,74509.04305145009,172170.50524206168,121347.6973518454,1764.347283891125
2030-10-28 01:00:00,73292.34370822839,170551.67256128637,119927.16657017777,1561.3069500318977
2030-10-28 02:00:00,72090.63310582495,168950.59020793598,118466.29420768317,1344.9311538875959
2030-10-28 03:00:00,70904.71494403943,167367.15451310284,117081.60871016154,1111.275216367111
2030-10-28 04:00:00,69776.16812339277,165833.1556340668,116128.2468817929,865.0556127103018
2030-10-28 05:00:00,68969.80593772532,164526.45792502398,115715.97026692038,660.5090839219102
2030-10-28 06:00:00,68139.41167800291,163210.72360697552,115305.52942457494,376.8860489589388
2030-10-28 07:00:00,67812.60871344755,162733.63985707195,115077.59303754437,1.2013578043479356e-07
2030-10-28 08:00:00,68073.27737166571,163021.22354683522,118701.92238820539,6.662287432845915e-08
2030-10-28 09:00:00,69217.02511332401,164497.03366321162,125123.94918811244,5.837838466296213e-07
2030-10-28 10:00:00,70360.77285498354,165972.8437795897,131545.97598801908,4.4977598248776374e-08
2030-10-28 11:00:00,71504.52059669177,167448.65389601677,137968.00278797583,1503.5748164667086
2030-10-28 12:00:00,72648.26833840048,168924.46401244454,144390.02958793286,3141.8099784089945
2030-10-28 13:00:00,73792.0160801089,170400.27412887156,150812.05638789068,4826.668646599612
2030-10-28 14:00:00,74935.76382181719,171876.08424529852,157234.0831878481,6400.009999957482
2030-10-28 15:00:00,76079.51156347636,173351.89436167627,163656.1099877555,6400.009999937759
2030-10-28 16:00:00,76329.63947718847,173634.2857061413,166396.76359351136,6400.009999891488
2030-10-28 17:00:00,76288.27701249144,173617.5167051095,166328.15009970515,6400.009998983621
2030-10-28 18:00:00,75147.12742991975,172083.25535865448,165515.53817045127,6400.00999858793
2030-10-28 19:00:00,73950.61441797724,170504.63638156396,164336.91257084222,6400.009998363133
2030-10-28 20:00:00,72763.4434626577,168936.4509322953,162842.79085173717,6400.009998231651
2030-10-28 21:00:00,71550.94353655922,167338.5390582978,161103.24072865798,6400.009998170498
2030-10-28 22:00:00,70336.34887514937,165738.5750437889,159214.02494231568,6400.009998168751
2030-10-28 23:00:00,69132.98028029724,164148.550455705,157357.28930190322,6400.009998228504
2030-10-29 00:00:00,67934.39466681486,162566.2116615471,155372.13447510393,6400.009998349182
2030-10-29 01:00:00,66710.15214731226,160951.43244560342,153636.30939186455,6400.00999856805
2030-10-29 02:00:00,65473.775719583355,159328.6656621059,151800.8314979293,6400.009998953602
2030-10-29 03:00:00,64220.8190693931,157698.2168371564,148796.64914227338,6400.009999998894
2030-10-29 04:00:00,62759.944732272335,155865.54884567743,140312.00546411422,5376.496846133182
2030-10-29 05:00:00,61299.0703951514,154032.88085419827,131827.36178595494,3735.881502512173
2030-10-29 06:00:00,59838.19605803045,152200.21286271908,123342.71810779568,2031.2805955429483
2030-10-29 07:00:00,58377.321720909546,150367.54487123995,114858.0744296365,1.153239281848073e-09
2030-10-29 08:00:00,57097.89291534749,148728.13859067677,107785.0806282777,688.0326278012642
2030-10-29 09:00:00,55873.77760876452,147116.2393836957,105706.37504472389,1753.19667232084
2030-10-29 10:00:00,54669.732083597715,145522.879356797,103492.1108691321,2578.482690351627
2030-10-29 11:00:00,53480.03729995832,143947.12594966101,101383.77819417411,3383.7595147856314
2030-10-29 12:00:00,52292.55401600734,142381.0411936799,99243.90295209165,4152.209104385781
2030-10-29 13:00:00,51076.431245348045,140775.7551073129,97208.45664168014,5090.732667123728
2030-10-29 14:00:00,49824.28538301883,139145.1687777457,94873.92427628157,6400.009999999001
2030-10-29 15:00:00,48363.41104589799,137312.5007862666,86389.28059812241,5715.50043522009
2030-10-29 16:00:00,46902.53670877718,135479.83279478762,77904.63691996314,4078.770141001548
2030-10-29 17:00:00,45441.66237165624,133647.16480330843,69419.99324180384,2746.560487665559
2030-10-29 18:00:00,43980.78803453533,131814.49681182927,60935.34956364461,1405.8567416164028
2030-10-29 19:00:00,42519.91369741447,129981.82882035019,52450.705885485506,1.2701093510258943e-09
2030-10-29 20:00:00,41239.92724506856,128349.00565368604,45561.503947780504,1.0780502179841278e-06
2030-10-29 21:00:00,39967.687910190834,126705.80857219962,42083.42460885147,1.4914945620140057e-06
2030-10-29 22:00:00,38732.587948225475,125098.42949463618,38512.526537271995,1.7395166580862691e-06
2030-10-29 23:00:00,37515.225386237165,123512.26875315659,34950.64368944972,1.8944043990968828e-06
2030-10-30 00:00:00,36306.843380957034,121945.16924459,31430.474265895213,1.9775698152885725e-06
2030-10-30 01:00:00,35089.09407331075,120359.8105101789,28509.946483158223,2.0031322674643326e-06
2030-10-30 02:00:00,33876.72425198968,118784.78746821449,25639.45868977131,1.97614571455022e-06
2030-10-30 03:00:00,32669.101664231315,117220.19414499144,22961.976808312837,1.892876678943635e-06
2030-10-30 04:00:00,31468.32893550115,115672.85635864471,19882.759767194733,1.742049742731588e-06
2030-10-30 05:00:00,30221.0691361574,114075.2969772361,14482.995216829839,1.4967454331717232e-06
2030-10-30 06:00:00,28965.025168044704,112472.38649818765,8111.300682636415,1.0830602456638845e-06
2030-10-30 07:00:00,27746.841277203403,110915.32196852412,5928.531726594234,3.983306689205943e-08
2030-10-30 08:00:00,28905.161537689466,112402.79109189354,12350.558526500876,4.2280871933392365e-08
2030-10-30 09:00:00,30063.481798224613,113890.2602153115,18772.585326457516,640.9028291986486
2030-10-30 10:00:00,31221.802058759968,115377.72933872981,25194.612126414206,1681.8174782797196
2030-10-30 11:00:00,32380.122319295613,116865.1984621485,31616.638926370848,3216.6961871022468
2030-10-30 12:00:00,33538.44257983163,118352.6675855678,38038.6657263276,4816.281999173487
2030-10-30 13:00:00,34696.76284036697,119840.13670898587,44460.692526285144,6400.009999956919
2030-10-30 14:00:00,35855.08310085228,121327.60583235354,50882.719326191596,6400.009999921329
2030-10-30 15:00:00,36178.73994764154,121759.18401249469,56502.25827695574,5374.9932525322265
2030-10-30 16:00:00,36321.673967779854,121948.98605761658,56735.01270775144,2280.6241543885676
2030-10-30 17:00:00,36534.498363221865,122217.34180419092,58340.03052193808,692.7055768189382
2030-10-30 18:00:00,37055.37982917288,123025.926485021,64395.61579784388,8.964174381365866e-08
2030-10-30 19:00:00,38213.7000896571,124513.39560838783,70817.64259775067,5.998614069434744e-07
2030-10-30 20:00:00,39372.02035014352,126000.86473175751,77239.66939765656,4.53612198365668e-08
2030-10-30 21:00:00,40530.34061067847,127488.3338551752,83661.69619761265,343.9898767661262
2030-10-30 22:00:00,41688.66087121345,128975.8029785931,90083.72299756853,63.95814391991814
2030-10-30 23:00:00,42846.98113174856,130463.27210201127,96505.74979752449,460.11071723023053
2030-10-31 00:00:00,44005.3013922846,131950.7412254307,102927.7765974811,2835.461436491001
2030-10-31 01:00:00,45163.62165282022,133438.21034884918,109349.8033974385,5135.6243478044635
2030-10-31 02:00:00,46321.94191335565,134925.67947226754,115771.83019739525,6400.009999953896
2030-10-31 03:00:00,47480.262173841984,136413.1485956367,122193.85699730126,6400.009999410521
2030-10-31 04:00:00,48638.58243432821,137900.6177190062,128615.88379720593,6400.009999931535
2030-10-31 05:00:00,48940.63340690402,138347.1381671088,133962.0231545403,6400.0099998823725
2030-10-31 06:00:00,48626.11005894886,138098.1233828768,133697.83526441987,6132.423186334434
2030-10-31 07:00:00,47401.829109999715,136586.68591896113,130655.71040396235,5805.1510321664355
2030-10-31 08:00:00,46253.49105823628,135212.93091443923,129217.05328336566,5606.183219616925
2030-10-31 09:00:00,45225.14480266152,134113.76400853693,128466.27626242141,5467.2973013521005
2030-10-31 10:00:00,43994.23072042463,132585.40300601872,123319.95811589125,5301.607020946204
2030-10-31 11:00:00,43323.986654166,132059.77177387124,122849.80060802722,5199.670388730061
2030-10-31 12:00:00,43109.992186149284,131896.59175072747,122600.76917820606,5120.695455444966
2030-10-31 13:00:00,41911.12705575247,130412.93477100598,120212.51419255316,4996.642572785064
2030-10-31 14:00:00,40616.13222942345,128780.72715230628,112363.51797009133,4844.921751716068
2030-10-31 15:00:00,39293.79070107065,127119.83269990043,104492.35398637582,4685.441498177682
2030-10-31 16:00:00,37951.405868725284,125442.43553385828,96407.00431105643,4526.656343218197
2030-10-31 17:00:00,36550.1579794638,123680.34835751486,88049.19118475057,2535.2161070466163
2030-10-31 18:00:00,35189.68036227712,121975.17488082235,79890.81279440648,2370.8816891805345
2030-10-31 19:00:00,33851.45137383701,120301.1120857455,72076.22811115939,2212.201489620518
2030-10-31 20:00:00,32538.050296052075,118660.97577960689,64155.84051749161,2062.1078298742145
2030-10-31 21:00:00,31218.195657565204,117003.54480087226,56191.833708926715,1916.894565660746
2030-10-31 22:00:00,29906.279553699347,115359.61105041589,48216.581789244636,1771.301350408055
2030-10-31 23:00:00,28608.037425016635,113736.09587484285,40258.82201832004,1625.8663367867339
2030-11-01 00:00:00,27330.413668825197,112150.88418261871,32418.223086716032,1479.9407479547076
2030-11-01 01:00:00,26086.660610803534,110627.97665848956,27061.36533147905,1343.6502741275906
2030-11-01 02:00:00,24860.649635185095,109152.06067059138,23829.711136853148,1206.9364628564717
2030-11-01 03:00:00,23644.6170934442,107713.52913464532,21286.064039592187,1065.1519242682707
2030-11-01 04:00:00,22419.55468470784,106262.1082999352,17101.058320040414,899.6050573275186
2030-11-01 05:00:00,21139.087771505925,104704.27840968347,9708.127998589483,694.520345782251
2030-11-01 06:00:00,19826.677095285173,103087.9095575822,1711.6256784859502,336.3767538959572
2030-11-01 07:00:00,18719.915142311314,102174.15080859738,9.919358490151353e-08,4.061348590767011e-08
2030-11-01 08:00:00,19878.235402796796,103661.61993196646,4.010662451037206e-07,4.2273313738405704e-08
2030-11-01 09:00:00,21036.55566333171,105149.08905538436,6422.026800303067,1092.8773883988513
2030-11-01 10:00:00,22194.875923866945,106636.55817880269,12844.053600205038,2261.9322438678896
2030-11-01 11:00:00,23353.196184402437,108124.02730222138,19266.08040010665,3491.3430926053215
2030-11-01 12:00:00,24511.51644493834,109611.49642564073,25688.107200008453,4789.45621910905
2030-11-01 13:00:00,25669.836705473503,111098.96554905882,32110.133999912556,6400.0099999414
2030-11-01 14:00:00,26828.15696597851,112586.43467244682,37955.60527878633,6400.009999741413
2030-11-01 15:00:00,27986.477226461597,114073.90379581293,37810.68222827293,3207.605703658572
2030-11-01 16:00:00,29144.79748694531,115561.37291918046,37653.54722454186,2.562373992986977e-07
2030-11-01 17:00:00,30303.11774744927,117048.84204256721,39492.78337360519,5.982928996672854e-08
2030-11-01 18:00:00,31461.4380079836,118536.31116598465,45914.8101735045,421.01625694219774
2030-11-01 19:00:00,32619.75826851846,120023.78028940258,52336.836973407226,1591.8716272919567
2030-11-01 20:00:00,33778.07852905422,121511.24941282163,58758.86377330885,2668.3521968195755
2030-11-01 21:00:00,34936.398789589235,122998.71853623951,65180.89057320985,3500.6831163343595
2030-11-01 22:00:00,36094.71905012433,124486.18765965756,71602.91737311031,4329.760315590307
2030-11-01 23:00:00,37253.039310659595,125973.65678307587,78024.94417301062,5614.457616277253
2030-11-02 00:00:00,38411.359571194975,127461.12590649455,84446.97097290991,6225.10011892123
2030-11-02 01:00:00,39569.679831729685,128948.59502991188,90868.99777281116,6400.009999937748
2030-11-02 02:00:00,40728.00009223513,130436.06415329986,95474.80579770639,6400.009998772172
2030-11-02 03:00:00,41886.32035274031,131923.5332766876,98318.29622971061,6400.009998744836
2030-11-02 04:00:00,43044.64061324599,133411.00240007625,98736.71590442065,6400.009999663285
2030-11-02 05:00:00,44202.96087372884,134898.47152344097,98571.66081637982,4570.273385901165
2030-11-02 06:00:00,45361.2811342114,136385.94064680548,98400.55971632047,2211.7354775040353
2030-11-02 07:00:00,46519.6013946938,137873.40977016985,98242.81420056411,4.813045961782336e-08
2030-11-02 08:00:00,47677.921655228754,139360.8788935878,104664.84100046275,128.5972638954113
2030-11-02 09:00:00,48836.24191576354,140848.3480170051,111086.86780036363,1512.2209828340613
2030-11-02 10:00:00,49994.56217629835,142335.81714042256,117508.89460026407,2220.7484175297745
2030-11-02 11:00:00,51152.882436833344,143823.2862638403,123930.92140016417,2728.3038677858926
2030-11-02 12:00:00,52311.2026973688,145310.7553872588,130352.94820006432,3019.903240386452
2030-11-02 13:00:00,53469.522957903646,146798.22451067608,136774.97499996654,3150.512250013616
2030-11-02 14:00:00,54627.84321843849,148285.6936340935,143197.0017998677,3188.6405537812507
2030-11-02 15:00:00,55786.163478973256,149773.16275751105,149619.02859976795,3171.587909585711
2030-11-02 16:00:00,56944.48373950845,151260.6318809293,156041.0553996674,3079.014358413141
2030-11-02 17:00:00,58102.80400004275,152748.10100434622,162463.0821995669,3003.8007166889465
2030-11-02 18:00:00,59261.124260577155,154235.57012776344,168885.10899946664,3015.101495311563
2030-11-02 19:00:00,60419.444521111785,155723.0392511809,175307.13579936814,2971.9616127681265
2030-11-02 20:00:00,61577.76478164718,157210.50837459942,181729.16259926846,2922.9810689680735
2030-11-02 21:00:00,62736.08504218188,158697.97749801681,188151.1893991684,2961.7170255829315
2030-11-02 22:00:00,63894.4053027168,160185.44662143456,194573.21619906777,3047.940876388305
2030-11-02 23:00:00,65052.725563251865,161672.91574485262,200995.24299896698,3105.7742277600873
2030-11-03 00:00:00,66211.04582378756,163160.38486827162,207417.26979886653,3133.9711161901755
2030-11-03 01:00:00,67369.36608432278,164647.8539916896,213839.2965987687,3146.3250553616717
2030-11-03 02:00:00,68527.68634485811,166135.3231151078,220261.32339866963,3170.4834887256015
2030-11-03 03:00:00,69686.0066053935,167622.79223852622,226683.35019856994,3227.726779452494
2030-11-03 04:00:00,70844.32686592925,169110.26136194522,233105.37699846932,3228.2432653396013
2030-11-03 05:00:00,72002.64712646423,170597.73048536316,239527.40379836858,3296.854199567503
2030-11-03 06:00:00,73160.96738699898,172085.19960878094,245949.43059826808,3262.240072887848
2030-11-03 07:00:00,74319.28764753374,173572.6687321987,252371.45739816967,3155.967293854531
2030-11-03 08:00:00,75477.60790806926,175060.1378556175,258793.48419807,3064.299429530512
2030-11-03 09:00:00,76635.92816860427,176547.60697903528,265215.51099797006,3154.340522205406
2030-11-03 10:00:00,77794.24842913932,178035.0761024532,271637.53779786936,3215.4707449669327
2030-11-03 11:00:00,78952.56868967458,179522.54522587138,278059.56459776853,3341.5052095905166
2030-11-03 12:00:00,80110.8889502103,181010.01434929014,284481.5913976682,3467.4223142948726
2030-11-03 13:00:00,81269.20921074532,182497.48347270774,290903.61819757015,3723.1098295374454
2030-11-03 14:00:00,82427.52947127995,183984.95259612508,297325.6449974706,3950.4072678243856
2030-11-03 15:00:00,83585.84973181422,185472.42171954218,303747.6717973708,3858.3955142538325
2030-11-03 16:00:00,84744.16999234875,186959.8908429598,310169.6985972698,2917.01413107349
2030-11-03 17:00:00,85902.49025288266,188447.35996637645,316591.72539716907,2621.715239938515
2030-11-03 18:00:00,87060.81051341687,189934.82908979343,323013.75219706877,2845.628777935825
2030-11-03 19:00:00,88219.13077395137,191422.29821321066,329435.7789969702,2947.2516185047734
2030-11-03 20:00:00,89377.45103448663,192909.76733662895,335857.8057968703,2966.5905165240356
2030-11-03 21:00:00,90535.77129502129,194397.23646004614,342279.83259677,3028.266940737921
2030-11-03 22:00:00,91694.09155555615,195884.70558346368,348701.8593966692,3113.6866034283453
2030-11-03 23:00:00,92852.41181609125,197372.17470688163,355123.88619656826,3231.686968827995
2030-11-04 00:00:00,94010.73207662682,198859.6438303003,361545.9129964676,3302.267302996769
2030-11-04 01:00:00,95169.05233716189,200347.11295371794,367967.93979636946,3419.691151185457
2030-11-04 02:00:00,96327.37259769677,201834.5820771355,374389.9665962701,3448.177441703542
2030-11-04 03:00:00,97485.69285823163,203322.0512005532,380811.99339617015,3532.3825838579014
2030-11-04 04:00:00,98644.01311876696,204809.5203239716,387234.0201960696,3549.0940985206616
2030-11-04 05:00:00,99802.3333793015,206296.98944738894,393656.04699596897,3617.5834228914177
2030-11-04 06:00:00,100960.65363983587,207784.4585708062,400078.0737958687,3473.6648559722216
2030-11-04 07:00:00,102118.97390037014,209271.9276942233,406500.1005957702,2721.5073526826773
2030-11-04 08:00:00,103277.29416090531,210759.39681764162,412922.12739567086,2698.228484100817
2030-11-04 09:00:00,104435.61442144003,212246.86594105902,419344.1541955711,3021.4286487767763
2030-11-04 10:00:00,105593.93468197485,213734.33506447668,425766.1809954708,3338.3717140275307
2030-11-04 11:00:00,106752.25494250981,215221.80418789454,432188.2077953702,3725.348877988799
2030-11-04 12:00:00,107910.57520304518,216709.273311313,438610.23459527,4181.297526336507
2030-11-04 13:00:00,109068.89546357995,218196.7424347304,445032.26139517245,4897.525855960299
2030-11-04 14:00:00,110227.21572411458,219684.21155814783,451454.28819507355,5915.081938066834
2030-11-04 15:00:00,111385.53598464884,221171.680681565,457876.3149949718,6400.009999940733
2030-11-04 16:00:00,112543.85624515403,222659.14980495322,460922.8749971784,6400.009999739527
2030-11-04 17:00:00,113702.17650563669,224146.61892831814,460851.499423221,6247.368328561841
2030-11-04 18:00:00,114860.49676611875,225634.08805168237,460665.86622294306,4468.6195461979405
2030-11-04 19:00:00,116018.81702660114,227121.55717504706,460490.2673755141,2967.258465677128
2030-11-04 20:00:00,117177.1372870853,228609.0262984142,460307.4745121162,1404.600982389153
2030-11-04 21:00:00,118335.45754756834,230096.49542177923,460133.5625235727,4.316434569773264e-07
2030-11-04 22:00:00,119493.7778080736,231583.964545167,463556.1570737089,1413.4311479447324
2030-11-04 23:00:00,120652.09806857943,233071.43366855558,468632.6261891393,2747.008881459226
2030-11-05 00:00:00,121810.06740956,234558.8686888998,471148.48083678546,3453.011737667387
2030-11-05 01:00:00,122968.03675054002,236046.30370924246,474828.0225227354,4258.706062914792
2030-11-05 02:00:00,124126.00609152038,237533.7387295857,479230.79406278883,5392.609048151582
2030-11-05 03:00:00,125283.97543250035,239021.17374992862,480440.6450924778,6400.009999719936
2030-11-05 04:00:00,126441.94477345991,240508.60877025125,480249.7537405711,6400.0099993653075
2030-11-05 05:00:00,127599.91411441566,241996.04379056767,473642.10474916996,6400.009999945168
2030-11-05 06:00:00,127629.49345536451,242053.1118108717,465157.46107108763,3517.7236161069263
2030-11-05 07:00:00,127118.56634865885,241853.02492670968,456672.8173929912,39.473616383309945
2030-11-05 08:00:00,127674.8151241476,243070.47767116217,448188.1737149446,1639.7750160299115
2030-11-05 09:00:00,128832.7844651042,244557.91269147993,443964.73310283857,4583.765815924458
2030-11-05 10:00:00,129285.71207254053,245718.11337314756,435480.0894247904,5771.645033121318
2030-11-05 11:00:00,129495.41945261718,246419.07531858148,426995.4457467407,6400.009999797479
2030-11-05 12:00:00,129242.75876215313,246291.11414901164,418510.8020686441,6185.7995722503965
2030-11-05 13:00:00,127882.72422375927,244624.40139249832,410026.15839054796,4806.352682306701
2030-11-05 14:00:00,126513.28492454771,242942.56031568194,401541.51471245143,3560.5689889098007
2030-11-05 15:00:00,125144.09959813772,241264.00217011772,393056.8710343547,2391.5539565324443
2030-11-05 16:00:00,123783.36061022831,239607.52141772545,384572.2273562576,1075.523627918865
2030-11-05 17:00:00,122430.71482270482,237969.37695234222,376087.5836781607,4.4241005525691435e-08
2030-11-05 18:00:00,123588.68416366122,239456.81197265783,368348.1466400158,1.1407834924905346e-06
2030-11-05 19:00:00,124746.6535046183,240944.24699297728,368160.005175689,1.3716872453553739e-06
2030-11-05 20:00:00,125904.62284557767,242431.68201330004,367977.4529293094,1.2061558462618398e-06
2030-11-05 21:00:00,127062.59218653585,243919.1170336207,367812.14205677697,3.2598906677001115e-07
2030-11-05 22:00:00,128220.5615275158,245406.55205396377,370274.2961659793,1756.0835534308246
2030-11-05 23:00:00,129378.53086849574,246893.98707430714,371932.9410601269,2812.46335370992
2030-11-06 00:00:00,130536.50020947616,248381.42209465156,373115.8180561538,3545.0317348067806
2030-11-06 01:00:00,131694.46955045586,249868.85711499414,375226.8842109996,4589.254204802421
2030-11-06 02:00:00,132852.43889143562,251356.2921353371,376934.17268140276,5863.641022004151
2030-11-06 03:00:00,134010.40823241515,252843.72715567998,377298.5498254016,6400.009999559806
2030-11-06 04:00:00,135168.37757337422,254331.16217600272,377108.1129514796,5989.782055995064
2030-11-06 05:00:00,136326.34691433085,255818.5971963221,376895.3646978229,5715.003834196796
2030-11-06 06:00:00,137484.31625528584,257306.0322166395,375911.29658475274,3056.7169088488113
2030-11-06 07:00:00,138642.28559624034,258793.46723695614,374983.4535736641,334.333602731323
2030-11-06 08:00:00,139800.25493719886,260280.90225727827,374803.4065288694,4.455464477359783e-07
2030-11-06 09:00:00,140958.22427817812,261768.33727762054,380612.60589399515,1442.0608040734912
2030-11-06 10:00:00,142116.19361915733,263255.77229796274,385140.08189319825,1955.3661941820799
2030-11-06 11:00:00,143274.1629601665,264743.20731833536,391562.10869309655,4899.356994075782
2030-11-06 12:00:00,144432.13230114675,266230.6423386792,397305.4395441073,5873.4455513284975
2030-11-06 13:00:00,145590.10164212564,267718.0773590204,397956.3644319813,6400.009999777674
2030-11-06 14:00:00,146748.07098308305,269205.51237933995,397775.11503935594,6400.009999958306
2030-11-06 15:00:00,145743.79565309957,268849.7332455187,389290.4713612596,6093.353368453453
2030-11-06 16:00:00,144378.32576452298,267190.2427407619,380805.8276831624,4129.34198494305
2030-11-06 17:00:00,143002.1912546501,265503.7001564518,372321.1840050652,2398.545825472759
2030-11-06 18:00:00,141630.69188973025,263828.00749261596,363836.5403269681,491.5466088060339
2030-11-06 19:00:00,140362.25020461326,262757.56728764257,355351.8966488723,4.5337174015003256e-08
2030-11-06 20:00:00,141520.2195455705,264245.0023079627,352590.651613347,217.05778973940153
2030-11-06 21:00:00,142678.18888652825,265732.4373282823,352391.0057331944,1113.4051190580349
2030-11-06 22:00:00,143836.15822748697,267219.8723486034,352200.0317822525,2011.9345930156546
2030-11-06 23:00:00,144994.1275684461,268707.30736892525,352008.38750421937,2781.4643190272623
2030-11-07 00:00:00,146152.09690940613,270194.7423892487,351819.530297134,3498.986972065354
2030-11-07 01:00:00,147310.06625036523,271682.1774095697,351646.20752499,4258.914458341475
2030-11-07 02:00:00,148468.03559132444,273169.6124298911,351462.39821964165,5078.005699853797
2030-11-07 03:00:00,149626.0049322835,274657.04745021247,351270.2547030626,6186.648348941494
2030-11-07 04:00:00,150783.9742732412,276144.4824705327,347672.57009481033,6400.009999954691
2030-11-07 05:00:00,149442.2119260869,274545.13112857763,339187.9264167133,5262.405044119245
2030-11-07 06:00:00,148073.94100811964,272874.1726732436,330703.28273861617,3135.206645015524
2030-11-07 07:00:00,146699.88603885917,271192.0618869854,322218.6390605199,910.4906200127989
2030-11-07 08:00:00,145375.08897307058,269660.6359775664,313733.99538242334,4.3438376451376826e-08
2030-11-07 09:00:00,146533.05831402715,271148.07099788415,313526.7394193483,9.427245686310926e-07
2030-11-07 10:00:00,147691.0276549832,272635.5060182016,312916.4055803495,9.641442166759563e-07
2030-11-07 11:00:00,148848.9969959407,274122.9410385211,312724.86321612995,3.1485637433914e-07
2030-11-07 12:00:00,150006.96633692028,275610.3760588639,315241.4672703803,1330.3753506228682
2030-11-07 13:00:00,151164.9356778992,277097.8110792051,321047.9635097282,3309.9935786757987
2030-11-07 14:00:00,152322.90501887805,278585.24609954644,325992.2621655521,4531.199977042029
2030-11-07 15:00:00,153480.87435984533,280072.6811198762,325992.2621653378,3478.24999991853
2030-11-07 16:00:00,154638.84370080303,281560.11614019726,325818.520184335,5.212132236920297e-07
2030-11-07 17:00:00,155796.81304178087,283047.55116053775,329220.2544027104,5.935407898505218e-08
2030-11-07 18:00:00,156954.78238278933,284534.9861809097,335642.28120260825,1087.5696639111084
2030-11-07 19:00:00,158112.75172379834,286022.4212012821,342064.3080025089,1893.3403273608972
2030-11-07 20:00:00,159270.72106480828,287509.8562216559,348486.3348024082,2361.429588727102
2030-11-07 21:00:00,160428.69040581756,288997.2912420285,354908.36160230695,2681.566045538493
2030-11-07 22:00:00,161586.65974682712,290484.72626240173,361330.38840220514,2917.92662762039
2030-11-07 23:00:00,162744.62908783698,291972.1612827753,367752.4152021032,3081.2263675100266
2030-11-08 00:00:00,163902.59842884724,293459.59630314953,374174.44200200186,3140.432533826554
2030-11-08 01:00:00,165060.5677698571,294947.03132352274,380596.46880190354,3198.962094197692
2030-11-08 02:00:00,166218.53711086692,296434.46634389606,387018.4956018037,3274.6645129264925
2030-11-08 03:00:00,167376.50645187672,297921.9013642695,393440.5224017026,3361.615786690678
2030-11-08 04:00:00,168534.4757928869,299409.3363846434,399862.5492016,3385.736402612621
2030-11-08 05:00:00,169692.445133896,300896.77140501596,406284.5760014971,3425.675543147695
2030-11-08 06:00:00,170850.41447490486,302384.2064253883,412706.6028013944,3395.724739208498
2030-11-08 07:00:00,172008.3838159136,303871.6414457605,419128.6296012941,3321.218857207192
2030-11-08 08:00:00,173166.35315692303,305359.07646613347,425550.65640119225,3246.847689372591
2030-11-08 09:00:00,174324.32249793172,306846.51148650533,431972.6832010898,3283.4713425594045
2030-11-08 10:00:00,175482.2918389403,308333.9465068771,438394.71000098676,3175.4792126327943
2030-11-08 11:00:00,176640.2611799491,309821.3815272492,444816.7368008833,3222.315543012427
2030-11-08 12:00:00,177798.23052095852,311308.8165476221,451238.76360078005,3270.3182005044355
2030-11-08 13:00:00,178956.1998619674,312796.25156799384,457660.79040067946,3364.5988145561514
2030-11-08 14:00:00,180114.16920297625,314283.68658836576,464082.81720057747,3459.867465262987
2030-11-08 15:00:00,181272.138543985,315771.12160873774,470504.84400047467,3453.4200062869013
2030-11-08 16:00:00,182430.10788499424,317258.5566291104,476926.8708003709,3281.473742481785
2030-11-08 17:00:00,183588.0772260026,318745.9916494818,483348.8976002671,3070.3648246542525
2030-11-08 18:00:00,184746.04656701116,320233.42666985356,489770.92440016393,2997.347660104292
2030-11-08 19:00:00,185904.01590802002,321720.8616902257,496192.9512000631,2943.3920821304846
2030-11-08 20:00:00,187061.98524902976,323208.29671059916,502614.9779999608,2944.828732770552
2030-11-08 21:00:00,188219.95459003886,324695.73173097137,509037.0047998581,3020.6744245703785
2030-11-08 22:00:00,189377.92393104814,326183.16675134405,515459.0315997547,3075.5131980798333
2030-11-08 23:00:00,190535.8932720576,327670.601771717,521881.0583996511,3160.025641596786
2030-11-09 00:00:00,191693.8626130677,329158.03679209086,528303.085199548,3236.8698730497454
2030-11-09 01:00:00,192851.83195407732,330645.47181246366,534725.111999448,3332.9496706517148
2030-11-09 02:00:00,194009.80129508695,332132.9068328366,541147.1387993466,3469.5893669993034
2030-11-09 03:00:00,195167.7706360965,333620.34185320965,547569.1655992441,3672.295128405942
2030-11-09 04:00:00,196325.73997710645,335107.7768735834,553991.1923991404,3888.507527452116
2030-11-09 05:00:00,197483.70931811535,336595.2118939557,560413.2191990365,4055.209984681928
2030-11-09 06:00:00,198641.6786591239,338082.64691432775,566835.2459989326,3755.6861890378755
2030-11-09 07:00:00,199799.64800013218,339570.0819346995,573257.2727988305,2550.373261673991
2030-11-09 08:00:00,200957.61734114168,341057.5169550727,579679.2995987278,2632.221849282127
2030-11-09 09:00:00,202115.5866821507,342544.95197544503,586101.3263986247,3152.4750738525263
2030-11-09 10:00:00,203273.5560231595,344032.3869958173,592523.353198521,3236.898996603139
2030-11-09 11:00:00,204431.5253641687,345519.82201619004,598945.3799984173,3761.0067597743277
2030-11-09 12:00:00,205589.49470517843,347007.2570365635,605367.4067983137,4433.379502849361
2030-11-09 13:00:00,206747.46404618755,348494.69205693575,611789.433598213,5492.00069954532
2030-11-09 14:00:00,207905.43338719627,349982.1270773078,618211.4603981095,6400.009999942441
2030-11-09 15:00:00,209063.4027281746,351469.5620976491,619132.6273799369,6400.009999743081
2030-11-09 16:00:00,210221.3720691326,352956.9971179706,618947.9231968493,5944.17909593514
2030-11-09 17:00:00,211379.34141008902,354444.4321382893,618766.2282672492,5695.859658498025
2030-11-09 18:00:00,212537.31075104568,355931.86715860874,618591.732065296,5502.192467754676
2030-11-09 19:00:00,213695.2800920027,357419.30217892857,618440.4570277819,5348.134296670035
2030-11-09 20:00:00,214853.24943297612,358906.73719926574,618440.4570278638,5455.505261077826
2030-11-09 21:00:00,216011.21877393415,360394.1722195863,618350.5233444877,5389.2489415259415
2030-11-09 22:00:00,217169.18811489234,361881.60723990743,618200.0431228823,5279.175545404821
2030-11-09 23:00:00,218327.157455851,363369.04226022935,618054.6822994242,5178.53953186107
2030-11-10 00:00:00,219485.12679682527,364856.4772805676,618054.6822994973,6400.009999212752
2030-11-10 01:00:00,220643.09613778416,366343.9123008889,617915.2185764933,6400.009998851997
2030-11-10 02:00:00,221801.06547874236,367831.34732120985,617758.5738269916,6400.0099989764085
2030-11-10 03:00:00,222959.0348196998,369318.7823415297,616392.1042462018,6400.009999930612
2030-11-10 04:00:00,223909.03918872555,370671.0768931752,607907.4605681499,6400.009999881391
2030-11-10 05:00:00,222614.45832762663,369243.6259401968,599422.8168900526,5365.857558741717
2030-11-10 06:00:00,221283.19228234107,367668.6663269358,590938.1732119557,3539.042051462897
2030-11-10 07:00:00,219944.50159950543,366077.5882954791,582453.5295338585,1692.1822587069705
2030-11-10 08:00:00,218638.92132340968,364575.0838504712,573968.8858557615,4.558455657388549e-08
2030-11-10 09:00:00,219796.89066436572,366062.51887078764,568321.684888279,893.5174809101986
2030-11-10 10:00:00,220954.8600053214,367549.95389110415,561924.0832123489,1328.7540909436466
2030-11-10 11:00:00,222112.8293462787,369037.38891142356,561157.3050564397,3290.6846627260697
2030-11-10 12:00:00,223270.7986872368,370524.82393174485,560572.0907615412,5680.937035838509
2030-11-10 13:00:00,224428.768028192,372012.2589520598,554858.1310481991,6400.009999954169
2030-11-10 14:00:00,223134.1255484705,370572.1069374424,546373.4873701035,5263.53274838758
2030-11-10 15:00:00,221802.2634350147,369000.1592915754,537888.8436920051,3579.2582069143245
2030-11-10 16:00:00,220477.881026271,367457.74635187467,529404.2000139066,1970.8857287546125
2030-11-10 17:00:00,219148.1609889532,365893.3267760795,520919.55633580824,135.11924408106233
2030-11-10 18:00:00,219066.91511461363,365850.9430264733,512434.91265771375,4.462571119523471e-08
2030-11-10 19:00:00,220224.8844555689,367338.3780467904,511107.58621583047,6.115485920820685e-07
2030-11-10 20:00:00,221382.85379652778,368825.8130671133,510961.5388838752,1.8853850381446373e-07
2030-11-10 21:00:00,222540.82313750713,370313.24808745563,511413.41222438955,5.968180594053702e-08
2030-11-10 22:00:00,223698.7924785159,371800.6831078281,517835.43902427464,13.12883494072085
2030-11-10 23:00:00,224856.76181952568,373288.11812820163,524257.4658241698,1362.0555004777684
2030-11-11 00:00:00,226014.73116053606,374775.55314857606,530679.4926240662,2260.0192964914067
2030-11-11 01:00:00,227172.7005015459,376262.98816894944,537101.519423966,2778.8043859704303
2030-11-11 02:00:00,228330.66984255586,377750.4231893231,543523.5462238642,3195.9384618625504
2030-11-11 03:00:00,229488.63918356577,379237.85820969683,549945.5730237612,3509.605132198416
2030-11-11 04:00:00,230646.60852457618,380725.29323007126,556367.599823657,3869.957925779113
2030-11-11 05:00:00,231804.57786558574,382212.7282504445,562789.6266235521,4250.878383225727
2030-11-11 06:00:00,232962.54720659507,383700.16327081766,569211.6534234474,4523.9582636095
2030-11-11 07:00:00,234120.51654760417,385187.5982911905,575633.680223345,4204.425772560029
2030-11-11 08:00:00,235278.4858886141,386675.0333115643,582055.7070232411,4817.733799109136
2030-11-11 09:00:00,236436.4552296233,388162.468331937,588477.7338231363,6377.259939241884
2030-11-11 10:00:00,237594.42457063193,389649.9033523091,594899.7606230241,6400.009999938629
2030-11-11 11:00:00,238752.39391161158,391137.338372652,596314.9544074677,6400.009999168082
2030-11-11 12:00:00,239910.36325259198,392624.7733929962,597200.2239874047,6400.009999698381
2030-11-11 13:00:00,241068.33259355012,394112.2084133166,597082.4194314468,5419.919352191822
2030-11-11 14:00:00,242226.30193450645,395599.64343363524,596930.7788346774,4377.604797668225
2030-11-11 15:00:00,243384.27127546258,397087.0784539539,596771.4141612168,3426.869585870734
2030-11-11 16:00:00,244542.24061642008,398574.51347427507,596612.2571120424,2529.241725893505
2030-11-11 17:00:00,245700.20995737618,400061.9484945933,596458.026290274,1606.3067337367286
2030-11-11 18:00:00,246858.1792983333,401549.3835149134,596320.0706005434,495.29983327399276
2030-11-11 19:00:00,248016.1486392921,403036.8185352354,596222.2664298402,4.3633065160975093e-07
2030-11-11 20:00:00,249174.1179802734,404524.25355558045,597905.2684738238,27.792052274539117
2030-11-11 21:00:00,250332.087321254,406011.68857592414,601948.5084215688,45.60192613165659
2030-11-11 22:00:00,251490.05666223497,407499.12359626853,607380.8664109543,59.00994222051629
2030-11-11 23:00:00,252648.02600324518,408986.5586166423,613802.8932108482,3003.0007421130945
2030-11-12 00:00:00,253809.06113612594,410453.5173744188,620224.9200107426,5946.9915420107345
2030-11-12 01:00:00,254970.0962689778,411920.47613216564,626639.9686553678,6379.639547465273
2030-11-12 02:00:00,256131.13140182965,413387.43488991255,629879.7889979434,6400.009999732076
2030-11-12 03:00:00,257292.1665346602,414854.3936476382,629879.788997891,6400.009999365604
2030-11-12 04:00:00,258453.20166749012,416321.35240536317,629879.7889983469,6400.009999957936
2030-11-12 05:00:00,258430.58031539872,416244.31592198333,629879.78899758,6400.009999067419
2030-11-12 06:00:00,258429.0176481758,416197.9851949355,629879.7889972037,6400.0099987335925
2030-11-12 07:00:00,258437.59808478106,416169.1669073988,629879.788997019,6400.009998562891
2030-11-12 08:00:00,258454.2331918856,416158.98587948363,629879.7889969137,6400.009998484708
2030-11-12 09:00:00,258473.84080711313,416150.836377375,629879.788996865,6400.009998481362
2030-11-12 10:00:00,258496.52887964,416149.81771670753,629879.7889968738,6400.009998552169
2030-11-12 11:00:00,258521.6591745739,416154.6024774843,629879.7889969572,6400.009998714331
2030-11-12 12:00:00,258549.01579681635,416165.62121725525,629879.7889970965,6400.009999019226
2030-11-12 13:00:00,258578.0219777221,416179.3360365445,629879.7889974593,6400.009999862432
2030-11-12 14:00:00,257154.95647767652,414326.15767951997,629060.43198674,6339.2243939949685
2030-11-12 15:00:00,255710.9128488586,412472.97932249506,620614.3568191106,5493.9999789282265
2030-11-12 16:00:00,254252.7533841222,410619.8009653987,612129.7131409872,2015.7499789655162
2030-11-12 17:00:00,252808.76656014833,408766.62260837364,603682.367377761,58.36935372849575
2030-11-12 18:00:00,251387.49814947037,406913.44425135304,597209.8031453694,1.7706139152142482e-07
2030-11-12 19:00:00,251427.27932154897,406823.62879873597,597228.4502531859,40.80966972120269
2030-11-12 20:00:00,251490.53619991193,406842.9894247317,597491.968157849,1111.1523353778305
2030-11-12 21:00:00,251553.1313085394,406858.88720266824,597775.2917381586,1753.4043157635274
2030-11-12 22:00:00,251620.71479287758,406873.73916353326,598126.595540007,2246.6841110034807
2030-11-12 23:00:00,251692.33537046998,406889.5371626262,598555.6559760104,2693.562666883002
2030-11-13 00:00:00,251765.66860632188,406907.0651353983,599063.9913810812,3103.609788376766
2030-11-13 01:00:00,251838.30945829372,406922.07251629344,599699.2964053467,3510.271462305899
2030-11-13 02:00:00,251910.96088933063,406937.54237427644,600317.7433025163,3931.8595319914107
2030-11-13 03:00:00,251982.65659438248,406953.2993442722,600916.079667182,4386.440618315468
2030-11-13 04:00:00,252055.07854957142,406971.51718258666,601438.0638335734,4937.136820073737
2030-11-13 05:00:00,252115.51504662825,406989.05744766357,601729.1940226016,5583.431859907742
2030-11-13 06:00:00,252148.1601794769,405135.8790907052,601729.1940225065,4581.942553040268
2030-11-13 07:00:00,250736.54995781532,403282.70073368144,601506.9604644198,1103.6925532576638
2030-11-13 08:00:00,250791.99981000248,403301.1693266001,601646.1415619451,1295.428863446522
2030-11-13 09:00:00,250857.2749097072,403317.9255422073,602237.0902923165,2263.224890351652
2030-11-13 10:00:00,250925.80983495002,403334.55479071685,602901.968380998,3084.606802452716
2030-11-13 11:00:00,250996.7793008325,403351.35184426885,603620.6415732516,3881.2829405023454
2030-11-13 12:00:00,251067.57516205285,403369.9302424646,604349.6687416729,4748.283523732951
2030-11-13 13:00:00,251132.72363099977,403387.45694088266,605056.733954588,6180.634464302224
2030-11-13 14:00:00,251184.69097819956,403403.92822929943,605151.9070507085,6400.0099999151535
2030-11-13 15:00:00,249764.39893125158,401550.74987227813,597288.6560871074,6400.009999998427
2030-11-13 16:00:00,248306.23946648138,399697.57151515514,588804.0124089483,3542.700989865406
2030-11-13 17:00:00,246848.08000171065,397844.39315803366,580319.3687307892,636.105667350087
2030-11-13 18:00:00,245389.92053693993,395991.21480091213,571834.72505263,1.884330786287673e-09
2030-11-13 19:00:00,243973.81625263326,394138.0364438901,568732.7178512114,8.118751121199063e-08
2030-11-13 20:00:00,244030.47590523827,394157.36884661234,568850.4350381347,223.8991405387864
2030-11-13 21:00:00,244097.6840117734,394175.7921897723,569551.8282688427,1298.8298173285668
2030-11-13 22:00:00,244170.54469314002,394194.69474463497,570532.4289642675,2094.327955361989
2030-11-13 23:00:00,244247.77457980893,394213.4233879407,571737.9145459923,2733.2981833373055
2030-11-14 00:00:00,244327.7826262226,394232.9939568687,573254.963076851,3278.1364397381362
2030-11-14 01:00:00,244406.33803550983,394250.02707311657,575184.4193921174,3813.78127018493
2030-11-14 02:00:00,244485.2707201477,394267.89861135837,577000.3734689057,4424.097135278808
2030-11-14 03:00:00,244561.85270273007,394286.9764060473,578478.2683835631,5246.605783889504
2030-11-14 04:00:00,244634.0330100154,394307.84568350133,579220.9617945981,6400.009999835092
2030-11-14 05:00:00,243229.34569126804,392454.66732647934,578915.1282703629,5781.998018803449
2030-11-14 06:00:00,241821.82982899804,390601.48896946054,573642.3060819741,3119.96025044575
2030-11-14 07:00:00,240409.0442207591,388748.31061244005,566494.9384965871,135.45824460916901
2030-11-14 08:00:00,239286.6554628832,386895.1322554181,566428.7379804484,1.652642822591588e-07
2030-11-14 09:00:00,239356.67262718343,386913.53258919955,567760.9281050564,1546.321149180709
2030-11-14 10:00:00,239428.16511576154,386932.4391977322,569220.7598936639,2604.809927338258
2030-11-14 11:00:00,239504.76287499833,386951.826317379,571414.9878706835,3663.604469158776
2030-11-14 12:00:00,239582.64628194898,386972.2574928079,573863.4026722246,4765.969849089723
2030-11-14 13:00:00,239653.4628751261,386990.5130099132,575946.9749607967,6363.769626051662
2030-11-14 14:00:00,239694.39051410207,386829.83672260825,575962.2224424564,6400.009999808141
2030-11-14 15:00:00,238282.85535643916,384976.65836558753,569208.6209012667,4861.274371727544
2030-11-14 16:00:00,236870.00670378303,383123.48000856716,561222.9482154194,1913.8705426939619
2030-11-14 17:00:00,235458.34203814526,381270.30165154615,554801.2666783447,800.4944242765741
2030-11-14 18:00:00,234049.931543662,379417.12329452526,554024.9376791081,1.8239536033171483e-07
2030-11-14 19:00:00,234115.25447558775,379434.9571968941,554588.345495072,680.7248973258721
2030-11-14 20:00:00,234191.92977644436,379456.05031796603,557236.7469478382,1516.517188627071
2030-11-14 21:00:00,234268.5541824876,379474.90062358143,560717.5921134318,2143.5235205217164
2030-11-14 22:00:00,234347.89502034622,379493.5659198975,564835.8146080396,2667.2729094746574
2030-11-14 23:00:00,234428.09897512585,379512.7666434775,569635.319772571,3134.3625458119072
2030-11-15 00:00:00,234507.89927669516,379533.61019920843,574823.6422050373,3572.452706949186
2030-11-15 01:00:00,234587.24886483522,379552.2974308782,580317.7319751147,4025.8719570442063
2030-11-15 02:00:00,234666.82178455582,379571.1868653668,585665.1353666777,4538.380003823286
2030-11-15 03:00:00,234747.01366242484,379590.41853895434,590637.9853766684,5192.250757226286
2030-11-15 04:00:00,234828.40190451237,379611.98636118567,594342.1895875316,6363.353655898986
2030-11-15 05:00:00,234869.80352594648,378327.1181359817,594363.6678609082,6400.00999981031
2030-11-15 06:00:00,233464.0798909108,376473.93977896293,590995.5728655697,3206.1144654672507
2030-11-15 07:00:00,232057.8673319878,374620.76142194547,584239.885960187,2.2884933059685864e-07
2030-11-15 08:00:00,232095.12363250364,372782.10381140886,584250.3331438462,17.7110722275429
2030-11-15 09:00:00,232168.6958256214,372801.02512362425,588224.6110936059,1448.5188153350446
2030-11-15 10:00:00,232248.0876370084,372820.8952456681,593513.3823470876,2775.0211636402423
2030-11-15 11:00:00,232327.41124367516,372840.79788479616,598981.7989281068,4050.5168848629046
2030-11-15 12:00:00,232408.5328804917,372862.5059705652,604317.3440017913,5406.313040181631
2030-11-15 13:00:00,232478.47384821568,372881.87562763935,605833.3741455866,6400.009999982574
2030-11-15 14:00:00,231020.31438347884,371028.69727054425,597348.7304674719,6400.009999998911
2030-11-15 15:00:00,229562.15491870831,369175.5189134229,588864.0867893129,4800.480582033284
2030-11-15 16:00:00,228103.99545393823,367322.3405562999,580379.4431111539,3632.95501648702
2030-11-15 17:00:00,226645.8359891677,365469.16219917854,571894.7994329949,2604.467142287531
2030-11-15 18:00:00,225187.67652439722,363615.98384205723,563410.1557548358,1546.1481445558459
2030-11-15 19:00:00,223729.51705962676,361762.80548493605,554925.5120766772,405.3288714238579
2030-11-15 20:00:00,222271.35759485676,359909.6271278132,546440.8683985189,3.813511284533888e-09
2030-11-15 21:00:00,220856.49517697087,358056.4487707975,538274.2953053776,231.47128356120606
2030-11-15 22:00:00,219447.03375960386,356203.2704137794,530547.2692557143,1219.199638846425
2030-11-15 23:00:00,218042.4762407277,354350.0920567659,523096.1351545973,3165.20170347153
2030-11-16 00:00:00,216641.60099014288,352496.91369975393,516328.00475706736,5480.846769324708
2030-11-16 01:00:00,215228.79817798457,350643.73534273356,508922.4164041754,6400.009999965336
2030-11-16 02:00:00,213770.63871324842,348790.5569856393,500437.77272606455,6400.009999998159
2030-11-16 03:00:00,212312.47924847814,346937.37862851826,491953.1290479064,5835.306713524442
2030-11-16 04:00:00,210854.3197837082,345084.2002713955,483468.4853697476,5410.156186543053
2030-11-16 05:00:00,209396.1603189378,343231.0219142744,474983.84169158863,5079.368847911359
2030-11-16 06:00:00,207938.00085416736,341377.8435571532,466499.1980134296,4786.532779462742
2030-11-16 07:00:00,206479.8413893969,339524.665200032,458014.55433527066,4528.006253803283
2030-11-16 08:00:00,205021.68192462687,337671.4868429092,449529.9106571118,4299.310532136413
2030-11-16 09:00:00,203563.5224598565,335818.30848578806,441045.26697895303,4100.253667961545
2030-11-16 10:00:00,202105.36299508618,333965.130128667,432560.62330079474,3921.4099211048815
2030-11-16 11:00:00,200647.2035303159,332111.9517715459,424075.97962263756,3863.226456145649
2030-11-16 12:00:00,199189.04406554633,330258.77341442346,415591.33594448195,4297.382172265081
2030-11-16 13:00:00,197730.88460077604,328405.59505730233,407106.69226632424,4140.921006171686
2030-11-16 14:00:00,196272.72513600564,326552.41670018114,398622.0485881655,3988.2411329025563
2030-11-16 15:00:00,194814.5656712352,324699.23834305984,390137.4049100066,3824.225175692731
2030-11-16 16:00:00,193356.40620646512,322846.05998593685,381652.7612318477,3653.257105053413
2030-11-16 17:00:00,191898.2467416946,320992.88162881555,373168.11755368864,3484.9981705964597
2030-11-16 18:00:00,190440.08727692414,319139.7032716942,364683.47387552966,3316.8550165976544
2030-11-16 19:00:00,188981.92781215365,317286.5249145729,356198.8301973708,3146.664944622167
2030-11-16 20:00:00,187523.76834738365,315433.34655745,347714.1865192119,2975.9566431228336
2030-11-16 21:00:00,186065.60888261328,313580.16820032883,339229.54284105304,2809.0792992216084
2030-11-16 22:00:00,184607.44941784296,311726.9898432077,330744.8991628942,2641.7979564929615
2030-11-16 23:00:00,183149.28995307267,309873.81148608663,322260.2554847353,2473.478183818421
2030-11-17 00:00:00,181691.1304883028,308020.63312896393,313775.6118065766,2299.5479947681674
2030-11-17 01:00:00,180232.97102353256,306167.4547718429,305290.9681284181,2116.5400791201437
2030-11-17 02:00:00,178774.8115587623,304314.276414722,296806.3244502596,1927.5939453845756
2030-11-17 03:00:00,177316.65209399207,302461.09805760096,288321.6807721011,1728.6941128099425
2030-11-17 04:00:00,175858.49262922225,300607.9197004784,279837.0370939426,1512.817557962143
2030-11-17 05:00:00,174400.33316445196,298754.7413433573,271352.393415784,1282.1005988387333
2030-11-17 06:00:00,172942.1736996816,296901.5629862363,262867.7497376252,1022.6248179403605
2030-11-17 07:00:00,171484.01423491124,295048.38462911523,254383.1060594665,677.4589373058001
2030-11-17 08:00:00,170025.85477014136,293195.20627199253,245898.46238130826,1.969851837202441e-09
2030-11-17 09:00:00,168618.2985468061,291342.02791497373,241549.51932534316,7.899120646470692e-08
2030-11-17 10:00:00,168692.62198598383,291365.5645604294,242284.44757993068,731.082410064244
2030-11-17 11:00:00,168776.98617113096,291386.8977106594,247714.5656553852,2612.5014148547452
2030-11-17 12:00:00,168864.02064166742,291410.2457953132,253577.94043824042,4802.779518427522
2030-11-17 13:00:00,168944.01344016482,291431.0594413943,257665.72141291716,6400.009999919814
2030-11-17 14:00:00,167537.55765964667,289577.8810843753,255629.01618011802,6400.009999998346
2030-11-17 15:00:00,166079.39819487627,287724.70272725413,247144.3725019595,5025.832097358348
2030-11-17 16:00:00,164621.2387301062,285871.52437013126,238659.7288238006,3909.8677014368504
2030-11-17 17:00:00,163163.0792653357,284018.34601300996,230175.08514564176,2936.3295225468482
2030-11-17 18:00:00,161704.9198005652,282165.16765588865,221690.44146748286,1969.4990768432986
2030-11-17 19:00:00,160246.76033579477,280311.9892987674,213205.7977893245,976.605827091964
2030-11-17 20:00:00,158788.6008710248,278458.8109416446,204721.15411116675,186.41103995488822
2030-11-17 21:00:00,157330.4414062543,276605.6325845233,196236.5104330086,1.5777459339005873e-09
2030-11-17 22:00:00,155884.681159494,274752.45422749285,187786.65112439077,2.037143891220258e-07
2030-11-17 23:00:00,154477.64290974208,272899.2758704737,184725.700113282,9.899963515636045e-08
2030-11-18 00:00:00,154520.4472594287,271680.69818855176,184750.7917272372,37.44471921993639
2030-11-18 01:00:00,154592.32774202447,271702.28530618426,185645.28018467195,297.46760704624126
2030-11-18 02:00:00,154667.37612991856,271722.5536946437,187609.45575220525,454.75750317209764
2030-11-18 03:00:00,154746.26821133378,271742.77950922435,192296.53944667958,585.0627290137734
2030-11-18 04:00:00,154834.5515189646,271765.30954269215,198084.74254083136,697.6662115572077
2030-11-18 05:00:00,154914.35688353764,271785.69016237283,203946.02681522007,798.5397385958578
2030-11-18 06:00:00,154994.25791205245,271806.0832740717,209811.73685126862,891.7278668822343
2030-11-18 07:00:00,155070.74464603022,271825.3688978442,215750.62068424284,966.5796080568447
2030-11-18 08:00:00,155168.63614673333,271848.6340364524,221903.33155398237,1033.5531465092165
2030-11-18 09:00:00,155267.19903535384,271872.13652087137,228139.72013187685,1108.367807636702
2030-11-18 10:00:00,155403.32285427765,271897.3187189187,234513.80627798382,1237.9464947792048
2030-11-18 11:00:00,156438.35662310992,271923.7580607252,240910.43131496094,3816.323158109362
2030-11-18 12:00:00,157122.4629746447,271950.27261123294,247303.51049212643,4809.713111031201
2030-11-18 13:00:00,157219.25862328967,271973.26563224185,253551.96758723052,4881.1147149911485
2030-11-18 14:00:00,157308.00698950142,271993.60949185153,259669.09981825197,4943.796320991394
2030-11-18 15:00:00,157384.14686882202,272012.40451589786,265493.9719815582,5021.93549280393
2030-11-18 16:00:00,157467.28424630186,272033.1894780009,271381.61927895586,5097.119978566116
2030-11-18 17:00:00,157547.61674733937,272051.9055275246,277307.5642006828,5172.237105687842
2030-11-18 18:00:00,157634.1562280595,272072.00065999577,283358.9327758834,5249.406882339724
2030-11-18 19:00:00,157724.35341431483,272092.97838544566,289527.326346847,5325.779104934779
2030-11-18 20:00:00,157821.13550865577,272115.47910793085,295648.1360497796,5406.583847581017
2030-11-18 21:00:00,157907.96485256832,272134.9839365714,301661.73923388065,5496.48900748567
2030-11-18 22:00:00,157988.63360026877,272155.0514237821,307482.5016818102,5605.048907848701
2030-11-18 23:00:00,158071.88581671187,272175.8620125147,313169.2408954993,5731.181639869006
2030-11-19 00:00:00,158145.8501090481,272213.00901009305,316360.07587715844,5866.65189937905
2030-11-19 01:00:00,158218.49251662436,272248.9395543446,319489.24592010083,6045.4798561570715
2030-11-19 02:00:00,158290.2044158725,272286.350405657,320890.79733506707,6362.875062094551
2030-11-19 03:00:00,158330.13687967882,272124.60900585615,320916.5311882576,6400.009999920449
2030-11-19 04:00:00,156922.29029668888,270287.8061243897,316124.96301091154,6400.009999997566
2030-11-19 05:00:00,155460.96892963562,268451.00324282155,307640.3193327531,5757.946581640223
2030-11-19 06:00:00,153999.6475625823,266614.20036125334,299155.67565459415,5400.351313949306
2030-11-19 07:00:00,152538.32619552902,264777.3974796851,290671.0319764353,5140.383909349273
2030-11-19 08:00:00,151077.00482847617,262940.59459811525,282186.3882982765,4911.823162997128
2030-11-19 09:00:00,149615.68346142297,261103.79171654713,273701.74462011806,4709.494473058694
2030-11-19 10:00:00,148154.36209436975,259266.98883497898,265217.1009419595,4531.313400325886
2030-11-19 11:00:00,146693.04072731655,257430.18595341084,256732.4572638013,4376.77582526643
2030-11-19 12:00:00,145231.71936026379,255593.38307184106,248247.8135856432,4234.323866801778
2030-11-19 13:00:00,143770.39799321062,253756.58019027294,239763.1699074849,4073.786752460689
2030-11-19 14:00:00,142309.0766261574,251919.7773087048,231278.52622932615,3920.908219040333
2030-11-19 15:00:00,140847.7552591041,250082.9744271366,222793.8825511672,3766.2891236466103
2030-11-19 16:00:00,139386.4338920512,248246.17154556664,214309.23887300814,3605.9382993628246
2030-11-19 17:00:00,137925.11252499788,246409.3686639984,205824.59519484913,3446.505882901481
2030-11-19 18:00:00,136463.79115794456,244572.56578243017,197339.95151669005,3287.4601352053646
2030-11-19 19:00:00,135002.46979089128,242735.762900862,188855.30783853112,3126.289555611972
2030-11-19 20:00:00,133541.14842383843,240898.9600192922,180370.66416037217,2964.895731689732
2030-11-19 21:00:00,132079.8270567852,239062.15713772408,171886.02048221324,2807.793994462763
2030-11-19 22:00:00,130618.505689732,237225.35425615602,163401.37680405434,2650.568427845679
2030-11-19 23:00:00,129157.18432267883,235388.55137458796,154916.73312589552,2489.7717935688624
2030-11-20 00:00:00,127695.86295562604,233551.74849301824,146432.0894477367,2323.7543793197538
2030-11-20 01:00:00,126234.54158857289,231714.94561145018,137947.4457695781,2149.0355689412368
2030-11-20 02:00:00,124773.2202215197,229878.1427298822,129462.80209141945,1967.5555841224082
2030-11-20 03:00:00,123311.89885446649,228041.33984831415,120978.15841326072,1775.6813265320473
2030-11-20 04:00:00,121850.57748741364,226204.53696674432,112493.51473510184,1570.1710168251393
2030-11-20 05:00:00,120389.25612036031,224367.7340851761,104008.87105694282,1349.3157299112122
2030-11-20 06:00:00,118927.93475330694,222530.93120360788,95524.22737878375,1095.5310252351599
2030-11-20 07:00:00,117466.61338625356,220694.12832203964,87039.58370062479,769.4326837868045
2030-11-20 08:00:00,116005.29201920066,218857.32544046978,78554.94002246587,229.10516487378356
2030-11-20 09:00:00,114543.97065214728,217020.52255890152,70070.29634430732,1.4978240869822912e-09
2030-11-20 10:00:00,114582.08834611707,215481.98830338335,70091.93727916542,712.444615048446
2030-11-20 11:00:00,114621.12218345521,215221.9233970776,70114.7191865425,3431.154486361289
2030-11-20 12:00:00,114660.17678430541,214870.97851225708,70135.88902063818,6096.161536868698
2030-11-20 13:00:00,114697.1196460088,213183.93037209957,70175.32353799068,6400.009999916803
2030-11-20 14:00:00,113290.35239825232,211347.1274906347,63517.42982469553,6400.009999975123
2030-11-20 15:00:00,111829.03103119887,209510.3246090664,55032.78614653659,2921.759999977306
2030-11-20 16:00:00,110367.7096641795,207673.5217275232,46548.142468416365,2.745309757301584e-08
2030-11-20 17:00:00,108953.78335206065,205836.71884605478,42188.22851178749,8.673032425576821e-08
2030-11-20 18:00:00,108991.42320871192,204968.40235917037,42210.25988319853,40.166461282988834
2030-11-20 19:00:00,109058.8642628681,205002.50406049276,45875.62976245687,923.4298815232512
2030-11-20 20:00:00,109140.64521203931,205040.44198814314,51503.35163900542,1672.666814210356
2030-11-20 21:00:00,109220.27820904515,205075.72656425528,57229.7223396106,2259.975476958704
2030-11-20 22:00:00,109300.12754080744,205111.39741492478,62839.88121755507,2780.1033957155582
2030-11-20 23:00:00,109383.66584100129,205147.82991448685,68516.6204374716,3272.1266660047418
2030-11-21 00:00:00,109467.5513995846,205185.33844224343,74179.81294636549,3744.941767311362
2030-11-21 01:00:00,109547.05501113394,205220.3331394188,79945.33630492717,4264.508606209752
2030-11-21 02:00:00,109625.13713978884,205255.86016774224,85438.52773299333,4895.78731421965
2030-11-21 03:00:00,109701.89622126962,205292.00359361045,90281.88588877769,5726.4282208762215
2030-11-21 04:00:00,109771.07676911437,205328.34185696288,90978.42224908147,6400.009999915037
2030-11-21 05:00:00,108359.30589869023,203491.53897549468,86579.57832653644,6400.009999966274
2030-11-21 06:00:00,106897.98453166982,201654.73609395244,78094.93464841366,3679.657588997449
2030-11-21 07:00:00,105436.66316461634,199817.93321238412,69610.29097025467,201.40758899958973
2030-11-21 08:00:00,103975.3417975966,197981.13033084068,61125.64729213288,2.9449438443407416e-08
2030-11-21 09:00:00,103069.20333759251,196144.3274493697,61057.73333002148,8.360564152098959e-08
2030-11-21 10:00:00,103134.38587507106,196177.31604106404,62024.78739410467,1510.7294003488503
2030-11-21 11:00:00,103203.18496807822,196211.48305841233,64692.014616005785,3324.5822864575857
2030-11-21 12:00:00,103272.93493836858,196246.84146833033,67393.14288792355,5137.256474685549
2030-11-21 13:00:00,103335.5567757585,196279.28381157402,68171.36879786133,6400.009999916058
2030-11-21 14:00:00,101925.29729920106,194442.48093010532,64023.10990370676,6400.009999998091
2030-11-21 15:00:00,100463.97593214757,192605.678048537,55538.46622554767,4371.4067595832075
2030-11-21 16:00:00,99002.6545650945,190768.87516696693,47053.82254738853,2198.6641697012965
2030-11-21 17:00:00,97541.33319804099,188932.07228539852,38569.17886922939,219.07438046081643
2030-11-21 18:00:00,96080.01183098748,187095.26940383014,30084.535191070285,1.5478618495889424e-09
2030-11-21 19:00:00,94666.05126315838,185258.4665223591,28760.63686412772,8.08360250567998e-08
2030-11-21 20:00:00,94735.80607605264,185294.46524043317,30132.72229242005,445.39746468412835
2030-11-21 21:00:00,94807.90616547043,185328.80729735596,32797.12709060223,687.6105560988473
2030-11-21 22:00:00,94877.84126008411,185363.19026070286,34183.29140043555,860.0727436767803
2030-11-21 23:00:00,94952.07613177566,185398.407694169,36223.162462377324,1015.1030212685242
2030-11-22 00:00:00,95030.3051585518,185434.88620652663,38728.45494530047,1149.1723437983685
2030-11-22 01:00:00,95107.12317083898,185468.68396399036,41818.398855422594,1264.2269764378573
2030-11-22 02:00:00,95185.68502614429,185502.95543519052,44603.63722732883,1374.2264043339067
2030-11-22 03:00:00,95261.95969763421,185537.4407191671,46734.64239427601,1481.4125389919827
2030-11-22 04:00:00,95336.73603042409,185573.18196409836,48085.198986589625,1585.891921882643
2030-11-22 05:00:00,95394.06338749193,185604.5525785137,48259.356562140885,1664.170876343909
2030-11-22 06:00:00,95423.54661806242,183767.7496971123,48259.35656206244,352.0881916310052
2030-11-22 07:00:00,95453.02984863402,181930.94681572157,48259.35656199021,6.851813623143244e-07
2030-11-22 08:00:00,95526.37112760423,181965.4396439856,49766.02347923485,9.88940087154333e-07
2030-11-22 09:00:00,95601.72405717794,181997.79322296925,51744.07124939718,1.0631061072778792e-06
2030-11-22 10:00:00,95678.45536363467,182030.80706347985,53493.65628020361,9.94862548752648e-07
2030-11-22 11:00:00,95762.62260556234,182065.90195708713,57355.26984042569,7.560310494988873e-07
2030-11-22 12:00:00,96920.49583593487,182118.86919125463,63777.29663997136,15.860262608409874
2030-11-22 13:00:00,97006.31642894995,182153.1198746301,69452.7587416272,14.021568756737434
2030-11-22 14:00:00,97085.987184439,182186.87619787286,72484.96896642887,11.942866619905502
2030-11-22 15:00:00,97162.6130228957,182220.34612980517,74188.11516102312,9.469920228542803
2030-11-22 16:00:00,97244.23706438324,182256.12365738727,76418.97649324137,6.218386566792052
2030-11-22 17:00:00,97322.80364606447,182289.8311955556,81914.7511844053,4.4409498745068277e-08
2030-11-22 18:00:00,98480.67687665454,183773.16542883436,88336.77798434271,5.921617234092293e-07
2030-11-22 19:00:00,99638.55010724533,185256.49966211442,94758.80478428422,4.5980266816398364e-08
2030-11-22 20:00:00,100796.42333785912,186739.8338954426,101180.83158424833,919.9627564183829
2030-11-22 21:00:00,101954.29656847192,188223.16812877145,107602.85838421203,1939.9187145799865
2030-11-22 22:00:00,103112.16979908475,189706.5023621004,114024.88518417494,1423.7162982143243
2030-11-22 23:00:00,104270.0430296978,191189.8365954298,120446.91198413815,2358.839666782961
2030-11-23 00:00:00,105427.91626031167,192673.1708287582,126868.93878410234,3935.1349318140583
2030-11-23 01:00:00,106585.78949092484,194156.5050620874,133290.96558406766,5363.45927596569
2030-11-23 02:00:00,107743.66272153793,195639.83929541663,139712.99238403206,6109.031400963568
2030-11-23 03:00:00,108901.53595215097,197123.1735287458,146135.01918399526,6400.009999956631
2030-11-23 04:00:00,110059.40918274276,198606.50776202517,152557.0459839322,6400.0099999586455
2030-11-23 05:00:00,110138.08668990356,198639.5997820761,155719.5643952655,5725.201683644611
2030-11-23 06:00:00,110210.76147174221,198671.2290626672,156722.83913426727,5190.340231890369
2030-11-23 07:00:00,110280.83743712475,198701.42774569368,157830.10740794867,4783.318694098551
2030-11-23 08:00:00,110357.78651537038,198735.2420004761,158949.0869382551,4438.785496449501
2030-11-23 09:00:00,110436.96146164059,198767.3069917198,162244.6936743609,4183.871933577338
2030-11-23 10:00:00,110517.65789667533,198799.83697204344,165877.57711302902,3946.891810654403
2030-11-23 11:00:00,110599.75948435743,198833.02060370232,169781.51920995125,3721.2555703009257
2030-11-23 12:00:00,110677.79046330204,198866.7550547089,170995.61482873245,3449.331585003018
2030-11-23 13:00:00,110749.84704713643,198896.03921314058,172058.2347400773,3164.1088646280073
2030-11-23 14:00:00,110819.48620236413,198924.95421321946,172806.21051842888,2886.9841618963064
2030-11-23 15:00:00,110884.79392949578,198954.09600389109,173318.2485609944,2611.207557983914
2030-11-23 16:00:00,110954.23069635066,198985.8013093986,173826.9518252439,2328.229126736159
2030-11-23 17:00:00,111020.75208371684,199014.19096174798,174328.8304960934,2030.5884773709167
2030-11-23 18:00:00,111089.89010909256,199043.53356297477,175030.8606949056,1702.058924093557
2030-11-23 19:00:00,111161.00724766876,199073.76596374536,176030.3305325675,1308.1323636147513
2030-11-23 20:00:00,111240.60022007555,199107.90649146604,177138.06769175094,857.2199299088261
2030-11-23 21:00:00,111317.73557404744,199139.50948653748,179201.7904871941,312.64469313336656
2030-11-23 22:00:00,111438.59693347524,199174.9782779647,185451.40476943893,158.81988031307816
2030-11-23 23:00:00,112366.36802335322,199212.0700727202,191778.96309779971,4.476339654502226e-08
2030-11-24 00:00:00,113524.24125394414,200695.40430599873,198200.98989773524,1.1456075914968323e-06
2030-11-24 01:00:00,114682.11448453406,202178.73853927685,204623.0166976755,1.3335570535679807e-06
2030-11-24 02:00:00,115839.98771512443,203662.07277255625,211045.0434976148,1.1351426149448938e-06
2030-11-24 03:00:00,116997.86094571507,205145.40700583643,217467.07029755347,4.759503908473112e-08
2030-11-24 04:00:00,118155.73417632852,206628.74123916434,223889.09709751632,1029.7050711798054
2030-11-24 05:00:00,119313.60740694097,208112.075472493,230311.12389747938,2581.3576100685714
2030-11-24 06:00:00,120471.48063755324,209595.40970582154,236733.15069744267,2818.232787206037
2030-11-24 07:00:00,121629.35386816526,211078.74393914978,243155.17749740716,754.0847094989185
2030-11-24 08:00:00,122787.22709877841,212562.07817247752,249577.20429737147,1248.619548647645
2030-11-24 09:00:00,123945.10032939083,214045.41240580616,255999.23109733575,2357.0409983328627
2030-11-24 10:00:00,125102.97356000326,215528.7466391349,262421.2578972995,3155.394201120982
2030-11-24 11:00:00,126260.84679061583,217012.08087246388,268843.28469726315,4053.942574523123
2030-11-24 12:00:00,127418.72002122908,218495.41510579168,275265.3114972273,5086.037069189388
2030-11-24 13:00:00,128576.5932518415,219978.7493391201,281687.33829719253,6400.009999957339
2030-11-24 14:00:00,129734.46648243138,221462.0835723988,288109.3650971322,6400.009999960513
2030-11-24 15:00:00,129809.8676023168,221495.9723045435,293862.4577936359,6400.009998714663
2030-11-24 16:00:00,129885.06385948516,221529.96244006543,295081.5004101643,6400.009998177261
2030-11-24 17:00:00,129956.13759143974,221560.6874951069,295879.69130096753,6400.009997834164
2030-11-24 18:00:00,130027.66954158065,221591.91397927218,296734.45339744753,6400.00999759436
2030-11-24 19:00:00,130099.22412727207,221623.42656758547,297797.58262920484,6400.009997422659
2030-11-24 20:00:00,130176.77620110828,221657.4808800848,298753.9003980908,6400.009997303825
2030-11-24 21:00:00,130249.75567889321,221688.7629524243,299621.3495209972,6400.009997231847
2030-11-24 22:00:00,130321.23418115372,221719.8250753125,300319.4085018522,6400.009997201587
2030-11-24 23:00:00,130395.09107536775,221752.1082409183,301059.17395795486,6400.009997209249
2030-11-25 00:00:00,130471.0160115914,221785.9940427415,301824.7485770711,6400.009997253262
2030-11-25 01:00:00,130544.67405395876,221817.28215843858,302715.4279660215,6400.009997339763
2030-11-25 02:00:00,130618.37055006341,221849.0704891901,303492.4264227575,6400.009997475424
2030-11-25 03:00:00,130692.74149779674,221881.41308964125,304202.94727093674,6400.0099976704805
2030-11-25 04:00:00,130770.03328528971,221915.64365385595,304834.09407661116,6400.009997946956
2030-11-25 05:00:00,130839.21866002459,221947.3942873186,305385.4495753395,6400.009998361471
2030-11-25 06:00:00,130900.23715886168,221978.41548392974,305768.4930568922,6400.009999074899
2030-11-25 07:00:00,130929.72038942657,220141.61260252437,305768.49305682123,4830.497075723104
2030-11-25 08:00:00,130965.67618037855,220009.24549361903,305782.71084641095,4844.106766695377
2030-11-25 09:00:00,131031.7957085557,220039.93862508354,306332.9457138645,5028.921225121049
2030-11-25 10:00:00,131101.91667540063,220071.4887461226,306897.8881362291,5237.800969144248
2030-11-25 11:00:00,131174.11123167278,220103.66103990338,307481.4872316907,5479.0383427315255
2030-11-25 12:00:00,131246.66613491965,220137.07152941206,308074.5036699526,5777.959495973435
2030-11-25 13:00:00,131309.9836586086,220167.2052580058,308657.3481845731,6400.00999983359
2030-11-25 14:00:00,129896.25596615097,218330.40237653113,308242.05250555393,5659.263992899419
2030-11-25 15:00:00,128483.14922721178,216493.59949506054,301766.4924300592,3789.3656889672848
2030-11-25 16:00:00,127072.02670926084,214656.79661358998,294857.97032748896,1881.228818480336
2030-11-25 17:00:00,125652.34037580383,212819.99373211502,291811.93619901827,1.3906515050621238e-07
2030-11-25 18:00:00,125706.69875376095,212849.42725374224,291983.2273511845,6.809952618201722e-07
2030-11-25 19:00:00,125774.4976369601,212879.51877440073,292685.74915090227,8.164293436949653e-07
2030-11-25 20:00:00,125850.85637710997,212912.68313942282,293493.8487361219,7.987482806254311e-07
2030-11-25 21:00:00,125925.16983731478,212943.6511854594,294381.70946659666,6.306057517940796e-07
2030-11-25 22:00:00,126005.14645404434,212976.46382808525,296323.235102121,4.049989007762114e-08
2030-11-25 23:00:00,127163.01968463484,214459.79806136442,302745.26190205896,5.858871266575763e-07
2030-11-26 00:00:00,128330.87810609535,215949.02566747452,309167.2887019981,4.55709134642301e-08
2030-11-26 01:00:00,129498.73652757719,217438.25327363418,315589.3155019637,1003.6078401001286
2030-11-26 02:00:00,130666.59494905932,218927.4808797943,322011.342301929,1949.1987134584674
2030-11-26 03:00:00,131834.45337054154,220416.70848595467,328433.3691018941,2593.7252886647266
2030-11-26 04:00:00,133002.3117920244,221905.93609211378,334855.3959018588,2949.7134071343216
2030-11-26 05:00:00,134170.1702135062,223395.16369827357,341277.4227018233,3152.4309388894353
2030-11-26 06:00:00,135338.02863498786,224884.3913044332,347699.449501788,3193.4623453280155
2030-11-26 07:00:00,136505.88705646945,226373.61891059278,354121.4763017536,3083.26490065956
2030-11-26 08:00:00,137673.74547795206,227862.8465167515,360543.50310171867,3028.4953911008824
2030-11-26 09:00:00,138841.6038994338,229352.07412291097,366965.52990168356,3119.385271011872
2030-11-26 10:00:00,140009.4623209156,230841.30172907052,373387.5567016481,3185.500064563157
2030-11-26 11:00:00,141177.3207423975,232330.5293352303,379809.58350161265,3282.5549896881403
2030-11-26 12:00:00,142345.1791638801,233819.75694138894,386231.61030157737,3357.5986558104905
2030-11-26 13:00:00,143513.03758536204,235308.98454754837,392653.6371015432,3571.486924303401
2030-11-26 14:00:00,144680.89600684395,236798.2121537079,399075.6639015085,3852.93522426799
2030-11-26 15:00:00,145848.75442832557,238287.43975986712,405497.6907014733,4007.724982386669
2030-11-26 16:00:00,147016.6128498078,239776.6673660252,411919.71750143747,3858.267281573898
2030-11-26 17:00:00,148184.47127128887,241265.89497218348,418341.7443014014,3146.8118911288348
2030-11-26 18:00:00,149352.32969277012,242755.12257834224,424763.7711013661,2871.0860869905982
2030-11-26 19:00:00,150520.1881142517,244244.35018450138,431185.7979013318,2772.912879602467
2030-11-26 20:00:00,151688.04653573447,245733.57779066,437607.8247012971,2779.933169950155
2030-11-26 21:00:00,152855.9049572164,247222.80539681934,444029.8515012622,2793.9323685158943
2030-11-26 22:00:00,154023.76337869867,248712.0330029793,450451.8783012273,3128.0413275348737
2030-11-26 23:00:00,155191.6218001811,250201.2606091395,456873.90510119236,3493.707744092738
2030-11-27 00:00:00,156359.4802216642,251690.4882152985,463295.93190115766,3841.503199685372
2030-11-27 01:00:00,157527.33864314674,253179.71582145855,469717.9587011239,4481.354710309996
2030-11-27 02:00:00,158695.19706462926,254668.9434276187,476139.98550108966,5391.089200883316
2030-11-27 03:00:00,159863.05548611167,256158.17103377875,482562.012301055,6400.00999995755
2030-11-27 04:00:00,161030.9139075732,257647.39863988914,488984.0391009957,6400.009999961036
2030-11-27 05:00:00,161561.8250269884,257689.99481492728,495311.6447933342,6400.00999901173
2030-11-27 06:00:00,161649.21052490917,257728.48606771248,496881.57257564616,6400.00999861502
2030-11-27 07:00:00,161733.08266115945,257765.75332044045,498196.5818075255,6400.009998388385
2030-11-27 08:00:00,161825.82203717582,257806.46950434503,499939.12100095925,6400.009998257915
2030-11-27 09:00:00,161920.9669860334,257845.92716475748,505487.49737460894,6400.009998202641
2030-11-27 10:00:00,162014.06808929628,257885.05629612197,508499.9274890959,6400.009998206451
2030-11-27 11:00:00,162102.24996361736,257923.7841805215,509649.29514678346,6400.009998270153
2030-11-27 12:00:00,162186.48194932652,257962.50940710687,510601.27775332454,6400.00999840236
2030-11-27 13:00:00,162263.88460972032,257998.24060384426,511618.23797705304,6400.009998662443
2030-11-27 14:00:00,162335.58489966978,258034.38195819504,512258.9378940208,6400.009999166457
2030-11-27 15:00:00,162375.05332111154,256203.47244960468,512258.93789395364,5635.379886694
2030-11-27 16:00:00,162421.16409856285,256060.47147372313,512273.8234082848,5646.274448977139
2030-11-27 17:00:00,162490.37901555095,256096.89901144552,512735.251459881,5681.343172171262
2030-11-27 18:00:00,162564.65386719094,256134.1018449643,513482.36074253294,5719.309527100922
2030-11-27 19:00:00,162643.6896381571,256172.04559364496,514702.1168091672,5754.6679563813495
2030-11-27 20:00:00,162732.36810538592,256212.75281927138,516016.8356070746,5790.443454661248
2030-11-27 21:00:00,162818.59225669823,256251.39567089363,517343.2504303141,5830.752405844841
2030-11-27 22:00:00,162903.68561568198,256290.5072107392,518542.3699623316,5874.949969363441
2030-11-27 23:00:00,162992.69704557574,256330.795649411,519839.71767143917,5921.8900528960085
2030-11-28 00:00:00,163084.6496201875,256372.88004968682,521297.5910818907,5971.175213465312
2030-11-28 01:00:00,163175.23317013896,256412.76482553166,522985.2082910083,6027.788789934951
2030-11-28 02:00:00,163264.07020205053,256452.85778856112,524494.9294532906,6096.009136775317
2030-11-28 03:00:00,163351.03612108226,256493.50405953664,525883.2719667734,6190.514478137847
2030-11-28 04:00:00,163433.17851256678,256535.44577395552,526901.4908219017,6400.00999988135
2030-11-28 05:00:00,163364.43355061975,254704.5362653144,526859.6178781288,6400.0099996831805
2030-11-28 06:00:00,161968.08215623727,252873.62675667854,519645.57940426504,6400.009999749617
2030-11-28 07:00:00,160516.74598017507,251042.71724800402,511160.9357262538,3512.423939365239
2030-11-28 08:00:00,159121.54358430934,249211.80773937123,503266.55321374856,3784.8568181327364
2030-11-28 09:00:00,157725.7235474519,247380.89823073262,499020.87272516434,5035.815478795479
2030-11-28 10:00:00,156333.443739241,245549.98872209742,492060.7239825307,6011.0420458276685
2030-11-28 11:00:00,154928.9178296337,243719.07921346137,483861.27116344945,6400.009999997873
2030-11-28 12:00:00,153477.58165344957,241888.1697047223,475376.62748529034,5823.368791947186
2030-11-28 13:00:00,152026.2454772651,240057.2601959849,466891.9838071316,5514.954578290007
2030-11-28 14:00:00,150574.9093010806,238226.35068724747,458407.34012897254,5256.662251604698
2030-11-28 15:00:00,149123.57312489604,236395.44117850997,449922.69645081327,5018.150367792812
2030-11-28 16:00:00,147672.23694871186,234564.5316697708,441438.05277265405,4796.867498151725
2030-11-28 17:00:00,146220.9007725273,232733.62216103333,432953.4090944949,4596.337150209209
2030-11-28 18:00:00,144769.56459634277,230902.71265229592,424468.7654163358,4408.967226385585
2030-11-28 19:00:00,143318.2284201583,229071.8031435585,415984.1217381767,4232.147498736106
2030-11-28 20:00:00,141866.89224397426,227240.89363481948,407499.4780600176,4063.9420661398676
2030-11-28 21:00:00,140415.5560677899,225409.9841260822,399014.8343818585,3906.7470288096893
2030-11-28 22:00:00,138964.2198916056,223579.07461734503,390530.19070369966,3758.7452630537214
2030-11-28 23:00:00,137512.88371542134,221748.16510860788,382045.54702554084,3615.887968427061
2030-11-29 00:00:00,136061.54753923745,219917.25559986904,373560.9033473821,3470.743797677083
2030-11-29 01:00:00,134610.21136305324,218086.34609113194,365076.2596692234,3325.546503966535
2030-11-29 02:00:00,133158.87518686903,216255.43658239485,356591.61599106464,3182.0657801501043
2030-11-29 03:00:00,131707.53901068476,214424.52707365772,348106.9723129059,3038.9031844783126
2030-11-29 04:00:00,130256.20283450084,212593.6175649187,339622.3286347471,2898.5875682782653
2030-11-29 05:00:00,128804.86665831646,210762.7080561814,331137.684956588,2755.3878162915103
2030-11-29 06:00:00,127353.530482132,208931.798547444,322653.0412784289,2604.9674594571406
2030-11-29 07:00:00,125902.19430594753,207100.88903870655,314168.3976002699,2448.341912403339
2030-11-29 08:00:00,124450.85812976347,205269.97952996744,305683.7539221107,2284.2775651883508
2030-11-29 09:00:00,122999.52195357898,203439.07002122994,297199.1102439516,2117.4074913851196
2030-11-29 10:00:00,121548.18577739448,201608.1605124924,288714.4665657926,1946.4170715000128
2030-11-29 11:00:00,120096.84960120995,199777.25100375488,280229.82288763364,1765.6985773416075
2030-11-29 12:00:00,118645.51342502586,197946.3414950157,271745.17920947477,1572.8649680257965
2030-11-29 13:00:00,117194.17724884136,196115.43198627813,263260.535531316,1362.6360218506463
2030-11-29 14:00:00,115742.84107265687,194284.5224775406,254775.89185315714,1134.0299436710466
2030-11-29 15:00:00,114291.50489647237,192453.61296880303,246291.2481749982,883.9844697381722
2030-11-29 16:00:00,112840.1687202883,190622.70346006387,237806.6044968391,524.2160002162813
2030-11-29 17:00:00,111388.83254410382,188791.79395132634,229321.96081867995,1.6318040252372157e-09
2030-11-29 18:00:00,109987.49825956674,186960.88444268578,225360.1377958664,8.428527015156368e-08
2030-11-29 19:00:00,110060.57467214794,187000.15713618763,226305.81831976608,8.118371218563352e-07
2030-11-29 20:00:00,110144.5212181275,187041.8573238712,227896.44367445062,1.0572870493717686e-06
2030-11-29 21:00:00,110228.5614830216,187080.76745945218,229791.73114664343,1.1510528973680636e-06
2030-11-29 22:00:00,110315.84548093163,187120.39680284032,231760.85997118335,1.1425859538673266e-06
2030-11-29 23:00:00,110412.71911006323,187162.64314063825,234218.07148228693,1.0379436754333007e-06
2030-11-30 00:00:00,110514.37961870468,187207.0849493025,238347.98382232556,7.880255218785833e-07
2030-11-30 01:00:00,110616.18841108597,187250.25569333657,244062.34684506783,4.3425821158658635e-08
2030-11-30 02:00:00,111784.04683254738,188739.48329944877,250484.37364501142,1047.162162874831
2030-11-30 03:00:00,112951.90525400892,190228.71090556143,256906.4004449552,3723.2036143704513
2030-11-30 04:00:00,114119.76367547105,191717.9385116728,263328.4272448984,6400.009999926533
2030-11-30 05:00:00,115287.62209687821,193053.57040690348,269750.45404478133,6400.009999849616
2030-11-30 06:00:00,115720.76684761803,193098.39710548898,276113.22383481293,5350.122781087584
2030-11-30 07:00:00,115865.83275508972,193141.6529719614,282446.7424023402,2115.5678666168437
2030-11-30 08:00:00,116153.58691408046,193187.34570043473,288803.2003120914,1.1899874152732082e-07
2030-11-30 09:00:00,117321.44533549114,193866.02593458418,295225.2271119792,7.36317815608345e-08
2030-11-30 10:00:00,118489.30375695166,195355.25354069468,301647.25391192094,920.115102437789
2030-11-30 11:00:00,119657.16217841295,196844.48114680682,308069.2807118641,2593.6578709631162
2030-11-30 12:00:00,120825.02059987494,198333.7087529181,314491.30751180754,4135.000714976815
2030-11-30 13:00:00,121992.87902133624,199822.93635902958,320913.3343117521,5491.881264064466
2030-11-30 14:00:00,123160.73744279702,201312.16396514018,327335.36111169495,6400.009999956379
2030-11-30 15:00:00,123253.41148506795,201353.1822188627,331033.68516475917,6400.009998820873
2030-11-30 16:00:00,123345.35018218396,201394.78246124904,333109.6742641953,6400.009998344128
2030-11-30 17:00:00,123430.1805757253,201432.8909490232,335036.19386480213,6400.009998048043
2030-11-30 18:00:00,123515.84355305103,201471.78632304276,337080.0128679275,6400.0099978519465
2030-11-30 19:00:00,123599.06812211151,201510.0102225117,339397.32059832406,6400.009997720283
2030-11-30 20:00:00,123689.50467458201,201551.07885709507,341515.63739676686,6400.009997642466
2030-11-30 21:00:00,123774.30668576645,201589.4007157337,343422.80652652495,6400.009997614521
2030-11-30 22:00:00,123855.9815668912,201628.39153519622,344853.9100881554,6400.009997642648
2030-11-30 23:00:00,123940.14775515362,201668.26280257493,346395.4627190445,6400.009997713994
2030-12-01 00:00:00,124027.99630819554,201709.60185008842,348136.03449656174,6400.009997830102
2030-12-01 01:00:00,124113.1163045704,201748.89022313326,350056.5521335107,6400.009998016823
2030-12-01 02:00:00,124199.26473287331,201789.05825094512,351821.63366110943,6400.009998302676
2030-12-01 03:00:00,124283.93131831552,201830.0619293973,353324.8908396063,6400.009998771907
2030-12-01 04:00:00,124371.24987513779,201872.73920894257,354672.7478668202,6400.009999919185
2030-12-01 05:00:00,123828.16574198488,200041.8297003019,354614.0638694145,6400.009999978091
2030-12-01 06:00:00,122376.82956583319,198210.92019159006,346129.42019129166,6400.009999998833
2030-12-01 07:00:00,120925.49338964878,196380.01068285268,337644.77651313273,3198.1509787333002
2030-12-01 08:00:00,119474.1572134648,194549.10117411366,329160.13283497375,1.5525074559263885e-09
2030-12-01 09:00:00,118071.54580164519,192718.19166547497,321790.96115032956,8.577217158745043e-08
2030-12-01 10:00:00,118118.17376238217,191026.8178852904,321809.02731811506,160.9885486100039
2030-12-01 11:00:00,118183.76258741625,191065.56677949787,321910.6614063116,3082.9578450567956
2030-12-01 12:00:00,118262.54941427129,191107.83093463426,322344.02875445917,6008.077769602606
2030-12-01 13:00:00,118309.33979295353,190182.7368152579,322365.75931478315,6400.0099999804115
2030-12-01 14:00:00,116858.00361680311,188351.82730654703,313881.1156366624,6400.009999998708
2030-12-01 15:00:00,115406.66744061868,186520.9177978096,305396.4719585035,5067.068278705636
2030-12-01 16:00:00,113955.33126443464,184690.0082890705,296911.8282803443,4227.082644561623
2030-12-01 17:00:00,112503.99508825017,182859.09878033306,288427.1846021852,3505.1033753339284
2030-12-01 18:00:00,111052.6589120657,181028.1892715956,279942.54092402605,2801.2168187876355
2030-12-01 19:00:00,109601.32273588126,179197.27976285818,271457.8972458672,2078.620415129357
2030-12-01 20:00:00,108149.98655969728,177366.37025411916,262973.2535677083,1278.5508400458289
2030-12-01 21:00:00,106698.6503835129,175535.46074538177,254488.60988954947,112.13303176399552
2030-12-01 22:00:00,105247.31420732848,173704.55123664442,246003.9662113903,1.5894272564764833e-09
2030-12-01 23:00:00,103859.31585734249,171873.64172800936,241131.6444977156,4.425091901794076e-07
2030-12-02 00:00:00,102466.83009142202,170042.73221937113,238091.45359737854,5.157292401799032e-07
2030-12-02 01:00:00,101153.77773813826,168211.82271073142,238010.3806220864,4.5187111131677697e-07
2030-12-02 02:00:00,100771.82231180594,166380.913202091,237953.65502600188,1.568274220775099e-07
2030-12-02 03:00:00,100818.58678340376,164702.014334859,237971.7814417052,1641.1441707324868
2030-12-02 04:00:00,100866.33641738673,163943.19859502345,237988.35281706662,4289.121128841334
2030-12-02 05:00:00,100912.77365941134,162500.18852527378,238004.4086416609,6400.009996947794
2030-12-02 06:00:00,99698.12325993803,160669.27901663433,237923.3662806727,6083.915689699683
2030-12-02 07:00:00,98302.12691927384,158838.36950799657,234220.69205808494,3034.882403769018
2030-12-02 08:00:00,96907.44035278335,157007.45999935726,232982.20439702572,1.6926060197874904e-07
2030-12-02 09:00:00,96955.85707036285,157000.28206396033,233007.28695677445,40.30207163993737
2030-12-02 10:00:00,97032.94064302518,157040.78285517002,233711.38985443578,1419.2320640168334
2030-12-02 11:00:00,97115.58417261686,157082.24852178566,234891.12568820376,3037.17598624135
2030-12-02 12:00:00,97200.29860057653,157124.8178339964,236248.34289051648,4683.3097931495
2030-12-02 13:00:00,97276.62923522909,157164.74149209377,237294.4847524437,6400.009999917981
2030-12-02 14:00:00,95874.29585229458,155333.83198345284,234721.98367690356,6400.009999998695
2030-12-02 15:00:00,94422.95967611007,153502.92247471536,226237.33999874443,3819.300328393924
2030-12-02 16:00:00,92971.62349992598,151672.0129659762,217752.69632058527,363.9279377970006
2030-12-02 17:00:00,91520.28732374137,149841.1034572386,209268.0526424261,1.2910277291666716e-09
2030-12-02 18:00:00,90117.42013663198,148010.19394859846,204209.760716375,8.964175553147044e-08
2030-12-02 19:00:00,90184.76138718573,148049.29887774508,204498.40945654362,379.63045927713915
2030-12-02 20:00:00,90266.97892326923,148091.26757023248,205821.05257379674,988.2256992679226
2030-12-02 21:00:00,90350.02048190273,148130.77007697392,207484.01411759036,1400.1771182926466
2030-12-02 22:00:00,90438.7087341194,148171.02302255752,209374.40839607103,1726.5714749366175
2030-12-02 23:00:00,90533.29401057138,148213.11438638266,211578.1481994319,2032.2510052141815
2030-12-03 00:00:00,90633.92196631094,148270.30195141255,213898.05015732584,2303.473519111558
2030-12-03 01:00:00,90735.58012747414,148326.07716724003,216933.49273331196,2566.306150267446
2030-12-03 02:00:00,90839.37576847634,148382.6656421669,220162.1175411308,2834.5411003051995
2030-12-03 03:00:00,90945.03169569472,148439.87713517132,223933.86099276302,3114.931258394944
2030-12-03 04:00:00,91051.30125803222,148497.92735622753,226561.50483134267,3375.4731686585374
2030-12-03 05:00:00,91145.13112629463,148552.11008225143,228466.26606077206,3613.820220132954
2030-12-03 06:00:00,91233.74478504928,148605.54921819476,230153.50295799001,3860.140982320855
2030-12-03 07:00:00,91315.72313290392,148658.46127832535,231572.87077208704,4119.380156798528
2030-12-03 08:00:00,91401.96105564793,148713.57253160083,232886.5648003932,4394.267423685585
2030-12-03 09:00:00,91487.4237353398,148766.43996478914,234372.5559120735,4701.467147749477
2030-12-03 10:00:00,91573.19597261814,148819.82814156584,235661.22952729338,5046.781068321136
2030-12-03 11:00:00,91662.22389810211,148873.79030983214,237122.07901211575,5489.181000923037
2030-12-03 12:00:00,91748.94345303907,148929.03832908013,238271.75507985277,6198.124285415564
2030-12-03 13:00:00,91813.9351729124,148979.7684767222,238378.84678013885,6400.009999911639
2030-12-03 14:00:00,90425.46630173958,147162.69240684077,232480.38123205665,6400.009999998536
2030-12-03 15:00:00,88979.27793920491,145345.6163368587,223995.7375538976,4699.028372198983
2030-12-03 16:00:00,87533.08957667064,143528.54026687497,215511.09387573847,3333.9510742700495
2030-12-03 17:00:00,86086.90121413594,141711.46419689286,207026.45019757937,2098.043130308746
2030-12-03 18:00:00,84640.71285160127,139894.3881269108,198541.80651942026,758.218905052668
2030-12-03 19:00:00,83194.52448906667,138077.31205692881,190057.16284126116,1.8616219676914625e-09
2030-12-03 20:00:00,81809.31954329129,136260.23598704813,184212.21379722547,2.403562575636897e-07
2030-12-03 21:00:00,80413.13084785196,134443.15991716273,181876.92813543096,1.0603133749170417e-07
2030-12-03 22:00:00,80489.05382572251,134496.9017359535,182129.9854374823,526.3651285340003
2030-12-03 23:00:00,80576.77406103193,134551.87218246402,183000.30318028387,1685.878244809886
2030-12-04 00:00:00,80668.2420773139,134608.2431119834,184081.16079514538,2573.428396245777
2030-12-04 01:00:00,80758.39499194598,134662.26997084738,185469.75793455183,3364.3067057196517
2030-12-04 02:00:00,80849.10439649608,134716.71377252223,186720.75150311255,4187.420281713484
2030-12-04 03:00:00,80937.99767631036,134771.34527020156,187774.57547699733,5131.940663676656
2030-12-04 04:00:00,81025.41562817346,134826.93449585847,188493.6267931776,6369.6958068146005
2030-12-04 05:00:00,81076.63491184273,133408.53261721652,188508.08515478412,6400.009999833951
2030-12-04 06:00:00,79676.26598596021,131591.45654733025,186947.8277113578,3206.14713865209
2030-12-04 07:00:00,78274.41032325834,129774.38047744415,183604.43078923714,2.2894391804584302e-07
2030-12-04 08:00:00,78320.96744015848,127961.21204271015,183608.30781159212,1.0634830687195063e-06
2030-12-04 09:00:00,78406.6099123986,128012.60926594381,184965.64125793552,1.7167123807582588e-06
2030-12-04 10:00:00,78494.08704770448,128064.2765581754,186267.68480364434,1.9000429676615634e-06
2030-12-04 11:00:00,78585.19126232136,128117.08661442192,187694.84191185187,1.9608576515954976e-06
2030-12-04 12:00:00,78677.56045045705,128171.30214675746,189198.81751429915,1.9418629527951287e-06
2030-12-04 13:00:00,78765.73980230985,128222.33337855666,191044.98924513403,1.8628151807671124e-06
2030-12-04 14:00:00,78855.2652161923,128274.08880653029,192730.37809023212,1.717993559401464e-06
2030-12-04 15:00:00,78945.32151975812,128326.47847816256,194284.44515752257,1.4788528492677135e-06
2030-12-04 16:00:00,79040.18475421166,128381.43504606801,195879.67102975916,1.0747304984113763e-06
2030-12-04 17:00:00,79132.91695790099,128434.37781148317,199014.3703788601,1.0874903411406496e-07
2030-12-04 18:00:00,80305.92319295938,129043.13215140319,205436.39717873742,6.434012141627778e-08
2030-12-04 19:00:00,81478.92942806956,130546.19319626981,211858.42397867955,4.30915531330703e-08
2030-12-04 20:00:00,82651.93566320254,132049.25424118448,218280.45077864424,21.127499564544287
2030-12-04 21:00:00,83824.94189833465,133552.31528609997,224702.47757860893,723.1710856679468
2030-12-04 22:00:00,84997.9481334669,135055.37633101575,231124.50437857336,1204.6507062127541
2030-12-04 23:00:00,86170.95436859946,136558.437375932,237546.53117853816,2362.868586933123
2030-12-05 00:00:00,87343.96060373269,138061.49842084709,243968.55797850314,3265.9232267644825
2030-12-05 01:00:00,88516.96683886525,139564.5594657631,250390.58477846906,4209.656708382074
2030-12-05 02:00:00,89689.97307399778,141067.62051067912,256812.61157843447,5302.083360474661
2030-12-05 03:00:00,90862.97930913015,142570.681555595,263234.63837839925,6400.009999957552
2030-12-05 04:00:00,92035.98554424138,144073.74260046112,269656.66517833824,6400.00999995957
2030-12-05 05:00:00,92131.18731245465,144127.40896499134,275549.66763632355,5754.235616271492
2030-12-05 06:00:00,92217.8874920149,144178.3379483998,277051.6758008813,3884.9408420686937
2030-12-05 07:00:00,92300.39717845575,144227.82393176458,278660.6524065427,2119.6559097168374
2030-12-05 08:00:00,92390.3256191438,144281.09838225483,280288.6656441307,138.26750416161076
2030-12-05 09:00:00,93331.5025644107,144336.583813089,286628.6653262354,4.1108251025434583e-08
2030-12-05 10:00:00,94504.50879952025,145839.64485795406,293050.6921261739,4.389275393349816e-08
2030-12-05 11:00:00,95677.51503465217,147342.70590286932,299472.7189261373,1858.4995683726997
2030-12-05 12:00:00,96850.52126978502,148845.76694778373,305894.7457261017,4203.151428594679
2030-12-05 13:00:00,98023.52750491707,150348.8279926988,312316.77252606704,6400.009999956068
2030-12-05 14:00:00,99196.53374002698,151851.8890375644,318738.79932600766,6400.009999959805
2030-12-05 15:00:00,99291.56424545644,151905.7332571309,324302.4093072235,6400.009998778464
2030-12-05 16:00:00,99387.30571525198,151960.58948464054,327220.10859722336,6400.009998278125
2030-12-05 17:00:00,99477.7923386776,152012.52599213715,329234.89827105624,6400.0099979644565
2030-12-05 18:00:00,99568.95052694721,152065.24312560319,331302.67910644214,6400.00999775116
2030-12-05 19:00:00,99661.0381016137,152118.50996889774,334655.86460114236,6400.009997604495
2030-12-05 20:00:00,99761.159589369,152174.47760123303,338788.4647147122,6400.009997511603
2030-12-05 21:00:00,99861.135815388,152228.72316780477,344041.0681870865,6400.009997467509
2030-12-05 22:00:00,99962.17512500184,152283.5357163714,349147.57091791386,6400.009997465721
2030-12-05 23:00:00,100135.07680073625,152341.16123733422,355437.40959175123,6400.009997514151
2030-12-06 00:00:00,100241.02363541005,152398.25461122344,361015.22110133833,6400.009997599638
2030-12-06 01:00:00,100341.75799863478,152452.90732149952,364870.6391604299,6400.009997739476
2030-12-06 02:00:00,100439.80634761897,152507.11672247958,366936.91876437666,6400.009997944745
2030-12-06 03:00:00,100535.49762856268,152560.81257457292,368575.02384982666,6400.009998245714
2030-12-06 04:00:00,100630.18012233898,152615.4770476711,369895.149441911,6400.009998731422
2030-12-06 05:00:00,100709.3768725323,152667.72053109395,370595.51599211636,6400.009999922183
2030-12-06 06:00:00,99305.21063095944,150850.64446120744,366163.1353471019,6400.009999972589
2030-12-06 07:00:00,97859.02226845722,149033.56839125094,357678.4916689778,3093.0374187406
2030-12-06 08:00:00,96412.83390595604,147216.4923212934,349193.8479908537,2.9600414563901722e-08
2030-12-06 09:00:00,95010.5999028622,145399.41625140663,346850.8073401863,2.3527809389634058e-07
2030-12-06 10:00:00,93608.44725378609,143582.3401815202,342672.9579978872,1.0372071018117914e-07
2030-12-06 11:00:00,93688.05929731979,143635.19925175016,343205.17391246225,2121.762780737071
2030-12-06 12:00:00,93776.33924243857,143690.08435771285,344196.58249050047,4461.426973507803
2030-12-06 13:00:00,93852.04371647506,143741.8834955453,344740.85813172406,6400.009999917404
2030-12-06 14:00:00,92453.8128705864,141924.80742566014,340231.68699230487,6400.009999998607
2030-12-06 15:00:00,91007.62450805165,140107.73135567803,331747.0433141457,4353.927437325472
2030-12-06 16:00:00,89561.43614551735,138290.65528569426,323262.3996359865,2451.5828451189063
2030-12-06 17:00:00,88115.2477829826,136473.5792157121,314777.7559578273,818.8543352989384
2030-12-06 18:00:00,86669.0594204479,134656.50314573,306293.1122796683,1.6825042351256964e-09
2030-12-06 19:00:00,85266.11052526027,132839.4270758437,301776.19443185197,8.037273578744588e-08
2030-12-06 20:00:00,85328.92386131395,132891.04692182387,301843.3168971861,124.4453293293155
2030-12-06 21:00:00,85409.84471096918,132943.5924537476,302744.1909471291,819.5376467046884
2030-12-06 22:00:00,85494.64202349084,132996.64303961143,303823.45985897613,1224.5986204136834
2030-12-06 23:00:00,85583.12426679314,133049.9336501047,305171.95763196057,1530.1556098247179
2030-12-07 00:00:00,85679.65726729602,133105.9588723415,306880.1534119878,1795.2248630794588
2030-12-07 01:00:00,85778.45464976845,133160.86818676098,309694.0173242499,2047.0601081951695
2030-12-07 02:00:00,85882.28738573339,133217.16606342635,314773.29053659394,2346.7255029412922
2030-12-07 03:00:00,85989.98125417504,133274.30689828985,320770.29392805585,2929.98534367071
2030-12-07 04:00:00,86092.9731359379,133331.86748972887,324300.8783375212,3182.780228905655
2030-12-07 05:00:00,86185.01912450932,133385.46683794513,325959.3458886447,3402.7837368284863
2030-12-07 06:00:00,86272.62580857957,133438.14153503632,327538.14844922017,3620.2050654522723
2030-12-07 07:00:00,86355.98973776973,133489.77975343005,329208.3769639817,3833.418932632773
2030-12-07 08:00:00,86444.64285455186,133543.6837216309,330820.561170864,4050.2152256130257
2030-12-07 09:00:00,86535.18274067911,133596.2515907267,332606.93555392127,4297.295611852884
2030-12-07 10:00:00,86623.92132335888,133648.55163274292,334169.2048786859,4550.253764704649
2030-12-07 11:00:00,86717.78336272981,133702.3948709674,335982.28169745934,4840.17326161653
2030-12-07 12:00:00,86813.77214321627,133757.64167511507,337924.8196051533,5160.36064420416
2030-12-07 13:00:00,86905.13821978004,133809.6277378213,339937.9850044276,5579.564491553679
2030-12-07 14:00:00,86989.27208916284,133861.12845512474,341363.01512818254,6400.009999831071
2030-12-07 15:00:00,85614.91999927671,132044.05238523718,341219.1341349316,6137.704487557666
2030-12-07 16:00:00,84219.78327369767,130226.97631535267,336039.67250546673,4761.536277628407
2030-12-07 17:00:00,82821.9035031942,128409.90024546953,328514.17866852717,3038.537512901416
2030-12-07 18:00:00,81425.504696091,126592.82417558662,321536.5313123312,1878.8298766542068
2030-12-07 19:00:00,80022.20399763946,124775.74810569969,319153.09297240904,650.7219237448046
2030-12-07 20:00:00,78628.48181980557,122958.67203581297,318723.27083809505,1.8627042663865723e-07
2030-12-07 21:00:00,78679.32260019958,122553.98090515006,318739.03057178715,33.1288847456957
2030-12-07 22:00:00,78756.77251975446,122606.01238490119,319433.7570421796,831.6743695949536
2030-12-07 23:00:00,78837.76104434466,122658.94485383481,320316.31770423846,1306.7727624343756
2030-12-08 00:00:00,78924.98296591897,122713.14886218053,321684.1786953395,1673.6023402919368
2030-12-08 01:00:00,79013.488876418,122764.91783898167,323543.5705214291,1960.537599297911
2030-12-08 02:00:00,79106.33628197548,122818.15234065372,325483.03763674287,2236.624037255757
2030-12-08 03:00:00,79201.04933675198,122872.44830685364,327461.81890210597,2505.8388348484914
2030-12-08 04:00:00,79300.15785619183,122929.13018176737,329440.3685461777,2773.8453998234
2030-12-08 05:00:00,79393.08099651747,122982.97184486048,331288.8070001059,3035.8167749359004
2030-12-08 06:00:00,79485.39484448695,123036.95486017413,333221.1815447025,3293.967570223788
2030-12-08 07:00:00,79573.98606192405,123090.04742559795,335325.30494117097,3526.0064448907533
2030-12-08 08:00:00,79671.22373043445,123146.45459089255,337622.01005082764,3776.1368830825636
2030-12-08 09:00:00,79769.40770236745,123201.69176475659,341810.4167905114,4095.811222249509
2030-12-08 10:00:00,79867.60509384588,123257.06184823114,345208.8074611136,4415.098285128145
2030-12-08 11:00:00,79965.66860329178,123312.80953483416,348063.9634448326,4751.295421519568
2030-12-08 12:00:00,80061.91704000473,123368.81708514842,350103.54406125535,5076.770046734928
2030-12-08 13:00:00,80151.10235503833,123421.22889863951,352071.65734372626,5526.451183457147
2030-12-08 14:00:00,80231.39442671607,123474.69327438426,353256.6267881744,6400.009999918793
2030-12-08 15:00:00,78832.01719498803,121657.61720449901,351656.05877886125,6400.009999998782
2030-12-08 16:00:00,77385.82883245377,119840.5411345153,343171.4151007021,6198.189872235767
2030-12-08 17:00:00,75939.64046991906,118023.46506453323,334686.77142254304,5316.827152842997
2030-12-08 18:00:00,74493.45210738432,116206.38899455116,326202.12774438405,4723.7973056781875
2030-12-08 19:00:00,73047.26374484961,114389.3129245691,317717.484066225,4226.400999605712
2030-12-08 20:00:00,71601.07538231535,112572.23685458537,309232.84038806584,3744.8063172961515
2030-12-08 21:00:00,70154.88701978067,110755.16078460331,300748.1967099068,3284.052427925052
2030-12-08 22:00:00,68708.69865724602,108938.08471462129,292263.55303174764,2845.0804364767782
2030-12-08 23:00:00,67262.51029471138,107121.00864463931,283778.9093535885,2418.844980196139
2030-12-09 00:00:00,65816.32193217723,105303.93257465573,275294.26567542955,1998.365596596684
2030-12-09 01:00:00,64370.133569642734,103486.85650467385,266809.6219972707,1580.1179775858782
2030-12-09 02:00:00,62923.94520710826,101669.78043469205,258324.97831911166,1273.8184435553746
2030-12-09 03:00:00,61477.75684457414,99852.70436471059,249840.334640953,2432.6239707406367
2030-12-09 04:00:00,60031.56848204046,98035.62829472747,241355.69096279435,4254.225633109493
2030-12-09 05:00:00,58585.38011950594,96218.55222474562,232871.04728463522,3876.689636055341
2030-12-09 06:00:00,57139.19175697139,94401.47615476378,224386.4036064763,2957.6708482132312
2030-12-09 07:00:00,55693.00339443682,92584.40008478191,215901.75992831727,1727.4517060596165
2030-12-09 08:00:00,54246.81503190272,90767.32401479843,207417.11625015826,95.89231503642077
2030-12-09 09:00:00,52800.62666936814,88950.24794481654,198932.47257199913,1.2701093510258943e-09
2030-12-09 10:00:00,52189.19533775521,87133.17187493196,198868.08343385637,8.205085259627905e-08
2030-12-09 11:00:00,52269.85992318171,87188.22901379156,199509.920087689,2459.3547836941752
2030-12-09 12:00:00,52355.423210805,87244.67582828444,200435.58026324195,4981.138977394115
2030-12-09 13:00:00,52427.98439347886,87298.49446354657,200790.2000303945,6400.009999912095
2030-12-09 14:00:00,51038.541939683535,85481.4183936663,194880.96897385488,6400.009999998431
2030-12-09 15:00:00,49592.35357714892,83664.34232368437,186396.32529569577,4448.372724604405
2030-12-09 16:00:00,48146.16521461475,81847.26625370074,177911.68161753664,2915.530893065077
2030-12-09 17:00:00,46699.9768520801,80030.1901837187,169427.0379393775,1585.4264604772434
2030-12-09 18:00:00,45253.78848954548,78213.11411373671,160942.39426121837,170.83675971778038
2030-12-09 19:00:00,43807.60012701085,76396.0380437547,152457.75058305924,1.519964598628576e-09
2030-12-09 20:00:00,42411.67006257487,74578.96197387256,145759.95023566837,2.359810764573922e-07
2030-12-09 21:00:00,41009.62816360208,72761.88590398684,144388.20484312886,9.645740443875257e-08
2030-12-09 22:00:00,41089.3509772252,72814.6380656232,145221.22113762016,7.521925336636581e-07
2030-12-09 23:00:00,41177.14378656114,72867.50196003822,146576.39162977223,9.55107142969127e-07
2030-12-10 00:00:00,41288.37576715248,72920.8065411758,148123.23882659254,1.0034883730162468e-06
2030-12-10 01:00:00,41401.7840381634,72973.03826305861,150440.60090561485,9.370287332546539e-07
2030-12-10 02:00:00,41516.89507140379,73026.2552403381,153117.7129558933,7.287436330455389e-07
2030-12-10 03:00:00,41634.6003902334,73080.55926228453,158070.46145745117,1.0397809996013762e-07
2030-12-10 04:00:00,42827.15239457585,74032.5368932014,164492.4882573313,6.73663173951229e-08
2030-12-10 05:00:00,44019.70439896579,75534.73043262986,170914.51505727015,5.891362187891496e-07
2030-12-10 06:00:00,45212.25640335608,77036.92397205916,177336.541857211,4.691257257402241e-08
2030-12-10 07:00:00,46404.80840776831,78539.11751153752,183758.56865717648,155.50722819216767
2030-12-10 08:00:00,47597.3604121817,80041.31105101532,190180.59545714187,1359.3653781006797
2030-12-10 09:00:00,48789.91241659421,81543.50459049395,196602.6222571071,2277.296076666798
2030-12-10 10:00:00,49982.46442100666,83045.69812997259,203024.64905707195,2767.059694142509
2030-12-10 11:00:00,51175.01642541919,84547.89166945143,209446.67585703667,3186.292345288947
2030-12-10 12:00:00,52367.5684298324,86050.08520892903,215868.70265700156,3561.8215674167104
2030-12-10 13:00:00,53560.1204342448,87552.27874840733,222290.72945696735,4054.385403549101
2030-12-10 14:00:00,54752.67243865712,89054.47228788566,228712.75625693257,4676.220086848712
2030-12-10 15:00:00,55945.2244430693,90556.66582736387,235134.7830568972,5462.759410963264
2030-12-10 16:00:00,57137.776447482145,92058.85936684099,241556.809856861,5858.860748129629
2030-12-10 17:00:00,58330.328451893656,93561.0529063181,247978.83665682384,4179.482714876749
2030-12-10 18:00:00,59522.880456305225,95063.2464457954,254400.86345678722,1152.2324378044707
2030-12-10 19:00:00,60715.43246071706,96565.43998527306,260822.89025675232,928.0794612184511
2030-12-10 20:00:00,61907.98446513009,98067.63352475029,267244.9170567169,1404.5409128427366
2030-12-10 21:00:00,63100.536469542196,99569.82706422808,273666.94385668135,1933.3759528717285
2030-12-10 22:00:00,64293.088473954376,101072.02060370611,280088.97065664525,1805.2080138986526
2030-12-10 23:00:00,65485.64047836693,102574.21414318477,286510.9974566095,2702.926250184986
2030-12-11 00:00:00,66678.19248278018,104076.40768266232,292933.02425657405,3315.848306072662
2030-12-11 01:00:00,67870.74448719276,105578.60122214066,299355.05105653964,3933.130065640756
2030-12-11 02:00:00,69063.29649160536,107080.7947616192,305777.07785650465,4690.662351982689
2030-12-11 03:00:00,70255.84849601795,108582.98830109778,312199.10465646925,5597.105845954838
2030-12-11 04:00:00,71448.40050043122,110085.18184057514,318621.13145643304,6400.009999953361
2030-12-11 05:00:00,72640.95250482141,111587.37538000356,325043.1582563716,6400.009998027967
2030-12-11 06:00:00,73833.50450921118,113089.56891943143,331465.18505631073,6400.009997312708
2030-12-11 07:00:00,75026.05651360021,114591.7624588577,337887.21185625106,6400.009996916157
2030-12-11 08:00:00,76218.60851799112,116093.95599828538,344309.23865619,6400.009996731916
2030-12-11 09:00:00,77411.16052238108,117596.149537713,350731.2654561297,6400.009996741833
2030-12-11 10:00:00,78603.71252677066,119098.34307714016,357153.2922560676,6400.009996894088
2030-12-11 11:00:00,79796.26453116113,120600.53661656906,363575.3190560064,6400.0099972723665
2030-12-11 12:00:00,80988.81653555257,122102.7301559977,369997.345855946,6400.009997992761
2030-12-11 13:00:00,82181.36853994313,123604.92369542588,376419.3726558882,6400.009999930359
2030-12-11 14:00:00,83373.92054428013,125055.72358582652,382841.3994557672,6400.0099998885125
2030-12-11 15:00:00,83482.45365523304,125106.38530095333,385022.1343547338,6400.009998392496
2030-12-11 16:00:00,83591.79822678136,125158.63161314331,386592.9073022835,6400.009997711014
2030-12-11 17:00:00,83696.36537798918,125207.42259710075,388130.76341457665,6400.009997251724
2030-12-11 18:00:00,83803.47725693516,125257.90196240754,389882.08529524517,6400.009996909576
2030-12-11 19:00:00,83910.34108142919,125308.34187891756,392032.63273618004,6400.0099966395155
2030-12-11 20:00:00,84023.2465505875,125361.9162578975,394065.81450489763,6400.009996425654
2030-12-11 21:00:00,84131.45922328634,125412.3108430346,395951.34658423346,6400.009996255909
2030-12-11 22:00:00,84243.36946382745,125464.58925366773,398553.6104012001,6400.009996124575
2030-12-11 23:00:00,84360.29748997472,125518.69715687176,403885.772791086,6400.009996026516
2030-12-12 00:00:00,85330.1741961985,125577.55695786246,410249.1006551402,6400.009995959734
2030-12-12 01:00:00,86032.4529322874,125634.71984204283,416622.34737640654,6400.00999592249
2030-12-12 02:00:00,86153.63815784252,125689.1738001695,422571.78161881166,6400.0099959066665
2030-12-12 03:00:00,86268.94408922318,125743.2381207927,426744.44849251205,6400.009995916815
2030-12-12 04:00:00,86385.20435859851,125798.2121869135,428956.1021188712,6400.009995951517
2030-12-12 05:00:00,86490.57291383948,125849.07091192227,430611.1813770009,6400.009996010146
2030-12-12 06:00:00,86592.70877982015,125900.37084359149,432129.2643932782,6400.009996107032
2030-12-12 07:00:00,86689.18824822342,125951.67255311472,433415.22401436593,6400.009996241297
2030-12-12 08:00:00,86789.7142858515,126005.45317602968,434653.059136918,6400.009996414029
2030-12-12 09:00:00,86891.25608629046,126056.1118208108,436341.9201629267,6400.0099966222815
2030-12-12 10:00:00,86993.47937014107,126107.33481804312,437976.4536077433,6400.009996887293
2030-12-12 11:00:00,87100.70676266143,126159.2353110196,439803.16974130814,6400.009997217396
2030-12-12 12:00:00,87210.8673208641,126212.86528068472,441801.7392463499,6400.009997656496
2030-12-12 13:00:00,87315.44623270727,126264.10858522561,443875.7574365399,6400.00999833827
2030-12-12 14:00:00,87411.4683030715,126317.00559285359,445054.5645856699,6400.009999922699
2030-12-12 15:00:00,86020.11414689265,124499.0620175325,436999.4632382098,6400.009999998481
2030-12-12 16:00:00,84593.47155363865,122681.11844211181,428514.8195600506,5632.584181015684
2030-12-12 17:00:00,83166.82896038417,120863.17486669273,420030.17588189145,5196.745936784841
2030-12-12 18:00:00,81740.1863671297,119045.23129127368,411545.5322037323,4865.075551524913
2030-12-12 19:00:00,80313.54377387525,117227.28771585466,403060.88852557325,4606.402773075488
2030-12-12 20:00:00,78886.90118062134,115409.34414043403,394576.2448474141,4393.434883635851
2030-12-12 21:00:00,77460.25858736696,113591.40056501508,386091.60116925504,4202.334842705779
2030-12-12 22:00:00,76033.61599411258,111773.45698959613,377606.95749109593,4012.5106633492483
2030-12-12 23:00:00,74606.97340085822,109955.51341417721,369122.3138129368,3903.1653127899463
2030-12-13 00:00:00,73180.3308076047,108137.56983875702,360637.67013477837,4770.258001853942
2030-12-13 01:00:00,71753.68821435078,106319.62626333852,352153.02645661996,5069.4918398343825
2030-12-13 02:00:00,70327.0456210965,104501.68268791967,343668.3827784609,4910.329867629981
2030-12-13 03:00:00,68900.40302784219,102683.73911250079,335183.73910030193,4761.085742975204
2030-12-13 04:00:00,67473.76043458826,100865.79553708012,326699.09542214294,4616.734780202526
2030-12-13 05:00:00,66047.1178413338,99047.85196166113,318214.45174398384,4470.282975459073
2030-12-13 06:00:00,64620.4752480793,97229.9083862421,309729.80806582473,4323.914830046939
2030-12-13 07:00:00,63193.83265482478,95411.96481082303,301245.1643876656,4183.320668857414
2030-12-13 08:00:00,61767.19006157074,93594.02123540231,292760.5207095064,4049.8852293749374
2030-12-13 09:00:00,60340.547468316334,91776.07765998332,284275.87703134754,3929.5791842936133
2030-12-13 10:00:00,58913.904875061955,89958.13408456437,275791.2333531886,3808.0779028571023
2030-12-13 11:00:00,57487.26228180757,88140.19050914538,267306.5896750294,3685.526815988872
2030-12-13 12:00:00,56060.61968855361,86322.2469337247,258821.9459968705,3559.5828676930555
2030-12-13 13:00:00,54633.97709529921,84504.30335830567,250337.3023187118,3451.367145370526
2030-12-13 14:00:00,53207.334502044716,82686.35978288657,241852.6586405527,3335.7706566046345
2030-12-13 15:00:00,51780.69190879011,80868.41620746737,233368.01496239347,3213.8172872254904
2030-12-13 16:00:00,50354.04931553593,79050.47263204644,224883.37128423428,3088.331693985177
2030-12-13 17:00:00,48927.40672228129,77232.52905662719,216398.72760607512,2963.4299972321423
2030-12-13 18:00:00,47500.76412902668,75414.58548120796,207914.08392791593,2837.0474695900307
2030-12-13 19:00:00,46074.121535772116,73596.64190578881,199429.44024975676,2707.3419010425796
2030-12-13 20:00:00,44647.478942518064,71778.69833036803,190944.79657159763,2575.4409140803937
2030-12-13 21:00:00,43220.83634926367,69960.75475494901,182460.15289343844,2444.8720702024398
2030-12-13 22:00:00,41794.19375600933,68142.81117953006,173975.50921527928,2314.6963899571924
2030-12-13 23:00:00,40367.551162755015,66324.86760411116,165490.86553712017,2188.0722306240505
2030-12-14 00:00:00,38940.90856950125,64506.92402869066,157006.2218589612,2063.951842508315
2030-12-14 01:00:00,37514.265976247116,62688.98045327193,148521.57818080232,1923.557970394847
2030-12-14 02:00:00,36087.623382992984,60871.036877853236,140036.93450264324,1783.0742209129467
2030-12-14 03:00:00,34660.9807897388,59053.093302434485,131552.2908244842,1651.227498002144
2030-12-14 04:00:00,33234.338196485005,57235.149727014,123067.64714632512,1487.8921987284057
2030-12-14 05:00:00,31807.695603230633,55417.206151595055,114583.00346816597,1319.2897486022114
2030-12-14 06:00:00,30381.053009976204,53599.26257617607,106098.35979000684,1117.4466207249284
2030-12-14 07:00:00,28954.410416721752,51781.319000757074,97613.7161118477,870.4679923862318
2030-12-14 08:00:00,27527.7678234678,49963.37542533644,89129.07243368858,537.745692414414
2030-12-14 09:00:00,26101.12523021336,48145.43184991741,80644.42875552946,1.5866703506617341e-09
2030-12-14 10:00:00,24720.271782851298,46327.48827459836,77470.87824545873,9.889906486960374e-08
2030-12-14 11:00:00,24791.201318548334,45026.806415087725,77488.02868141848,2825.1141295700695
2030-12-14 12:00:00,24862.87551495545,44834.09911882445,77506.01503565299,5686.365470053824
2030-12-14 13:00:00,24932.770543246737,43079.34575564805,77524.71226448815,6400.009999846959
2030-12-14 14:00:00,23549.267825052404,41261.40218032771,75157.88249685874,4290.752657369076
2030-12-14 15:00:00,22169.285144587277,39443.458605010055,68116.74362950123,1885.2813190077645
2030-12-14 16:00:00,20786.57858678003,37625.51502968951,66311.98844934024,1.4405782167159487e-07
2030-12-14 17:00:00,20874.83276252163,37677.707462184764,66577.78947790424,9.934424269886222e-07
2030-12-14 18:00:00,20970.85417595038,37730.024896259194,67572.18442421903,1.323195064993244e-06
2030-12-14 19:00:00,21069.923076033036,37780.310702099305,69029.69354997085,1.475187424759526e-06
2030-12-14 20:00:00,21178.95937813686,37833.227527612515,70470.25630036445,1.5371396441675256e-06
2030-12-14 21:00:00,21284.08579928418,37883.529976449456,71906.96317144234,1.5317522376097697e-06
2030-12-14 22:00:00,21395.02070417632,37935.693083496146,73471.83506161376,1.4576317098568094e-06
2030-12-14 23:00:00,21507.43128625884,37988.88272739133,75503.11693836736,1.2961900931349748e-06
2030-12-15 00:00:00,22301.711479201582,38047.92859205409,81866.4025112859,1.0053945357393712e-06
2030-12-15 01:00:00,22470.300356711374,38103.76136847116,88209.72188718026,2.8855842730533764e-07
2030-12-15 02:00:00,23662.85236104996,38196.01162193708,94631.74868705588,97.8785277428732
2030-12-15 03:00:00,24855.404365389488,38303.38180861943,101053.77548693356,2317.8835142180915
2030-12-15 04:00:00,26047.956369730677,38886.46890973254,107475.80228681026,5175.542985298025
2030-12-15 05:00:00,27240.50837406962,38974.3054243823,113897.82908668103,6400.009999667045
2030-12-15 06:00:00,27348.99403885178,39025.99782648331,118907.15402647472,4261.24483815369
2030-12-15 07:00:00,27455.573735514365,39076.28277293307,122478.61723624424,1742.7709270930309
2030-12-15 08:00:00,27565.505452193072,39129.93260468187,127921.2332260131,4.066896508447826e-08
2030-12-15 09:00:00,28758.057456582646,40632.1261441092,134343.260025952,4.227945282764267e-08
2030-12-15 10:00:00,29950.609460994758,42134.319683587215,140765.2868259156,1005.4823332989522
2030-12-15 11:00:00,31143.161465407247,43636.51322306587,147187.31362587961,2015.7375058574394
2030-12-15 12:00:00,32335.713469820555,45138.7067625435,153609.34042584393,2600.2863616573723
2030-12-15 13:00:00,33528.26547423286,46640.900302021655,160031.3672258093,2774.1444393998163
2030-12-15 14:00:00,34720.81747864524,48143.09384150005,166453.39402577415,2835.1321644585933
2030-12-15 15:00:00,35913.36948305763,49645.28738097863,172875.42082573858,2960.013473338722
2030-12-15 16:00:00,37105.92148747085,51147.48092045621,179297.44762570242,2998.4430812180476
2030-12-15 17:00:00,38298.47349188295,52649.67445993436,185719.47442566624,3039.12711489052
2030-12-15 18:00:00,39491.02549629517,54151.86799941276,192141.50122563067,3102.574933530283
2030-12-15 19:00:00,40683.57750070757,55654.061538891416,198563.52802559602,3085.018787323835
2030-12-15 20:00:00,41876.12950512093,57156.25507836916,204985.55482556083,3039.9472034844543
2030-12-15 21:00:00,43068.681509533315,58658.44861784766,211407.58162552534,3078.4787970077205
2030-12-15 22:00:00,44261.2335139458,60160.64215732643,217829.60842548945,3130.739051564834
2030-12-15 23:00:00,45453.78551835843,61662.83569680544,224251.63522545344,3195.3425781950327
2030-12-16 00:00:00,46646.33752277185,63165.02923628333,230673.66202541775,3184.1889158309273
2030-12-16 01:00:00,47838.88952718451,64667.2227757621,237095.6888253832,3183.604532249631
2030-12-16 02:00:00,49031.441531597215,66169.41631524105,243517.7156253482,3195.195023036077
2030-12-16 03:00:00,50223.99353600997,67671.60985472013,249939.74242531272,3231.634380957352
2030-12-16 04:00:00,51416.545540423496,69173.80339419802,256361.7692252768,3234.456883732216
2030-12-16 05:00:00,52609.09754483613,70675.9969336769,262783.79602524085,3320.5022469724745
2030-12-16 06:00:00,53801.64954924862,72178.19047315573,269205.8228252053,3332.1183401325748
2030-12-16 07:00:00,54994.20155366111,73680.38401263452,275627.8496251706,3331.8025382498126
2030-12-16 08:00:00,56186.75355807447,75182.57755211224,282049.87642513524,3302.1266894100286
2030-12-16 09:00:00,57379.30556248693,76684.77109159084,288471.90322509967,3472.69336856915
2030-12-16 10:00:00,58571.85756689929,78186.9646310694,294893.93002506346,3639.3481964378057
2030-12-16 11:00:00,59764.40957131173,79689.1581705481,301315.956825027,3939.239288633151
2030-12-16 12:00:00,60956.96157572495,81191.35171002566,307737.9836249909,4405.4029195751
2030-12-16 13:00:00,62149.51358013729,82693.5452495039,314160.01042495616,5356.040069514933
2030-12-16 14:00:00,63342.06558454937,84195.7387889819,320582.03722492035,6400.009999952647
2030-12-16 15:00:00,64534.61758893917,85697.9323284103,327004.06402485847,5268.668859035343
2030-12-16 16:00:00,65727.16959332999,87200.12586783852,333426.09082479525,3516.4017680408515
2030-12-16 17:00:00,66919.72159771934,88702.31940726568,339848.1176247319,1851.7205181768597
2030-12-16 18:00:00,68112.27360210886,90204.5129466934,346270.14442466985,5.0899528348054104e-08
2030-12-16 19:00:00,69304.82560652093,91706.70648617134,352692.1712246345,202.59846098820083
2030-12-16 20:00:00,70497.37761093423,93208.90002564888,359114.1980245985,1148.5393306265842
2030-12-16 21:00:00,71689.92961534653,94711.09356512698,365536.224824562,1418.1588483743735
2030-12-16 22:00:00,72882.48161975916,96213.28710460571,371958.2516245258,3436.624786487033
2030-12-16 23:00:00,74075.03362417193,97715.48064408472,378380.27842448954,5339.140714975111
2030-12-17 00:00:00,75231.1606586774,99225.17984868954,384802.3052244528,4209.839551131573
2030-12-17 01:00:00,76387.28769318225,100734.87905329534,391224.33202441793,4709.691953970795
2030-12-17 02:00:00,77543.41472768722,102244.57825790142,397646.35882438265,5768.032144292138
2030-12-17 03:00:00,78699.54176219224,103754.27746250758,404068.38562434656,6400.009999956065
2030-12-17 04:00:00,79855.66879667656,105263.97666706452,410490.4124242852,6400.009999937459
2030-12-17 05:00:00,81011.79583110855,105856.91814825326,416912.43922415486,6400.009999889071
2030-12-17 06:00:00,81081.94651902253,105915.1480010305,419141.6912344165,6400.009998456083
2030-12-17 07:00:00,81149.10785107281,105972.28155826683,420531.5919599252,6400.009997815119
2030-12-17 08:00:00,81221.26478494823,106032.17351279675,421793.9806838183,6400.009997383257
2030-12-17 09:00:00,81293.01847838206,106090.35995090402,425332.66645972506,6400.009997067876
2030-12-17 10:00:00,81362.06189891785,106147.76793537,426581.09338835086,6400.009996822458
2030-12-17 11:00:00,81432.12462393881,106206.14146366502,427855.39300328156,6400.009996631279
2030-12-17 12:00:00,81504.31467802225,106266.2988664354,429192.8010079556,6400.009996480965
2030-12-17 13:00:00,81573.9860722121,106323.54016800964,430609.6183463999,6400.00999636838
2030-12-17 14:00:00,81640.09293480143,106380.31184454156,431777.41339178616,6400.009996286307
2030-12-17 15:00:00,81701.6574508079,106438.24197433828,432732.2208995841,6400.009996243575
2030-12-17 16:00:00,81764.13116848073,106498.82118301773,433488.93994949106,6400.009996233442
2030-12-17 17:00:00,81824.80930908582,106557.58926944001,434302.3875301337,6400.009996253218
2030-12-17 18:00:00,81886.16101192441,106616.19633630522,435285.6121177693,6400.009996296975
2030-12-17 19:00:00,81948.41371737888,106674.2533754964,436484.51194521243,6400.009996363023
2030-12-17 20:00:00,82017.20828667578,106734.4795846731,437640.85445041826,6400.00999645837
2030-12-17 21:00:00,82082.67811614263,106793.35010219754,438747.6004923318,6400.009996598049
2030-12-17 22:00:00,82148.21777004743,106853.7377550219,439742.1559827532,6400.009996787349
2030-12-17 23:00:00,82212.73055358895,106915.24157375928,440628.4694624871,6400.009997034267
2030-12-18 00:00:00,82274.92691798873,106977.92079294848,441370.6586533447,6400.009997349118
2030-12-18 01:00:00,82334.62273650686,107038.8193033049,442210.14421899995,6400.0099977785785
2030-12-18 02:00:00,82395.52436223913,107100.30173555117,443011.9557479043,6400.009998423581
2030-12-18 03:00:00,82453.88168511668,107162.92114277798,443621.1472359274,6400.009999899866
2030-12-18 04:00:00,81725.26948431924,105352.48323258363,443574.0063849778,6400.009999763446
2030-12-18 05:00:00,80301.93536225393,103542.04532239148,436148.13788148545,6400.009999998003
2030-12-18 06:00:00,78838.86779909176,101731.60741209968,427663.49420332635,4548.102105937209
2030-12-18 07:00:00,77375.8002359296,99921.16950180788,419178.85052516725,2086.1563841721613
2030-12-18 08:00:00,75912.73267276799,98110.73159151446,410694.2068470081,3.4506228985264897e-09
2030-12-18 09:00:00,74489.4292027559,96300.29368132261,402720.13825094065,615.0414822956818
2030-12-18 10:00:00,73071.48461609904,94489.8557711323,395397.54595542524,1369.8563434459927
2030-12-18 11:00:00,71650.97631448621,92679.41786094039,392850.8506414261,2899.7939848479664
2030-12-18 12:00:00,70232.26639396492,90868.97995074821,390918.81435590325,4432.127697041896
2030-12-18 13:00:00,68811.0692445112,89058.54204055511,386493.4985298782,5713.991604213286
2030-12-18 14:00:00,67387.0535613538,87248.10413036235,378673.87313900614,6400.009999997013
2030-12-18 15:00:00,65923.98599819155,85437.66622007046,370189.229460847,4455.347787271966
2030-12-18 16:00:00,64460.918435029875,83627.22830977695,361704.5857826879,2118.2433516241717
2030-12-18 17:00:00,62997.850871867624,81816.79039948502,353219.94210452866,2.078195393551141e-09
2030-12-18 18:00:00,61574.6682259375,80006.3524892924,345975.0293593198,2.419831879592054e-07
2030-12-18 19:00:00,61441.277797719515,78195.91457909723,345949.13391414064,1.0783345699925308e-07
2030-12-18 20:00:00,61498.02041943241,78259.086066296,346487.2821531355,796.9226644372712
2030-12-18 21:00:00,61555.48749176758,78320.19466419524,347320.9867716195,1583.266738010728
2030-12-18 22:00:00,61617.23745963027,78382.1519376191,348337.1966264244,2305.038605843576
2030-12-18 23:00:00,61680.47871280623,78444.5517315836,349395.06487733644,2947.8072696219883
2030-12-19 00:00:00,61746.027005379976,78507.90803280042,350564.3657798951,3549.7720021474165
2030-12-19 01:00:00,61811.02501108371,78568.92144587591,351879.9275149946,4178.566966124316
2030-12-19 02:00:00,61874.6294480348,78630.95968906785,353074.08835823415,4921.537317953801
2030-12-19 03:00:00,61936.33089022017,78693.53117055938,354103.72872098896,5990.162233394698
2030-12-19 04:00:00,61990.80129978318,78757.05145858739,354371.87823394156,6400.009999911478
2030-12-19 05:00:00,60577.251955054875,76946.61354840052,348082.60808386584,6400.009999998354
2030-12-19 06:00:00,59114.1843918927,75136.17563810878,339597.9644057067,5765.636559580043
2030-12-19 07:00:00,57651.11682873049,73325.73772781694,331113.32072754786,5535.092075393537
2030-12-19 08:00:00,56188.04926556883,71515.29981752353,322628.677049389,5344.880351818336
2030-12-19 09:00:00,54724.98170240666,69704.86190723174,314144.03337123006,5162.061407257317
2030-12-19 10:00:00,53261.91413924448,67894.42399693994,305659.389693071,4995.515386883573
2030-12-19 11:00:00,51798.84657608229,66083.9860866481,297174.74601491186,4839.305318894296
2030-12-19 12:00:00,50335.779012920626,64273.548176354605,288690.102336753,4692.538649097407
2030-12-19 13:00:00,48872.711449758455,62463.11026606277,280205.4586585943,4561.167500515016
2030-12-19 14:00:00,47409.64388659625,60652.67235577093,271720.8149804354,4432.708578505059
2030-12-19 15:00:00,45946.576323434,58842.234445479015,263236.17130227626,4306.815867221874
2030-12-19 16:00:00,44483.50876027227,57031.79653518548,254751.52762411706,4183.764538065802
2030-12-19 17:00:00,43020.441197110034,55221.358624893604,246266.88394595793,4066.420580740929
2030-12-19 18:00:00,41557.37363394783,53410.920714601794,237782.24026779877,3952.6720150998804
2030-12-19 19:00:00,40094.306070785664,51600.48280431004,229297.59658963993,3841.710215511729
2030-12-19 20:00:00,38631.238507624075,49790.04489401672,220812.9529114811,3733.6013467942994
2030-12-19 21:00:00,37168.17094446204,47979.60698372514,212328.30923332227,3630.9248857888615
2030-12-19 22:00:00,35705.10338130006,46169.16907343365,203843.6655551635,3533.451055513647
2030-12-19 23:00:00,34242.035818138094,44358.731163142176,195359.02187700468,3439.62310454193
2030-12-20 00:00:00,32778.96825497669,42548.29325284907,186874.37819884575,3335.9077842315605
2030-12-20 01:00:00,31315.900691814863,40737.85534255774,178389.7345206868,3226.705068051788
2030-12-20 02:00:00,29852.833128653023,38927.41743226641,169905.09084252783,3121.1843465474512
2030-12-20 03:00:00,28389.765565491118,37116.97952197497,161420.44716436905,3022.030587291901
2030-12-20 04:00:00,26926.698002329656,35306.54161168172,152935.8034862103,2928.5101055128753
2030-12-20 05:00:00,25463.630439167588,33496.1037013901,144451.15980805113,2829.7197717931135
2030-12-20 06:00:00,24000.56287600543,31685.66579109836,135966.516129892,2725.4488701016303
2030-12-20 07:00:00,22537.495312843224,29875.22788080652,127481.87245173288,2617.504079297655
2030-12-20 08:00:00,21074.427749681523,28064.78997051297,118997.22877357372,2504.6517480052025
2030-12-20 09:00:00,19611.36018651931,26254.352060221056,110512.58509541454,2391.054728256703
2030-12-20 10:00:00,18148.29262335707,24443.914149929096,102027.94141725537,2274.381939426222
2030-12-20 11:00:00,16685.225060194785,22633.476239637046,93543.29773909619,2154.1170025871047
2030-12-20 12:00:00,15222.15749703303,20823.038329343355,85058.65406093703,2027.5118895075702
2030-12-20 13:00:00,13759.089933870764,19012.600419051258,76574.01038277792,1896.1517356582453
2030-12-20 14:00:00,12296.02237070847,17202.16250875915,68089.36670461875,1757.24411027603
2030-12-20 15:00:00,10832.954807546113,15391.724598466977,59604.72302645956,1608.6572773762268
2030-12-20 16:00:00,9369.887244384301,13581.286688173224,51120.07934830034,1447.554828058405
2030-12-20 17:00:00,7906.819681221934,11770.848777881034,42635.435670141116,1276.671848393168
2030-12-20 18:00:00,6443.7521180595995,9960.410867588907,34150.79199198193,1089.9890812157144
2030-12-20 19:00:00,4980.684554897312,8149.972957296845,25666.148313822818,874.5215003791636
2030-12-20 20:00:00,3517.6169917356738,6339.535047003312,17181.50463566388,625.756510631809
2030-12-20 21:00:00,2054.5494285734926,4529.097136711408,8696.86095750502,258.52839869422917
2030-12-20 22:00:00,591.4818654113096,2718.659226419531,212.2172793458558,1.2254304238012992e-09
2030-12-20 23:00:00,4.611475916139879e-07,908.22131622388,1.6465728549519554e-06,7.917725497463834e-08
2030-12-21 00:00:00,25.63730230927509,969.3016589648169,2.2820233468263354e-06,1.6709590450380535e-06
2030-12-21 01:00:00,49.797358548124,1025.076338585324,2.7309779224769104e-06,2.33954215719397e-06
2030-12-21 02:00:00,73.16641074830179,1078.652622716108,3.034986741294069e-06,2.7855765034987555e-06
2030-12-21 03:00:00,96.00426385327583,1131.5515767158122,3.2557898080847373e-06,3.120060651462404e-06
2030-12-21 04:00:00,118.50007203153113,1185.3317687616786,3.411999902490774e-06,3.381208016715341e-06
2030-12-21 05:00:00,139.46897191819326,1232.6454221782583,3.525269987270998e-06,3.5896525397784695e-06
2030-12-21 06:00:00,159.62551010501807,1278.3131040634657,3.6151081418615097e-06,3.7569153753750335e-06
2030-12-21 07:00:00,178.74238010581212,1321.0933077481948,3.6909685646508853e-06,3.8805270013673315e-06
2030-12-21 08:00:00,198.02648261710905,1365.6576944861704,3.742435096844139e-06,3.972116050741048e-06
2030-12-21 09:00:00,216.04616839497814,1405.039981568232,3.7750714497682315e-06,4.038956534271358e-06
2030-12-21 10:00:00,233.3077097571687,1442.8645292238982,3.783425413432821e-06,4.078182690490085e-06
2030-12-21 11:00:00,249.89935826128436,1479.541248712213,3.7724977847028056e-06,4.091560890320984e-06
2030-12-21 12:00:00,265.81990733152395,1515.7790810048039,3.7469360819387996e-06,4.0761132250935106e-06
2030-12-21 13:00:00,279.36960357418974,1543.3962569103678,3.7150528153460712e-06,4.034109353095695e-06
2030-12-21 14:00:00,291.3116803399794,1567.9719318196721,3.6560979951072035e-06,3.964526259721522e-06
2030-12-21 15:00:00,301.58524013516103,1589.5124376923886,3.5693779485518595e-06,3.864728646754883e-06
2030-12-21 16:00:00,311.86331466472683,1613.1877916872018,3.459764555604303e-06,3.733406756868223e-06
2030-12-21 17:00:00,318.4521864141738,1626.908408298937,3.3232678562518613e-06,3.566535262957128e-06
2030-12-21 18:00:00,323.5090205305013,1638.9638161116147,3.1685323904018204e-06,3.3569858721322797e-06
2030-12-21 19:00:00,326.06524225345356,1647.2255504116508,2.9957998970068492e-06,3.0880445570124044e-06
2030-12-21 20:00:00,327.54138628402643,1657.6882861903812,2.7740448023930433e-06,2.7459688087803363e-06
2030-12-21 21:00:00,321.4113969185431,1653.110729733073,2.481296543879424e-06,2.2945777998576184e-06
2030-12-21 22:00:00,307.4906581784163,1638.8886947579913,2.057473510609962e-06,1.6285714089774332e-06
2030-12-21 23:00:00,286.2102710471237,1623.891573535488,1.376775621977897e-06,1.8307646459665483e-07
2030-12-22 00:00:00,1269.5426075009696,2421.9117193533357,1015.0970563062725,609.4712847356848
2030-12-22 01:00:00,2253.480955092091,3419.69705539722,2676.4597142345697,1244.0926064452337
2030-12-22 02:00:00,3243.154758267052,4527.139830978615,4808.512253862065,2122.283200208536
2030-12-22 03:00:00,4228.29667116304,5637.688567867686,6812.187894960195,3187.650660284549
2030-12-22 04:00:00,5230.4181657085155,6805.889009337254,9728.00924502127,4911.272273432555
2030-12-22 05:00:00,6171.5924663776395,7736.1604262196615,10592.546140390326,6400.0099997879
2030-12-22 06:00:00,6181.902494312644,7795.055160253295,10568.125502470479,6355.533122683608
2030-12-22 07:00:00,6097.504988145971,7706.931496236646,10373.496473416528,5680.561238389624
2030-12-22 08:00:00,6013.508682090139,7619.646659477101,10155.361833125275,5295.346732980321
2030-12-22 09:00:00,5911.993832719872,7504.0669456106025,9916.821080148204,4989.31323895359
2030-12-22 10:00:00,5806.273358791198,7382.992127512026,9664.224433262976,4722.224820787449
2030-12-22 11:00:00,5694.998667524657,7254.273582700039,9396.77494729945,4475.164025094419
2030-12-22 12:00:00,5581.543872837801,7123.824384932752,9122.88007487166,4237.672519889064
2030-12-22 13:00:00,5448.428596494549,6962.069343241074,8857.163335313428,4013.0239947567843
2030-12-22 14:00:00,5300.447866974135,6783.282268945499,8556.515759224487,3792.2180327442456
2030-12-22 15:00:00,5136.17929281465,6587.060465334854,8254.74013365318,3571.0482734765083
2030-12-22 16:00:00,4956.789047631799,6376.434821385241,7922.102357575073,3325.4450227314437
2030-12-22 17:00:00,4741.210834835945,6101.514325961122,7521.969293227491,3047.844138270962
2030-12-22 18:00:00,4543.8248205659,5860.020093079987,7178.556916933854,2826.0419852738137
2030-12-22 19:00:00,4337.9546484724815,5603.940836994807,6832.809915865033,2600.4387064093053
2030-12-22 20:00:00,4134.234258061998,5355.04986985037,6420.1287840262585,2375.2348281275813
2030-12-22 21:00:00,3904.694522830728,5061.050611909819,5951.885455720762,2145.4806926068263
2030-12-22 22:00:00,3663.7722086770455,4748.350792888117,5434.516955115102,1907.9935839389782
2030-12-22 23:00:00,3408.1499335775184,4406.198654547556,4868.857524791092,1660.4703353267919
2030-12-23 00:00:00,3131.730455123441,4027.4159839331055,4230.303095705586,1394.8312296565723
2030-12-23 01:00:00,2805.4074282785186,3558.46380851705,3616.014145233961,1093.964951006181
2030-12-23 02:00:00,2427.869590257673,2976.992925833398,2914.1452729810276,756.8483018995541
2030-12-23 03:00:00,2063.547784999624,2457.7419749379023,2302.958419798107,398.1616084222927
2030-12-23 04:00:00,2091.2848195785514,2537.0741796325797,2302.958419833728,995.9624200312401
2030-12-23 05:00:00,2119.0218541527047,2616.406384319337,2302.9584198696225,1883.1631178595762
2030-12-23 06:00:00,1857.8004750837767,2351.748134359438,1968.390573538331,1590.1887546940077
2030-12-23 07:00:00,969.755783492566,1196.591557539019,1009.8777303638125,645.0569730715252
2030-12-23 08:00:00,7.308510901150817e-08,6.988720195662372e-08,6.722393663949333e-08,4.5841488827136345e-08
2030-12-23 09:00:00,27.7370347991537,79.3322047607878,2.036823161688517e-06,162.26033912089008
2030-12-23 10:00:00,55.47406989947206,158.6644097077265,3.0324697117214964e-06,749.5822941206651
2030-12-23 11:00:00,83.21110455295454,237.99661444391847,3.6404280014863855e-06,2313.33486971753
2030-12-23 12:00:00,110.94813912662957,317.3288191615005,4.081545636808532e-06,3753.1758979589135
2030-12-23 13:00:00,138.68517370056125,396.6610238581999,4.415148390283584e-06,4341.624260811174
2030-12-23 14:00:00,121.98771427014336,354.93552808343543,3.198771797284932e-06,2127.2222967666726
2030-12-23 15:00:00,5.648598491471118e-07,5.646354070995805e-07,8.921767474344942e-07,6.087702786317095e-07
2030-12-23 16:00:00,20.32338859511137,56.77514428745994,7.682741618831704e-07,7.562784792492456e-07
2030-12-23 17:00:00,6.33281699075407e-08,6.767828592993863e-08,8.076598734213027e-08,4.541197995422408e-08
2030-12-23 18:00:00,933.8968954112878,1235.966459415221,540.1764720286558,297.8526355608844
2030-12-23 19:00:00,1921.987581176849,2543.6536107448346,5673.807729066506,1282.553880394486
2030-12-23 20:00:00,2918.0222826396657,3868.4350103099555,10813.659149397781,2016.854951986802
2030-12-23 21:00:00,3889.7509891674695,5159.083444256585,15834.664513548525,2467.193832656295
2030-12-23 22:00:00,4857.208591393282,6449.352336318184,20751.974062872538,2731.443944190929
2030-12-23 23:00:00,5825.394594618103,7744.56269105623,25624.984702827416,2946.740248968018
2030-12-24 00:00:00,6792.818031318916,9084.788153827301,30510.67541274571,3056.7377352089347
2030-12-24 01:00:00,7746.303849711155,10394.147933229127,35577.52412847626,3107.4683205940346
2030-12-24 02:00:00,8697.215909260145,11704.486987775777,40488.671312563994,3156.8828086356552
2030-12-24 03:00:00,9643.626616579044,13013.623024458955,45269.80720667796,3205.7678834064627
2030-12-24 04:00:00,10592.556583564372,14334.858881039705,49908.41153461127,3204.439755459687
2030-12-24 05:00:00,11520.082047195807,15622.50912161345,54477.66406873527,3293.9246619411288
2030-12-24 06:00:00,12432.215898833361,16898.46759859147,58998.103067604156,3288.9411361651155
2030-12-24 07:00:00,13337.142544462533,18167.064281343497,63702.49460956402,3253.2079943686795
2030-12-24 08:00:00,14248.197204254175,19452.62171836965,68166.82198313063,3149.537991908046
2030-12-24 09:00:00,15137.102540885313,20697.73565758583,72512.57312514364,3157.581120195905
2030-12-24 10:00:00,16023.541970521399,21943.878101452334,76735.32758863554,3171.5928909650625
2030-12-24 11:00:00,16911.597947524795,23196.091062534037,80905.43919453878,3212.2296117750084
2030-12-24 12:00:00,17807.03859642518,24467.283763874348,85108.42307529341,3197.447248249357
2030-12-24 13:00:00,18691.757715561085,25702.608503946503,89598.67416312417,3214.4934838000445
2030-12-24 14:00:00,19575.327423330717,26942.41048608401,93904.63751855031,3260.6184818497995
2030-12-24 15:00:00,20451.973884307088,28180.123588217764,98029.44371829309,3295.0433037884395
2030-12-24 16:00:00,21330.187112292515,29432.630662543797,101938.22117453019,3223.026923217983
2030-12-24 17:00:00,22183.25574308634,30643.603861072337,105773.59564090826,3225.489671896612
2030-12-24 18:00:00,23032.45040696235,31856.667268687554,109677.81957563826,3215.9967528092907
2030-12-24 19:00:00,23888.653604594143,33078.43961360531,113911.81716847251,3184.520802896818
2030-12-24 20:00:00,24762.340991792043,34331.531519912016,117917.92749370115,3108.311728736372
2030-12-24 21:00:00,25615.252005734776,35543.896163291545,121807.06083386132,3111.3084802670382
2030-12-24 22:00:00,26474.35191996034,36768.487718819146,125619.01071398344,3145.115728509174
2030-12-24 23:00:00,27342.43999036548,38006.99924341961,129433.25548939285,3220.1251054216264
2030-12-25 00:00:00,28219.033579722338,39265.590009723725,133289.8762114002,3208.0232864692466
2030-12-25 01:00:00,29086.555125860184,40492.04745363352,137500.99023876857,3232.1726873734124
2030-12-25 02:00:00,29954.305188743674,41722.776778816915,141507.92651416245,3283.287772821868
2030-12-25 03:00:00,30821.36704814257,42956.30334686404,145363.78909793473,3372.721308930925
2030-12-25 04:00:00,31694.557987767115,44203.97542879115,149008.2726718001,3430.7246550108375
2030-12-25 05:00:00,32538.86028775563,45411.40561341613,152517.57289793764,3596.517799435529
2030-12-25 06:00:00,33363.28620818162,46602.128241549755,155875.22753420204,3724.2221994753754
2030-12-25 07:00:00,34166.3266402744,47769.89524607326,159149.59057119282,3852.092308034873
2030-12-25 08:00:00,34967.43047878998,48951.43037835134,160897.1148540956,3771.7649359591005
2030-12-25 09:00:00,35727.67639938264,50071.58685891437,161547.11087759334,3884.4846054768987
2030-12-25 10:00:00,36404.68740088341,51118.11625250778,156413.98506405973,2825.830260978492
2030-12-25 11:00:00,37149.403465101976,52233.32362649259,155480.59983900902,2857.7288962211637
2030-12-25 12:00:00,37921.84589379884,53394.241686738795,156117.76749741548,2965.930471929154
2030-12-25 13:00:00,38671.49572689572,54497.680339872,157277.02206275103,2875.8760126525003
2030-12-25 14:00:00,39433.95298632796,55621.33540236924,158778.2738798185,2861.512065259022
2030-12-25 15:00:00,40199.3288167434,56756.4254909024,160483.22214717153,2814.9324231873225
2030-12-25 16:00:00,40992.18842129091,57938.218258683315,162734.49700680125,2797.770303896107
2030-12-25 17:00:00,41768.5941185842,59080.301543995025,165469.99969600918,2920.312113376378
2030-12-25 18:00:00,42553.18650832082,60239.06666782796,168588.00232621198,3035.3350805414902
2030-12-25 19:00:00,43353.11963941268,61416.26371944403,172219.5994929381,3022.1878575286137
2030-12-25 20:00:00,44185.00432013721,62638.972650429736,175701.41334657572,2988.094607490453
2030-12-25 21:00:00,44999.48210026987,63823.4276680312,179153.37252212007,3065.1322774475425
2030-12-25 22:00:00,45823.17752726685,65023.674568916074,182527.71521545213,3151.2351585156516
2030-12-25 23:00:00,46651.62710264053,66235.40786987224,185874.22796444438,3235.2588728551996
2030-12-26 00:00:00,47486.69989892969,67468.71044653296,189281.18351546768,3217.752346790636
2030-12-26 01:00:00,48303.976115718106,68658.76640050963,193098.90736135506,3224.91061146669
2030-12-26 02:00:00,49119.38605219828,69853.06616867344,196656.21288239528,3237.628142857364
2030-12-26 03:00:00,49935.20140989988,71051.57442585127,200067.54925425252,3287.983866966769
2030-12-26 04:00:00,50759.60283731878,72268.2326414997,203253.1915658916,3297.0644318928685
2030-12-26 05:00:00,51548.894717611314,73437.86422258237,206321.33943903132,3369.4791546965935
2030-12-26 06:00:00,52316.621407702834,74591.5500167162,209311.79314903726,3349.5947864196264
2030-12-26 07:00:00,53071.94169543134,75732.13742398082,212553.29937080023,3270.26795705595
2030-12-26 08:00:00,53848.18680087505,76905.18658908899,215430.95276074484,3146.3493873971447
2030-12-26 09:00:00,54600.19911816398,78031.12183308575,218244.01336764687,3179.4107298974604
2030-12-26 10:00:00,55349.019614272154,79157.76766423501,220836.58352749154,3184.819543288368
2030-12-26 11:00:00,56105.50190428109,80295.48984822712,223459.81162734184,3234.1706290039583
2030-12-26 12:00:00,56878.879826164,81463.88798573449,226262.19309810296,3260.092167968849
2030-12-26 13:00:00,57630.49392765152,82578.99906468311,229484.01559182015,3311.66299824424
2030-12-26 14:00:00,58374.54135003135,83694.89367933436,232284.6891235231,3342.155698561194
2030-12-26 15:00:00,59104.44534525817,84805.27982174027,234643.38745969837,3305.111353854906
2030-12-26 16:00:00,59844.318590907955,85944.82860669393,236628.0619197948,3185.927199025909
2030-12-26 17:00:00,60550.722811376756,87030.18103836964,238527.3720062157,3133.292305033313
2030-12-26 18:00:00,61259.500774807784,88124.4005206161,240818.04160024234,3102.1697095268914
2030-12-26 19:00:00,61987.234443565845,89239.41286720763,243845.9850695325,3026.060663170867
2030-12-26 20:00:00,62754.14466156644,90408.52792281445,246773.1149555404,2952.2928261086854
2030-12-26 21:00:00,63507.28292465066,91537.15654168163,249746.6237155442,3016.260871036902
2030-12-26 22:00:00,64276.14304135014,92688.41385978318,252696.51568938882,3089.38228392373
2030-12-26 23:00:00,65060.30842175817,93860.71635723903,255685.69297798738,3171.1726796483176
2030-12-27 00:00:00,65861.13806223376,95064.46169703633,258819.19134349428,3169.705852999048
2030-12-27 01:00:00,66652.08872091139,96227.78077765391,262481.74121255893,3190.4434975671347
2030-12-27 02:00:00,67447.59903297007,97401.35339368474,265934.02587789047,3244.1992451400147
2030-12-27 03:00:00,68240.80442163335,98577.84623812448,269216.27497963264,3315.6861105957155
2030-12-27 04:00:00,69039.7010498817,99771.72223313131,272230.02754480013,3323.5918782039425
2030-12-27 05:00:00,69792.4244237164,100910.2714711658,275094.5934441062,3374.335985208066
2030-12-27 06:00:00,70518.9740981285,102030.58847214626,277899.78025939694,3332.504834278105
2030-12-27 07:00:00,71235.05972681432,103140.44645466644,281059.23521082377,3265.4160081295986
2030-12-27 08:00:00,71974.18236194874,104285.16973546705,283857.24861508113,3144.7464645900063
2030-12-27 09:00:00,72687.03336514751,105380.90257387506,286585.9881033641,3170.7768333183535
2030-12-27 10:00:00,73396.47148563407,106477.66603768799,289099.94170999486,3156.513766719464
2030-12-27 11:00:00,74120.76723716134,107591.87729108587,291726.5490911449,3210.5850091524208
2030-12-27 12:00:00,74864.16809708194,108738.72693107145,294521.9110955898,3214.5504659706576
2030-12-27 13:00:00,75593.31856135804,109838.44071533975,297849.87661473016,3264.738621357884
2030-12-27 14:00:00,76319.40168656624,110943.5026275689,300870.4267309665,3320.121197737445
2030-12-27 15:00:00,77028.56248717719,112040.72906998252,303541.9221508634,3304.1424885366364
2030-12-27 16:00:00,77749.40194131611,113167.43465060764,305920.7096755878,3204.2423095828035
2030-12-27 17:00:00,78434.00439375686,114240.2253439762,308252.576262802,3174.352129140924
2030-12-27 18:00:00,79125.41839853126,115325.43697361305,310880.28007798863,3170.7902278765673
2030-12-27 19:00:00,79834.94510316868,116428.15377152778,314122.2127446505,3116.8829914376083
2030-12-27 20:00:00,80584.82552479325,117584.4258191428,317200.1818110781,3066.827356295619
2030-12-27 21:00:00,81311.97841443916,118694.44630224246,320217.58960470563,3118.9610880282416
2030-12-27 22:00:00,82047.65994158816,119820.35366794356,323146.03038710094,3173.4764950181925
2030-12-27 23:00:00,82793.31323406675,120962.81230173027,326096.1013559121,3241.6321817623393
2030-12-28 00:00:00,83549.48614470332,122131.91036268596,329141.5884812479,3207.1631997260697
2030-12-28 01:00:00,84295.00269394596,123260.94488431975,332723.3801046571,3219.143255091878
2030-12-28 02:00:00,85042.31591001939,124398.72544415377,336081.88898398436,3249.719391969493
2030-12-28 03:00:00,85789.61135627059,125541.49704817799,339289.9305854314,3294.4644148908374
2030-12-28 04:00:00,86553.66159940789,126712.77360615121,342305.7417721073,3309.3253574397286
2030-12-28 05:00:00,87273.1488022857,127829.77637869245,345179.8830639877,3348.336494850556
2030-12-28 06:00:00,87978.7807532536,128938.64680358091,348100.4834014271,3348.0845507620043
2030-12-28 07:00:00,88677.28680043634,130039.18841052278,351399.89674770966,3320.91556998582
2030-12-28 08:00:00,89403.2474753538,131177.38773662795,354323.2421945031,3256.091109756696
2030-12-28 09:00:00,90102.49996044779,132269.48176574812,357138.525142321,3350.888839069138
2030-12-28 10:00:00,90802.108372022,133364.92487862738,359747.15354989626,3485.8535994744902
2030-12-28 11:00:00,91511.31739778341,134472.7129255237,362358.0862130608,3766.6942916522503
2030-12-28 12:00:00,92235.54864063584,135607.74354713407,365003.7946851921,4183.329056330292
2030-12-28 13:00:00,92917.09403178346,136674.48760168167,367632.5203630803,4973.782170426242
2030-12-28 14:00:00,93519.77157627164,137679.2986272432,366360.3344701345,5972.903166636972
2030-12-28 15:00:00,93359.66765458757,138014.15138019147,358740.2094526475,6400.0099999528375
2030-12-28 16:00:00,91878.1990045083,136194.67342313478,350255.56577457243,4190.956933210181
2030-12-28 17:00:00,90396.43898856585,134371.65713545395,341770.92209649464,1194.8519752866473
2030-12-28 18:00:00,88914.79917321654,132549.71916545794,333286.2784184215,5.0790202805488865e-08
2030-12-28 19:00:00,88400.75733029058,132398.0918775172,325505.4275235553,439.98342103101794
2030-12-28 20:00:00,88944.55301408228,133385.12506600132,319806.5835898151,1636.7749015242214
2030-12-28 21:00:00,89525.246895236,134365.39894263714,315961.82908428495,2883.9078265818107
2030-12-28 22:00:00,90065.6859399818,135321.64646286063,310591.3897073849,3638.3853986560785
2030-12-28 23:00:00,90572.6761097528,136261.20079102195,304447.5797060663,4107.9204951535285
2030-12-29 00:00:00,91019.46545437744,137180.5776136375,297624.3443271508,4042.746509503992
2030-12-29 01:00:00,91424.67558542227,138004.60846633525,290923.40475119295,4369.18132527401
2030-12-29 02:00:00,91802.57646730979,138817.04537968276,283985.7101954548,5010.717654914776
2030-12-29 03:00:00,92091.78284536464,139560.87741093282,276737.64916693995,6080.155748136549
2030-12-29 04:00:00,91282.17130325086,138761.718195003,268668.58456075744,6400.009999957925
2030-12-29 05:00:00,89800.63473745466,136939.11647200625,260183.94088267963,6400.009999957219
2030-12-29 06:00:00,88319.16633341809,135117.42824513296,251699.29720455644,4597.1581406849855
2030-12-29 07:00:00,86837.76531572612,133296.28767282135,243214.65352643354,3161.1263390016275
2030-12-29 08:00:00,85356.57899424985,131478.0078356352,234730.00984831044,1704.396377551097
2030-12-29 09:00:00,83874.96661456308,129654.26041800714,226245.366170187,4.388311936054379e-08
2030-12-29 10:00:00,82393.32764186937,127830.67815407358,217760.72249210897,5.55389145762136e-07
2030-12-29 11:00:00,80911.729422599,126007.86160963858,209276.07881403595,4.674075171351433e-08
2030-12-29 12:00:00,80532.43005686763,126080.11394313427,201472.02363124356,1371.7731836160328
2030-12-29 13:00:00,80522.76245431128,126522.19262281692,194069.48604657134,3076.331195187052
2030-12-29 14:00:00,80123.76484922518,126525.66059624031,186340.59114269775,3600.120539128921
2030-12-29 15:00:00,79288.8145114028,125738.05886427015,178344.70250695373,1832.8112954553808
2030-12-29 16:00:00,78691.66929432911,125506.88044934532,170432.14608306644,655.3862383423357
2030-12-29 17:00:00,78848.87648611367,126148.18574925732,163240.89334004378,844.7466008435217
2030-12-29 18:00:00,79383.04005311354,127115.77466947751,160378.45935683264,1629.485886479881
2030-12-29 19:00:00,80027.32382173548,128177.86747252832,162436.88450408247,2150.4718929606443
2030-12-29 20:00:00,80739.79171244857,129317.38373661552,165090.44085917567,2489.387104135506
2030-12-29 21:00:00,81419.82308021447,130404.39179897496,167822.5643432022,2735.6521924622302
2030-12-29 22:00:00,82123.87871988566,131519.16382423052,170654.6207233981,2938.2244307992223
2030-12-29 23:00:00,82845.45386814084,132656.62354580537,173550.26056764112,3102.1083583913996
2030-12-30 00:00:00,83582.92072106949,133826.25719334534,176555.17308412623,3144.0729187107418
2030-12-30 01:00:00,84297.34349521178,134941.4707306976,180058.32464354427,3172.1241085757465
2030-12-30 02:00:00,85014.46053396851,136065.89355738813,183269.73865294384,3209.295599309514
2030-12-30 03:00:00,85728.99477473687,137194.2915251216,186247.0738137566,3249.5811474372463
2030-12-30 04:00:00,86460.40912913468,138351.5124196826,188965.9953197832,3258.0872940115087
2030-12-30 05:00:00,87147.57204064341,139447.99114138738,191538.03470714058,3339.94893741527
2030-12-30 06:00:00,87809.43838320592,140527.54734736905,194005.493447877,3332.545365739047
2030-12-30 07:00:00,88456.9695904569,141592.7055923195,196817.69224402864,3264.275600312773
2030-12-30 08:00:00,89132.02065588918,142696.78805544047,199154.4089951145,3155.0792505771587
2030-12-30 09:00:00,89774.90237738873,143742.881442727,201390.93608632198,3209.8234343392887
2030-12-30 10:00:00,90400.21533252146,144778.74161626847,203051.42902052432,3132.173944908768
2030-12-30 11:00:00,91047.59050254435,145837.90650781442,204971.6764129541,3171.68890770267
2030-12-30 12:00:00,91723.81344360442,146938.48685430185,207160.66297156748,3193.946562088136
2030-12-30 13:00:00,92380.75624819762,147980.5960754786,209959.50412860548,3243.6179286911465
2030-12-30 14:00:00,93033.46595994929,149027.20166568516,212314.36559820356,3280.0275435919734
2030-12-30 15:00:00,93671.12014653884,150068.92715106477,214278.6405070411,3273.0703251343457
2030-12-30 16:00:00,94324.28131680054,151145.78537679216,215909.17923042335,3202.2950796823307
2030-12-30 17:00:00,94927.57543009675,152156.00946427797,217373.97450029053,3179.782691385289
2030-12-30 18:00:00,95533.72828644415,153174.90407514106,219120.79216159388,3161.3333457381086
2030-12-30 19:00:00,96157.814328339,154209.8122310032,221591.19428141855,3091.47663541887
2030-12-30 20:00:00,96829.65704108895,155306.84757181845,223856.48535794212,3018.051123760117
2030-12-30 21:00:00,97471.29327427197,156345.46721381694,226057.71074631228,3041.2027187790895
2030-12-30 22:00:00,98133.58587335529,157411.11065570204,228242.1638607658,3094.8819353777135
2030-12-30 23:00:00,98814.50461302402,158502.64234432564,230471.23081474737,3158.791261344472
2030-12-31 00:00:00,99524.40557466491,159638.16243322083,232893.04575882258,3164.7826256340904
2030-12-31 01:00:00,100219.4766025539,160725.9826001728,235932.04527375405,3170.9514082012797
2030-12-31 02:00:00,100920.80158235767,161828.35842345803,238698.71899320316,3195.078883781568
2030-12-31 03:00:00,101623.90002857835,162939.98172948376,241286.85165490222,3236.400722516098
2030-12-31 04:00:00,102339.7195880944,164079.03519110585,243603.55134914897,3220.283731333534
2030-12-31 05:00:00,103015.80250920044,165163.18752193789,245864.5463671081,3290.306386147957
2030-12-31 06:00:00,103665.84682036482,166233.17812565353,248124.7299925487,3273.2157921881453
2030-12-31 07:00:00,104312.57323405355,167301.18294250075,250880.09799227188,3218.5338542881245
2030-12-31 08:00:00,104984.85330694269,168409.35521396706,253204.99924573314,3087.1102678290904
2030-12-31 09:00:00,105635.79149113595,169468.95916718972,255496.0409390761,3119.2776036389796
2030-12-31 10:00:00,106293.91349108148,170540.37779170985,257642.5276002185,3150.555619873003
2030-12-31 11:00:00,106969.7548706183,171632.5611325601,259826.56177541643,3214.6928647901173
2030-12-31 12:00:00,107669.431099673,172761.31046123276,262187.91445031227,3223.7803476107756
2030-12-31 13:00:00,108352.83782528482,173840.42300477464,265139.25671553664,3272.8044723936705
2030-12-31 14:00:00,109028.84022101203,174922.14677244166,267731.49498352094,3324.70254882674
2030-12-31 15:00:00,109682.40849821789,175991.42890806776,269919.922304241,3328.441366629684
2030-12-31 16:00:00,110343.27141457351,177085.17754777215,271734.42377276614,3241.074854748359
2030-12-31 17:00:00,110961.71749569844,178119.34681250885,273464.8009361693,3236.1114545941755
2030-12-31 18:00:00,111579.78465660801,179158.44060810332,275375.1376335883,3225.5187736628327
2030-12-31 19:00:00,112222.21597032763,180214.92466913423,277981.0451295661,3204.0009274481445
2030-12-31 20:00:00,112907.53957966084,181320.84728834173,280302.74658999295,3190.45919270337
2030-12-31 21:00:00,113572.23484102104,182381.52909079005,282560.2857693699,3317.7031726476744
2030-12-31 22:00:00,114252.14792499942,183462.6798651636,284842.495955256,3552.8008673373806
2030-12-31 23:00:00,114952.03242084855,184576.18981762725,287362.7018017748,3942.348736989051
