snapshot,Reservoir_DE,PSOpen_DE,PSClosed_DE,Battery_DE,Reservoir_FR,PSOpen_FR,PSClosed_FR,Battery_FR,Reservoir_CH,PSOpen_CH,PSClosed_CH,Battery_CH
2030-01-01 00:00:00,0.0,0.0,2211.726727944835,3199.99,0.0,0.0,0.0,0.0,0.0,0.0,0.0,0.0
2030-01-01 01:00:00,0.0,0.0,0.0,0.0,0.0,0.0,0.0,0.0,0.0,0.0,0.0,0.0
2030-01-01 02:00:00,0.0,0.0,0.0,0.0,0.0,0.0,0.0,0.0,0.0,0.0,0.0,0.0
2030-01-01 03:00:00,0.0,0.0,0.0,2708.471536,0.0,0.0,0.0,0.0,0.0,0.0,0.0,0.0
2030-01-01 04:00:00,0.0,0.0,0.0,0.0,0.0,0.0,0.0,0.0,0.0,0.0,0.0,0.0
2030-01-01 05:00:00,0.0,0.0,0.0,0.0,0.0,0.0,0.0,0.0,0.0,0.0,0.0,0.0
2030-01-01 06:00:00,0.0,0.0,0.0,0.0,0.0,0.0,0.0,0.0,0.0,0.0,0.0,0.0
2030-01-01 07:00:00,0.0,0.0,0.0,0.0,0.0,0.0,0.0,0.0,0.0,0.0,0.0,0.0
2030-01-01 08:00:00,0.0,0.0,0.0,0.0,0.0,0.0,0.0,0.0,0.0,0.0,0.0,0.0
2030-01-01 09:00:00,0.0,0.0,0.0,0.0,0.0,0.0,0.0,0.0,0.0,0.0,0.0,0.0
2030-01-01 10:00:00,0.0,0.0,0.0,515.2220288840035,0.0,0.0,0.0,0.0,0.0,0.0,0.0,0.0
2030-01-01 11:00:00,0.0,0.0,0.0,0.0,0.0,0.0,0.0,0.0,0.0,0.0,0.0,0.0
2030-01-01 12:00:00,0.0,0.0,0.0,0.0,0.0,0.0,0.0,0.0,0.0,0.0,0.0,0.0
2030-01-01 13:00:00,0.0,0.0,0.0,0.0,0.0,0.0,0.0,0.0,0.0,0.0,0.0,0.0
2030-01-01 14:00:00,0.0,0.0,0.0,0.0,0.0,0.0,0.0,0.0,0.0,0.0,0.0,0.0
2030-01-01 15:00:00,0.0,0.0,0.0,0.0,0.0,0.0,0.0,0.0,0.0,0.0,0.0,0.0
2030-01-01 16:00:00,0.0,0.0,0.0,0.0,0.0,0.0,0.0,0.0,0.0,0.0,0.0,0.0
2030-01-01 17:00:00,0.0,0.0,0.0,0.0,0.0,0.0,0.0,0.0,0.0,0.0,0.0,0.0
2030-01-01 18:00:00,0.0,0.0,0.0,0.0,0.0,0.0,0.0,0.0,0.0,0.0,0.0,0.0
2030-01-01 19:00:00,0.0,0.0,0.0,0.0,0.0,0.0,0.0,0.0,0.0,0.0,0.0,0.0
2030-01-01 20:00:00,0.0,0.0,0.0,0.0,0.0,0.0,0.0,0.0,0.0,0.0,0.0,0.0
2030-01-01 21:00:00,0.0,0.0,0.0,0.0,0.0,0.0,0.0,0.0,0.0,0.0,0.0,0.0
2030-01-01 22:00:00,0.0,0.0,0.0,0.0,0.0,0.0,0.0,0.0,0.0,0.0,0.0,0.0
2030-01-01 23:00:00,0.0,0.0,0.0,0.0,0.0,0.0,0.0,0.0,0.0,0.0,0.0,0.0
2030-01-02 00:00:00,0.0,0.0,0.0,0.0,0.0,0.0,0.0,0.0,0.0,0.0,0.0,0.0
2030-01-02 01:00:00,0.0,0.0,0.0,0.0,0.0,0.0,0.0,0.0,0.0,0.0,0.0,0.0
2030-01-02 02:00:00,0.0,0.0,0.0,0.0,0.0,0.0,0.0,0.0,0.0,0.0,0.0,0.0
2030-01-02 03:00:00,0.0,0.0,0.0,0.0,0.0,0.0,0.0,0.0,0.0,0.0,0.0,0.0
2030-01-02 04:00:00,0.0,0.0,0.0,0.0,0.0,0.0,0.0,0.0,0.0,0.0,0.0,0.0
2030-01-02 05:00:00,0.0,0.0,0.0,0.0,0.0,0.0,0.0,0.0,0.0,0.0,0.0,0.0
2030-01-02 06:00:00,0.0,0.0,0.0,0.0,0.0,0.0,0.0,0.0,0.0,0.0,0.0,0.0
2030-01-02 07:00:00,0.0,0.0,0.0,0.0,0.0,0.0,0.0,0.0,0.0,0.0,0.0,0.0
2030-01-02 08:00:00,0.0,0.0,5461.981233120416,0.0,0.0,0.0,0.0,0.0,0.0,0.0,0.0,0.0
2030-01-02 09:00:00,0.0,0.0,7381.64,0.0,0.0,0.0,0.0,0.0,0.0,0.0,0.0,0.0
2030-01-02 10:00:00,1297.0,1644.1,7381.64,1503.4268857727259,0.0,0.0,0.0,0.0,0.0,0.0,0.0,0.0
2030-01-02 11:00:00,1297.0,1644.1,7381.64,3199.99,0.0,0.0,0.0,0.0,0.0,0.0,0.0,0.0
2030-01-02 12:00:00,1297.0,1644.1,7381.64,0.0,0.0,0.0,0.0,0.0,0.0,0.0,0.0,0.0
2030-01-02 13:00:00,1297.0,1644.1,7381.64,0.0,0.0,0.0,0.0,0.0,0.0,0.0,0.0,0.0
2030-01-02 14:00:00,1297.0,1644.1,7381.64,0.0,0.0,0.0,0.0,0.0,0.0,0.0,0.0,0.0
2030-01-02 15:00:00,1297.0,1644.1,7381.64,686.1253656663382,0.0,0.0,0.0,0.0,0.0,0.0,0.0,0.0
2030-01-02 16:00:00,1297.0,1644.1,7381.64,3199.99,0.0,0.0,0.0,0.0,0.0,0.0,0.0,0.0
2030-01-02 17:00:00,1297.0,1644.1,7381.64,2001.893834333663,0.0,0.0,0.0,0.0,0.0,0.0,0.0,0.0
2030-01-02 18:00:00,0.0,0.0,7381.64,0.0,0.0,0.0,0.0,0.0,0.0,0.0,0.0,0.0
2030-01-02 19:00:00,0.0,0.0,342.3218714169343,0.0,0.0,0.0,0.0,0.0,0.0,0.0,0.0,0.0
2030-01-02 20:00:00,0.0,0.0,0.0,0.0,0.0,0.0,0.0,0.0,0.0,0.0,0.0,0.0
2030-01-02 21:00:00,0.0,0.0,0.0,0.0,0.0,0.0,0.0,0.0,0.0,0.0,0.0,0.0
2030-01-02 22:00:00,0.0,0.0,0.0,0.0,0.0,0.0,0.0,0.0,0.0,0.0,0.0,0.0
2030-01-02 23:00:00,0.0,0.0,0.0,0.0,0.0,0.0,0.0,0.0,0.0,0.0,0.0,0.0
2030-01-03 00:00:00,0.0,0.0,0.0,0.0,0.0,0.0,0.0,0.0,0.0,0.0,0.0,0.0
2030-01-03 01:00:00,0.0,0.0,0.0,0.0,0.0,0.0,0.0,0.0,0.0,0.0,0.0,0.0
2030-01-03 02:00:00,0.0,0.0,0.0,0.0,0.0,0.0,0.0,0.0,0.0,0.0,0.0,0.0
2030-01-03 03:00:00,0.0,0.0,0.0,0.0,0.0,0.0,0.0,0.0,0.0,19.829382209494725,0.0,0.0
2030-01-03 04:00:00,0.0,0.0,0.0,0.0,0.0,0.0,0.0,0.0,119.1021268518191,0.0,0.0,332.71016443811027
2030-01-03 05:00:00,0.0,0.0,0.0,0.0,0.0,0.0,0.0,0.0,500.4245923620374,0.0,0.0,0.0
2030-01-03 06:00:00,0.0,0.0,0.0,0.0,0.0,0.0,0.0,0.0,0.0,0.0,0.0,228.48983556188978
2030-01-03 07:00:00,0.0,0.0,0.0,0.0,0.0,0.0,0.0,0.0,0.0,0.0,0.0,0.0
2030-01-03 08:00:00,0.0,0.0,0.0,0.0,0.0,0.0,0.0,0.0,0.0,0.0,0.0,0.0
2030-01-03 09:00:00,0.0,0.0,0.0,0.0,0.0,0.0,0.0,0.0,0.0,0.0,0.0,0.0
2030-01-03 10:00:00,0.0,0.0,0.0,3199.99,0.0,0.0,0.0,0.0,0.0,0.0,0.0,0.0
2030-01-03 11:00:00,0.0,0.0,0.0,0.0,0.0,0.0,0.0,0.0,0.0,0.0,0.0,0.0
2030-01-03 12:00:00,0.0,0.0,0.0,0.0,0.0,0.0,0.0,0.0,0.0,0.0,0.0,0.0
2030-01-03 13:00:00,0.0,0.0,0.0,0.0,0.0,0.0,0.0,0.0,0.0,0.0,0.0,0.0
2030-01-03 14:00:00,0.0,0.0,0.0,0.0,0.0,0.0,0.0,0.0,0.0,0.0,0.0,0.0
2030-01-03 15:00:00,0.0,0.0,0.0,0.0,0.0,0.0,0.0,0.0,0.0,0.0,0.0,0.0
2030-01-03 16:00:00,0.0,0.0,0.0,0.0,0.0,0.0,0.0,0.0,0.0,0.0,0.0,0.0
2030-01-03 17:00:00,0.0,0.0,0.0,0.0,0.0,0.0,0.0,0.0,0.0,0.0,0.0,0.0
2030-01-03 18:00:00,0.0,0.0,0.0,0.0,0.0,0.0,0.0,0.0,0.0,0.0,0.0,0.0
2030-01-03 19:00:00,0.0,0.0,0.0,0.0,0.0,0.0,0.0,0.0,0.0,0.0,0.0,0.0
2030-01-03 20:00:00,0.0,0.0,0.0,0.0,0.0,0.0,0.0,0.0,0.0,0.0,0.0,0.0
2030-01-03 21:00:00,0.0,0.0,0.0,0.0,0.0,0.0,0.0,0.0,0.0,0.0,0.0,0.0
2030-01-03 22:00:00,0.0,0.0,0.0,0.0,0.0,0.0,0.0,0.0,0.0,0.0,0.0,0.0
2030-01-03 23:00:00,0.0,0.0,0.0,0.0,0.0,0.0,0.0,0.0,0.0,0.0,0.0,0.0
2030-01-04 00:00:00,0.0,0.0,0.0,0.0,0.0,0.0,0.0,0.0,0.0,0.0,0.0,0.0
2030-01-04 01:00:00,0.0,0.0,0.0,0.0,0.0,0.0,0.0,0.0,0.0,0.0,0.0,0.0
2030-01-04 02:00:00,0.0,0.0,0.0,0.0,0.0,0.0,0.0,0.0,0.0,0.0,0.0,0.0
2030-01-04 03:00:00,0.0,0.0,0.0,0.0,0.0,0.0,0.0,0.0,154.82935238147502,0.0,0.0,0.0
2030-01-04 04:00:00,0.0,0.0,0.0,0.0,0.0,0.0,0.0,0.0,626.6584717644237,0.0,0.0,0.0
2030-01-04 05:00:00,0.0,0.0,0.0,0.0,0.0,0.0,0.0,0.0,0.0,451.7441566033631,0.0,200.5897971919653
2030-01-04 06:00:00,0.0,0.0,0.0,0.0,0.0,0.0,0.0,0.0,0.0,0.0,0.0,360.6102028080347
2030-01-04 07:00:00,0.0,0.0,0.0,0.0,0.0,0.0,0.0,0.0,0.0,69.33398892727996,0.0,0.0
2030-01-04 08:00:00,0.0,0.0,0.0,0.0,0.0,0.0,0.0,0.0,0.0,0.0,0.0,0.0
2030-01-04 09:00:00,0.0,0.0,0.0,0.0,0.0,0.0,0.0,0.0,0.0,0.0,0.0,0.0
2030-01-04 10:00:00,0.0,0.0,0.0,0.0,0.0,0.0,0.0,0.0,0.0,0.0,0.0,0.0
2030-01-04 11:00:00,0.0,0.0,0.0,1745.8869439999996,0.0,0.0,0.0,0.0,0.0,0.0,0.0,0.0
2030-01-04 12:00:00,0.0,0.0,0.0,0.0,0.0,0.0,0.0,0.0,0.0,0.0,0.0,0.0
2030-01-04 13:00:00,0.0,0.0,0.0,0.0,0.0,0.0,0.0,0.0,0.0,0.0,0.0,0.0
2030-01-04 14:00:00,0.0,0.0,0.0,0.0,0.0,0.0,0.0,0.0,0.0,0.0,0.0,0.0
2030-01-04 15:00:00,0.0,0.0,0.0,0.0,0.0,0.0,0.0,0.0,0.0,0.0,0.0,0.0
2030-01-04 16:00:00,0.0,0.0,0.0,3199.99,0.0,0.0,0.0,0.0,0.0,0.0,0.0,0.0
2030-01-04 17:00:00,0.0,0.0,0.0,2688.0192000000015,0.0,0.0,0.0,0.0,0.0,0.0,0.0,0.0
2030-01-04 18:00:00,0.0,0.0,0.0,0.0,0.0,0.0,0.0,0.0,0.0,0.0,0.0,202.2919621456076
2030-01-04 19:00:00,0.0,0.0,0.0,0.0,0.0,0.0,0.0,0.0,0.0,0.0,0.0,0.0
2030-01-04 20:00:00,0.0,0.0,0.0,0.0,0.0,0.0,0.0,0.0,0.0,0.0,0.0,0.0
2030-01-04 21:00:00,0.0,0.0,0.0,0.0,0.0,0.0,0.0,0.0,0.0,0.0,0.0,0.0
2030-01-04 22:00:00,0.0,0.0,0.0,0.0,0.0,0.0,0.0,0.0,0.0,0.0,0.0,0.0
2030-01-04 23:00:00,0.0,0.0,0.0,0.0,0.0,0.0,0.0,0.0,0.0,0.0,0.0,0.0
2030-01-05 00:00:00,0.0,0.0,0.0,0.0,0.0,0.0,0.0,0.0,100.7213862405581,0.0,0.0,0.0
2030-01-05 01:00:00,0.0,0.0,0.0,0.0,0.0,0.0,0.0,0.0,234.6232415264326,0.0,0.0,0.0
2030-01-05 02:00:00,0.0,0.0,0.0,0.0,0.0,0.0,0.0,0.0,253.24688181729653,0.0,0.0,0.0
2030-01-05 03:00:00,0.0,0.0,0.0,0.0,0.0,0.0,0.0,0.0,0.0,573.3838350614401,0.0,0.0
2030-01-05 04:00:00,0.0,0.0,0.0,0.0,0.0,0.0,0.0,0.0,0.0,988.7865708793884,0.0,0.0
2030-01-05 05:00:00,0.0,0.0,0.0,0.0,0.0,0.0,0.0,0.0,0.0,987.9476111097147,0.0,0.0
2030-01-05 06:00:00,0.0,0.0,0.0,0.0,0.0,0.0,0.0,0.0,0.0,227.14873014321466,0.0,443.28307461755657
2030-01-05 07:00:00,0.0,0.0,0.0,0.0,0.0,0.0,0.0,0.0,0.0,349.60633870022525,0.0,0.0
2030-01-05 08:00:00,0.0,0.0,0.0,0.0,0.0,0.0,0.0,0.0,0.0,0.0,0.0,117.91692538244342
2030-01-05 09:00:00,0.0,0.0,0.0,0.0,0.0,0.0,0.0,0.0,0.0,0.0,0.0,0.0
2030-01-05 10:00:00,0.0,0.0,0.0,0.0,0.0,0.0,0.0,0.0,0.0,0.0,0.0,0.0
2030-01-05 11:00:00,0.0,0.0,0.0,0.0,0.0,0.0,0.0,0.0,0.0,0.0,0.0,0.0
2030-01-05 12:00:00,0.0,0.0,0.0,0.0,0.0,0.0,0.0,0.0,0.0,0.0,0.0,0.0
2030-01-05 13:00:00,0.0,0.0,0.0,0.0,0.0,0.0,0.0,0.0,0.0,0.0,0.0,0.0
2030-01-05 14:00:00,0.0,0.0,0.0,0.0,0.0,0.0,0.0,0.0,0.0,0.0,0.0,0.0
2030-01-05 15:00:00,0.0,0.0,0.0,0.0,0.0,0.0,0.0,0.0,0.0,0.0,0.0,0.0
2030-01-05 16:00:00,0.0,0.0,0.0,0.0,0.0,0.0,0.0,0.0,0.0,0.0,0.0,0.0
2030-01-05 17:00:00,0.0,0.0,0.0,0.0,0.0,0.0,0.0,0.0,0.0,0.0,0.0,33.24371467815308
2030-01-05 18:00:00,0.0,0.0,0.0,0.0,0.0,0.0,0.0,0.0,0.0,0.0,0.0,355.3472001924515
2030-01-05 19:00:00,0.0,0.0,0.0,0.0,0.0,0.0,0.0,0.0,0.0,0.0,0.0,0.0
2030-01-05 20:00:00,0.0,0.0,0.0,0.0,0.0,0.0,0.0,0.0,0.0,0.0,0.0,0.0
2030-01-05 21:00:00,0.0,0.0,0.0,0.0,0.0,0.0,0.0,0.0,0.0,0.0,0.0,0.0
2030-01-05 22:00:00,0.0,0.0,0.0,0.0,0.0,0.0,0.0,0.0,0.0,0.0,0.0,0.0
2030-01-05 23:00:00,0.0,0.0,0.0,0.0,0.0,0.0,0.0,0.0,0.0,0.0,0.0,0.0
2030-01-06 00:00:00,0.0,0.0,0.0,0.0,0.0,0.0,0.0,0.0,359.0814245977663,0.0,0.0,0.0
2030-01-06 01:00:00,0.0,0.0,0.0,0.0,0.0,0.0,0.0,0.0,238.65288922656532,0.0,0.0,170.4034153363816
2030-01-06 02:00:00,0.0,0.0,0.0,0.0,0.0,0.0,0.0,0.0,0.0,0.0,0.0,337.0464612433316
2030-01-06 03:00:00,0.0,0.0,0.0,0.0,0.0,0.0,0.0,0.0,0.0,0.0,0.0,53.750123420286855
2030-01-06 04:00:00,0.0,0.0,0.0,0.0,0.0,0.0,0.0,0.0,0.0,0.0,0.0,0.0
2030-01-06 05:00:00,0.0,0.0,0.0,0.0,0.0,0.0,0.0,0.0,0.0,0.0,0.0,0.0
2030-01-06 06:00:00,0.0,0.0,0.0,0.0,0.0,0.0,0.0,0.0,0.0,0.0,0.0,0.0
2030-01-06 07:00:00,0.0,0.0,0.0,0.0,0.0,0.0,0.0,0.0,0.0,0.0,0.0,0.0
2030-01-06 08:00:00,0.0,0.0,0.0,0.0,0.0,0.0,0.0,0.0,0.0,0.0,0.0,0.0
2030-01-06 09:00:00,0.0,0.0,0.0,0.0,0.0,0.0,0.0,0.0,0.0,0.0,0.0,0.0
2030-01-06 10:00:00,0.0,0.0,0.0,0.0,0.0,0.0,0.0,0.0,0.0,0.0,0.0,0.0
2030-01-06 11:00:00,0.0,0.0,0.0,0.0,0.0,0.0,0.0,0.0,0.0,0.0,0.0,0.0
2030-01-06 12:00:00,0.0,0.0,0.0,0.0,0.0,0.0,0.0,0.0,0.0,0.0,0.0,0.0
2030-01-06 13:00:00,0.0,0.0,0.0,0.0,0.0,0.0,0.0,0.0,0.0,0.0,0.0,0.0
2030-01-06 14:00:00,0.0,0.0,0.0,0.0,0.0,0.0,0.0,0.0,0.0,0.0,0.0,0.0
2030-01-06 15:00:00,0.0,0.0,0.0,0.0,0.0,0.0,0.0,0.0,0.0,0.0,0.0,0.0
2030-01-06 16:00:00,0.0,0.0,1819.391114641665,0.0,0.0,0.0,0.0,0.0,0.0,0.0,0.0,0.0
2030-01-06 17:00:00,0.0,0.0,7381.64,2688.0192000000015,0.0,0.0,0.0,0.0,471.06471012603106,0.0,0.0,0.0
2030-01-06 18:00:00,0.0,0.0,7381.64,3199.99,0.0,0.0,0.0,0.0,781.7976751756728,0.0,0.0,0.0
2030-01-06 19:00:00,0.0,0.0,5866.001182747204,0.0,0.0,0.0,0.0,0.0,411.75708513087216,0.0,0.0,0.0
2030-01-06 20:00:00,0.0,0.0,0.0,0.0,0.0,0.0,0.0,0.0,155.81638892788283,0.0,0.0,0.0
2030-01-06 21:00:00,0.0,0.0,0.0,0.0,0.0,0.0,0.0,0.0,220.90702692808054,0.0,0.0,0.0
2030-01-06 22:00:00,0.0,0.0,0.0,0.0,0.0,0.0,0.0,0.0,365.9940923751237,0.0,0.0,0.0
2030-01-06 23:00:00,0.0,0.0,0.0,0.0,0.0,0.0,0.0,0.0,258.40999299863915,0.0,0.0,0.0
2030-01-07 00:00:00,0.0,0.0,0.0,0.0,0.0,0.0,0.0,0.0,490.98735664871947,0.0,0.0,0.0
2030-01-07 01:00:00,0.0,0.0,0.0,0.0,0.0,0.0,0.0,0.0,0.0,599.1636977937869,0.0,0.0
2030-01-07 02:00:00,0.0,0.0,0.0,0.0,0.0,0.0,0.0,0.0,585.8375922650307,0.0,0.0,0.0
2030-01-07 03:00:00,0.0,0.0,0.0,0.0,0.0,0.0,0.0,0.0,0.0,312.24169034171587,0.0,374.67199490034704
2030-01-07 04:00:00,0.0,0.0,0.0,0.0,0.0,0.0,0.0,0.0,673.3878973935794,0.0,0.0,0.0
2030-01-07 05:00:00,0.0,0.0,0.0,0.0,0.0,0.0,0.0,0.0,0.0,0.0,0.0,186.528005099653
2030-01-07 06:00:00,0.0,0.0,0.0,0.0,0.0,0.0,0.0,0.0,0.0,0.0,0.0,0.0
2030-01-07 07:00:00,0.0,0.0,0.0,0.0,0.0,0.0,0.0,0.0,0.0,0.0,0.0,0.0
2030-01-07 08:00:00,0.0,0.0,0.0,0.0,0.0,0.0,0.0,0.0,0.0,0.0,0.0,0.0
2030-01-07 09:00:00,0.0,0.0,0.0,0.0,0.0,0.0,0.0,0.0,0.0,0.0,0.0,0.0
2030-01-07 10:00:00,0.0,0.0,0.0,0.0,0.0,0.0,0.0,0.0,0.0,0.0,0.0,0.0
2030-01-07 11:00:00,0.0,0.0,0.0,0.0,0.0,0.0,0.0,0.0,0.0,0.0,0.0,0.0
2030-01-07 12:00:00,0.0,0.0,0.0,0.0,0.0,0.0,0.0,0.0,0.0,0.0,0.0,0.0
2030-01-07 13:00:00,0.0,0.0,0.0,0.0,0.0,0.0,0.0,0.0,0.0,0.0,0.0,0.0
2030-01-07 14:00:00,0.0,0.0,0.0,0.0,0.0,0.0,0.0,0.0,0.0,0.0,0.0,0.0
2030-01-07 15:00:00,0.0,0.0,0.0,0.0,0.0,0.0,0.0,0.0,0.0,0.0,0.0,0.0
2030-01-07 16:00:00,0.0,0.0,0.0,0.0,0.0,0.0,0.0,0.0,0.0,0.0,0.0,0.0
2030-01-07 17:00:00,0.0,0.0,0.0,0.0,0.0,0.0,0.0,0.0,0.0,0.0,0.0,0.0
2030-01-07 18:00:00,0.0,0.0,0.0,0.0,0.0,0.0,0.0,0.0,0.0,0.0,0.0,204.56148407278397
2030-01-07 19:00:00,0.0,0.0,0.0,0.0,0.0,0.0,0.0,0.0,0.0,0.0,0.0,0.0
2030-01-07 20:00:00,0.0,0.0,0.0,0.0,0.0,0.0,0.0,0.0,0.0,0.0,0.0,0.0
2030-01-07 21:00:00,0.0,0.0,0.0,0.0,0.0,0.0,0.0,0.0,0.0,0.0,0.0,0.0
2030-01-07 22:00:00,0.0,0.0,0.0,0.0,0.0,0.0,0.0,0.0,0.0,0.0,0.0,0.0
2030-01-07 23:00:00,0.0,0.0,0.0,0.0,0.0,0.0,0.0,0.0,0.0,0.0,0.0,0.0
2030-01-08 00:00:00,0.0,0.0,0.0,0.0,0.0,0.0,0.0,0.0,0.0,431.5992185756013,0.0,0.0
2030-01-08 01:00:00,0.0,0.0,0.0,0.0,0.0,0.0,0.0,0.0,0.0,584.5618116167457,0.0,0.0
2030-01-08 02:00:00,0.0,0.0,0.0,0.0,0.0,0.0,0.0,0.0,0.0,631.4083690425587,0.0,0.0
2030-01-08 03:00:00,0.0,0.0,0.0,0.0,0.0,0.0,0.0,0.0,0.0,993.044816748521,0.0,0.0
2030-01-08 04:00:00,0.0,0.0,0.0,0.0,0.0,0.0,0.0,0.0,0.0,1436.106166027174,0.0,0.0
2030-01-08 05:00:00,0.0,0.0,0.0,0.0,0.0,0.0,0.0,0.0,0.0,1409.5175248805085,0.0,0.0
2030-01-08 06:00:00,0.0,0.0,0.0,0.0,0.0,0.0,0.0,0.0,0.0,798.847022266719,0.0,223.62329752048137
2030-01-08 07:00:00,0.0,0.0,0.0,0.0,0.0,0.0,0.0,0.0,0.0,668.6060388053565,0.0,0.0
2030-01-08 08:00:00,0.0,0.0,159.80192080917186,0.0,0.0,0.0,0.0,0.0,0.0,0.0,0.0,337.57670247951864
2030-01-08 09:00:00,0.0,0.0,0.0,0.0,0.0,0.0,0.0,0.0,0.0,0.0,0.0,0.0
2030-01-08 10:00:00,0.0,0.0,5639.495431366537,0.0,0.0,0.0,0.0,0.0,0.0,0.0,0.0,0.0
2030-01-08 11:00:00,0.0,0.0,2827.1794025542185,0.0,0.0,0.0,0.0,0.0,0.0,0.0,0.0,0.0
2030-01-08 12:00:00,0.0,0.0,0.0,0.0,0.0,0.0,0.0,0.0,0.0,0.0,0.0,0.0
2030-01-08 13:00:00,0.0,0.0,0.0,0.0,0.0,0.0,0.0,0.0,0.0,0.0,0.0,0.0
2030-01-08 14:00:00,0.0,0.0,0.0,0.0,0.0,0.0,0.0,0.0,0.0,0.0,0.0,0.0
2030-01-08 15:00:00,1297.0,1644.1,4408.661397029646,0.0,0.0,0.0,0.0,0.0,0.0,0.0,0.0,0.0
2030-01-08 16:00:00,1297.0,1644.1,7381.64,0.0,4056.3874972894846,0.0,0.0,0.0,0.0,0.0,0.0,0.0
2030-01-08 17:00:00,1297.0,1644.1,7381.64,0.0,9847.0,196.6840308687806,1508.548170770695,470.0000000000005,0.0,498.4220315233406,0.0,0.0
2030-01-08 18:00:00,1297.0,1644.1,7381.64,0.0,9847.0,0.0,541.2617113497472,394.80000000000047,0.0,843.8447556275364,0.0,0.0
2030-01-08 19:00:00,1297.0,1644.1,7381.64,0.0,7168.555609505478,0.0,0.0,0.0,0.0,486.4732303387382,0.0,0.0
2030-01-08 20:00:00,1297.0,1644.1,7381.64,0.0,7934.801779112893,0.0,0.0,0.0,0.0,217.39619216224037,0.0,0.0
2030-01-08 21:00:00,1297.0,1644.1,7381.64,0.0,9847.0,0.0,0.0,0.0,0.0,93.79935316738374,0.0,0.0
2030-01-08 22:00:00,1297.0,1644.1,7381.64,0.0,9847.0,0.0,0.0,59.04785353287298,0.0,189.15127756848347,0.0,0.0
2030-01-08 23:00:00,1297.0,1644.1,7381.64,0.0,9413.647333275749,0.0,0.0,0.0,0.0,92.51801168635347,0.0,0.0
2030-01-09 00:00:00,1297.0,1644.1,7381.64,0.0,9847.0,0.0,1891.2273090718736,470.0000000000005,0.0,309.51986644693716,0.0,0.0
2030-01-09 01:00:00,1297.0,1644.1,7381.64,0.0,9847.0,0.0,0.0,271.3638015306351,0.0,478.3348288868938,0.0,0.0
2030-01-09 02:00:00,1297.0,1644.1,7381.64,0.0,9847.0,0.0,0.0,117.40130311365647,0.0,645.9393076644569,0.0,0.0
2030-01-09 03:00:00,1297.0,1644.1,7381.64,0.0,6050.636217758336,0.0,0.0,0.0,1609.798813333574,2070.0,0.0,0.0
2030-01-09 04:00:00,1297.0,1644.1,7381.64,2934.919849868369,848.1101180351258,0.0,0.0,0.0,6809.26923918771,2070.0,0.0,0.0
2030-01-09 05:00:00,1297.0,1644.1,7381.64,0.0,9200.548971965778,0.0,0.0,0.0,6810.52568284747,2070.0,0.0,0.0
2030-01-09 06:00:00,1297.0,1644.1,7381.64,0.0,9847.0,1458.4601311609003,1950.0,0.0,6495.526699780463,2070.0,0.0,0.0
2030-01-09 07:00:00,1297.0,1644.1,7381.64,0.0,9847.0,1850.0,1950.0,470.0000000000005,6175.090276738166,2070.0,0.0,0.0
2030-01-09 08:00:00,1297.0,1644.1,7381.64,0.0,9847.0,1850.0,1950.0,394.80000000000047,5431.6473009444635,2070.0,0.0,0.0
2030-01-09 09:00:00,1297.0,1644.1,7381.64,2953.0893501316323,9847.0,0.0,0.0,0.0,4327.306687152845,2070.0,0.0,0.0
2030-01-09 10:00:00,1297.0,1644.1,7381.64,0.0,7674.004051766926,0.0,0.0,0.0,3572.3790124300667,2070.0,0.0,0.0
2030-01-09 11:00:00,1297.0,1644.1,7381.64,0.0,6821.796882719325,0.0,0.0,0.0,2514.9800317629706,2070.0,0.0,561.2
2030-01-09 12:00:00,1297.0,1644.1,7381.64,0.0,1902.8133064488816,0.0,0.0,0.0,0.0,474.2394576070096,0.0,0.0
2030-01-09 13:00:00,1297.0,1644.1,7381.64,0.0,0.0,0.0,0.0,0.0,0.0,0.0,0.0,0.0
2030-01-09 14:00:00,1297.0,1644.1,7381.64,0.0,0.0,0.0,0.0,0.0,0.0,0.0,0.0,0.0
2030-01-09 15:00:00,1297.0,1644.1,7381.64,0.0,3708.8439724720956,0.0,0.0,0.0,0.0,0.0,0.0,0.0
2030-01-09 16:00:00,1297.0,1644.1,7381.64,0.0,9847.0,0.0,0.0,167.3927083571034,0.0,0.0,0.0,0.0
2030-01-09 17:00:00,1297.0,1644.1,7381.64,0.0,5858.984125511983,0.0,0.0,0.0,0.0,243.7311802369968,0.0,0.0
2030-01-09 18:00:00,0.0,821.2058394027117,0.0,0.0,2536.911479535047,0.0,0.0,0.0,0.0,12.290489205814197,0.0,542.5519931766129
2030-01-09 19:00:00,0.0,0.0,0.0,0.0,0.0,0.0,0.0,0.0,0.0,171.39403459469713,0.0,0.0
2030-01-09 20:00:00,0.0,0.0,0.0,0.0,0.0,0.0,0.0,0.0,0.0,0.0,0.0,0.0
2030-01-09 21:00:00,0.0,0.0,0.0,0.0,1548.0879118022494,0.0,0.0,0.0,0.0,0.0,0.0,0.0
2030-01-09 22:00:00,0.0,0.0,0.0,0.0,2848.5980349442325,0.0,0.0,0.0,0.0,0.0,0.0,0.0
2030-01-09 23:00:00,0.0,0.0,0.0,0.0,2342.4209422647764,0.0,0.0,0.0,0.0,0.0,0.0,0.0
2030-01-10 00:00:00,0.0,0.0,0.0,0.0,6203.407888626913,0.0,0.0,0.0,0.0,319.8136926674017,0.0,0.0
2030-01-10 01:00:00,0.0,0.0,0.0,0.0,4521.581981539202,0.0,0.0,0.0,0.0,476.84878810901046,0.0,0.0
2030-01-10 02:00:00,0.0,0.0,0.0,0.0,4315.3088496796045,0.0,0.0,0.0,0.0,526.9894803758066,0.0,0.0
2030-01-10 03:00:00,0.0,0.0,0.0,0.0,0.0,0.0,0.0,0.0,0.0,901.8514984745211,0.0,0.0
2030-01-10 04:00:00,0.0,0.0,0.0,0.0,0.0,0.0,0.0,0.0,0.0,1353.0810113683883,0.0,0.0
2030-01-10 05:00:00,0.0,0.0,0.0,0.0,544.1527666395777,0.0,0.0,0.0,0.0,1326.992898501041,0.0,0.0
2030-01-10 06:00:00,1297.0,1644.1,5066.923938906402,0.0,7130.059656658617,0.0,0.0,0.0,0.0,950.0103198494426,0.0,0.0
2030-01-10 07:00:00,1297.0,1644.1,7381.64,0.0,9847.0,1850.0,1950.0,337.8177445766826,0.0,33.376417394530336,0.0,561.2
2030-01-10 08:00:00,1297.0,1644.1,7381.64,0.0,9847.0,1850.0,1950.0,470.0000000000005,0.0,121.88868881503299,0.0,0.0
2030-01-10 09:00:00,1297.0,1644.1,7381.64,0.0,9847.0,1850.0,1950.0,56.98225542331784,0.0,0.0,0.0,0.0
2030-01-10 10:00:00,1297.0,1644.1,7381.64,0.0,9847.0,389.8737537041525,0.0,0.0,0.0,0.0,0.0,0.0
2030-01-10 11:00:00,1297.0,1644.1,7381.64,0.0,9847.0,0.0,0.0,0.0,0.0,0.0,0.0,0.0
2030-01-10 12:00:00,1297.0,1644.1,7381.64,0.0,9847.0,0.0,0.0,0.0,0.0,0.0,0.0,0.0
2030-01-10 13:00:00,1297.0,1644.1,7381.64,0.0,9137.900483590274,0.0,0.0,0.0,975.619830404889,2070.0,0.0,0.0
2030-01-10 14:00:00,1297.0,1644.1,7381.64,0.0,8947.47369683889,0.0,0.0,0.0,3354.719085288988,2070.0,0.0,0.0
2030-01-10 15:00:00,1297.0,1644.1,7381.64,2688.0192000000015,9847.0,0.0,0.0,0.0,4050.113136348831,2070.0,0.0,0.0
2030-01-10 16:00:00,1297.0,1644.1,7381.64,3199.99,9847.0,1850.0,1227.5036363404947,0.0,5116.369427978032,2070.0,0.0,0.0
2030-01-10 17:00:00,1297.0,1644.1,7381.64,0.0,9847.0,1850.0,1950.0,470.0000000000005,7565.885769719116,2070.0,0.0,0.0
2030-01-10 18:00:00,1297.0,1644.1,7381.64,0.0,9847.0,1850.0,1950.0,394.80000000000047,8530.0,210.3754639083777,0.0,0.0
2030-01-10 19:00:00,1297.0,1644.1,7381.64,0.0,9847.0,1850.0,0.0,0.0,0.0,55.19601310352118,0.0,356.16742867851667
2030-01-10 20:00:00,1297.0,1644.1,7381.64,0.0,9847.0,1850.0,318.3266279055533,0.0,0.0,0.0,0.0,0.0
2030-01-10 21:00:00,1297.0,1644.1,7381.64,0.0,9847.0,1850.0,1950.0,0.0,0.0,0.0,0.0,0.0
2030-01-10 22:00:00,1297.0,1644.1,7381.64,0.0,9847.0,1850.0,1304.1697357539524,0.0,0.0,0.0,0.0,0.0
2030-01-10 23:00:00,1297.0,1644.1,6359.01582358162,0.0,9847.0,0.0,0.0,0.0,0.0,0.0,0.0,0.0
2030-01-11 00:00:00,1297.0,1644.1,786.7476556037509,0.0,9847.0,612.1713569178901,0.0,397.80800000000045,0.0,280.3440064859674,0.0,0.0
2030-01-11 01:00:00,0.0,0.0,0.0,0.0,9847.0,0.0,0.0,0.0,426.63384213941254,0.0,0.0,0.0
2030-01-11 02:00:00,0.0,0.0,0.0,0.0,9847.0,0.0,0.0,0.0,0.0,468.876843602985,0.0,0.0
2030-01-11 03:00:00,0.0,0.0,0.0,0.0,6921.196167708105,0.0,0.0,0.0,752.7996125803461,0.0,0.0,0.0
2030-01-11 04:00:00,0.0,0.0,0.0,0.0,472.0827419561974,0.0,0.0,0.0,1113.6450132861396,0.0,0.0,0.0
2030-01-11 05:00:00,1297.0,1644.1,1057.8226180845813,0.0,4366.632883950922,0.0,0.0,0.0,1081.9635367488268,0.0,0.0,0.0
2030-01-11 06:00:00,1297.0,1644.1,4980.475475894822,1111.4560207135623,9847.0,0.0,1129.6489292416445,0.0,701.1072520943651,0.0,0.0,76.79240973286295
2030-01-11 07:00:00,1297.0,1644.1,4403.161126312494,3199.99,9847.0,1850.0,1950.0,470.0000000000005,0.0,0.0,0.0,484.40759026713704
2030-01-11 08:00:00,1297.0,1644.1,5099.584009148828,0.0,9847.0,1583.3531024015756,0.0,394.80000000000047,0.0,0.0,0.0,0.0
2030-01-11 09:00:00,1297.0,681.7292614320904,0.0,0.0,4944.11050297325,0.0,0.0,0.0,0.0,0.0,0.0,0.0
2030-01-11 10:00:00,0.0,0.0,0.0,0.0,0.0,0.0,0.0,0.0,0.0,0.0,0.0,0.0
2030-01-11 11:00:00,0.0,0.0,0.0,0.0,0.0,0.0,0.0,0.0,0.0,0.0,0.0,0.0
2030-01-11 12:00:00,0.0,0.0,0.0,0.0,0.0,0.0,0.0,0.0,0.0,0.0,0.0,0.0
2030-01-11 13:00:00,1297.0,548.6569455812787,0.0,0.0,0.0,0.0,0.0,0.0,0.0,0.0,0.0,0.0
2030-01-11 14:00:00,1297.0,1644.1,7381.64,0.0,0.0,0.0,0.0,0.0,0.0,0.0,0.0,0.0
2030-01-11 15:00:00,1297.0,1644.1,7381.64,0.0,9847.0,696.9955684902379,0.0,0.0,0.0,0.0,0.0,0.0
2030-01-11 16:00:00,1297.0,1644.1,7381.64,3199.99,9847.0,1850.0,1950.0,470.0000000000005,0.0,278.991126730818,0.0,0.0
2030-01-11 17:00:00,1297.0,1644.1,7381.64,2688.0192000000015,9847.0,1850.0,1950.0,394.80000000000047,3521.0369800640156,0.0,0.0,455.8217603001856
2030-01-11 18:00:00,1297.0,1644.1,7381.64,0.0,9847.0,1850.0,1264.9096386379606,0.0,522.7899351374313,0.0,0.0,0.0
2030-01-11 19:00:00,1297.0,1644.1,7381.64,0.0,9847.0,1850.0,0.0,0.0,156.17789046575035,0.0,0.0,0.0
2030-01-11 20:00:00,1297.0,1644.1,7381.64,0.0,9847.0,1850.0,0.0,0.0,0.0,0.0,0.0,0.0
2030-01-11 21:00:00,113.39025551014231,569.8423646670007,7381.64,0.0,9847.0,1850.0,0.0,0.0,0.0,0.0,0.0,0.0
2030-01-11 22:00:00,158.91207727370784,1644.1,0.0,0.0,9847.0,1850.0,0.0,0.0,0.0,0.0,0.0,0.0
2030-01-11 23:00:00,0.0,0.0,0.0,0.0,9847.0,1850.0,0.0,0.0,0.0,0.0,0.0,0.0
2030-01-12 00:00:00,0.0,0.0,0.0,0.0,9847.0,1850.0,1950.0,470.0000000000005,1296.0350627192292,0.0,0.0,0.0
2030-01-12 01:00:00,0.0,0.0,0.0,0.0,9847.0,1850.0,997.2432128763612,0.0,853.6610928164719,0.0,0.0,0.0
2030-01-12 02:00:00,0.0,0.0,0.0,0.0,9847.0,1850.0,182.14364208237384,394.80000000000047,891.5348003628105,0.0,0.0,0.0
2030-01-12 03:00:00,0.0,0.0,0.0,0.0,9847.0,1850.0,0.0,0.0,1179.8185403379453,0.0,0.0,0.0
2030-01-12 04:00:00,0.0,0.0,0.0,0.0,6723.551226557713,0.0,0.0,0.0,1533.8628455544213,0.0,0.0,0.0
2030-01-12 05:00:00,0.0,0.0,0.0,0.0,9847.0,1850.0,0.0,0.0,1490.9367117224906,0.0,0.0,0.0
2030-01-12 06:00:00,0.0,0.0,0.0,0.0,9847.0,1850.0,1950.0,394.80000000000047,769.7039707255126,0.0,0.0,561.2
2030-01-12 07:00:00,0.0,0.0,0.0,0.0,9847.0,1850.0,1950.0,470.0000000000005,2992.679983217682,0.0,0.0,0.0
2030-01-12 08:00:00,0.0,0.0,0.0,0.0,9847.0,1850.0,1673.5077881950638,0.0,0.0,0.0,0.0,0.0
2030-01-12 09:00:00,0.0,0.0,0.0,0.0,8792.339405371808,0.0,0.0,0.0,0.0,0.0,0.0,0.0
2030-01-12 10:00:00,0.0,0.0,0.0,0.0,2991.4420832432297,0.0,0.0,0.0,0.0,0.0,0.0,0.0
2030-01-12 11:00:00,0.0,0.0,0.0,0.0,0.0,0.0,0.0,0.0,0.0,0.0,0.0,0.0
2030-01-12 12:00:00,0.0,0.0,0.0,0.0,0.0,0.0,0.0,0.0,0.0,0.0,0.0,0.0
2030-01-12 13:00:00,0.0,0.0,0.0,0.0,0.0,0.0,0.0,0.0,0.0,0.0,0.0,0.0
2030-01-12 14:00:00,0.0,0.0,0.0,0.0,0.0,0.0,0.0,0.0,0.0,0.0,0.0,0.0
2030-01-12 15:00:00,0.0,0.0,0.0,0.0,0.0,0.0,0.0,0.0,0.0,0.0,0.0,0.0
2030-01-12 16:00:00,0.0,0.0,0.0,0.0,7149.112062280852,0.0,0.0,0.0,0.0,0.0,0.0,0.0
2030-01-12 17:00:00,0.0,0.0,0.0,0.0,9847.0,0.0,333.2668460420391,394.80000000000047,488.7934983070986,0.0,0.0,0.0
2030-01-12 18:00:00,0.0,0.0,0.0,0.0,9751.799998973962,0.0,0.0,0.0,805.740986596556,0.0,0.0,0.0
2030-01-12 19:00:00,0.0,0.0,0.0,0.0,6412.442533843561,0.0,0.0,0.0,434.4967757726222,0.0,0.0,0.0
2030-01-12 20:00:00,0.0,0.0,0.0,0.0,5147.920814447927,0.0,0.0,0.0,183.74736016681254,0.0,0.0,0.0
2030-01-12 21:00:00,0.0,0.0,0.0,0.0,9472.989046181057,0.0,0.0,0.0,86.15014931096653,0.0,0.0,0.0
2030-01-12 22:00:00,0.0,0.0,0.0,0.0,9847.0,499.95247395310435,1950.0,470.0000000000005,240.7321977782849,0.0,0.0,0.0
2030-01-12 23:00:00,0.0,0.0,0.0,0.0,7106.364467148567,0.0,0.0,0.0,146.139307701171,0.0,0.0,0.0
2030-01-13 00:00:00,0.0,0.0,0.0,0.0,8430.547407163249,0.0,0.0,0.0,508.1563629755642,0.0,0.0,0.0
2030-01-13 01:00:00,0.0,0.0,0.0,0.0,6157.367725371623,0.0,0.0,0.0,544.873676294997,0.0,0.0,0.0
2030-01-13 02:00:00,0.0,0.0,0.0,0.0,4520.19507942054,0.0,0.0,0.0,112.70154837403652,0.0,0.0,360.3485146764151
2030-01-13 03:00:00,0.0,0.0,0.0,0.0,649.5861285859064,0.0,0.0,0.0,0.0,0.0,0.0,200.85148532358494
2030-01-13 04:00:00,0.0,0.0,0.0,0.0,0.0,0.0,0.0,0.0,0.0,0.0,0.0,0.0
2030-01-13 05:00:00,0.0,0.0,0.0,0.0,0.0,0.0,0.0,0.0,0.0,0.0,0.0,0.0
2030-01-13 06:00:00,0.0,0.0,0.0,0.0,0.0,0.0,0.0,0.0,0.0,0.0,0.0,0.0
2030-01-13 07:00:00,0.0,0.0,0.0,0.0,2315.199468861545,0.0,0.0,470.0000000000005,0.0,0.0,0.0,0.0
2030-01-13 08:00:00,0.0,0.0,0.0,0.0,3483.6383013875165,0.0,0.0,325.61600000000044,0.0,0.0,0.0,0.0
2030-01-13 09:00:00,0.0,0.0,0.0,0.0,671.1730618623988,0.0,0.0,0.0,0.0,0.0,0.0,0.0
2030-01-13 10:00:00,0.0,0.0,0.0,0.0,0.0,0.0,0.0,0.0,0.0,0.0,0.0,0.0
2030-01-13 11:00:00,0.0,0.0,0.0,0.0,0.0,0.0,0.0,0.0,0.0,0.0,0.0,0.0
2030-01-13 12:00:00,0.0,0.0,0.0,0.0,0.0,0.0,0.0,0.0,0.0,0.0,0.0,0.0
2030-01-13 13:00:00,0.0,0.0,0.0,0.0,0.0,0.0,0.0,0.0,0.0,0.0,0.0,0.0
2030-01-13 14:00:00,0.0,0.0,0.0,0.0,0.0,0.0,0.0,0.0,0.0,0.0,0.0,0.0
2030-01-13 15:00:00,0.0,0.0,0.0,0.0,0.0,0.0,0.0,0.0,0.0,0.0,0.0,0.0
2030-01-13 16:00:00,0.0,0.0,0.0,0.0,0.0,0.0,0.0,0.0,0.0,0.0,0.0,0.0
2030-01-13 17:00:00,0.0,0.0,0.0,0.0,728.2261400159794,0.0,664.8143277212923,470.0000000000005,407.5213063052497,0.0,0.0,0.0
2030-01-13 18:00:00,0.0,0.0,0.0,0.0,0.0,0.0,259.8249577720926,394.80000000000047,750.8317953714063,0.0,0.0,0.0
2030-01-13 19:00:00,0.0,0.0,0.0,0.0,0.0,0.0,0.0,0.0,373.19298783985596,0.0,0.0,0.0
2030-01-13 20:00:00,0.0,0.0,0.0,0.0,0.0,0.0,0.0,0.0,114.06764634476212,0.0,0.0,0.0
2030-01-13 21:00:00,0.0,0.0,0.0,0.0,0.0,0.0,0.0,0.0,161.8673633455155,0.0,0.0,0.0
2030-01-13 22:00:00,0.0,0.0,0.0,0.0,0.0,0.0,556.403536994113,360.68888099553357,327.671464015511,0.0,0.0,0.0
2030-01-13 23:00:00,0.0,0.0,0.0,1100.1036564524838,0.0,0.0,0.0,434.9271190044674,216.54885613094825,0.0,0.0,0.0
2030-01-14 00:00:00,0.0,0.0,0.0,0.0,0.0,0.0,1851.0345947973256,0.0,1847.5265181090776,0.0,0.0,0.0
2030-01-14 01:00:00,0.0,0.0,0.0,0.0,0.0,0.0,66.24779748471337,0.0,1965.2887368838842,0.0,0.0,0.0
2030-01-14 02:00:00,0.0,0.0,0.0,0.0,0.0,0.0,0.0,0.0,1985.326518310745,0.0,0.0,0.0
2030-01-14 03:00:00,0.0,0.0,0.0,0.0,0.0,0.0,0.0,0.0,2160.467696326541,0.0,0.0,0.0
2030-01-14 04:00:00,0.0,0.0,0.0,0.0,0.0,0.0,0.0,0.0,2115.8353946682364,0.0,0.0,0.0
2030-01-14 05:00:00,0.0,0.0,0.0,0.0,0.0,0.0,0.0,0.0,1501.8840622029102,0.0,0.0,0.0
2030-01-14 06:00:00,0.0,0.0,0.0,0.0,0.0,0.0,0.0,0.0,181.20818035266097,0.0,0.0,561.2
2030-01-14 07:00:00,0.0,0.0,0.0,0.0,0.0,0.0,0.0,0.0,346.12632201470547,0.0,0.0,0.0
2030-01-14 08:00:00,0.0,0.0,0.0,1754.2407709178963,0.0,0.0,0.0,470.0000000000005,0.0,0.0,0.0,0.0
2030-01-14 09:00:00,0.0,0.0,0.0,0.0,0.0,0.0,0.0,0.0,0.0,0.0,0.0,0.0
2030-01-14 10:00:00,0.0,0.0,0.0,29.685545293056933,0.0,0.0,0.0,0.0,0.0,0.0,0.0,0.0
2030-01-14 11:00:00,0.0,0.0,0.0,0.0,0.0,0.0,0.0,0.0,0.0,0.0,0.0,0.0
2030-01-14 12:00:00,0.0,0.0,0.0,0.0,0.0,0.0,0.0,0.0,0.0,0.0,0.0,0.0
2030-01-14 13:00:00,0.0,0.0,0.0,0.0,0.0,0.0,0.0,0.0,0.0,0.0,0.0,0.0
2030-01-14 14:00:00,37.11294477475196,118.52418294284551,0.0,0.0,0.0,0.0,0.0,0.0,0.0,0.0,0.0,0.0
2030-01-14 15:00:00,1297.0,118.52418294284551,0.0,0.0,0.0,0.0,0.0,0.0,0.0,0.0,0.0,0.0
2030-01-14 16:00:00,1297.0,1644.1,0.0,0.0,9654.514064807867,0.0,0.0,0.0,2952.91660486851,0.0,0.0,0.0
2030-01-14 17:00:00,1297.0,1644.1,0.0,0.0,9847.0,683.6764121012535,696.4804455661687,470.0000000000005,7622.875438783034,0.0,0.0,0.0
2030-01-14 18:00:00,1297.0,1644.1,0.0,0.0,9847.0,1235.4846340594959,0.0,325.61600000000044,8530.0,657.2332121572549,0.0,0.0
2030-01-14 19:00:00,1297.0,1644.1,0.0,0.0,9847.0,0.0,0.0,0.0,8530.0,469.4366853135157,0.0,0.0
2030-01-14 20:00:00,1297.0,1644.1,0.0,0.0,9847.0,0.0,0.0,0.0,8530.0,327.7167941849218,0.0,0.0
2030-01-14 21:00:00,1297.0,1644.1,0.0,0.0,9847.0,0.0,0.0,0.0,8530.0,358.62960937224034,0.0,0.0
2030-01-14 22:00:00,1297.0,1644.1,0.0,0.0,9847.0,0.0,0.0,0.0,8530.0,2070.0,0.0,0.0
2030-01-14 23:00:00,1297.0,1644.1,0.0,0.0,9847.0,0.0,0.0,470.0000000000005,8530.0,2070.0,0.0,0.0
2030-01-15 00:00:00,1297.0,1644.1,7381.64,0.0,9847.0,0.0,0.0,0.0,8530.0,2070.0,0.0,0.0
2030-01-15 01:00:00,1297.0,1644.1,7381.64,0.0,9847.0,1850.0,0.0,394.80000000000047,8530.0,2070.0,2290.0,0.0
2030-01-15 02:00:00,1297.0,1644.1,7381.64,0.0,9847.0,0.0,0.0,0.0,8530.0,2070.0,0.0,0.0
2030-01-15 03:00:00,1297.0,1644.1,7381.64,0.0,9847.0,0.0,0.0,0.0,8530.0,2070.0,0.0,0.0
2030-01-15 04:00:00,1297.0,1644.1,7381.64,0.0,9847.0,0.0,0.0,0.0,8530.0,2070.0,0.0,0.0
2030-01-15 05:00:00,1297.0,1644.1,7381.64,0.0,9847.0,1850.0,1889.5078054657706,0.0,8530.0,2070.0,2290.0,0.0
2030-01-15 06:00:00,1297.0,1644.1,7381.64,0.0,9847.0,1850.0,1950.0,0.0,8530.0,2070.0,0.0,0.0
2030-01-15 07:00:00,1297.0,1644.1,7381.64,2688.0192000000015,9847.0,1850.0,1950.0,0.0,8530.0,2070.0,0.0,0.0
2030-01-15 08:00:00,1297.0,1644.1,7381.64,3199.99,9847.0,1850.0,1590.2671945342302,0.0,8530.0,2070.0,0.0,0.0
2030-01-15 09:00:00,1297.0,1644.1,7381.64,0.0,9847.0,0.0,0.0,0.0,8530.0,1399.1945222581217,0.0,0.0
2030-01-15 10:00:00,1297.0,1644.1,7381.64,0.0,9847.0,0.0,0.0,0.0,4844.050284519821,0.0,0.0,0.0
2030-01-15 11:00:00,1297.0,1644.1,7381.64,0.0,9847.0,0.0,0.0,0.0,3383.895759342624,0.0,0.0,0.0
2030-01-15 12:00:00,1297.0,1644.1,7381.64,0.0,8731.36801498261,0.0,0.0,0.0,2799.5079905078965,0.0,0.0,0.0
2030-01-15 13:00:00,1297.0,1644.1,7381.64,0.0,8716.321098298737,0.0,0.0,0.0,3158.0345171268873,0.0,0.0,0.0
2030-01-15 14:00:00,1297.0,1644.1,7381.64,0.0,9847.0,0.0,0.0,0.0,4303.301922677047,0.0,0.0,0.0
2030-01-15 15:00:00,1297.0,1644.1,7381.64,3199.99,9847.0,0.0,0.0,0.0,7215.157535241366,0.0,0.0,0.0
2030-01-15 16:00:00,1297.0,1644.1,7381.64,0.0,9847.0,1850.0,0.0,0.0,8530.0,2070.0,2290.0,0.0
2030-01-15 17:00:00,1297.0,1644.1,7381.64,0.0,9847.0,1850.0,53.81999999999918,0.0,8530.0,2070.0,2290.0,0.0
2030-01-15 18:00:00,1297.0,1644.1,7381.64,0.0,9847.0,1850.0,1950.0,0.0,8530.0,2070.0,1807.7405698052607,0.0
2030-01-15 19:00:00,1297.0,1644.1,7381.64,0.0,9847.0,1850.0,0.0,0.0,8530.0,2070.0,0.0,0.0
2030-01-15 20:00:00,1297.0,1644.1,7381.64,2688.0192000000015,9847.0,0.0,0.0,394.80000000000047,8530.0,2070.0,995.3134905349198,0.0
2030-01-15 21:00:00,1297.0,1644.1,7381.64,0.0,9847.0,1850.0,0.0,0.0,8530.0,2070.0,2290.0,0.0
2030-01-15 22:00:00,1297.0,1644.1,7381.64,0.0,9847.0,1850.0,0.0,0.0,8530.0,2070.0,2290.0,0.0
2030-01-15 23:00:00,1297.0,1644.1,7381.64,0.0,9847.0,1850.0,1950.0,0.0,8530.0,2070.0,2290.0,0.0
2030-01-16 00:00:00,1297.0,1644.1,7381.64,0.0,9847.0,1850.0,0.0,0.0,8530.0,2070.0,2290.0,0.0
2030-01-16 01:00:00,1297.0,1644.1,7381.64,0.0,9847.0,0.0,0.0,0.0,8530.0,2070.0,2290.0,0.0
2030-01-16 02:00:00,1297.0,1644.1,7381.64,0.0,9847.0,0.0,0.0,0.0,8530.0,2070.0,2290.0,0.0
2030-01-16 03:00:00,1297.0,1644.1,7381.64,0.0,9847.0,45.487547748920626,0.0,0.0,8530.0,2070.0,0.0,0.0
2030-01-16 04:00:00,1297.0,1644.1,7381.64,0.0,9847.0,0.0,0.0,0.0,8530.0,2070.0,1686.146900283893,0.0
2030-01-16 05:00:00,1297.0,1644.1,7381.64,2625.331873165798,9847.0,1850.0,0.0,470.0000000000005,8530.0,2070.0,2290.0,0.0
2030-01-16 06:00:00,1297.0,1644.1,7381.64,0.0,9847.0,1850.0,0.0,0.0,8530.0,2070.0,2290.0,0.0
2030-01-16 07:00:00,1297.0,1644.1,7381.64,0.0,9847.0,1850.0,1950.0,0.0,8530.0,2070.0,2290.0,0.0
2030-01-16 08:00:00,1297.0,1644.1,7381.64,0.0,9847.0,1850.0,0.0,0.0,8530.0,2070.0,0.0,0.0
2030-01-16 09:00:00,1297.0,1644.1,7381.64,0.0,9847.0,0.0,0.0,0.0,8530.0,2070.0,0.0,0.0
2030-01-16 10:00:00,1297.0,1644.1,7381.64,0.0,9847.0,0.0,0.0,0.0,5854.872459653281,0.0,0.0,0.0
2030-01-16 11:00:00,1297.0,1644.1,7381.64,0.0,9847.0,0.0,0.0,0.0,3178.9177539232323,0.0,0.0,0.0
2030-01-16 12:00:00,1297.0,1644.1,7381.64,0.0,9847.0,0.0,0.0,0.0,2902.0986463992795,0.0,0.0,0.0
2030-01-16 13:00:00,1297.0,1644.1,7381.64,0.0,9847.0,0.0,0.0,0.0,3331.844900419079,0.0,0.0,0.0
2030-01-16 14:00:00,1297.0,1644.1,7381.64,0.0,9847.0,0.0,0.0,0.0,4462.336116352049,0.0,0.0,0.0
2030-01-16 15:00:00,1297.0,1644.1,7381.64,0.0,9847.0,0.0,0.0,0.0,8530.0,0.0,0.0,0.0
2030-01-16 16:00:00,1297.0,1644.1,7381.64,3199.99,9847.0,1850.0,0.0,0.0,8530.0,1340.2037307807877,2290.0,0.0
2030-01-16 17:00:00,1297.0,1644.1,7381.64,0.0,9847.0,1850.0,465.6246522127444,470.0000000000005,8530.0,2070.0,2290.0,561.2
2030-01-16 18:00:00,1297.0,1644.1,7381.64,2688.0192000000015,9847.0,1850.0,0.0,258.57701129012503,8530.0,2070.0,2290.0,0.0
2030-01-16 19:00:00,1297.0,1644.1,7381.64,0.0,9847.0,1850.0,0.0,0.0,8530.0,0.0,2290.0,0.0
2030-01-16 20:00:00,1297.0,1644.1,6327.145185710564,0.0,9847.0,0.0,0.0,0.0,8530.0,0.0,2290.0,0.0
2030-01-16 21:00:00,1297.0,1644.1,7381.64,0.0,9847.0,1850.0,0.0,0.0,8530.0,0.0,2290.0,0.0
2030-01-16 22:00:00,1297.0,1644.1,0.0,0.0,9847.0,1850.0,0.0,0.0,8530.0,0.0,2290.0,0.0
2030-01-16 23:00:00,1297.0,1644.1,7381.64,0.0,9847.0,1850.0,0.0,0.0,8530.0,0.0,0.0,0.0
2030-01-17 00:00:00,1297.0,1644.1,0.0,0.0,9847.0,1850.0,0.0,0.0,8530.0,0.0,0.0,0.0
2030-01-17 01:00:00,1297.0,1644.1,7381.64,0.0,9847.0,1850.0,0.0,0.0,8530.0,0.0,0.0,0.0
2030-01-17 02:00:00,1297.0,1644.1,2545.7599894096043,0.0,9847.0,1850.0,0.0,0.0,8530.0,0.0,2290.0,0.0
2030-01-17 03:00:00,1297.0,1644.1,7381.64,0.0,9847.0,1850.0,0.0,0.0,8530.0,0.0,0.0,0.0
2030-01-17 04:00:00,1297.0,1644.1,262.79125354366715,0.0,9847.0,0.0,0.0,0.0,8530.0,0.0,2290.0,0.0
2030-01-17 05:00:00,1297.0,1644.1,7381.64,0.0,9847.0,1850.0,1950.0,0.0,8530.0,2070.0,2290.0,0.0
2030-01-17 06:00:00,1297.0,1644.1,7381.64,0.0,9847.0,1850.0,1950.0,0.0,8530.0,2070.0,2290.0,561.2
2030-01-17 07:00:00,1297.0,1644.1,7381.64,2688.0192000000015,9847.0,1850.0,1950.0,394.80000000000047,8530.0,2070.0,2290.0,0.0
2030-01-17 08:00:00,1297.0,1644.1,7381.64,3199.99,9847.0,1850.0,1950.0,470.0000000000005,8530.0,1454.4659759075403,2290.0,0.0
2030-01-17 09:00:00,1297.0,1644.1,7381.64,0.0,9847.0,1850.0,0.0,0.0,8530.0,0.0,1840.479039375995,0.0
2030-01-17 10:00:00,1297.0,1644.1,7381.64,0.0,9847.0,0.0,0.0,0.0,8530.0,0.0,0.0,0.0
2030-01-17 11:00:00,1297.0,1644.1,0.0,0.0,9847.0,1850.0,0.0,0.0,8255.345486122395,0.0,0.0,0.0
2030-01-17 12:00:00,1297.0,1644.1,7381.64,0.0,9847.0,0.0,0.0,0.0,8364.312197536958,0.0,0.0,0.0
2030-01-17 13:00:00,1297.0,1644.1,7381.64,0.0,9847.0,0.0,0.0,0.0,7924.654787089385,0.0,0.0,0.0
2030-01-17 14:00:00,1297.0,1644.1,7381.64,0.0,9847.0,0.0,0.0,0.0,8530.0,0.0,0.0,0.0
2030-01-17 15:00:00,1297.0,1644.1,7381.64,0.0,9847.0,0.0,0.0,0.0,8530.0,0.0,0.0,0.0
2030-01-17 16:00:00,1297.0,1644.1,7381.64,0.0,9847.0,1850.0,1950.0,394.80000000000047,8530.0,1780.0156321700333,2290.0,0.0
2030-01-17 17:00:00,1297.0,1644.1,7381.64,2853.110839421047,9847.0,1850.0,1950.0,470.0000000000005,8530.0,2070.0,2290.0,327.83577430886635
2030-01-17 18:00:00,1297.0,1644.1,7381.64,0.0,9847.0,1850.0,1950.0,0.0,8530.0,2070.0,2290.0,233.36422569113367
2030-01-17 19:00:00,1297.0,1644.1,7381.64,0.0,9847.0,1850.0,1625.6192277580617,0.0,8530.0,2070.0,2290.0,0.0
2030-01-17 20:00:00,1297.0,1644.1,7381.64,3034.8983605789545,9847.0,1850.0,0.0,0.0,8530.0,2070.0,2290.0,0.0
2030-01-17 21:00:00,1297.0,1644.1,7381.64,0.0,9847.0,1850.0,1224.380772241938,60.97204952123398,8530.0,2070.0,2290.0,171.30276273638947
2030-01-17 22:00:00,1297.0,1644.1,7381.64,0.0,9847.0,1850.0,0.0,0.0,8530.0,19.953952826941,2290.0,0.0
2030-01-17 23:00:00,1297.0,1644.1,7381.64,0.0,9847.0,1850.0,0.0,0.0,8530.0,0.0,0.0,0.0
2030-01-18 00:00:00,1297.0,1644.1,0.0,0.0,9847.0,1850.0,0.0,0.0,8530.0,39.907905653882,2290.0,0.0
2030-01-18 01:00:00,1297.0,1644.1,7381.64,0.0,9847.0,1850.0,0.0,0.0,8530.0,0.0,2290.0,0.0
2030-01-18 02:00:00,1297.0,1644.1,7381.64,0.0,9847.0,1850.0,0.0,0.0,8530.0,39.907905653882,2290.0,0.0
2030-01-18 03:00:00,1297.0,1644.1,7381.64,0.0,9847.0,0.0,0.0,0.0,8530.0,19.953952826941,2290.0,0.0
2030-01-18 04:00:00,1297.0,1644.1,7381.64,0.0,9847.0,0.0,0.0,0.0,8530.0,0.0,2290.0,0.0
2030-01-18 05:00:00,1297.0,1644.1,7381.64,0.0,9847.0,0.0,0.0,0.0,8530.0,0.0,0.0,0.0
2030-01-18 06:00:00,1297.0,1644.1,7381.64,0.0,9847.0,1850.0,0.0,0.0,8530.0,59.861858480822995,2290.0,0.0
2030-01-18 07:00:00,1297.0,1644.1,7381.64,0.0,9847.0,1850.0,0.0,0.0,8530.0,19.953952826941,0.0,0.0
2030-01-18 08:00:00,1297.0,1644.1,0.0,0.0,9847.0,1850.0,0.0,0.0,8530.0,19.953952826941,0.0,0.0
2030-01-18 09:00:00,1297.0,0.0,0.0,0.0,9847.0,0.0,0.0,0.0,0.0,0.0,0.0,0.0
2030-01-18 10:00:00,1297.0,0.0,0.0,0.0,9847.0,0.0,0.0,0.0,0.0,0.0,0.0,0.0
2030-01-18 11:00:00,0.0,0.0,0.0,0.0,8726.256638877647,0.0,0.0,0.0,0.0,0.0,0.0,0.0
2030-01-18 12:00:00,0.0,0.0,0.0,0.0,5505.44780278972,0.0,0.0,0.0,0.0,0.0,0.0,0.0
2030-01-18 13:00:00,0.0,0.0,0.0,0.0,4738.03122288367,0.0,0.0,0.0,0.0,0.0,0.0,0.0
2030-01-18 14:00:00,0.0,0.0,0.0,0.0,5563.871117510011,0.0,0.0,0.0,0.0,0.0,0.0,0.0
2030-01-18 15:00:00,1205.9391740845595,0.0,0.0,0.0,9847.0,51.06000000000014,702.165595784966,0.0,0.0,0.0,0.0,0.0
2030-01-18 16:00:00,1297.0,0.0,0.0,2688.0192000000015,9847.0,1850.0,1950.0,394.80000000000047,0.0,0.0,0.0,0.0
2030-01-18 17:00:00,1297.0,0.0,0.0,3199.99,9847.0,1850.0,1950.0,470.0000000000005,0.0,389.10418544418576,0.0,0.0
2030-01-18 18:00:00,0.0,0.0,0.0,0.0,9847.0,1850.0,1301.6544042150344,0.0,695.9674257388252,0.0,0.0,71.7389633325437
2030-01-18 19:00:00,0.0,0.0,0.0,0.0,9683.095154262579,0.0,0.0,0.0,0.0,411.3458343084901,0.0,0.0
2030-01-18 20:00:00,0.0,0.0,0.0,0.0,6236.396195541231,0.0,0.0,0.0,0.0,0.0,0.0,119.40544726305279
2030-01-18 21:00:00,0.0,0.0,0.0,0.0,9003.57254623549,0.0,0.0,0.0,0.0,0.0,0.0,43.871326368249356
2030-01-18 22:00:00,0.0,0.0,0.0,0.0,9540.244437817935,0.0,0.0,0.0,0.0,0.0,0.0,204.93536710350963
2030-01-18 23:00:00,0.0,0.0,0.0,0.0,8293.604355089075,0.0,0.0,0.0,0.0,0.0,0.0,121.24889593264447
2030-01-19 00:00:00,0.0,0.0,0.0,0.0,9847.0,552.8854056163254,0.0,470.0000000000005,0.0,0.0,0.0,0.0
2030-01-19 01:00:00,0.0,0.0,0.0,0.0,8199.385124318127,0.0,0.0,0.0,0.0,0.0,0.0,0.0
2030-01-19 02:00:00,0.0,0.0,0.0,0.0,6648.099019410889,0.0,0.0,0.0,0.0,0.0,0.0,0.0
2030-01-19 03:00:00,0.0,0.0,0.0,0.0,748.5008095889498,0.0,0.0,0.0,0.0,0.0,0.0,0.0
2030-01-19 04:00:00,0.0,0.0,0.0,0.0,0.0,0.0,0.0,0.0,0.0,0.0,0.0,0.0
2030-01-19 05:00:00,0.0,0.0,0.0,0.0,0.0,0.0,0.0,0.0,0.0,0.0,0.0,0.0
2030-01-19 06:00:00,0.0,0.0,0.0,0.0,7327.859513110467,0.0,0.0,0.0,0.0,0.0,0.0,0.0
2030-01-19 07:00:00,0.0,0.0,0.0,1087.6744974359171,9847.0,0.0,0.0,325.61600000000044,0.0,0.0,0.0,0.0
2030-01-19 08:00:00,0.0,0.0,0.0,0.0,7041.164139085478,497.44790914158506,0.0,0.0,0.0,0.0,0.0,0.0
2030-01-19 09:00:00,0.0,0.0,0.0,2188.1422120032003,0.0,0.0,0.0,470.0000000000005,0.0,0.0,0.0,0.0
2030-01-19 10:00:00,0.0,0.0,0.0,2612.192490560884,0.0,902.817090858415,1140.9169163003592,0.0,0.0,0.0,0.0,0.0
2030-01-19 11:00:00,0.0,0.0,0.0,0.0,0.0,0.0,335.038083699641,0.0,0.0,0.0,0.0,0.0
2030-01-19 12:00:00,0.0,0.0,0.0,0.0,0.0,0.0,0.0,0.0,0.0,0.0,0.0,0.0
2030-01-19 13:00:00,0.0,0.0,0.0,0.0,0.0,0.0,0.0,0.0,0.0,0.0,0.0,0.0
2030-01-19 14:00:00,0.0,0.0,0.0,0.0,0.0,0.0,0.0,0.0,0.0,0.0,0.0,0.0
2030-01-19 15:00:00,0.0,0.0,0.0,0.0,0.0,0.0,0.0,0.0,0.0,0.0,0.0,0.0
2030-01-19 16:00:00,0.0,0.0,0.0,0.0,0.0,0.0,0.0,0.0,0.0,0.0,0.0,0.0
2030-01-19 17:00:00,0.0,0.0,0.0,0.0,0.0,0.0,0.0,0.0,0.0,0.0,0.0,0.0
2030-01-19 18:00:00,0.0,0.0,0.0,0.0,0.0,0.0,0.0,0.0,0.0,0.0,0.0,0.0
2030-01-19 19:00:00,0.0,0.0,0.0,0.0,0.0,0.0,0.0,0.0,0.0,0.0,0.0,0.0
2030-01-19 20:00:00,0.0,0.0,0.0,0.0,0.0,0.0,0.0,0.0,0.0,0.0,0.0,0.0
2030-01-19 21:00:00,0.0,0.0,0.0,0.0,0.0,0.0,0.0,0.0,0.0,0.0,0.0,0.0
2030-01-19 22:00:00,0.0,0.0,0.0,0.0,0.0,0.0,0.0,0.0,0.0,0.0,0.0,0.0
2030-01-19 23:00:00,0.0,0.0,0.0,0.0,0.0,0.0,0.0,0.0,0.0,0.0,0.0,0.0
2030-01-20 00:00:00,0.0,0.0,0.0,0.0,0.0,0.0,0.0,0.0,0.0,0.0,0.0,0.0
2030-01-20 01:00:00,0.0,0.0,0.0,0.0,0.0,0.0,0.0,0.0,0.0,0.0,0.0,0.0
2030-01-20 02:00:00,0.0,0.0,0.0,0.0,0.0,0.0,0.0,0.0,0.0,0.0,0.0,0.0
2030-01-20 03:00:00,0.0,0.0,0.0,0.0,0.0,0.0,0.0,0.0,0.0,0.0,0.0,0.0
2030-01-20 04:00:00,0.0,0.0,0.0,0.0,0.0,0.0,0.0,0.0,0.0,0.0,0.0,0.0
2030-01-20 05:00:00,0.0,0.0,0.0,0.0,0.0,0.0,0.0,0.0,0.0,0.0,0.0,0.0
2030-01-20 06:00:00,0.0,0.0,0.0,0.0,0.0,0.0,0.0,0.0,0.0,0.0,0.0,0.0
2030-01-20 07:00:00,0.0,0.0,0.0,0.0,0.0,0.0,0.0,0.0,0.0,0.0,0.0,0.0
2030-01-20 08:00:00,0.0,0.0,0.0,0.0,0.0,0.0,0.0,0.0,0.0,0.0,0.0,0.0
2030-01-20 09:00:00,0.0,0.0,0.0,0.0,0.0,0.0,0.0,0.0,0.0,0.0,0.0,0.0
2030-01-20 10:00:00,0.0,0.0,0.0,0.0,0.0,0.0,0.0,0.0,0.0,0.0,0.0,0.0
2030-01-20 11:00:00,0.0,0.0,0.0,0.0,0.0,0.0,0.0,0.0,0.0,0.0,0.0,0.0
2030-01-20 12:00:00,0.0,0.0,0.0,0.0,0.0,0.0,0.0,0.0,0.0,0.0,0.0,0.0
2030-01-20 13:00:00,0.0,0.0,0.0,0.0,0.0,0.0,0.0,0.0,0.0,0.0,0.0,0.0
2030-01-20 14:00:00,0.0,0.0,0.0,0.0,0.0,0.0,0.0,0.0,0.0,0.0,0.0,0.0
2030-01-20 15:00:00,0.0,0.0,0.0,0.0,0.0,0.0,0.0,0.0,0.0,0.0,0.0,0.0
2030-01-20 16:00:00,0.0,0.0,0.0,0.0,0.0,0.0,0.0,0.0,0.0,0.0,0.0,0.0
2030-01-20 17:00:00,1297.0,0.0,0.0,921.7476220951212,0.0,0.0,0.0,0.0,0.0,0.0,0.0,0.0
2030-01-20 18:00:00,1297.0,0.0,0.0,907.7887332933013,0.0,0.0,0.0,0.0,0.0,0.0,0.0,0.0
2030-01-20 19:00:00,792.7599155729986,0.0,0.0,0.0,0.0,0.0,0.0,0.0,0.0,0.0,0.0,0.0
2030-01-20 20:00:00,0.0,0.0,0.0,0.0,0.0,0.0,0.0,0.0,0.0,0.0,0.0,0.0
2030-01-20 21:00:00,0.0,0.0,0.0,0.0,0.0,0.0,0.0,0.0,0.0,0.0,0.0,0.0
2030-01-20 22:00:00,365.3846158668821,0.0,0.0,3199.99,0.0,0.0,0.0,0.0,0.0,0.0,0.0,0.0
2030-01-20 23:00:00,0.0,0.0,0.0,858.4828446115789,0.0,0.0,0.0,0.0,0.0,0.0,0.0,0.0
2030-01-21 00:00:00,0.0,0.0,0.0,0.0,0.0,0.0,0.0,0.0,0.0,0.0,0.0,0.0
2030-01-21 01:00:00,0.0,0.0,0.0,0.0,0.0,0.0,0.0,0.0,0.0,0.0,0.0,0.0
2030-01-21 02:00:00,0.0,0.0,0.0,0.0,0.0,0.0,0.0,0.0,0.0,0.0,0.0,0.0
2030-01-21 03:00:00,0.0,0.0,0.0,0.0,0.0,0.0,0.0,0.0,0.0,0.0,0.0,0.0
2030-01-21 04:00:00,0.0,0.0,0.0,0.0,0.0,0.0,0.0,0.0,0.0,0.0,0.0,0.0
2030-01-21 05:00:00,0.0,0.0,0.0,0.0,0.0,0.0,0.0,0.0,0.0,0.0,0.0,0.0
2030-01-21 06:00:00,0.0,0.0,0.0,0.0,0.0,0.0,0.0,0.0,0.0,0.0,0.0,0.0
2030-01-21 07:00:00,0.0,0.0,0.0,0.0,0.0,0.0,0.0,0.0,0.0,0.0,0.0,0.0
2030-01-21 08:00:00,0.0,0.0,0.0,0.0,0.0,0.0,0.0,0.0,0.0,0.0,0.0,0.0
2030-01-21 09:00:00,0.0,0.0,0.0,0.0,0.0,0.0,0.0,0.0,0.0,0.0,0.0,0.0
2030-01-21 10:00:00,0.0,0.0,0.0,0.0,0.0,0.0,0.0,0.0,0.0,0.0,0.0,0.0
2030-01-21 11:00:00,0.0,0.0,0.0,0.0,0.0,0.0,0.0,0.0,0.0,0.0,0.0,0.0
2030-01-21 12:00:00,0.0,0.0,0.0,0.0,0.0,0.0,0.0,0.0,0.0,0.0,0.0,0.0
2030-01-21 13:00:00,0.0,0.0,0.0,0.0,0.0,0.0,0.0,0.0,0.0,0.0,0.0,0.0
2030-01-21 14:00:00,0.0,0.0,0.0,0.0,0.0,0.0,0.0,0.0,0.0,0.0,0.0,0.0
2030-01-21 15:00:00,0.0,0.0,0.0,0.0,0.0,0.0,0.0,0.0,0.0,0.0,0.0,0.0
2030-01-21 16:00:00,0.0,0.0,0.0,0.0,0.0,0.0,0.0,0.0,0.0,0.0,0.0,0.0
2030-01-21 17:00:00,0.0,0.0,0.0,0.0,0.0,0.0,0.0,0.0,0.0,0.0,0.0,0.0
2030-01-21 18:00:00,0.0,0.0,0.0,0.0,0.0,0.0,0.0,0.0,0.0,0.0,0.0,0.0
2030-01-21 19:00:00,0.0,0.0,0.0,0.0,0.0,0.0,0.0,0.0,0.0,0.0,0.0,0.0
2030-01-21 20:00:00,0.0,0.0,0.0,0.0,0.0,0.0,0.0,0.0,0.0,0.0,0.0,0.0
2030-01-21 21:00:00,0.0,0.0,0.0,0.0,0.0,0.0,0.0,0.0,0.0,0.0,0.0,0.0
2030-01-21 22:00:00,0.0,0.0,0.0,0.0,0.0,0.0,0.0,0.0,0.0,0.0,0.0,0.0
2030-01-21 23:00:00,0.0,0.0,0.0,0.0,0.0,0.0,0.0,0.0,0.0,0.0,0.0,0.0
2030-01-22 00:00:00,0.0,0.0,0.0,0.0,0.0,0.0,0.0,0.0,0.0,0.0,0.0,0.0
2030-01-22 01:00:00,0.0,0.0,0.0,0.0,0.0,0.0,0.0,0.0,0.0,0.0,0.0,0.0
2030-01-22 02:00:00,0.0,0.0,0.0,0.0,0.0,0.0,0.0,0.0,0.0,0.0,0.0,0.0
2030-01-22 03:00:00,0.0,0.0,0.0,0.0,0.0,0.0,0.0,0.0,0.0,0.0,0.0,0.0
2030-01-22 04:00:00,0.0,0.0,0.0,0.0,0.0,0.0,0.0,0.0,0.0,0.0,0.0,0.0
2030-01-22 05:00:00,0.0,0.0,0.0,0.0,0.0,0.0,0.0,0.0,0.0,0.0,0.0,0.0
2030-01-22 06:00:00,0.0,0.0,0.0,0.0,0.0,0.0,0.0,0.0,0.0,0.0,0.0,0.0
2030-01-22 07:00:00,0.0,0.0,0.0,0.0,0.0,0.0,0.0,0.0,0.0,0.0,0.0,0.0
2030-01-22 08:00:00,0.0,0.0,0.0,0.0,0.0,0.0,0.0,0.0,0.0,0.0,0.0,0.0
2030-01-22 09:00:00,0.0,0.0,0.0,0.0,0.0,0.0,0.0,0.0,0.0,0.0,0.0,0.0
2030-01-22 10:00:00,0.0,0.0,0.0,2708.4715360000005,0.0,0.0,0.0,0.0,0.0,0.0,0.0,0.0
2030-01-22 11:00:00,0.0,0.0,0.0,0.0,0.0,0.0,0.0,0.0,0.0,0.0,0.0,0.0
2030-01-22 12:00:00,0.0,0.0,0.0,0.0,0.0,0.0,0.0,0.0,0.0,0.0,0.0,0.0
2030-01-22 13:00:00,0.0,0.0,0.0,0.0,0.0,0.0,0.0,0.0,0.0,0.0,0.0,0.0
2030-01-22 14:00:00,0.0,0.0,0.0,0.0,0.0,0.0,0.0,0.0,0.0,0.0,0.0,0.0
2030-01-22 15:00:00,0.0,0.0,0.0,886.9999221808314,0.0,0.0,0.0,0.0,0.0,0.0,0.0,0.0
2030-01-22 16:00:00,0.0,0.0,0.0,3199.99,0.0,0.0,0.0,0.0,0.0,0.0,0.0,0.0
2030-01-22 17:00:00,0.0,0.0,0.0,1801.0192778191704,1859.2184891813158,0.0,0.0,394.80000000000047,0.0,0.0,0.0,0.0
2030-01-22 18:00:00,0.0,0.0,0.0,0.0,2102.376100265872,0.0,0.0,470.0000000000005,0.0,0.0,0.0,0.0
2030-01-22 19:00:00,0.0,0.0,0.0,0.0,0.0,0.0,0.0,0.0,0.0,0.0,0.0,0.0
2030-01-22 20:00:00,0.0,0.0,0.0,0.0,0.0,0.0,0.0,0.0,0.0,0.0,0.0,0.0
2030-01-22 21:00:00,0.0,0.0,0.0,0.0,0.0,0.0,0.0,0.0,0.0,0.0,0.0,0.0
2030-01-22 22:00:00,0.0,0.0,0.0,0.0,0.0,0.0,0.0,0.0,0.0,0.0,0.0,0.0
2030-01-22 23:00:00,0.0,0.0,0.0,0.0,0.0,0.0,0.0,0.0,0.0,0.0,0.0,0.0
2030-01-23 00:00:00,0.0,0.0,0.0,0.0,1875.0111743179732,0.0,0.0,0.0,0.0,0.0,0.0,0.0
2030-01-23 01:00:00,0.0,0.0,0.0,0.0,2175.62261240268,0.0,0.0,0.0,0.0,0.0,0.0,0.0
2030-01-23 02:00:00,0.0,0.0,0.0,0.0,8232.772488485352,0.0,0.0,0.0,0.0,0.0,0.0,0.0
2030-01-23 03:00:00,0.0,0.0,0.0,0.0,5565.965850195862,0.0,0.0,0.0,0.0,0.0,0.0,0.0
2030-01-23 04:00:00,0.0,0.0,0.0,0.0,163.45159520837478,0.0,0.0,0.0,0.0,0.0,0.0,0.0
2030-01-23 05:00:00,230.23808884015688,126.32731231515938,0.0,0.0,6662.880099993985,0.0,0.0,0.0,48.45795710360608,19.907931811737072,0.0,0.0
2030-01-23 06:00:00,1297.0,1644.1,0.0,0.0,9847.0,1850.0,1388.7327557225071,0.0,4855.381209868752,199.07931811737072,0.0,0.0
2030-01-23 07:00:00,1297.0,0.0,0.0,743.8765570886325,9847.0,1850.0,1950.0,470.0000000000005,4780.546998558756,0.0,0.0,0.0
2030-01-23 08:00:00,1297.0,0.0,0.0,0.0,9847.0,1850.0,1950.0,394.80000000000047,4276.6080751475165,0.0,0.0,0.0
2030-01-23 09:00:00,1297.0,1387.7554955638393,0.0,0.0,9847.0,263.1593928576767,0.0,0.0,3101.9177226348565,0.0,0.0,0.0
2030-01-23 10:00:00,1297.0,0.0,0.0,0.0,9847.0,0.0,0.0,0.0,1917.8669790843874,0.0,0.0,0.0
2030-01-23 11:00:00,0.0,0.0,0.0,0.0,4817.197327840249,0.0,0.0,0.0,1400.591828199419,0.0,0.0,0.0
2030-01-23 12:00:00,0.0,0.0,0.0,0.0,4296.531433911521,0.0,0.0,0.0,0.0,0.0,0.0,0.0
2030-01-23 13:00:00,823.4523493055385,0.0,0.0,0.0,51.34092397612909,0.0,0.0,0.0,1908.301523979353,0.0,0.0,0.0
2030-01-23 14:00:00,772.4653530461557,0.0,0.0,0.0,2941.6994112288157,0.0,0.0,0.0,2207.2951524331247,0.0,0.0,0.0
2030-01-23 15:00:00,0.0,0.0,0.0,0.0,3360.6078666250833,0.0,0.0,0.0,2849.2851353135375,0.0,0.0,0.0
2030-01-23 16:00:00,0.0,0.0,0.0,0.0,9434.330562129748,0.0,0.0,0.0,3273.874831361998,656.9617497873234,0.0,0.0
2030-01-23 17:00:00,0.0,0.0,0.0,0.0,9847.0,1850.0,1950.0,470.0000000000005,4460.119654480501,0.0,0.0,0.0
2030-01-23 18:00:00,0.0,0.0,0.0,0.0,9847.0,1850.0,1323.2227348128508,394.80000000000047,4753.91154462439,0.0,0.0,0.0
2030-01-23 19:00:00,0.0,0.0,0.0,0.0,9847.0,0.0,0.0,0.0,4380.774152856539,0.0,0.0,0.0
2030-01-23 20:00:00,0.0,0.0,0.0,0.0,9847.0,0.0,0.0,0.0,4087.381746711161,0.0,0.0,0.0
2030-01-23 21:00:00,0.0,0.0,0.0,0.0,9847.0,0.0,0.0,0.0,3934.0141867027705,0.0,0.0,0.0
2030-01-23 22:00:00,0.0,0.0,0.0,0.0,9847.0,0.0,0.0,0.0,4038.4288777152105,0.0,0.0,0.0
2030-01-23 23:00:00,0.0,0.0,0.0,0.0,9847.0,0.0,0.0,0.0,3919.319508739126,0.0,0.0,0.0
2030-01-24 00:00:00,0.0,0.0,0.0,0.0,9847.0,0.0,1925.4855495965312,470.0000000000005,5145.767055396618,0.0,0.0,0.0
2030-01-24 01:00:00,0.0,0.0,0.0,0.0,9847.0,0.0,40.32669893185084,394.80000000000047,5269.1803246836325,0.0,0.0,0.0
2030-01-24 02:00:00,0.0,0.0,0.0,0.0,9847.0,807.79413285794,0.0,0.0,5282.028115275934,0.0,0.0,0.0
2030-01-24 03:00:00,0.0,0.0,0.0,0.0,9847.0,0.0,0.0,0.0,5599.435581185401,0.0,0.0,0.0
2030-01-24 04:00:00,0.0,0.0,0.0,0.0,5928.336282795666,0.0,0.0,0.0,6004.96633278278,0.0,0.0,0.0
2030-01-24 05:00:00,0.0,0.0,0.0,0.0,9028.223479215325,0.0,0.0,0.0,5997.444585637852,0.0,0.0,0.0
2030-01-24 06:00:00,1297.0,1606.1185414536521,0.0,0.0,9847.0,1484.9267776104432,1950.0,0.0,5727.160277311494,0.0,0.0,0.0
2030-01-24 07:00:00,1297.0,1644.1,4387.697494511216,3199.99,9847.0,1850.0,1950.0,394.80000000000047,7621.233972576565,0.0,0.0,0.0
2030-01-24 08:00:00,1297.0,1644.1,5257.182862628354,2248.7787215617345,9847.0,1850.0,1950.0,470.0000000000005,5784.934445963695,0.0,0.0,0.0
2030-01-24 09:00:00,1297.0,1644.1,0.0,0.0,9847.0,1657.9207109522977,1950.0,0.0,3825.7815850977777,0.0,0.0,0.0
2030-01-24 10:00:00,1297.0,1644.1,2135.1333042037077,0.0,9847.0,0.0,0.0,0.0,2943.604029667111,0.0,0.0,0.0
2030-01-24 11:00:00,1297.0,1644.1,0.0,0.0,9847.0,0.0,0.0,0.0,1939.8212006226413,0.0,0.0,0.0
2030-01-24 12:00:00,1297.0,0.0,0.0,0.0,8362.8641951662,0.0,0.0,0.0,1581.227648571174,0.0,0.0,0.0
2030-01-24 13:00:00,1297.0,1514.8402275143535,0.0,0.0,6564.105958822212,0.0,0.0,0.0,2281.7897730355294,0.0,0.0,0.0
2030-01-24 14:00:00,1297.0,1644.1,7381.64,0.0,5509.241772953901,0.0,0.0,0.0,3083.9035217828723,0.0,0.0,0.0
2030-01-24 15:00:00,1297.0,1644.1,7381.64,0.0,8034.035885502977,0.0,0.0,0.0,3931.241417592346,0.0,0.0,0.0
2030-01-24 16:00:00,1297.0,1644.1,7381.64,0.0,9847.0,0.0,0.0,0.0,4794.071350948235,0.0,0.0,0.0
2030-01-24 17:00:00,1297.0,1644.1,7381.64,0.0,9847.0,1441.995566461993,210.65922670665077,394.80000000000047,5316.270812696095,0.0,0.0,0.0
2030-01-24 18:00:00,1297.0,1644.1,7381.64,0.0,9847.0,0.0,1273.6241355904494,470.0000000000005,5629.955786266549,0.0,0.0,0.0
2030-01-24 19:00:00,1297.0,1644.1,7381.64,2917.4245240381506,9847.0,0.0,0.0,0.0,5299.450250853973,0.0,0.0,0.0
2030-01-24 20:00:00,1297.0,1644.1,7381.64,0.0,9847.0,0.0,0.0,0.0,5044.542377427373,0.0,0.0,0.0
2030-01-24 21:00:00,1297.0,1644.1,7381.64,0.0,9847.0,0.0,0.0,0.0,4914.2514065258,0.0,0.0,0.0
2030-01-24 22:00:00,1297.0,1644.1,7381.64,0.0,9847.0,0.0,0.0,0.0,6612.970615427914,0.0,0.0,0.0
2030-01-24 23:00:00,1297.0,1644.1,7381.64,0.0,9847.0,0.0,0.0,0.0,5917.756411263842,0.0,0.0,0.0
2030-01-25 00:00:00,1297.0,1644.1,7381.64,0.0,9847.0,1400.265,340.0626132370039,0.0,8530.0,0.0,0.0,0.0
2030-01-25 01:00:00,1297.0,1644.1,7381.64,0.0,9847.0,0.0,49.28653293183015,470.0000000000005,8530.0,99.53965905868536,0.0,0.0
2030-01-25 02:00:00,1297.0,1644.1,7381.64,2970.5846759618507,9847.0,0.0,1086.6058538311652,136.70521519804507,8242.441853443857,0.0,0.0,0.0
2030-01-25 03:00:00,1297.0,1644.1,7381.64,0.0,9847.0,0.0,0.0,0.0,6183.187434287691,0.0,0.0,0.0
2030-01-25 04:00:00,1297.0,1644.1,7381.64,0.0,9847.0,0.0,0.0,0.0,6545.6831703111775,0.0,0.0,0.0
2030-01-25 05:00:00,1297.0,1644.1,7381.64,0.0,9847.0,0.0,0.0,0.0,7719.919171831549,0.0,0.0,0.0
2030-01-25 06:00:00,1297.0,1644.1,7381.64,0.0,9847.0,1850.0,940.938602925562,0.0,8530.0,2070.0,0.0,288.36758463705996
2030-01-25 07:00:00,1297.0,1644.1,7381.64,0.0,9847.0,1850.0,1950.0,0.0,8530.0,2055.8945862531423,0.0,0.0
2030-01-25 08:00:00,1297.0,1644.1,7381.64,0.0,9847.0,1850.0,1950.0,470.0000000000005,8530.0,1512.0097293086951,0.0,0.0
2030-01-25 09:00:00,1297.0,1644.1,7381.64,0.0,9847.0,1850.0,0.0,0.0,8530.0,437.7859390130535,0.0,0.0
2030-01-25 10:00:00,1297.0,176.4046903584749,0.0,0.0,9847.0,824.8787878998417,0.0,0.0,6334.310366180728,0.0,0.0,0.0
2030-01-25 11:00:00,0.0,0.0,0.0,0.0,9847.0,0.0,0.0,0.0,4808.137314660885,0.0,0.0,0.0
2030-01-25 12:00:00,0.0,0.0,0.0,0.0,9847.0,0.0,0.0,0.0,3499.596006511246,0.0,0.0,0.0
2030-01-25 13:00:00,0.0,0.0,0.0,0.0,9847.0,57.51353344531526,0.0,0.0,2729.858099311684,0.0,0.0,0.0
2030-01-25 14:00:00,1297.0,160.7766642934148,0.0,0.0,9847.0,0.0,0.0,0.0,3372.4544163794153,0.0,0.0,0.0
2030-01-25 15:00:00,1297.0,1644.1,7381.64,472.3494898236022,9847.0,1430.9150940105028,0.0,0.0,4199.740107644099,0.0,0.0,0.0
2030-01-25 16:00:00,1297.0,1644.1,7381.64,2672.529388124109,9847.0,1850.0,0.0,0.0,8530.0,310.3438609652567,0.0,0.0
2030-01-25 17:00:00,1297.0,1644.1,7381.64,2743.1303220522896,9847.0,1850.0,1950.0,322.6080000000005,8530.0,1771.9252345685109,0.0,0.0
2030-01-25 18:00:00,1297.0,1644.1,5000.9537189746625,0.0,9847.0,1850.0,1950.0,470.0000000000005,8530.0,2070.0,0.0,10.707064682010241
2030-01-25 19:00:00,646.0975085858227,0.0,0.0,0.0,9847.0,1850.0,0.0,0.0,8220.309787467108,0.0,0.0,0.0
2030-01-25 20:00:00,0.0,0.0,0.0,0.0,9847.0,1482.158390595796,0.0,0.0,5268.704317733506,0.0,0.0,0.0
2030-01-25 21:00:00,0.0,0.0,0.0,0.0,9847.0,1850.0,0.0,0.0,7468.753865461413,0.0,0.0,0.0
2030-01-25 22:00:00,0.0,0.0,0.0,0.0,9847.0,1850.0,0.0,0.0,8530.0,693.2590416551163,0.0,0.0
2030-01-25 23:00:00,0.0,0.0,0.0,0.0,9847.0,1850.0,0.0,0.0,8329.298611603932,0.0,0.0,0.0
2030-01-26 00:00:00,0.0,0.0,0.0,0.0,9847.0,1850.0,11.543619229855523,0.0,8530.0,1626.6495398576553,0.0,0.0
2030-01-26 01:00:00,0.0,0.0,0.0,0.0,9847.0,1850.0,0.0,0.0,7989.762898642342,0.0,0.0,0.0
2030-01-26 02:00:00,0.0,0.0,0.0,0.0,9847.0,1850.0,0.0,0.0,6816.575602594567,0.0,0.0,0.0
2030-01-26 03:00:00,0.0,0.0,0.0,0.0,9847.0,0.0,0.0,0.0,5932.703652763374,0.0,0.0,0.0
2030-01-26 04:00:00,0.0,0.0,0.0,0.0,8399.034101727011,0.0,0.0,0.0,6315.666924677671,0.0,0.0,0.0
2030-01-26 05:00:00,0.0,0.0,0.0,0.0,9847.0,0.0,0.0,0.0,6295.670048853811,0.0,0.0,0.0
2030-01-26 06:00:00,0.0,0.0,0.0,0.0,9847.0,1850.0,1676.465366032122,0.0,6422.449765559886,0.0,0.0,0.0
2030-01-26 07:00:00,0.0,0.0,0.0,0.0,9847.0,1850.0,632.8668081895553,453.29294776091945,8530.0,0.0,0.0,0.0
2030-01-26 08:00:00,0.0,0.0,0.0,0.0,9847.0,1850.0,1950.0,411.50705223908153,4551.415654084247,0.0,0.0,0.0
2030-01-26 09:00:00,0.0,0.0,0.0,0.0,9847.0,0.0,0.0,0.0,497.33078659228346,0.0,2290.0,262.1253506809298
2030-01-26 10:00:00,0.0,0.0,0.0,0.0,9847.0,0.0,0.0,0.0,0.0,0.0,0.0,0.0
2030-01-26 11:00:00,0.0,0.0,0.0,0.0,9847.0,0.0,0.0,0.0,0.0,0.0,0.0,0.0
2030-01-26 12:00:00,0.0,0.0,0.0,0.0,8775.878420856447,0.0,0.0,0.0,0.0,0.0,0.0,0.0
2030-01-26 13:00:00,0.0,0.0,0.0,0.0,8726.576490271276,0.0,0.0,0.0,0.0,0.0,0.0,0.0
2030-01-26 14:00:00,0.0,0.0,0.0,0.0,9213.690503194244,0.0,0.0,0.0,0.0,0.0,0.0,0.0
2030-01-26 15:00:00,0.0,0.0,0.0,103.99647485004343,9847.0,0.0,0.0,0.0,2998.8070369762563,0.0,0.0,0.0
2030-01-26 16:00:00,0.0,0.0,0.0,3199.99,9847.0,1207.6926555356843,906.6166689309899,0.0,4808.274954406263,0.0,0.0,0.0
2030-01-26 17:00:00,0.0,0.0,0.0,0.0,9847.0,1850.0,1950.0,470.0000000000005,8530.0,48.91946863810358,0.0,561.2
2030-01-26 18:00:00,0.0,0.0,0.0,0.0,9847.0,1850.0,1950.0,322.60800000000046,5210.215911232947,0.0,0.0,0.0
2030-01-26 19:00:00,0.0,0.0,0.0,0.0,9847.0,0.0,0.0,0.0,0.0,0.0,0.0,0.0
2030-01-26 20:00:00,0.0,0.0,0.0,0.0,9847.0,0.0,0.0,0.0,0.0,0.0,0.0,0.0
2030-01-26 21:00:00,0.0,0.0,0.0,0.0,9847.0,0.0,0.0,0.0,0.0,0.0,0.0,0.0
2030-01-26 22:00:00,0.0,0.0,0.0,0.0,9847.0,1850.0,1950.0,470.0000000000005,5280.535744661507,0.0,0.0,0.0
2030-01-26 23:00:00,0.0,0.0,0.0,0.0,9847.0,1850.0,1514.3794578025336,0.0,325.30339337532996,0.0,0.0,0.0
2030-01-27 00:00:00,0.0,0.0,0.0,0.0,9847.0,1850.0,429.0038732664766,0.0,0.0,0.0,0.0,0.0
2030-01-27 01:00:00,0.0,0.0,0.0,0.0,9847.0,1501.7953052563598,0.0,0.0,0.0,0.0,0.0,0.0
2030-01-27 02:00:00,0.0,0.0,0.0,0.0,9847.0,1421.6688460560254,0.0,0.0,1530.464769663804,0.0,0.0,0.0
2030-01-27 03:00:00,0.0,0.0,0.0,0.0,9847.0,0.0,0.0,0.0,3583.389677000511,0.0,0.0,0.0
2030-01-27 04:00:00,0.0,0.0,0.0,0.0,9695.213862468052,0.0,0.0,0.0,4370.120922946836,0.0,0.0,0.0
2030-01-27 05:00:00,0.0,0.0,0.0,0.0,9847.0,0.0,0.0,0.0,4060.9678928831927,0.0,0.0,0.0
2030-01-27 06:00:00,0.0,0.0,0.0,0.0,9847.0,0.0,0.0,0.0,3960.9712428928506,0.0,0.0,0.0
2030-01-27 07:00:00,0.0,0.0,0.0,0.0,9847.0,712.4574513725461,1252.112585158887,470.0000000000005,4048.3168925689715,0.0,0.0,0.0
2030-01-27 08:00:00,0.0,0.0,0.0,0.0,9847.0,1569.146446443905,1950.0,394.80000000000047,3911.5516947621054,0.0,0.0,0.0
2030-01-27 09:00:00,0.0,0.0,0.0,0.0,9847.0,0.0,0.0,0.0,3467.8152068874497,0.0,0.0,0.0
2030-01-27 10:00:00,0.0,0.0,0.0,0.0,9847.0,0.0,0.0,0.0,3287.45024578,0.0,0.0,0.0
2030-01-27 11:00:00,0.0,0.0,0.0,0.0,9847.0,0.0,0.0,0.0,2722.83101973299,0.0,0.0,0.0
2030-01-27 12:00:00,0.0,0.0,0.0,0.0,5670.311700598017,0.0,0.0,0.0,2550.4861027434245,0.0,0.0,0.0
2030-01-27 13:00:00,0.0,0.0,0.0,0.0,3890.1834564854,0.0,0.0,0.0,2579.775888526203,0.0,0.0,0.0
2030-01-27 14:00:00,0.0,0.0,0.0,0.0,3720.0842516168123,0.0,0.0,0.0,2844.8293085797004,0.0,0.0,0.0
2030-01-27 15:00:00,0.0,0.0,0.0,0.0,7294.6705470420775,0.0,0.0,0.0,3592.295857632197,0.0,0.0,0.0
2030-01-27 16:00:00,1297.0,1644.1,0.0,2622.403998653972,9847.0,0.0,0.0,0.0,4381.853591457606,0.0,0.0,0.0
2030-01-27 17:00:00,1297.0,1644.1,3173.54504682275,0.0,9847.0,1850.0,1653.0845883364746,470.0000000000005,5069.059511132956,0.0,0.0,0.0
2030-01-27 18:00:00,1297.0,1644.1,252.1655038679237,0.0,9847.0,1630.884959720097,1950.0,0.0,5363.665946653863,0.0,0.0,0.0
2030-01-27 19:00:00,1297.0,0.0,0.0,0.0,9847.0,0.0,0.0,0.0,4959.557692270024,0.0,0.0,0.0
2030-01-27 20:00:00,1297.0,0.0,0.0,0.0,9847.0,0.0,0.0,0.0,4666.892104021561,0.0,0.0,0.0
2030-01-27 21:00:00,1297.0,579.3161000274631,0.0,0.0,9847.0,537.1752470313295,0.0,0.0,4687.098309906626,0.0,0.0,0.0
2030-01-27 22:00:00,1297.0,1644.1,2007.4315887696284,0.0,9847.0,1001.5946237592899,357.6139843204845,470.0000000000005,4835.443679166435,0.0,0.0,0.0
2030-01-27 23:00:00,1297.0,1644.1,1485.5010902086142,0.0,9847.0,0.0,1738.5161528562749,0.0,4698.449562525674,0.0,0.0,0.0
2030-01-28 00:00:00,1297.0,1644.1,1732.1961009047955,0.0,9847.0,1155.5275730320025,1950.0,338.1616273451911,5844.447732554531,0.0,0.0,0.0
2030-01-28 01:00:00,1297.0,1644.1,0.0,1911.0294047902353,9847.0,0.0,1489.8363565998297,0.0,5949.460791433771,0.0,0.0,0.0
2030-01-28 02:00:00,1297.0,1644.1,975.5682101348502,0.0,9847.0,0.0,0.0,0.0,5930.459397261904,0.0,0.0,0.0
2030-01-28 03:00:00,1297.0,1644.1,0.0,450.54006103354914,9847.0,0.0,0.0,0.0,6092.730485664692,0.0,0.0,0.0
2030-01-28 04:00:00,1297.0,600.0748416138013,0.0,0.0,6410.850200986446,0.0,0.0,0.0,6107.717611982608,0.0,0.0,0.0
2030-01-28 05:00:00,1297.0,1565.4902406806941,0.0,0.0,7162.204007651744,0.0,0.0,0.0,5614.756716326801,0.0,0.0,0.0
2030-01-28 06:00:00,1297.0,1644.1,2534.3611525707383,0.0,8204.116256062713,0.0,0.0,0.0,4957.282647223877,0.0,0.0,0.0
2030-01-28 07:00:00,1297.0,1644.1,5086.724477647942,0.0,9847.0,0.0,0.0,0.0,4632.318905165409,0.0,0.0,0.0
2030-01-28 08:00:00,1297.0,1644.1,1172.0241967342674,1816.3508634724628,9847.0,0.0,91.86712084394821,470.0000000000005,4247.6656600742745,0.0,0.0,0.0
2030-01-28 09:00:00,0.0,0.0,0.0,0.0,9242.658817951187,0.0,0.0,0.0,3430.9345538305524,0.0,0.0,0.0
2030-01-28 10:00:00,0.0,0.0,0.0,0.0,4936.629451557063,0.0,0.0,0.0,2526.6181825501963,0.0,0.0,0.0
2030-01-28 11:00:00,0.0,0.0,0.0,0.0,4181.597359431224,0.0,0.0,0.0,1876.208252236696,0.0,0.0,0.0
2030-01-28 12:00:00,0.0,0.0,0.0,0.0,883.8489436423333,0.0,0.0,0.0,1883.1115668661173,0.0,0.0,0.0
2030-01-28 13:00:00,0.0,0.0,0.0,0.0,0.0,0.0,0.0,0.0,2229.8199421829236,0.0,0.0,0.0
2030-01-28 14:00:00,0.0,0.0,0.0,0.0,0.0,0.0,0.0,0.0,2597.1077200782,0.0,0.0,0.0
2030-01-28 15:00:00,1297.0,1644.1,466.64240490546945,0.0,520.2887442205829,0.0,0.0,0.0,3340.5271296523288,0.0,0.0,0.0
2030-01-28 16:00:00,1297.0,1644.1,7381.64,15.8179068307727,6888.780418951341,0.0,0.0,0.0,4411.862355829598,0.0,0.0,0.0
2030-01-28 17:00:00,1297.0,1644.1,4533.265143916673,0.0,9847.0,0.0,1576.8110321506756,394.80000000000047,5184.9833744635,0.0,0.0,0.0
2030-01-28 18:00:00,1297.0,1644.1,2149.9188287641664,0.0,9847.0,0.0,1140.6594159177153,470.0000000000005,5711.078849049278,0.0,0.0,0.0
2030-01-28 19:00:00,1297.0,1060.23038978572,0.0,0.0,9847.0,0.0,0.0,0.0,5469.419741181048,0.0,0.0,0.0
2030-01-28 20:00:00,1297.0,528.0554679174238,0.0,0.0,9847.0,0.0,0.0,0.0,5296.111715828106,0.0,0.0,0.0
2030-01-28 21:00:00,1297.0,1644.1,592.2551306595924,0.0,9847.0,0.0,0.0,0.0,5183.090147041527,0.0,0.0,0.0
2030-01-28 22:00:00,1297.0,1644.1,828.7388174201191,935.8825373729412,9847.0,0.0,0.0,0.0,5328.596589095798,0.0,0.0,0.0
2030-01-28 23:00:00,1297.0,1644.1,218.73513636455755,0.0,9847.0,1637.4685407785084,482.3496275913555,0.0,5240.980350761353,0.0,0.0,0.0
2030-01-29 00:00:00,1297.0,1644.1,4345.204371883301,0.0,9847.0,1740.2087472400672,1950.0,470.0000000000005,6581.703818174825,0.0,0.0,0.0
2030-01-29 01:00:00,1297.0,1644.1,1945.8091366994486,0.0,9847.0,0.0,1112.6907965963037,394.80000000000047,6711.365526368832,0.0,0.0,0.0
2030-01-29 02:00:00,1297.0,856.5696854057896,0.0,0.0,9847.0,0.0,566.3855938946144,0.0,6738.594809361051,0.0,0.0,0.0
2030-01-29 03:00:00,1297.0,0.0,0.0,0.0,9847.0,0.0,0.0,0.0,6993.184644408793,0.0,0.0,0.0
2030-01-29 04:00:00,1297.0,300.52884765133786,0.0,0.0,7061.762949563548,0.0,0.0,0.0,6065.710145131578,1226.361097652784,0.0,0.0
2030-01-29 05:00:00,1297.0,1644.1,1545.604712405664,0.0,9847.0,0.0,0.0,0.0,7201.209884583688,0.0,0.0,0.0
2030-01-29 06:00:00,1297.0,1644.1,2618.3533303371514,3199.99,9847.0,1850.0,1696.2911799762514,0.0,6884.4477491868765,0.0,0.0,0.0
2030-01-29 07:00:00,1297.0,1644.1,7381.64,411.0395920926385,9847.0,1850.0,1950.0,470.0000000000005,8530.0,292.2469923656595,0.0,0.0
2030-01-29 08:00:00,1297.0,1644.1,0.0,1692.2390963100115,9847.0,1850.0,1950.0,394.80000000000047,8072.153329868286,0.0,0.0,0.0
2030-01-29 09:00:00,0.0,0.0,0.0,0.0,9847.0,443.6826670653287,517.9275816655676,0.0,5726.571881007247,0.0,0.0,0.0
2030-01-29 10:00:00,0.0,0.0,0.0,0.0,9847.0,0.0,0.0,0.0,5103.527887373016,0.0,0.0,0.0
2030-01-29 11:00:00,0.0,0.0,0.0,0.0,9847.0,0.0,0.0,0.0,4479.785950254274,0.0,0.0,0.0
2030-01-29 12:00:00,0.0,0.0,0.0,0.0,9847.0,0.0,0.0,0.0,4296.717411061488,0.0,0.0,0.0
2030-01-29 13:00:00,0.0,0.0,0.0,0.0,9847.0,0.0,0.0,0.0,4308.9170705852475,0.0,0.0,0.0
2030-01-29 14:00:00,0.0,0.0,0.0,0.0,9847.0,0.0,0.0,0.0,4517.790724699282,0.0,0.0,0.0
2030-01-29 15:00:00,0.0,0.0,0.0,0.0,9847.0,0.0,0.0,0.0,5177.67021715177,0.0,0.0,0.0
2030-01-29 16:00:00,0.0,0.0,0.0,0.0,9847.0,0.0,0.0,0.0,8530.0,2070.0,0.0,0.0
2030-01-29 17:00:00,0.0,0.0,0.0,0.0,9847.0,0.0,0.0,0.0,8530.0,0.0,0.0,0.0
2030-01-29 18:00:00,0.0,0.0,0.0,0.0,9847.0,0.0,0.0,0.0,8530.0,0.0,0.0,0.0
2030-01-29 19:00:00,0.0,0.0,0.0,0.0,9847.0,0.0,0.0,0.0,8530.0,0.0,0.0,0.0
2030-01-29 20:00:00,0.0,0.0,0.0,0.0,9847.0,0.0,0.0,0.0,5480.833592735022,0.0,0.0,0.0
2030-01-29 21:00:00,0.0,0.0,0.0,0.0,9847.0,0.0,0.0,0.0,8530.0,0.0,0.0,0.0
2030-01-29 22:00:00,0.0,0.0,0.0,0.0,9847.0,0.0,0.0,0.0,8530.0,0.0,0.0,0.0
2030-01-29 23:00:00,0.0,0.0,0.0,0.0,9847.0,0.0,0.0,0.0,0.0,0.0,0.0,0.0
2030-01-30 00:00:00,0.0,0.0,0.0,0.0,9847.0,0.0,0.0,0.0,0.0,0.0,0.0,0.0
2030-01-30 01:00:00,0.0,0.0,0.0,0.0,9847.0,0.0,0.0,0.0,0.0,0.0,0.0,0.0
2030-01-30 02:00:00,0.0,0.0,0.0,0.0,9847.0,0.0,0.0,0.0,1375.5956118875702,0.0,0.0,0.0
2030-01-30 03:00:00,0.0,0.0,0.0,0.0,9847.0,0.0,0.0,0.0,0.0,0.0,0.0,0.0
2030-01-30 04:00:00,0.0,0.0,0.0,0.0,9847.0,0.0,0.0,0.0,0.0,0.0,0.0,0.0
2030-01-30 05:00:00,0.0,0.0,0.0,0.0,9847.0,0.0,0.0,0.0,0.0,0.0,0.0,0.0
2030-01-30 06:00:00,0.0,0.0,0.0,0.0,9847.0,1850.0,1950.0,0.0,0.0,0.0,0.0,0.0
2030-01-30 07:00:00,0.0,0.0,0.0,0.0,9847.0,1850.0,0.0,0.0,0.0,0.0,0.0,0.0
2030-01-30 08:00:00,0.0,0.0,0.0,0.0,9847.0,1850.0,0.0,0.0,0.0,0.0,0.0,0.0
2030-01-30 09:00:00,0.0,0.0,0.0,0.0,9847.0,0.0,0.0,274.4758796933155,0.0,0.0,0.0,0.0
2030-01-30 10:00:00,0.0,0.0,0.0,0.0,9847.0,0.0,0.0,0.0,0.0,0.0,0.0,0.0
2030-01-30 11:00:00,0.0,0.0,0.0,0.0,9847.0,0.0,0.0,0.0,0.0,0.0,0.0,0.0
2030-01-30 12:00:00,0.0,0.0,0.0,0.0,9847.0,0.0,0.0,0.0,0.0,0.0,0.0,0.0
2030-01-30 13:00:00,0.0,0.0,0.0,0.0,9847.0,0.0,0.0,0.0,0.0,0.0,0.0,0.0
2030-01-30 14:00:00,0.0,0.0,0.0,0.0,9847.0,0.0,0.0,0.0,0.0,0.0,0.0,0.0
2030-01-30 15:00:00,0.0,0.0,0.0,0.0,9847.0,0.0,0.0,0.0,0.0,0.0,0.0,0.0
2030-01-30 16:00:00,0.0,0.0,0.0,0.0,9847.0,1850.0,0.0,0.0,0.0,0.0,0.0,0.0
2030-01-30 17:00:00,0.0,0.0,0.0,0.0,9847.0,1850.0,0.0,0.0,0.0,0.0,0.0,0.0
2030-01-30 18:00:00,0.0,0.0,0.0,0.0,9847.0,1850.0,1950.0,470.0000000000005,0.0,0.0,0.0,0.0
2030-01-30 19:00:00,0.0,0.0,0.0,0.0,9847.0,1850.0,0.0,0.0,0.0,0.0,0.0,0.0
2030-01-30 20:00:00,0.0,0.0,0.0,0.0,9847.0,1850.0,0.0,0.0,0.0,0.0,0.0,0.0
2030-01-30 21:00:00,0.0,0.0,0.0,0.0,9847.0,1850.0,0.0,0.0,0.0,0.0,0.0,0.0
2030-01-30 22:00:00,0.0,0.0,0.0,0.0,9847.0,1850.0,0.0,0.0,0.0,0.0,0.0,0.0
2030-01-30 23:00:00,0.0,0.0,0.0,0.0,9847.0,1850.0,0.0,0.0,0.0,0.0,0.0,0.0
2030-01-31 00:00:00,0.0,0.0,0.0,0.0,9847.0,1850.0,903.9275664317227,0.0,0.0,0.0,0.0,0.0
2030-01-31 01:00:00,0.0,0.0,0.0,0.0,9847.0,1850.0,0.0,0.0,0.0,0.0,0.0,0.0
2030-01-31 02:00:00,0.0,0.0,0.0,0.0,9847.0,1850.0,0.0,0.0,0.0,0.0,0.0,0.0
2030-01-31 03:00:00,0.0,0.0,0.0,0.0,9847.0,0.0,0.0,0.0,85.38189336766362,0.0,0.0,49.848409583744164
2030-01-31 04:00:00,0.0,0.0,0.0,0.0,9847.0,0.0,0.0,0.0,0.0,0.0,0.0,341.5320831159843
2030-01-31 05:00:00,0.0,0.0,0.0,0.0,9847.0,0.0,0.0,0.0,0.0,0.0,0.0,169.81950730027165
2030-01-31 06:00:00,0.0,0.0,0.0,0.0,9847.0,1850.0,1950.0,0.0,0.0,0.0,0.0,0.0
2030-01-31 07:00:00,0.0,0.0,0.0,0.0,9847.0,0.0,0.0,120.32412030668502,0.0,0.0,0.0,0.0
2030-01-31 08:00:00,0.0,0.0,0.0,0.0,9847.0,1590.712673866137,1946.0724335682771,0.0,0.0,0.0,0.0,0.0
2030-01-31 09:00:00,0.0,0.0,0.0,0.0,9847.0,0.0,0.0,0.0,0.0,0.0,0.0,0.0
2030-01-31 10:00:00,0.0,0.0,0.0,0.0,9847.0,0.0,0.0,0.0,0.0,0.0,0.0,0.0
2030-01-31 11:00:00,0.0,0.0,0.0,0.0,9847.0,0.0,0.0,0.0,0.0,0.0,0.0,0.0
2030-01-31 12:00:00,0.0,0.0,0.0,0.0,9847.0,0.0,0.0,0.0,0.0,0.0,0.0,0.0
2030-01-31 13:00:00,0.0,0.0,0.0,0.0,9847.0,0.0,0.0,0.0,0.0,0.0,0.0,0.0
2030-01-31 14:00:00,0.0,0.0,0.0,0.0,9847.0,0.0,0.0,0.0,0.0,0.0,0.0,0.0
2030-01-31 15:00:00,0.0,0.0,0.0,0.0,9847.0,0.0,0.0,0.0,0.0,0.0,0.0,0.0
2030-01-31 16:00:00,0.0,0.0,0.0,3199.99,9847.0,0.0,0.0,0.0,0.0,0.0,0.0,0.0
2030-01-31 17:00:00,0.0,0.0,0.0,182.11703263316207,9847.0,1850.0,1950.0,0.0,0.0,0.0,0.0,0.0
2030-01-31 18:00:00,0.0,0.0,0.0,0.0,9847.0,0.0,0.0,0.0,0.0,0.0,0.0,0.0
2030-01-31 19:00:00,0.0,0.0,0.0,0.0,9847.0,0.0,0.0,394.80000000000047,0.0,0.0,0.0,0.0
2030-01-31 20:00:00,0.0,0.0,0.0,0.0,9847.0,0.0,0.0,0.0,0.0,0.0,0.0,0.0
2030-01-31 21:00:00,0.0,0.0,0.0,0.0,9847.0,0.0,0.0,0.0,0.0,0.0,0.0,0.0
2030-01-31 22:00:00,0.0,0.0,0.0,0.0,9847.0,0.0,0.0,0.0,0.0,0.0,0.0,0.0
2030-01-31 23:00:00,0.0,0.0,0.0,0.0,9847.0,0.0,0.0,0.0,0.0,0.0,0.0,0.0
2030-02-01 00:00:00,0.0,0.0,0.0,2505.9021673668394,9847.0,1850.0,1950.0,0.0,0.0,798.1702447402722,0.0,0.0
2030-02-01 01:00:00,0.0,0.0,0.0,0.0,9847.0,0.0,0.0,0.0,0.0,897.3673560942716,0.0,0.0
2030-02-01 02:00:00,0.0,0.0,0.0,0.0,9847.0,0.0,0.0,0.0,905.9267618263339,0.0,0.0,0.0
2030-02-01 03:00:00,0.0,0.0,0.0,0.0,9847.0,0.0,0.0,0.0,0.0,1009.8752685492145,0.0,0.0
2030-02-01 04:00:00,0.0,0.0,0.0,0.0,9847.0,0.0,0.0,0.0,1063.3393602703086,0.0,0.0,0.0
2030-02-01 05:00:00,0.0,0.0,0.0,0.0,9847.0,0.0,0.0,0.0,0.0,847.2060146354802,0.0,0.0
2030-02-01 06:00:00,0.0,0.0,0.0,0.0,9847.0,0.0,0.0,470.0000000000005,407.472417236502,0.0,0.0,164.75069672518725
2030-02-01 07:00:00,0.0,0.0,0.0,0.0,9847.0,0.0,0.0,0.0,0.0,0.0,0.0,396.4493032748128
2030-02-01 08:00:00,0.0,0.0,0.0,0.0,9847.0,0.0,0.0,0.0,0.0,0.0,0.0,0.0
2030-02-01 09:00:00,0.0,0.0,0.0,0.0,9847.0,0.0,0.0,0.0,0.0,0.0,0.0,0.0
2030-02-01 10:00:00,0.0,0.0,0.0,0.0,9018.725610271817,0.0,0.0,0.0,0.0,0.0,0.0,0.0
2030-02-01 11:00:00,0.0,0.0,0.0,2708.471536,345.8202944921213,0.0,0.0,0.0,0.0,0.0,0.0,0.0
2030-02-01 12:00:00,0.0,0.0,0.0,0.0,0.0,0.0,0.0,0.0,0.0,0.0,0.0,0.0
2030-02-01 13:00:00,0.0,0.0,0.0,0.0,0.0,0.0,0.0,0.0,0.0,0.0,0.0,0.0
2030-02-01 14:00:00,0.0,0.0,0.0,0.0,0.0,0.0,0.0,0.0,0.0,0.0,0.0,0.0
2030-02-01 15:00:00,0.0,0.0,0.0,0.0,8401.45596045797,0.0,0.0,0.0,0.0,0.0,0.0,0.0
2030-02-01 16:00:00,0.0,0.0,0.0,0.0,9847.0,0.0,0.0,394.80000000000047,0.0,0.0,0.0,0.0
2030-02-01 17:00:00,0.0,0.0,0.0,3111.141790541186,9847.0,0.0,297.9462529845388,470.0000000000005,307.26189223272286,0.0,0.0,0.0
2030-02-01 18:00:00,0.0,0.0,0.0,2733.8064753261933,9847.0,0.0,0.0,0.0,279.1664559560231,278.11078392130906,0.0,0.0
2030-02-01 19:00:00,0.0,0.0,0.0,0.0,9847.0,0.0,0.0,0.0,372.43008592538945,0.0,0.0,0.0
2030-02-01 20:00:00,0.0,0.0,0.0,0.0,9847.0,0.0,0.0,0.0,236.74408930139953,0.0,0.0,0.0
2030-02-01 21:00:00,0.0,0.0,0.0,0.0,9847.0,0.0,0.0,0.0,224.2909023851994,0.0,0.0,0.0
2030-02-01 22:00:00,0.0,0.0,0.0,0.0,9847.0,0.0,0.0,0.0,506.1286919293502,0.0,0.0,0.0
2030-02-01 23:00:00,0.0,0.0,0.0,0.0,9847.0,0.0,1482.5192256653274,0.0,453.97489998570336,0.0,0.0,0.0
2030-02-02 00:00:00,0.0,0.0,0.0,0.0,9847.0,0.0,1950.0,0.0,2324.687534892909,0.0,0.0,0.0
2030-02-02 01:00:00,0.0,0.0,0.0,0.0,9847.0,0.0,1950.0,125.51991708976881,2428.7032685598006,0.0,0.0,0.0
2030-02-02 02:00:00,0.0,0.0,0.0,0.0,9847.0,0.0,0.0,470.0000000000005,2425.0095189389294,0.0,0.0,0.0
2030-02-02 03:00:00,0.0,0.0,0.0,0.0,9847.0,0.0,1950.0,197.0880829102316,2462.5422505996085,0.0,0.0,0.0
2030-02-02 04:00:00,0.0,0.0,0.0,0.0,9847.0,0.0,0.0,0.0,2426.4606006012464,0.0,0.0,0.0
2030-02-02 05:00:00,0.0,0.0,0.0,0.0,9847.0,0.0,0.0,0.0,2145.5452014798148,0.0,0.0,0.0
2030-02-02 06:00:00,0.0,0.0,0.0,0.0,9847.0,0.0,0.0,0.0,1864.846978707491,0.0,0.0,0.0
2030-02-02 07:00:00,0.0,0.0,0.0,0.0,9847.0,0.0,1950.0,0.0,5680.939000940324,0.0,0.0,0.0
2030-02-02 08:00:00,0.0,0.0,0.0,0.0,9847.0,0.0,0.0,470.0000000000005,911.9689437295137,158.92044795503375,0.0,0.0
2030-02-02 09:00:00,0.0,0.0,0.0,0.0,9847.0,0.0,0.0,0.0,26.701363262246105,0.0,0.0,0.0
2030-02-02 10:00:00,0.0,0.0,0.0,0.0,9847.0,0.0,0.0,0.0,0.0,0.0,0.0,0.0
2030-02-02 11:00:00,0.0,0.0,0.0,0.0,6069.85101074187,0.0,0.0,0.0,0.0,0.0,0.0,0.0
2030-02-02 12:00:00,0.0,0.0,0.0,0.0,1690.5827996768712,0.0,0.0,0.0,0.0,0.0,0.0,0.0
2030-02-02 13:00:00,0.0,0.0,0.0,0.0,0.0,0.0,0.0,0.0,0.0,0.0,0.0,0.0
2030-02-02 14:00:00,0.0,0.0,0.0,0.0,104.7017001840868,0.0,0.0,0.0,0.0,0.0,0.0,0.0
2030-02-02 15:00:00,0.0,0.0,0.0,0.0,6624.652925784176,0.0,0.0,0.0,222.94331092782295,0.0,0.0,0.0
2030-02-02 16:00:00,1297.0,1644.1,5545.617933432128,3199.99,9847.0,0.0,0.0,0.0,8530.0,206.39525022591806,0.0,0.0
2030-02-02 17:00:00,1297.0,1644.1,0.0,1890.4172969117062,9847.0,0.0,1950.0,0.0,8530.0,883.1902089947775,0.0,0.0
2030-02-02 18:00:00,1297.0,1644.1,0.0,0.0,9847.0,0.0,0.0,0.0,8530.0,0.0,0.0,0.0
2030-02-02 19:00:00,1297.0,1644.1,0.0,0.0,9847.0,0.0,1950.0,0.0,8530.0,0.0,0.0,0.0
2030-02-02 20:00:00,1297.0,586.8151112275773,0.0,0.0,9847.0,0.0,0.0,0.0,8530.0,0.0,0.0,0.0
2030-02-02 21:00:00,1297.0,1644.1,0.0,0.0,9847.0,0.0,0.0,0.0,8530.0,0.0,0.0,0.0
2030-02-02 22:00:00,1297.0,1644.1,6302.948981556234,0.0,9847.0,0.0,1740.01447701914,0.0,8530.0,1257.4868818682412,0.0,0.0
2030-02-02 23:00:00,1297.0,1644.1,2959.6372772965333,0.0,9847.0,0.0,1109.9855229808595,0.0,8530.0,1231.050137644711,0.0,0.0
2030-02-03 00:00:00,1297.0,1644.1,0.0,0.0,9847.0,0.0,0.0,394.80000000000047,8530.0,2070.0,372.68491496531306,0.0
2030-02-03 01:00:00,1297.0,1644.1,1030.7662601330958,0.0,9847.0,0.0,0.0,470.0000000000005,8530.0,1496.4633048740036,1248.0681341655347,81.99805652773075
2030-02-03 02:00:00,1297.0,1644.1,1636.2848150105565,0.0,9847.0,0.0,0.0,0.0,8530.0,0.0,2290.0,479.20194347226925
2030-02-03 03:00:00,1297.0,1644.1,11.743594498795574,2688.0192000000015,9847.0,0.0,0.0,0.0,8530.0,2070.0,143.76271391024875,0.0
2030-02-03 04:00:00,1297.0,1644.1,2413.6666135000487,0.0,9847.0,0.0,0.0,0.0,8530.0,0.0,1200.159316975386,0.0
2030-02-03 05:00:00,1297.0,1644.1,1494.8498296242033,0.0,9847.0,0.0,0.0,0.0,8530.0,0.0,242.38715842310603,0.0
2030-02-03 06:00:00,1297.0,1644.1,5681.119046109481,0.0,9847.0,0.0,0.0,0.0,8530.0,0.0,0.0,0.0
2030-02-03 07:00:00,1297.0,1644.1,7381.64,3199.99,9847.0,1850.0,1950.0,0.0,8530.0,0.0,0.0,0.0
2030-02-03 08:00:00,1297.0,1644.1,4285.621752965599,0.0,9847.0,0.0,0.0,100.77999335404922,8530.0,0.0,0.0,0.0
2030-02-03 09:00:00,1297.0,781.7705392782682,0.0,0.0,9847.0,0.0,0.0,0.0,5699.514085235309,0.0,0.0,0.0
2030-02-03 10:00:00,0.0,0.0,0.0,0.0,4322.694862145952,0.0,0.0,0.0,0.0,0.0,0.0,0.0
2030-02-03 11:00:00,0.0,0.0,0.0,0.0,653.0894106002088,0.0,0.0,0.0,0.0,0.0,0.0,0.0
2030-02-03 12:00:00,0.0,0.0,0.0,0.0,0.0,0.0,0.0,0.0,0.0,0.0,0.0,0.0
2030-02-03 13:00:00,0.0,0.0,0.0,0.0,0.0,0.0,0.0,0.0,0.0,0.0,0.0,0.0
2030-02-03 14:00:00,0.0,0.0,0.0,0.0,0.0,0.0,0.0,0.0,3100.7866123548465,0.0,0.0,0.0
2030-02-03 15:00:00,1297.0,1644.1,0.0,3199.99,2704.9712791099546,0.0,0.0,0.0,6785.112767059507,0.0,0.0,0.0
2030-02-03 16:00:00,1297.0,1644.1,7381.64,0.0,9847.0,0.0,0.0,0.0,8222.803157305427,0.0,0.0,0.0
2030-02-03 17:00:00,1297.0,1644.1,7381.64,0.0,9847.0,0.0,1147.0870716292848,470.0000000000005,8530.0,595.0391021665378,0.0,0.0
2030-02-03 18:00:00,1297.0,1644.1,7381.64,0.0,9847.0,102.57456035011273,0.0,325.61600000000044,8530.0,854.6877117607632,0.0,0.0
2030-02-03 19:00:00,1297.0,1644.1,7381.64,0.0,9847.0,0.0,0.0,0.0,8530.0,1109.440558001104,0.0,0.0
2030-02-03 20:00:00,1297.0,1644.1,7381.64,0.0,9847.0,0.0,0.0,0.0,8530.0,1367.7085009557436,0.0,0.0
2030-02-03 21:00:00,1297.0,1644.1,7381.64,0.0,9847.0,365.9511871960567,0.0,0.0,8530.0,1810.9604665523711,0.0,0.0
2030-02-03 22:00:00,1297.0,1644.1,7381.64,0.0,9847.0,1850.0,1881.8747754434735,0.0,8530.0,2070.0,0.0,0.0
2030-02-03 23:00:00,1297.0,1644.1,7381.64,0.0,9847.0,1850.0,1950.0,16.715567269318854,8530.0,2070.0,555.693922089124,0.0
2030-02-04 00:00:00,1297.0,1644.1,7381.64,0.0,9847.0,1850.0,1950.0,470.0000000000005,8530.0,2070.0,2290.0,0.0
2030-02-04 01:00:00,1297.0,1644.1,7381.64,0.0,9847.0,1850.0,1825.1645724069847,378.0844327306816,8530.0,2070.0,2290.0,0.0
2030-02-04 02:00:00,1297.0,1644.1,7381.64,0.0,9847.0,1744.7510695978272,0.0,0.0,8530.0,2070.0,2290.0,0.0
2030-02-04 03:00:00,1297.0,1644.1,7381.64,0.0,9847.0,0.0,0.0,0.0,8530.0,2070.0,2290.0,0.0
2030-02-04 04:00:00,1297.0,1644.1,7381.64,2688.0192000000015,9847.0,0.0,0.0,0.0,8530.0,2070.0,2290.0,0.0
2030-02-04 05:00:00,1297.0,1644.1,7381.64,0.0,9847.0,0.0,0.0,0.0,8530.0,2070.0,2290.0,561.2
2030-02-04 06:00:00,1297.0,1644.1,7381.64,0.0,9847.0,0.0,0.0,0.0,8530.0,2070.0,2290.0,0.0
2030-02-04 07:00:00,1297.0,1644.1,7381.64,0.0,9847.0,0.0,0.0,0.0,8530.0,2070.0,0.0,0.0
2030-02-04 08:00:00,1297.0,1644.1,7381.64,0.0,9847.0,0.0,0.0,0.0,8530.0,2070.0,699.7376943416539,0.0
2030-02-04 09:00:00,1297.0,1644.1,0.0,0.0,9847.0,0.0,0.0,0.0,8530.0,0.0,0.0,0.0
2030-02-04 10:00:00,0.0,0.0,0.0,0.0,9534.646443545396,0.0,0.0,0.0,7673.623049354508,0.0,0.0,0.0
2030-02-04 11:00:00,0.0,0.0,0.0,0.0,5636.014926008953,0.0,0.0,0.0,3779.5710904345833,0.0,0.0,0.0
2030-02-04 12:00:00,0.0,0.0,0.0,0.0,773.9491674818855,0.0,0.0,0.0,3032.0481341810246,0.0,0.0,0.0
2030-02-04 13:00:00,0.0,0.0,0.0,0.0,0.0,0.0,0.0,0.0,3658.101632233418,0.0,0.0,0.0
2030-02-04 14:00:00,1297.0,1644.1,0.0,0.0,0.0,0.0,0.0,0.0,8530.0,0.0,0.0,0.0
2030-02-04 15:00:00,1297.0,1644.1,7381.64,3199.99,6744.854977633411,0.0,0.0,0.0,8530.0,1781.5531466818975,0.0,0.0
2030-02-04 16:00:00,1297.0,1644.1,7381.64,0.0,9847.0,0.0,0.0,0.0,8530.0,2070.0,0.0,0.0
2030-02-04 17:00:00,1297.0,1644.1,7381.64,0.0,9847.0,1850.0,0.0,470.0000000000005,8530.0,2070.0,0.0,0.0
2030-02-04 18:00:00,1297.0,1644.1,7381.64,0.0,9847.0,1850.0,1950.0,0.0,8530.0,2070.0,2290.0,0.0
2030-02-04 19:00:00,1297.0,1644.1,7381.64,0.0,9847.0,1850.0,0.0,0.0,8530.0,2070.0,2290.0,0.0
2030-02-04 20:00:00,1297.0,1644.1,7381.64,0.0,9847.0,0.0,0.0,0.0,8530.0,2070.0,2290.0,0.0
2030-02-04 21:00:00,1297.0,1644.1,7381.64,0.0,9847.0,1850.0,244.95107690393343,0.0,8530.0,2070.0,0.0,0.0
2030-02-04 22:00:00,1297.0,1644.1,7381.64,0.0,9847.0,1850.0,0.0,0.0,8530.0,2070.0,2290.0,0.0
2030-02-04 23:00:00,1297.0,1644.1,7381.64,2688.0192000000015,9847.0,1850.0,142.9547078172356,0.0,8530.0,2070.0,0.0,0.0
2030-02-05 00:00:00,1297.0,1644.1,7381.64,0.0,9847.0,1850.0,0.0,0.0,8530.0,2070.0,0.0,561.2
2030-02-05 01:00:00,1297.0,1644.1,7381.64,0.0,9847.0,1850.0,1950.0,0.0,8530.0,2070.0,2290.0,0.0
2030-02-05 02:00:00,1297.0,1644.1,7381.64,0.0,9847.0,1850.0,0.0,0.0,8530.0,2070.0,2290.0,0.0
2030-02-05 03:00:00,1297.0,1644.1,7381.64,0.0,9847.0,1850.0,177.13298359065084,0.0,8530.0,2070.0,0.0,0.0
2030-02-05 04:00:00,1297.0,1644.1,7381.64,0.0,9847.0,0.0,0.0,0.0,8530.0,2070.0,2290.0,0.0
2030-02-05 05:00:00,1297.0,1644.1,7381.64,0.0,9847.0,1850.0,0.0,0.0,8530.0,2070.0,2290.0,0.0
2030-02-05 06:00:00,1297.0,1644.1,7381.64,0.0,9847.0,1850.0,0.0,372.22915612824846,8530.0,2070.0,2290.0,0.0
2030-02-05 07:00:00,1297.0,1644.1,7381.64,0.0,9847.0,1850.0,1950.0,0.0,8530.0,2070.0,2290.0,0.0
2030-02-05 08:00:00,1297.0,1644.1,7381.64,0.0,9847.0,1850.0,1950.0,470.0000000000005,8530.0,2070.0,2290.0,0.0
2030-02-05 09:00:00,1297.0,1644.1,1793.2834702131,0.0,9847.0,1850.0,0.0,0.0,8530.0,2070.0,0.0,0.0
2030-02-05 10:00:00,1297.0,1644.1,0.0,0.0,9847.0,0.0,0.0,0.0,8530.0,0.0,0.0,0.0
2030-02-05 11:00:00,0.0,0.0,0.0,0.0,9847.0,0.0,0.0,0.0,8530.0,0.0,0.0,0.0
2030-02-05 12:00:00,0.0,0.0,0.0,0.0,9847.0,0.0,0.0,0.0,3637.808560408841,0.0,0.0,0.0
2030-02-05 13:00:00,0.0,0.0,0.0,0.0,9847.0,0.0,0.0,0.0,7294.132060004845,0.0,0.0,0.0
2030-02-05 14:00:00,1297.0,1644.1,0.0,0.0,9847.0,0.0,0.0,0.0,8530.0,0.0,0.0,0.0
2030-02-05 15:00:00,1297.0,1644.1,7381.64,0.0,9847.0,0.0,1771.4990184362732,0.0,8530.0,2070.0,2290.0,0.0
2030-02-05 16:00:00,1297.0,1644.1,7381.64,0.0,9847.0,1850.0,207.7528723929281,394.80000000000047,8530.0,2070.0,2290.0,0.0
2030-02-05 17:00:00,1297.0,1644.1,7381.64,0.0,9847.0,1850.0,0.0,0.0,8530.0,2070.0,0.0,0.0
2030-02-05 18:00:00,1297.0,1644.1,7381.64,0.0,9847.0,0.0,0.0,0.0,8530.0,2070.0,2290.0,0.0
2030-02-05 19:00:00,1297.0,1644.1,7381.64,0.0,9847.0,1850.0,0.0,0.0,8530.0,2070.0,2290.0,0.0
2030-02-05 20:00:00,1297.0,1644.1,7381.64,2688.0192000000015,9847.0,1850.0,1950.0,0.0,8530.0,2070.0,2290.0,0.0
2030-02-05 21:00:00,1297.0,1644.1,7381.64,0.0,9847.0,1850.0,0.0,0.0,8530.0,2070.0,0.0,0.0
2030-02-05 22:00:00,1297.0,1644.1,7381.64,3199.99,9847.0,1850.0,0.0,0.0,8530.0,2070.0,0.0,0.0
2030-02-05 23:00:00,1297.0,1644.1,7381.64,0.0,9847.0,1850.0,0.0,0.0,8530.0,2070.0,2290.0,0.0
2030-02-06 00:00:00,1297.0,1644.1,7381.64,0.0,9847.0,1850.0,0.0,0.0,8530.0,2070.0,0.0,0.0
2030-02-06 01:00:00,1297.0,1644.1,7381.64,0.0,9847.0,1850.0,0.0,0.0,8530.0,2070.0,0.0,0.0
2030-02-06 02:00:00,1297.0,1644.1,7381.64,0.0,9847.0,1850.0,0.0,0.0,8530.0,2070.0,2290.0,0.0
2030-02-06 03:00:00,1297.0,1644.1,7381.64,0.0,9847.0,1850.0,1950.0,470.0000000000005,8530.0,2070.0,0.0,0.0
2030-02-06 04:00:00,1297.0,1644.1,7381.64,0.0,9847.0,1850.0,0.0,0.0,8530.0,2070.0,2290.0,0.0
2030-02-06 05:00:00,1297.0,1644.1,7381.64,0.0,9847.0,1850.0,0.0,0.0,8530.0,598.2522110337965,2290.0,561.2
2030-02-06 06:00:00,1297.0,1644.1,7381.64,0.0,9847.0,1850.0,0.0,0.0,8530.0,2070.0,2290.0,0.0
2030-02-06 07:00:00,1297.0,1644.1,7381.64,0.0,9847.0,0.0,0.0,0.0,8530.0,19.817547139557288,2290.0,0.0
2030-02-06 08:00:00,1297.0,1644.1,7381.64,0.0,9847.0,1850.0,0.0,0.0,8530.0,19.817547139557288,2290.0,0.0
2030-02-06 09:00:00,1297.0,1644.1,7381.64,0.0,9847.0,1850.0,1950.0,0.0,8530.0,19.817547139557288,2290.0,0.0
2030-02-06 10:00:00,1297.0,1644.1,0.0,0.0,9847.0,0.0,0.0,0.0,8530.0,0.0,0.0,0.0
2030-02-06 11:00:00,634.1115801003562,0.0,0.0,0.0,9847.0,0.0,0.0,0.0,8530.0,0.0,0.0,0.0
2030-02-06 12:00:00,0.0,0.0,0.0,0.0,9847.0,0.0,0.0,0.0,6446.938752154643,0.0,0.0,0.0
2030-02-06 13:00:00,1297.0,338.07071037731157,0.0,0.0,9847.0,0.0,0.0,0.0,8530.0,0.0,0.0,0.0
2030-02-06 14:00:00,1297.0,1644.1,0.0,0.0,9847.0,0.0,0.0,0.0,8530.0,0.0,0.0,0.0
2030-02-06 15:00:00,1297.0,1644.1,7381.64,0.0,9847.0,0.0,0.0,0.0,8530.0,536.8747548718925,0.0,0.0
2030-02-06 16:00:00,1297.0,1644.1,7381.64,0.0,9847.0,1850.0,0.0,0.0,8530.0,2070.0,0.0,0.0
2030-02-06 17:00:00,1297.0,1644.1,7381.64,0.0,9847.0,1850.0,0.0,0.0,8530.0,2070.0,2290.0,0.0
2030-02-06 18:00:00,1297.0,1644.1,7381.64,0.0,9847.0,1850.0,1950.0,0.0,8530.0,0.0,420.1732033761077,0.0
2030-02-06 19:00:00,1297.0,1644.1,7381.64,0.0,9847.0,1850.0,1950.0,0.0,8530.0,88.13612305549759,266.135068641358,0.0
2030-02-06 20:00:00,1297.0,1644.1,7381.64,0.0,9847.0,1850.0,0.0,0.0,8530.0,153.33114060774113,2290.0,0.0
2030-02-06 21:00:00,1297.0,1644.1,7381.64,0.0,9847.0,1850.0,0.0,464.37143595126497,8530.0,0.0,2290.0,0.0
2030-02-06 22:00:00,1297.0,1644.1,7381.64,0.0,9847.0,657.1277375636273,1950.0,0.0,8530.0,0.0,2290.0,0.0
2030-02-06 23:00:00,1297.0,1644.1,7381.64,2688.0192000000015,9847.0,1850.0,0.0,0.0,8530.0,59.452641418671874,0.0,0.0
2030-02-07 00:00:00,1297.0,1644.1,7381.64,0.0,9847.0,1850.0,0.0,0.0,8530.0,19.817547139557288,2290.0,0.0
2030-02-07 01:00:00,1297.0,1644.1,7381.64,0.0,9847.0,1850.0,0.0,0.0,8530.0,19.817547139557288,0.0,0.0
2030-02-07 02:00:00,1297.0,1644.1,7381.64,0.0,9847.0,1850.0,0.0,0.0,8530.0,19.817547139557288,0.0,0.0
2030-02-07 03:00:00,1297.0,1644.1,7381.64,0.0,9847.0,1850.0,21.659481193652027,0.0,8530.0,19.817547139557288,2290.0,0.0
2030-02-07 04:00:00,1297.0,1644.1,7381.64,0.0,9847.0,1850.0,0.0,0.0,8530.0,0.0,2290.0,0.0
2030-02-07 05:00:00,1297.0,1644.1,7381.64,0.0,9847.0,1850.0,0.0,0.0,8530.0,39.635094279114575,2290.0,0.0
2030-02-07 06:00:00,1297.0,1644.1,7381.64,0.0,9847.0,1850.0,878.3405188063479,400.428564048736,8530.0,0.0,2290.0,561.2
2030-02-07 07:00:00,1297.0,1644.1,7381.64,0.0,9847.0,1850.0,0.0,0.0,8530.0,39.635094279114575,2290.0,0.0
2030-02-07 08:00:00,1297.0,1644.1,0.0,3199.99,9847.0,1850.0,1950.0,0.0,8530.0,19.817547139557288,2290.0,0.0
2030-02-07 09:00:00,1297.0,1644.1,0.0,0.0,9847.0,0.0,0.0,0.0,8530.0,0.0,0.0,0.0
2030-02-07 10:00:00,0.0,0.0,0.0,0.0,9847.0,0.0,0.0,0.0,8530.0,0.0,0.0,0.0
2030-02-07 11:00:00,0.0,0.0,0.0,0.0,9847.0,0.0,0.0,0.0,5433.942466131464,0.0,0.0,0.0
2030-02-07 12:00:00,0.0,0.0,0.0,0.0,9534.758383852866,0.0,0.0,0.0,4766.915369596727,0.0,0.0,0.0
2030-02-07 13:00:00,0.0,0.0,0.0,0.0,6613.107617262591,0.0,0.0,0.0,5113.1273821759805,0.0,0.0,0.0
2030-02-07 14:00:00,0.0,0.0,0.0,0.0,5774.806396862754,0.0,0.0,0.0,6497.970174922686,0.0,0.0,0.0
2030-02-07 15:00:00,0.0,0.0,0.0,0.0,9847.0,0.0,0.0,0.0,7862.474750157231,0.0,0.0,0.0
2030-02-07 16:00:00,1297.0,159.10112612390367,0.0,0.0,9847.0,0.0,0.0,0.0,8530.0,0.0,0.0,0.0
2030-02-07 17:00:00,1297.0,1644.1,0.0,3199.99,9847.0,0.0,1950.0,470.0000000000005,8530.0,0.0,0.0,0.0
2030-02-07 18:00:00,0.0,0.0,0.0,0.0,9847.0,0.0,0.0,0.0,8530.0,0.0,0.0,0.0
2030-02-07 19:00:00,0.0,0.0,0.0,0.0,9847.0,0.0,0.0,0.0,8530.0,0.0,0.0,0.0
2030-02-07 20:00:00,0.0,0.0,0.0,0.0,9847.0,0.0,0.0,0.0,8530.0,0.0,0.0,0.0
2030-02-07 21:00:00,0.0,0.0,0.0,0.0,9847.0,0.0,0.0,0.0,8530.0,0.0,0.0,0.0
2030-02-07 22:00:00,0.0,0.0,0.0,0.0,9847.0,0.0,0.0,0.0,8530.0,0.0,0.0,0.0
2030-02-07 23:00:00,0.0,0.0,0.0,0.0,9847.0,0.0,0.0,0.0,8530.0,0.0,0.0,0.0
2030-02-08 00:00:00,0.0,0.0,0.0,0.0,9847.0,0.0,1950.0,470.0000000000005,8530.0,0.0,0.0,0.0
2030-02-08 01:00:00,0.0,0.0,0.0,0.0,9847.0,0.0,485.86376110461663,182.10918078853624,8530.0,0.0,0.0,0.0
2030-02-08 02:00:00,0.0,0.0,0.0,0.0,9847.0,0.0,0.0,212.69081921146426,8530.0,0.0,0.0,0.0
2030-02-08 03:00:00,0.0,0.0,0.0,0.0,9847.0,0.0,0.0,0.0,8530.0,0.0,0.0,0.0
2030-02-08 04:00:00,0.0,0.0,0.0,0.0,9847.0,0.0,0.0,0.0,8530.0,0.0,0.0,0.0
2030-02-08 05:00:00,0.0,0.0,0.0,0.0,9847.0,0.0,0.0,0.0,8530.0,0.0,0.0,0.0
2030-02-08 06:00:00,1297.0,1644.1,0.0,1590.8538216965503,9847.0,0.0,1950.0,394.80000000000047,8530.0,0.0,0.0,561.2
2030-02-08 07:00:00,1297.0,1644.1,0.0,3199.99,9847.0,0.0,1950.0,470.0000000000005,8530.0,0.0,0.0,0.0
2030-02-08 08:00:00,1297.0,1644.1,0.0,1097.1653783034508,9847.0,0.0,1950.0,0.0,8530.0,0.0,0.0,0.0
2030-02-08 09:00:00,0.0,0.0,0.0,0.0,9847.0,0.0,0.0,0.0,5517.712872419471,0.0,0.0,0.0
2030-02-08 10:00:00,0.0,0.0,0.0,0.0,9847.0,0.0,0.0,0.0,2865.3377266895723,0.0,0.0,0.0
2030-02-08 11:00:00,0.0,0.0,0.0,0.0,9847.0,0.0,0.0,0.0,1736.0356116181551,0.0,0.0,0.0
2030-02-08 12:00:00,0.0,0.0,0.0,0.0,9847.0,0.0,0.0,0.0,1516.2479878126605,0.0,0.0,0.0
2030-02-08 13:00:00,0.0,0.0,0.0,0.0,9847.0,0.0,0.0,0.0,1896.3358427286735,0.0,0.0,0.0
2030-02-08 14:00:00,0.0,0.0,0.0,0.0,9847.0,0.0,0.0,0.0,4702.79653573829,0.0,0.0,0.0
2030-02-08 15:00:00,1297.0,1644.1,0.0,0.0,9847.0,0.0,0.0,0.0,8530.0,0.0,0.0,0.0
2030-02-08 16:00:00,1297.0,1644.1,7381.64,0.0,9847.0,1850.0,0.0,0.0,8530.0,2070.0,2290.0,0.0
2030-02-08 17:00:00,1297.0,1644.1,7381.64,0.0,9847.0,1850.0,0.0,0.0,8530.0,2070.0,2290.0,0.0
2030-02-08 18:00:00,1297.0,1644.1,7381.64,1759.2105847237024,9847.0,1850.0,1950.0,0.0,8530.0,2070.0,2290.0,0.0
2030-02-08 19:00:00,1297.0,1644.1,7381.64,0.0,9847.0,1850.0,0.0,470.0000000000005,8530.0,2070.0,1753.1759160096476,0.0
2030-02-08 20:00:00,1297.0,1644.1,7381.64,0.0,9847.0,1850.0,1950.0,0.0,8530.0,2070.0,2290.0,0.0
2030-02-08 21:00:00,1297.0,1644.1,7381.64,0.0,9847.0,1850.0,1950.0,394.80000000000047,8530.0,2070.0,2290.0,0.0
2030-02-08 22:00:00,1297.0,1644.1,7381.64,0.0,9847.0,1850.0,0.0,0.0,8530.0,2070.0,2290.0,0.0
2030-02-08 23:00:00,1297.0,1644.1,7381.64,0.0,9847.0,1850.0,0.0,0.0,8530.0,2070.0,2125.1888127377697,0.0
2030-02-09 00:00:00,1297.0,1644.1,7381.64,0.0,9847.0,0.0,0.0,0.0,8530.0,2070.0,2290.0,0.0
2030-02-09 01:00:00,1297.0,1644.1,7381.64,3199.99,9847.0,1850.0,0.0,0.0,8530.0,2070.0,2290.0,0.0
2030-02-09 02:00:00,1297.0,1644.1,7381.64,928.808615276299,9847.0,1850.0,0.0,0.0,8530.0,2070.0,0.0,0.0
2030-02-09 03:00:00,1297.0,1644.1,0.0,0.0,9847.0,1850.0,899.9999999999998,0.0,8530.0,2070.0,0.0,0.0
2030-02-09 04:00:00,1297.0,1644.1,0.0,0.0,9847.0,1850.0,1950.0,0.0,8530.0,2070.0,2290.0,0.0
2030-02-09 05:00:00,1297.0,1644.1,0.0,0.0,9847.0,1850.0,0.0,0.0,8530.0,0.0,2290.0,0.0
2030-02-09 06:00:00,1297.0,1644.1,0.0,0.0,9847.0,0.0,0.0,0.0,8530.0,980.8963706775766,2290.0,561.2
2030-02-09 07:00:00,1297.0,1644.1,0.0,0.0,9847.0,1850.0,0.0,0.0,8530.0,19.817547139557288,2290.0,0.0
2030-02-09 08:00:00,1297.0,1644.1,0.0,0.0,9847.0,1850.0,0.0,0.0,8530.0,0.0,0.0,0.0
2030-02-09 09:00:00,0.0,0.0,0.0,0.0,9847.0,0.0,0.0,0.0,7760.9898723487695,0.0,0.0,0.0
2030-02-09 10:00:00,0.0,0.0,0.0,0.0,9847.0,0.0,0.0,0.0,1770.6515043853665,0.0,0.0,0.0
2030-02-09 11:00:00,0.0,0.0,0.0,0.0,9847.0,0.0,0.0,0.0,707.0305001432043,0.0,0.0,0.0
2030-02-09 12:00:00,0.0,0.0,0.0,0.0,9847.0,0.0,0.0,0.0,578.5057597421574,0.0,0.0,0.0
2030-02-09 13:00:00,0.0,0.0,0.0,0.0,9847.0,0.0,0.0,0.0,1850.891789235262,0.0,0.0,0.0
2030-02-09 14:00:00,0.0,0.0,0.0,0.0,9847.0,0.0,0.0,0.0,3519.1055179885216,0.0,0.0,0.0
2030-02-09 15:00:00,0.0,0.0,0.0,0.0,9847.0,0.0,0.0,0.0,4948.407563418116,0.0,0.0,0.0
2030-02-09 16:00:00,0.0,0.0,0.0,0.0,9847.0,0.0,0.0,0.0,6638.9211107361825,0.0,0.0,0.0
2030-02-09 17:00:00,0.0,0.0,0.0,0.0,9847.0,0.0,1950.0,470.0000000000005,8530.0,0.0,0.0,561.2
2030-02-09 18:00:00,0.0,0.0,0.0,0.0,9847.0,0.0,269.8950279790288,325.61600000000044,8530.0,0.0,0.0,0.0
2030-02-09 19:00:00,0.0,0.0,0.0,0.0,9847.0,0.0,0.0,0.0,8530.0,0.0,0.0,0.0
2030-02-09 20:00:00,0.0,0.0,0.0,0.0,9847.0,0.0,0.0,0.0,8530.0,0.0,0.0,0.0
2030-02-09 21:00:00,0.0,0.0,0.0,0.0,9847.0,0.0,0.0,0.0,8530.0,0.0,0.0,0.0
2030-02-09 22:00:00,1297.0,1644.1,0.0,0.0,9847.0,0.0,1950.0,0.0,8530.0,0.0,0.0,0.0
2030-02-09 23:00:00,1297.0,1644.1,0.0,0.0,9847.0,0.0,705.4808173320491,0.0,8530.0,0.0,0.0,0.0
2030-02-10 00:00:00,1297.0,1644.1,0.0,0.0,9847.0,0.0,0.0,0.0,8530.0,0.0,0.0,0.0
2030-02-10 01:00:00,1297.0,1644.1,0.0,0.0,9847.0,0.0,802.7443809483875,397.80800000000045,8530.0,0.0,0.0,0.0
2030-02-10 02:00:00,1297.0,1644.1,0.0,0.0,9847.0,0.0,1422.7443099234279,0.0,8530.0,0.0,0.0,0.0
2030-02-10 03:00:00,1297.0,1644.1,0.0,0.0,9847.0,0.0,0.0,0.0,8530.0,0.0,0.0,0.0
2030-02-10 04:00:00,1297.0,1644.1,0.0,0.0,9847.0,0.0,0.0,0.0,8530.0,0.0,0.0,0.0
2030-02-10 05:00:00,1297.0,1644.1,0.0,0.0,9847.0,0.0,0.0,0.0,8530.0,631.095844290031,0.0,0.0
2030-02-10 06:00:00,1297.0,1644.1,0.0,2688.0192000000015,9847.0,0.0,1950.0,394.80000000000047,8530.0,1520.9866119056396,0.0,0.0
2030-02-10 07:00:00,1297.0,1644.1,0.0,3199.99,9847.0,270.418609068902,1950.0,470.0000000000005,8530.0,2070.0,2290.0,561.2
2030-02-10 08:00:00,1297.0,1644.1,0.0,0.0,9847.0,0.0,0.0,0.0,8530.0,0.0,0.0,0.0
2030-02-10 09:00:00,0.0,0.0,0.0,0.0,9847.0,0.0,0.0,0.0,7174.412712123643,0.0,0.0,0.0
2030-02-10 10:00:00,0.0,0.0,0.0,0.0,9847.0,0.0,0.0,0.0,2973.8316585576786,0.0,0.0,0.0
2030-02-10 11:00:00,0.0,0.0,0.0,0.0,9847.0,0.0,0.0,0.0,2523.117164402085,0.0,0.0,0.0
2030-02-10 12:00:00,0.0,0.0,0.0,0.0,6257.8083973186,0.0,0.0,0.0,1150.1942544963567,0.0,0.0,0.0
2030-02-10 13:00:00,0.0,0.0,0.0,0.0,3785.8485955465876,0.0,0.0,0.0,1871.9059427562138,0.0,0.0,0.0
2030-02-10 14:00:00,0.0,0.0,0.0,0.0,3901.4061237449205,0.0,0.0,0.0,3302.6985387294662,0.0,0.0,0.0
2030-02-10 15:00:00,1297.0,1644.1,0.0,0.0,8839.173681282511,0.0,0.0,0.0,8530.0,0.0,0.0,0.0
2030-02-10 16:00:00,1297.0,1644.1,7381.64,0.0,9847.0,0.0,0.0,0.0,8530.0,591.5856567151427,0.0,0.0
2030-02-10 17:00:00,1297.0,1644.1,7381.64,0.0,9847.0,0.0,1950.0,325.61600000000044,8530.0,2070.0,1774.9387553845472,0.0
2030-02-10 18:00:00,1297.0,1644.1,7381.64,2688.0192000000015,9847.0,0.0,0.0,470.0000000000005,8530.0,2070.0,0.0,0.0
2030-02-10 19:00:00,1297.0,1644.1,0.0,0.0,9847.0,0.0,0.0,0.0,8530.0,2070.0,396.9651000298568,0.0
2030-02-10 20:00:00,1297.0,1644.1,0.0,0.0,9847.0,0.0,0.0,0.0,8530.0,1996.4898967911101,0.0,0.0
2030-02-10 21:00:00,1297.0,1644.1,0.0,0.0,9847.0,0.0,0.0,0.0,8530.0,1599.0936578351616,0.0,0.0
2030-02-10 22:00:00,1297.0,1644.1,0.0,0.0,9847.0,1850.0,870.6346682465655,0.0,8530.0,2070.0,2290.0,0.0
2030-02-10 23:00:00,1297.0,1644.1,0.0,0.0,9847.0,0.0,960.2256749724161,0.0,8530.0,2070.0,1509.0452155539078,0.0
2030-02-11 00:00:00,1297.0,1644.1,0.0,0.0,9847.0,1850.0,1950.0,0.0,8530.0,2070.0,2290.0,0.0
2030-02-11 01:00:00,1297.0,1644.1,0.0,0.0,9847.0,1850.0,1950.0,0.0,8530.0,87.28149717426648,2290.0,0.0
2030-02-11 02:00:00,1297.0,1644.1,0.0,0.0,9847.0,1850.0,1950.0,394.80000000000047,8530.0,2070.0,2290.0,561.2
2030-02-11 03:00:00,1297.0,1644.1,0.0,0.0,9847.0,0.0,0.0,470.0000000000005,8530.0,2070.0,2290.0,0.0
2030-02-11 04:00:00,1297.0,1644.1,0.0,0.0,9847.0,0.0,0.0,0.0,8530.0,0.0,2290.0,0.0
2030-02-11 05:00:00,1297.0,1644.1,4308.763762965536,0.0,9847.0,0.0,0.0,0.0,8530.0,0.0,0.0,0.0
2030-02-11 06:00:00,1297.0,1644.1,0.0,0.0,9847.0,0.0,0.0,0.0,8530.0,2070.0,2290.0,0.0
2030-02-11 07:00:00,1297.0,1644.1,0.0,3199.99,9847.0,0.0,1950.0,470.0000000000005,8530.0,19.817547139557288,0.0,0.0
2030-02-11 08:00:00,1297.0,1644.1,0.0,0.0,9847.0,0.0,0.0,0.0,8530.0,0.0,0.0,0.0
2030-02-11 09:00:00,1297.0,945.5700083107431,0.0,0.0,9847.0,0.0,0.0,0.0,8530.0,0.0,0.0,0.0
2030-02-11 10:00:00,0.0,0.0,0.0,0.0,9847.0,0.0,0.0,0.0,5218.114283906662,0.0,0.0,0.0
2030-02-11 11:00:00,0.0,0.0,0.0,0.0,6735.963282339348,0.0,0.0,0.0,3548.0202727049464,0.0,0.0,0.0
2030-02-11 12:00:00,0.0,0.0,0.0,0.0,659.0618016445296,0.0,0.0,0.0,3275.033441893979,0.0,0.0,0.0
2030-02-11 13:00:00,0.0,0.0,0.0,0.0,0.0,0.0,0.0,0.0,3748.2978629327936,0.0,0.0,0.0
2030-02-11 14:00:00,0.0,0.0,0.0,0.0,0.0,0.0,0.0,0.0,5151.451210713751,0.0,0.0,0.0
2030-02-11 15:00:00,1297.0,1644.1,0.0,0.0,3576.669426619148,0.0,0.0,0.0,8530.0,0.0,0.0,0.0
2030-02-11 16:00:00,1297.0,1644.1,7381.64,0.0,9847.0,0.0,0.0,0.0,8530.0,2070.0,0.0,0.0
2030-02-11 17:00:00,1297.0,1644.1,7381.64,0.0,9847.0,219.00195783080244,1950.0,297.59153440026745,8530.0,2070.0,0.0,0.0
2030-02-11 18:00:00,1297.0,1644.1,7381.64,0.0,9847.0,1850.0,0.0,100.21646559973306,8530.0,2070.0,2290.0,0.0
2030-02-11 19:00:00,1297.0,1644.1,7381.64,0.0,9847.0,204.97582562200841,0.0,0.0,8530.0,2070.0,2290.0,0.0
2030-02-11 20:00:00,1297.0,1644.1,7381.64,0.0,9847.0,0.0,0.0,0.0,8530.0,1544.3026566790954,2290.0,0.0
2030-02-11 21:00:00,1297.0,1644.1,7381.64,0.0,9847.0,1850.0,1579.3695239158114,0.0,8530.0,19.817547139557288,2290.0,0.0
2030-02-11 22:00:00,1297.0,1644.1,7381.64,0.0,9847.0,1850.0,0.0,0.0,8530.0,19.817547139557288,2290.0,0.0
2030-02-11 23:00:00,1297.0,1644.1,7381.64,0.0,9847.0,1850.0,1950.0,0.0,8530.0,19.817547139557288,0.0,0.0
2030-02-12 00:00:00,1297.0,1644.1,7381.64,0.0,9847.0,1850.0,0.0,0.0,8530.0,0.0,2290.0,0.0
2030-02-12 01:00:00,1297.0,1644.1,7381.64,0.0,9847.0,1850.0,1689.9115211709286,0.0,8530.0,41.91892570582272,0.0,0.0
2030-02-12 02:00:00,1297.0,1644.1,7381.64,0.0,9847.0,1850.0,77.87175902728504,0.0,8530.0,20.95946285291136,2290.0,561.2
2030-02-12 03:00:00,1297.0,1644.1,7381.64,0.0,9847.0,1850.0,0.0,470.0000000000005,8530.0,20.95946285291136,812.672565735756,0.0
2030-02-12 04:00:00,1297.0,1644.1,7381.64,0.0,9847.0,1850.0,0.0,394.80000000000047,8530.0,20.95946285291136,2290.0,0.0
2030-02-12 05:00:00,1297.0,1644.1,7381.64,2688.0192000000015,9847.0,1850.0,0.0,0.0,8530.0,20.95946285291136,2290.0,0.0
2030-02-12 06:00:00,1297.0,1644.1,7381.64,0.0,9847.0,1850.0,0.0,0.0,8530.0,0.0,2290.0,0.0
2030-02-12 07:00:00,1297.0,1644.1,7381.64,0.0,9847.0,1850.0,0.0,0.0,8530.0,0.0,0.0,0.0
2030-02-12 08:00:00,1297.0,1644.1,0.0,3199.99,9847.0,1850.0,1950.0,0.0,8530.0,62.87838855873407,0.0,0.0
2030-02-12 09:00:00,1297.0,1644.1,0.0,0.0,9847.0,0.0,0.0,0.0,8530.0,0.0,0.0,0.0
2030-02-12 10:00:00,0.0,0.0,0.0,0.0,9847.0,0.0,0.0,0.0,3497.526873815913,0.0,0.0,0.0
2030-02-12 11:00:00,0.0,0.0,0.0,0.0,9847.0,0.0,0.0,0.0,2357.4370393847594,0.0,0.0,0.0
2030-02-12 12:00:00,0.0,0.0,0.0,0.0,9847.0,0.0,0.0,0.0,1941.3929013720272,0.0,0.0,0.0
2030-02-12 13:00:00,0.0,0.0,0.0,0.0,9847.0,0.0,0.0,0.0,2793.0761780344283,0.0,0.0,0.0
2030-02-12 14:00:00,0.0,0.0,0.0,0.0,9847.0,0.0,0.0,0.0,4651.1471964535995,0.0,0.0,0.0
2030-02-12 15:00:00,1297.0,1644.1,0.0,0.0,9847.0,0.0,0.0,0.0,8530.0,0.0,0.0,0.0
2030-02-12 16:00:00,1297.0,1644.1,7381.64,0.0,9847.0,1850.0,1461.547977344657,0.0,8530.0,2070.0,2290.0,0.0
2030-02-12 17:00:00,1297.0,1644.1,7381.64,0.0,9847.0,1850.0,1950.0,394.80000000000047,8530.0,2070.0,2290.0,0.0
2030-02-12 18:00:00,1297.0,1644.1,7381.64,0.0,9847.0,0.0,1388.4520226553432,0.0,8530.0,2070.0,0.0,0.0
2030-02-12 19:00:00,1297.0,1644.1,7381.64,0.0,9847.0,1850.0,0.0,0.0,8530.0,2070.0,2290.0,0.0
2030-02-12 20:00:00,1297.0,1644.1,7381.64,0.0,9847.0,1850.0,1950.0,0.0,8530.0,2070.0,2290.0,0.0
2030-02-12 21:00:00,1297.0,1644.1,4701.754068800729,0.0,9847.0,1850.0,0.0,0.0,8530.0,691.9391029270248,0.0,0.0
2030-02-12 22:00:00,1297.0,1644.1,7381.64,0.0,9847.0,1850.0,1950.0,0.0,8530.0,20.95946285291136,2290.0,0.0
2030-02-12 23:00:00,1297.0,1644.1,7381.64,0.0,9847.0,1850.0,0.0,0.0,8530.0,0.0,2290.0,0.0
2030-02-13 00:00:00,1297.0,1644.1,7381.64,0.0,9847.0,1850.0,0.0,0.0,8530.0,0.0,2290.0,0.0
2030-02-13 01:00:00,1297.0,1644.1,7381.64,0.0,9847.0,1850.0,0.0,0.0,8530.0,62.87838855873407,2290.0,0.0
2030-02-13 02:00:00,1297.0,1644.1,7381.64,3199.99,9847.0,1850.0,0.0,0.0,8530.0,0.0,0.0,0.0
2030-02-13 03:00:00,1297.0,1644.1,7381.64,0.0,9847.0,1850.0,0.0,0.0,8530.0,0.0,2290.0,0.0
2030-02-13 04:00:00,1297.0,1644.1,7381.64,0.0,9847.0,1850.0,0.0,470.0000000000005,8530.0,62.87838855873407,0.0,0.0
2030-02-13 05:00:00,1297.0,1644.1,7381.64,0.0,9847.0,1850.0,0.0,0.0,8530.0,20.95946285291136,2290.0,0.0
2030-02-13 06:00:00,1297.0,1644.1,7381.64,0.0,9847.0,0.0,0.0,0.0,8530.0,0.0,2290.0,0.0
2030-02-13 07:00:00,1297.0,1644.1,7381.64,0.0,9847.0,1850.0,0.0,0.0,8530.0,41.91892570582272,2290.0,0.0
2030-02-13 08:00:00,1297.0,1644.1,7381.64,0.0,9847.0,1850.0,0.0,0.0,8530.0,20.95946285291136,2290.0,0.0
2030-02-13 09:00:00,1297.0,1644.1,7381.64,0.0,9847.0,1631.6896714851027,0.0,0.0,8530.0,20.95946285291136,0.0,561.2
2030-02-13 10:00:00,1297.0,1644.1,7381.64,0.0,9847.0,1850.0,0.0,0.0,8530.0,20.95946285291136,2290.0,0.0
2030-02-13 11:00:00,1297.0,1644.1,6298.96495265983,0.0,9847.0,681.7225287429401,0.0,0.0,8530.0,0.0,0.0,0.0
2030-02-13 12:00:00,1297.0,1644.1,0.0,0.0,9847.0,0.0,0.0,0.0,8530.0,0.0,0.0,0.0
2030-02-13 13:00:00,1297.0,1644.1,0.0,0.0,9847.0,0.0,0.0,0.0,8530.0,0.0,0.0,0.0
2030-02-13 14:00:00,1297.0,1644.1,7381.64,0.0,9847.0,0.0,0.0,0.0,8530.0,0.0,0.0,0.0
2030-02-13 15:00:00,1297.0,1644.1,7381.64,0.0,9847.0,0.0,0.0,0.0,8530.0,0.0,269.1681055744775,0.0
2030-02-13 16:00:00,1297.0,1644.1,7381.64,0.0,9847.0,1651.081182352238,0.0,0.0,8530.0,125.75677711746815,0.0,0.0
2030-02-13 17:00:00,1297.0,1644.1,7381.64,0.0,9847.0,1850.0,1950.0,0.0,8530.0,20.95946285291136,2290.0,0.0
2030-02-13 18:00:00,1297.0,1644.1,7381.64,0.0,9847.0,1850.0,0.0,0.0,8530.0,20.95946285291136,2290.0,0.0
2030-02-13 19:00:00,1297.0,1644.1,7381.64,0.0,9847.0,1850.0,0.0,0.0,8530.0,20.95946285291136,2290.0,0.0
2030-02-13 20:00:00,1297.0,1644.1,7381.64,0.0,9847.0,0.0,0.0,0.0,8530.0,20.95946285291136,2290.0,0.0
2030-02-13 21:00:00,1297.0,1644.1,7381.64,0.0,9847.0,1456.3441358070704,1950.0,0.0,8530.0,20.95946285291136,0.0,0.0
2030-02-13 22:00:00,1297.0,1644.1,7381.64,2688.0192000000015,9847.0,1850.0,0.0,394.80000000000047,8530.0,20.95946285291136,0.0,0.0
2030-02-13 23:00:00,1297.0,1644.1,0.0,0.0,9847.0,1850.0,0.0,0.0,8530.0,20.95946285291136,2290.0,0.0
2030-02-14 00:00:00,1297.0,1644.1,0.0,0.0,9847.0,0.0,0.0,0.0,8530.0,20.95946285291136,2290.0,0.0
2030-02-14 01:00:00,1297.0,1644.1,0.0,0.0,9847.0,1850.0,0.0,0.0,8530.0,0.0,2290.0,0.0
2030-02-14 02:00:00,1297.0,1644.1,0.0,0.0,9847.0,1850.0,686.5676749192653,470.0000000000005,8530.0,41.91892570582272,2290.0,0.0
2030-02-14 03:00:00,1297.0,1644.1,0.0,0.0,9847.0,0.0,0.0,0.0,8530.0,0.0,2290.0,0.0
2030-02-14 04:00:00,1297.0,1644.1,0.0,0.0,9847.0,0.0,0.0,0.0,8530.0,41.91892570582272,2290.0,0.0
2030-02-14 05:00:00,1297.0,1644.1,0.0,0.0,9847.0,0.0,0.0,0.0,8530.0,0.0,2290.0,0.0
2030-02-14 06:00:00,1297.0,1644.1,7381.64,0.0,9847.0,1850.0,1950.0,470.0000000000005,8530.0,41.91892570582272,2290.0,0.0
2030-02-14 07:00:00,1297.0,1644.1,7381.64,0.0,9847.0,1850.0,0.0,325.61600000000044,8530.0,20.95946285291136,0.0,0.0
2030-02-14 08:00:00,1297.0,1644.1,0.0,0.0,9847.0,1850.0,1158.4543788939918,0.0,8530.0,20.95946285291136,0.0,561.2
2030-02-14 09:00:00,155.9086067588002,73.5580303079119,0.0,0.0,9847.0,0.0,0.0,0.0,132.8797706274854,0.0,0.0,0.0
2030-02-14 10:00:00,0.0,73.5580303079119,0.0,0.0,9847.0,0.0,0.0,0.0,0.0,0.0,0.0,0.0
2030-02-14 11:00:00,0.0,73.5580303079119,0.0,0.0,9847.0,0.0,0.0,0.0,0.0,0.0,0.0,0.0
2030-02-14 12:00:00,467.7258202764006,73.5580303079119,0.0,0.0,9847.0,0.0,0.0,0.0,0.0,0.0,0.0,0.0
2030-02-14 13:00:00,0.0,73.5580303079119,0.0,0.0,9847.0,0.0,0.0,0.0,0.0,0.0,0.0,0.0
2030-02-14 14:00:00,0.0,0.0,0.0,0.0,9847.0,0.0,0.0,0.0,0.0,0.0,0.0,0.0
2030-02-14 15:00:00,467.7258202764006,147.1160606158238,0.0,0.0,9847.0,0.0,0.0,0.0,99.30441664993532,0.0,0.0,0.0
2030-02-14 16:00:00,155.9086067588002,73.5580303079119,0.0,0.0,9847.0,0.0,0.0,0.0,1226.3475868994628,0.0,0.0,0.0
2030-02-14 17:00:00,155.9086067588002,73.5580303079119,0.0,0.0,9847.0,1850.0,1950.0,470.0000000000005,2579.7852218943526,0.0,0.0,0.0
2030-02-14 18:00:00,155.9086067588002,73.5580303079119,0.0,0.0,9847.0,0.0,1323.4957715231963,0.0,2950.130713078742,0.0,0.0,0.0
2030-02-14 19:00:00,0.0,0.0,0.0,0.0,9847.0,0.0,1154.369228476804,0.0,2431.467047786594,230.55409138202495,0.0,0.0
2030-02-14 20:00:00,0.0,0.0,0.0,0.0,9847.0,0.0,0.0,0.0,2431.790666494694,0.0,0.0,0.0
2030-02-14 21:00:00,0.0,0.0,0.0,0.0,9847.0,0.0,407.1795716632763,470.0000000000005,2378.360076474045,0.0,0.0,0.0
2030-02-14 22:00:00,0.0,0.0,0.0,0.0,9847.0,0.0,0.0,0.0,2579.842513054493,0.0,0.0,0.0
2030-02-14 23:00:00,0.0,0.0,0.0,0.0,9847.0,32.28514079637044,0.0,0.0,2535.7182599713587,0.0,0.0,0.0
2030-02-15 00:00:00,0.0,0.0,0.0,0.0,9847.0,0.0,0.0,0.0,1714.0571510313234,0.0,0.0,0.0
2030-02-15 01:00:00,0.0,0.0,0.0,0.0,9847.0,0.0,0.0,322.6080000000005,1842.1040223006844,0.0,0.0,0.0
2030-02-15 02:00:00,0.0,0.0,0.0,774.8852748962762,9847.0,0.0,0.0,0.0,1880.1420884089102,0.0,0.0,0.0
2030-02-15 03:00:00,0.0,0.0,0.0,0.0,8989.614291846157,0.0,0.0,0.0,2175.878853178522,0.0,0.0,0.0
2030-02-15 04:00:00,0.0,0.0,0.0,0.0,3237.429694197788,0.0,0.0,0.0,2492.50838945903,0.0,0.0,0.0
2030-02-15 05:00:00,0.0,0.0,0.0,3199.99,5941.019246680451,0.0,0.0,0.0,2134.060283632547,209.5946285291136,0.0,0.0
2030-02-15 06:00:00,0.0,0.0,0.0,0.0,9847.0,0.0,396.2044674002973,394.80000000000047,1903.6832170295256,0.0,0.0,0.0
2030-02-15 07:00:00,0.0,0.0,0.0,0.0,9847.0,0.0,1798.8974368114723,470.0000000000005,1443.0914947624528,0.0,0.0,0.0
2030-02-15 08:00:00,0.0,0.0,0.0,3199.99,9767.92661554765,0.0,0.0,0.0,921.2008642226883,62.87838855873407,0.0,0.0
2030-02-15 09:00:00,0.0,0.0,0.0,0.0,4455.3024291655165,0.0,0.0,0.0,567.9427500169186,0.0,0.0,0.0
2030-02-15 10:00:00,0.0,0.0,0.0,0.0,1224.8477602933272,0.0,0.0,0.0,135.4617727561499,0.0,0.0,0.0
2030-02-15 11:00:00,0.0,0.0,0.0,2237.405407999999,0.0,0.0,0.0,0.0,0.0,0.0,0.0,0.0
2030-02-15 12:00:00,0.0,0.0,0.0,0.0,0.0,0.0,0.0,0.0,0.0,0.0,0.0,0.0
2030-02-15 13:00:00,0.0,0.0,0.0,3199.99,0.0,0.0,0.0,0.0,0.0,0.0,0.0,0.0
2030-02-15 14:00:00,0.0,0.0,0.0,0.0,0.0,0.0,0.0,0.0,0.0,0.0,0.0,0.0
2030-02-15 15:00:00,0.0,0.0,0.0,0.0,0.0,0.0,0.0,0.0,0.0,0.0,0.0,0.0
2030-02-15 16:00:00,0.0,0.0,0.0,3199.99,0.0,0.0,0.0,0.0,420.48858156626966,0.0,0.0,0.0
2030-02-15 17:00:00,0.0,0.0,0.0,2237.405407999999,6385.255873720147,0.0,0.0,0.0,1196.2031766483742,0.0,0.0,0.0
2030-02-15 18:00:00,0.0,0.0,0.0,0.0,4991.825014225338,0.0,0.0,0.0,1558.0809777878394,0.0,0.0,0.0
2030-02-15 19:00:00,0.0,0.0,0.0,0.0,2178.550555845475,0.0,0.0,0.0,1272.1625616683737,0.0,0.0,0.0
2030-02-15 20:00:00,0.0,0.0,0.0,0.0,481.6283300156065,0.0,0.0,0.0,1064.907039169384,0.0,0.0,0.0
2030-02-15 21:00:00,0.0,0.0,0.0,0.0,4000.774038718453,0.0,0.0,0.0,994.5663902939586,0.0,0.0,0.0
2030-02-15 22:00:00,0.0,0.0,0.0,0.0,9847.0,0.0,0.0,0.0,1127.7921293787676,0.0,0.0,0.0
2030-02-15 23:00:00,0.0,0.0,0.0,0.0,9847.0,0.0,0.0,0.0,1077.5599035803607,0.0,0.0,0.0
2030-02-16 00:00:00,0.0,0.0,0.0,0.0,9847.0,0.0,0.0,0.0,471.7026539161311,0.0,0.0,0.0
2030-02-16 01:00:00,0.0,0.0,0.0,0.0,9847.0,1214.5934385917353,0.0,0.0,636.5611601847709,0.0,0.0,0.0
2030-02-16 02:00:00,0.0,0.0,0.0,0.0,9847.0,0.0,1366.162392782906,0.0,683.5749634701342,0.0,0.0,0.0
2030-02-16 03:00:00,435.398999446581,0.0,7381.64,0.0,9847.0,1491.9753231843424,0.0,397.80800000000045,1015.514879046465,0.0,0.0,0.0
2030-02-16 04:00:00,1297.0,1644.1,7381.64,0.0,9847.0,0.0,0.0,0.0,1374.6026020700347,0.0,0.0,0.0
2030-02-16 05:00:00,1297.0,1644.1,7381.64,0.0,9847.0,1850.0,0.0,0.0,1285.146719894581,0.0,0.0,0.0
2030-02-16 06:00:00,1297.0,1644.1,7381.64,0.0,9847.0,1850.0,1950.0,0.0,453.80307812555475,461.1081827640499,0.0,0.0
2030-02-16 07:00:00,1297.0,1644.1,7381.64,3051.3654746846296,9847.0,1850.0,1950.0,470.0000000000005,273.9172488120055,20.95946285291136,0.0,134.8849740616604
2030-02-16 08:00:00,1297.0,1644.1,7381.64,2836.6437253153717,9847.0,1850.0,1950.0,394.80000000000047,217.7817094512691,0.0,0.0,0.0
2030-02-16 09:00:00,1297.0,1644.1,7381.64,0.0,9847.0,1850.0,1950.0,0.0,217.7817094512691,0.0,0.0,0.0
2030-02-16 10:00:00,1297.0,1644.1,7381.64,0.0,9847.0,0.0,0.0,0.0,217.7817094512691,62.87838855873407,0.0,0.0
2030-02-16 11:00:00,1297.0,1644.1,7381.64,0.0,9847.0,0.0,0.0,0.0,0.0,0.0,0.0,0.0
2030-02-16 12:00:00,1297.0,1644.1,7381.64,0.0,9847.0,0.0,0.0,0.0,0.0,0.0,0.0,0.0
2030-02-16 13:00:00,1297.0,1644.1,7381.64,0.0,9847.0,0.0,0.0,0.0,0.0,0.0,0.0,0.0
2030-02-16 14:00:00,1297.0,1644.1,7381.64,0.0,9847.0,0.0,0.0,0.0,0.0,0.0,0.0,0.0
2030-02-16 15:00:00,1297.0,1644.1,7381.64,0.0,9847.0,0.0,0.0,0.0,0.0,0.0,0.0,0.0
2030-02-16 16:00:00,1297.0,1644.1,7381.64,3199.99,9847.0,1850.0,925.4205850212602,0.0,0.0,0.0,0.0,0.0
2030-02-16 17:00:00,1297.0,1644.1,7381.64,2688.0192000000015,9847.0,1850.0,1950.0,470.0000000000005,1199.499582052021,0.0,609.1129696487279,0.0
2030-02-16 18:00:00,710.2261160596172,0.0,7381.64,0.0,9847.0,1850.0,1950.0,394.80000000000047,542.7540935581318,167.6757028232909,0.0,15.476260694191911
2030-02-16 19:00:00,0.0,0.0,0.0,0.0,9847.0,0.0,0.0,0.0,217.7817094512691,20.95946285291136,198.1762023960382,0.0
2030-02-16 20:00:00,0.0,0.0,143.59377865902934,0.0,9847.0,0.0,0.0,0.0,198.45089825518835,20.95946285291136,0.0,0.0
2030-02-16 21:00:00,0.0,0.0,0.0,0.0,9847.0,0.0,0.0,0.0,99.69826616187675,0.0,0.0,0.0
2030-02-16 22:00:00,0.0,0.0,0.0,0.0,9847.0,1241.5928644139053,1031.0251360033149,0.0,202.99995921976506,41.91892570582272,0.0,0.0
2030-02-16 23:00:00,0.0,0.0,0.0,0.0,9847.0,0.0,0.0,0.0,145.2815258805399,20.95946285291136,0.0,0.0
2030-02-17 00:00:00,0.0,0.0,0.0,0.0,9847.0,600.4303336292419,0.0,298.0288867621652,442.47789773897546,0.0,0.0,545.7237393058081
2030-02-17 01:00:00,0.0,0.0,0.0,3199.99,9847.0,0.0,0.0,0.0,217.7817094512691,41.91892570582272,818.0307351492684,0.0
2030-02-17 02:00:00,0.0,0.0,0.0,3199.99,9847.0,0.0,0.0,0.0,217.7817094512691,20.95946285291136,813.7375835088537,0.0
2030-02-17 03:00:00,0.0,0.0,0.0,0.0,8747.72324971389,0.0,0.0,0.0,217.7817094512691,20.95946285291136,582.6239518614634,0.0
2030-02-17 04:00:00,0.0,0.0,0.0,0.0,2504.6355709252966,0.0,0.0,0.0,217.7817094512691,20.95946285291136,220.1096274931915,0.0
2030-02-17 05:00:00,0.0,0.0,0.0,0.0,5633.688505955138,0.0,0.0,0.0,217.7817094512691,10.668858774637648,0.0,0.0
2030-02-17 06:00:00,0.0,0.0,0.0,3199.99,9728.96111531368,0.0,0.0,0.0,217.7817094512691,31.250066931185074,0.0,0.0
2030-02-17 07:00:00,0.0,0.0,0.0,0.0,9847.0,0.0,171.37310458218417,470.0000000000005,0.0,0.0,0.0,0.0
2030-02-17 08:00:00,0.0,0.0,0.0,3199.99,9090.870866375,0.0,0.0,0.0,0.0,0.0,0.0,0.0
2030-02-17 09:00:00,0.0,0.0,0.0,0.0,4537.8452948520135,0.0,0.0,0.0,0.0,0.0,0.0,0.0
2030-02-17 10:00:00,0.0,0.0,0.0,0.0,800.2383770577435,0.0,0.0,0.0,0.0,0.0,0.0,0.0
2030-02-17 11:00:00,0.0,0.0,0.0,0.0,0.0,0.0,0.0,0.0,0.0,0.0,0.0,0.0
2030-02-17 12:00:00,0.0,0.0,0.0,0.0,0.0,0.0,0.0,0.0,0.0,0.0,0.0,0.0
2030-02-17 13:00:00,0.0,0.0,0.0,0.0,0.0,0.0,0.0,0.0,0.0,0.0,0.0,0.0
2030-02-17 14:00:00,0.0,0.0,0.0,2708.471536,0.0,0.0,0.0,0.0,0.0,0.0,0.0,0.0
2030-02-17 15:00:00,0.0,0.0,0.0,0.0,0.0,0.0,0.0,0.0,0.0,0.0,0.0,0.0
2030-02-17 16:00:00,0.0,0.0,0.0,0.0,9847.0,0.0,0.0,0.0,0.0,0.0,0.0,0.0
2030-02-17 17:00:00,0.0,0.0,0.0,3199.99,9847.0,0.0,0.0,0.0,986.9852750191826,0.0,0.0,0.0
2030-02-17 18:00:00,0.0,0.0,7381.64,0.0,9847.0,0.0,1950.0,394.80000000000047,1401.5920966122208,0.0,0.0,0.0
2030-02-17 19:00:00,0.0,0.0,0.0,0.0,9847.0,0.0,1950.0,0.0,592.1525357939146,495.2841100858975,0.0,0.0
2030-02-17 20:00:00,0.0,0.0,0.0,0.0,9847.0,0.0,0.0,0.0,0.0,870.630857324883,0.0,0.0
2030-02-17 21:00:00,0.0,0.0,4771.182761523429,0.0,9847.0,816.2779493828202,0.0,470.0000000000005,955.1832948828901,0.0,0.0,0.0
2030-02-17 22:00:00,0.0,0.0,7381.64,0.0,9847.0,1555.5061659556013,0.0,0.0,1175.3048207270026,0.0,0.0,0.0
2030-02-17 23:00:00,0.0,0.0,7381.64,0.0,9847.0,1850.0,1950.0,0.0,1095.6464292644105,0.0,0.0,0.0
2030-02-18 00:00:00,0.0,0.0,0.0,2688.0192000000015,9847.0,974.666172559504,1950.0,0.0,0.0,866.6824068456149,0.0,0.0
2030-02-18 01:00:00,0.0,0.0,0.0,0.0,9847.0,1850.0,899.9999999999998,0.0,996.2040226957474,0.0,0.0,0.0
2030-02-18 02:00:00,0.0,0.0,7381.64,0.0,9847.0,36.88614381043895,0.0,0.0,0.0,1005.6888819906983,0.0,1.6077001732494092
2030-02-18 03:00:00,0.0,0.0,0.0,0.0,9847.0,0.0,0.0,0.0,1251.2353692846514,0.0,0.0,0.0
2030-02-18 04:00:00,0.0,0.0,0.0,0.0,9847.0,0.0,0.0,0.0,1309.6433761936064,0.0,0.0,0.0
2030-02-18 05:00:00,0.0,0.0,0.0,0.0,9847.0,0.0,0.0,0.0,217.7817094512691,0.0,0.0,559.5922998267506
2030-02-18 06:00:00,0.0,0.0,0.0,0.0,9847.0,0.0,0.0,0.0,12.925661141915043,0.0,0.0,0.0
2030-02-18 07:00:00,0.0,0.0,0.0,0.0,9847.0,0.0,0.0,0.0,0.0,0.0,0.0,0.0
2030-02-18 08:00:00,0.0,0.0,0.0,0.0,7237.7861238124315,0.0,0.0,0.0,0.0,0.0,0.0,0.0
2030-02-18 09:00:00,0.0,0.0,0.0,0.0,0.0,0.0,0.0,0.0,0.0,0.0,0.0,0.0
2030-02-18 10:00:00,0.0,0.0,0.0,0.0,0.0,0.0,0.0,0.0,0.0,0.0,0.0,0.0
2030-02-18 11:00:00,0.0,0.0,0.0,0.0,0.0,0.0,0.0,0.0,0.0,0.0,0.0,0.0
2030-02-18 12:00:00,0.0,0.0,0.0,0.0,0.0,0.0,0.0,0.0,0.0,0.0,0.0,0.0
2030-02-18 13:00:00,0.0,0.0,0.0,0.0,0.0,0.0,0.0,0.0,0.0,0.0,0.0,0.0
2030-02-18 14:00:00,0.0,0.0,0.0,0.0,0.0,0.0,0.0,0.0,0.0,0.0,0.0,0.0
2030-02-18 15:00:00,0.0,0.0,0.0,2216.9530720000007,0.0,0.0,0.0,0.0,0.0,0.0,0.0,0.0
2030-02-18 16:00:00,0.0,0.0,0.0,0.0,0.0,0.0,0.0,0.0,0.0,0.0,0.0,0.0
2030-02-18 17:00:00,0.0,0.0,0.0,3199.99,0.0,0.0,0.0,0.0,22.608503523422996,0.0,0.0,0.0
2030-02-18 18:00:00,0.0,0.0,0.0,0.0,551.0100418384391,0.0,0.0,470.0000000000005,680.804241339059,0.0,0.0,0.0
2030-02-18 19:00:00,0.0,0.0,0.0,2237.405407999999,0.0,0.0,0.0,0.0,439.2640166185415,0.0,0.0,0.0
2030-02-18 20:00:00,0.0,0.0,0.0,0.0,0.0,0.0,0.0,0.0,258.9609411018548,0.0,0.0,0.0
2030-02-18 21:00:00,0.0,0.0,0.0,0.0,0.0,0.0,0.0,0.0,130.05623442620504,0.0,0.0,0.0
2030-02-18 22:00:00,0.0,0.0,0.0,0.0,39.80545272731251,0.0,0.0,0.0,245.12654180408867,0.0,0.0,0.0
2030-02-18 23:00:00,0.0,0.0,0.0,0.0,3555.5509276465455,0.0,0.0,0.0,147.97668626355448,0.0,0.0,0.0
2030-02-19 00:00:00,0.0,0.0,0.0,3199.99,6555.57196702178,0.0,0.0,0.0,1137.9560397679134,0.0,0.0,0.0
2030-02-19 01:00:00,0.0,0.0,0.0,3199.99,5512.086821138793,0.0,0.0,0.0,1236.4245737588908,0.0,0.0,0.0
2030-02-19 02:00:00,0.0,0.0,0.0,0.0,5213.873767082332,0.0,0.0,0.0,0.0,1224.8839096400025,0.0,0.0
2030-02-19 03:00:00,0.0,0.0,0.0,0.0,1216.6004781748416,0.0,0.0,397.80800000000045,1528.3781529215798,0.0,0.0,0.0
2030-02-19 04:00:00,0.0,0.0,0.0,0.0,0.0,0.0,0.0,0.0,0.0,1864.7233191057594,0.0,0.0
2030-02-19 05:00:00,0.0,0.0,0.0,0.0,4751.660316895686,0.0,0.0,0.0,1762.433897819882,0.0,0.0,0.0
2030-02-19 06:00:00,0.0,0.0,0.0,3.2984855375543702,9847.0,0.0,882.414223081294,394.80000000000047,0.0,1386.0396095019837,0.0,0.0
2030-02-19 07:00:00,0.0,0.0,0.0,98.64103445872024,9847.0,29.662588416656945,1950.0,470.0000000000005,0.0,1045.67944796677,0.0,0.0
2030-02-19 08:00:00,0.0,0.0,0.0,0.0,9847.0,0.0,575.943626676235,0.0,0.0,118.34590456321234,0.0,456.4029944580627
2030-02-19 09:00:00,0.0,0.0,0.0,0.0,4148.341967067929,0.0,0.0,0.0,0.0,0.0,0.0,104.79700554193732
2030-02-19 10:00:00,0.0,0.0,0.0,0.0,140.31907706006314,0.0,0.0,0.0,0.0,0.0,0.0,0.0
2030-02-19 11:00:00,0.0,0.0,0.0,0.0,0.0,0.0,0.0,0.0,0.0,0.0,0.0,0.0
2030-02-19 12:00:00,0.0,0.0,0.0,3199.99,0.0,0.0,0.0,0.0,0.0,0.0,0.0,0.0
2030-02-19 13:00:00,0.0,0.0,0.0,0.0,0.0,0.0,0.0,0.0,0.0,0.0,0.0,0.0
2030-02-19 14:00:00,0.0,0.0,0.0,2708.471536,0.0,0.0,0.0,0.0,0.0,0.0,0.0,0.0
2030-02-19 15:00:00,0.0,0.0,0.0,0.0,0.0,0.0,0.0,0.0,0.0,0.0,0.0,0.0
2030-02-19 16:00:00,0.0,0.0,0.0,0.0,9020.117907402586,0.0,0.0,0.0,0.0,0.0,0.0,0.0
2030-02-19 17:00:00,0.0,0.0,7381.64,0.0,9847.0,1850.0,0.0,0.0,987.3868535413385,0.0,0.0,0.0
2030-02-19 18:00:00,0.0,0.0,3581.1126725452964,0.0,9847.0,1850.0,0.0,0.0,469.62699296084634,868.7688798139145,0.0,0.0
2030-02-19 19:00:00,0.0,0.0,0.0,0.0,9847.0,0.0,0.0,0.0,0.0,1054.7267728484062,0.0,0.0
2030-02-19 20:00:00,0.0,0.0,0.0,0.0,9847.0,734.9526581945101,0.0,0.0,0.0,850.2831213290101,0.0,0.0
2030-02-19 21:00:00,0.0,0.0,0.0,0.0,9847.0,1850.0,0.0,0.0,0.0,745.360345677791,0.0,0.0
2030-02-19 22:00:00,0.0,0.0,2012.81282690254,0.0,9847.0,1850.0,0.0,0.0,0.0,867.5656432844235,0.0,0.0
2030-02-19 23:00:00,0.0,0.0,854.0863581022495,0.0,9847.0,1850.0,0.0,0.0,0.0,1343.0168839257421,0.0,0.0
2030-02-20 00:00:00,0.0,0.0,1644.7941896542397,0.0,9847.0,1850.0,171.19731263166193,37.075264988722246,5064.183746616761,0.0,0.0,0.0
2030-02-20 01:00:00,0.0,0.0,3622.430707722633,0.0,9847.0,1850.0,0.0,0.0,1939.888604346629,2070.0,0.0,0.0
2030-02-20 02:00:00,0.0,0.0,6115.374679947337,0.0,9847.0,1850.0,1829.3400052727156,470.0000000000005,0.0,1351.6824164310483,0.0,0.0
2030-02-20 03:00:00,1297.0,1644.1,7381.64,0.0,9847.0,1850.0,0.0,0.0,0.0,1576.1669907810406,0.0,0.0
2030-02-20 04:00:00,1297.0,1644.1,7381.64,0.0,9847.0,1850.0,0.0,0.0,0.0,0.0,1782.084789568195,0.0
2030-02-20 05:00:00,1297.0,1644.1,7381.64,2688.0192000000015,9847.0,1850.0,1950.0,470.0000000000005,3115.1839337003908,0.0,1591.6454814546194,0.0
2030-02-20 06:00:00,1297.0,1644.1,7381.64,0.0,9847.0,1850.0,1950.0,0.0,274.03790376423694,0.0,2290.0,561.2
2030-02-20 07:00:00,1297.0,1644.1,7381.64,0.0,9847.0,1850.0,1950.0,0.0,274.03790376423694,105.52193389193111,2290.0,0.0
2030-02-20 08:00:00,1297.0,1644.1,7381.64,3199.99,9847.0,1850.0,1950.0,394.80000000000047,274.03790376423694,26.380483472982778,0.0,0.0
2030-02-20 09:00:00,0.0,0.0,7381.64,0.0,9847.0,0.0,0.0,0.0,0.0,0.0,0.0,0.0
2030-02-20 10:00:00,0.0,0.0,0.0,0.0,6576.897212733253,0.0,0.0,0.0,0.0,0.0,0.0,0.0
2030-02-20 11:00:00,0.0,0.0,0.0,0.0,768.1078964884946,0.0,0.0,0.0,0.0,0.0,0.0,0.0
2030-02-20 12:00:00,0.0,0.0,0.0,0.0,0.0,0.0,0.0,0.0,0.0,0.0,0.0,0.0
2030-02-20 13:00:00,0.0,0.0,0.0,0.0,0.0,0.0,0.0,0.0,0.0,0.0,0.0,0.0
2030-02-20 14:00:00,0.0,0.0,0.0,0.0,0.0,0.0,0.0,0.0,0.0,0.0,0.0,0.0
2030-02-20 15:00:00,87.24128499527433,0.0,7381.64,0.0,3599.6314987328587,0.0,0.0,0.0,0.0,0.0,0.0,0.0
2030-02-20 16:00:00,1297.0,1644.1,7381.64,0.0,9847.0,0.0,0.0,0.0,0.0,1300.9903512568458,0.0,0.0
2030-02-20 17:00:00,1297.0,1644.1,7381.64,2688.0192000000015,9847.0,1850.0,0.0,0.0,0.0,2070.0,2290.0,0.0
2030-02-20 18:00:00,1297.0,1644.1,7381.64,3199.99,9847.0,1850.0,0.0,0.0,5486.5241756934065,0.0,0.0,0.0
2030-02-20 19:00:00,1297.0,1644.1,7381.64,0.0,9847.0,1850.0,0.0,0.0,6787.135076452517,0.0,0.0,0.0
2030-02-20 20:00:00,1297.0,1644.1,7381.64,0.0,9847.0,1850.0,0.0,0.0,123.0584502303764,79.14145041894834,2290.0,0.0
2030-02-20 21:00:00,0.0,0.0,7381.64,0.0,9847.0,1850.0,0.0,0.0,425.0173572980975,26.380483472982778,2290.0,0.0
2030-02-20 22:00:00,0.0,0.0,7381.64,0.0,9847.0,1850.0,0.0,0.0,274.03790376423694,26.380483472982778,0.0,561.2
2030-02-20 23:00:00,0.0,0.0,0.0,0.0,9847.0,1850.0,1950.0,0.0,0.0,0.0,367.29990598742097,0.0
2030-02-21 00:00:00,0.0,0.0,0.0,0.0,9847.0,1850.0,0.0,0.0,548.0758075284739,0.0,1041.6982621462116,0.0
2030-02-21 01:00:00,0.0,0.0,0.0,0.0,9847.0,1850.0,0.0,0.0,274.03790376423694,79.14145041894834,1404.515531037669,0.0
2030-02-21 02:00:00,0.0,0.0,2736.1549432892707,0.0,9847.0,1850.0,1950.0,0.0,274.03790376423694,0.0,1545.88635384492,0.0
2030-02-21 03:00:00,0.0,0.0,2860.900505416881,0.0,9847.0,1850.0,1950.0,0.0,120.03735775120835,52.760966945965556,1918.3125760676255,0.0
2030-02-21 04:00:00,0.0,0.0,6486.138552099481,0.0,9847.0,1850.0,0.0,394.80000000000047,0.0,26.380483472982778,2270.074286595085,0.0
2030-02-21 05:00:00,0.0,0.0,1205.2291896300085,0.0,9847.0,1850.0,0.0,0.0,0.0,0.0,2290.0,0.0
2030-02-21 06:00:00,0.0,0.0,7381.64,0.0,9847.0,1850.0,0.0,470.0000000000005,976.1142573057396,52.760966945965556,2290.0,0.0
2030-02-21 07:00:00,0.0,0.0,7381.64,0.0,9847.0,1850.0,899.9999999999998,0.0,274.03790376423694,26.380483472982778,2290.0,0.0
2030-02-21 08:00:00,0.0,0.0,0.0,0.0,9847.0,1850.0,1950.0,0.0,274.03790376423694,26.380483472982778,0.0,0.0
2030-02-21 09:00:00,0.0,0.0,0.0,0.0,9847.0,0.0,0.0,0.0,0.0,0.0,0.0,0.0
2030-02-21 10:00:00,0.0,0.0,0.0,0.0,4513.307369148424,0.0,0.0,0.0,0.0,0.0,0.0,0.0
2030-02-21 11:00:00,0.0,0.0,0.0,2237.405407999999,0.0,0.0,0.0,0.0,0.0,0.0,0.0,0.0
2030-02-21 12:00:00,0.0,0.0,0.0,0.0,0.0,0.0,0.0,0.0,0.0,0.0,0.0,0.0
2030-02-21 13:00:00,0.0,0.0,0.0,0.0,0.0,0.0,0.0,0.0,0.0,0.0,0.0,0.0
2030-02-21 14:00:00,0.0,0.0,0.0,0.0,0.0,0.0,0.0,0.0,0.0,0.0,0.0,0.0
2030-02-21 15:00:00,0.0,0.0,0.0,0.0,9847.0,0.0,0.0,0.0,0.0,0.0,0.0,0.0
2030-02-21 16:00:00,0.0,0.0,7381.64,0.0,9847.0,0.0,0.0,0.0,0.0,0.0,0.0,0.0
2030-02-21 17:00:00,312.3977595579054,0.0,7381.64,3199.99,9847.0,1850.0,0.0,470.0000000000005,2496.8599027128785,2070.0,1641.4071752069785,0.0
2030-02-21 18:00:00,0.0,0.0,7381.64,2067.2218772428096,9847.0,1850.0,733.211516513665,0.0,4288.304361133518,0.0,2290.0,0.0
2030-02-21 19:00:00,0.0,0.0,7381.64,0.0,9847.0,1850.0,166.7884834863362,0.0,6352.734391262967,0.0,0.0,0.0
2030-02-21 20:00:00,0.0,0.0,7044.252392324648,0.0,9847.0,1850.0,0.0,0.0,274.03790376423694,0.0,2290.0,0.0
2030-02-21 21:00:00,0.0,0.0,7381.64,0.0,9847.0,1850.0,1950.0,0.0,0.0,2070.0,2290.0,0.0
2030-02-21 22:00:00,0.0,0.0,4626.137081181565,0.0,9847.0,1850.0,1950.0,0.0,548.0758075284739,0.0,2290.0,0.0
2030-02-21 23:00:00,0.0,0.0,7381.64,0.0,9847.0,1850.0,0.0,0.0,274.03790376423694,0.0,818.994987624038,0.0
2030-02-22 00:00:00,0.0,0.0,0.0,0.0,9847.0,1850.0,0.0,0.0,274.03790376423694,0.0,1605.2714898627405,0.0
2030-02-22 01:00:00,0.0,0.0,0.0,0.0,9847.0,1850.0,1950.0,0.0,0.0,0.0,2067.7288970741556,0.0
2030-02-22 02:00:00,0.0,0.0,0.0,0.0,9847.0,1850.0,0.0,0.0,0.0,0.0,2148.5137865367915,0.0
2030-02-22 03:00:00,0.0,0.0,0.0,0.0,9847.0,1850.0,0.0,301.1351315949135,822.1137112927108,158.28290083789668,2290.0,0.0
2030-02-22 04:00:00,0.0,0.0,3415.0415969180394,0.0,9847.0,1850.0,0.0,0.0,274.03790376423694,0.0,2290.0,167.70784492548592
2030-02-22 05:00:00,0.0,0.0,7381.64,0.0,9847.0,1850.0,1950.0,470.0000000000005,274.03790376423694,0.0,2290.0,0.0
2030-02-22 06:00:00,0.0,0.0,7381.64,2364.073832393922,9847.0,1850.0,0.0,0.0,274.03790376423694,79.14145041894834,1463.9189642431072,393.49215507451413
2030-02-22 07:00:00,0.0,0.0,7381.64,0.0,9847.0,1850.0,0.0,0.0,274.03790376423694,26.380483472982778,2290.0,0.0
2030-02-22 08:00:00,0.0,0.0,5579.759456352243,0.0,9847.0,1850.0,0.0,0.0,228.25168972212896,26.380483472982778,0.0,0.0
2030-02-22 09:00:00,0.0,0.0,0.0,0.0,5294.908665984629,0.0,0.0,0.0,0.0,0.0,0.0,0.0
2030-02-22 10:00:00,0.0,0.0,0.0,0.0,0.0,0.0,0.0,0.0,0.0,0.0,0.0,0.0
2030-02-22 11:00:00,0.0,0.0,0.0,0.0,0.0,0.0,0.0,0.0,0.0,0.0,0.0,0.0
2030-02-22 12:00:00,0.0,0.0,0.0,0.0,0.0,0.0,0.0,0.0,0.0,0.0,0.0,0.0
2030-02-22 13:00:00,0.0,0.0,0.0,0.0,0.0,0.0,0.0,0.0,0.0,0.0,0.0,0.0
2030-02-22 14:00:00,0.0,0.0,0.0,0.0,0.0,0.0,0.0,0.0,0.0,0.0,0.0,0.0
2030-02-22 15:00:00,0.0,0.0,0.0,0.0,0.0,0.0,0.0,0.0,0.0,0.0,0.0,0.0
2030-02-22 16:00:00,0.0,0.0,0.0,0.0,9847.0,1139.8473286236258,1950.0,0.0,0.0,0.0,0.0,0.0
2030-02-22 17:00:00,0.0,0.0,7381.64,3199.99,9847.0,1850.0,1950.0,394.80000000000047,1742.3597828189872,0.0,0.0,0.0
2030-02-22 18:00:00,0.0,0.0,0.0,2688.0192000000015,9847.0,1850.0,1950.0,470.0000000000005,2197.4232849058403,0.0,0.0,0.0
2030-02-22 19:00:00,0.0,0.0,0.0,0.0,9847.0,1850.0,1950.0,0.0,1960.093723110197,0.0,0.0,0.0
2030-02-22 20:00:00,0.0,0.0,0.0,0.0,9145.110187575701,0.0,0.0,0.0,1789.0664247788145,0.0,0.0,0.0
2030-02-22 21:00:00,0.0,0.0,0.0,0.0,9847.0,0.0,0.0,0.0,1715.324965248762,0.0,0.0,0.0
2030-02-22 22:00:00,0.0,0.0,0.0,0.0,9847.0,0.0,0.0,0.0,1897.1411145491506,0.0,0.0,0.0
2030-02-22 23:00:00,0.0,0.0,0.0,3199.99,8557.971544562766,0.0,0.0,0.0,1856.1134218192192,0.0,0.0,0.0
2030-02-23 00:00:00,0.0,0.0,0.0,0.0,9847.0,0.0,0.0,0.0,2097.474125179154,0.0,0.0,0.0
2030-02-23 01:00:00,0.0,0.0,0.0,0.0,9847.0,0.0,0.0,0.0,1734.220266507205,0.0,0.0,0.0
2030-02-23 02:00:00,0.0,0.0,0.0,0.0,9263.240796241458,0.0,0.0,0.0,0.0,1145.5583038568357,1241.0351622131166,0.0
2030-02-23 03:00:00,0.0,0.0,0.0,0.0,5062.654616042353,0.0,0.0,0.0,1736.1025343046517,26.380483472982778,0.0,420.185067873153
2030-02-23 04:00:00,0.0,0.0,0.0,0.0,659.4139637649932,0.0,0.0,0.0,209.5005533606136,0.0,2290.0,0.0
2030-02-23 05:00:00,0.0,0.0,0.0,3199.99,6907.172393180284,0.0,0.0,0.0,338.5752541678603,52.760966945965556,1803.1216020688864,141.01493212684704
2030-02-23 06:00:00,0.0,0.0,0.0,3199.99,9847.0,0.0,611.4242754226871,394.80000000000047,274.03790376423694,26.380483472982778,1534.4591517919853,0.0
2030-02-23 07:00:00,0.0,0.0,0.0,0.0,9847.0,365.3722493713867,1950.0,470.0000000000005,274.03790376423694,26.380483472982778,745.1395343353738,0.0
2030-02-23 08:00:00,0.0,0.0,0.0,3199.99,9847.0,0.0,544.8245036444714,0.0,274.03790376423694,26.380483472982778,0.0,0.0
2030-02-23 09:00:00,0.0,0.0,0.0,0.0,7386.398969542279,0.0,0.0,0.0,0.0,0.0,0.0,0.0
2030-02-23 10:00:00,0.0,0.0,0.0,1816.7460121309705,5253.591713888054,0.0,0.0,0.0,0.0,0.0,0.0,0.0
2030-02-23 11:00:00,0.0,0.0,0.0,0.0,3100.7348140719623,0.0,0.0,0.0,0.0,0.0,0.0,0.0
2030-02-23 12:00:00,0.0,0.0,0.0,0.0,1463.324731476103,0.0,0.0,0.0,0.0,0.0,0.0,0.0
2030-02-23 13:00:00,0.0,0.0,0.0,0.0,0.0,0.0,0.0,0.0,0.0,0.0,0.0,0.0
2030-02-23 14:00:00,0.0,0.0,0.0,3199.99,0.0,0.0,0.0,0.0,0.0,0.0,0.0,0.0
2030-02-23 15:00:00,0.0,0.0,0.0,0.0,102.7907426419697,0.0,0.0,0.0,0.0,0.0,0.0,0.0
2030-02-23 16:00:00,0.0,0.0,0.0,2070.9839449130877,8364.230658476818,0.0,0.0,0.0,621.7846155872508,0.0,0.0,0.0
2030-02-23 17:00:00,0.0,0.0,0.0,3199.99,9847.0,0.0,712.3549842077337,470.0000000000005,1399.0582256042112,0.0,0.0,0.0
2030-02-23 18:00:00,0.0,0.0,0.0,617.0352550869138,9847.0,0.0,0.0,0.0,0.0,263.8048347298278,1136.2913370286617,0.0
2030-02-23 19:00:00,0.0,0.0,0.0,0.0,6977.212840222943,0.0,0.0,0.0,993.5741002151444,26.380483472982778,0.0,0.0
2030-02-23 20:00:00,0.0,0.0,0.0,0.0,5695.04657501934,0.0,0.0,0.0,274.03790376423694,0.0,419.7909762086797,0.0
2030-02-23 21:00:00,0.0,0.0,0.0,3199.99,9420.629982082712,0.0,0.0,0.0,274.03790376423694,52.760966945965556,0.0,302.23961203187673
2030-02-23 22:00:00,0.0,0.0,0.0,0.0,9847.0,0.0,0.0,141.3314172164828,274.03790376423694,26.380483472982778,248.56038580069276,258.9603879681233
2030-02-23 23:00:00,0.0,0.0,0.0,0.0,6742.55862994706,0.0,0.0,0.0,274.03790376423694,26.380483472982778,463.2717787023853,0.0
2030-02-24 00:00:00,0.0,0.0,0.0,0.0,7987.531630532409,0.0,0.0,0.0,0.0,0.0,0.0,0.0
2030-02-24 01:00:00,0.0,0.0,0.0,0.0,6241.797148340374,0.0,0.0,0.0,0.0,0.0,0.0,0.0
2030-02-24 02:00:00,0.0,0.0,0.0,0.0,4944.686589857192,0.0,0.0,0.0,0.0,0.0,0.0,0.0
2030-02-24 03:00:00,0.0,0.0,0.0,0.0,397.7772681345032,0.0,0.0,0.0,0.0,0.0,0.0,0.0
2030-02-24 04:00:00,0.0,0.0,0.0,0.0,0.0,0.0,0.0,0.0,0.0,0.0,0.0,0.0
2030-02-24 05:00:00,0.0,0.0,0.0,0.0,0.0,0.0,0.0,0.0,0.0,0.0,0.0,0.0
2030-02-24 06:00:00,0.0,0.0,0.0,3199.99,0.0,0.0,0.0,0.0,0.0,0.0,0.0,0.0
2030-02-24 07:00:00,0.0,0.0,0.0,0.0,2198.547433999789,0.0,0.0,325.61600000000044,0.0,0.0,0.0,0.0
2030-02-24 08:00:00,0.0,0.0,0.0,0.0,1865.7044681568877,0.0,0.0,470.0000000000005,0.0,0.0,0.0,0.0
2030-02-24 09:00:00,0.0,0.0,0.0,0.0,0.0,0.0,0.0,0.0,0.0,0.0,0.0,0.0
2030-02-24 10:00:00,0.0,0.0,0.0,0.0,0.0,0.0,0.0,0.0,0.0,0.0,0.0,0.0
2030-02-24 11:00:00,0.0,0.0,0.0,0.0,0.0,0.0,0.0,0.0,0.0,0.0,0.0,0.0
2030-02-24 12:00:00,0.0,0.0,0.0,0.0,0.0,0.0,0.0,0.0,0.0,0.0,0.0,0.0
2030-02-24 13:00:00,0.0,0.0,0.0,0.0,0.0,0.0,0.0,0.0,0.0,0.0,0.0,0.0
2030-02-24 14:00:00,0.0,0.0,0.0,2519.2586853709745,0.0,0.0,0.0,0.0,0.0,0.0,0.0,0.0
2030-02-24 15:00:00,0.0,0.0,0.0,0.0,0.0,0.0,0.0,0.0,0.0,0.0,0.0,0.0
2030-02-24 16:00:00,0.0,0.0,0.0,3199.99,0.0,0.0,0.0,0.0,0.0,0.0,0.0,0.0
2030-02-24 17:00:00,0.0,0.0,0.0,0.0,3201.0004703760133,0.0,0.0,0.0,0.0,0.0,0.0,0.0
2030-02-24 18:00:00,0.0,0.0,0.0,0.0,3344.7436799831994,0.0,0.0,0.0,0.0,0.0,0.0,0.0
2030-02-24 19:00:00,0.0,0.0,0.0,0.0,1360.3328682152205,0.0,0.0,0.0,0.0,0.0,0.0,0.0
2030-02-24 20:00:00,0.0,0.0,0.0,0.0,807.3136993622466,0.0,0.0,0.0,0.0,0.0,0.0,0.0
2030-02-24 21:00:00,0.0,0.0,0.0,0.0,4860.248935324533,0.0,0.0,0.0,0.0,0.0,0.0,0.0
2030-02-24 22:00:00,0.0,0.0,0.0,0.0,7982.1070663746505,0.0,0.0,0.0,0.0,0.0,0.0,0.0
2030-02-24 23:00:00,0.0,0.0,0.0,3199.99,7243.076207325881,0.0,0.0,0.0,0.0,0.0,0.0,0.0
2030-02-25 00:00:00,0.0,0.0,0.0,0.0,5704.158717437385,0.0,1950.0,470.0000000000005,0.0,0.0,0.0,0.0
2030-02-25 01:00:00,0.0,0.0,0.0,3199.99,3967.582021222818,0.0,1624.9072284069725,394.80000000000047,0.0,0.0,0.0,0.0
2030-02-25 02:00:00,0.0,0.0,0.0,0.0,2289.075307247229,0.0,1950.0,0.0,0.0,0.0,0.0,0.0
2030-02-25 03:00:00,0.0,0.0,0.0,0.0,0.0,0.0,0.0,0.0,0.0,0.0,0.0,0.0
2030-02-25 04:00:00,0.0,0.0,0.0,0.0,0.0,0.0,0.0,0.0,0.0,0.0,0.0,0.0
2030-02-25 05:00:00,0.0,0.0,0.0,3199.99,0.0,0.0,0.0,0.0,0.0,0.0,0.0,0.0
2030-02-25 06:00:00,0.0,0.0,0.0,0.0,0.0,0.0,0.0,0.0,0.0,0.0,0.0,0.0
2030-02-25 07:00:00,0.0,0.0,0.0,0.0,0.0,0.0,0.0,470.0000000000005,0.0,0.0,0.0,0.0
2030-02-25 08:00:00,0.0,0.0,0.0,0.0,0.0,0.0,0.0,394.80000000000047,0.0,0.0,0.0,0.0
2030-02-25 09:00:00,0.0,0.0,0.0,0.0,0.0,0.0,0.0,0.0,0.0,0.0,0.0,0.0
2030-02-25 10:00:00,0.0,0.0,0.0,0.0,0.0,0.0,0.0,0.0,0.0,0.0,0.0,0.0
2030-02-25 11:00:00,0.0,0.0,0.0,0.0,0.0,0.0,0.0,0.0,0.0,0.0,0.0,0.0
2030-02-25 12:00:00,0.0,0.0,0.0,0.0,0.0,0.0,0.0,0.0,0.0,0.0,0.0,0.0
2030-02-25 13:00:00,0.0,0.0,0.0,3199.99,0.0,0.0,0.0,0.0,0.0,0.0,0.0,0.0
2030-02-25 14:00:00,0.0,0.0,0.0,0.0,0.0,0.0,0.0,0.0,0.0,0.0,0.0,0.0
2030-02-25 15:00:00,0.0,0.0,0.0,3199.99,0.0,0.0,0.0,0.0,0.0,0.0,0.0,0.0
2030-02-25 16:00:00,0.0,0.0,0.0,0.0,0.0,0.0,0.0,0.0,0.0,0.0,0.0,0.0
2030-02-25 17:00:00,0.0,0.0,0.0,892.0144928206573,0.0,0.0,0.0,0.0,0.0,0.0,0.0,0.0
2030-02-25 18:00:00,0.0,0.0,0.0,0.0,0.0,0.0,0.0,151.0937181531117,0.0,0.0,0.0,0.0
2030-02-25 19:00:00,0.0,0.0,0.0,0.0,0.0,0.0,0.0,0.0,0.0,0.0,0.0,0.0
2030-02-25 20:00:00,0.0,0.0,0.0,0.0,0.0,0.0,0.0,0.0,0.0,0.0,0.0,0.0
2030-02-25 21:00:00,0.0,0.0,0.0,0.0,0.0,0.0,0.0,0.0,0.0,0.0,0.0,0.0
2030-02-25 22:00:00,0.0,0.0,0.0,0.0,1098.7447113789021,0.0,0.0,0.0,0.0,0.0,0.0,0.0
2030-02-25 23:00:00,0.0,0.0,0.0,0.0,4393.4365196769795,0.0,0.0,0.0,0.0,0.0,0.0,0.0
2030-02-26 00:00:00,0.0,0.0,0.0,0.0,9847.0,1237.0093844416697,0.0,394.80000000000047,0.0,0.0,0.0,0.0
2030-02-26 01:00:00,0.0,0.0,0.0,0.0,9847.0,0.0,520.2671524301259,470.0000000000005,0.0,0.0,0.0,0.0
2030-02-26 02:00:00,0.0,0.0,0.0,0.0,9847.0,0.0,98.67226368954289,0.0,0.0,0.0,0.0,0.0
2030-02-26 03:00:00,0.0,0.0,0.0,0.0,5920.928389749897,0.0,0.0,0.0,234.5987139594381,0.0,0.0,0.0
2030-02-26 04:00:00,0.0,0.0,0.0,0.0,1620.064468258599,0.0,0.0,0.0,0.0,647.5292516773675,0.0,0.0
2030-02-26 05:00:00,710.6696028634105,0.0,0.0,0.0,7913.331618079144,0.0,0.0,0.0,633.1230239238844,0.0,0.0,0.0
2030-02-26 06:00:00,1297.0,1644.1,420.46670917355226,1895.934973161396,9847.0,1669.936762825517,1140.2988754773646,394.80000000000047,4839.283370632187,0.0,0.0,0.0
2030-02-26 07:00:00,1297.0,1644.1,4221.818798756751,0.0,9847.0,1850.0,1950.0,470.0000000000005,7503.78662175337,0.0,0.0,0.0
2030-02-26 08:00:00,1297.0,1644.1,0.0,3199.99,9847.0,678.1123437269052,1950.0,0.0,2655.424207035891,0.0,0.0,461.7589746489582
2030-02-26 09:00:00,1297.0,1644.1,0.0,0.0,6230.509910100824,0.0,0.0,0.0,0.0,0.0,0.0,0.0
2030-02-26 10:00:00,1297.0,1644.1,7381.64,1144.1221839182872,1612.3149606412262,0.0,0.0,0.0,0.0,0.0,0.0,99.44102535104184
2030-02-26 11:00:00,1297.0,1644.1,0.0,0.0,0.0,0.0,0.0,0.0,0.0,0.0,0.0,0.0
2030-02-26 12:00:00,1297.0,1644.1,0.0,0.0,0.0,0.0,0.0,0.0,0.0,0.0,0.0,0.0
2030-02-26 13:00:00,1297.0,1644.1,0.0,0.0,0.0,0.0,0.0,0.0,0.0,0.0,0.0,0.0
2030-02-26 14:00:00,1297.0,1644.1,0.0,0.0,0.0,0.0,0.0,0.0,0.0,0.0,0.0,0.0
2030-02-26 15:00:00,1297.0,1644.1,0.0,0.0,0.0,0.0,0.0,0.0,2060.9843578810023,0.0,0.0,0.0
2030-02-26 16:00:00,1297.0,1644.1,7381.64,0.0,2887.138213580998,0.0,0.0,0.0,5554.794359983848,0.0,0.0,0.0
2030-02-26 17:00:00,1297.0,1644.1,7381.64,0.0,9847.0,844.9608626670316,0.0,32.527616327780215,5400.362693599364,2070.0,0.0,0.0
2030-02-26 18:00:00,1297.0,1644.1,7381.64,0.0,9847.0,1850.0,1405.5404555080459,470.0000000000005,7808.371186337119,0.0,0.0,0.0
2030-02-26 19:00:00,1297.0,1644.1,7381.64,0.0,9847.0,0.0,0.0,0.0,7517.653709752107,0.0,0.0,0.0
2030-02-26 20:00:00,1297.0,1644.1,7381.64,0.0,9847.0,0.0,0.0,0.0,7286.6404221059,0.0,0.0,0.0
2030-02-26 21:00:00,1297.0,1644.1,7381.64,0.0,9847.0,1850.0,0.0,0.0,3283.7925351642716,0.0,0.0,0.0
2030-02-26 22:00:00,1297.0,1644.1,7381.64,0.0,9847.0,1850.0,0.0,322.6080000000005,0.0,0.0,2290.0,0.0
2030-02-26 23:00:00,1297.0,1644.1,7381.64,0.0,9847.0,1850.0,0.0,0.0,3247.9847617731284,0.0,0.0,0.0
2030-02-27 00:00:00,1297.0,1644.1,7381.64,0.0,9847.0,1850.0,0.0,0.0,0.0,0.0,2290.0,0.0
2030-02-27 01:00:00,1297.0,1644.1,7381.64,0.0,9847.0,1850.0,0.0,470.0000000000005,0.0,0.0,2290.0,0.0
2030-02-27 02:00:00,1297.0,1644.1,7381.64,0.0,9847.0,1850.0,0.0,0.0,0.0,0.0,2290.0,0.0
2030-02-27 03:00:00,1297.0,1644.1,7381.64,0.0,9847.0,1850.0,969.5522450299206,0.0,0.0,647.5523022203606,2290.0,0.0
2030-02-27 04:00:00,1297.0,1644.1,7381.64,0.0,9847.0,1850.0,0.0,0.0,2577.613936927629,2070.0,2290.0,0.0
2030-02-27 05:00:00,1297.0,1644.1,7381.64,2688.0192000000015,9847.0,1850.0,1950.0,470.0000000000005,3619.373149370399,2070.0,2290.0,0.0
2030-02-27 06:00:00,1297.0,1644.1,7381.64,3199.99,9847.0,1850.0,1950.0,0.0,3275.1080411674147,2070.0,2290.0,0.0
2030-02-27 07:00:00,1297.0,1644.1,7381.64,0.0,9847.0,1850.0,1950.0,0.0,1360.7152624727469,2070.0,2290.0,561.2
2030-02-27 08:00:00,1297.0,1644.1,7180.090009228374,0.0,9847.0,1850.0,1950.0,0.0,333.9842426732576,0.0,0.0,0.0
2030-02-27 09:00:00,1297.0,1644.1,7381.64,0.0,9847.0,178.80418071150052,0.0,0.0,0.0,64.30574709284592,1893.6593236817084,0.0
2030-02-27 10:00:00,1297.0,1644.1,7381.64,0.0,8956.10845143022,0.0,0.0,0.0,667.9684853465152,32.15287354642296,0.0,0.0
2030-02-27 11:00:00,1297.0,1644.1,0.0,0.0,5189.467534438438,0.0,0.0,0.0,0.0,0.0,0.0,0.0
2030-02-27 12:00:00,1297.0,1644.1,0.0,0.0,2873.5438707865615,0.0,0.0,0.0,0.0,0.0,0.0,0.0
2030-02-27 13:00:00,1297.0,1644.1,0.0,0.0,1903.4356591155447,0.0,0.0,0.0,0.0,0.0,0.0,0.0
2030-02-27 14:00:00,1297.0,1644.1,1613.9771218866008,0.0,2263.823522644052,0.0,0.0,0.0,0.0,0.0,0.0,0.0
2030-02-27 15:00:00,1297.0,1644.1,7381.64,0.0,6015.106523964576,0.0,0.0,0.0,0.0,160.76436773211478,0.0,0.0
2030-02-27 16:00:00,1297.0,1644.1,7381.64,3199.99,9847.0,0.0,0.0,0.0,2003.9054560395457,32.15287354642296,2290.0,0.0
2030-02-27 17:00:00,1297.0,1644.1,0.0,0.0,9847.0,1850.0,1929.9674620270866,0.0,333.9842426732576,32.15287354642296,0.0,118.08699810585672
2030-02-27 18:00:00,1297.0,1644.1,7381.64,1139.6130471429396,9847.0,1850.0,0.0,394.80000000000047,333.9842426732576,0.0,2290.0,0.0
2030-02-27 19:00:00,1297.0,1644.1,7381.64,0.0,9847.0,1850.0,1950.0,0.0,0.0,0.0,2290.0,0.0
2030-02-27 20:00:00,1297.0,1644.1,7381.64,1548.406152857062,9847.0,1850.0,0.0,0.0,667.9684853465152,0.0,0.0,0.0
2030-02-27 21:00:00,1297.0,1644.1,7381.64,0.0,9847.0,1850.0,1899.025469096033,470.0000000000005,333.9842426732576,128.61149418569184,0.0,0.0
2030-02-27 22:00:00,1297.0,1644.1,4525.382904606683,0.0,9847.0,1850.0,0.0,0.0,333.9842426732576,32.15287354642296,2290.0,0.0
2030-02-27 23:00:00,1297.0,1644.1,0.0,0.0,9847.0,1850.0,1537.1171501080962,0.0,0.0,0.0,0.0,0.0
2030-02-28 00:00:00,1297.0,1644.1,0.0,0.0,9847.0,1850.0,690.3822570721895,0.0,667.9684853465152,0.0,0.0,0.0
2030-02-28 01:00:00,0.0,0.0,0.0,0.0,9847.0,1850.0,148.0075057155202,0.0,333.9842426732576,96.45862063926887,0.0,0.0
2030-02-28 02:00:00,0.0,0.0,0.0,0.0,9847.0,1850.0,0.0,0.0,0.0,32.15287354642296,0.0,0.0
2030-02-28 03:00:00,0.0,0.0,0.0,0.0,9847.0,450.68753434863174,0.0,0.0,0.0,32.15287354642296,792.9547524873105,0.0
2030-02-28 04:00:00,0.0,0.0,0.0,0.0,9847.0,0.0,0.0,0.0,213.60031792129914,32.15287354642296,0.0,443.1130018941433
2030-02-28 05:00:00,1297.0,1644.1,0.0,0.0,9847.0,1850.0,0.0,0.0,1122.3366527717312,32.15287354642296,0.0,0.0
2030-02-28 06:00:00,1297.0,1644.1,0.0,2688.0192000000015,9847.0,1850.0,1950.0,470.0000000000005,333.9842426732576,32.15287354642296,0.0,0.0
2030-02-28 07:00:00,1297.0,1644.1,0.0,3199.99,9847.0,1850.0,1547.4101559810747,394.80000000000047,333.9842426732576,32.15287354642296,0.0,0.0
2030-02-28 08:00:00,0.0,0.0,0.0,0.0,9847.0,839.2306747420662,0.0,0.0,0.0,0.0,0.0,0.0
2030-02-28 09:00:00,0.0,0.0,0.0,0.0,9847.0,0.0,0.0,0.0,0.0,0.0,0.0,0.0
2030-02-28 10:00:00,0.0,0.0,0.0,0.0,9847.0,0.0,0.0,0.0,0.0,0.0,0.0,0.0
2030-02-28 11:00:00,0.0,0.0,0.0,0.0,8529.011351602865,0.0,0.0,0.0,0.0,0.0,0.0,0.0
2030-02-28 12:00:00,0.0,0.0,0.0,0.0,2083.093742435526,0.0,0.0,0.0,0.0,0.0,0.0,0.0
2030-02-28 13:00:00,0.0,0.0,0.0,0.0,0.0,0.0,0.0,0.0,0.0,0.0,0.0,0.0
2030-02-28 14:00:00,0.0,0.0,0.0,0.0,0.0,0.0,0.0,0.0,0.0,0.0,0.0,0.0
2030-02-28 15:00:00,0.0,0.0,0.0,0.0,7886.397596516399,0.0,0.0,0.0,0.0,0.0,0.0,0.0
2030-02-28 16:00:00,0.0,0.0,0.0,0.0,9847.0,0.0,0.0,0.0,0.0,0.0,0.0,0.0
2030-02-28 17:00:00,0.0,0.0,0.0,1499.434632955301,9847.0,0.0,0.0,370.3067449881928,0.0,0.0,0.0,0.0
2030-02-28 18:00:00,0.0,0.0,0.0,0.0,9847.0,1850.0,814.9848849838672,470.0000000000005,0.0,0.0,0.0,226.26021692443578
2030-02-28 19:00:00,0.0,0.0,0.0,0.0,9847.0,0.0,0.0,0.0,0.0,0.0,0.0,0.0
2030-02-28 20:00:00,0.0,0.0,0.0,0.0,9847.0,0.0,0.0,0.0,0.0,0.0,0.0,0.0
2030-02-28 21:00:00,0.0,0.0,0.0,0.0,9847.0,0.0,0.0,0.0,0.0,0.0,0.0,0.0
2030-02-28 22:00:00,0.0,0.0,0.0,0.0,9847.0,702.8338475492783,0.0,0.0,0.0,0.0,0.0,0.0
2030-02-28 23:00:00,0.0,0.0,0.0,0.0,9847.0,447.172089097563,0.0,0.0,0.0,0.0,0.0,0.0
2030-03-01 00:00:00,0.0,0.0,0.0,0.0,9847.0,1850.0,78.61936149759275,470.0000000000005,0.0,0.0,0.0,193.13110767060311
2030-03-01 01:00:00,0.0,0.0,0.0,0.0,9847.0,1850.0,0.0,0.0,0.0,0.0,0.0,0.0
2030-03-01 02:00:00,1297.0,1644.1,0.0,0.0,9847.0,1850.0,0.0,0.0,0.0,0.0,0.0,0.0
2030-03-01 03:00:00,1297.0,1644.1,0.0,0.0,9847.0,1850.0,0.0,0.0,0.0,0.0,0.0,0.0
2030-03-01 04:00:00,1297.0,1644.1,0.0,0.0,9847.0,1850.0,821.3806385024072,0.0,168.34850324498484,2070.0,0.0,0.0
2030-03-01 05:00:00,1297.0,1644.1,7381.64,0.0,9847.0,1850.0,1950.0,128.1200165010523,8530.0,2070.0,0.0,0.0
2030-03-01 06:00:00,1297.0,1644.1,7381.64,0.0,9847.0,1850.0,1950.0,266.6799834989482,3604.892278014908,2070.0,2290.0,0.0
2030-03-01 07:00:00,1297.0,1644.1,7381.64,0.0,9847.0,1850.0,1950.0,470.0000000000005,8530.0,1607.011662505572,0.0,0.0
2030-03-01 08:00:00,1297.0,1644.1,7381.64,0.0,9847.0,1850.0,1950.0,0.0,333.9842426732576,2070.0,2290.0,561.2
2030-03-01 09:00:00,1297.0,1644.1,7381.64,0.0,9847.0,0.0,0.0,0.0,333.9842426732576,32.15287354642296,0.0,0.0
2030-03-01 10:00:00,1297.0,1644.1,7381.64,0.0,7006.995471913062,0.0,0.0,0.0,333.9842426732576,32.15287354642296,0.0,0.0
2030-03-01 11:00:00,1297.0,1644.1,7381.64,0.0,2493.8427396830957,0.0,0.0,0.0,0.0,0.0,0.0,0.0
2030-03-01 12:00:00,1297.0,1644.1,7381.64,0.0,0.0,0.0,0.0,0.0,0.0,0.0,0.0,0.0
2030-03-01 13:00:00,1297.0,1644.1,7381.64,0.0,0.0,0.0,0.0,0.0,0.0,0.0,0.0,0.0
2030-03-01 14:00:00,1297.0,1644.1,7381.64,0.0,0.0,0.0,0.0,0.0,150.60688609429735,0.0,0.0,0.0
2030-03-01 15:00:00,1297.0,1644.1,7381.64,0.0,2210.277220984237,0.0,0.0,0.0,0.0,0.0,0.0,0.0
2030-03-01 16:00:00,1297.0,1644.1,7381.64,0.0,9492.992079303833,0.0,0.0,0.0,1853.2985699452486,0.0,0.0,0.0
2030-03-01 17:00:00,1297.0,1644.1,589.4896945591609,3199.99,9847.0,1850.0,0.0,0.0,0.0,225.07011482496065,2237.5605220949396,251.12213457961636
2030-03-01 18:00:00,1297.0,1644.1,7381.64,0.0,9847.0,1850.0,1950.0,0.0,667.9684853465152,32.15287354642296,2290.0,0.0
2030-03-01 19:00:00,1297.0,1644.1,7381.64,0.0,9847.0,1850.0,0.0,0.0,0.0,0.0,2290.0,0.0
2030-03-01 20:00:00,1297.0,1644.1,0.0,0.0,9847.0,1850.0,0.0,0.0,0.0,64.30574709284592,2290.0,0.0
2030-03-01 21:00:00,1297.0,1644.1,7381.64,0.0,9847.0,1850.0,843.2258214153808,0.0,1001.9527280197728,0.0,0.0,0.0
2030-03-01 22:00:00,1297.0,1644.1,7381.64,0.0,9847.0,1850.0,1950.0,0.0,333.9842426732576,64.30574709284592,0.0,0.0
2030-03-01 23:00:00,1297.0,1644.1,7381.64,0.0,9847.0,1850.0,0.0,0.0,0.0,0.0,2290.0,310.07786542038366
2030-03-02 00:00:00,1297.0,1644.1,7381.64,0.0,9847.0,1850.0,1950.0,470.0000000000005,667.9684853465152,64.30574709284592,2290.0,0.0
2030-03-02 01:00:00,1297.0,1644.1,7381.64,0.0,9847.0,1850.0,0.0,394.80000000000047,333.9842426732576,0.0,2290.0,0.0
2030-03-02 02:00:00,1297.0,1644.1,7381.64,0.0,9847.0,1850.0,0.0,0.0,333.9842426732576,64.30574709284592,2290.0,0.0
2030-03-02 03:00:00,1297.0,1644.1,7381.64,2688.0192000000015,9847.0,1850.0,0.0,0.0,146.50055321116997,32.15287354642296,2290.0,0.0
2030-03-02 04:00:00,1297.0,1644.1,7381.64,0.0,9847.0,1850.0,0.0,0.0,521.4679321353452,32.15287354642296,0.0,0.0
2030-03-02 05:00:00,1297.0,1644.1,7381.64,0.0,9847.0,1850.0,1950.0,397.80800000000045,0.0,0.0,0.0,0.0
2030-03-02 06:00:00,1297.0,1644.1,7381.64,0.0,9847.0,1850.0,1135.5501343660799,0.0,667.9684853465152,64.30574709284592,2290.0,0.0
2030-03-02 07:00:00,1297.0,1644.1,7381.64,0.0,9847.0,1850.0,0.0,0.0,333.9842426732576,32.15287354642296,0.0,0.0
2030-03-02 08:00:00,1297.0,1644.1,7381.64,0.0,9847.0,1850.0,0.0,0.0,333.9842426732576,32.15287354642296,0.0,0.0
2030-03-02 09:00:00,1297.0,1644.1,7381.64,0.0,9847.0,0.0,0.0,0.0,333.9842426732576,32.15287354642296,0.0,0.0
2030-03-02 10:00:00,1297.0,1644.1,4193.896899623456,0.0,9286.653803422945,0.0,0.0,0.0,0.0,0.0,0.0,0.0
2030-03-02 11:00:00,1297.0,1644.1,0.0,0.0,5795.827731597172,0.0,0.0,0.0,0.0,0.0,0.0,0.0
2030-03-02 12:00:00,1297.0,1644.1,0.0,0.0,2283.8731064451567,0.0,0.0,0.0,0.0,0.0,0.0,0.0
2030-03-02 13:00:00,1297.0,1644.1,0.0,0.0,192.21337221263093,0.0,0.0,0.0,0.0,0.0,0.0,0.0
2030-03-02 14:00:00,1297.0,1644.1,0.0,0.0,164.8696943216346,0.0,0.0,0.0,0.0,0.0,0.0,0.0
2030-03-02 15:00:00,1297.0,1644.1,4312.3194206180615,0.0,3123.5532042681402,0.0,0.0,0.0,0.0,0.0,0.0,0.0
2030-03-02 16:00:00,1297.0,1644.1,0.0,0.0,9847.0,0.0,0.0,0.0,0.0,849.7106615960723,0.0,0.0
2030-03-02 17:00:00,1297.0,1644.1,7381.64,0.0,9847.0,1850.0,997.9271926857552,0.0,4146.225071043598,32.15287354642296,0.0,561.2
2030-03-02 18:00:00,1297.0,1644.1,7381.64,0.0,9847.0,1850.0,1950.0,470.0000000000005,333.9842426732576,32.15287354642296,0.0,0.0
2030-03-02 19:00:00,1297.0,1644.1,7381.64,0.0,9847.0,1850.0,202.64246929717774,394.80000000000047,333.9842426732576,32.15287354642296,2290.0,0.0
2030-03-02 20:00:00,1297.0,1644.1,7381.64,0.0,9847.0,1850.0,658.0844572975184,0.0,333.9842426732576,32.15287354642296,0.0,0.0
2030-03-02 21:00:00,1297.0,1644.1,7381.64,0.0,9847.0,1850.0,0.0,0.0,333.9842426732576,32.15287354642296,328.16910460520603,0.0
2030-03-02 22:00:00,1297.0,1644.1,7381.64,0.0,9847.0,1850.0,1950.0,0.0,333.9842426732576,32.15287354642296,2290.0,0.0
2030-03-02 23:00:00,1297.0,1644.1,7381.64,0.0,9847.0,1850.0,1079.031895625456,0.0,333.9842426732576,32.15287354642296,0.0,0.0
2030-03-03 00:00:00,1297.0,1644.1,7381.64,2763.9234718363005,9847.0,1850.0,1862.3139850940934,0.0,333.9842426732576,0.0,2290.0,0.0
2030-03-03 01:00:00,1297.0,1644.1,7381.64,1857.5262355823306,9847.0,1627.3506732194364,0.0,0.0,333.9842426732576,0.0,2290.0,0.0
2030-03-03 02:00:00,1297.0,1644.1,7381.64,0.0,9847.0,227.1095686049157,0.0,0.0,333.9842426732576,96.45862063926887,2290.0,0.0
2030-03-03 03:00:00,1297.0,1644.1,7381.64,0.0,9027.104749566095,0.0,0.0,0.0,333.9842426732576,32.15287354642296,2290.0,0.0
2030-03-03 04:00:00,1297.0,1644.1,7381.64,0.0,4795.9508604281,0.0,0.0,0.0,333.9842426732576,32.15287354642296,0.0,0.0
2030-03-03 05:00:00,1297.0,1644.1,0.0,0.0,6720.8274946043675,0.0,0.0,0.0,333.9842426732576,0.0,0.0,0.0
2030-03-03 06:00:00,1297.0,1644.1,7381.64,0.0,8783.978934434781,0.0,0.0,0.0,333.9842426732576,0.0,0.0,0.0
2030-03-03 07:00:00,1297.0,1644.1,7381.64,0.0,9847.0,0.0,0.0,45.2529880168222,0.0,96.45862063926887,509.0831888533885,0.0
2030-03-03 08:00:00,1297.0,1644.1,0.0,0.0,6627.82252933734,0.0,0.0,0.0,667.9684853465152,32.15287354642296,0.0,0.0
2030-03-03 09:00:00,1297.0,1644.1,0.0,0.0,745.4676289568015,0.0,0.0,0.0,0.0,0.0,0.0,0.0
2030-03-03 10:00:00,1297.0,1644.1,7381.64,0.0,0.0,0.0,0.0,0.0,0.0,0.0,0.0,0.0
2030-03-03 11:00:00,1297.0,1644.1,2636.8541142469476,0.0,0.0,0.0,0.0,0.0,0.0,0.0,0.0,0.0
2030-03-03 12:00:00,1297.0,1644.1,41.5379880912642,0.0,0.0,0.0,0.0,0.0,0.0,0.0,0.0,0.0
2030-03-03 13:00:00,1297.0,1644.1,1392.2151153102259,0.0,0.0,0.0,0.0,0.0,0.0,0.0,0.0,0.0
2030-03-03 14:00:00,1297.0,1644.1,7381.64,0.0,0.0,0.0,0.0,0.0,0.0,0.0,0.0,0.0
2030-03-03 15:00:00,1297.0,1644.1,7381.64,0.0,0.0,0.0,0.0,0.0,0.0,0.0,0.0,0.0
2030-03-03 16:00:00,1297.0,1644.1,2186.2860143708804,0.0,0.0,0.0,0.0,0.0,145.38841469572247,257.2229883713836,2290.0,0.0
2030-03-03 17:00:00,1297.0,1644.1,7381.64,1212.2731072382448,4886.216419663804,0.0,0.0,0.0,2860.4697693635962,32.15287354642296,2290.0,0.0
2030-03-03 18:00:00,1297.0,1644.1,7381.64,0.0,8529.41874825256,0.0,0.0,0.0,333.9842426732576,32.15287354642296,2290.0,0.0
2030-03-03 19:00:00,1297.0,1644.1,7381.64,0.0,5589.890000871201,0.0,0.0,0.0,333.9842426732576,32.15287354642296,0.0,0.0
2030-03-03 20:00:00,1297.0,1644.1,7381.64,0.0,4277.848061328994,0.0,0.0,0.0,333.9842426732576,0.0,0.0,0.0
2030-03-03 21:00:00,1297.0,1644.1,7381.64,0.0,7620.4955793436675,0.0,0.0,0.0,0.0,64.30574709284592,2290.0,0.0
2030-03-03 22:00:00,1297.0,1644.1,7381.64,54.28638534312539,8869.81280078004,0.0,900.0000000000006,0.0,667.9684853465152,32.15287354642296,183.86665204976725,561.2
2030-03-03 23:00:00,1297.0,1644.1,0.0,0.0,6545.77732197805,0.0,1950.0,394.80000000000047,0.0,0.0,0.0,0.0
2030-03-04 00:00:00,1297.0,1644.1,0.0,0.0,7204.891467714013,0.0,1950.0,0.0,0.0,0.0,0.0,0.0
2030-03-04 01:00:00,1297.0,1644.1,0.0,0.0,4192.213686801784,0.0,1950.0,0.0,0.0,0.0,0.0,0.0
2030-03-04 02:00:00,1297.0,1644.1,0.0,0.0,1205.0543828004666,0.0,1950.0,470.0000000000005,0.0,0.0,0.0,0.0
2030-03-04 03:00:00,1297.0,1644.1,0.0,0.0,0.0,0.0,0.0,0.0,0.0,0.0,0.0,0.0
2030-03-04 04:00:00,1297.0,1644.1,0.0,0.0,0.0,0.0,0.0,0.0,0.0,0.0,0.0,0.0
2030-03-04 05:00:00,1297.0,1644.1,0.0,0.0,0.0,0.0,0.0,0.0,0.0,0.0,0.0,0.0
2030-03-04 06:00:00,1297.0,1644.1,0.0,0.0,0.0,0.0,0.0,0.0,0.0,0.0,0.0,0.0
2030-03-04 07:00:00,1297.0,1644.1,0.0,0.0,0.0,0.0,0.0,470.0000000000005,0.0,0.0,0.0,0.0
2030-03-04 08:00:00,0.0,0.0,0.0,0.0,0.0,0.0,0.0,0.0,0.0,0.0,0.0,0.0
2030-03-04 09:00:00,0.0,0.0,0.0,0.0,0.0,0.0,0.0,0.0,0.0,0.0,0.0,0.0
2030-03-04 10:00:00,0.0,0.0,0.0,0.0,0.0,0.0,0.0,0.0,0.0,0.0,0.0,0.0
2030-03-04 11:00:00,0.0,0.0,0.0,0.0,0.0,0.0,0.0,0.0,0.0,0.0,0.0,0.0
2030-03-04 12:00:00,0.0,0.0,0.0,0.0,0.0,0.0,0.0,0.0,0.0,0.0,0.0,0.0
2030-03-04 13:00:00,0.0,0.0,0.0,2237.405407999999,0.0,0.0,0.0,0.0,0.0,0.0,0.0,0.0
2030-03-04 14:00:00,0.0,0.0,0.0,0.0,0.0,0.0,0.0,0.0,0.0,0.0,0.0,0.0
2030-03-04 15:00:00,0.0,0.0,0.0,0.0,0.0,0.0,0.0,0.0,0.0,0.0,0.0,0.0
2030-03-04 16:00:00,1297.0,1644.1,0.0,0.0,0.0,0.0,0.0,0.0,0.0,0.0,0.0,0.0
2030-03-04 17:00:00,1297.0,1644.1,0.0,0.0,0.0,0.0,0.0,0.0,5109.891030417374,0.0,0.0,0.0
2030-03-04 18:00:00,1297.0,1644.1,0.0,0.0,5856.981709353509,0.0,0.0,0.0,3855.447571243248,0.0,0.0,0.0
2030-03-04 19:00:00,1297.0,1644.1,0.0,0.0,4408.94014941241,0.0,0.0,0.0,822.8161618065758,0.0,0.0,0.0
2030-03-04 20:00:00,1297.0,1644.1,0.0,0.0,2774.393380822854,0.0,0.0,0.0,0.0,6.773802040855799,0.0,0.0
2030-03-04 21:00:00,1297.0,1644.1,0.0,0.0,5505.526115480046,0.0,0.0,0.0,0.0,283.38560186789573,0.0,0.0
2030-03-04 22:00:00,1297.0,1644.1,0.0,0.0,7707.073956059496,0.0,0.0,0.0,1274.2650082572482,0.0,0.0,0.0
2030-03-04 23:00:00,1297.0,1644.1,0.0,0.0,9847.0,1112.3799278689257,0.0,0.0,301.98465028978944,0.0,0.0,0.0
2030-03-05 00:00:00,1297.0,1644.1,0.0,0.0,9847.0,1850.0,1950.0,54.68119752709754,7593.276310923643,0.0,0.0,0.0
2030-03-05 01:00:00,1297.0,1644.1,4626.498557101961,0.0,9847.0,1850.0,233.9390066433126,319.84267579446794,4420.020539219736,0.0,0.0,0.0
2030-03-05 02:00:00,1297.0,1644.1,5972.419656743721,0.0,9847.0,1124.5681208116955,666.0609933566877,0.0,7707.506336561295,0.0,0.0,0.0
2030-03-05 03:00:00,1297.0,1644.1,0.0,0.0,7819.694077733235,0.0,0.0,0.0,5961.457237975711,2070.0,0.0,0.0
2030-03-05 04:00:00,1297.0,1644.1,0.0,0.0,4074.3880123046033,0.0,0.0,0.0,3278.186675705057,0.0,283.8454352076228,561.2
2030-03-05 05:00:00,1297.0,1644.1,7381.64,0.0,9847.0,439.1088447707807,0.0,0.0,393.91297144137553,1804.7175681709207,0.0,0.0
2030-03-05 06:00:00,1297.0,1644.1,7381.64,0.0,9847.0,1850.0,1950.0,394.80000000000047,0.0,37.914855569849784,2290.0,0.0
2030-03-05 07:00:00,1297.0,1644.1,7381.64,1696.411581618344,9847.0,1850.0,1950.0,470.0000000000005,0.0,37.914855569849784,0.0,0.0
2030-03-05 08:00:00,1297.0,1644.1,7381.64,0.0,9847.0,1850.0,1950.0,0.0,0.0,37.914855569849784,0.0,0.0
2030-03-05 09:00:00,1297.0,1644.1,7381.64,0.0,8043.92292455658,0.0,0.0,0.0,1575.6518857655021,0.0,0.0,0.0
2030-03-05 10:00:00,1297.0,1644.1,7381.64,991.6076183816577,3734.6271381970437,0.0,0.0,0.0,393.91297144137553,75.82971113969957,2290.0,0.0
2030-03-05 11:00:00,1297.0,1644.1,7381.64,0.0,2390.8660799490026,0.0,0.0,0.0,0.0,37.914855569849784,0.0,0.0
2030-03-05 12:00:00,1297.0,1644.1,7381.64,0.0,886.8985267297685,0.0,0.0,0.0,0.0,37.914855569849784,0.0,0.0
2030-03-05 13:00:00,1297.0,1644.1,7381.64,0.0,0.0,0.0,0.0,0.0,1181.7389143241267,0.0,0.0,0.0
2030-03-05 14:00:00,1297.0,1644.1,7381.64,0.0,0.0,0.0,0.0,0.0,0.0,75.82971113969957,2290.0,0.0
2030-03-05 15:00:00,1297.0,1644.1,7381.64,0.0,423.9585786565149,0.0,0.0,0.0,0.0,0.0,0.0,0.0
2030-03-05 16:00:00,1297.0,1644.1,7381.64,0.0,3295.5118322470516,0.0,0.0,0.0,1181.7389143241267,75.82971113969957,2290.0,0.0
2030-03-05 17:00:00,1297.0,1644.1,7381.64,3199.99,8848.530275183308,0.0,0.0,0.0,0.0,37.914855569849784,0.0,0.0
2030-03-05 18:00:00,1297.0,1644.1,7381.64,0.0,9847.0,1361.7324189573164,174.84463761656195,470.0000000000005,787.8259428827511,37.914855569849784,2290.0,0.0
2030-03-05 19:00:00,1297.0,1644.1,7381.64,0.0,5188.061671348703,0.0,0.0,0.0,393.91297144137553,37.914855569849784,2290.0,0.0
2030-03-05 20:00:00,1297.0,1644.1,3842.789622637382,0.0,361.368282741445,0.0,0.0,0.0,393.91297144137553,37.914855569849784,0.0,0.0
2030-03-05 21:00:00,1297.0,1644.1,0.0,0.0,1896.3879988643675,0.0,0.0,0.0,0.0,0.0,0.0,0.0
2030-03-05 22:00:00,1297.0,546.1807133948168,0.0,0.0,2056.897596000468,0.0,0.0,0.0,0.0,0.0,0.0,0.0
2030-03-05 23:00:00,0.0,0.0,0.0,0.0,231.82521184415236,0.0,0.0,0.0,0.0,0.0,0.0,0.0
2030-03-06 00:00:00,0.0,0.0,0.0,0.0,1027.1236885919207,0.0,0.0,0.0,383.4383627757518,0.0,0.0,0.0
2030-03-06 01:00:00,0.0,0.0,0.0,0.0,0.0,0.0,0.0,0.0,281.17334034222927,189.57427784924892,0.0,0.0
2030-03-06 02:00:00,0.0,0.0,0.0,0.0,0.0,0.0,0.0,0.0,453.3770351295834,0.0,0.0,0.0
2030-03-06 03:00:00,0.0,0.0,0.0,0.0,0.0,0.0,0.0,0.0,656.1588005018116,75.82971113969957,0.0,0.0
2030-03-06 04:00:00,0.0,0.0,0.0,0.0,0.0,0.0,0.0,0.0,1048.2695619283031,0.0,0.0,0.0
2030-03-06 05:00:00,0.0,0.0,0.0,0.0,0.0,0.0,0.0,0.0,722.7996422947006,75.82971113969957,0.0,154.14220072278863
2030-03-06 06:00:00,0.0,0.0,0.0,0.0,1768.6367906728337,0.0,0.0,394.80000000000047,215.39578283558723,37.914855569849784,0.0,355.39427584562026
2030-03-06 07:00:00,0.0,0.0,0.0,0.0,2437.4065237601535,0.0,0.0,470.0000000000005,0.0,0.0,0.0,0.0
2030-03-06 08:00:00,0.0,0.0,0.0,0.0,0.0,0.0,0.0,0.0,0.0,0.0,0.0,0.0
2030-03-06 09:00:00,0.0,0.0,0.0,0.0,0.0,0.0,0.0,0.0,0.0,0.0,0.0,0.0
2030-03-06 10:00:00,0.0,0.0,0.0,3199.99,0.0,0.0,0.0,0.0,0.0,0.0,0.0,0.0
2030-03-06 11:00:00,0.0,0.0,0.0,0.0,0.0,0.0,0.0,0.0,0.0,0.0,0.0,0.0
2030-03-06 12:00:00,0.0,0.0,0.0,0.0,0.0,0.0,0.0,0.0,0.0,0.0,0.0,0.0
2030-03-06 13:00:00,0.0,0.0,0.0,2708.471536,0.0,0.0,0.0,0.0,0.0,0.0,0.0,0.0
2030-03-06 14:00:00,0.0,0.0,0.0,0.0,0.0,0.0,0.0,0.0,0.0,0.0,0.0,0.0
2030-03-06 15:00:00,0.0,0.0,0.0,0.0,0.0,0.0,0.0,0.0,0.0,0.0,0.0,0.0
2030-03-06 16:00:00,1297.0,1644.1,7381.64,0.0,0.0,0.0,0.0,0.0,0.0,1137.8511175348447,0.0,0.0
2030-03-06 17:00:00,1297.0,1644.1,0.0,0.0,1309.576125743566,0.0,0.0,0.0,7640.776752775773,0.0,0.0,0.0
2030-03-06 18:00:00,1297.0,1644.1,7381.64,0.0,8458.066884533371,0.0,0.0,0.0,0.0,1450.5635318313489,2290.0,0.0
2030-03-06 19:00:00,1297.0,1644.1,7381.64,0.0,4958.682012624355,0.0,0.0,0.0,787.8259428827511,2070.0,0.0,0.0
2030-03-06 20:00:00,1297.0,1644.1,7381.64,0.0,3030.6127916499536,0.0,0.0,0.0,393.91297144137553,0.0,0.0,0.0
2030-03-06 21:00:00,1297.0,1644.1,7381.64,0.0,6929.281145286412,0.0,0.0,0.0,393.91297144137553,352.32138183052774,2290.0,0.0
2030-03-06 22:00:00,1297.0,1644.1,7381.64,604.6409645058421,8285.275087270478,0.0,0.0,0.0,393.91297144137553,37.914855569849784,2290.0,0.0
2030-03-06 23:00:00,1297.0,1644.1,7381.64,0.0,8593.668300716017,0.0,0.0,0.0,0.0,0.0,2290.0,0.0
2030-03-07 00:00:00,1297.0,1644.1,7381.64,0.0,9847.0,1850.0,392.35412878344505,0.0,0.0,0.0,0.0,0.0
2030-03-07 01:00:00,1297.0,1644.1,7381.64,0.0,9847.0,1432.5452154757804,0.0,0.0,607.2673739001591,0.0,0.0,0.0
2030-03-07 02:00:00,1297.0,1644.1,0.0,0.0,9847.0,1850.0,99.60036216071603,0.0,0.0,0.0,2290.0,0.0
2030-03-07 03:00:00,1297.0,1644.1,7381.64,0.0,8280.002615744888,0.0,0.0,0.0,0.0,0.0,0.0,0.0
2030-03-07 04:00:00,1297.0,1644.1,7381.64,0.0,4484.318174580025,0.0,0.0,0.0,0.0,0.0,311.2492324909549,0.0
2030-03-07 05:00:00,1297.0,1644.1,7381.64,2083.378235494159,9847.0,572.6485895694661,1047.6612158564074,0.0,0.0,0.0,2290.0,0.0
2030-03-07 06:00:00,1297.0,1644.1,7381.64,3199.99,9847.0,1850.0,1950.0,470.0000000000005,2544.036397630845,303.3188445587983,2290.0,561.2
2030-03-07 07:00:00,1297.0,1644.1,7381.64,0.0,9847.0,1850.0,1950.0,394.80000000000047,393.91297144137553,37.914855569849784,2290.0,0.0
2030-03-07 08:00:00,1297.0,1644.1,7381.64,0.0,9847.0,1850.0,950.0211809463144,0.0,393.91297144137553,37.914855569849784,0.0,0.0
2030-03-07 09:00:00,1297.0,1644.1,0.0,0.0,4636.968167081031,0.0,0.0,0.0,0.0,0.0,0.0,0.0
2030-03-07 10:00:00,0.0,0.0,0.0,0.0,734.0156767992739,0.0,0.0,0.0,0.0,0.0,0.0,0.0
2030-03-07 11:00:00,0.0,0.0,0.0,0.0,0.0,0.0,0.0,0.0,0.0,0.0,0.0,0.0
2030-03-07 12:00:00,0.0,0.0,0.0,0.0,0.0,0.0,0.0,0.0,0.0,0.0,0.0,0.0
2030-03-07 13:00:00,1297.0,854.43695149817,0.0,0.0,0.0,0.0,0.0,0.0,0.0,0.0,0.0,0.0
2030-03-07 14:00:00,1297.0,1644.1,124.74350723046518,0.0,0.0,0.0,0.0,0.0,1361.8536842364479,227.4891334190987,0.0,0.0
2030-03-07 15:00:00,1297.0,1644.1,0.0,0.0,0.0,0.0,0.0,0.0,3367.892959582153,0.0,0.0,0.0
2030-03-07 16:00:00,1297.0,1644.1,7381.64,0.0,6324.884841344596,0.0,0.0,0.0,2905.041494373113,75.82971113969957,2290.0,0.0
2030-03-07 17:00:00,1297.0,1644.1,7381.64,1256.793807853588,9847.0,1850.0,1950.0,424.91709763708525,6780.3558386353825,0.0,398.8023450549981,0.0
2030-03-07 18:00:00,1297.0,1644.1,7381.64,3199.99,9847.0,1850.0,1950.0,0.0,393.91297144137553,75.82971113969957,0.0,0.0
2030-03-07 19:00:00,1297.0,1644.1,7381.64,0.0,9847.0,1850.0,0.0,0.0,393.91297144137553,37.914855569849784,2290.0,0.0
2030-03-07 20:00:00,1297.0,1644.1,7381.64,0.0,9847.0,1850.0,0.0,0.0,393.91297144137553,37.914855569849784,0.0,0.0
2030-03-07 21:00:00,1297.0,1644.1,7381.64,0.0,9847.0,1850.0,1950.0,0.0,0.0,0.0,0.0,0.0
2030-03-07 22:00:00,1297.0,1644.1,7381.64,0.0,9847.0,1850.0,1950.0,0.0,787.8259428827511,75.82971113969957,0.0,0.0
2030-03-07 23:00:00,1297.0,1644.1,7381.64,0.0,9847.0,1850.0,0.0,0.0,0.0,0.0,2290.0,0.0
2030-03-08 00:00:00,1297.0,1644.1,7381.64,0.0,9847.0,1850.0,0.0,0.0,787.8259428827511,75.82971113969957,0.0,0.0
2030-03-08 01:00:00,1297.0,1644.1,7381.64,0.0,9847.0,1850.0,0.0,0.0,0.0,0.0,0.0,0.0
2030-03-08 02:00:00,1297.0,1644.1,7381.64,0.0,9847.0,1850.0,545.2943269103667,470.0000000000005,0.0,0.0,2290.0,0.0
2030-03-08 03:00:00,1297.0,1644.1,7381.64,0.0,9847.0,1850.0,0.0,0.0,0.0,0.0,2290.0,0.0
2030-03-08 04:00:00,1297.0,1644.1,7381.64,0.0,9847.0,1257.0867509917443,0.0,0.0,0.0,151.65942227939914,2290.0,0.0
2030-03-08 05:00:00,1297.0,1644.1,7381.64,0.0,9847.0,1850.0,0.0,0.0,1969.5648572068774,37.914855569849784,2290.0,561.2
2030-03-08 06:00:00,1297.0,1644.1,7381.64,0.0,9847.0,1850.0,1950.0,394.80000000000047,393.91297144137553,37.914855569849784,0.0,0.0
2030-03-08 07:00:00,1297.0,1644.1,7381.64,1431.225392146414,9847.0,1850.0,0.0,470.0000000000005,393.91297144137553,37.914855569849784,0.0,0.0
2030-03-08 08:00:00,0.0,0.0,0.0,0.0,9847.0,837.1370742776853,0.0,0.0,0.0,0.0,0.0,0.0
2030-03-08 09:00:00,0.0,0.0,0.0,0.0,0.0,0.0,0.0,0.0,0.0,0.0,0.0,0.0
2030-03-08 10:00:00,0.0,0.0,0.0,0.0,0.0,0.0,0.0,0.0,0.0,0.0,0.0,0.0
2030-03-08 11:00:00,0.0,0.0,0.0,3199.99,0.0,0.0,0.0,0.0,0.0,0.0,0.0,0.0
2030-03-08 12:00:00,0.0,0.0,0.0,0.0,0.0,0.0,0.0,0.0,0.0,0.0,0.0,0.0
2030-03-08 13:00:00,0.0,0.0,0.0,0.0,0.0,0.0,0.0,0.0,0.0,0.0,0.0,0.0
2030-03-08 14:00:00,0.0,0.0,0.0,0.0,0.0,0.0,0.0,0.0,0.0,0.0,0.0,0.0
2030-03-08 15:00:00,0.0,0.0,0.0,0.0,0.0,0.0,0.0,0.0,0.0,0.0,0.0,0.0
2030-03-08 16:00:00,0.0,0.0,0.0,0.0,0.0,0.0,0.0,0.0,0.0,0.0,0.0,0.0
2030-03-08 17:00:00,0.0,0.0,0.0,0.0,6219.703299767461,0.0,0.0,0.0,0.0,0.0,0.0,0.0
2030-03-08 18:00:00,0.0,0.0,0.0,0.0,8695.375573479265,0.0,0.0,0.0,0.0,0.0,0.0,424.2716288695733
2030-03-08 19:00:00,0.0,0.0,0.0,0.0,5592.680691484551,0.0,0.0,0.0,0.0,0.0,0.0,125.43892982060083
2030-03-08 20:00:00,0.0,0.0,0.0,0.0,2929.4409688520172,0.0,0.0,0.0,0.0,0.0,0.0,0.0
2030-03-08 21:00:00,0.0,0.0,0.0,0.0,6096.838709979202,0.0,0.0,0.0,0.0,0.0,0.0,0.0
2030-03-08 22:00:00,0.0,0.0,0.0,0.0,6646.682221730851,0.0,0.0,0.0,0.0,0.0,0.0,0.0
2030-03-08 23:00:00,0.0,0.0,0.0,0.0,5552.652711685165,0.0,0.0,0.0,0.0,0.0,0.0,0.0
2030-03-09 00:00:00,0.0,0.0,0.0,0.0,8271.764658620203,0.0,0.0,0.0,0.0,0.0,0.0,0.0
2030-03-09 01:00:00,0.0,0.0,0.0,0.0,4218.391590347324,1850.0,0.0,0.0,0.0,0.0,0.0,0.0
2030-03-09 02:00:00,0.0,0.0,0.0,0.0,2080.858820514881,1850.0,1165.0145952499986,0.0,0.0,0.0,0.0,0.0
2030-03-09 03:00:00,0.0,0.0,0.0,1032.6614991611511,0.0,0.0,888.4548352199927,397.80800000000045,279.41562692648245,0.0,0.0,0.0
2030-03-09 04:00:00,0.0,0.0,0.0,0.0,0.0,0.0,0.0,0.0,315.87537712314315,0.0,0.0,313.27191111420825
2030-03-09 05:00:00,0.0,0.0,0.0,0.0,0.0,1850.0,1467.7897292762573,0.0,0.0,564.1452011262331,0.0,0.0
2030-03-09 06:00:00,0.0,44.94971004216495,0.0,3199.99,4473.214589392053,1850.0,1950.0,470.0000000000005,0.0,0.0,0.0,247.9280888857918
2030-03-09 07:00:00,0.0,0.0,0.0,1655.3577008388504,4574.955143770494,1850.0,1950.0,394.80000000000047,0.0,0.0,0.0,0.0
2030-03-09 08:00:00,0.0,0.0,0.0,0.0,1134.6542033536587,197.16103776041123,1278.740840253752,0.0,0.0,0.0,0.0,0.0
2030-03-09 09:00:00,0.0,0.0,0.0,0.0,0.0,0.0,0.0,0.0,0.0,0.0,0.0,0.0
2030-03-09 10:00:00,0.0,0.0,0.0,960.8853496629831,0.0,0.0,0.0,0.0,0.0,0.0,0.0,0.0
2030-03-09 11:00:00,0.0,0.0,0.0,0.0,0.0,0.0,0.0,0.0,0.0,0.0,0.0,0.0
2030-03-09 12:00:00,0.0,0.0,0.0,2237.405407999999,0.0,0.0,0.0,0.0,0.0,0.0,0.0,0.0
2030-03-09 13:00:00,0.0,0.0,0.0,0.0,0.0,0.0,0.0,0.0,0.0,0.0,0.0,0.0
2030-03-09 14:00:00,0.0,0.0,0.0,0.0,0.0,0.0,0.0,0.0,0.0,0.0,0.0,0.0
2030-03-09 15:00:00,0.0,0.0,0.0,0.0,0.0,0.0,0.0,0.0,0.0,0.0,0.0,0.0
2030-03-09 16:00:00,0.0,0.0,3164.5518536635136,0.0,0.0,0.0,0.0,0.0,0.0,0.0,0.0,0.0
2030-03-09 17:00:00,1297.0,1644.1,7381.64,0.0,6227.461790480229,0.0,0.0,0.0,2578.728463682104,2070.0,2290.0,0.0
2030-03-09 18:00:00,1297.0,1644.1,7381.64,1642.8377688392418,9847.0,238.74958845772164,709.4259647268049,0.0,5288.58094064815,0.0,2290.0,0.0
2030-03-09 19:00:00,1297.0,1644.1,7381.64,0.0,7647.126302587727,0.0,0.0,0.0,5047.100097003276,0.0,2290.0,0.0
2030-03-09 20:00:00,1297.0,1644.1,7381.64,0.0,6510.714461755968,0.0,0.0,0.0,4867.367086105559,0.0,2290.0,0.0
2030-03-09 21:00:00,1297.0,1644.1,7381.64,3199.99,9847.0,549.3985028714815,0.0,0.0,4749.863160712151,0.0,2290.0,0.0
2030-03-09 22:00:00,1297.0,1644.1,7381.64,0.0,9424.896156560386,1639.7657027116165,1950.0,0.0,2748.5202772838593,2070.0,2290.0,0.0
2030-03-09 23:00:00,1297.0,1644.1,7381.64,0.0,8227.35263704363,0.0,0.0,0.0,4765.381208251308,0.0,2290.0,0.0
2030-03-10 00:00:00,1297.0,1644.1,7381.64,0.0,9322.903992385138,0.0,0.0,0.0,3071.165207352924,2070.0,2290.0,0.0
2030-03-10 01:00:00,1297.0,1644.1,7381.64,0.0,5324.770256300399,1850.0,0.0,394.80000000000047,5484.038188117822,469.08513965631846,2290.0,0.0
2030-03-10 02:00:00,1297.0,1644.1,7381.64,1045.1814311607595,2130.351767930071,1850.0,1950.0,470.0000000000005,5930.0164190419855,0.0,2290.0,0.0
2030-03-10 03:00:00,1297.0,1644.1,7381.64,0.0,1134.6542033536587,0.0,1785.8805877836348,0.0,393.91297144137553,2070.0,2290.0,0.0
2030-03-10 04:00:00,1297.0,1644.1,7381.64,0.0,0.0,0.0,0.0,0.0,393.91297144137553,226.853159860688,2290.0,561.2
2030-03-10 05:00:00,1297.0,1644.1,7381.64,0.0,0.0,1850.0,302.5691318215104,0.0,393.91297144137553,37.914855569849784,2290.0,0.0
2030-03-10 06:00:00,1297.0,690.8473069467987,7381.64,0.0,3403.962610060976,1850.0,52.12431566805026,0.0,393.91297144137553,37.914855569849784,0.0,0.0
2030-03-10 07:00:00,0.0,0.0,0.0,0.0,1134.6542033536587,1631.6241132120485,1950.0,372.1091737171664,0.0,0.0,0.0,0.0
2030-03-10 08:00:00,0.0,0.0,0.0,0.0,0.0,0.0,0.0,0.0,0.0,0.0,0.0,0.0
2030-03-10 09:00:00,0.0,0.0,0.0,0.0,0.0,0.0,0.0,0.0,0.0,0.0,0.0,0.0
2030-03-10 10:00:00,0.0,0.0,0.0,3199.99,0.0,0.0,0.0,0.0,0.0,0.0,0.0,0.0
2030-03-10 11:00:00,0.0,0.0,0.0,0.0,0.0,0.0,0.0,0.0,0.0,0.0,0.0,0.0
2030-03-10 12:00:00,0.0,0.0,0.0,3199.99,0.0,0.0,0.0,0.0,0.0,0.0,0.0,0.0
2030-03-10 13:00:00,0.0,0.0,0.0,0.0,0.0,0.0,0.0,0.0,0.0,0.0,0.0,0.0
2030-03-10 14:00:00,0.0,0.0,0.0,0.0,0.0,0.0,0.0,0.0,0.0,0.0,0.0,0.0
2030-03-10 15:00:00,0.0,0.0,0.0,0.0,0.0,0.0,0.0,0.0,0.0,0.0,0.0,0.0
2030-03-10 16:00:00,0.0,0.0,0.0,0.0,0.0,0.0,0.0,0.0,0.0,0.0,0.0,0.0
2030-03-10 17:00:00,0.0,0.0,0.0,3199.99,2857.19184972754,0.0,0.0,0.0,0.0,0.0,0.0,0.0
2030-03-10 18:00:00,0.0,0.0,0.0,2688.0192000000015,7294.30617714586,0.0,0.0,0.0,382.60203525935964,0.0,0.0,105.13449279580568
2030-03-10 19:00:00,0.0,0.0,0.0,0.0,4499.768202383566,0.0,0.0,0.0,0.0,0.0,0.0,174.6856309167665
2030-03-10 20:00:00,0.0,0.0,0.0,0.0,1496.5890154836914,0.0,1950.0,66.34167048942376,0.0,0.0,0.0,0.0
2030-03-10 21:00:00,0.0,0.0,0.0,0.0,5183.424080960271,0.0,1950.0,470.0000000000005,0.0,0.0,0.0,2.1112007733490827
2030-03-10 22:00:00,0.0,0.0,0.0,0.0,1134.6542033536587,0.0,1950.0,328.45832951057673,0.0,0.0,0.0,202.53207542738278
2030-03-10 23:00:00,0.0,0.0,0.0,0.0,0.0,0.0,1359.9169656169543,0.0,0.0,0.0,0.0,109.99120793563429
2030-03-11 00:00:00,0.0,0.0,0.0,3199.99,2269.3084067073173,0.0,202.0006970618124,0.0,0.0,0.0,0.0,0.0
2030-03-11 01:00:00,0.0,0.0,0.0,0.0,34.996442146468326,0.0,0.0,0.0,0.0,0.0,0.0,0.0
2030-03-11 02:00:00,0.0,0.0,0.0,0.0,0.0,0.0,0.0,0.0,0.0,0.0,0.0,0.0
2030-03-11 03:00:00,0.0,0.0,0.0,0.0,0.0,0.0,0.0,0.0,0.0,0.0,0.0,30.015313628142167
2030-03-11 04:00:00,0.0,0.0,0.0,0.0,0.0,0.0,0.0,0.0,0.0,0.0,0.0,135.81135689362304
2030-03-11 05:00:00,0.0,0.0,0.0,3199.99,0.0,0.0,0.0,0.0,0.0,0.0,0.0,0.0
2030-03-11 06:00:00,0.0,0.0,0.0,0.0,0.0,0.0,0.0,0.0,0.0,0.0,0.0,0.0
2030-03-11 07:00:00,0.0,0.0,0.0,0.0,0.0,0.0,0.0,0.0,0.0,0.0,0.0,0.0
2030-03-11 08:00:00,0.0,0.0,0.0,0.0,0.0,0.0,0.0,0.0,0.0,0.0,0.0,0.0
2030-03-11 09:00:00,0.0,0.0,0.0,0.0,0.0,0.0,0.0,0.0,0.0,0.0,0.0,0.0
2030-03-11 10:00:00,0.0,0.0,0.0,3199.99,0.0,0.0,0.0,0.0,0.0,0.0,0.0,0.0
2030-03-11 11:00:00,0.0,0.0,0.0,2216.9530720000007,0.0,0.0,0.0,0.0,0.0,0.0,0.0,0.0
2030-03-11 12:00:00,0.0,0.0,0.0,0.0,0.0,0.0,0.0,0.0,0.0,0.0,0.0,0.0
2030-03-11 13:00:00,0.0,0.0,0.0,2708.471536,0.0,0.0,0.0,0.0,0.0,0.0,0.0,0.0
2030-03-11 14:00:00,0.0,0.0,0.0,0.0,0.0,0.0,0.0,0.0,0.0,0.0,0.0,0.0
2030-03-11 15:00:00,0.0,0.0,0.0,0.0,0.0,0.0,0.0,0.0,0.0,0.0,0.0,0.0
2030-03-11 16:00:00,0.0,0.0,0.0,0.0,0.0,0.0,0.0,0.0,0.0,0.0,0.0,0.0
2030-03-11 17:00:00,0.0,0.0,0.0,3199.99,0.0,0.0,0.0,0.0,0.0,0.0,0.0,0.0
2030-03-11 18:00:00,0.0,0.0,0.0,1589.4400610504963,0.0,0.0,0.0,0.0,0.0,0.0,0.0,0.0
2030-03-11 19:00:00,0.0,0.0,0.0,1098.5791389495052,0.0,0.0,0.0,0.0,0.0,0.0,0.0,0.0
2030-03-11 20:00:00,0.0,0.0,0.0,0.0,0.0,0.0,0.0,0.0,0.0,0.0,0.0,0.0
2030-03-11 21:00:00,0.0,0.0,0.0,7.628587830656295,0.0,0.0,0.0,0.0,0.0,0.0,0.0,0.0
2030-03-11 22:00:00,0.0,0.0,0.0,0.0,0.0,0.0,0.0,0.0,0.0,0.0,0.0,0.0
2030-03-11 23:00:00,0.0,0.0,0.0,0.0,0.0,0.0,0.0,0.0,0.0,0.0,0.0,0.0
2030-03-12 00:00:00,0.0,0.0,0.0,0.0,0.0,0.0,0.0,0.0,0.0,0.0,0.0,0.0
2030-03-12 01:00:00,0.0,0.0,0.0,3199.99,0.0,0.0,0.0,0.0,0.0,0.0,0.0,0.0
2030-03-12 02:00:00,0.0,0.0,0.0,0.0,0.0,0.0,0.0,0.0,0.0,0.0,0.0,0.0
2030-03-12 03:00:00,0.0,0.0,0.0,0.0,0.0,0.0,0.0,0.0,0.0,0.0,0.0,0.0
2030-03-12 04:00:00,0.0,0.0,0.0,1565.4412266874303,0.0,0.0,0.0,0.0,0.0,0.0,0.0,0.0
2030-03-12 05:00:00,0.0,0.0,0.0,0.0,2266.9321894272653,0.0,0.0,0.0,0.0,0.0,0.0,0.0
2030-03-12 06:00:00,0.0,0.0,0.0,2688.0192000000015,9003.766320281618,0.0,0.0,0.0,0.0,0.0,0.0,0.0
2030-03-12 07:00:00,0.0,0.0,0.0,3199.99,8408.329813064629,0.0,0.0,470.0000000000005,0.0,0.0,0.0,0.0
2030-03-12 08:00:00,0.0,0.0,0.0,0.0,4398.81141320552,0.0,0.0,394.80000000000047,0.0,0.0,0.0,0.0
2030-03-12 09:00:00,0.0,0.0,0.0,0.0,0.0,0.0,0.0,0.0,0.0,0.0,0.0,0.0
2030-03-12 10:00:00,0.0,0.0,0.0,2708.471536,0.0,0.0,0.0,0.0,0.0,0.0,0.0,0.0
2030-03-12 11:00:00,0.0,0.0,0.0,0.0,0.0,0.0,0.0,0.0,0.0,0.0,0.0,0.0
2030-03-12 12:00:00,0.0,0.0,0.0,0.0,0.0,0.0,0.0,0.0,0.0,0.0,0.0,0.0
2030-03-12 13:00:00,0.0,0.0,0.0,0.0,0.0,0.0,0.0,0.0,0.0,0.0,0.0,0.0
2030-03-12 14:00:00,0.0,0.0,0.0,0.0,0.0,0.0,0.0,0.0,0.0,0.0,0.0,0.0
2030-03-12 15:00:00,0.0,0.0,0.0,0.0,0.0,0.0,0.0,0.0,0.0,0.0,0.0,0.0
2030-03-12 16:00:00,0.0,0.0,0.0,0.0,0.0,0.0,0.0,0.0,0.0,0.0,0.0,0.0
2030-03-12 17:00:00,0.0,0.0,0.0,2886.699602926633,1003.5319941777866,0.0,0.0,121.84495709781783,0.0,0.0,0.0,0.0
2030-03-12 18:00:00,0.0,0.0,0.0,182.59417721883437,3901.4886802861,0.0,0.0,470.0000000000005,0.0,0.0,0.0,0.0
2030-03-12 19:00:00,0.0,0.0,0.0,0.0,0.0,0.0,0.0,0.0,0.0,0.0,0.0,0.0
2030-03-12 20:00:00,0.0,0.0,0.0,2818.7154198545336,0.0,0.0,0.0,0.0,0.0,0.0,0.0,0.0
2030-03-12 21:00:00,0.0,0.0,0.0,0.0,1046.570632511386,0.0,0.0,0.0,0.0,0.0,0.0,0.0
2030-03-12 22:00:00,0.0,0.0,0.0,0.0,3257.8231725076403,0.0,0.0,0.0,0.0,0.0,0.0,0.0
2030-03-12 23:00:00,0.0,0.0,0.0,0.0,3126.224235332149,0.0,0.0,0.0,0.0,0.0,0.0,0.0
2030-03-13 00:00:00,0.0,0.0,0.0,0.0,5766.194774110736,0.0,0.0,0.0,0.0,0.0,0.0,0.0
2030-03-13 01:00:00,0.0,0.0,0.0,0.0,237.10023648164042,0.0,0.0,397.80800000000045,0.0,0.0,0.0,0.0
2030-03-13 02:00:00,0.0,0.0,0.0,0.0,248.52458375327842,0.0,0.0,0.0,0.0,0.0,0.0,0.0
2030-03-13 03:00:00,0.0,0.0,0.0,0.0,0.0,0.0,448.83107697215746,0.0,0.0,0.0,0.0,0.0
2030-03-13 04:00:00,0.0,0.0,0.0,0.0,0.0,0.0,0.0,0.0,0.0,0.0,0.0,0.0
2030-03-13 05:00:00,0.0,0.0,0.0,2562.568004822468,3963.050437764864,0.0,22.280572826651223,0.0,0.0,0.0,0.0,0.0
2030-03-13 06:00:00,0.0,0.0,0.0,3199.99,7284.453608822223,0.0,1950.0,394.80000000000047,0.0,0.0,0.0,0.0
2030-03-13 07:00:00,0.0,0.0,0.0,125.4511951775337,8319.618408397713,0.0,0.0,0.0,0.0,0.0,0.0,0.0
2030-03-13 08:00:00,0.0,0.0,0.0,0.0,1125.7299086890241,0.0,66.73689743449359,470.0000000000005,0.0,0.0,0.0,0.0
2030-03-13 09:00:00,0.0,0.0,0.0,0.0,0.0,0.0,0.0,0.0,0.0,0.0,0.0,0.0
2030-03-13 10:00:00,0.0,0.0,0.0,333.2749544446702,0.0,0.0,0.0,0.0,0.0,0.0,0.0,0.0
2030-03-13 11:00:00,0.0,0.0,0.0,0.0,0.0,0.0,0.0,0.0,0.0,0.0,0.0,0.0
2030-03-13 12:00:00,0.0,0.0,0.0,0.0,0.0,0.0,0.0,0.0,0.0,0.0,0.0,0.0
2030-03-13 13:00:00,0.0,0.0,0.0,0.0,0.0,0.0,0.0,0.0,0.0,0.0,0.0,0.0
2030-03-13 14:00:00,0.0,0.0,0.0,0.0,0.0,0.0,0.0,0.0,0.0,0.0,0.0,0.0
2030-03-13 15:00:00,0.0,0.0,0.0,0.0,0.0,0.0,0.0,0.0,0.0,0.0,0.0,0.0
2030-03-13 16:00:00,0.0,0.0,0.0,0.0,0.0,0.0,0.0,0.0,0.0,0.0,0.0,0.0
2030-03-13 17:00:00,0.0,0.0,0.0,0.0,986.5267034858844,0.0,0.0,325.61600000000044,0.0,0.0,0.0,0.0
2030-03-13 18:00:00,0.0,0.0,0.0,0.0,4349.489024327842,0.0,0.0,470.0000000000005,0.0,0.0,0.0,0.0
2030-03-13 19:00:00,0.0,0.0,0.0,0.0,0.0,0.0,0.0,0.0,0.0,0.0,0.0,0.0
2030-03-13 20:00:00,0.0,0.0,0.0,0.0,0.0,0.0,0.0,0.0,0.0,0.0,0.0,0.0
2030-03-13 21:00:00,0.0,0.0,0.0,0.0,170.39729058931698,0.0,0.0,0.0,0.0,0.0,0.0,0.0
2030-03-13 22:00:00,0.0,0.0,0.0,0.0,2676.9663013339086,0.0,0.0,0.0,0.0,0.0,0.0,0.0
2030-03-13 23:00:00,0.0,0.0,0.0,0.0,2297.1251227138855,0.0,0.0,0.0,0.0,0.0,0.0,0.0
2030-03-14 00:00:00,0.0,0.0,0.0,0.0,5397.47544843697,0.0,0.0,0.0,0.0,0.0,0.0,0.0
2030-03-14 01:00:00,0.0,0.0,0.0,0.0,2654.2684812138905,1850.0,0.0,0.0,0.0,0.0,0.0,0.0
2030-03-14 02:00:00,0.0,0.0,0.0,0.0,2048.645277813629,1850.0,344.2642730164307,397.80800000000045,0.0,0.0,0.0,0.0
2030-03-14 03:00:00,0.0,0.0,0.0,0.0,0.0,396.1588117799038,1014.3956359455404,0.0,0.0,7.232118877229368,0.0,0.0
2030-03-14 04:00:00,1297.0,145.43998980866672,0.0,0.0,0.0,0.0,0.0,0.0,4405.547854876121,2070.0,0.0,0.0
2030-03-14 05:00:00,1297.0,1644.1,6427.362903925525,0.0,1577.3270988311851,1850.0,1950.0,0.0,6475.298468619771,0.0,0.0,0.0
2030-03-14 06:00:00,1297.0,1644.1,7381.64,3199.99,7252.2488764929,1850.0,1950.0,394.80000000000047,4054.698417106485,2070.0,0.0,0.0
2030-03-14 07:00:00,1297.0,1644.1,7381.64,1239.1441126461177,5948.433417839959,1850.0,1950.0,470.0000000000005,1493.2273815794188,2070.0,0.0,561.2
2030-03-14 08:00:00,1297.0,1644.1,814.9339280088652,1448.8750873538838,0.0,1850.0,1491.3400910380296,0.0,1811.317521709581,0.0,0.0,0.0
2030-03-14 09:00:00,0.0,0.0,0.0,0.0,0.0,0.0,0.0,0.0,0.0,0.0,0.0,0.0
2030-03-14 10:00:00,0.0,0.0,0.0,0.0,0.0,0.0,0.0,0.0,0.0,0.0,0.0,0.0
2030-03-14 11:00:00,0.0,0.0,0.0,0.0,0.0,0.0,0.0,0.0,0.0,0.0,0.0,0.0
2030-03-14 12:00:00,0.0,0.0,0.0,0.0,0.0,0.0,0.0,0.0,0.0,0.0,0.0,0.0
2030-03-14 13:00:00,0.0,0.0,0.0,0.0,0.0,0.0,0.0,0.0,0.0,0.0,0.0,0.0
2030-03-14 14:00:00,0.0,0.0,0.0,0.0,0.0,0.0,0.0,0.0,0.0,0.0,0.0,0.0
2030-03-14 15:00:00,0.0,0.0,0.0,0.0,0.0,0.0,0.0,0.0,0.0,0.0,0.0,0.0
2030-03-14 16:00:00,0.0,874.4157333706971,0.0,0.0,0.0,0.0,0.0,0.0,529.4815054942287,2070.0,0.0,0.0
2030-03-14 17:00:00,1297.0,1644.1,7381.64,1444.999501325954,2582.155978460127,1850.0,0.0,0.0,2990.4358405363214,1936.616868268443,0.0,0.0
2030-03-14 18:00:00,1297.0,1644.1,7381.64,1963.2831107761303,6657.435130362326,1850.0,0.0,0.0,3661.985518327332,2070.0,0.0,0.0
2030-03-14 19:00:00,1297.0,1644.1,6893.766692196339,0.0,1261.8014200170073,1850.0,0.0,0.0,3401.9129221840885,2070.0,0.0,0.0
2030-03-14 20:00:00,1297.0,1644.1,5399.430940741492,0.0,0.0,636.1391872738532,0.0,0.0,5259.891150909885,0.0,0.0,0.0
2030-03-14 21:00:00,1297.0,1644.1,2360.5136644367303,0.0,2657.6730902193667,1850.0,0.0,0.0,5067.290080032261,0.0,0.0,0.0
2030-03-14 22:00:00,1297.0,1644.1,2305.5102103711433,0.0,5307.532740609007,1850.0,0.0,0.0,5166.248172336878,0.0,0.0,0.0
2030-03-14 23:00:00,1297.0,1644.1,1387.0526420133574,0.0,5108.915363591092,1850.0,0.0,0.0,3010.0872691208024,2070.0,0.0,0.0
2030-03-15 00:00:00,1297.0,1644.1,0.0,0.0,8276.76033381738,1850.0,0.0,0.0,5462.18659732425,0.0,0.0,0.0
2030-03-15 01:00:00,1297.0,1644.1,0.0,0.0,7451.509557396392,1850.0,0.0,0.0,3535.4546350251303,2070.0,0.0,0.0
2030-03-15 02:00:00,1297.0,1644.1,336.62086507676213,0.0,8176.830292078652,1850.0,0.0,0.0,3550.994170535366,2070.0,0.0,0.0
2030-03-15 03:00:00,1297.0,1644.1,3456.618800915752,0.0,3366.4415159220953,1850.0,1950.0,0.0,4035.000178583352,2070.0,0.0,0.0
2030-03-15 04:00:00,1297.0,1644.1,7381.64,1965.9862340961881,1937.561830583465,1850.0,0.0,0.0,6633.811860918069,0.0,0.0,0.0
2030-03-15 05:00:00,1297.0,1644.1,7381.64,0.0,8258.214873701378,1850.0,900.0000000000006,0.0,4535.038896739662,2070.0,0.0,0.0
2030-03-15 06:00:00,1297.0,1644.1,7381.64,722.0329659038139,9847.0,1850.0,1950.0,470.0000000000005,6743.012871815299,0.0,0.0,0.0
2030-03-15 07:00:00,1297.0,1644.1,7381.64,3199.99,9847.0,1850.0,1950.0,394.80000000000047,4072.75389580908,0.0,0.0,0.0
2030-03-15 08:00:00,1297.0,1644.1,152.4350749853329,0.0,1373.9480193921481,1850.0,1950.0,0.0,0.0,1161.9702679924153,0.0,561.2
2030-03-15 09:00:00,0.0,0.0,0.0,0.0,0.0,0.0,0.0,0.0,0.0,0.0,0.0,0.0
2030-03-15 10:00:00,0.0,0.0,0.0,0.0,0.0,0.0,0.0,0.0,0.0,0.0,0.0,0.0
2030-03-15 11:00:00,0.0,0.0,0.0,0.0,0.0,0.0,0.0,0.0,0.0,0.0,0.0,0.0
2030-03-15 12:00:00,0.0,0.0,0.0,0.0,0.0,0.0,0.0,0.0,0.0,0.0,0.0,0.0
2030-03-15 13:00:00,0.0,0.0,0.0,0.0,0.0,0.0,0.0,0.0,0.0,0.0,0.0,0.0
2030-03-15 14:00:00,0.0,0.0,0.0,0.0,0.0,0.0,0.0,0.0,0.0,0.0,0.0,0.0
2030-03-15 15:00:00,1297.0,1644.1,7381.64,0.0,0.0,0.0,0.0,0.0,0.0,0.0,0.0,0.0
2030-03-15 16:00:00,1297.0,1644.1,7381.64,0.0,0.0,0.0,0.0,0.0,2443.431957416547,0.0,0.0,0.0
2030-03-15 17:00:00,1297.0,1644.1,7381.64,3199.99,5451.196289899221,1850.0,0.0,0.0,4850.338603665484,0.0,0.0,0.0
2030-03-15 18:00:00,1297.0,1644.1,7381.64,0.0,9847.0,1850.0,621.9872008726088,0.0,5512.169226156905,0.0,223.17911596532485,0.0
2030-03-15 19:00:00,1297.0,1644.1,7381.64,560.2098553144596,5290.220822864358,1850.0,0.0,0.0,1122.0767054223988,2070.0,2290.0,0.0
2030-03-15 20:00:00,1297.0,1644.1,7381.64,2127.809344685542,2958.1822003320194,1850.0,0.0,0.0,2988.73895486302,0.0,2290.0,0.0
2030-03-15 21:00:00,1297.0,1644.1,7381.64,0.0,6332.720943335364,1850.0,0.0,0.0,703.4102158703618,2070.0,2290.0,0.0
2030-03-15 22:00:00,1297.0,1644.1,7381.64,0.0,9638.554630070343,1850.0,0.0,0.0,2872.0065135428777,0.0,2290.0,0.0
2030-03-15 23:00:00,1297.0,1644.1,7381.64,0.0,9143.404052389553,1850.0,0.0,0.0,703.9946292635545,2070.0,2290.0,0.0
2030-03-16 00:00:00,1297.0,1644.1,7381.64,0.0,9847.0,1850.0,1950.0,91.56943673920614,2954.2560593500557,0.0,2290.0,0.0
2030-03-16 01:00:00,1297.0,1644.1,7381.64,0.0,9847.0,1850.0,768.4514946084382,0.0,1015.6296748637042,2070.0,2290.0,0.0
2030-03-16 02:00:00,1297.0,1644.1,7381.64,0.0,9847.0,1850.0,423.5242815697735,303.2305632607944,1015.7077893312662,2070.0,2290.0,0.0
2030-03-16 03:00:00,1297.0,1644.1,7381.64,0.0,7023.861384979813,1850.0,0.0,0.0,1530.0103988570158,2070.0,2290.0,0.0
2030-03-16 04:00:00,1297.0,1644.1,7381.64,0.0,2799.216432413923,1850.0,0.0,0.0,2107.468035773934,2070.0,2290.0,0.0
2030-03-16 05:00:00,1297.0,1644.1,7381.64,2688.0192000000015,8412.893446189484,1850.0,544.8295422206842,0.0,4163.028331903049,0.0,2290.0,0.0
2030-03-16 06:00:00,1297.0,1644.1,7381.64,3199.99,9847.0,1850.0,1950.0,470.0000000000005,3119.7771212462794,0.0,2290.0,561.2
2030-03-16 07:00:00,1297.0,1644.1,7381.64,0.0,9007.24124419484,1850.0,1950.0,0.0,453.79075549156454,1027.121650573068,2290.0,0.0
2030-03-16 08:00:00,1297.0,1644.1,7381.64,0.0,1125.7299086890241,1850.0,491.2074807284953,0.0,453.79075549156454,43.64672794366722,879.2248388503676,0.0
2030-03-16 09:00:00,0.0,0.0,0.0,0.0,0.0,0.0,0.0,0.0,0.0,0.0,0.0,0.0
2030-03-16 10:00:00,0.0,0.0,0.0,0.0,0.0,0.0,0.0,0.0,0.0,0.0,0.0,0.0
2030-03-16 11:00:00,0.0,0.0,0.0,0.0,0.0,0.0,0.0,0.0,0.0,0.0,0.0,0.0
2030-03-16 12:00:00,0.0,0.0,0.0,0.0,0.0,0.0,0.0,0.0,0.0,0.0,0.0,0.0
2030-03-16 13:00:00,0.0,0.0,0.0,0.0,0.0,0.0,0.0,0.0,0.0,0.0,0.0,0.0
2030-03-16 14:00:00,0.0,0.0,0.0,0.0,0.0,0.0,0.0,0.0,0.0,0.0,0.0,0.0
2030-03-16 15:00:00,0.0,0.0,0.0,0.0,0.0,0.0,0.0,0.0,0.0,0.0,0.0,0.0
2030-03-16 16:00:00,1297.0,1644.1,7381.64,0.0,0.0,0.0,0.0,0.0,757.6553134241415,0.0,701.2110938219085,0.0
2030-03-16 17:00:00,1297.0,1644.1,7381.64,1624.9513116756643,4579.773874993407,0.0,0.0,0.0,2323.1124178659898,0.0,2290.0,0.0
2030-03-16 18:00:00,1297.0,1644.1,7381.64,2913.4623039250873,9847.0,0.0,323.3502857230924,0.0,1151.8401551536144,2070.0,2290.0,0.0
2030-03-16 19:00:00,1297.0,1644.1,7381.64,0.0,6670.42811555427,0.0,0.0,0.0,2986.1307593939355,0.0,2290.0,0.0
2030-03-16 20:00:00,1297.0,1644.1,7381.64,0.0,5304.078327570773,0.0,0.0,0.0,2787.300322644045,0.0,2290.0,0.0
2030-03-16 21:00:00,1297.0,1644.1,7381.64,0.0,8871.247693733734,0.0,0.0,0.0,2524.875374184139,0.0,2290.0,0.0
2030-03-16 22:00:00,1297.0,1644.1,7381.64,0.0,8069.5141715869395,0.0,1950.0,0.0,2583.2646432620622,0.0,2290.0,0.0
2030-03-16 23:00:00,1297.0,1644.1,7381.64,0.0,2161.8365398014753,0.0,1950.0,371.6471914917314,2479.073663930494,0.0,2290.0,0.0
2030-03-17 00:00:00,1297.0,1644.1,7381.64,0.0,1125.7299086890241,1500.2153386793725,1950.0,470.0000000000005,2823.8528626626057,0.0,2290.0,0.0
2030-03-17 01:00:00,1297.0,1644.1,7381.64,0.0,1125.7299086890241,0.0,1910.651731250683,23.152808508269118,2861.10520402761,0.0,2290.0,0.0
2030-03-17 02:00:00,1297.0,1644.1,7381.64,0.0,1125.7299086890241,0.0,615.9979830262237,0.0,2214.7165668351367,0.0,2290.0,561.2
2030-03-17 03:00:00,1297.0,1644.1,7381.64,0.0,0.0,0.0,0.0,0.0,904.0835285738503,1763.8400815089763,2290.0,0.0
2030-03-17 04:00:00,1297.0,1644.1,7381.64,2179.0851326199663,0.0,0.0,0.0,0.0,489.8667022972245,2070.0,2290.0,0.0
2030-03-17 05:00:00,1297.0,1644.1,7381.64,0.0,0.0,0.0,0.0,0.0,2321.002767666998,0.0,2290.0,0.0
2030-03-17 06:00:00,8.694821428571428,1528.1845997133532,7381.64,0.0,0.0,0.0,0.0,0.0,453.79075549156454,1631.3898848189292,2290.0,0.0
2030-03-17 07:00:00,0.0,0.0,0.0,0.0,0.0,0.0,0.0,0.0,0.0,0.0,0.0,0.0
2030-03-17 08:00:00,0.0,0.0,0.0,0.0,0.0,0.0,0.0,0.0,0.0,0.0,0.0,0.0
2030-03-17 09:00:00,0.0,0.0,0.0,0.0,0.0,0.0,0.0,0.0,0.0,0.0,0.0,0.0
2030-03-17 10:00:00,0.0,0.0,0.0,0.0,0.0,0.0,0.0,0.0,0.0,0.0,0.0,0.0
2030-03-17 11:00:00,0.0,0.0,0.0,0.0,0.0,0.0,0.0,0.0,0.0,0.0,0.0,0.0
2030-03-17 12:00:00,0.0,0.0,0.0,0.0,0.0,0.0,0.0,0.0,0.0,0.0,0.0,0.0
2030-03-17 13:00:00,0.0,0.0,0.0,0.0,0.0,0.0,0.0,0.0,0.0,0.0,0.0,0.0
2030-03-17 14:00:00,0.0,0.0,0.0,0.0,0.0,0.0,0.0,0.0,0.0,0.0,0.0,0.0
2030-03-17 15:00:00,0.0,0.0,0.0,0.0,0.0,0.0,0.0,0.0,0.0,0.0,0.0,0.0
2030-03-17 16:00:00,0.0,0.0,0.0,0.0,0.0,0.0,0.0,0.0,0.0,0.0,0.0,0.0
2030-03-17 17:00:00,1297.0,1644.1,6183.922728910347,3199.99,0.0,0.0,0.0,0.0,4696.761230063854,0.0,0.0,0.0
2030-03-17 18:00:00,1297.0,1644.1,7381.64,2659.0723897173084,0.0,0.0,0.0,0.0,5549.111739108269,0.0,0.0,0.0
2030-03-17 19:00:00,1297.0,1359.1795145592012,3423.4531201687423,28.946810282693352,0.0,0.0,0.0,0.0,5185.7343735608165,0.0,0.0,0.0
2030-03-17 20:00:00,0.0,0.0,0.0,0.0,0.0,0.0,0.0,0.0,4456.955920729262,0.0,0.0,0.0
2030-03-17 21:00:00,0.0,0.0,0.0,0.0,0.0,0.0,0.0,0.0,1183.2867897881442,0.0,0.0,561.2
2030-03-17 22:00:00,0.0,0.0,0.0,0.0,0.0,0.0,0.0,0.0,0.0,0.0,0.0,0.0
2030-03-17 23:00:00,0.0,0.0,0.0,0.0,0.0,0.0,0.0,0.0,0.0,0.0,0.0,0.0
2030-03-18 00:00:00,0.0,0.0,0.0,0.0,0.0,0.0,0.0,0.0,0.0,0.0,0.0,0.0
2030-03-18 01:00:00,0.0,0.0,0.0,0.0,0.0,0.0,0.0,0.0,0.0,0.0,0.0,0.0
2030-03-18 02:00:00,0.0,0.0,0.0,0.0,0.0,0.0,0.0,0.0,0.0,0.0,0.0,0.0
2030-03-18 03:00:00,0.0,0.0,0.0,0.0,0.0,0.0,0.0,0.0,0.0,0.0,0.0,0.0
2030-03-18 04:00:00,0.0,0.0,0.0,0.0,0.0,0.0,0.0,0.0,0.0,0.0,0.0,0.0
2030-03-18 05:00:00,0.0,0.0,0.0,0.0,0.0,0.0,0.0,0.0,0.0,0.0,0.0,0.0
2030-03-18 06:00:00,0.0,0.0,0.0,0.0,0.0,0.0,0.0,0.0,0.0,0.0,0.0,0.0
2030-03-18 07:00:00,0.0,0.0,0.0,0.0,0.0,0.0,0.0,0.0,0.0,0.0,0.0,0.0
2030-03-18 08:00:00,0.0,0.0,0.0,0.0,0.0,0.0,0.0,0.0,0.0,0.0,0.0,0.0
2030-03-18 09:00:00,0.0,0.0,0.0,0.0,0.0,0.0,0.0,0.0,0.0,0.0,0.0,0.0
2030-03-18 10:00:00,0.0,0.0,0.0,3199.99,0.0,0.0,0.0,0.0,0.0,0.0,0.0,0.0
2030-03-18 11:00:00,0.0,0.0,0.0,0.0,0.0,0.0,0.0,0.0,0.0,0.0,0.0,0.0
2030-03-18 12:00:00,0.0,0.0,0.0,0.0,0.0,0.0,0.0,0.0,0.0,0.0,0.0,0.0
2030-03-18 13:00:00,0.0,0.0,0.0,0.0,0.0,0.0,0.0,0.0,0.0,0.0,0.0,0.0
2030-03-18 14:00:00,0.0,0.0,0.0,0.0,0.0,0.0,0.0,0.0,0.0,0.0,0.0,0.0
2030-03-18 15:00:00,0.0,0.0,0.0,0.0,0.0,0.0,0.0,0.0,0.0,0.0,0.0,0.0
2030-03-18 16:00:00,0.0,0.0,0.0,0.0,0.0,0.0,0.0,0.0,0.0,0.0,0.0,0.0
2030-03-18 17:00:00,1297.0,1644.1,7381.64,0.0,0.0,0.0,0.0,0.0,3548.333235100059,2070.0,0.0,0.0
2030-03-18 18:00:00,1297.0,1644.1,7381.64,2688.0192000000015,883.0735832991268,0.0,0.0,470.0000000000005,2195.805909413566,2070.0,2290.0,0.0
2030-03-18 19:00:00,1297.0,1644.1,7381.64,0.0,0.0,0.0,0.0,0.0,4059.9628501406632,0.0,2290.0,0.0
2030-03-18 20:00:00,1297.0,1644.1,7381.64,0.0,0.0,0.0,0.0,0.0,1814.7859111744624,2070.0,2290.0,0.0
2030-03-18 21:00:00,1297.0,1644.1,7381.64,0.0,0.0,0.0,0.0,0.0,3714.780129860388,0.0,2290.0,0.0
2030-03-18 22:00:00,1297.0,1644.1,7381.64,0.0,1222.8270054191307,0.0,0.0,0.0,3754.999810748623,24.00699798119481,2290.0,0.0
2030-03-18 23:00:00,1297.0,1644.1,7381.64,0.0,3577.9956849315204,0.0,0.0,0.0,1585.6352976785038,2070.0,2290.0,0.0
2030-03-19 00:00:00,1297.0,1644.1,7381.64,0.0,5123.996430794767,0.0,0.0,0.0,5239.6967075478005,0.0,2290.0,0.0
2030-03-19 01:00:00,1297.0,1644.1,7381.64,0.0,3159.041207723807,0.0,0.0,0.0,5357.16492838211,0.0,2290.0,0.0
2030-03-19 02:00:00,1297.0,1644.1,7381.64,3199.99,1788.0276108030812,0.0,0.0,397.80800000000045,5366.658171183217,0.0,2290.0,0.0
2030-03-19 03:00:00,1297.0,1644.1,7381.64,0.0,82.287905712481,0.0,0.0,0.0,5689.286233241645,0.0,2290.0,0.0
2030-03-19 04:00:00,1297.0,1644.1,7381.64,0.0,0.0,0.0,0.0,0.0,6077.1506704728745,0.0,2290.0,0.0
2030-03-19 05:00:00,1297.0,1644.1,7381.64,0.0,5236.259665925124,132.93890433083712,0.0,0.0,6056.867145190901,0.0,2290.0,0.0
2030-03-19 06:00:00,1297.0,1644.1,7381.64,0.0,9847.0,1375.8520898070856,0.0,0.0,5614.55469528593,0.0,2290.0,0.0
2030-03-19 07:00:00,1297.0,1644.1,7381.64,0.0,9847.0,1850.0,43.4261989555827,456.7612971123297,1950.431269610415,2070.0,2290.0,168.1950590656472
2030-03-19 08:00:00,51.32002073379414,46.05102878439439,0.0,0.0,7997.159067689703,1850.0,0.0,0.0,513.7391903839746,49.420356797653945,2290.0,393.0049409343528
2030-03-19 09:00:00,0.0,0.0,0.0,0.0,4745.03352523224,1850.0,0.0,0.0,0.0,0.0,0.0,0.0
2030-03-19 10:00:00,0.0,0.0,0.0,0.0,1487.0212939039639,1850.0,0.0,408.03870288767126,0.0,0.0,0.0,0.0
2030-03-19 11:00:00,0.0,0.0,0.0,0.0,0.0,1502.3797207876632,0.0,0.0,0.0,0.0,0.0,0.0
2030-03-19 12:00:00,0.0,0.0,0.0,0.0,0.0,0.0,0.0,0.0,0.0,0.0,0.0,0.0
2030-03-19 13:00:00,0.0,0.0,0.0,0.0,0.0,0.0,0.0,0.0,0.0,0.0,0.0,0.0
2030-03-19 14:00:00,0.0,0.0,0.0,0.0,0.0,0.0,0.0,0.0,0.0,0.0,0.0,0.0
2030-03-19 15:00:00,0.0,0.0,0.0,0.0,0.0,0.0,0.0,0.0,0.0,0.0,0.0,0.0
2030-03-19 16:00:00,0.0,0.0,0.0,0.0,578.313735365351,1850.0,0.0,0.0,0.0,0.0,0.0,0.0
2030-03-19 17:00:00,0.0,0.0,0.0,3199.99,8640.248021727748,1850.0,0.0,0.0,582.4179453861242,0.0,0.0,561.2
2030-03-19 18:00:00,0.0,0.0,0.0,1676.6910265235638,9847.0,1850.0,1950.0,470.0000000000005,250.61371367097377,0.0,0.0,0.0
2030-03-19 19:00:00,0.0,0.0,0.0,0.0,9847.0,1850.0,0.0,0.0,0.0,0.0,0.0,0.0
2030-03-19 20:00:00,0.0,0.0,0.0,0.0,9712.948616578782,1850.0,0.0,0.0,0.0,0.0,0.0,0.0
2030-03-19 21:00:00,0.0,0.0,0.0,0.0,9847.0,1850.0,289.83084093473735,0.0,0.0,0.0,0.0,0.0
2030-03-19 22:00:00,0.0,0.0,0.0,246.31682708928838,9847.0,1850.0,1377.189663534351,0.0,0.0,0.0,0.0,0.0
2030-03-19 23:00:00,0.0,0.0,0.0,0.0,9847.0,1850.0,1080.8607972485188,0.0,0.0,0.0,0.0,0.0
2030-03-20 00:00:00,0.0,0.0,0.0,0.0,9847.0,1850.0,1950.0,470.0000000000005,0.0,0.0,0.0,0.0
2030-03-20 01:00:00,0.0,0.0,0.0,0.0,9847.0,1850.0,0.0,0.0,0.0,0.0,0.0,0.0
2030-03-20 02:00:00,0.0,0.0,0.0,0.0,9847.0,1850.0,0.0,0.0,0.0,0.0,0.0,0.0
2030-03-20 03:00:00,0.0,0.0,0.0,0.0,9847.0,1850.0,0.0,0.0,0.0,0.0,0.0,0.0
2030-03-20 04:00:00,0.0,0.0,0.0,0.0,8050.330560626113,1850.0,0.0,0.0,986.3391907072064,0.0,2290.0,0.0
2030-03-20 05:00:00,0.0,0.0,0.0,2688.0192000000015,9847.0,1850.0,1661.9012141226422,346.27425450672956,3449.435813034967,1544.3696752116348,2290.0,0.0
2030-03-20 06:00:00,0.0,956.4823231172995,0.0,3199.99,9847.0,1850.0,1950.0,470.0000000000005,6033.455525648169,49.420356797653945,2290.0,561.2
2030-03-20 07:00:00,0.0,0.0,0.0,0.0,9847.0,1850.0,1392.12748415975,0.0,0.0,0.0,0.0,0.0
2030-03-20 08:00:00,0.0,0.0,0.0,0.0,6304.544127486275,1850.0,0.0,0.0,0.0,0.0,0.0,0.0
2030-03-20 09:00:00,0.0,0.0,0.0,0.0,0.0,0.0,0.0,0.0,0.0,0.0,0.0,0.0
2030-03-20 10:00:00,0.0,0.0,0.0,0.0,0.0,0.0,0.0,0.0,0.0,0.0,0.0,0.0
2030-03-20 11:00:00,0.0,0.0,0.0,2237.405407999999,0.0,0.0,0.0,0.0,0.0,0.0,0.0,0.0
2030-03-20 12:00:00,0.0,0.0,0.0,0.0,0.0,0.0,0.0,0.0,0.0,0.0,0.0,0.0
2030-03-20 13:00:00,0.0,0.0,0.0,0.0,0.0,0.0,0.0,0.0,0.0,0.0,0.0,0.0
2030-03-20 14:00:00,0.0,0.0,0.0,2708.471536,0.0,0.0,0.0,0.0,0.0,0.0,0.0,0.0
2030-03-20 15:00:00,0.0,0.0,0.0,0.0,0.0,0.0,0.0,0.0,0.0,0.0,0.0,0.0
2030-03-20 16:00:00,0.0,0.0,0.0,0.0,0.0,0.0,0.0,0.0,0.0,0.0,0.0,0.0
2030-03-20 17:00:00,1297.0,1644.1,2573.6002330632036,2688.0192000000015,6326.852812803321,1850.0,0.0,0.0,1860.0977733282289,2070.0,2290.0,0.0
2030-03-20 18:00:00,1297.0,1644.1,3001.3231851175406,3199.99,9847.0,1850.0,1950.0,470.0000000000005,3868.03330442697,49.420356797653945,2290.0,561.2
2030-03-20 19:00:00,197.65221411433595,1644.1,0.0,0.0,9611.64328977371,1850.0,0.0,0.0,4227.349981144254,0.0,2290.0,0.0
2030-03-20 20:00:00,0.0,0.0,0.0,0.0,7843.235913989134,1850.0,0.0,0.0,936.0352370656756,98.84071359530789,2290.0,0.0
2030-03-20 21:00:00,0.0,0.0,0.0,0.0,8941.383913762824,1850.0,0.0,0.0,513.7391903839746,30.13855733756509,0.0,0.0
2030-03-20 22:00:00,0.0,0.0,0.0,0.0,9847.0,1850.0,1248.5526210487587,0.0,0.0,0.0,0.0,0.0
2030-03-20 23:00:00,0.0,0.0,0.0,0.0,9847.0,1850.0,416.8290342656983,470.0000000000005,0.0,0.0,0.0,0.0
2030-03-21 00:00:00,0.0,0.0,0.0,0.0,9847.0,1850.0,1745.8136083641746,330.8050885161987,0.0,0.0,0.0,0.0
2030-03-21 01:00:00,0.0,0.0,0.0,0.0,9847.0,1850.0,1879.491074817015,0.0,0.0,0.0,0.0,0.0
2030-03-21 02:00:00,0.0,0.0,0.0,0.0,9847.0,1850.0,1950.0,63.99491148380184,0.0,0.0,0.0,0.0
2030-03-21 03:00:00,0.0,0.0,0.0,0.0,9847.0,1850.0,0.0,0.0,0.0,0.0,0.0,0.0
2030-03-21 04:00:00,0.0,0.0,0.0,0.0,7584.2134269478265,1850.0,0.0,0.0,0.0,0.0,0.0,0.0
2030-03-21 05:00:00,0.0,0.0,0.0,0.0,9847.0,1850.0,1713.5611938536313,325.61600000000044,0.0,0.0,0.0,0.0
2030-03-21 06:00:00,0.0,0.0,0.0,0.0,9847.0,1850.0,1950.0,470.0000000000005,0.0,0.0,0.0,0.0
2030-03-21 07:00:00,0.0,0.0,0.0,0.0,9847.0,1850.0,0.0,0.0,0.0,0.0,0.0,0.0
2030-03-21 08:00:00,0.0,0.0,0.0,0.0,0.0,0.0,0.0,0.0,0.0,0.0,0.0,0.0
2030-03-21 09:00:00,0.0,0.0,0.0,3199.99,0.0,0.0,0.0,0.0,0.0,0.0,0.0,0.0
2030-03-21 10:00:00,0.0,0.0,0.0,0.0,0.0,0.0,0.0,0.0,0.0,0.0,0.0,0.0
2030-03-21 11:00:00,0.0,0.0,0.0,0.0,0.0,0.0,0.0,0.0,0.0,0.0,0.0,0.0
2030-03-21 12:00:00,0.0,0.0,0.0,3199.99,0.0,0.0,0.0,0.0,0.0,0.0,0.0,0.0
2030-03-21 13:00:00,0.0,0.0,0.0,0.0,0.0,0.0,0.0,0.0,0.0,0.0,0.0,0.0
2030-03-21 14:00:00,0.0,0.0,0.0,2237.405407999999,0.0,0.0,0.0,0.0,0.0,0.0,0.0,0.0
2030-03-21 15:00:00,0.0,0.0,0.0,0.0,0.0,0.0,0.0,0.0,0.0,0.0,0.0,0.0
2030-03-21 16:00:00,0.0,0.0,0.0,0.0,0.0,992.2742850743743,0.0,0.0,0.0,0.0,0.0,0.0
2030-03-21 17:00:00,0.0,0.0,0.0,2802.3755536861836,8749.104754445856,1850.0,0.0,0.0,921.0839904446775,2070.0,0.0,561.2
2030-03-21 18:00:00,0.0,0.0,0.0,3085.6336463138177,9847.0,1850.0,1950.0,470.0000000000005,5968.136029251218,0.0,0.0,0.0
2030-03-21 19:00:00,0.0,0.0,0.0,0.0,8525.516541029152,1850.0,0.0,0.0,3482.744798404565,0.0,0.0,0.0
2030-03-21 20:00:00,0.0,0.0,0.0,0.0,5553.10956836275,1850.0,0.0,0.0,0.0,0.0,0.0,0.0
2030-03-21 21:00:00,0.0,0.0,0.0,0.0,8089.10634006148,1850.0,0.0,0.0,0.0,0.0,0.0,0.0
2030-03-21 22:00:00,0.0,0.0,0.0,0.0,8384.524516199555,1850.0,0.0,0.0,0.0,0.0,0.0,0.0
2030-03-21 23:00:00,0.0,0.0,0.0,0.0,7461.108832972954,1850.0,0.0,0.0,0.0,0.0,0.0,0.0
2030-03-22 00:00:00,0.0,0.0,0.0,0.0,9688.891792986702,1850.0,0.0,0.0,0.0,0.0,0.0,0.0
2030-03-22 01:00:00,0.0,0.0,0.0,0.0,7113.652036044921,1850.0,0.0,0.0,0.0,0.0,0.0,0.0
2030-03-22 02:00:00,0.0,0.0,0.0,0.0,6093.306210741459,1850.0,0.0,0.0,0.0,0.0,0.0,0.0
2030-03-22 03:00:00,0.0,0.0,0.0,0.0,90.92295067084297,1850.0,1310.051448479426,322.60800000000046,2411.4471922711846,0.0,0.0,0.0
2030-03-22 04:00:00,0.0,0.0,5477.275846768909,0.0,0.0,0.0,0.0,0.0,6368.4510023241455,0.0,0.0,0.0
2030-03-22 05:00:00,1297.0,1644.1,7381.64,2688.0192000000015,622.6065332072103,1850.0,1950.0,0.0,6363.183386377949,0.0,0.0,0.0
2030-03-22 06:00:00,1297.0,1644.1,7381.64,3199.99,3915.9985464911806,1850.0,1950.0,470.0000000000005,5759.966561892792,0.0,0.0,0.0
2030-03-22 07:00:00,0.0,0.0,0.0,0.0,807.5121527439026,1850.0,1539.9485515205743,0.0,627.3999676110395,1734.2705486615225,0.0,561.2
2030-03-22 08:00:00,0.0,0.0,0.0,0.0,0.0,0.0,0.0,0.0,0.0,0.0,0.0,0.0
2030-03-22 09:00:00,0.0,0.0,0.0,0.0,0.0,0.0,0.0,0.0,0.0,0.0,0.0,0.0
2030-03-22 10:00:00,0.0,0.0,0.0,0.0,0.0,0.0,0.0,0.0,0.0,0.0,0.0,0.0
2030-03-22 11:00:00,0.0,0.0,0.0,0.0,0.0,0.0,0.0,0.0,0.0,0.0,0.0,0.0
2030-03-22 12:00:00,0.0,0.0,0.0,0.0,0.0,0.0,0.0,0.0,0.0,0.0,0.0,0.0
2030-03-22 13:00:00,0.0,0.0,0.0,0.0,0.0,0.0,0.0,0.0,0.0,0.0,0.0,0.0
2030-03-22 14:00:00,0.0,0.0,0.0,0.0,0.0,0.0,0.0,0.0,0.0,0.0,0.0,0.0
2030-03-22 15:00:00,0.0,0.0,0.0,0.0,0.0,0.0,0.0,0.0,0.0,0.0,0.0,0.0
2030-03-22 16:00:00,0.0,0.0,4090.655894512978,0.0,0.0,0.0,0.0,0.0,14.738701320825157,2070.0,0.0,0.0
2030-03-22 17:00:00,1297.0,1644.1,7381.64,2688.0192000000015,0.0,0.0,0.0,0.0,4531.789620954252,0.0,0.0,0.0
2030-03-22 18:00:00,1297.0,1644.1,7381.64,3199.99,0.0,0.0,0.0,0.0,3360.2075408484034,2070.0,0.0,0.0
2030-03-22 19:00:00,1297.0,1644.1,7381.64,0.0,0.0,0.0,0.0,0.0,3112.352546658449,2070.0,0.0,0.0
2030-03-22 20:00:00,0.0,0.0,7244.300222624963,0.0,0.0,0.0,0.0,0.0,2920.705044285375,2070.0,0.0,0.0
2030-03-22 21:00:00,0.0,0.0,3487.9371656682924,0.0,0.0,0.0,0.0,0.0,2719.3657160921857,2070.0,0.0,0.0
2030-03-22 22:00:00,0.0,0.0,4274.756620167689,0.0,0.0,0.0,0.0,0.0,2806.3212417864506,2070.0,0.0,0.0
2030-03-22 23:00:00,0.0,0.0,1594.7049164902382,0.0,0.0,0.0,0.0,0.0,4805.691295722639,0.0,0.0,0.0
2030-03-23 00:00:00,0.0,0.0,2959.0907381645047,0.0,0.0,0.0,0.0,0.0,553.2587332779112,2070.0,2290.0,0.0
2030-03-23 01:00:00,0.0,0.0,2126.0488816528923,0.0,0.0,0.0,0.0,0.0,675.8445724199782,2070.0,2290.0,0.0
2030-03-23 02:00:00,0.0,0.0,4779.542580766174,0.0,0.0,0.0,0.0,0.0,2249.807472161669,2070.0,709.7301365945154,0.0
2030-03-23 03:00:00,0.0,1207.0167357615464,7381.64,0.0,0.0,0.0,0.0,0.0,3164.1480211950848,0.0,2290.0,0.0
2030-03-23 04:00:00,1297.0,1644.1,7381.64,2688.0192000000015,0.0,0.0,0.0,0.0,3675.3162917083237,0.0,2290.0,0.0
2030-03-23 05:00:00,1297.0,1644.1,7381.64,0.0,0.0,0.0,0.0,0.0,3688.110568666365,0.0,2290.0,0.0
2030-03-23 06:00:00,1297.0,1644.1,7381.64,3199.99,4330.230413743557,0.0,0.0,394.80000000000047,513.7391903839746,2070.0,2290.0,483.09088350503407
2030-03-23 07:00:00,0.0,0.0,6000.658614600456,0.0,2016.4577672174055,0.0,0.0,470.0000000000005,513.7391903839746,316.35394506248986,2290.0,78.10911649496596
2030-03-23 08:00:00,0.0,0.0,0.0,0.0,0.0,0.0,0.0,0.0,0.0,0.0,0.0,0.0
2030-03-23 09:00:00,0.0,0.0,0.0,0.0,0.0,0.0,0.0,0.0,0.0,0.0,0.0,0.0
2030-03-23 10:00:00,0.0,0.0,0.0,0.0,0.0,0.0,0.0,0.0,0.0,0.0,0.0,0.0
2030-03-23 11:00:00,0.0,0.0,0.0,0.0,0.0,0.0,0.0,0.0,0.0,0.0,0.0,0.0
2030-03-23 12:00:00,0.0,0.0,0.0,0.0,0.0,0.0,0.0,0.0,0.0,0.0,0.0,0.0
2030-03-23 13:00:00,0.0,0.0,0.0,0.0,0.0,0.0,0.0,0.0,0.0,0.0,0.0,0.0
2030-03-23 14:00:00,0.0,0.0,0.0,0.0,0.0,0.0,0.0,0.0,0.0,0.0,0.0,0.0
2030-03-23 15:00:00,0.0,0.0,0.0,0.0,0.0,0.0,0.0,0.0,0.0,0.0,0.0,0.0
2030-03-23 16:00:00,1297.0,32.06516905769422,7381.64,0.0,0.0,0.0,0.0,0.0,2035.9584992107839,0.0,0.0,0.0
2030-03-23 17:00:00,1297.0,1644.1,7381.64,2688.0192000000015,1059.585172274283,642.4324253361754,0.0,0.0,4331.937333948253,0.0,0.0,0.0
2030-03-23 18:00:00,1297.0,1644.1,7381.64,3199.99,7313.620987492468,0.0,0.0,0.0,3137.082176508412,2070.0,0.0,0.0
2030-03-23 19:00:00,0.0,0.0,7381.64,0.0,744.9692612980143,1850.0,1950.0,0.0,4505.527713087716,0.0,452.7285911880899,0.0
2030-03-23 20:00:00,0.0,0.0,845.0190878790072,0.0,1626.967611971595,1850.0,0.0,0.0,4756.423006673367,0.0,0.0,0.0
2030-03-23 21:00:00,0.0,0.0,0.0,0.0,5564.172093927897,1850.0,0.0,0.0,4544.953348280029,0.0,0.0,0.0
2030-03-23 22:00:00,0.0,0.0,0.0,0.0,7242.453498774907,1850.0,864.1077967514279,0.0,2342.9543577594713,0.0,2290.0,0.0
2030-03-23 23:00:00,0.0,0.0,7381.64,0.0,1008.1963973509046,1850.0,1950.0,470.0000000000005,2247.6953637918937,0.0,2290.0,0.0
2030-03-24 00:00:00,1297.0,1644.1,7381.64,0.0,2201.3450584489838,1850.0,1950.0,0.0,396.7531652387729,2070.0,2290.0,0.0
2030-03-24 01:00:00,1297.0,1644.1,7381.64,0.0,807.5121527439026,1850.0,1705.8938250482097,0.0,2504.986301049351,0.0,2290.0,0.0
2030-03-24 02:00:00,1297.0,1644.1,7381.64,0.0,807.5121527439026,1850.0,279.9983782003619,394.80000000000047,2419.446708145277,0.0,2290.0,0.0
2030-03-24 03:00:00,1297.0,1644.1,7381.64,0.0,263.3663449779706,0.0,0.0,0.0,1777.0476632427244,0.0,2290.0,561.2
2030-03-24 04:00:00,1297.0,1644.1,7381.64,0.0,0.0,0.0,0.0,0.0,2256.023077336418,0.0,2290.0,0.0
2030-03-24 05:00:00,1297.0,1644.1,7381.64,1251.9429557282847,0.0,0.0,0.0,0.0,0.0,2030.498253635565,2290.0,0.0
2030-03-24 06:00:00,1297.0,1644.1,7381.64,3199.99,377.9746434464323,0.0,0.0,470.0000000000005,1530.2397733164848,49.420356797653945,2290.0,0.0
2030-03-24 07:00:00,1297.0,1644.1,7381.64,1436.0762442717169,0.0,0.0,0.0,0.0,513.7391903839746,49.420356797653945,1508.499069361319,0.0
2030-03-24 08:00:00,0.0,0.0,0.0,0.0,0.0,0.0,0.0,0.0,0.0,0.0,0.0,0.0
2030-03-24 09:00:00,0.0,0.0,0.0,0.0,0.0,0.0,0.0,0.0,0.0,0.0,0.0,0.0
2030-03-24 10:00:00,0.0,0.0,0.0,0.0,0.0,0.0,0.0,0.0,0.0,0.0,0.0,0.0
2030-03-24 11:00:00,0.0,0.0,0.0,0.0,0.0,0.0,0.0,0.0,0.0,0.0,0.0,0.0
2030-03-24 12:00:00,0.0,0.0,0.0,0.0,0.0,0.0,0.0,0.0,0.0,0.0,0.0,0.0
2030-03-24 13:00:00,0.0,0.0,0.0,2708.471536,0.0,0.0,0.0,0.0,0.0,0.0,0.0,0.0
2030-03-24 14:00:00,0.0,0.0,0.0,0.0,0.0,0.0,0.0,0.0,0.0,0.0,0.0,0.0
2030-03-24 15:00:00,0.0,0.0,0.0,0.0,0.0,0.0,0.0,0.0,0.0,0.0,0.0,0.0
2030-03-24 16:00:00,1297.0,1644.1,7381.64,0.0,0.0,0.0,0.0,0.0,0.0,1797.1833063289173,0.0,0.0
2030-03-24 17:00:00,1297.0,1644.1,7381.64,0.0,0.0,0.0,0.0,0.0,4270.116604696132,0.0,0.0,0.0
2030-03-24 18:00:00,1297.0,1644.1,7381.64,0.0,0.0,0.0,0.0,0.0,5148.365507279058,0.0,0.0,0.0
2030-03-24 19:00:00,1297.0,1644.1,7381.64,0.0,0.0,0.0,0.0,0.0,4795.784604686249,0.0,0.0,0.0
2030-03-24 20:00:00,1297.0,1644.1,7381.64,0.0,0.0,0.0,0.0,0.0,4535.012545255455,0.0,0.0,0.0
2030-03-24 21:00:00,1297.0,1644.1,7381.64,0.0,0.0,0.0,0.0,0.0,2163.5394188470527,0.0,2290.0,0.0
2030-03-24 22:00:00,1297.0,1644.1,7381.64,2688.0192000000015,0.0,0.0,0.0,0.0,2772.390252899576,1772.1524728265074,0.0,0.0
2030-03-24 23:00:00,1297.0,1644.1,7381.64,0.0,0.0,0.0,0.0,0.0,3574.5582139802013,0.0,830.6001521761718,0.0
2030-03-25 00:00:00,1297.0,1644.1,7381.64,0.0,0.0,0.0,0.0,0.0,2460.3788106681036,0.0,2290.0,0.0
2030-03-25 01:00:00,1297.0,1644.1,7381.64,0.0,0.0,0.0,0.0,0.0,2555.651286269067,0.0,2290.0,0.0
2030-03-25 02:00:00,1297.0,1644.1,7381.64,3199.99,0.0,0.0,0.0,0.0,445.11595026876694,2070.0,2290.0,0.0
2030-03-25 03:00:00,1297.0,1644.1,7381.64,0.0,0.0,0.0,0.0,0.0,2814.7468470095528,0.0,2290.0,0.0
2030-03-25 04:00:00,1297.0,1644.1,7381.64,0.0,0.0,0.0,0.0,0.0,2929.0202571367736,98.84071359530789,2290.0,0.0
2030-03-25 05:00:00,1297.0,1644.1,7381.64,0.0,0.0,0.0,0.0,0.0,2106.7769983391486,0.0,2290.0,561.2
2030-03-25 06:00:00,1297.0,1644.1,7381.64,0.0,0.0,0.0,0.0,0.0,1614.6854669547165,98.84071359530789,2290.0,0.0
2030-03-25 07:00:00,1297.0,1481.192035156646,7381.64,0.0,0.0,0.0,0.0,0.0,513.7391903839746,49.420356797653945,1278.5495121027357,0.0
2030-03-25 08:00:00,0.0,0.0,0.0,0.0,0.0,0.0,0.0,0.0,0.0,0.0,0.0,0.0
2030-03-25 09:00:00,0.0,0.0,0.0,0.0,0.0,0.0,0.0,0.0,0.0,0.0,0.0,0.0
2030-03-25 10:00:00,0.0,0.0,0.0,0.0,0.0,0.0,0.0,0.0,0.0,0.0,0.0,0.0
2030-03-25 11:00:00,0.0,0.0,0.0,0.0,0.0,0.0,0.0,0.0,0.0,0.0,0.0,0.0
2030-03-25 12:00:00,0.0,0.0,0.0,0.0,0.0,0.0,0.0,0.0,0.0,0.0,0.0,0.0
2030-03-25 13:00:00,0.0,0.0,0.0,3199.99,0.0,0.0,0.0,0.0,0.0,0.0,0.0,0.0
2030-03-25 14:00:00,0.0,0.0,0.0,2216.9530720000007,0.0,0.0,0.0,0.0,0.0,0.0,0.0,0.0
2030-03-25 15:00:00,0.0,0.0,0.0,0.0,0.0,0.0,0.0,0.0,0.0,0.0,0.0,0.0
2030-03-25 16:00:00,0.0,0.0,664.1698474363893,0.0,0.0,0.0,0.0,0.0,1349.9079154913602,0.0,0.0,0.0
2030-03-25 17:00:00,1297.0,1644.1,7381.64,2688.0192000000015,0.0,0.0,0.0,0.0,3769.613805219583,0.0,0.0,0.0
2030-03-25 18:00:00,1297.0,1644.1,7381.64,3199.99,0.0,0.0,0.0,0.0,2745.0588938423307,2070.0,0.0,0.0
2030-03-25 19:00:00,1297.0,1644.1,7381.64,0.0,0.0,0.0,0.0,0.0,4620.153329528718,0.0,0.0,0.0
2030-03-25 20:00:00,1297.0,0.0,7381.64,0.0,0.0,0.0,0.0,0.0,2404.355153566418,2070.0,0.0,0.0
2030-03-25 21:00:00,1297.0,0.0,7381.64,0.0,0.0,0.0,0.0,0.0,4295.980167077233,0.0,0.0,0.0
2030-03-25 22:00:00,1297.0,1249.1312542759636,7381.64,0.0,0.0,0.0,0.0,0.0,37.255993532840876,2070.0,2290.0,0.0
2030-03-25 23:00:00,313.43487305974423,405.7667325321824,7381.64,0.0,0.0,0.0,0.0,0.0,2191.1250243114373,2070.0,0.0,0.0
2030-03-26 00:00:00,1297.0,1644.1,7381.64,623.1808898717718,0.0,0.0,0.0,0.0,3885.8116600289586,0.0,337.3839459372289,0.0
2030-03-26 01:00:00,1297.0,1644.1,7381.64,1951.7503474552104,0.0,0.0,0.0,0.0,2083.0746226649044,0.0,2290.0,0.0
2030-03-26 02:00:00,1297.0,1644.1,7381.64,113.08796267301915,0.0,0.0,0.0,0.0,2087.9210814909775,0.0,2290.0,0.0
2030-03-26 03:00:00,1297.0,1644.1,7381.64,0.0,0.0,0.0,0.0,0.0,2704.479594027748,0.0,2290.0,0.0
2030-03-26 04:00:00,1297.0,1644.1,7381.64,0.0,0.0,0.0,0.0,0.0,2861.7270172575436,0.0,2290.0,561.2
2030-03-26 05:00:00,1297.0,1644.1,7381.64,3199.99,0.0,0.0,0.0,0.0,3538.040337136459,0.0,2290.0,0.0
2030-03-26 06:00:00,1297.0,1644.1,7381.64,0.0,3739.065099600637,0.0,0.0,394.80000000000047,2420.3122541101984,386.7930244687057,2290.0,0.0
2030-03-26 07:00:00,90.31839633054203,52.90416848161789,190.58325694482483,0.0,107.37800431765936,0.0,0.0,470.0000000000005,574.6493942615372,55.256146352672246,2136.9120679269186,0.0
2030-03-26 08:00:00,0.0,0.0,0.0,0.0,0.0,0.0,0.0,0.0,574.6493942615372,55.256146352672246,0.0,0.0
2030-03-26 09:00:00,0.0,0.0,0.0,0.0,0.0,0.0,0.0,0.0,0.0,0.0,0.0,0.0
2030-03-26 10:00:00,0.0,0.0,0.0,0.0,0.0,0.0,0.0,0.0,0.0,0.0,0.0,0.0
2030-03-26 11:00:00,0.0,0.0,0.0,0.0,0.0,0.0,0.0,0.0,0.0,0.0,0.0,0.0
2030-03-26 12:00:00,0.0,0.0,0.0,3199.99,0.0,0.0,0.0,0.0,0.0,0.0,0.0,0.0
2030-03-26 13:00:00,0.0,0.0,0.0,0.0,0.0,0.0,0.0,0.0,0.0,0.0,0.0,0.0
2030-03-26 14:00:00,0.0,0.0,0.0,0.0,0.0,0.0,0.0,0.0,0.0,0.0,0.0,0.0
2030-03-26 15:00:00,0.0,0.0,0.0,0.0,0.0,0.0,0.0,0.0,0.0,0.0,0.0,0.0
2030-03-26 16:00:00,0.0,186.03151959245588,0.0,0.0,0.0,0.0,0.0,0.0,0.0,1554.458792219336,0.0,0.0
2030-03-26 17:00:00,1297.0,1644.1,7381.64,3199.99,0.0,0.0,0.0,0.0,3802.6650353628665,0.0,0.0,0.0
2030-03-26 18:00:00,538.7856797462591,0.0,7381.64,2688.0192000000015,0.0,0.0,0.0,0.0,4767.366347128989,0.0,0.0,0.0
2030-03-26 19:00:00,0.0,0.0,0.0,0.0,0.0,0.0,0.0,0.0,4614.095246630096,0.0,0.0,0.0
2030-03-26 20:00:00,0.0,0.0,0.0,0.0,0.0,0.0,0.0,0.0,0.0,2070.0,0.0,0.0
2030-03-26 21:00:00,0.0,0.0,0.0,0.0,0.0,0.0,0.0,0.0,4181.999539020053,0.0,0.0,0.0
2030-03-26 22:00:00,0.0,0.0,0.0,0.0,0.0,0.0,0.0,0.0,3594.1412200617724,0.0,0.0,0.0
2030-03-26 23:00:00,0.0,0.0,1979.4439632826397,0.0,0.0,0.0,0.0,0.0,1684.9202615263134,2070.0,0.0,0.0
2030-03-27 00:00:00,223.619079505044,375.0614239663721,7381.64,0.0,0.0,0.0,0.0,0.0,4143.577545297103,0.0,0.0,0.0
2030-03-27 01:00:00,1297.0,1644.1,7381.64,0.0,0.0,0.0,0.0,0.0,4286.541932823291,0.0,0.0,0.0
2030-03-27 02:00:00,1297.0,1644.1,7381.64,3199.99,0.0,0.0,0.0,0.0,3251.108501866215,0.0,1052.8350929638007,0.0
2030-03-27 03:00:00,1297.0,1644.1,7381.64,0.0,0.0,0.0,0.0,0.0,2654.4401676732414,0.0,2290.0,0.0
2030-03-27 04:00:00,1297.0,1644.1,7381.64,2131.7467721916246,0.0,0.0,0.0,0.0,2543.716621540554,276.2807317633612,2290.0,561.2
2030-03-27 05:00:00,1297.0,1644.1,7381.64,556.272427808377,0.0,0.0,0.0,0.0,3426.581775532455,55.256146352672246,2290.0,0.0
2030-03-27 06:00:00,1297.0,1644.1,7381.64,0.0,0.0,0.0,0.0,0.0,2716.3144932457635,0.0,2290.0,0.0
2030-03-27 07:00:00,1297.0,1644.1,7381.64,0.0,0.0,0.0,0.0,0.0,574.6493942615372,110.51229270534449,1920.2719070362,0.0
2030-03-27 08:00:00,90.31839633054203,52.90416848161789,0.0,0.0,0.0,0.0,0.0,0.0,574.6493942615372,55.256146352672246,0.0,0.0
2030-03-27 09:00:00,0.0,0.0,0.0,0.0,0.0,0.0,0.0,0.0,0.0,0.0,0.0,0.0
2030-03-27 10:00:00,0.0,0.0,0.0,0.0,0.0,0.0,0.0,0.0,0.0,0.0,0.0,0.0
2030-03-27 11:00:00,0.0,0.0,0.0,0.0,0.0,0.0,0.0,0.0,0.0,0.0,0.0,0.0
2030-03-27 12:00:00,0.0,0.0,0.0,0.0,0.0,0.0,0.0,0.0,0.0,0.0,0.0,0.0
2030-03-27 13:00:00,0.0,0.0,0.0,0.0,0.0,0.0,0.0,0.0,0.0,0.0,0.0,0.0
2030-03-27 14:00:00,0.0,0.0,0.0,2708.471536,0.0,0.0,0.0,0.0,0.0,0.0,0.0,0.0
2030-03-27 15:00:00,0.0,0.0,0.0,0.0,0.0,0.0,0.0,0.0,0.0,0.0,0.0,0.0
2030-03-27 16:00:00,1297.0,1644.1,7381.64,0.0,0.0,0.0,0.0,0.0,1415.3036782044924,0.0,0.0,0.0
2030-03-27 17:00:00,1297.0,1644.1,7381.64,3199.99,0.0,0.0,0.0,0.0,3802.486247092761,0.0,0.0,0.0
2030-03-27 18:00:00,1297.0,1644.1,7381.64,2688.0192000000015,0.0,0.0,0.0,0.0,4799.426046332326,0.0,0.0,0.0
2030-03-27 19:00:00,1297.0,1644.1,7381.64,0.0,0.0,0.0,0.0,0.0,4654.246983158512,0.0,0.0,0.0
2030-03-27 20:00:00,1297.0,0.0,1867.7537488622766,0.0,0.0,0.0,0.0,0.0,4530.555866882807,0.0,0.0,0.0
2030-03-27 21:00:00,1066.3983042406894,0.0,0.0,0.0,0.0,0.0,0.0,0.0,4216.9154896926075,0.0,0.0,0.0
2030-03-27 22:00:00,0.0,0.0,0.0,0.0,0.0,0.0,0.0,0.0,4300.272810304914,0.0,0.0,0.0
2030-03-27 23:00:00,0.0,0.0,0.0,0.0,0.0,0.0,0.0,0.0,4254.084267773841,0.0,0.0,0.0
2030-03-28 00:00:00,0.0,0.0,0.0,0.0,0.0,0.0,0.0,0.0,599.9769851313649,2070.0,683.1070000000007,0.0
2030-03-28 01:00:00,0.0,0.0,0.0,0.0,0.0,0.0,0.0,0.0,0.0,2070.0,0.0,0.0
2030-03-28 02:00:00,0.0,0.0,0.0,0.0,0.0,0.0,0.0,0.0,0.0,2070.0,2290.0,0.0
2030-03-28 03:00:00,0.0,0.0,0.0,0.0,0.0,0.0,0.0,0.0,1161.3554893204027,1833.1162197587912,2290.0,0.0
2030-03-28 04:00:00,1297.0,0.0,7381.64,261.4241386062056,0.0,0.0,0.0,0.0,1498.7612056067974,2070.0,2290.0,167.94051260811193
2030-03-28 05:00:00,1297.0,1644.1,7381.64,3199.99,0.0,0.0,0.0,0.0,3843.4010121337506,0.0,2290.0,0.0
2030-03-28 06:00:00,90.31839633054203,0.0,7381.64,2426.5950613937966,0.0,0.0,0.0,106.84079586483858,574.6493942615372,2070.0,2290.0,393.2594873918881
2030-03-28 07:00:00,0.0,0.0,0.0,0.0,0.0,0.0,0.0,0.0,0.0,0.0,0.0,0.0
2030-03-28 08:00:00,0.0,0.0,0.0,0.0,0.0,0.0,0.0,0.0,0.0,0.0,0.0,0.0
2030-03-28 09:00:00,0.0,0.0,0.0,3199.99,0.0,0.0,0.0,0.0,0.0,0.0,0.0,0.0
2030-03-28 10:00:00,0.0,0.0,0.0,3199.99,0.0,0.0,0.0,0.0,0.0,0.0,0.0,0.0
2030-03-28 11:00:00,0.0,0.0,0.0,0.0,0.0,0.0,0.0,0.0,0.0,0.0,0.0,0.0
2030-03-28 12:00:00,0.0,0.0,0.0,1254.36848,0.0,0.0,0.0,0.0,0.0,0.0,0.0,0.0
2030-03-28 13:00:00,0.0,0.0,0.0,0.0,0.0,0.0,0.0,0.0,0.0,0.0,0.0,0.0
2030-03-28 14:00:00,0.0,0.0,0.0,0.0,0.0,0.0,0.0,0.0,0.0,0.0,0.0,0.0
2030-03-28 15:00:00,0.0,0.0,0.0,2708.471536,0.0,0.0,0.0,0.0,0.0,0.0,0.0,0.0
2030-03-28 16:00:00,0.0,0.0,0.0,0.0,0.0,0.0,0.0,0.0,0.0,0.0,0.0,0.0
2030-03-28 17:00:00,0.0,0.0,5968.74042866438,2688.0192000000015,0.0,0.0,0.0,0.0,1008.4498395219134,2070.0,0.0,561.2
2030-03-28 18:00:00,0.0,0.0,1789.5191159669994,3199.99,0.0,0.0,0.0,0.0,3365.8904999195274,1287.4615743077404,0.0,0.0
2030-03-28 19:00:00,0.0,0.0,0.0,0.0,0.0,0.0,0.0,0.0,0.0,0.0,0.0,0.0
2030-03-28 20:00:00,0.0,0.0,0.0,0.0,0.0,0.0,0.0,0.0,0.0,0.0,0.0,0.0
2030-03-28 21:00:00,0.0,0.0,0.0,0.0,0.0,0.0,0.0,0.0,0.0,0.0,0.0,0.0
2030-03-28 22:00:00,0.0,0.0,0.0,0.0,0.0,0.0,0.0,0.0,0.0,0.0,0.0,0.0
2030-03-28 23:00:00,0.0,0.0,0.0,0.0,0.0,0.0,0.0,0.0,0.0,0.0,0.0,0.0
2030-03-29 00:00:00,0.0,0.0,0.0,0.0,0.0,0.0,0.0,0.0,0.0,0.0,0.0,0.0
2030-03-29 01:00:00,0.0,0.0,0.0,0.0,0.0,0.0,0.0,0.0,1799.2121480687947,0.0,0.0,0.0
2030-03-29 02:00:00,0.0,0.0,0.0,0.0,0.0,0.0,0.0,0.0,4260.250585838422,0.0,0.0,0.0
2030-03-29 03:00:00,0.0,0.0,2450.95519373636,0.0,0.0,0.0,0.0,0.0,4065.325608542767,0.0,0.0,0.0
2030-03-29 04:00:00,0.0,0.0,7381.64,2688.0192000000015,0.0,0.0,0.0,0.0,1628.8963319775908,552.5614635267224,0.0,0.0
2030-03-29 05:00:00,0.0,0.0,7381.64,3199.99,0.0,0.0,0.0,0.0,4946.189979513343,0.0,0.0,561.2
2030-03-29 06:00:00,0.0,0.0,7381.64,0.0,4125.409341045204,0.0,0.0,470.0000000000005,824.6089346616836,110.51229270534449,0.0,0.0
2030-03-29 07:00:00,0.0,0.0,0.0,0.0,0.0,0.0,0.0,0.0,0.0,0.0,0.0,0.0
2030-03-29 08:00:00,0.0,0.0,0.0,0.0,0.0,0.0,0.0,0.0,0.0,0.0,0.0,0.0
2030-03-29 09:00:00,0.0,0.0,0.0,0.0,0.0,0.0,0.0,0.0,0.0,0.0,0.0,0.0
2030-03-29 10:00:00,0.0,0.0,0.0,0.0,0.0,0.0,0.0,0.0,0.0,0.0,0.0,0.0
2030-03-29 11:00:00,0.0,0.0,0.0,3199.99,0.0,0.0,0.0,0.0,0.0,0.0,0.0,0.0
2030-03-29 12:00:00,0.0,0.0,0.0,3199.99,0.0,0.0,0.0,0.0,0.0,0.0,0.0,0.0
2030-03-29 13:00:00,0.0,0.0,0.0,0.0,0.0,0.0,0.0,0.0,0.0,0.0,0.0,0.0
2030-03-29 14:00:00,0.0,0.0,0.0,0.0,0.0,0.0,0.0,0.0,0.0,0.0,0.0,0.0
2030-03-29 15:00:00,0.0,0.0,0.0,0.0,0.0,0.0,0.0,0.0,0.0,0.0,0.0,0.0
2030-03-29 16:00:00,0.0,0.0,0.0,0.0,0.0,0.0,0.0,0.0,0.0,0.0,0.0,0.0
2030-03-29 17:00:00,0.0,0.0,0.0,3199.99,0.0,0.0,0.0,0.0,0.0,0.0,0.0,0.0
2030-03-29 18:00:00,0.0,0.0,0.0,2688.0192000000015,0.0,0.0,0.0,0.0,0.0,0.0,0.0,0.0
2030-03-29 19:00:00,0.0,0.0,0.0,74.72447886691953,0.0,0.0,0.0,0.0,0.0,0.0,0.0,0.0
2030-03-29 20:00:00,0.0,0.0,0.0,0.0,0.0,0.0,0.0,0.0,0.0,0.0,0.0,0.0
2030-03-29 21:00:00,0.0,0.0,0.0,2142.228593133081,0.0,0.0,0.0,0.0,0.0,0.0,0.0,0.0
2030-03-29 22:00:00,0.0,0.0,0.0,3199.99,0.0,0.0,0.0,0.0,0.0,0.0,0.0,0.0
2030-03-29 23:00:00,0.0,0.0,0.0,0.0,0.0,0.0,0.0,0.0,0.0,0.0,0.0,0.0
2030-03-30 00:00:00,0.0,0.0,0.0,0.0,0.0,0.0,0.0,0.0,0.0,0.0,0.0,0.0
2030-03-30 01:00:00,0.0,0.0,0.0,0.0,0.0,0.0,0.0,0.0,0.0,0.0,0.0,0.0
2030-03-30 02:00:00,0.0,0.0,0.0,0.0,0.0,0.0,0.0,0.0,0.0,0.0,0.0,0.0
2030-03-30 03:00:00,0.0,0.0,0.0,0.0,0.0,0.0,0.0,0.0,0.0,0.0,0.0,0.0
2030-03-30 04:00:00,0.0,0.0,0.0,3199.99,0.0,0.0,0.0,0.0,0.0,0.0,0.0,0.0
2030-03-30 05:00:00,0.0,0.0,0.0,3199.99,0.0,0.0,0.0,0.0,0.0,0.0,0.0,0.0
2030-03-30 06:00:00,0.0,0.0,0.0,0.0,0.0,0.0,0.0,0.0,0.0,0.0,0.0,0.0
2030-03-30 07:00:00,0.0,0.0,0.0,0.0,0.0,0.0,0.0,0.0,0.0,0.0,0.0,0.0
2030-03-30 08:00:00,0.0,0.0,0.0,0.0,0.0,0.0,0.0,0.0,0.0,0.0,0.0,0.0
2030-03-30 09:00:00,0.0,0.0,0.0,3199.99,0.0,0.0,0.0,0.0,0.0,0.0,0.0,0.0
2030-03-30 10:00:00,0.0,0.0,0.0,2196.5007360000022,0.0,0.0,0.0,0.0,0.0,0.0,0.0,0.0
2030-03-30 11:00:00,0.0,0.0,0.0,3199.99,0.0,0.0,0.0,0.0,0.0,0.0,0.0,0.0
2030-03-30 12:00:00,0.0,0.0,0.0,0.0,0.0,0.0,0.0,0.0,0.0,0.0,0.0,0.0
2030-03-30 13:00:00,0.0,0.0,0.0,2708.471536,0.0,0.0,0.0,0.0,0.0,0.0,0.0,0.0
2030-03-30 14:00:00,0.0,0.0,0.0,0.0,0.0,0.0,0.0,0.0,0.0,0.0,0.0,0.0
2030-03-30 15:00:00,0.0,0.0,0.0,0.0,0.0,0.0,0.0,0.0,0.0,0.0,0.0,0.0
2030-03-30 16:00:00,0.0,0.0,0.0,0.0,0.0,0.0,0.0,0.0,0.0,0.0,0.0,0.0
2030-03-30 17:00:00,0.0,0.0,0.0,0.0,0.0,0.0,0.0,0.0,0.0,0.0,0.0,0.0
2030-03-30 18:00:00,0.0,0.0,0.0,0.0,0.0,0.0,0.0,0.0,0.0,0.0,0.0,0.0
2030-03-30 19:00:00,0.0,0.0,0.0,3199.99,0.0,0.0,0.0,0.0,0.0,0.0,0.0,0.0
2030-03-30 20:00:00,0.0,0.0,0.0,3199.99,0.0,0.0,0.0,0.0,0.0,0.0,0.0,0.0
2030-03-30 21:00:00,0.0,0.0,0.0,0.0,0.0,0.0,0.0,0.0,0.0,0.0,0.0,0.0
2030-03-30 22:00:00,0.0,0.0,0.0,0.0,0.0,0.0,0.0,0.0,0.0,0.0,0.0,0.0
2030-03-30 23:00:00,0.0,0.0,0.0,0.0,0.0,0.0,0.0,0.0,0.0,0.0,0.0,0.0
2030-03-31 00:00:00,0.0,0.0,0.0,2196.5007360000022,0.0,0.0,0.0,0.0,0.0,0.0,0.0,0.0
2030-03-31 01:00:00,0.0,0.0,0.0,0.0,0.0,0.0,0.0,0.0,0.0,0.0,0.0,0.0
2030-03-31 02:00:00,0.0,0.0,0.0,0.0,0.0,0.0,0.0,0.0,0.0,0.0,0.0,0.0
2030-03-31 03:00:00,0.0,0.0,0.0,0.0,0.0,0.0,0.0,0.0,0.0,0.0,0.0,0.0
2030-03-31 04:00:00,0.0,0.0,0.0,0.0,0.0,0.0,0.0,0.0,0.0,0.0,0.0,0.0
2030-03-31 05:00:00,0.0,0.0,0.0,0.0,0.0,0.0,0.0,0.0,0.0,0.0,0.0,0.0
2030-03-31 06:00:00,0.0,0.0,0.0,0.0,0.0,0.0,0.0,0.0,0.0,0.0,0.0,0.0
2030-03-31 07:00:00,0.0,0.0,0.0,0.0,0.0,0.0,0.0,0.0,0.0,0.0,0.0,0.0
2030-03-31 08:00:00,0.0,0.0,0.0,3199.99,0.0,0.0,0.0,0.0,0.0,0.0,0.0,0.0
2030-03-31 09:00:00,0.0,0.0,0.0,0.0,0.0,0.0,0.0,0.0,0.0,0.0,0.0,0.0
2030-03-31 10:00:00,0.0,0.0,0.0,3199.99,0.0,0.0,0.0,0.0,0.0,0.0,0.0,0.0
2030-03-31 11:00:00,0.0,0.0,0.0,0.0,0.0,0.0,0.0,0.0,0.0,0.0,0.0,0.0
2030-03-31 12:00:00,0.0,0.0,0.0,0.0,0.0,0.0,0.0,0.0,0.0,0.0,0.0,0.0
2030-03-31 13:00:00,0.0,0.0,0.0,0.0,0.0,0.0,0.0,0.0,0.0,0.0,0.0,0.0
2030-03-31 14:00:00,0.0,0.0,0.0,0.0,0.0,0.0,0.0,0.0,0.0,0.0,0.0,0.0
2030-03-31 15:00:00,0.0,0.0,0.0,0.0,0.0,0.0,0.0,0.0,0.0,0.0,0.0,0.0
2030-03-31 16:00:00,0.0,0.0,0.0,2708.471536,0.0,0.0,0.0,0.0,0.0,0.0,0.0,0.0
2030-03-31 17:00:00,0.0,0.0,0.0,0.0,0.0,0.0,0.0,0.0,0.0,0.0,0.0,0.0
2030-03-31 18:00:00,0.0,0.0,0.0,3199.99,0.0,0.0,0.0,0.0,0.0,0.0,0.0,0.0
2030-03-31 19:00:00,0.0,0.0,0.0,0.0,0.0,0.0,0.0,0.0,0.0,0.0,0.0,0.0
2030-03-31 20:00:00,0.0,0.0,0.0,3199.99,0.0,0.0,0.0,0.0,0.0,0.0,0.0,0.0
2030-03-31 21:00:00,0.0,0.0,0.0,0.0,0.0,0.0,0.0,0.0,0.0,0.0,0.0,0.0
2030-03-31 22:00:00,0.0,0.0,0.0,1704.9822720000025,0.0,0.0,0.0,0.0,0.0,0.0,0.0,0.0
2030-03-31 23:00:00,0.0,0.0,0.0,0.0,0.0,0.0,0.0,0.0,0.0,0.0,0.0,0.0
2030-04-01 00:00:00,0.0,0.0,0.0,3199.99,0.0,0.0,0.0,0.0,0.0,0.0,0.0,0.0
2030-04-01 01:00:00,0.0,0.0,0.0,0.0,0.0,0.0,0.0,0.0,0.0,0.0,0.0,0.0
2030-04-01 02:00:00,0.0,0.0,0.0,0.0,0.0,0.0,0.0,0.0,0.0,0.0,0.0,0.0
2030-04-01 03:00:00,0.0,0.0,0.0,0.0,0.0,0.0,0.0,0.0,0.0,0.0,0.0,0.0
2030-04-01 04:00:00,0.0,0.0,0.0,3199.99,0.0,0.0,0.0,0.0,0.0,0.0,0.0,0.0
2030-04-01 05:00:00,0.0,0.0,0.0,0.0,0.0,0.0,0.0,0.0,0.0,0.0,0.0,0.0
2030-04-01 06:00:00,0.0,0.0,0.0,0.0,0.0,0.0,0.0,0.0,0.0,0.0,0.0,0.0
2030-04-01 07:00:00,0.0,0.0,0.0,3199.99,0.0,0.0,0.0,0.0,0.0,0.0,0.0,0.0
2030-04-01 08:00:00,0.0,0.0,0.0,0.0,0.0,0.0,0.0,0.0,0.0,0.0,0.0,0.0
2030-04-01 09:00:00,0.0,0.0,0.0,0.0,0.0,0.0,0.0,0.0,0.0,0.0,0.0,0.0
2030-04-01 10:00:00,0.0,0.0,0.0,3199.99,0.0,0.0,0.0,0.0,0.0,0.0,0.0,0.0
2030-04-01 11:00:00,0.0,0.0,0.0,0.0,0.0,0.0,0.0,0.0,0.0,0.0,0.0,0.0
2030-04-01 12:00:00,0.0,0.0,0.0,3199.99,0.0,0.0,0.0,0.0,0.0,0.0,0.0,0.0
2030-04-01 13:00:00,0.0,0.0,0.0,0.0,0.0,0.0,0.0,0.0,0.0,0.0,0.0,0.0
2030-04-01 14:00:00,0.0,0.0,0.0,3199.99,0.0,0.0,0.0,0.0,0.0,0.0,0.0,0.0
2030-04-01 15:00:00,0.0,0.0,0.0,915.2486459650684,0.0,0.0,0.0,0.0,0.0,0.0,0.0,0.0
2030-04-01 16:00:00,0.0,0.0,0.0,0.0,0.0,0.0,0.0,0.0,0.0,0.0,0.0,0.0
2030-04-01 17:00:00,0.0,0.0,0.0,2708.471536,0.0,0.0,0.0,0.0,0.0,0.0,0.0,0.0
2030-04-01 18:00:00,0.0,0.0,0.0,2708.471536,0.0,0.0,0.0,0.0,0.0,0.0,0.0,0.0
2030-04-01 19:00:00,0.0,0.0,0.0,0.0,0.0,0.0,0.0,0.0,0.0,0.0,0.0,0.0
2030-04-01 20:00:00,0.0,0.0,0.0,0.0,0.0,0.0,0.0,0.0,0.0,0.0,0.0,0.0
2030-04-01 21:00:00,0.0,0.0,338.4913097192066,0.0,0.0,0.0,0.0,0.0,0.0,0.0,0.0,0.0
2030-04-01 22:00:00,0.0,0.0,7381.64,0.0,0.0,0.0,0.0,0.0,0.0,1032.1204640216938,0.0,0.0
2030-04-01 23:00:00,0.0,0.0,7381.64,0.0,0.0,0.0,0.0,0.0,148.182955308519,2070.0,0.0,0.0
2030-04-02 00:00:00,0.0,0.0,7381.64,0.0,0.0,0.0,0.0,0.0,3570.690595977223,2070.0,0.0,0.0
2030-04-02 01:00:00,1235.203459719698,0.0,7381.64,0.0,0.0,0.0,0.0,0.0,5827.301568139804,0.0,0.0,0.0
2030-04-02 02:00:00,1297.0,0.0,7381.64,0.0,0.0,0.0,0.0,0.0,5897.483489054367,0.0,0.0,0.0
2030-04-02 03:00:00,1297.0,1644.1,7381.64,0.0,0.0,0.0,0.0,0.0,5352.720935173825,0.0,0.0,0.0
2030-04-02 04:00:00,1297.0,1644.1,7381.64,3199.99,0.0,0.0,0.0,0.0,1555.089667355412,2070.0,278.0075903172145,0.0
2030-04-02 05:00:00,1297.0,1644.1,7381.64,2688.0192000000015,0.0,0.0,0.0,0.0,0.0,0.0,2116.5026695533397,0.0
2030-04-02 06:00:00,1297.0,1644.1,7381.64,0.0,0.0,0.0,0.0,0.0,0.0,0.0,899.0519118530938,561.2
2030-04-02 07:00:00,0.0,0.0,0.0,0.0,0.0,0.0,0.0,0.0,0.0,0.0,0.0,0.0
2030-04-02 08:00:00,0.0,0.0,0.0,0.0,0.0,0.0,0.0,0.0,0.0,0.0,0.0,0.0
2030-04-02 09:00:00,0.0,0.0,0.0,0.0,0.0,0.0,0.0,0.0,0.0,0.0,0.0,0.0
2030-04-02 10:00:00,0.0,0.0,0.0,0.0,0.0,0.0,0.0,0.0,0.0,0.0,0.0,0.0
2030-04-02 11:00:00,0.0,0.0,0.0,0.0,0.0,0.0,0.0,0.0,0.0,0.0,0.0,0.0
2030-04-02 12:00:00,0.0,0.0,0.0,0.0,0.0,0.0,0.0,0.0,0.0,0.0,0.0,0.0
2030-04-02 13:00:00,0.0,0.0,0.0,0.0,0.0,0.0,0.0,0.0,0.0,0.0,0.0,0.0
2030-04-02 14:00:00,0.0,0.0,0.0,3199.99,0.0,0.0,0.0,0.0,0.0,0.0,0.0,0.0
2030-04-02 15:00:00,0.0,0.0,0.0,0.0,0.0,0.0,0.0,0.0,0.0,0.0,0.0,0.0
2030-04-02 16:00:00,0.0,0.0,0.0,3199.99,0.0,0.0,0.0,0.0,0.0,0.0,0.0,0.0
2030-04-02 17:00:00,0.0,0.0,0.0,0.0,0.0,0.0,0.0,0.0,0.0,0.0,0.0,0.0
2030-04-02 18:00:00,0.0,0.0,0.0,1971.0734697885564,0.0,0.0,0.0,0.0,0.0,0.0,0.0,0.0
2030-04-02 19:00:00,0.0,0.0,0.0,0.0,0.0,0.0,0.0,0.0,0.0,0.0,0.0,0.0
2030-04-02 20:00:00,0.0,0.0,0.0,0.0,0.0,0.0,0.0,0.0,0.0,0.0,0.0,0.0
2030-04-02 21:00:00,0.0,0.0,0.0,0.0,0.0,0.0,0.0,0.0,0.0,0.0,0.0,0.0
2030-04-02 22:00:00,0.0,0.0,0.0,3199.99,0.0,0.0,0.0,0.0,0.0,0.0,0.0,0.0
2030-04-02 23:00:00,0.0,0.0,0.0,0.0,0.0,0.0,0.0,0.0,0.0,0.0,0.0,0.0
2030-04-03 00:00:00,0.0,0.0,0.0,3199.99,0.0,0.0,0.0,0.0,0.0,0.0,0.0,0.0
2030-04-03 01:00:00,0.0,0.0,0.0,1725.434608000001,0.0,0.0,0.0,0.0,0.0,0.0,0.0,0.0
2030-04-03 02:00:00,0.0,0.0,0.0,0.0,0.0,0.0,0.0,0.0,0.0,0.0,0.0,0.0
2030-04-03 03:00:00,0.0,0.0,0.0,0.0,0.0,0.0,0.0,0.0,0.0,0.0,0.0,0.0
2030-04-03 04:00:00,0.0,0.0,7381.64,0.0,0.0,0.0,0.0,0.0,3369.7570199266456,0.0,0.0,0.0
2030-04-03 05:00:00,1297.0,1644.1,7381.64,2688.0192000000015,4831.646487763603,0.0,0.0,0.0,6382.892321512196,0.0,0.0,0.0
2030-04-03 06:00:00,1297.0,1644.1,7381.64,3199.99,9847.0,0.0,369.67692690003605,470.0000000000005,4941.394432670217,0.0,0.0,561.2
2030-04-03 07:00:00,0.0,0.0,5466.4682105759675,0.0,6288.948804941974,0.0,0.0,394.80000000000047,0.0,0.0,0.0,0.0
2030-04-03 08:00:00,0.0,0.0,0.0,0.0,0.0,0.0,0.0,0.0,0.0,0.0,0.0,0.0
2030-04-03 09:00:00,0.0,0.0,0.0,0.0,0.0,0.0,0.0,0.0,0.0,0.0,0.0,0.0
2030-04-03 10:00:00,0.0,0.0,0.0,0.0,0.0,0.0,0.0,0.0,0.0,0.0,0.0,0.0
2030-04-03 11:00:00,0.0,0.0,0.0,0.0,0.0,0.0,0.0,0.0,0.0,0.0,0.0,0.0
2030-04-03 12:00:00,0.0,0.0,0.0,3199.99,0.0,0.0,0.0,0.0,0.0,0.0,0.0,0.0
2030-04-03 13:00:00,0.0,0.0,0.0,0.0,0.0,0.0,0.0,0.0,0.0,0.0,0.0,0.0
2030-04-03 14:00:00,0.0,0.0,0.0,0.0,0.0,0.0,0.0,0.0,0.0,0.0,0.0,0.0
2030-04-03 15:00:00,450.63976828979,0.0,0.0,0.0,0.0,0.0,0.0,0.0,410.1783164707697,0.0,0.0,0.0
2030-04-03 16:00:00,1297.0,1644.1,7381.64,2254.450852117876,0.0,0.0,0.0,0.0,2160.232556945427,0.0,0.0,0.0
2030-04-03 17:00:00,1297.0,1644.1,7381.64,0.0,1104.7404511503482,0.0,0.0,0.0,4121.6342374722335,0.0,0.0,0.0
2030-04-03 18:00:00,1297.0,1644.1,7381.64,0.0,5866.079751152756,0.0,0.0,0.0,5125.8186632188035,0.0,0.0,0.0
2030-04-03 19:00:00,1297.0,1644.1,7381.64,0.0,4495.206236218837,0.0,0.0,0.0,2849.3692363759055,2070.0,0.0,0.0
2030-04-03 20:00:00,1297.0,1644.1,7381.64,2073.3618772653545,3284.7224119174934,0.0,0.0,0.0,3108.1651699186614,1627.8982210924003,0.0,0.0
2030-04-03 21:00:00,1297.0,1644.1,7381.64,0.0,6216.666699672554,0.0,0.0,0.0,4414.460459841096,0.0,0.0,0.0
2030-04-03 22:00:00,1297.0,1644.1,7381.64,0.0,8490.27835050963,0.0,0.0,0.0,2402.627042172319,2070.0,0.0,0.0
2030-04-03 23:00:00,1297.0,1644.1,7381.64,0.0,7361.705591511141,0.0,0.0,0.0,2311.4905910585176,2070.0,0.0,0.0
2030-04-04 00:00:00,1297.0,1644.1,7381.64,0.0,8785.640182320654,0.0,0.0,0.0,4960.335612610648,0.0,0.0,0.0
2030-04-04 01:00:00,1297.0,1644.1,7381.64,0.0,6822.126171686337,0.0,0.0,0.0,5026.144458349248,0.0,0.0,0.0
2030-04-04 02:00:00,1297.0,1644.1,7381.64,0.0,6298.9567863789125,0.0,0.0,0.0,2897.4832615504315,2070.0,0.0,0.0
2030-04-04 03:00:00,1297.0,1644.1,7381.64,0.0,2223.805033249737,0.0,0.0,470.0000000000005,3464.2923367667954,2070.0,0.0,0.0
2030-04-04 04:00:00,1297.0,1644.1,7381.64,0.0,0.0,0.0,0.0,0.0,3932.3494692871755,2070.0,0.0,268.2809408239166
2030-04-04 05:00:00,1297.0,1644.1,7381.64,1560.196470616771,5287.334760002785,0.0,0.0,0.0,4372.5602122747405,2070.0,0.0,0.0
2030-04-04 06:00:00,1297.0,1644.1,7381.64,0.0,9847.0,35.07923967984971,0.0,470.0000000000005,5676.075950058379,0.0,0.0,0.0
2030-04-04 07:00:00,1297.0,1644.1,7381.64,0.0,6583.346900611425,0.0,0.0,252.22439016872556,1769.7166973481394,2070.0,0.0,0.0
2030-04-04 08:00:00,1297.0,1644.1,7381.64,0.0,0.0,0.0,0.0,70.38360983127495,0.0,2070.0,0.0,292.91905917608346
2030-04-04 09:00:00,420.50637567309604,0.0,0.0,0.0,0.0,0.0,0.0,0.0,0.0,796.1773413042463,0.0,0.0
2030-04-04 10:00:00,0.0,0.0,0.0,0.0,0.0,0.0,0.0,0.0,0.0,0.0,0.0,0.0
2030-04-04 11:00:00,0.0,0.0,0.0,0.0,0.0,0.0,0.0,0.0,0.0,0.0,0.0,0.0
2030-04-04 12:00:00,0.0,0.0,0.0,0.0,0.0,0.0,0.0,0.0,0.0,0.0,0.0,0.0
2030-04-04 13:00:00,0.0,0.0,0.0,0.0,0.0,0.0,0.0,0.0,0.0,0.0,0.0,0.0
2030-04-04 14:00:00,0.0,0.0,0.0,0.0,0.0,0.0,0.0,0.0,0.0,931.3034031085381,0.0,0.0
2030-04-04 15:00:00,1297.0,1644.1,3575.577145092915,0.0,0.0,0.0,0.0,0.0,0.0,1535.5206419811143,0.0,0.0
2030-04-04 16:00:00,1297.0,1644.1,7381.64,1849.8514110775718,0.0,0.0,0.0,0.0,873.4434309114549,2070.0,0.0,0.0
2030-04-04 17:00:00,1297.0,1644.1,7381.64,0.0,0.0,0.0,0.0,0.0,2370.1459251958204,2070.0,0.0,0.0
2030-04-04 18:00:00,1297.0,1644.1,7381.64,3199.99,3731.5941362268422,0.0,0.0,0.0,3159.8843366784276,2070.0,0.0,0.0
2030-04-04 19:00:00,1297.0,1644.1,7381.64,838.1677889224302,3939.485189979241,0.0,0.0,0.0,2980.5415815381766,2070.0,0.0,0.0
2030-04-04 20:00:00,1297.0,1644.1,7381.64,0.0,3770.9737873720587,0.0,0.0,0.0,2835.421235794934,2070.0,0.0,0.0
2030-04-04 21:00:00,1297.0,1644.1,0.0,0.0,6865.820229424251,0.0,0.0,0.0,2547.129254682596,2070.0,0.0,0.0
2030-04-04 22:00:00,1297.0,1644.1,0.0,0.0,8209.214663955034,0.0,0.0,0.0,2617.0892012229824,2070.0,0.0,0.0
2030-04-04 23:00:00,0.0,0.0,0.0,0.0,7623.069484667925,0.0,0.0,0.0,2147.456233346345,2070.0,0.0,0.0
2030-04-05 00:00:00,0.0,0.0,0.0,0.0,9243.085146779995,0.0,0.0,0.0,0.0,1193.15977302597,0.0,0.0
2030-04-05 01:00:00,0.0,0.0,0.0,0.0,7376.222245236713,0.0,0.0,0.0,0.0,0.0,0.0,0.0
2030-04-05 02:00:00,0.0,0.0,0.0,0.0,7087.597218611278,0.0,0.0,0.0,0.0,1178.1348313190038,0.0,0.0
2030-04-05 03:00:00,0.0,0.0,0.0,0.0,3756.307271168167,0.0,0.0,0.0,0.0,2070.0,0.0,0.0
2030-04-05 04:00:00,0.0,0.0,0.0,0.0,777.535773478703,0.0,0.0,0.0,4981.81785468823,2070.0,0.0,0.0
2030-04-05 05:00:00,1297.0,1644.1,0.0,2688.0192000000015,7546.745789791661,0.0,0.0,0.0,4581.31752782588,2070.0,0.0,561.2
2030-04-05 06:00:00,1297.0,1644.1,0.0,3199.99,9847.0,1850.0,1063.498864778543,470.0000000000005,6671.064318392711,0.0,0.0,0.0
2030-04-05 07:00:00,0.0,0.0,0.0,0.0,9847.0,1768.2832973594923,0.0,394.80000000000047,3539.8599713930034,2070.0,0.0,0.0
2030-04-05 08:00:00,0.0,0.0,0.0,0.0,1820.771441400375,0.0,0.0,0.0,0.0,0.0,0.0,0.0
2030-04-05 09:00:00,0.0,0.0,0.0,0.0,0.0,0.0,0.0,0.0,0.0,0.0,0.0,0.0
2030-04-05 10:00:00,0.0,0.0,0.0,0.0,0.0,0.0,0.0,0.0,0.0,0.0,0.0,0.0
2030-04-05 11:00:00,0.0,0.0,0.0,0.0,0.0,0.0,0.0,0.0,0.0,0.0,0.0,0.0
2030-04-05 12:00:00,0.0,0.0,0.0,0.0,0.0,0.0,0.0,0.0,0.0,0.0,0.0,0.0
2030-04-05 13:00:00,0.0,0.0,0.0,0.0,0.0,0.0,0.0,0.0,0.0,0.0,0.0,0.0
2030-04-05 14:00:00,183.30274562472187,0.0,0.0,0.0,0.0,0.0,0.0,0.0,461.3947025497275,2070.0,0.0,0.0
2030-04-05 15:00:00,1297.0,1644.1,3033.3005461490866,0.0,0.0,0.0,0.0,0.0,1265.3757137059802,2070.0,0.0,0.0
2030-04-05 16:00:00,1297.0,1644.1,7381.64,0.0,1276.031879621427,0.0,0.0,0.0,2281.481997794236,2070.0,0.0,0.0
2030-04-05 17:00:00,1297.0,1644.1,7381.64,0.0,7719.035566405466,0.0,0.0,0.0,3206.1433549116873,2070.0,0.0,0.0
2030-04-05 18:00:00,1297.0,1644.1,7381.64,0.0,9847.0,1466.0541406363773,0.0,0.0,5862.75578227419,0.0,0.0,0.0
2030-04-05 19:00:00,1297.0,1644.1,7381.64,0.0,8331.408431559874,1850.0,0.0,0.0,5640.664329325096,0.0,0.0,0.0
2030-04-05 20:00:00,1297.0,1644.1,7381.64,0.0,6879.419362059125,1850.0,0.0,0.0,5461.323008886083,0.0,0.0,0.0
2030-04-05 21:00:00,1297.0,1644.1,7381.64,0.0,8636.299244347625,1850.0,0.0,0.0,5157.052109988232,0.0,0.0,0.0
2030-04-05 22:00:00,1297.0,1644.1,7381.64,0.0,7945.4876410816505,1850.0,1950.0,0.0,5204.821456481023,0.0,0.0,0.0
2030-04-05 23:00:00,1297.0,1644.1,7381.64,0.0,7419.14697952754,1850.0,379.5317090524703,0.0,5110.879097886871,0.0,0.0,0.0
2030-04-06 00:00:00,1297.0,1644.1,7381.64,0.0,8801.33242130917,1850.0,0.0,0.0,5275.972542184798,0.0,0.0,0.0
2030-04-06 01:00:00,1297.0,1644.1,7381.64,0.0,6179.415897737614,1850.0,0.0,0.0,4905.751978342091,514.6534084224104,0.0,0.0
2030-04-06 02:00:00,1297.0,1644.1,7381.64,0.0,5256.448997954583,1850.0,0.0,0.0,5428.119048884003,0.0,0.0,0.0
2030-04-06 03:00:00,1297.0,1644.1,7381.64,0.0,0.0,1850.0,520.4682909475305,397.80800000000045,6070.144490035166,0.0,0.0,0.0
2030-04-06 04:00:00,1297.0,1644.1,7381.64,1810.9995286495498,0.0,0.0,0.0,0.0,6823.486254177361,0.0,0.0,0.0
2030-04-06 05:00:00,1297.0,1644.1,7381.64,0.0,498.5136118845985,1850.0,1950.0,0.0,6952.7145400101135,0.0,0.0,0.0
2030-04-06 06:00:00,1297.0,1644.1,7381.64,3199.99,4468.417051552256,1850.0,1950.0,470.0000000000005,6452.4419247802025,0.0,0.0,0.0
2030-04-06 07:00:00,1297.0,1644.1,7381.64,0.0,2424.338461246167,1850.0,1950.0,394.80000000000047,5739.667957381655,0.0,0.0,0.0
2030-04-06 08:00:00,1297.0,1644.1,7381.64,877.019671350452,1042.1509714939027,208.13563580335904,0.0,0.0,5193.105596057922,0.0,0.0,0.0
2030-04-06 09:00:00,1297.0,1644.1,7381.64,0.0,0.0,0.0,0.0,0.0,4453.353381343229,0.0,0.0,0.0
2030-04-06 10:00:00,1297.0,1644.1,0.0,0.0,0.0,0.0,0.0,0.0,3640.907168289219,0.0,0.0,0.0
2030-04-06 11:00:00,1297.0,1644.1,0.0,0.0,0.0,0.0,0.0,0.0,2316.3432671394376,643.3167605280129,0.0,0.0
2030-04-06 12:00:00,1297.0,1644.1,0.0,0.0,0.0,0.0,0.0,0.0,2711.251785059515,0.0,0.0,0.0
2030-04-06 13:00:00,1297.0,1644.1,7129.309703868119,0.0,0.0,0.0,0.0,0.0,2527.0581265784153,128.66335210560263,0.0,0.0
2030-04-06 14:00:00,1297.0,1644.1,7381.64,0.0,0.0,0.0,0.0,0.0,2311.0339269769697,0.0,0.0,0.0
2030-04-06 15:00:00,1297.0,1644.1,7381.64,0.0,0.0,0.0,0.0,0.0,2896.2812724553937,0.0,0.0,0.0
2030-04-06 16:00:00,1297.0,1644.1,7381.64,0.0,0.0,0.0,0.0,0.0,3910.5895578958134,0.0,0.0,0.0
2030-04-06 17:00:00,1297.0,1644.1,7381.64,0.0,0.0,0.0,0.0,0.0,4838.047335307479,0.0,0.0,0.0
2030-04-06 18:00:00,1297.0,1644.1,7381.64,0.0,0.0,0.0,0.0,0.0,5458.817515196602,0.0,0.0,0.0
2030-04-06 19:00:00,1297.0,1644.1,7381.64,0.0,0.0,0.0,0.0,0.0,5282.188171290903,0.0,0.0,0.0
2030-04-06 20:00:00,1297.0,1644.1,7381.64,0.0,0.0,0.0,0.0,0.0,5133.82888282534,0.0,0.0,0.0
2030-04-06 21:00:00,1297.0,1644.1,7381.64,0.0,0.0,0.0,0.0,0.0,4836.740148592971,0.0,0.0,0.0
2030-04-06 22:00:00,1297.0,1644.1,7381.64,0.0,1177.323431684883,0.0,0.0,470.0000000000005,4930.825708257121,0.0,0.0,0.0
2030-04-06 23:00:00,1297.0,1644.1,7381.64,0.0,0.0,0.0,0.0,0.0,4878.068328486998,0.0,0.0,0.0
2030-04-07 00:00:00,1297.0,1644.1,7381.64,0.0,0.0,0.0,0.0,0.0,5316.344546540635,0.0,0.0,0.0
2030-04-07 01:00:00,1297.0,1644.1,7381.64,0.0,0.0,0.0,0.0,0.0,5354.015939490548,0.0,0.0,0.0
2030-04-07 02:00:00,1297.0,1644.1,7381.64,0.0,0.0,0.0,0.0,0.0,5266.960039177177,0.0,0.0,0.0
2030-04-07 03:00:00,1297.0,1644.1,7381.64,2688.0192000000015,0.0,0.0,0.0,0.0,5216.27691062966,0.0,0.0,0.0
2030-04-07 04:00:00,1297.0,1644.1,7381.64,0.0,0.0,0.0,0.0,0.0,5221.052451151258,0.0,0.0,0.0
2030-04-07 05:00:00,1297.0,1644.1,7381.64,3199.99,0.0,0.0,0.0,0.0,5120.242317626267,0.0,0.0,0.0
2030-04-07 06:00:00,1297.0,1644.1,7381.64,0.0,0.0,0.0,0.0,0.0,4893.775401807471,0.0,0.0,0.0
2030-04-07 07:00:00,1297.0,1644.1,7381.64,0.0,0.0,0.0,0.0,0.0,4314.9210321672645,0.0,0.0,0.0
2030-04-07 08:00:00,1297.0,1644.1,7381.64,0.0,0.0,0.0,0.0,0.0,3431.2406630664673,0.0,0.0,0.0
2030-04-07 09:00:00,1297.0,1644.1,7381.64,0.0,0.0,0.0,0.0,0.0,2513.0449251179707,0.0,0.0,0.0
2030-04-07 10:00:00,1297.0,1644.1,5826.829912747602,0.0,0.0,0.0,0.0,0.0,1927.5460961644117,0.0,0.0,0.0
2030-04-07 11:00:00,1297.0,1644.1,0.0,0.0,0.0,0.0,0.0,0.0,1513.9401031850316,0.0,0.0,0.0
2030-04-07 12:00:00,1297.0,0.0,0.0,0.0,0.0,0.0,0.0,0.0,0.0,1405.2077658539183,0.0,0.0
2030-04-07 13:00:00,0.0,0.0,0.0,0.0,0.0,0.0,0.0,0.0,1137.3936332321778,138.75245941331278,0.0,0.0
2030-04-07 14:00:00,643.4316639436754,0.0,0.0,0.0,0.0,0.0,0.0,0.0,1537.4624697008385,0.0,0.0,0.0
2030-04-07 15:00:00,1297.0,1644.1,0.0,0.0,0.0,0.0,0.0,0.0,2519.2733382410534,0.0,0.0,0.0
2030-04-07 16:00:00,1297.0,1644.1,7381.64,0.0,0.0,0.0,0.0,0.0,3538.2709792878477,192.99502815840393,0.0,0.0
2030-04-07 17:00:00,1297.0,1644.1,7381.64,2016.7613165289767,0.0,0.0,0.0,0.0,5130.123856867941,0.0,0.0,0.0
2030-04-07 18:00:00,1297.0,1644.1,7381.64,2599.472972993922,0.0,0.0,0.0,0.0,5902.842633549422,0.0,0.0,0.0
2030-04-07 19:00:00,1297.0,1644.1,7381.64,1271.7749104771028,0.0,0.0,0.0,0.0,5553.314351121824,0.0,0.0,0.0
2030-04-07 20:00:00,1297.0,1644.1,7381.64,0.0,0.0,0.0,0.0,0.0,5294.268913644287,0.0,0.0,0.0
2030-04-07 21:00:00,1297.0,1644.1,7381.64,0.0,0.0,0.0,0.0,0.0,5193.154262745096,0.0,0.0,0.0
2030-04-07 22:00:00,1297.0,1644.1,7381.64,0.0,0.0,0.0,0.0,0.0,5291.243673570764,0.0,0.0,0.0
2030-04-07 23:00:00,1297.0,1644.1,4032.394407922984,0.0,0.0,0.0,0.0,0.0,5153.059790298492,0.0,0.0,0.0
2030-04-08 00:00:00,1297.0,1644.1,0.0,0.0,0.0,0.0,0.0,0.0,7506.223662577027,0.0,0.0,0.0
2030-04-08 01:00:00,1297.0,1644.1,0.0,0.0,0.0,0.0,0.0,0.0,7613.536496508403,0.0,0.0,0.0
2030-04-08 02:00:00,1297.0,1644.1,0.0,0.0,0.0,0.0,0.0,0.0,7589.392891994668,0.0,0.0,0.0
2030-04-08 03:00:00,1297.0,1644.1,0.0,0.0,0.0,0.0,0.0,0.0,7861.109209564767,0.0,0.0,0.0
2030-04-08 04:00:00,1297.0,1644.1,0.0,0.0,0.0,0.0,0.0,0.0,8006.699329850888,0.0,0.0,0.0
2030-04-08 05:00:00,1297.0,1644.1,0.0,446.78604638930847,0.0,0.0,0.0,0.0,7596.487354929788,0.0,0.0,0.0
2030-04-08 06:00:00,0.0,0.0,0.0,0.0,0.0,0.0,0.0,0.0,6143.58553985258,0.0,0.0,561.2
2030-04-08 07:00:00,0.0,0.0,0.0,0.0,0.0,0.0,0.0,0.0,0.0,0.0,0.0,0.0
2030-04-08 08:00:00,0.0,0.0,0.0,0.0,0.0,0.0,0.0,0.0,0.0,0.0,0.0,0.0
2030-04-08 09:00:00,0.0,0.0,0.0,0.0,0.0,0.0,0.0,0.0,0.0,0.0,0.0,0.0
2030-04-08 10:00:00,0.0,0.0,0.0,3199.99,0.0,0.0,0.0,0.0,0.0,0.0,0.0,0.0
2030-04-08 11:00:00,0.0,0.0,0.0,3199.99,0.0,0.0,0.0,0.0,0.0,0.0,0.0,0.0
2030-04-08 12:00:00,0.0,0.0,0.0,0.0,0.0,0.0,0.0,0.0,0.0,0.0,0.0,0.0
2030-04-08 13:00:00,0.0,0.0,0.0,0.0,0.0,0.0,0.0,0.0,0.0,0.0,0.0,0.0
2030-04-08 14:00:00,0.0,0.0,0.0,0.0,0.0,0.0,0.0,0.0,0.0,0.0,0.0,0.0
2030-04-08 15:00:00,0.0,0.0,0.0,0.0,0.0,0.0,0.0,0.0,0.0,0.0,0.0,0.0
2030-04-08 16:00:00,0.0,0.0,0.0,0.0,0.0,0.0,0.0,0.0,0.0,0.0,0.0,0.0
2030-04-08 17:00:00,1297.0,1644.1,0.0,0.0,0.0,0.0,0.0,0.0,6224.1561595438925,0.0,0.0,0.0
2030-04-08 18:00:00,1297.0,1644.1,7381.64,0.0,0.0,0.0,0.0,0.0,7447.139325293132,0.0,0.0,0.0
2030-04-08 19:00:00,1297.0,1644.1,7381.64,0.0,0.0,0.0,0.0,0.0,7276.638143542479,0.0,0.0,0.0
2030-04-08 20:00:00,1297.0,1644.1,7381.64,0.0,0.0,0.0,0.0,0.0,5093.7671048724715,2070.0,0.0,0.0
2030-04-08 21:00:00,1297.0,1644.1,7381.64,0.0,0.0,0.0,0.0,0.0,7035.322401900392,0.0,0.0,0.0
2030-04-08 22:00:00,1297.0,1644.1,7381.64,0.0,0.0,0.0,0.0,0.0,7208.109678295292,0.0,0.0,0.0
2030-04-08 23:00:00,1297.0,1644.1,7381.64,0.0,0.0,0.0,0.0,0.0,7136.744607630133,0.0,0.0,0.0
2030-04-09 00:00:00,1297.0,1644.1,7381.64,0.0,0.0,0.0,0.0,0.0,6885.337669559767,0.0,0.0,0.0
2030-04-09 01:00:00,1297.0,1644.1,7381.64,0.0,0.0,0.0,0.0,0.0,7064.536272019277,0.0,0.0,0.0
2030-04-09 02:00:00,1297.0,1644.1,7381.64,0.0,0.0,0.0,0.0,0.0,7109.262570056633,0.0,0.0,0.0
2030-04-09 03:00:00,1297.0,1644.1,7381.64,2688.0192000000015,0.0,0.0,0.0,0.0,6369.116769138015,1362.8118561508954,0.0,0.0
2030-04-09 04:00:00,1297.0,1644.1,7381.64,0.0,0.0,0.0,0.0,0.0,6265.712602783632,2070.0,0.0,0.0
2030-04-09 05:00:00,1297.0,1644.1,7381.64,0.0,0.0,0.0,0.0,0.0,8184.285212711891,74.99277970281048,0.0,0.0
2030-04-09 06:00:00,1297.0,1644.1,7381.64,3199.99,199.14284508554556,0.0,0.0,470.0000000000005,4366.180293630222,0.0,2290.0,561.2
2030-04-09 07:00:00,1297.0,1644.1,7381.64,0.0,0.0,0.0,0.0,0.0,5713.6624011293125,0.0,0.0,0.0
2030-04-09 08:00:00,1297.0,1644.1,0.0,0.0,0.0,0.0,0.0,0.0,3004.9343304921313,0.0,1176.6020000000062,0.0
2030-04-09 09:00:00,0.0,0.0,0.0,0.0,0.0,0.0,0.0,0.0,0.0,0.0,0.0,0.0
2030-04-09 10:00:00,0.0,0.0,0.0,0.0,0.0,0.0,0.0,0.0,0.0,0.0,0.0,0.0
2030-04-09 11:00:00,0.0,0.0,0.0,0.0,0.0,0.0,0.0,0.0,0.0,0.0,0.0,0.0
2030-04-09 12:00:00,0.0,0.0,0.0,0.0,0.0,0.0,0.0,0.0,0.0,0.0,0.0,0.0
2030-04-09 13:00:00,0.0,0.0,0.0,0.0,0.0,0.0,0.0,0.0,0.0,0.0,0.0,0.0
2030-04-09 14:00:00,0.0,0.0,0.0,0.0,0.0,0.0,0.0,0.0,304.8808000570632,0.0,0.0,0.0
2030-04-09 15:00:00,1297.0,1644.1,0.0,0.0,0.0,0.0,0.0,0.0,1515.4468586098055,0.0,0.0,0.0
2030-04-09 16:00:00,1297.0,1644.1,7381.64,0.0,0.0,0.0,0.0,0.0,3317.057196802417,0.0,0.0,0.0
2030-04-09 17:00:00,1297.0,1644.1,7381.64,0.0,0.0,0.0,0.0,0.0,5302.097281221352,0.0,0.0,0.0
2030-04-09 18:00:00,1297.0,1644.1,7381.64,3199.99,0.0,0.0,0.0,0.0,6507.4145108260445,0.0,0.0,0.0
2030-04-09 19:00:00,1297.0,1644.1,7381.64,0.0,0.0,0.0,0.0,0.0,6379.538959600566,0.0,0.0,0.0
2030-04-09 20:00:00,1297.0,1644.1,7381.64,2688.0192000000015,0.0,0.0,0.0,0.0,4204.126890638966,2070.0,0.0,0.0
2030-04-09 21:00:00,1297.0,1644.1,7381.64,0.0,0.0,0.0,0.0,0.0,3029.369002092969,2070.0,391.7430431859476,561.2
2030-04-09 22:00:00,0.0,0.0,0.0,0.0,0.0,0.0,0.0,0.0,0.0,1592.2558964315022,0.0,0.0
2030-04-09 23:00:00,0.0,0.0,0.0,0.0,0.0,0.0,0.0,0.0,0.0,0.0,0.0,0.0
2030-04-10 00:00:00,0.0,0.0,0.0,0.0,0.0,0.0,0.0,0.0,0.0,0.0,0.0,0.0
2030-04-10 01:00:00,0.0,0.0,0.0,0.0,0.0,0.0,0.0,0.0,0.0,0.0,0.0,0.0
2030-04-10 02:00:00,0.0,0.0,0.0,2570.477437823994,0.0,0.0,0.0,0.0,0.0,0.0,0.0,0.0
2030-04-10 03:00:00,0.0,0.0,0.0,3199.99,0.0,0.0,0.0,0.0,0.0,0.0,0.0,0.0
2030-04-10 04:00:00,0.0,0.0,0.0,889.6203464740975,0.0,0.0,0.0,0.0,0.0,0.0,0.0,0.0
2030-04-10 05:00:00,0.0,0.0,0.0,502.74223170190817,0.0,0.0,0.0,0.0,0.0,0.0,0.0,0.0
2030-04-10 06:00:00,0.0,0.0,0.0,3199.99,0.0,0.0,0.0,0.0,0.0,0.0,0.0,0.0
2030-04-10 07:00:00,0.0,0.0,0.0,0.0,0.0,0.0,0.0,0.0,0.0,0.0,0.0,0.0
2030-04-10 08:00:00,0.0,0.0,0.0,0.0,0.0,0.0,0.0,0.0,0.0,0.0,0.0,0.0
2030-04-10 09:00:00,0.0,0.0,0.0,0.0,0.0,0.0,0.0,0.0,0.0,0.0,0.0,0.0
2030-04-10 10:00:00,0.0,0.0,0.0,0.0,0.0,0.0,0.0,0.0,0.0,0.0,0.0,0.0
2030-04-10 11:00:00,0.0,0.0,0.0,0.0,0.0,0.0,0.0,0.0,0.0,0.0,0.0,0.0
2030-04-10 12:00:00,0.0,0.0,0.0,0.0,0.0,0.0,0.0,0.0,0.0,0.0,0.0,0.0
2030-04-10 13:00:00,0.0,0.0,0.0,3199.99,0.0,0.0,0.0,0.0,0.0,0.0,0.0,0.0
2030-04-10 14:00:00,0.0,0.0,0.0,0.0,0.0,0.0,0.0,0.0,0.0,0.0,0.0,0.0
2030-04-10 15:00:00,0.0,0.0,0.0,3199.99,0.0,0.0,0.0,0.0,0.0,0.0,0.0,0.0
2030-04-10 16:00:00,0.0,0.0,0.0,0.0,0.0,0.0,0.0,0.0,0.0,0.0,0.0,0.0
2030-04-10 17:00:00,0.0,0.0,0.0,3199.99,0.0,0.0,0.0,0.0,0.0,0.0,0.0,0.0
2030-04-10 18:00:00,0.0,0.0,0.0,2688.0192000000015,0.0,0.0,0.0,0.0,0.0,0.0,0.0,0.0
2030-04-10 19:00:00,0.0,0.0,0.0,0.0,0.0,0.0,0.0,0.0,0.0,0.0,0.0,0.0
2030-04-10 20:00:00,0.0,0.0,0.0,2708.471536,0.0,0.0,0.0,0.0,0.0,0.0,0.0,0.0
2030-04-10 21:00:00,0.0,0.0,0.0,0.0,0.0,0.0,0.0,0.0,0.0,0.0,0.0,0.0
2030-04-10 22:00:00,0.0,0.0,0.0,0.0,0.0,0.0,0.0,0.0,0.0,0.0,0.0,0.0
2030-04-10 23:00:00,0.0,0.0,0.0,0.0,0.0,0.0,0.0,0.0,0.0,0.0,0.0,0.0
2030-04-11 00:00:00,0.0,0.0,0.0,0.0,0.0,0.0,0.0,0.0,0.0,0.0,0.0,0.0
2030-04-11 01:00:00,0.0,0.0,0.0,3199.99,0.0,0.0,0.0,0.0,0.0,0.0,0.0,0.0
2030-04-11 02:00:00,0.0,0.0,0.0,1140.5198803559178,0.0,0.0,0.0,0.0,0.0,0.0,0.0,0.0
2030-04-11 03:00:00,0.0,0.0,0.0,2310.3493356440836,0.0,0.0,0.0,0.0,0.0,0.0,0.0,0.0
2030-04-11 04:00:00,0.0,0.0,0.0,3199.99,0.0,0.0,0.0,0.0,0.0,0.0,0.0,0.0
2030-04-11 05:00:00,0.0,0.0,0.0,3199.99,0.0,0.0,0.0,0.0,0.0,0.0,0.0,0.0
2030-04-11 06:00:00,0.0,0.0,0.0,0.0,0.0,0.0,0.0,0.0,0.0,0.0,0.0,0.0
2030-04-11 07:00:00,0.0,0.0,0.0,3199.99,0.0,0.0,0.0,0.0,0.0,0.0,0.0,0.0
2030-04-11 08:00:00,0.0,0.0,0.0,0.0,0.0,0.0,0.0,0.0,0.0,0.0,0.0,0.0
2030-04-11 09:00:00,0.0,0.0,0.0,3199.99,0.0,0.0,0.0,0.0,0.0,0.0,0.0,0.0
2030-04-11 10:00:00,0.0,0.0,0.0,3199.99,0.0,0.0,0.0,0.0,0.0,0.0,0.0,0.0
2030-04-11 11:00:00,0.0,0.0,0.0,0.0,0.0,0.0,0.0,0.0,0.0,0.0,0.0,0.0
2030-04-11 12:00:00,0.0,0.0,0.0,0.0,0.0,0.0,0.0,0.0,0.0,0.0,0.0,0.0
2030-04-11 13:00:00,0.0,0.0,0.0,0.0,0.0,0.0,0.0,0.0,0.0,0.0,0.0,0.0
2030-04-11 14:00:00,0.0,0.0,0.0,0.0,0.0,0.0,0.0,0.0,0.0,0.0,0.0,0.0
2030-04-11 15:00:00,0.0,0.0,0.0,0.0,0.0,0.0,0.0,0.0,0.0,0.0,0.0,0.0
2030-04-11 16:00:00,1297.0,1644.1,0.0,0.0,0.0,0.0,0.0,0.0,4415.546449152644,0.0,0.0,0.0
2030-04-11 17:00:00,1297.0,1644.1,7381.64,0.0,0.0,0.0,0.0,0.0,5139.587120010229,0.0,0.0,0.0
2030-04-11 18:00:00,1297.0,1644.1,5239.346741920184,0.0,0.0,0.0,0.0,0.0,5947.05002022163,0.0,0.0,0.0
2030-04-11 19:00:00,1297.0,1644.1,7381.64,1548.023651309033,0.0,0.0,0.0,0.0,5871.968161748487,0.0,0.0,0.0
2030-04-11 20:00:00,1297.0,1644.1,5022.820920661761,0.0,0.0,0.0,0.0,0.0,5814.910073286465,0.0,0.0,0.0
2030-04-11 21:00:00,1297.0,1644.1,0.0,0.0,0.0,0.0,0.0,0.0,3463.978873561711,2070.0,0.0,0.0
2030-04-11 22:00:00,1297.0,1644.1,0.0,0.0,24.373736785317305,0.0,0.0,397.80800000000045,3570.6928067773515,2070.0,0.0,0.0
2030-04-11 23:00:00,1297.0,1644.1,0.0,0.0,0.0,0.0,0.0,0.0,3525.04838387734,2070.0,0.0,0.0
2030-04-12 00:00:00,1297.0,1644.1,68.62158438588085,0.0,1949.0108297715585,0.0,0.0,18.824502014778183,3930.903181536598,2070.0,0.0,0.0
2030-04-12 01:00:00,1297.0,1644.1,0.0,0.0,280.7694190124166,0.0,0.0,470.0000000000005,4059.7128505851388,2070.0,0.0,0.0
2030-04-12 02:00:00,1297.0,1644.1,3604.7275392002703,0.0,0.0,0.0,0.0,375.9754979852223,4101.698604654705,2070.0,0.0,0.0
2030-04-12 03:00:00,1297.0,1644.1,7381.64,0.0,0.0,0.0,0.0,0.0,4696.151859265325,2070.0,0.0,0.0
2030-04-12 04:00:00,1297.0,1644.1,7381.64,162.35216840809406,0.0,0.0,0.0,0.0,5336.095436357336,2070.0,0.0,0.0
2030-04-12 05:00:00,1297.0,1644.1,7381.64,3199.99,0.0,0.0,0.0,0.0,5369.884450494343,2070.0,0.0,0.0
2030-04-12 06:00:00,1297.0,1644.1,7381.64,2525.6670315919073,1416.3567008315003,0.0,0.0,470.0000000000005,4781.642813902413,2070.0,0.0,0.0
2030-04-12 07:00:00,1297.0,1644.1,7381.64,0.0,0.0,0.0,0.0,0.0,3845.5421595815296,2070.0,0.0,0.0
2030-04-12 08:00:00,1297.0,1644.1,2812.776899939774,0.0,0.0,0.0,0.0,0.0,3171.24779334888,2070.0,0.0,0.0
2030-04-12 09:00:00,1297.0,1644.1,0.0,0.0,0.0,0.0,0.0,0.0,2381.0947015340325,2070.0,0.0,0.0
2030-04-12 10:00:00,1297.0,1644.1,0.0,0.0,0.0,0.0,0.0,0.0,1130.3349150313911,2070.0,0.0,0.0
2030-04-12 11:00:00,1297.0,1644.1,0.0,0.0,0.0,0.0,0.0,0.0,131.69516755085488,2070.0,0.0,0.0
2030-04-12 12:00:00,1297.0,418.25075619328527,0.0,0.0,0.0,0.0,0.0,0.0,0.0,1171.8165313013947,0.0,0.0
2030-04-12 13:00:00,1297.0,877.2249270023076,0.0,0.0,0.0,0.0,0.0,0.0,0.0,581.7362872166254,0.0,0.0
2030-04-12 14:00:00,1297.0,1644.1,0.0,0.0,0.0,0.0,0.0,0.0,0.0,781.01635331377,0.0,0.0
2030-04-12 15:00:00,1297.0,1644.1,7381.64,0.0,0.0,0.0,0.0,0.0,1191.79160344342,414.3972559500318,0.0,0.0
2030-04-12 16:00:00,1297.0,1644.1,7381.64,0.0,0.0,0.0,0.0,0.0,822.5753051477329,2070.0,0.0,0.0
2030-04-12 17:00:00,1297.0,1644.1,7381.64,0.0,0.0,0.0,0.0,0.0,2688.8192458060944,2070.0,0.0,0.0
2030-04-12 18:00:00,1297.0,1644.1,7381.64,1532.5814736882749,7088.842720926812,0.0,0.0,0.0,5983.351551398008,0.0,0.0,0.0
2030-04-12 19:00:00,1297.0,1644.1,7381.64,922.565238537587,7263.299431532883,0.0,0.0,0.0,3798.2164907322303,2070.0,0.0,0.0
2030-04-12 20:00:00,1297.0,1644.1,7381.64,0.0,7425.180537509412,0.0,0.0,0.0,3703.118231560129,2070.0,0.0,0.0
2030-04-12 21:00:00,1297.0,1644.1,7381.64,0.0,9847.0,1046.5750359709782,0.0,0.0,5523.022789234394,0.0,0.0,0.0
2030-04-12 22:00:00,1297.0,1644.1,7381.64,0.0,9847.0,1850.0,1434.1226344055394,0.0,5685.579278709049,0.0,0.0,0.0
2030-04-12 23:00:00,1297.0,1644.1,7381.64,0.0,9847.0,1850.0,530.7115494953177,0.0,5653.006704266379,0.0,0.0,0.0
2030-04-13 00:00:00,1297.0,1644.1,7381.64,0.0,9847.0,1850.0,1450.9796309479207,394.80000000000047,5716.538483764249,0.0,0.0,0.0
2030-04-13 01:00:00,1297.0,1644.1,7381.64,0.0,9847.0,1301.4177977612112,606.933879808917,0.0,5858.084087628828,0.0,0.0,0.0
2030-04-13 02:00:00,1297.0,1644.1,7381.64,0.0,9847.0,1681.305346976893,0.0,0.0,5870.547801256497,0.0,0.0,0.0
2030-04-13 03:00:00,1297.0,1644.1,7381.64,0.0,8228.904420829902,0.0,0.0,0.0,6472.887252555439,0.0,0.0,0.0
2030-04-13 04:00:00,1297.0,1644.1,7381.64,2752.1701272839346,4703.780114905632,0.0,0.0,0.0,7155.474168850362,0.0,0.0,0.0
2030-04-13 05:00:00,1297.0,1644.1,7381.64,3135.8390727160668,9847.0,0.0,777.2523053423065,0.0,7230.817218722537,0.0,0.0,0.0
2030-04-13 06:00:00,1297.0,1644.1,7381.64,0.0,9847.0,1850.0,1950.0,470.0000000000005,6491.983187794114,0.0,0.0,0.0
2030-04-13 07:00:00,1297.0,1644.1,7381.64,0.0,9847.0,65.58729161193332,1950.0,0.0,2688.1852251961436,2070.0,0.0,0.0
2030-04-13 08:00:00,1297.0,1644.1,7381.64,0.0,5796.838911687781,0.0,0.0,0.0,3508.490515501797,0.0,0.0,0.0
2030-04-13 09:00:00,1297.0,1644.1,0.0,0.0,0.0,0.0,0.0,0.0,2904.7849098768957,0.0,0.0,0.0
2030-04-13 10:00:00,0.0,0.0,0.0,0.0,0.0,0.0,0.0,0.0,2186.3792355298,0.0,0.0,0.0
2030-04-13 11:00:00,0.0,0.0,0.0,0.0,0.0,0.0,0.0,0.0,0.0,1282.655456486431,0.0,0.0
2030-04-13 12:00:00,0.0,0.0,0.0,0.0,0.0,0.0,0.0,0.0,0.0,74.99277970281048,0.0,0.0
2030-04-13 13:00:00,0.0,0.0,0.0,0.0,0.0,0.0,0.0,0.0,1488.2565654982286,0.0,0.0,0.0
2030-04-13 14:00:00,1297.0,1644.1,0.0,0.0,0.0,0.0,0.0,0.0,1771.9701797119073,149.98555940562096,0.0,0.0
2030-04-13 15:00:00,1297.0,1644.1,7381.64,0.0,0.0,0.0,0.0,0.0,2700.9718358695964,0.0,0.0,0.0
2030-04-13 16:00:00,1297.0,1644.1,7381.64,0.0,0.0,0.0,0.0,0.0,3468.178079381196,149.98555940562096,0.0,0.0
2030-04-13 17:00:00,1297.0,1644.1,7381.64,0.0,4046.024178987158,0.0,0.0,0.0,4808.495011117309,0.0,0.0,0.0
2030-04-13 18:00:00,1297.0,1644.1,7381.64,2688.0192000000015,8968.87553644985,0.0,0.0,0.0,5836.231149612331,0.0,0.0,0.0
2030-04-13 19:00:00,1297.0,1644.1,7381.64,3199.99,7650.194748587368,0.0,0.0,0.0,5473.983971161749,224.97833910843144,0.0,0.0
2030-04-13 20:00:00,1297.0,1644.1,7381.64,0.0,7335.860109910485,0.0,0.0,0.0,5577.021617261069,0.0,0.0,0.0
2030-04-13 21:00:00,1297.0,1644.1,7381.64,0.0,9847.0,0.0,0.0,278.0992671447748,5289.203673801625,0.0,0.0,0.0
2030-04-13 22:00:00,1297.0,1644.1,7381.64,0.0,9847.0,726.0427814017021,0.0,470.0000000000005,5416.752688228704,0.0,0.0,0.0
2030-04-13 23:00:00,1297.0,1644.1,7381.64,0.0,6266.179630972212,0.0,0.0,0.0,3081.6384794425685,0.0,2290.0,0.0
2030-04-14 00:00:00,1297.0,1644.1,7381.64,0.0,6490.062676770351,0.0,0.0,0.0,5750.051073551978,0.0,0.0,0.0
2030-04-14 01:00:00,1297.0,1644.1,7381.64,0.0,4760.512168137007,0.0,0.0,0.0,3774.496736483862,0.0,2017.2038486639294,0.0
2030-04-14 02:00:00,1297.0,1644.1,7381.64,0.0,3390.433558786797,0.0,0.0,0.0,3409.654175691814,0.0,2290.0,0.0
2030-04-14 03:00:00,1297.0,1644.1,7381.64,0.0,227.26913868031505,0.0,0.0,116.7007328552257,2704.7439307128548,599.942237622484,2290.0,0.0
2030-04-14 04:00:00,1297.0,1644.1,7381.64,0.0,0.0,0.0,0.0,0.0,3237.7836455917377,0.0,2290.0,0.0
2030-04-14 05:00:00,1297.0,1644.1,7381.64,0.0,0.0,0.0,0.0,0.0,3072.4616994404423,0.0,2290.0,0.0
2030-04-14 06:00:00,1297.0,1644.1,7381.64,0.0,0.0,0.0,0.0,0.0,1713.835502511463,0.0,2290.0,561.2
2030-04-14 07:00:00,1297.0,1644.1,7381.64,0.0,0.0,0.0,0.0,0.0,885.1455398324715,0.0,2290.0,0.0
2030-04-14 08:00:00,1297.0,1644.1,0.0,0.0,0.0,0.0,0.0,0.0,0.0,0.0,2022.4761513361314,0.0
2030-04-14 09:00:00,0.0,0.0,0.0,0.0,0.0,0.0,0.0,0.0,0.0,0.0,0.0,0.0
2030-04-14 10:00:00,0.0,0.0,0.0,0.0,0.0,0.0,0.0,0.0,0.0,0.0,0.0,0.0
2030-04-14 11:00:00,0.0,0.0,0.0,871.4684313753007,0.0,0.0,0.0,0.0,0.0,0.0,0.0,0.0
2030-04-14 12:00:00,0.0,0.0,0.0,0.0,0.0,0.0,0.0,0.0,0.0,0.0,0.0,0.0
2030-04-14 13:00:00,0.0,0.0,0.0,3199.99,0.0,0.0,0.0,0.0,0.0,0.0,0.0,0.0
2030-04-14 14:00:00,0.0,0.0,0.0,0.0,0.0,0.0,0.0,0.0,0.0,0.0,0.0,0.0
2030-04-14 15:00:00,0.0,0.0,0.0,0.0,0.0,0.0,0.0,0.0,0.0,0.0,0.0,0.0
2030-04-14 16:00:00,1297.0,1644.1,7381.64,0.0,0.0,0.0,0.0,0.0,1212.5505072303868,0.0,2290.0,0.0
2030-04-14 17:00:00,1297.0,1644.1,7381.64,0.0,0.0,0.0,0.0,0.0,2843.685315791478,0.0,2290.0,0.0
2030-04-14 18:00:00,1297.0,1644.1,7381.64,0.0,0.0,0.0,0.0,0.0,3848.520626498883,0.0,2290.0,0.0
2030-04-14 19:00:00,1297.0,1644.1,7381.64,0.0,0.0,0.0,0.0,0.0,3489.1129370700464,0.0,2290.0,0.0
2030-04-14 20:00:00,1297.0,1644.1,7381.64,3199.99,0.0,0.0,0.0,0.0,3221.198013260292,0.0,2290.0,0.0
2030-04-14 21:00:00,1297.0,1644.1,7381.64,0.0,519.4300172412986,0.0,0.0,0.0,3143.715517614599,0.0,2290.0,0.0
2030-04-14 22:00:00,1297.0,1644.1,7381.64,0.0,1868.6404083833404,0.0,0.0,0.0,1138.9571110719367,2070.0,2290.0,0.0
2030-04-14 23:00:00,1297.0,1644.1,7381.64,0.0,541.7391992374323,0.0,0.0,470.0000000000005,1770.1415998766436,1295.1289303240433,2290.0,0.0
2030-04-15 00:00:00,1297.0,1644.1,7381.64,0.0,1161.263253763107,0.0,0.0,394.80000000000047,3482.9922474025143,0.0,2290.0,0.0
2030-04-15 01:00:00,1297.0,1644.1,7381.64,0.0,0.0,0.0,0.0,0.0,3572.82922399161,0.0,2290.0,0.0
2030-04-15 02:00:00,1297.0,1644.1,7381.64,0.0,0.0,0.0,0.0,0.0,1459.9136450731544,2070.0,2290.0,0.0
2030-04-15 03:00:00,1297.0,1644.1,7381.64,0.0,0.0,0.0,0.0,0.0,3706.917966524459,0.0,2290.0,0.0
2030-04-15 04:00:00,1297.0,1644.1,7381.64,0.0,0.0,0.0,0.0,0.0,3880.931990349146,0.0,2290.0,0.0
2030-04-15 05:00:00,1297.0,1644.1,7381.64,2688.0192000000015,0.0,0.0,0.0,0.0,3611.0592315818467,0.0,2290.0,0.0
2030-04-15 06:00:00,1297.0,1644.1,7381.64,0.0,0.0,0.0,0.0,0.0,2298.3291794362367,0.0,2290.0,140.11947597424773
2030-04-15 07:00:00,1297.0,1644.1,1172.5997725469388,0.0,0.0,0.0,0.0,0.0,779.4998317567995,0.0,2290.0,421.0805240257523
2030-04-15 08:00:00,0.0,0.0,0.0,0.0,0.0,0.0,0.0,0.0,0.0,0.0,0.0,0.0
2030-04-15 09:00:00,0.0,0.0,0.0,2708.471536,0.0,0.0,0.0,0.0,0.0,0.0,0.0,0.0
2030-04-15 10:00:00,0.0,0.0,0.0,0.0,0.0,0.0,0.0,0.0,0.0,0.0,0.0,0.0
2030-04-15 11:00:00,0.0,0.0,0.0,0.0,0.0,0.0,0.0,0.0,0.0,0.0,0.0,0.0
2030-04-15 12:00:00,0.0,0.0,0.0,0.0,0.0,0.0,0.0,0.0,0.0,0.0,0.0,0.0
2030-04-15 13:00:00,0.0,0.0,0.0,0.0,0.0,0.0,0.0,0.0,0.0,0.0,0.0,0.0
2030-04-15 14:00:00,0.0,0.0,0.0,0.0,0.0,0.0,0.0,0.0,0.0,0.0,0.0,0.0
2030-04-15 15:00:00,0.0,0.0,0.0,0.0,0.0,0.0,0.0,0.0,0.0,879.5995520477109,2290.0,0.0
2030-04-15 16:00:00,1297.0,1644.1,6234.062824880184,0.0,0.0,0.0,0.0,0.0,1913.598396546051,0.0,2290.0,0.0
2030-04-15 17:00:00,1297.0,1644.1,7381.64,3199.99,0.0,0.0,0.0,0.0,886.9816274888894,2070.0,2290.0,0.0
2030-04-15 18:00:00,1297.0,1644.1,7381.64,2688.0192000000015,0.0,0.0,0.0,0.0,1548.919119599982,2070.0,2290.0,0.0
2030-04-15 19:00:00,1297.0,1644.1,7381.64,0.0,0.0,0.0,0.0,0.0,2859.875979384385,522.0815998551766,2290.0,0.0
2030-04-15 20:00:00,1297.0,1644.1,7381.64,0.0,0.0,0.0,0.0,0.0,3182.7378406098587,0.0,2290.0,0.0
2030-04-15 21:00:00,1297.0,1644.1,0.0,0.0,0.0,0.0,0.0,0.0,975.0775245592799,2070.0,2290.0,0.0
2030-04-15 22:00:00,1297.0,1644.1,0.0,0.0,0.0,0.0,0.0,0.0,1041.8448152723336,2070.0,2290.0,0.0
2030-04-15 23:00:00,1297.0,1644.1,0.0,0.0,0.0,0.0,0.0,0.0,932.7732375102228,2070.0,2290.0,0.0
2030-04-16 00:00:00,1297.0,1644.1,0.0,0.0,0.0,0.0,0.0,0.0,1794.3990442549994,2070.0,2290.0,0.0
2030-04-16 01:00:00,1297.0,1644.1,5323.224229796768,0.0,0.0,0.0,0.0,0.0,4005.6986128038043,0.0,2290.0,0.0
2030-04-16 02:00:00,1297.0,1644.1,6021.302674014696,0.0,0.0,0.0,0.0,0.0,4010.156467391227,0.0,2290.0,0.0
2030-04-16 03:00:00,1297.0,1644.1,6165.422692762153,0.0,0.0,0.0,0.0,0.0,4275.309080391475,320.91625997735935,2290.0,0.0
2030-04-16 04:00:00,1297.0,1644.1,7381.64,0.0,0.0,0.0,0.0,0.0,5247.398329404093,0.0,2290.0,0.0
2030-04-16 05:00:00,1297.0,1644.1,7381.64,1083.3516410521988,0.0,0.0,0.0,0.0,5303.887276792565,0.0,2290.0,0.0
2030-04-16 06:00:00,1297.0,1644.1,0.0,0.0,0.0,0.0,0.0,0.0,4673.258173463111,0.0,2290.0,0.0
2030-04-16 07:00:00,122.23228141837613,71.63962282208418,0.0,0.0,0.0,0.0,0.0,0.0,1993.8160064634267,427.8883466364791,2290.0,561.2
2030-04-16 08:00:00,0.0,0.0,0.0,0.0,0.0,0.0,0.0,0.0,0.0,0.0,0.0,0.0
2030-04-16 09:00:00,0.0,0.0,0.0,0.0,0.0,0.0,0.0,0.0,0.0,0.0,0.0,0.0
2030-04-16 10:00:00,0.0,0.0,0.0,652.925743354189,0.0,0.0,0.0,0.0,0.0,0.0,0.0,0.0
2030-04-16 11:00:00,0.0,0.0,0.0,0.0,0.0,0.0,0.0,0.0,0.0,0.0,0.0,0.0
2030-04-16 12:00:00,0.0,0.0,0.0,3199.99,0.0,0.0,0.0,0.0,0.0,0.0,0.0,0.0
2030-04-16 13:00:00,0.0,0.0,0.0,3199.99,0.0,0.0,0.0,0.0,0.0,0.0,0.0,0.0
2030-04-16 14:00:00,0.0,0.0,0.0,0.0,0.0,0.0,0.0,0.0,0.0,0.0,0.0,0.0
2030-04-16 15:00:00,0.0,0.0,0.0,0.0,0.0,0.0,0.0,0.0,0.0,0.0,0.0,0.0
2030-04-16 16:00:00,0.0,0.0,0.0,0.0,0.0,0.0,0.0,0.0,0.0,0.0,0.0,0.0
2030-04-16 17:00:00,0.0,0.0,0.0,0.0,0.0,0.0,0.0,0.0,0.0,0.0,0.0,0.0
2030-04-16 18:00:00,0.0,0.0,0.0,2688.0192000000015,0.0,0.0,0.0,0.0,0.0,0.0,0.0,0.0
2030-04-16 19:00:00,0.0,0.0,0.0,0.0,0.0,0.0,0.0,0.0,0.0,0.0,0.0,0.0
2030-04-16 20:00:00,0.0,0.0,0.0,0.0,0.0,0.0,0.0,0.0,0.0,0.0,0.0,0.0
2030-04-16 21:00:00,0.0,0.0,0.0,0.0,0.0,0.0,0.0,0.0,0.0,0.0,0.0,0.0
2030-04-16 22:00:00,0.0,0.0,0.0,0.0,0.0,0.0,0.0,0.0,0.0,0.0,0.0,0.0
2030-04-16 23:00:00,0.0,0.0,0.0,0.0,0.0,0.0,0.0,0.0,0.0,0.0,0.0,0.0
2030-04-17 00:00:00,0.0,0.0,0.0,0.0,0.0,0.0,0.0,0.0,0.0,0.0,0.0,0.0
2030-04-17 01:00:00,0.0,0.0,0.0,0.0,0.0,0.0,0.0,0.0,0.0,0.0,0.0,0.0
2030-04-17 02:00:00,0.0,0.0,0.0,0.0,0.0,0.0,0.0,0.0,0.0,0.0,0.0,0.0
2030-04-17 03:00:00,0.0,0.0,0.0,0.0,0.0,0.0,0.0,0.0,0.0,0.0,0.0,0.0
2030-04-17 04:00:00,0.0,0.0,0.0,0.0,0.0,0.0,0.0,0.0,0.0,0.0,0.0,0.0
2030-04-17 05:00:00,0.0,0.0,0.0,3199.99,0.0,0.0,0.0,0.0,0.0,0.0,0.0,0.0
2030-04-17 06:00:00,0.0,0.0,0.0,0.0,0.0,0.0,0.0,0.0,0.0,0.0,0.0,0.0
2030-04-17 07:00:00,0.0,0.0,0.0,0.0,0.0,0.0,0.0,0.0,0.0,0.0,0.0,0.0
2030-04-17 08:00:00,0.0,0.0,0.0,0.0,0.0,0.0,0.0,0.0,0.0,0.0,0.0,0.0
2030-04-17 09:00:00,0.0,0.0,0.0,0.0,0.0,0.0,0.0,0.0,0.0,0.0,0.0,0.0
2030-04-17 10:00:00,0.0,0.0,0.0,0.0,0.0,0.0,0.0,0.0,0.0,0.0,0.0,0.0
2030-04-17 11:00:00,0.0,0.0,0.0,0.0,0.0,0.0,0.0,0.0,0.0,0.0,0.0,0.0
2030-04-17 12:00:00,0.0,0.0,0.0,0.0,0.0,0.0,0.0,0.0,0.0,0.0,0.0,0.0
2030-04-17 13:00:00,0.0,0.0,0.0,3199.99,0.0,0.0,0.0,0.0,0.0,0.0,0.0,0.0
2030-04-17 14:00:00,0.0,0.0,0.0,1745.8869439999996,0.0,0.0,0.0,0.0,0.0,0.0,0.0,0.0
2030-04-17 15:00:00,0.0,0.0,0.0,0.0,0.0,0.0,0.0,0.0,0.0,0.0,0.0,0.0
2030-04-17 16:00:00,0.0,0.0,0.0,0.0,0.0,0.0,0.0,0.0,0.0,0.0,0.0,0.0
2030-04-17 17:00:00,1297.0,1644.1,0.0,0.0,0.0,0.0,0.0,0.0,4088.5493761189127,0.0,0.0,0.0
2030-04-17 18:00:00,1297.0,1644.1,7381.64,0.0,0.0,0.0,0.0,53.56849116118974,5323.788663831665,0.0,0.0,0.0
2030-04-17 19:00:00,1297.0,1644.1,7381.64,0.0,0.0,0.0,0.0,0.0,5265.654018405277,0.0,0.0,0.0
2030-04-17 20:00:00,1297.0,1644.1,7381.64,0.0,0.0,0.0,0.0,0.0,4498.734520821599,0.0,715.0191455607765,0.0
2030-04-17 21:00:00,1297.0,1644.1,7381.64,0.0,2028.136761656111,0.0,0.0,0.0,4957.275233704221,0.0,0.0,0.0
2030-04-17 22:00:00,1297.0,1644.1,7381.64,0.0,3904.1188419821992,0.0,0.0,0.0,2799.2485571338734,0.0,2290.0,0.0
2030-04-17 23:00:00,1297.0,1644.1,7381.64,0.0,2273.7197206951096,0.0,0.0,0.0,2771.9825152922817,0.0,2290.0,0.0
2030-04-18 00:00:00,1297.0,1644.1,7381.64,0.0,2809.1254951389874,0.0,0.0,439.39571779728965,3458.6176768034175,0.0,2290.0,0.0
2030-04-18 01:00:00,1297.0,1644.1,7381.64,0.0,0.0,0.0,0.0,425.40428220271133,2282.1588525012135,1323.6928693211796,2290.0,0.0
2030-04-18 02:00:00,1297.0,1644.1,7381.64,0.0,0.0,0.0,0.0,0.0,3628.9406841456093,0.0,2290.0,0.0
2030-04-18 03:00:00,1297.0,1644.1,7381.64,0.0,0.0,0.0,0.0,0.0,4284.370407692151,0.0,2290.0,0.0
2030-04-18 04:00:00,1297.0,1644.1,7381.64,3199.99,0.0,0.0,0.0,0.0,4987.99584122854,0.0,2290.0,0.0
2030-04-18 05:00:00,1297.0,1644.1,7381.64,2688.0192000000015,0.0,0.0,0.0,0.0,2396.0493858713626,2070.0,2290.0,561.2
2030-04-18 06:00:00,1297.0,1644.1,7381.64,0.0,0.0,0.0,0.0,0.0,1599.9495387033876,2070.0,2290.0,0.0
2030-04-18 07:00:00,485.9817337360547,0.0,0.0,0.0,0.0,0.0,0.0,0.0,0.0,0.0,0.0,0.0
2030-04-18 08:00:00,0.0,0.0,0.0,0.0,0.0,0.0,0.0,0.0,0.0,0.0,0.0,0.0
2030-04-18 09:00:00,0.0,0.0,0.0,0.0,0.0,0.0,0.0,0.0,0.0,0.0,0.0,0.0
2030-04-18 10:00:00,0.0,0.0,0.0,0.0,0.0,0.0,0.0,0.0,0.0,0.0,0.0,0.0
2030-04-18 11:00:00,0.0,0.0,0.0,0.0,0.0,0.0,0.0,0.0,0.0,0.0,0.0,0.0
2030-04-18 12:00:00,0.0,0.0,0.0,0.0,0.0,0.0,0.0,0.0,0.0,0.0,0.0,0.0
2030-04-18 13:00:00,0.0,0.0,0.0,0.0,0.0,0.0,0.0,0.0,0.0,0.0,0.0,0.0
2030-04-18 14:00:00,0.0,0.0,0.0,0.0,0.0,0.0,0.0,0.0,0.0,0.0,0.0,0.0
2030-04-18 15:00:00,0.0,0.0,0.0,0.0,0.0,0.0,0.0,0.0,0.0,0.0,0.0,0.0
2030-04-18 16:00:00,360.6648058865517,0.0,0.0,0.0,0.0,0.0,0.0,0.0,0.0,0.0,0.0,0.0
2030-04-18 17:00:00,1297.0,1644.1,7381.64,0.0,0.0,0.0,0.0,0.0,4532.512007977509,0.0,0.0,0.0
2030-04-18 18:00:00,1297.0,1644.1,7381.64,3199.99,0.0,0.0,0.0,0.0,4534.804492810665,1283.6650399094374,0.0,0.0
2030-04-18 19:00:00,1297.0,1644.1,7381.64,2688.0192000000015,0.0,0.0,0.0,0.0,5084.73021997847,106.97208665911978,0.0,561.2
2030-04-18 20:00:00,1297.0,809.8329022195344,0.0,0.0,0.0,0.0,0.0,0.0,1439.57910501101,106.97208665911978,0.0,0.0
2030-04-18 21:00:00,0.0,0.0,0.0,0.0,0.0,0.0,0.0,0.0,0.0,0.0,0.0,0.0
2030-04-18 22:00:00,0.0,0.0,0.0,0.0,0.0,0.0,0.0,0.0,0.0,0.0,0.0,0.0
2030-04-18 23:00:00,0.0,0.0,0.0,0.0,0.0,0.0,0.0,0.0,0.0,0.0,0.0,0.0
2030-04-19 00:00:00,0.0,0.0,0.0,0.0,0.0,0.0,0.0,0.0,0.0,0.0,0.0,0.0
2030-04-19 01:00:00,0.0,0.0,0.0,0.0,0.0,0.0,0.0,0.0,0.0,0.0,0.0,0.0
2030-04-19 02:00:00,0.0,0.0,0.0,0.0,0.0,0.0,0.0,0.0,0.0,0.0,0.0,0.0
2030-04-19 03:00:00,0.0,0.0,0.0,0.0,0.0,0.0,0.0,0.0,0.0,0.0,0.0,0.0
2030-04-19 04:00:00,1297.0,0.0,0.0,1224.2779997687762,0.0,0.0,0.0,0.0,2823.391515969817,0.0,0.0,0.0
2030-04-19 05:00:00,1297.0,437.70926660509576,0.0,3199.99,0.0,0.0,0.0,0.0,6383.67396529733,0.0,0.0,561.2
2030-04-19 06:00:00,0.0,0.0,0.0,1463.7412002312249,0.0,0.0,0.0,0.0,0.0,0.0,0.0,0.0
2030-04-19 07:00:00,0.0,0.0,0.0,0.0,0.0,0.0,0.0,0.0,0.0,0.0,0.0,0.0
2030-04-19 08:00:00,0.0,0.0,0.0,0.0,0.0,0.0,0.0,0.0,0.0,0.0,0.0,0.0
2030-04-19 09:00:00,0.0,0.0,0.0,2237.405407999999,0.0,0.0,0.0,0.0,0.0,0.0,0.0,0.0
2030-04-19 10:00:00,0.0,0.0,0.0,0.0,0.0,0.0,0.0,0.0,0.0,0.0,0.0,0.0
2030-04-19 11:00:00,0.0,0.0,0.0,0.0,0.0,0.0,0.0,0.0,0.0,0.0,0.0,0.0
2030-04-19 12:00:00,0.0,0.0,0.0,0.0,0.0,0.0,0.0,0.0,0.0,0.0,0.0,0.0
2030-04-19 13:00:00,0.0,0.0,0.0,3199.99,0.0,0.0,0.0,0.0,0.0,0.0,0.0,0.0
2030-04-19 14:00:00,0.0,0.0,0.0,0.0,0.0,0.0,0.0,0.0,0.0,0.0,0.0,0.0
2030-04-19 15:00:00,0.0,0.0,0.0,0.0,0.0,0.0,0.0,0.0,0.0,0.0,0.0,0.0
2030-04-19 16:00:00,0.0,0.0,0.0,0.0,0.0,0.0,0.0,0.0,0.0,0.0,0.0,0.0
2030-04-19 17:00:00,1297.0,1644.1,6617.069809626035,2688.0192000000015,0.0,0.0,0.0,0.0,4327.7811062134115,0.0,0.0,0.0
2030-04-19 18:00:00,1297.0,1644.1,7381.64,3199.99,0.0,0.0,0.0,0.0,5540.974838602999,0.0,0.0,0.0
2030-04-19 19:00:00,1297.0,1073.8865293337876,0.0,0.0,0.0,0.0,0.0,0.0,4855.441620138327,0.0,0.0,561.2
2030-04-19 20:00:00,0.0,0.0,0.0,0.0,0.0,0.0,0.0,0.0,0.0,0.0,0.0,0.0
2030-04-19 21:00:00,0.0,0.0,0.0,0.0,0.0,0.0,0.0,0.0,0.0,0.0,0.0,0.0
2030-04-19 22:00:00,0.0,0.0,0.0,2847.8994031787106,0.0,0.0,0.0,0.0,0.0,0.0,0.0,0.0
2030-04-19 23:00:00,0.0,0.0,0.0,1482.0867149488522,0.0,0.0,0.0,0.0,0.0,0.0,0.0,0.0
2030-04-20 00:00:00,0.0,0.0,0.0,0.0,0.0,0.0,0.0,0.0,0.0,0.0,0.0,0.0
2030-04-20 01:00:00,0.0,0.0,0.0,0.0,0.0,0.0,0.0,0.0,0.0,0.0,0.0,0.0
2030-04-20 02:00:00,0.0,0.0,0.0,0.0,0.0,0.0,0.0,0.0,0.0,0.0,0.0,0.0
2030-04-20 03:00:00,0.0,0.0,0.0,0.0,0.0,0.0,0.0,0.0,0.0,0.0,0.0,0.0
2030-04-20 04:00:00,1297.0,1191.586469481123,0.0,2688.0192000000015,0.0,0.0,0.0,0.0,0.0,0.0,0.0,0.0
2030-04-20 05:00:00,1297.0,1387.0662578910535,0.0,3199.99,0.0,0.0,0.0,0.0,3992.0932724772383,0.0,0.0,561.2
2030-04-20 06:00:00,0.0,0.0,0.0,0.0,0.0,0.0,0.0,0.0,0.0,0.0,0.0,0.0
2030-04-20 07:00:00,0.0,0.0,0.0,0.0,0.0,0.0,0.0,0.0,0.0,0.0,0.0,0.0
2030-04-20 08:00:00,0.0,0.0,0.0,0.0,0.0,0.0,0.0,0.0,0.0,0.0,0.0,0.0
2030-04-20 09:00:00,0.0,0.0,0.0,0.0,0.0,0.0,0.0,0.0,0.0,0.0,0.0,0.0
2030-04-20 10:00:00,0.0,0.0,0.0,0.0,0.0,0.0,0.0,0.0,0.0,0.0,0.0,0.0
2030-04-20 11:00:00,0.0,0.0,0.0,2237.405407999999,0.0,0.0,0.0,0.0,0.0,0.0,0.0,0.0
2030-04-20 12:00:00,0.0,0.0,0.0,0.0,0.0,0.0,0.0,0.0,0.0,0.0,0.0,0.0
2030-04-20 13:00:00,0.0,0.0,0.0,0.0,0.0,0.0,0.0,0.0,0.0,0.0,0.0,0.0
2030-04-20 14:00:00,0.0,0.0,0.0,0.0,0.0,0.0,0.0,0.0,0.0,0.0,0.0,0.0
2030-04-20 15:00:00,0.0,0.0,0.0,0.0,0.0,0.0,0.0,0.0,0.0,0.0,0.0,0.0
2030-04-20 16:00:00,1297.0,1644.1,3475.850376205546,0.0,0.0,0.0,0.0,0.0,2790.9668698664236,0.0,0.0,0.0
2030-04-20 17:00:00,1297.0,1644.1,7381.64,0.0,0.0,0.0,0.0,0.0,4241.195954066482,0.0,0.0,0.0
2030-04-20 18:00:00,1297.0,1644.1,7381.64,0.0,0.0,0.0,0.0,0.0,3189.6155336985657,0.0,2290.0,0.0
2030-04-20 19:00:00,1297.0,1644.1,7381.64,3199.99,0.0,0.0,0.0,0.0,5442.078785218168,0.0,0.0,0.0
2030-04-20 20:00:00,1297.0,1644.1,7381.64,2688.0192000000015,0.0,0.0,0.0,0.0,5145.199110499587,0.0,208.74468862617414,0.0
2030-04-20 21:00:00,1297.0,1644.1,7381.64,0.0,0.0,0.0,0.0,0.0,2758.0232635713846,0.0,2290.0,0.0
2030-04-20 22:00:00,1297.0,1644.1,7381.64,0.0,0.0,0.0,0.0,0.0,848.9855711012128,2070.0,2290.0,0.0
2030-04-20 23:00:00,1297.0,1644.1,7381.64,0.0,0.0,0.0,0.0,0.0,2870.754850722133,0.0,2290.0,0.0
2030-04-21 00:00:00,1297.0,1644.1,7381.64,0.0,0.0,0.0,0.0,0.0,655.0622897211315,2070.0,2290.0,0.0
2030-04-21 01:00:00,1297.0,1644.1,7381.64,685.1700916336522,0.0,0.0,0.0,0.0,2746.1438994306213,0.0,2290.0,0.0
2030-04-21 02:00:00,1297.0,1644.1,7381.64,3199.99,0.0,0.0,0.0,0.0,1147.7224929410963,1509.0654927225553,2290.0,0.0
2030-04-21 03:00:00,1297.0,1644.1,7381.64,0.0,0.0,0.0,0.0,0.0,558.5324331157206,2070.0,2290.0,0.0
2030-04-21 04:00:00,1297.0,1644.1,7381.64,0.0,0.0,0.0,0.0,0.0,2048.865930458957,0.0,2290.0,561.2
2030-04-21 05:00:00,1297.0,1644.1,7381.64,2002.8491083663491,0.0,0.0,0.0,0.0,921.0176637170041,1426.6820365091558,2290.0,0.0
2030-04-21 06:00:00,1297.0,1644.1,7381.64,0.0,0.0,0.0,0.0,0.0,1306.357454251232,106.97208665911978,2290.0,0.0
2030-04-21 07:00:00,0.0,0.0,0.0,0.0,0.0,0.0,0.0,0.0,0.0,0.0,0.0,0.0
2030-04-21 08:00:00,0.0,0.0,0.0,0.0,0.0,0.0,0.0,0.0,0.0,0.0,0.0,0.0
2030-04-21 09:00:00,0.0,0.0,0.0,0.0,0.0,0.0,0.0,0.0,0.0,0.0,0.0,0.0
2030-04-21 10:00:00,0.0,0.0,0.0,3199.99,0.0,0.0,0.0,0.0,0.0,0.0,0.0,0.0
2030-04-21 11:00:00,0.0,0.0,0.0,2216.9530720000007,0.0,0.0,0.0,0.0,0.0,0.0,0.0,0.0
2030-04-21 12:00:00,0.0,0.0,0.0,0.0,0.0,0.0,0.0,0.0,0.0,0.0,0.0,0.0
2030-04-21 13:00:00,0.0,0.0,0.0,0.0,0.0,0.0,0.0,0.0,0.0,0.0,0.0,0.0
2030-04-21 14:00:00,0.0,0.0,0.0,0.0,0.0,0.0,0.0,0.0,0.0,0.0,0.0,0.0
2030-04-21 15:00:00,0.0,0.0,0.0,0.0,0.0,0.0,0.0,0.0,0.0,0.0,0.0,0.0
2030-04-21 16:00:00,1297.0,1644.1,5268.716315872827,0.0,0.0,0.0,0.0,0.0,1635.1389343504156,0.0,0.0,0.0
2030-04-21 17:00:00,1297.0,1644.1,7381.64,3199.99,0.0,0.0,0.0,0.0,1671.0728708361762,0.0,2290.0,0.0
2030-04-21 18:00:00,1297.0,1644.1,7381.64,0.0,0.0,0.0,0.0,0.0,962.2586100619556,2070.0,2290.0,0.0
2030-04-21 19:00:00,1297.0,1644.1,7381.64,970.2305626083462,0.0,0.0,0.0,0.0,668.6104655545289,2070.0,2290.0,0.0
2030-04-21 20:00:00,1297.0,1644.1,7381.64,0.0,0.0,0.0,0.0,0.0,415.82844938110793,2070.0,2290.0,0.0
2030-04-21 21:00:00,1297.0,1644.1,7381.64,1717.7886373916554,0.0,0.0,0.0,0.0,2358.0492326297913,0.0,2290.0,0.0
2030-04-21 22:00:00,1297.0,1644.1,7381.64,0.0,0.0,0.0,0.0,0.0,2420.967212798229,0.0,2290.0,0.0
2030-04-21 23:00:00,1297.0,1644.1,7381.64,0.0,0.0,0.0,0.0,0.0,2303.2760893943205,0.0,2290.0,0.0
2030-04-22 00:00:00,1297.0,1644.1,7381.64,0.0,0.0,0.0,0.0,0.0,3235.1010614789666,0.0,2290.0,0.0
2030-04-22 01:00:00,1297.0,424.9848265317414,7381.64,0.0,0.0,0.0,0.0,0.0,3320.717270901565,0.0,2290.0,0.0
2030-04-22 02:00:00,551.8924362052561,545.1790202546799,4474.599414803339,0.0,0.0,0.0,0.0,0.0,2071.9976447680106,641.8325199547187,2290.0,561.2
2030-04-22 03:00:00,0.0,0.0,4025.268417439962,0.0,0.0,0.0,0.0,0.0,3589.640560605634,0.0,2290.0,0.0
2030-04-22 04:00:00,0.0,0.0,2767.5237191845154,0.0,0.0,0.0,0.0,0.0,3606.3980834905615,213.94417331823956,2290.0,0.0
2030-04-22 05:00:00,0.0,0.0,0.0,0.0,0.0,0.0,0.0,0.0,1113.687558984118,106.97208665911978,1590.5350534165063,0.0
2030-04-22 06:00:00,0.0,0.0,0.0,0.0,0.0,0.0,0.0,0.0,0.0,0.0,0.0,0.0
2030-04-22 07:00:00,0.0,0.0,0.0,0.0,0.0,0.0,0.0,0.0,0.0,0.0,0.0,0.0
2030-04-22 08:00:00,0.0,0.0,0.0,0.0,0.0,0.0,0.0,0.0,0.0,0.0,0.0,0.0
2030-04-22 09:00:00,0.0,0.0,0.0,3199.99,0.0,0.0,0.0,0.0,0.0,0.0,0.0,0.0
2030-04-22 10:00:00,0.0,0.0,0.0,0.0,0.0,0.0,0.0,0.0,0.0,0.0,0.0,0.0
2030-04-22 11:00:00,0.0,0.0,0.0,0.0,0.0,0.0,0.0,0.0,0.0,0.0,0.0,0.0
2030-04-22 12:00:00,0.0,0.0,0.0,0.0,0.0,0.0,0.0,0.0,0.0,0.0,0.0,0.0
2030-04-22 13:00:00,0.0,0.0,0.0,0.0,0.0,0.0,0.0,0.0,0.0,0.0,0.0,0.0
2030-04-22 14:00:00,0.0,0.0,0.0,0.0,0.0,0.0,0.0,0.0,0.0,0.0,0.0,0.0
2030-04-22 15:00:00,0.0,0.0,0.0,0.0,0.0,0.0,0.0,0.0,0.0,0.0,0.0,0.0
2030-04-22 16:00:00,0.0,0.0,0.0,0.0,0.0,0.0,0.0,0.0,0.0,0.0,0.0,0.0
2030-04-22 17:00:00,1297.0,1644.1,7381.64,0.0,0.0,0.0,0.0,0.0,2046.4102579811106,0.0,2290.0,0.0
2030-04-22 18:00:00,1297.0,1644.1,7381.64,3199.99,0.0,0.0,0.0,0.0,3129.0173325039586,0.0,2290.0,0.0
2030-04-22 19:00:00,1297.0,1644.1,7381.64,611.9346970965953,0.0,0.0,0.0,0.0,3022.5054159641913,0.0,2290.0,0.0
2030-04-22 20:00:00,1297.0,1644.1,7381.64,2076.0845029034062,0.0,0.0,0.0,0.0,2901.2882338660083,0.0,2290.0,0.0
2030-04-22 21:00:00,1297.0,1644.1,7381.64,0.0,0.0,0.0,0.0,0.0,631.2825561950901,2070.0,2290.0,0.0
2030-04-22 22:00:00,1297.0,0.0,7381.64,0.0,0.0,0.0,0.0,0.0,2835.4481190631473,0.0,2290.0,0.0
2030-04-22 23:00:00,0.0,0.0,7098.766557929666,0.0,0.0,0.0,0.0,0.0,2750.6136707092596,0.0,2290.0,0.0
2030-04-23 00:00:00,1297.0,0.0,7381.64,0.0,0.0,0.0,0.0,0.0,578.830230413329,2070.0,2290.0,0.0
2030-04-23 01:00:00,67.5748462306749,0.0,7381.64,0.0,0.0,0.0,0.0,0.0,715.6211093336724,2070.0,2290.0,0.0
2030-04-23 02:00:00,0.0,0.0,7381.64,0.0,0.0,0.0,0.0,0.0,2782.6108065629865,0.0,2290.0,0.0
2030-04-23 03:00:00,1297.0,703.7237541162758,7381.64,0.0,0.0,0.0,0.0,0.0,3259.696209819257,103.60701265956416,2290.0,0.0
2030-04-23 04:00:00,1297.0,1644.1,7381.64,3199.99,0.0,0.0,0.0,0.0,4045.6673466958255,0.0,2290.0,0.0
2030-04-23 05:00:00,1297.0,1644.1,7381.64,2688.0192000000015,0.0,0.0,0.0,0.0,4088.5732639128973,0.0,2290.0,0.0
2030-04-23 06:00:00,1297.0,256.40351925809955,7381.64,0.0,0.0,0.0,0.0,0.0,1617.0199634749538,674.4832600246809,2290.0,561.2
2030-04-23 07:00:00,0.0,0.0,0.0,0.0,0.0,0.0,0.0,0.0,0.0,0.0,0.0,0.0
2030-04-23 08:00:00,0.0,0.0,0.0,0.0,0.0,0.0,0.0,0.0,0.0,0.0,0.0,0.0
2030-04-23 09:00:00,0.0,0.0,0.0,0.0,0.0,0.0,0.0,0.0,0.0,0.0,0.0,0.0
2030-04-23 10:00:00,0.0,0.0,0.0,0.0,0.0,0.0,0.0,0.0,0.0,0.0,0.0,0.0
2030-04-23 11:00:00,0.0,0.0,0.0,2237.405407999999,0.0,0.0,0.0,0.0,0.0,0.0,0.0,0.0
2030-04-23 12:00:00,0.0,0.0,0.0,0.0,0.0,0.0,0.0,0.0,0.0,0.0,0.0,0.0
2030-04-23 13:00:00,0.0,0.0,0.0,0.0,0.0,0.0,0.0,0.0,0.0,0.0,0.0,0.0
2030-04-23 14:00:00,0.0,0.0,0.0,0.0,0.0,0.0,0.0,0.0,0.0,0.0,0.0,0.0
2030-04-23 15:00:00,0.0,0.0,0.0,0.0,0.0,0.0,0.0,0.0,0.0,0.0,0.0,0.0
2030-04-23 16:00:00,129.6937322307822,0.0,0.0,0.0,0.0,0.0,0.0,0.0,1540.2393692743722,0.0,0.0,0.0
2030-04-23 17:00:00,1297.0,1644.1,7381.64,2778.4248133020847,0.0,0.0,0.0,0.0,3741.8343893841893,0.0,0.0,0.0
2030-04-23 18:00:00,1297.0,1644.1,7381.64,3109.5843866979167,0.0,0.0,0.0,0.0,5152.459824405094,0.0,0.0,0.0
2030-04-23 19:00:00,1297.0,1644.1,7381.64,0.0,0.0,0.0,0.0,0.0,2722.4896460226328,0.0,2290.0,0.0
2030-04-23 20:00:00,1297.0,1644.1,7381.64,0.0,0.0,0.0,0.0,0.0,2570.262155397878,0.0,2290.0,0.0
2030-04-23 21:00:00,1297.0,1644.1,7381.64,0.0,239.89557310433156,0.0,0.0,470.0000000000005,2873.3519726954178,0.0,1704.4077681632446,0.0
2030-04-23 22:00:00,1129.1157599274213,0.0,7381.64,0.0,0.0,0.0,0.0,0.0,2366.088472563788,0.0,2290.0,0.0
2030-04-23 23:00:00,0.0,0.0,2782.849037365485,0.0,0.0,0.0,0.0,0.0,2318.4938037864185,0.0,2290.0,0.0
2030-04-24 00:00:00,0.0,0.0,0.0,0.0,1088.2594617724972,0.0,0.0,470.0000000000005,3100.152633086317,0.0,2290.0,0.0
2030-04-24 01:00:00,0.0,0.0,1648.5858039911109,0.0,0.0,0.0,0.0,0.0,3216.2538129394816,0.0,2290.0,0.0
2030-04-24 02:00:00,0.0,0.0,7381.64,0.0,0.0,0.0,0.0,0.0,1129.2515586945588,2070.0,2290.0,0.0
2030-04-24 03:00:00,1297.0,1644.1,7381.64,0.0,0.0,0.0,0.0,0.0,1543.6851758342843,1713.4076819402028,2290.0,561.2
2030-04-24 04:00:00,1297.0,1644.1,7381.64,3199.99,0.0,0.0,0.0,0.0,2453.732446736151,2070.0,2290.0,0.0
2030-04-24 05:00:00,1297.0,1644.1,7381.64,2688.0192000000015,0.0,0.0,0.0,0.0,2463.163899103357,2070.0,2290.0,0.0
2030-04-24 06:00:00,1297.0,1644.1,7381.64,0.0,0.0,0.0,0.0,0.0,1617.0199634749538,1712.467299162884,2290.0,0.0
2030-04-24 07:00:00,0.0,0.0,0.0,0.0,0.0,0.0,0.0,0.0,0.0,0.0,0.0,0.0
2030-04-24 08:00:00,0.0,0.0,0.0,0.0,0.0,0.0,0.0,0.0,0.0,0.0,0.0,0.0
2030-04-24 09:00:00,0.0,0.0,0.0,0.0,0.0,0.0,0.0,0.0,0.0,0.0,0.0,0.0
2030-04-24 10:00:00,0.0,0.0,0.0,3199.99,0.0,0.0,0.0,0.0,0.0,0.0,0.0,0.0
2030-04-24 11:00:00,0.0,0.0,0.0,0.0,0.0,0.0,0.0,0.0,0.0,0.0,0.0,0.0
2030-04-24 12:00:00,0.0,0.0,0.0,3199.99,0.0,0.0,0.0,0.0,0.0,0.0,0.0,0.0
2030-04-24 13:00:00,0.0,0.0,0.0,0.0,0.0,0.0,0.0,0.0,0.0,0.0,0.0,0.0
2030-04-24 14:00:00,0.0,0.0,0.0,0.0,0.0,0.0,0.0,0.0,0.0,0.0,0.0,0.0
2030-04-24 15:00:00,0.0,0.0,0.0,0.0,0.0,0.0,0.0,0.0,0.0,0.0,0.0,0.0
2030-04-24 16:00:00,1297.0,1644.1,7381.64,0.0,0.0,0.0,0.0,0.0,1277.9247101466053,2070.0,0.0,0.0
2030-04-24 17:00:00,1297.0,1644.1,7381.64,3199.99,0.0,0.0,0.0,0.0,4576.449484197156,0.0,0.0,0.0
2030-04-24 18:00:00,1297.0,1644.1,7381.64,0.0,0.0,0.0,0.0,0.0,3785.161956880801,0.0,1632.6207716392769,0.0
2030-04-24 19:00:00,1297.0,1644.1,7381.64,2688.0192000000015,0.0,0.0,0.0,0.0,3028.6542333501648,0.0,2290.0,0.0
2030-04-24 20:00:00,1297.0,1644.1,7381.64,0.0,0.0,0.0,0.0,0.0,2930.421719529146,0.0,2290.0,0.0
2030-04-24 21:00:00,1297.0,1644.1,7381.64,0.0,0.0,0.0,0.0,0.0,2638.8709778212324,0.0,2290.0,0.0
2030-04-24 22:00:00,1297.0,390.9050863174489,7381.64,0.0,0.0,0.0,0.0,0.0,1070.4169108351148,1681.1409374909165,2290.0,0.0
2030-04-24 23:00:00,0.0,0.0,4372.637671353397,0.0,0.0,0.0,0.0,0.0,2685.0560285040633,0.0,2290.0,0.0
2030-04-25 00:00:00,0.0,0.0,892.1992937334899,0.0,0.0,0.0,0.0,0.0,265.8162594924645,2070.0,2290.0,0.0
2030-04-25 01:00:00,0.0,0.0,0.0,0.0,0.0,0.0,0.0,0.0,2320.2425663389463,155.61805453684903,2290.0,0.0
2030-04-25 02:00:00,0.0,0.0,4750.797088771964,0.0,0.0,0.0,0.0,0.0,2490.1814746404493,0.0,2290.0,0.0
2030-04-25 03:00:00,0.0,0.0,7381.64,0.0,0.0,0.0,0.0,0.0,3114.1102723464346,0.0,2290.0,0.0
2030-04-25 04:00:00,1297.0,1644.1,7381.64,3199.99,0.0,0.0,0.0,0.0,3789.296714172534,0.0,2290.0,0.0
2030-04-25 05:00:00,1297.0,1644.1,7381.64,2688.0192000000015,0.0,0.0,0.0,0.0,3167.4806715285977,622.4722181473961,2290.0,0.0
2030-04-25 06:00:00,1297.0,1644.1,7381.64,0.0,0.0,0.0,0.0,0.0,1668.3951436151815,155.61805453684903,2290.0,561.2
2030-04-25 07:00:00,171.4837935866291,71.38615707903055,729.3776999390284,0.0,0.0,0.0,0.0,0.0,1617.0199634749538,155.61805453684903,1070.4550293047755,0.0
2030-04-25 08:00:00,0.0,0.0,0.0,0.0,0.0,0.0,0.0,0.0,1617.0199634749538,0.0,0.0,0.0
2030-04-25 09:00:00,0.0,0.0,0.0,0.0,0.0,0.0,0.0,0.0,0.0,0.0,0.0,0.0
2030-04-25 10:00:00,0.0,0.0,0.0,0.0,0.0,0.0,0.0,0.0,595.2486682046789,0.0,0.0,0.0
2030-04-25 11:00:00,0.0,0.0,0.0,0.0,0.0,0.0,0.0,0.0,0.0,0.0,0.0,0.0
2030-04-25 12:00:00,0.0,0.0,0.0,0.0,0.0,0.0,0.0,0.0,0.0,0.0,0.0,0.0
2030-04-25 13:00:00,0.0,0.0,0.0,0.0,0.0,0.0,0.0,0.0,0.0,0.0,0.0,0.0
2030-04-25 14:00:00,0.0,0.0,0.0,0.0,0.0,0.0,0.0,0.0,0.0,0.0,0.0,0.0
2030-04-25 15:00:00,0.0,0.0,0.0,0.0,0.0,0.0,0.0,0.0,0.0,0.0,0.0,0.0
2030-04-25 16:00:00,0.0,0.0,0.0,0.0,0.0,0.0,0.0,0.0,0.0,0.0,0.0,0.0
2030-04-25 17:00:00,1297.0,973.3972020273962,7149.992310731555,0.0,0.0,0.0,0.0,0.0,3217.7525831931343,0.0,0.0,0.0
2030-04-25 18:00:00,1297.0,1644.1,7381.64,486.2200711351606,0.0,0.0,0.0,0.0,4414.435689240324,0.0,0.0,0.0
2030-04-25 19:00:00,1297.0,1644.1,7381.64,3199.99,0.0,0.0,0.0,0.0,4365.390943288747,0.0,0.0,0.0
2030-04-25 20:00:00,1297.0,1644.1,7381.64,2201.799128864841,0.0,0.0,0.0,0.0,2243.1847519802013,2023.0347089790378,0.0,0.0
2030-04-25 21:00:00,0.0,0.0,5016.9147175256585,0.0,0.0,0.0,0.0,0.0,4007.9933902807425,0.0,0.0,0.0
2030-04-25 22:00:00,785.2006213197794,142.7723141580611,3306.9838680676357,0.0,0.0,0.0,0.0,0.0,3794.2734624615246,311.23610907369806,0.0,45.71989872695699
2030-04-25 23:00:00,0.0,0.0,0.0,0.0,0.0,0.0,0.0,0.0,1617.0199634749538,155.61805453684903,0.0,0.0
2030-04-26 00:00:00,0.0,0.0,0.0,0.0,0.0,0.0,0.0,0.0,352.2366150875031,0.0,0.0,0.0
2030-04-26 01:00:00,0.0,0.0,0.0,0.0,0.0,0.0,0.0,0.0,0.0,0.0,0.0,0.0
2030-04-26 02:00:00,0.0,0.0,0.0,0.0,0.0,0.0,0.0,0.0,0.0,0.0,0.0,0.0
2030-04-26 03:00:00,0.0,0.0,0.0,0.0,0.0,0.0,0.0,0.0,0.0,0.0,0.0,0.0
2030-04-26 04:00:00,1028.9027615197747,0.0,116.14543105356279,2688.0192000000015,0.0,0.0,0.0,0.0,5095.574240432518,0.0,0.0,0.0
2030-04-26 05:00:00,171.4837935866291,499.7030995532139,2624.1365644577672,3199.99,0.0,0.0,0.0,0.0,4254.308925329702,933.7083272210942,0.0,0.0
2030-04-26 06:00:00,0.0,0.0,0.0,0.0,0.0,0.0,0.0,0.0,1617.0199634749538,155.61805453684903,0.0,0.0
2030-04-26 07:00:00,0.0,0.0,0.0,0.0,0.0,0.0,0.0,0.0,0.0,0.0,0.0,0.0
2030-04-26 08:00:00,0.0,0.0,0.0,0.0,0.0,0.0,0.0,0.0,0.0,0.0,0.0,0.0
2030-04-26 09:00:00,0.0,0.0,0.0,0.0,0.0,0.0,0.0,0.0,0.0,0.0,0.0,0.0
2030-04-26 10:00:00,0.0,0.0,0.0,0.0,0.0,0.0,0.0,0.0,0.0,0.0,0.0,0.0
2030-04-26 11:00:00,0.0,0.0,0.0,0.0,0.0,0.0,0.0,0.0,0.0,0.0,0.0,0.0
2030-04-26 12:00:00,0.0,0.0,0.0,0.0,0.0,0.0,0.0,0.0,0.0,0.0,0.0,0.0
2030-04-26 13:00:00,0.0,0.0,0.0,0.0,0.0,0.0,0.0,0.0,0.0,0.0,0.0,0.0
2030-04-26 14:00:00,0.0,0.0,0.0,0.0,0.0,0.0,0.0,0.0,0.0,0.0,0.0,0.0
2030-04-26 15:00:00,0.0,0.0,0.0,0.0,0.0,0.0,0.0,0.0,0.0,0.0,0.0,0.0
2030-04-26 16:00:00,0.0,0.0,0.0,0.0,0.0,0.0,0.0,0.0,2326.1280813562325,1556.1805453684904,2290.0,0.0
2030-04-26 17:00:00,0.0,0.0,0.0,2688.0192000000015,0.0,0.0,0.0,0.0,7641.728697212117,155.61805453684903,715.6604472842037,0.0
2030-04-26 18:00:00,1297.0,1644.1,1599.621505333198,3199.99,0.0,0.0,0.0,0.0,7135.569197322807,155.61805453684903,2290.0,0.0
2030-04-26 19:00:00,0.0,0.0,0.0,0.0,0.0,0.0,0.0,0.0,5796.540595724091,155.61805453684903,2290.0,0.0
2030-04-26 20:00:00,0.0,0.0,0.0,0.0,0.0,0.0,0.0,0.0,1617.0199634749538,155.61805453684903,2290.0,561.2
2030-04-26 21:00:00,0.0,0.0,0.0,0.0,0.0,0.0,0.0,0.0,1617.0199634749538,155.61805453684903,1153.4066507007842,0.0
2030-04-26 22:00:00,0.0,0.0,0.0,0.0,0.0,0.0,0.0,0.0,1606.4321702543293,0.0,0.0,0.0
2030-04-26 23:00:00,0.0,0.0,0.0,0.0,0.0,0.0,0.0,0.0,1548.6361930461571,0.0,0.0,0.0
2030-04-27 00:00:00,0.0,0.0,0.0,0.0,0.0,0.0,0.0,0.0,1167.9548098815446,0.0,0.0,0.0
2030-04-27 01:00:00,0.0,0.0,0.0,0.0,0.0,0.0,0.0,0.0,1247.8840406262643,0.0,0.0,0.0
2030-04-27 02:00:00,0.0,0.0,0.0,0.0,0.0,0.0,0.0,0.0,1183.6054707491255,0.0,0.0,0.0
2030-04-27 03:00:00,0.0,0.0,0.0,0.0,0.0,0.0,0.0,0.0,1738.9459250989676,0.0,0.0,0.0
2030-04-27 04:00:00,0.0,0.0,0.0,0.0,0.0,0.0,0.0,0.0,1351.7697673253026,1089.3263817579432,0.0,0.0
2030-04-27 05:00:00,0.0,0.0,0.0,0.0,0.0,0.0,0.0,0.0,2514.003160933775,0.0,0.0,0.0
2030-04-27 06:00:00,0.0,0.0,0.0,0.0,0.0,0.0,0.0,0.0,1237.70659585696,0.0,0.0,0.0
2030-04-27 07:00:00,0.0,0.0,0.0,0.0,0.0,0.0,0.0,0.0,0.0,0.0,0.0,0.0
2030-04-27 08:00:00,0.0,0.0,0.0,0.0,0.0,0.0,0.0,0.0,0.0,0.0,0.0,0.0
2030-04-27 09:00:00,0.0,0.0,0.0,0.0,0.0,0.0,0.0,0.0,0.0,0.0,0.0,0.0
2030-04-27 10:00:00,0.0,0.0,0.0,0.0,0.0,0.0,0.0,0.0,0.0,0.0,0.0,0.0
2030-04-27 11:00:00,0.0,0.0,0.0,0.0,0.0,0.0,0.0,0.0,0.0,0.0,0.0,0.0
2030-04-27 12:00:00,0.0,0.0,0.0,0.0,0.0,0.0,0.0,0.0,0.0,0.0,0.0,0.0
2030-04-27 13:00:00,0.0,0.0,0.0,0.0,0.0,0.0,0.0,0.0,0.0,0.0,0.0,0.0
2030-04-27 14:00:00,0.0,0.0,0.0,0.0,0.0,0.0,0.0,0.0,0.0,0.0,0.0,0.0
2030-04-27 15:00:00,0.0,0.0,0.0,0.0,0.0,0.0,0.0,0.0,0.0,0.0,0.0,0.0
2030-04-27 16:00:00,0.0,0.0,0.0,0.0,0.0,0.0,0.0,0.0,0.0,0.0,0.0,0.0
2030-04-27 17:00:00,0.0,0.0,0.0,0.0,0.0,0.0,0.0,0.0,5530.487061097508,2070.0,0.0,0.0
2030-04-27 18:00:00,0.0,0.0,0.0,3199.99,0.0,0.0,0.0,0.0,8530.0,553.027546946541,0.0,0.0
2030-04-27 19:00:00,0.0,0.0,0.0,1173.9182365920415,0.0,0.0,0.0,0.0,8530.0,480.29145806475645,0.0,0.0
2030-04-27 20:00:00,0.0,0.0,0.0,0.0,0.0,0.0,0.0,0.0,0.0,2070.0,2290.0,0.0
2030-04-27 21:00:00,0.0,0.0,0.0,0.0,0.0,0.0,0.0,0.0,62.010268786780635,0.0,2290.0,561.2
2030-04-27 22:00:00,0.0,0.0,0.0,0.0,0.0,0.0,0.0,0.0,7796.41678397576,0.0,0.0,0.0
2030-04-27 23:00:00,0.0,0.0,0.0,0.0,0.0,0.0,0.0,0.0,0.0,2070.0,2290.0,0.0
2030-04-28 00:00:00,0.0,0.0,0.0,1514.10096340796,0.0,0.0,0.0,0.0,3234.0399269499076,155.61805453684903,129.0065357205131,0.0
2030-04-28 01:00:00,0.0,0.0,0.0,0.0,0.0,0.0,0.0,0.0,1617.0199634749538,155.61805453684903,0.0,0.0
2030-04-28 02:00:00,0.0,0.0,0.0,0.0,0.0,0.0,0.0,0.0,1023.0580314776753,0.0,2290.0,0.0
2030-04-28 03:00:00,0.0,0.0,0.0,0.0,0.0,0.0,0.0,0.0,2210.9818954722323,311.23610907369806,1361.2057947482106,0.0
2030-04-28 04:00:00,0.0,0.0,0.0,0.0,0.0,0.0,0.0,0.0,1617.0199634749538,155.61805453684903,2290.0,0.0
2030-04-28 05:00:00,0.0,0.0,0.0,0.0,0.0,0.0,0.0,0.0,1617.0199634749538,155.61805453684903,1944.4353574287575,0.0
2030-04-28 06:00:00,0.0,0.0,0.0,404.1234148097987,0.0,0.0,0.0,0.0,0.0,0.0,0.0,0.0
2030-04-28 07:00:00,0.0,0.0,0.0,0.0,0.0,0.0,0.0,0.0,0.0,0.0,0.0,0.0
2030-04-28 08:00:00,0.0,0.0,0.0,2237.405407999999,0.0,0.0,0.0,0.0,0.0,0.0,0.0,0.0
2030-04-28 09:00:00,0.0,0.0,0.0,0.0,0.0,0.0,0.0,0.0,0.0,0.0,0.0,0.0
2030-04-28 10:00:00,0.0,0.0,0.0,0.0,0.0,0.0,0.0,0.0,0.0,0.0,0.0,0.0
2030-04-28 11:00:00,0.0,0.0,0.0,0.0,0.0,0.0,0.0,0.0,0.0,0.0,0.0,0.0
2030-04-28 12:00:00,0.0,0.0,0.0,0.0,0.0,0.0,0.0,0.0,0.0,0.0,0.0,0.0
2030-04-28 13:00:00,0.0,0.0,0.0,0.0,0.0,0.0,0.0,0.0,0.0,0.0,0.0,0.0
2030-04-28 14:00:00,0.0,0.0,0.0,2708.471536,0.0,0.0,0.0,0.0,0.0,0.0,0.0,0.0
2030-04-28 15:00:00,0.0,0.0,0.0,0.0,0.0,0.0,0.0,0.0,0.0,0.0,0.0,0.0
2030-04-28 16:00:00,0.0,0.0,0.0,0.0,0.0,0.0,0.0,0.0,5695.231111803052,0.0,0.0,0.0
2030-04-28 17:00:00,1297.0,1644.1,7381.64,0.0,0.0,0.0,0.0,0.0,5694.686020503564,1306.4634793622408,0.0,0.0
2030-04-28 18:00:00,1297.0,1644.1,7381.64,0.0,0.0,0.0,0.0,0.0,7851.02457824424,0.0,0.0,0.0
2030-04-28 19:00:00,1297.0,1644.1,7381.64,2688.0192000000015,0.0,0.0,0.0,0.0,5817.977047950206,2070.0,0.0,0.0
2030-04-28 20:00:00,1297.0,1644.1,7381.64,3199.99,0.0,0.0,0.0,0.0,5787.88499183639,2070.0,0.0,0.0
2030-04-28 21:00:00,1297.0,1644.1,7381.64,0.0,0.0,0.0,0.0,0.0,5467.7292341260045,0.0,2290.0,0.0
2030-04-28 22:00:00,1297.0,1644.1,7381.64,0.0,0.0,0.0,0.0,0.0,1617.0199634749538,2070.0,890.6243823052567,0.0
2030-04-28 23:00:00,1297.0,1644.1,7381.64,0.0,0.0,0.0,0.0,0.0,0.0,1012.2136659115926,2290.0,464.69252353934894
2030-04-29 00:00:00,1297.0,1644.1,7381.64,0.0,0.0,0.0,0.0,0.0,3234.0399269499076,2070.0,929.5293501202042,0.0
2030-04-29 01:00:00,1297.0,1644.1,7381.64,0.0,0.0,0.0,0.0,0.0,1190.106888794925,0.0,2290.0,0.0
2030-04-29 02:00:00,1297.0,1644.1,7381.64,0.0,0.0,0.0,0.0,0.0,2043.9330381549823,2070.0,2290.0,96.5074764606511
2030-04-29 03:00:00,1297.0,0.0,5840.955286165572,0.0,0.0,0.0,0.0,0.0,0.0,0.0,2290.0,0.0
2030-04-29 04:00:00,1297.0,0.0,798.0184151793364,0.0,0.0,0.0,0.0,0.0,3234.0399269499076,311.23610907369806,2290.0,0.0
2030-04-29 05:00:00,0.0,0.0,0.0,0.0,0.0,0.0,0.0,0.0,1617.0199634749538,155.61805453684903,0.0,0.0
2030-04-29 06:00:00,0.0,0.0,0.0,0.0,0.0,0.0,0.0,0.0,0.0,0.0,0.0,0.0
2030-04-29 07:00:00,0.0,0.0,0.0,0.0,0.0,0.0,0.0,0.0,0.0,0.0,0.0,0.0
2030-04-29 08:00:00,0.0,0.0,0.0,0.0,0.0,0.0,0.0,0.0,0.0,0.0,0.0,0.0
2030-04-29 09:00:00,0.0,0.0,0.0,0.0,0.0,0.0,0.0,0.0,0.0,0.0,0.0,0.0
2030-04-29 10:00:00,0.0,0.0,0.0,2708.471536,0.0,0.0,0.0,0.0,0.0,0.0,0.0,0.0
2030-04-29 11:00:00,0.0,0.0,0.0,0.0,0.0,0.0,0.0,0.0,0.0,0.0,0.0,0.0
2030-04-29 12:00:00,0.0,0.0,0.0,0.0,0.0,0.0,0.0,0.0,0.0,0.0,0.0,0.0
2030-04-29 13:00:00,0.0,0.0,0.0,3199.99,0.0,0.0,0.0,0.0,0.0,0.0,0.0,0.0
2030-04-29 14:00:00,0.0,0.0,0.0,0.0,0.0,0.0,0.0,0.0,0.0,0.0,0.0,0.0
2030-04-29 15:00:00,0.0,0.0,0.0,0.0,0.0,0.0,0.0,0.0,0.0,0.0,0.0,0.0
2030-04-29 16:00:00,0.0,0.0,0.0,0.0,0.0,0.0,0.0,0.0,0.0,0.0,0.0,0.0
2030-04-29 17:00:00,0.0,0.0,0.0,2688.0192000000015,0.0,0.0,0.0,0.0,0.0,0.0,0.0,0.0
2030-04-29 18:00:00,0.0,0.0,0.0,3199.99,0.0,0.0,0.0,0.0,816.361057173306,0.0,0.0,0.0
2030-04-29 19:00:00,0.0,0.0,0.0,0.0,0.0,0.0,0.0,0.0,0.0,686.6184610182225,0.0,0.0
2030-04-29 20:00:00,0.0,0.0,0.0,0.0,0.0,0.0,0.0,0.0,0.0,509.26639703080394,0.0,0.0
2030-04-29 21:00:00,0.0,0.0,0.0,0.0,0.0,0.0,0.0,0.0,0.0,327.79565840291946,0.0,0.0
2030-04-29 22:00:00,0.0,0.0,0.0,0.0,0.0,0.0,0.0,0.0,0.0,452.35935907031717,0.0,0.0
2030-04-29 23:00:00,0.0,0.0,0.0,0.0,0.0,0.0,0.0,0.0,0.0,310.43163811683496,0.0,0.0
2030-04-30 00:00:00,0.0,0.0,0.0,0.0,0.0,0.0,0.0,0.0,1033.5185502467248,0.0,0.0,0.0
2030-04-30 01:00:00,0.0,0.0,0.0,0.0,0.0,0.0,0.0,0.0,0.0,1114.4506560136115,0.0,0.0
2030-04-30 02:00:00,0.0,0.0,0.0,2458.263122258839,0.0,0.0,0.0,0.0,1005.936289388959,0.0,0.0,0.0
2030-04-30 03:00:00,0.0,0.0,0.0,0.0,0.0,0.0,0.0,0.0,0.0,1209.0270500601646,0.0,286.83097000159154
2030-04-30 04:00:00,0.0,0.0,0.0,0.0,0.0,0.0,0.0,0.0,74.94847627987905,2070.0,0.0,0.0
2030-04-30 05:00:00,0.0,0.0,0.0,0.0,0.0,0.0,0.0,0.0,2298.8107864135513,0.0,0.0,0.0
2030-04-30 06:00:00,0.0,0.0,0.0,2708.471536,0.0,0.0,0.0,0.0,1696.2837054582221,0.0,0.0,0.0
2030-04-30 07:00:00,0.0,0.0,0.0,0.0,0.0,0.0,0.0,0.0,0.0,0.0,0.0,274.36902999840845
2030-04-30 08:00:00,0.0,0.0,0.0,2708.4715360000005,0.0,0.0,0.0,0.0,0.0,0.0,0.0,0.0
2030-04-30 09:00:00,0.0,0.0,0.0,0.0,0.0,0.0,0.0,0.0,0.0,0.0,0.0,0.0
2030-04-30 10:00:00,0.0,0.0,0.0,0.0,0.0,0.0,0.0,0.0,0.0,0.0,0.0,0.0
2030-04-30 11:00:00,0.0,0.0,0.0,0.0,0.0,0.0,0.0,0.0,0.0,0.0,0.0,0.0
2030-04-30 12:00:00,0.0,0.0,0.0,0.0,0.0,0.0,0.0,0.0,0.0,0.0,0.0,0.0
2030-04-30 13:00:00,0.0,0.0,0.0,0.0,0.0,0.0,0.0,0.0,0.0,0.0,0.0,0.0
2030-04-30 14:00:00,0.0,0.0,0.0,0.0,0.0,0.0,0.0,0.0,0.0,0.0,0.0,0.0
2030-04-30 15:00:00,0.0,0.0,0.0,0.0,0.0,0.0,0.0,0.0,0.0,0.0,0.0,0.0
2030-04-30 16:00:00,0.0,0.0,0.0,0.0,0.0,0.0,0.0,0.0,4553.623092042,0.0,0.0,0.0
2030-04-30 17:00:00,0.0,0.0,0.0,0.0,0.0,0.0,0.0,0.0,5862.910411571169,2070.0,0.0,0.0
2030-04-30 18:00:00,1297.0,0.0,3896.9215782016436,3199.99,0.0,0.0,0.0,0.0,6890.894484125784,2070.0,0.0,0.0
2030-04-30 19:00:00,1297.0,0.0,1452.9591095556316,2688.0192000000015,0.0,0.0,0.0,0.0,6889.3588744325125,2070.0,0.0,0.0
2030-04-30 20:00:00,842.3146193323482,0.0,0.0,0.0,0.0,0.0,0.0,0.0,6792.849845491248,2070.0,0.0,0.0
2030-04-30 21:00:00,0.0,0.0,0.0,0.0,0.0,0.0,0.0,0.0,6493.252839010171,2070.0,0.0,0.0
2030-04-30 22:00:00,0.0,0.0,0.0,1106.8344549313952,0.0,0.0,0.0,0.0,8530.0,74.13580916038677,0.0,0.0
2030-04-30 23:00:00,0.0,0.0,0.0,0.0,0.0,0.0,0.0,0.0,8530.0,22.466464944348353,0.0,0.0
2030-05-01 00:00:00,0.0,0.0,0.0,0.0,0.0,0.0,0.0,0.0,8530.0,1716.3043269402278,0.0,0.0
2030-05-01 01:00:00,0.0,0.0,0.0,0.0,0.0,0.0,0.0,0.0,8530.0,1502.6090470238855,306.24534663553027,0.0
2030-05-01 02:00:00,1297.0,0.0,132.81612808594946,0.0,0.0,0.0,0.0,0.0,8530.0,0.0,1793.4789078685194,0.0
2030-05-01 03:00:00,1297.0,1644.1,7381.64,67.14683860740115,0.0,0.0,0.0,0.0,8530.0,1263.852678200798,0.0,0.0
2030-05-01 04:00:00,1297.0,1644.1,7381.64,2620.8723613926004,0.0,0.0,0.0,0.0,6356.025005420372,0.0,2290.0,0.0
2030-05-01 05:00:00,1297.0,1644.1,7381.64,3199.99,0.0,0.0,0.0,0.0,4895.251919720106,0.0,2290.0,0.0
2030-05-01 06:00:00,1229.7069414211019,0.0,0.0,0.0,0.0,0.0,0.0,0.0,2897.658612497479,611.6049706391251,2290.0,0.0
2030-05-01 07:00:00,0.0,0.0,0.0,0.0,0.0,0.0,0.0,0.0,2119.68285611536,203.868323546375,2290.0,561.2
2030-05-01 08:00:00,0.0,0.0,0.0,0.0,0.0,0.0,0.0,0.0,0.0,0.0,0.0,0.0
2030-05-01 09:00:00,0.0,0.0,0.0,0.0,0.0,0.0,0.0,0.0,0.0,0.0,0.0,0.0
2030-05-01 10:00:00,0.0,0.0,0.0,0.0,0.0,0.0,0.0,0.0,0.0,0.0,0.0,0.0
2030-05-01 11:00:00,0.0,0.0,0.0,3199.99,0.0,0.0,0.0,0.0,0.0,0.0,0.0,0.0
2030-05-01 12:00:00,0.0,0.0,0.0,0.0,0.0,0.0,0.0,0.0,0.0,0.0,0.0,0.0
2030-05-01 13:00:00,0.0,0.0,0.0,0.0,0.0,0.0,0.0,0.0,0.0,0.0,0.0,0.0
2030-05-01 14:00:00,0.0,0.0,0.0,3199.99,0.0,0.0,0.0,0.0,0.0,0.0,0.0,0.0
2030-05-01 15:00:00,0.0,0.0,0.0,0.0,0.0,0.0,0.0,0.0,0.0,0.0,0.0,0.0
2030-05-01 16:00:00,0.0,0.0,0.0,0.0,0.0,0.0,0.0,0.0,0.0,0.0,0.0,0.0
2030-05-01 17:00:00,0.0,0.0,0.0,0.0,0.0,0.0,0.0,0.0,0.0,331.46142901498865,0.0,0.0
2030-05-01 18:00:00,0.0,0.0,0.0,0.0,0.0,0.0,0.0,0.0,1321.6709216284833,0.0,0.0,0.0
2030-05-01 19:00:00,0.0,0.0,0.0,0.0,0.0,0.0,0.0,0.0,1241.9411446788947,0.0,0.0,0.0
2030-05-01 20:00:00,0.0,0.0,0.0,3199.99,0.0,0.0,0.0,0.0,1191.8924563937358,0.0,0.0,0.0
2030-05-01 21:00:00,0.0,0.0,0.0,0.0,0.0,0.0,0.0,0.0,1502.5017511717992,0.0,0.0,0.0
2030-05-01 22:00:00,0.0,0.0,0.0,0.0,0.0,0.0,0.0,0.0,1965.2114686552147,0.0,0.0,0.0
2030-05-01 23:00:00,0.0,0.0,0.0,3199.99,0.0,0.0,0.0,0.0,2052.2573215403027,0.0,0.0,0.0
2030-05-02 00:00:00,0.0,0.0,0.0,3199.99,0.0,0.0,0.0,0.0,1602.0805985376742,0.0,0.0,0.0
2030-05-02 01:00:00,0.0,0.0,0.0,3199.99,0.0,0.0,0.0,0.0,1662.2371318791747,0.0,0.0,0.0
2030-05-02 02:00:00,0.0,0.0,0.0,0.0,0.0,0.0,0.0,0.0,1635.861867736874,0.0,0.0,0.0
2030-05-02 03:00:00,0.0,0.0,0.0,1233.9161440000014,0.0,0.0,0.0,0.0,2248.952329747857,0.0,0.0,0.0
2030-05-02 04:00:00,0.0,0.0,0.0,2459.507904301491,0.0,0.0,0.0,0.0,6393.042289348751,2070.0,0.0,0.0
2030-05-02 05:00:00,0.0,0.0,0.0,3199.99,0.0,0.0,0.0,0.0,8530.0,2058.556003837618,0.0,0.0
2030-05-02 06:00:00,0.0,0.0,0.0,228.51129569851037,0.0,0.0,0.0,0.0,3422.33782301378,2070.0,0.0,0.0
2030-05-02 07:00:00,0.0,0.0,0.0,0.0,0.0,0.0,0.0,0.0,0.0,641.9030103250363,0.0,561.2
2030-05-02 08:00:00,0.0,0.0,0.0,0.0,0.0,0.0,0.0,0.0,344.158646666624,0.0,0.0,0.0
2030-05-02 09:00:00,0.0,0.0,0.0,0.0,0.0,0.0,0.0,0.0,0.0,0.0,0.0,0.0
2030-05-02 10:00:00,0.0,0.0,0.0,0.0,0.0,0.0,0.0,0.0,0.0,0.0,0.0,0.0
2030-05-02 11:00:00,0.0,0.0,0.0,0.0,0.0,0.0,0.0,0.0,0.0,0.0,0.0,0.0
2030-05-02 12:00:00,0.0,0.0,0.0,0.0,0.0,0.0,0.0,0.0,0.0,0.0,0.0,0.0
2030-05-02 13:00:00,0.0,0.0,0.0,0.0,0.0,0.0,0.0,0.0,0.0,0.0,0.0,0.0
2030-05-02 14:00:00,0.0,0.0,0.0,0.0,0.0,0.0,0.0,0.0,0.0,0.0,0.0,0.0
2030-05-02 15:00:00,0.0,0.0,0.0,0.0,0.0,0.0,0.0,0.0,1376.0378533969347,0.0,0.0,0.0
2030-05-02 16:00:00,0.0,0.0,0.0,0.0,0.0,0.0,0.0,0.0,5545.511982214228,2070.0,0.0,0.0
2030-05-02 17:00:00,1297.0,0.0,5488.691061597765,2688.0192000000015,0.0,0.0,0.0,0.0,8530.0,9.796783309637277,0.0,0.0
2030-05-02 18:00:00,1297.0,1644.1,7381.64,3199.99,0.0,0.0,0.0,0.0,8530.0,905.2023836132106,0.0,0.0
2030-05-02 19:00:00,1297.0,0.0,5264.504136635267,0.0,0.0,0.0,0.0,0.0,5221.377369238404,1958.4378422989153,2290.0,0.0
2030-05-02 20:00:00,0.0,0.0,0.0,0.0,0.0,0.0,0.0,0.0,6875.886759714823,203.868323546375,2290.0,0.0
2030-05-02 21:00:00,0.0,0.0,0.0,0.0,0.0,0.0,0.0,0.0,6550.641409402962,203.868323546375,2290.0,0.0
2030-05-02 22:00:00,0.0,0.0,0.0,0.0,0.0,0.0,0.0,0.0,7119.082569898908,0.0,2003.6875602525279,0.0
2030-05-02 23:00:00,0.0,0.0,0.0,0.0,0.0,0.0,0.0,0.0,2489.9761198065144,0.0,2290.0,0.0
2030-05-03 00:00:00,0.0,0.0,0.0,0.0,0.0,0.0,0.0,0.0,2119.68285611536,278.62289163245026,2290.0,0.0
2030-05-03 01:00:00,0.0,0.0,0.0,0.0,0.0,0.0,0.0,0.0,2119.68285611536,0.0,2290.0,0.0
2030-05-03 02:00:00,0.0,0.0,0.0,0.0,0.0,0.0,0.0,0.0,2119.68285611536,0.0,2290.0,0.0
2030-05-03 03:00:00,0.0,0.0,0.0,0.0,0.0,0.0,0.0,0.0,2119.68285611536,0.0,2290.0,0.0
2030-05-03 04:00:00,0.0,0.0,0.0,0.0,0.0,0.0,0.0,0.0,2119.68285611536,1148.4553731921746,2290.0,0.0
2030-05-03 05:00:00,0.0,0.0,0.0,1123.1456632270347,0.0,0.0,0.0,0.0,1316.4721244261063,0.0,2290.0,561.2
2030-05-03 06:00:00,0.0,0.0,0.0,0.0,0.0,0.0,0.0,0.0,2922.893587804614,407.73664709275,2290.0,0.0
2030-05-03 07:00:00,0.0,0.0,0.0,0.0,0.0,0.0,0.0,0.0,2119.68285611536,203.868323546375,2290.0,0.0
2030-05-03 08:00:00,0.0,0.0,0.0,0.0,0.0,0.0,0.0,0.0,0.0,0.0,0.0,0.0
2030-05-03 09:00:00,0.0,0.0,0.0,0.0,0.0,0.0,0.0,0.0,0.0,0.0,0.0,0.0
2030-05-03 10:00:00,0.0,0.0,0.0,0.0,0.0,0.0,0.0,0.0,0.0,0.0,0.0,0.0
2030-05-03 11:00:00,0.0,0.0,0.0,0.0,0.0,0.0,0.0,0.0,0.0,0.0,0.0,0.0
2030-05-03 12:00:00,0.0,0.0,0.0,0.0,0.0,0.0,0.0,0.0,0.0,0.0,0.0,0.0
2030-05-03 13:00:00,0.0,0.0,0.0,0.0,0.0,0.0,0.0,0.0,0.0,0.0,0.0,0.0
2030-05-03 14:00:00,0.0,0.0,0.0,0.0,0.0,0.0,0.0,0.0,0.0,0.0,0.0,0.0
2030-05-03 15:00:00,0.0,0.0,0.0,0.0,0.0,0.0,0.0,0.0,0.0,0.0,0.0,0.0
2030-05-03 16:00:00,0.0,0.0,0.0,0.0,0.0,0.0,0.0,0.0,4640.165111470782,0.0,1286.3157942532964,0.0
2030-05-03 17:00:00,1297.0,1259.983719809883,0.0,0.0,0.0,0.0,0.0,0.0,7780.776126314812,0.0,0.0,0.0
2030-05-03 18:00:00,1297.0,1644.1,7052.326857039567,0.0,0.0,0.0,0.0,0.0,6371.6884944718395,376.4198825564999,2290.0,0.0
2030-05-03 19:00:00,1297.0,1644.1,5806.342426165844,0.0,0.0,0.0,0.0,0.0,3920.243390112852,2070.0,2290.0,0.0
2030-05-03 20:00:00,1297.0,1644.1,4634.3501071300125,0.0,0.0,0.0,0.0,0.0,6530.5366926926,203.868323546375,2290.0,0.0
2030-05-03 21:00:00,1297.0,1644.1,4937.498479649803,0.0,0.0,0.0,0.0,0.0,6447.993090220487,0.0,2290.0,0.0
2030-05-03 22:00:00,1297.0,1644.1,7381.64,0.0,0.0,0.0,0.0,0.0,2119.68285611536,407.73664709275,2290.0,0.0
2030-05-03 23:00:00,1297.0,1644.1,7381.64,0.0,0.0,0.0,0.0,0.0,2119.68285611536,0.0,2290.0,0.0
2030-05-04 00:00:00,1297.0,1644.1,7381.64,0.0,0.0,0.0,0.0,0.0,2119.68285611536,407.73664709275,2290.0,0.0
2030-05-04 01:00:00,1297.0,1644.1,7381.64,0.0,0.0,0.0,0.0,0.0,2119.68285611536,203.868323546375,2290.0,561.2
2030-05-04 02:00:00,1297.0,1644.1,7381.64,0.0,0.0,0.0,0.0,0.0,1344.2044867055874,0.0,2290.0,0.0
2030-05-04 03:00:00,1297.0,1644.1,7381.64,262.5149463663947,0.0,0.0,0.0,0.0,2895.161225525133,407.73664709275,0.0,0.0
2030-05-04 04:00:00,1297.0,1644.1,7381.64,3199.99,0.0,0.0,0.0,0.0,2119.68285611536,203.868323546375,1619.5179094200657,0.0
2030-05-04 05:00:00,1297.0,1644.1,7381.64,2425.504253633607,0.0,0.0,0.0,0.0,2119.68285611536,203.868323546375,1637.5885523596144,0.0
2030-05-04 06:00:00,1297.0,1644.1,7381.64,0.0,0.0,0.0,0.0,0.0,2119.68285611536,203.868323546375,125.99914478882033,0.0
2030-05-04 07:00:00,1297.0,1644.1,3565.737451055229,0.0,0.0,0.0,0.0,0.0,97.3180607785664,203.868323546375,0.0,0.0
2030-05-04 08:00:00,1297.0,187.74218122722596,0.0,0.0,0.0,0.0,0.0,0.0,4142.047651452154,203.868323546375,0.0,0.0
2030-05-04 09:00:00,0.0,0.0,0.0,0.0,0.0,0.0,0.0,0.0,2119.68285611536,203.868323546375,0.0,0.0
2030-05-04 10:00:00,0.0,0.0,0.0,0.0,0.0,0.0,0.0,0.0,1272.6824912133852,203.868323546375,0.0,0.0
2030-05-04 11:00:00,0.0,0.0,0.0,0.0,0.0,0.0,0.0,0.0,2308.96634701849,0.0,0.0,0.0
2030-05-04 12:00:00,0.0,0.0,0.0,0.0,0.0,0.0,0.0,0.0,2777.399730114206,0.0,0.0,0.0
2030-05-04 13:00:00,0.0,0.0,0.0,0.0,0.0,0.0,0.0,0.0,256.4267318716465,0.0,0.0,0.0
2030-05-04 14:00:00,930.243282547015,0.0,0.0,0.0,0.0,0.0,0.0,0.0,1428.910935768688,0.0,0.0,0.0
2030-05-04 15:00:00,1297.0,1644.1,3996.445002109338,0.0,0.0,0.0,0.0,0.0,0.0,0.0,0.0,0.0
2030-05-04 16:00:00,1297.0,1644.1,7381.64,899.8473254529526,0.0,0.0,0.0,0.0,172.25025629036463,0.0,0.0,0.0
2030-05-04 17:00:00,1297.0,1644.1,7381.64,1788.171874547049,0.0,0.0,0.0,0.0,369.8297880431014,1427.078264824625,0.0,0.0
2030-05-04 18:00:00,1297.0,1644.1,7381.64,0.0,0.0,0.0,0.0,0.0,2999.7232685470826,0.0,0.0,0.0
2030-05-04 19:00:00,1297.0,1644.1,7381.64,0.0,0.0,0.0,0.0,0.0,2636.2001147447854,407.73664709275,0.0,0.0
2030-05-04 20:00:00,1297.0,1644.1,7381.64,0.0,0.0,0.0,0.0,0.0,2964.096331916886,0.0,0.0,0.0
2030-05-04 21:00:00,1297.0,1644.1,7381.64,0.0,0.0,0.0,0.0,0.0,2668.164477547463,0.0,0.0,0.0
2030-05-04 22:00:00,1297.0,1644.1,7381.64,0.0,0.0,0.0,0.0,0.0,2762.1082568373904,0.0,0.0,0.0
2030-05-04 23:00:00,1297.0,1644.1,7381.64,3199.99,0.0,0.0,0.0,0.0,1871.30915409224,815.4732941855,0.0,0.0
2030-05-05 00:00:00,1297.0,1644.1,7381.64,0.0,0.0,0.0,0.0,0.0,3238.2018239122335,0.0,0.0,0.0
2030-05-05 01:00:00,1297.0,1644.1,7381.64,0.0,0.0,0.0,0.0,0.0,3262.4237436825115,0.0,0.0,0.0
2030-05-05 02:00:00,1297.0,1644.1,7381.64,0.0,0.0,0.0,0.0,0.0,3149.205592228879,0.0,0.0,0.0
2030-05-05 03:00:00,1297.0,1644.1,7381.64,0.0,0.0,0.0,0.0,0.0,3132.9365594721557,0.0,0.0,0.0
2030-05-05 04:00:00,1297.0,1644.1,7381.64,0.0,0.0,0.0,0.0,0.0,2211.2679292088783,1019.341617731875,0.0,0.0
2030-05-05 05:00:00,1297.0,1644.1,7381.64,0.0,0.0,0.0,0.0,0.0,2911.5535897968175,203.868323546375,0.0,0.0
2030-05-05 06:00:00,1297.0,1644.1,1680.8344128553072,0.0,0.0,0.0,0.0,0.0,2119.68285611536,203.868323546375,0.0,0.0
2030-05-05 07:00:00,0.0,0.0,0.0,0.0,0.0,0.0,0.0,0.0,2119.68285611536,203.868323546375,0.0,0.0
2030-05-05 08:00:00,0.0,0.0,0.0,0.0,0.0,0.0,0.0,0.0,0.0,0.0,0.0,0.0
2030-05-05 09:00:00,0.0,0.0,0.0,0.0,0.0,0.0,0.0,0.0,0.0,0.0,0.0,0.0
2030-05-05 10:00:00,0.0,0.0,0.0,0.0,0.0,0.0,0.0,0.0,0.0,0.0,0.0,0.0
2030-05-05 11:00:00,0.0,0.0,0.0,0.0,0.0,0.0,0.0,0.0,0.0,0.0,0.0,0.0
2030-05-05 12:00:00,0.0,0.0,0.0,0.0,0.0,0.0,0.0,0.0,0.0,0.0,0.0,0.0
2030-05-05 13:00:00,0.0,0.0,0.0,0.0,0.0,0.0,0.0,0.0,0.0,0.0,0.0,0.0
2030-05-05 14:00:00,0.0,0.0,0.0,0.0,0.0,0.0,0.0,0.0,0.0,0.0,0.0,0.0
2030-05-05 15:00:00,0.0,0.0,0.0,0.0,0.0,0.0,0.0,0.0,0.0,0.0,0.0,0.0
2030-05-05 16:00:00,1297.0,1235.0885355279897,0.0,0.0,0.0,0.0,0.0,0.0,4404.027906629753,2070.0,0.0,0.0
2030-05-05 17:00:00,1297.0,1644.1,7381.64,0.0,0.0,0.0,0.0,0.0,8365.547630030851,0.0,0.0,0.0
2030-05-05 18:00:00,1297.0,1644.1,7381.64,2688.0192000000015,0.0,0.0,0.0,0.0,8530.0,1072.6788262082653,0.0,0.0
2030-05-05 19:00:00,1297.0,1644.1,7381.64,3199.99,0.0,0.0,0.0,0.0,8530.0,0.0,527.2239065299809,0.0
2030-05-05 20:00:00,1297.0,1644.1,7381.64,0.0,0.0,0.0,0.0,0.0,2166.9078154088193,2070.0,324.1197900318143,0.0
2030-05-05 21:00:00,1297.0,1644.1,7381.64,0.0,0.0,0.0,0.0,0.0,5654.506786120559,2070.0,0.0,0.0
2030-05-05 22:00:00,1297.0,1644.1,7381.64,0.0,0.0,0.0,0.0,0.0,4407.4647777736145,0.0,0.0,0.0
2030-05-05 23:00:00,1297.0,1644.1,7381.64,0.0,0.0,0.0,0.0,0.0,2119.68285611536,1876.3600976096927,2290.0,0.0
2030-05-06 00:00:00,1297.0,1644.1,7381.64,0.0,0.0,0.0,0.0,0.0,1152.080795433074,203.868323546375,2290.0,0.0
2030-05-06 01:00:00,1297.0,1644.1,7381.64,0.0,0.0,0.0,0.0,0.0,3087.2849167976465,203.868323546375,424.52962395294753,0.0
2030-05-06 02:00:00,1297.0,1644.1,7381.64,0.0,0.0,0.0,0.0,0.0,2119.68285611536,0.0,2290.0,0.0
2030-05-06 03:00:00,1297.0,1644.1,7381.64,0.0,0.0,0.0,0.0,0.0,1192.7426162269935,407.73664709275,2290.0,0.0
2030-05-06 04:00:00,1297.0,1644.1,7381.64,0.0,0.0,0.0,0.0,0.0,3046.623096003727,0.0,1084.687861124347,0.0
2030-05-06 05:00:00,1297.0,1644.1,7381.64,0.0,0.0,0.0,0.0,0.0,2119.68285611536,407.73664709275,1250.9570529942098,0.0
2030-05-06 06:00:00,1297.0,1644.1,6355.48012399355,0.0,0.0,0.0,0.0,0.0,2113.8830502115,203.868323546375,649.8268421804828,0.0
2030-05-06 07:00:00,1297.0,1644.1,1481.559242869269,0.0,0.0,0.0,0.0,0.0,2125.4826620192202,203.868323546375,0.0,0.0
2030-05-06 08:00:00,1297.0,1644.1,0.0,0.0,0.0,0.0,0.0,0.0,2119.68285611536,203.868323546375,0.0,0.0
2030-05-06 09:00:00,76.63041024757331,0.0,0.0,0.0,0.0,0.0,0.0,0.0,1095.197806554283,203.868323546375,0.0,0.0
2030-05-06 10:00:00,0.0,0.0,0.0,0.0,0.0,0.0,0.0,0.0,3144.167905676438,203.868323546375,0.0,0.0
2030-05-06 11:00:00,0.0,0.0,0.0,0.0,0.0,0.0,0.0,0.0,1814.262475537254,0.0,0.0,0.0
2030-05-06 12:00:00,0.0,0.0,0.0,0.0,0.0,0.0,0.0,0.0,0.0,0.0,0.0,0.0
2030-05-06 13:00:00,0.0,0.0,0.0,0.0,0.0,0.0,0.0,0.0,0.0,0.0,0.0,0.0
2030-05-06 14:00:00,0.0,0.0,0.0,0.0,0.0,0.0,0.0,0.0,0.0,0.0,0.0,0.0
2030-05-06 15:00:00,1297.0,1644.1,0.0,0.0,0.0,0.0,0.0,0.0,0.0,0.0,0.0,0.0
2030-05-06 16:00:00,1297.0,1644.1,5487.468569858553,0.0,0.0,0.0,0.0,0.0,676.4603923316392,0.0,0.0,0.0
2030-05-06 17:00:00,1297.0,1644.1,7381.64,0.0,0.0,0.0,0.0,0.0,2433.7253363489635,0.0,0.0,0.0
2030-05-06 18:00:00,1297.0,1644.1,7381.64,2688.0192000000015,0.0,0.0,0.0,0.0,3686.598952214923,0.0,0.0,0.0
2030-05-06 19:00:00,1297.0,1644.1,7381.64,3199.99,0.0,0.0,0.0,0.0,2361.610881694163,1337.2433755581453,0.0,0.0
2030-05-06 20:00:00,1297.0,1644.1,7381.64,0.0,0.0,0.0,0.0,0.0,3552.609430261007,0.0,0.0,0.0
2030-05-06 21:00:00,1297.0,1644.1,7381.64,0.0,0.0,0.0,0.0,0.0,3359.4611862269176,0.0,0.0,0.0
2030-05-06 22:00:00,1297.0,1644.1,7381.64,0.0,0.0,0.0,0.0,0.0,3473.1707093877512,0.0,0.0,0.0
2030-05-06 23:00:00,1297.0,1644.1,7381.64,0.0,0.0,0.0,0.0,0.0,3343.649025476031,0.0,0.0,0.0
2030-05-07 00:00:00,1297.0,1644.1,7381.64,0.0,0.0,0.0,0.0,0.0,2744.2014870337925,0.0,445.0629231862181,0.0
2030-05-07 01:00:00,1297.0,1644.1,7381.64,0.0,0.0,0.0,0.0,0.0,3269.1748481781315,0.0,0.0,0.0
2030-05-07 02:00:00,1297.0,1644.1,7381.64,0.0,0.0,0.0,0.0,0.0,1156.5079882659838,2070.0,0.0,0.0
2030-05-07 03:00:00,1297.0,1644.1,7381.64,0.0,0.0,0.0,0.0,0.0,3779.2580107931662,0.0,0.0,0.0
2030-05-07 04:00:00,1297.0,1644.1,7381.64,0.0,0.0,0.0,0.0,0.0,3362.3164224456123,504.6367796368473,0.0,561.2
2030-05-07 05:00:00,1297.0,1644.1,7381.64,0.0,0.0,0.0,0.0,0.0,4055.9747313752077,252.31838981842364,0.0,0.0
2030-05-07 06:00:00,1297.0,1644.1,7381.64,0.0,0.0,0.0,0.0,0.0,2845.68185440936,252.31838981842364,0.0,0.0
2030-05-07 07:00:00,1297.0,1644.1,7381.64,0.0,0.0,0.0,0.0,0.0,1463.2494543178527,0.0,0.0,0.0
2030-05-07 08:00:00,1297.0,1644.1,7381.64,0.0,0.0,0.0,0.0,0.0,0.0,504.6367796368473,0.0,0.0
2030-05-07 09:00:00,1297.0,1644.1,7381.64,0.0,0.0,0.0,0.0,0.0,5155.728396556155,0.0,0.0,0.0
2030-05-07 10:00:00,1297.0,1644.1,5911.742966710096,0.0,0.0,0.0,0.0,0.0,2325.9794681531366,504.6367796368473,0.0,0.0
2030-05-07 11:00:00,1297.0,1644.1,0.0,0.0,0.0,0.0,0.0,0.0,3352.1818613351415,252.31838981842364,0.0,0.0
2030-05-07 12:00:00,1297.0,1644.1,0.0,0.0,0.0,0.0,0.0,0.0,3438.963621763617,0.0,0.0,0.0
2030-05-07 13:00:00,1297.0,1644.1,0.0,0.0,0.0,0.0,0.0,0.0,0.0,504.6367796368473,0.0,0.0
2030-05-07 14:00:00,1297.0,1644.1,1899.5169118854064,0.0,0.0,0.0,0.0,0.0,0.0,0.0,0.0,0.0
2030-05-07 15:00:00,1297.0,1644.1,7381.64,750.342277171781,0.0,0.0,0.0,0.0,2509.9348114407817,504.6367796368473,0.0,0.0
2030-05-07 16:00:00,1297.0,1644.1,7381.64,0.0,0.0,0.0,0.0,0.0,1482.2496119734183,0.0,0.0,0.0
2030-05-07 17:00:00,1297.0,1644.1,7381.64,0.0,0.0,0.0,0.0,0.0,2100.3420274390437,0.0,0.0,0.0
2030-05-07 18:00:00,1297.0,1644.1,7381.64,3199.99,0.0,0.0,0.0,0.0,3228.725177813125,0.0,0.0,0.0
2030-05-07 19:00:00,1297.0,1644.1,7381.64,0.0,0.0,0.0,0.0,0.0,3363.103074121699,0.0,0.0,0.0
2030-05-07 20:00:00,1297.0,1644.1,7381.64,0.0,0.0,0.0,0.0,0.0,3295.854807984965,0.0,0.0,0.0
2030-05-07 21:00:00,1297.0,1644.1,7381.64,0.0,0.0,0.0,0.0,0.0,3001.9033242297037,0.0,0.0,0.0
2030-05-07 22:00:00,1297.0,1644.1,7381.64,0.0,0.0,0.0,0.0,0.0,3103.3509521930964,0.0,0.0,0.0
2030-05-07 23:00:00,1297.0,1644.1,7381.64,0.0,0.0,0.0,0.0,0.0,1028.0526859158022,2018.5471185473887,0.0,0.0
2030-05-08 00:00:00,1297.0,1644.1,7381.64,0.0,0.0,0.0,0.0,0.0,3329.4741613742826,0.0,0.0,0.0
2030-05-08 01:00:00,1297.0,1644.1,7381.64,0.0,0.0,0.0,0.0,0.0,3407.8520993477223,0.0,0.0,0.0
2030-05-08 02:00:00,1297.0,1644.1,7381.64,0.0,0.0,0.0,0.0,0.0,3366.6716019084397,0.0,0.0,0.0
2030-05-08 03:00:00,1297.0,1644.1,7381.64,0.0,0.0,0.0,0.0,0.0,2862.0325156597632,1009.2735592736946,0.0,0.0
2030-05-08 04:00:00,1297.0,1644.1,7381.64,1157.7833341068908,0.0,0.0,0.0,0.0,4519.21451815654,0.0,0.0,0.0
2030-05-08 05:00:00,1297.0,1644.1,7381.64,779.8935887213302,0.0,0.0,0.0,0.0,3917.8824029485195,504.6367796368473,0.0,0.0
2030-05-08 06:00:00,1297.0,1644.1,7381.64,0.0,0.0,0.0,0.0,0.0,2691.664633870802,252.31838981842364,0.0,0.0
2030-05-08 07:00:00,1297.0,1644.1,7381.64,0.0,0.0,0.0,0.0,0.0,2622.683800354317,252.31838981842364,0.0,0.0
2030-05-08 08:00:00,1297.0,1644.1,7381.64,0.0,0.0,0.0,0.0,0.0,2622.683800354317,0.0,0.0,0.0
2030-05-08 09:00:00,1297.0,1644.1,1374.8206962956938,0.0,0.0,0.0,0.0,0.0,2622.683800354317,504.6367796368473,0.0,0.0
2030-05-08 10:00:00,1297.0,1644.1,0.0,0.0,0.0,0.0,0.0,0.0,0.0,0.0,0.0,0.0
2030-05-08 11:00:00,1297.0,1644.1,0.0,0.0,0.0,0.0,0.0,0.0,1258.0862514742005,504.6367796368473,0.0,0.0
2030-05-08 12:00:00,1297.0,1644.1,0.0,0.0,0.0,0.0,0.0,0.0,2860.8325825515485,0.0,0.0,0.0
2030-05-08 13:00:00,1297.0,1644.1,0.0,0.0,0.0,0.0,0.0,0.0,3168.2054998697517,0.0,0.0,0.0
2030-05-08 14:00:00,1297.0,1644.1,0.0,0.0,0.0,0.0,0.0,0.0,606.0017294228903,756.9551694552708,0.0,0.0
2030-05-08 15:00:00,1297.0,1644.1,6948.521581647412,0.0,0.0,0.0,0.0,0.0,5042.559718834231,0.0,0.0,0.0
2030-05-08 16:00:00,1297.0,1644.1,7381.64,0.0,0.0,0.0,0.0,0.0,309.60905169039256,200.86550836581225,0.0,0.0
2030-05-08 17:00:00,1297.0,1644.1,7381.64,0.0,0.0,0.0,0.0,0.0,2157.008487404991,0.0,0.0,0.0
2030-05-08 18:00:00,1297.0,1644.1,7381.64,3199.99,0.0,0.0,0.0,0.0,3383.3869894905556,0.0,0.0,0.0
2030-05-08 19:00:00,1297.0,1644.1,7381.64,2688.0192000000015,0.0,0.0,0.0,0.0,3406.0057873862143,0.0,0.0,0.0
2030-05-08 20:00:00,1297.0,1644.1,7381.64,0.0,0.0,0.0,0.0,0.0,3282.8782205596863,0.0,0.0,0.0
2030-05-08 21:00:00,1297.0,1644.1,7381.64,0.0,0.0,0.0,0.0,0.0,3035.616279096582,0.0,0.0,0.0
2030-05-08 22:00:00,1297.0,1644.1,7381.64,0.0,0.0,0.0,0.0,0.0,3150.734528957535,0.0,0.0,0.0
2030-05-08 23:00:00,1297.0,1644.1,7381.64,0.0,0.0,0.0,0.0,0.0,1016.5973595587998,2070.0,0.0,0.0
2030-05-09 00:00:00,1297.0,1644.1,7381.64,0.0,0.0,0.0,0.0,0.0,2722.6068686461017,252.31838981842364,0.0,0.0
2030-05-09 01:00:00,1297.0,1644.1,7381.64,0.0,0.0,0.0,0.0,0.0,3051.214291111315,0.0,0.0,0.0
2030-05-09 02:00:00,1297.0,1644.1,7381.64,0.0,0.0,0.0,0.0,0.0,2487.169358812022,504.6367796368473,0.0,0.0
2030-05-09 03:00:00,1297.0,1644.1,7381.64,0.0,0.0,0.0,0.0,0.0,3331.955390766366,252.31838981842364,0.0,0.0
2030-05-09 04:00:00,1297.0,1644.1,7381.64,317.0165605866657,0.0,0.0,0.0,0.0,4340.891607001919,0.0,0.0,0.0
2030-05-09 05:00:00,1297.0,1644.1,4110.0899959035305,0.0,0.0,0.0,0.0,0.0,3842.316004451238,504.6367796368473,0.0,0.0
2030-05-09 06:00:00,0.0,0.0,0.0,0.0,0.0,0.0,0.0,0.0,2622.683800354317,252.31838981842364,0.0,0.0
2030-05-09 07:00:00,0.0,0.0,0.0,0.0,0.0,0.0,0.0,0.0,0.0,0.0,0.0,0.0
2030-05-09 08:00:00,0.0,0.0,0.0,0.0,0.0,0.0,0.0,0.0,0.0,0.0,0.0,0.0
2030-05-09 09:00:00,0.0,0.0,0.0,0.0,0.0,0.0,0.0,0.0,0.0,0.0,0.0,0.0
2030-05-09 10:00:00,0.0,0.0,0.0,0.0,0.0,0.0,0.0,0.0,0.0,0.0,0.0,0.0
2030-05-09 11:00:00,0.0,0.0,0.0,0.0,0.0,0.0,0.0,0.0,0.0,0.0,0.0,0.0
2030-05-09 12:00:00,0.0,0.0,0.0,0.0,0.0,0.0,0.0,0.0,0.0,0.0,0.0,0.0
2030-05-09 13:00:00,0.0,0.0,0.0,0.0,0.0,0.0,0.0,0.0,0.0,0.0,0.0,0.0
2030-05-09 14:00:00,0.0,0.0,0.0,0.0,0.0,0.0,0.0,0.0,0.0,0.0,0.0,0.0
2030-05-09 15:00:00,0.0,0.0,0.0,0.0,0.0,0.0,0.0,0.0,0.0,2070.0,709.6035442443293,0.0
2030-05-09 16:00:00,0.0,0.0,7381.64,0.0,0.0,0.0,0.0,0.0,7678.154482517668,0.0,218.22898500577867,0.0
2030-05-09 17:00:00,1297.0,1644.1,7381.64,1114.5810380906835,0.0,0.0,0.0,0.0,6775.116877583554,1638.1700639675487,0.0,0.0
2030-05-09 18:00:00,1297.0,1644.1,7381.64,3199.99,0.0,0.0,0.0,0.0,5889.942308926567,252.31838981842364,2290.0,561.2
2030-05-09 19:00:00,1297.0,1644.1,7381.64,1573.4381619093183,0.0,0.0,0.0,0.0,8530.0,0.0,438.0483220834665,0.0
2030-05-09 20:00:00,0.0,0.0,6047.354868323659,0.0,0.0,0.0,0.0,0.0,8357.413239246278,504.6367796368473,0.0,0.0
2030-05-09 21:00:00,0.0,0.0,0.0,0.0,0.0,0.0,0.0,0.0,3042.8540087637657,252.31838981842364,2290.0,0.0
2030-05-09 22:00:00,0.0,0.0,0.0,0.0,0.0,0.0,0.0,0.0,1177.6358085647435,0.0,0.0,0.0
2030-05-09 23:00:00,0.0,0.0,0.0,0.0,0.0,0.0,0.0,0.0,934.1751659715164,0.0,0.0,0.0
2030-05-10 00:00:00,0.0,0.0,0.0,0.0,0.0,0.0,0.0,0.0,477.3868802349409,756.9551694552708,0.0,0.0
2030-05-10 01:00:00,0.0,0.0,0.0,0.0,0.0,0.0,0.0,0.0,1104.9678203232845,252.31838981842364,0.0,0.0
2030-05-10 02:00:00,0.0,0.0,0.0,0.0,0.0,0.0,0.0,0.0,1091.978345054462,252.31838981842364,0.0,0.0
2030-05-10 03:00:00,0.0,0.0,0.0,0.0,0.0,0.0,0.0,0.0,1037.317589762812,88.6817159068421,0.0,0.0
2030-05-10 04:00:00,0.0,0.0,0.0,0.0,0.0,0.0,0.0,0.0,0.0,415.9550637300052,0.0,0.0
2030-05-10 05:00:00,0.0,0.0,0.0,0.0,0.0,0.0,0.0,0.0,0.0,0.0,0.0,0.0
2030-05-10 06:00:00,0.0,0.0,0.0,0.0,0.0,0.0,0.0,0.0,0.0,0.0,0.0,0.0
2030-05-10 07:00:00,0.0,0.0,0.0,0.0,0.0,0.0,0.0,0.0,0.0,0.0,0.0,0.0
2030-05-10 08:00:00,0.0,0.0,0.0,0.0,0.0,0.0,0.0,0.0,0.0,0.0,0.0,0.0
2030-05-10 09:00:00,0.0,0.0,0.0,0.0,0.0,0.0,0.0,0.0,0.0,0.0,0.0,0.0
2030-05-10 10:00:00,0.0,0.0,0.0,0.0,0.0,0.0,0.0,0.0,0.0,0.0,0.0,0.0
2030-05-10 11:00:00,0.0,0.0,0.0,0.0,0.0,0.0,0.0,0.0,0.0,0.0,0.0,0.0
2030-05-10 12:00:00,0.0,0.0,0.0,0.0,0.0,0.0,0.0,0.0,0.0,0.0,0.0,0.0
2030-05-10 13:00:00,0.0,0.0,0.0,0.0,0.0,0.0,0.0,0.0,0.0,0.0,0.0,0.0
2030-05-10 14:00:00,0.0,0.0,0.0,0.0,0.0,0.0,0.0,0.0,0.0,0.0,0.0,0.0
2030-05-10 15:00:00,0.0,0.0,0.0,0.0,0.0,0.0,0.0,0.0,0.0,0.0,0.0,0.0
2030-05-10 16:00:00,0.0,0.0,0.0,0.0,0.0,0.0,0.0,0.0,1125.6615757543418,0.0,0.0,0.0
2030-05-10 17:00:00,481.13641802187703,0.0,7381.64,0.0,0.0,0.0,0.0,0.0,6149.21094934394,0.0,0.0,0.0
2030-05-10 18:00:00,1297.0,1644.1,7381.64,2295.7745038686185,0.0,0.0,0.0,0.0,5203.692893777753,2070.0,0.0,0.0
2030-05-10 19:00:00,1297.0,1644.1,7381.64,3199.99,0.0,0.0,0.0,0.0,7580.967882005675,0.0,0.0,0.0
2030-05-10 20:00:00,1297.0,1644.1,7381.64,392.24469613138353,0.0,0.0,0.0,0.0,7729.514936047343,0.0,0.0,0.0
2030-05-10 21:00:00,1297.0,1644.1,7381.64,0.0,0.0,0.0,0.0,0.0,3556.259047277701,2070.0,2290.0,0.0
2030-05-10 22:00:00,0.0,0.0,7381.64,0.0,0.0,0.0,0.0,0.0,6290.442972542639,2070.0,0.0,0.0
2030-05-10 23:00:00,0.0,0.0,7381.64,0.0,0.0,0.0,0.0,0.0,8259.996820716951,0.0,226.79329832527947,0.0
2030-05-11 00:00:00,1297.0,1644.1,7381.64,942.3798445432258,0.0,0.0,0.0,0.0,5363.35144697575,2070.0,2290.0,0.0
2030-05-11 01:00:00,1297.0,1644.1,7381.64,1900.3329936296395,0.0,0.0,0.0,0.0,7536.279967464934,0.0,2290.0,0.0
2030-05-11 02:00:00,1297.0,1189.540157851301,7381.64,0.0,0.0,0.0,0.0,0.0,7527.142524520295,0.0,2290.0,0.0
2030-05-11 03:00:00,700.0887340276313,0.0,7381.64,0.0,0.0,0.0,0.0,0.0,6231.177308753451,1041.8533175208595,2290.0,0.0
2030-05-11 04:00:00,1297.0,1099.2240910948638,7381.64,48.72884137177264,0.0,0.0,0.0,0.0,4390.956104255552,2070.0,2290.0,0.0
2030-05-11 05:00:00,0.0,0.0,7381.64,0.0,0.0,0.0,0.0,0.0,2790.375674490894,2070.0,2290.0,561.2
2030-05-11 06:00:00,0.0,0.0,0.0,0.0,0.0,0.0,0.0,0.0,0.0,0.0,0.0,0.0
2030-05-11 07:00:00,0.0,0.0,0.0,0.0,0.0,0.0,0.0,0.0,0.0,0.0,0.0,0.0
2030-05-11 08:00:00,0.0,0.0,0.0,0.0,0.0,0.0,0.0,0.0,0.0,0.0,0.0,0.0
2030-05-11 09:00:00,0.0,0.0,0.0,0.0,0.0,0.0,0.0,0.0,0.0,0.0,0.0,0.0
2030-05-11 10:00:00,0.0,0.0,0.0,0.0,0.0,0.0,0.0,0.0,0.0,0.0,0.0,0.0
2030-05-11 11:00:00,0.0,0.0,0.0,0.0,0.0,0.0,0.0,0.0,0.0,0.0,0.0,0.0
2030-05-11 12:00:00,0.0,0.0,0.0,0.0,0.0,0.0,0.0,0.0,0.0,0.0,0.0,0.0
2030-05-11 13:00:00,0.0,0.0,0.0,0.0,0.0,0.0,0.0,0.0,0.0,0.0,0.0,0.0
2030-05-11 14:00:00,0.0,0.0,0.0,0.0,0.0,0.0,0.0,0.0,0.0,0.0,0.0,0.0
2030-05-11 15:00:00,0.0,0.0,0.0,0.0,0.0,0.0,0.0,0.0,0.0,0.0,0.0,0.0
2030-05-11 16:00:00,0.0,0.0,0.0,0.0,0.0,0.0,0.0,0.0,0.0,0.0,0.0,0.0
2030-05-11 17:00:00,0.0,0.0,0.0,0.0,0.0,0.0,0.0,0.0,0.0,0.0,0.0,0.0
2030-05-11 18:00:00,0.0,0.0,0.0,3199.99,0.0,0.0,0.0,0.0,0.0,378.31635757633137,0.0,0.0
2030-05-11 19:00:00,0.0,0.0,0.0,2688.0192000000015,0.0,0.0,0.0,0.0,0.0,441.4172324178791,0.0,0.0
2030-05-11 20:00:00,0.0,0.0,0.0,0.0,0.0,0.0,0.0,0.0,0.0,730.9291428216186,0.0,0.0
2030-05-11 21:00:00,0.0,0.0,0.0,0.0,0.0,0.0,0.0,0.0,1011.5927937362992,0.0,0.0,0.0
2030-05-11 22:00:00,0.0,0.0,0.0,0.0,0.0,0.0,0.0,0.0,1620.8615780427924,0.0,0.0,0.0
2030-05-11 23:00:00,0.0,0.0,0.0,0.0,0.0,0.0,0.0,0.0,1853.2015472457995,0.0,0.0,0.0
2030-05-12 00:00:00,0.0,0.0,0.0,0.0,0.0,0.0,0.0,0.0,738.0536230675539,0.0,0.0,0.0
2030-05-12 01:00:00,0.0,0.0,0.0,0.0,0.0,0.0,0.0,0.0,692.1191325485584,0.0,0.0,0.0
2030-05-12 02:00:00,0.0,0.0,0.0,0.0,0.0,0.0,0.0,0.0,0.0,513.1310787928818,0.0,0.0
2030-05-12 03:00:00,0.0,0.0,0.0,0.0,0.0,0.0,0.0,0.0,0.0,374.92036013667934,0.0,0.0
2030-05-12 04:00:00,0.0,0.0,0.0,0.0,0.0,0.0,0.0,0.0,0.0,113.43705099338462,0.0,290.7930387893545
2030-05-12 05:00:00,0.0,0.0,0.0,0.0,0.0,0.0,0.0,0.0,0.0,0.0,0.0,270.40696121064553
2030-05-12 06:00:00,0.0,0.0,0.0,0.0,0.0,0.0,0.0,0.0,0.0,0.0,0.0,0.0
2030-05-12 07:00:00,0.0,0.0,0.0,0.0,0.0,0.0,0.0,0.0,0.0,0.0,0.0,0.0
2030-05-12 08:00:00,0.0,0.0,0.0,0.0,0.0,0.0,0.0,0.0,0.0,0.0,0.0,0.0
2030-05-12 09:00:00,0.0,0.0,0.0,0.0,0.0,0.0,0.0,0.0,0.0,0.0,0.0,0.0
2030-05-12 10:00:00,0.0,0.0,0.0,0.0,0.0,0.0,0.0,0.0,0.0,0.0,0.0,0.0
2030-05-12 11:00:00,0.0,0.0,0.0,0.0,0.0,0.0,0.0,0.0,0.0,0.0,0.0,0.0
2030-05-12 12:00:00,0.0,0.0,0.0,0.0,0.0,0.0,0.0,0.0,0.0,0.0,0.0,0.0
2030-05-12 13:00:00,0.0,0.0,0.0,0.0,0.0,0.0,0.0,0.0,0.0,0.0,0.0,0.0
2030-05-12 14:00:00,0.0,0.0,0.0,0.0,0.0,0.0,0.0,0.0,0.0,0.0,0.0,0.0
2030-05-12 15:00:00,0.0,0.0,0.0,0.0,0.0,0.0,0.0,0.0,0.0,0.0,0.0,0.0
2030-05-12 16:00:00,0.0,0.0,0.0,0.0,0.0,0.0,0.0,0.0,0.0,0.0,0.0,0.0
2030-05-12 17:00:00,0.0,0.0,0.0,0.0,0.0,0.0,0.0,0.0,203.68359378074288,0.0,0.0,0.0
2030-05-12 18:00:00,0.0,0.0,0.0,0.0,0.0,0.0,0.0,0.0,1465.4583398293278,0.0,0.0,0.0
2030-05-12 19:00:00,0.0,0.0,0.0,0.0,0.0,0.0,0.0,0.0,1256.5489516319155,0.0,0.0,0.0
2030-05-12 20:00:00,0.0,0.0,0.0,0.0,0.0,0.0,0.0,0.0,1029.3203520718594,0.0,0.0,0.0
2030-05-12 21:00:00,0.0,0.0,0.0,0.0,0.0,0.0,0.0,0.0,0.0,902.9634163758285,0.0,0.0
2030-05-12 22:00:00,0.0,0.0,0.0,0.0,0.0,0.0,0.0,0.0,0.0,970.0688712147509,0.0,0.0
2030-05-12 23:00:00,0.0,0.0,0.0,0.0,0.0,0.0,0.0,0.0,0.0,800.5939562442932,0.0,0.0
2030-05-13 00:00:00,0.0,0.0,0.0,0.0,0.0,0.0,0.0,0.0,0.0,2063.0009692217795,0.0,0.0
2030-05-13 01:00:00,0.0,0.0,0.0,0.0,0.0,0.0,0.0,0.0,2133.6926202447353,0.0,0.0,0.0
2030-05-13 02:00:00,0.0,0.0,0.0,0.0,0.0,0.0,0.0,0.0,0.0,2070.0,0.0,4.1294850140912445
2030-05-13 03:00:00,0.0,0.0,0.0,0.0,0.0,0.0,0.0,0.0,331.43478916528704,2070.0,0.0,0.0
2030-05-13 04:00:00,0.0,0.0,0.0,0.0,0.0,0.0,0.0,0.0,2632.764034841699,0.0,0.0,0.0
2030-05-13 05:00:00,0.0,0.0,0.0,0.0,0.0,0.0,0.0,0.0,2139.6503408103063,0.0,0.0,0.0
2030-05-13 06:00:00,0.0,0.0,0.0,0.0,0.0,0.0,0.0,0.0,1161.9551243692954,0.0,0.0,0.0
2030-05-13 07:00:00,0.0,0.0,0.0,0.0,0.0,0.0,0.0,0.0,71.78879030404431,0.0,0.0,375.2755325795433
2030-05-13 08:00:00,0.0,0.0,0.0,0.0,0.0,0.0,0.0,0.0,282.86702876970156,0.0,0.0,0.0
2030-05-13 09:00:00,0.0,0.0,0.0,0.0,0.0,0.0,0.0,0.0,0.0,0.0,0.0,181.79498240636545
2030-05-13 10:00:00,0.0,0.0,0.0,0.0,0.0,0.0,0.0,0.0,0.0,0.0,0.0,0.0
2030-05-13 11:00:00,0.0,0.0,0.0,0.0,0.0,0.0,0.0,0.0,0.0,0.0,0.0,0.0
2030-05-13 12:00:00,0.0,0.0,0.0,0.0,0.0,0.0,0.0,0.0,0.0,0.0,0.0,0.0
2030-05-13 13:00:00,0.0,0.0,0.0,0.0,0.0,0.0,0.0,0.0,0.0,0.0,0.0,0.0
2030-05-13 14:00:00,0.0,0.0,0.0,0.0,0.0,0.0,0.0,0.0,0.0,0.0,0.0,0.0
2030-05-13 15:00:00,0.0,0.0,0.0,0.0,0.0,0.0,0.0,0.0,19.655479277580667,0.0,0.0,0.0
2030-05-13 16:00:00,0.0,0.0,0.0,0.0,0.0,0.0,0.0,0.0,525.585360018546,0.0,0.0,0.0
2030-05-13 17:00:00,0.0,0.0,0.0,0.0,0.0,0.0,0.0,0.0,1254.2966283210894,0.0,0.0,0.0
2030-05-13 18:00:00,0.0,0.0,0.0,0.0,0.0,0.0,0.0,0.0,1980.371467927483,0.0,0.0,0.0
2030-05-13 19:00:00,0.0,0.0,0.0,0.0,0.0,0.0,0.0,0.0,2088.0737003988597,0.0,0.0,0.0
2030-05-13 20:00:00,0.0,0.0,0.0,0.0,0.0,0.0,0.0,0.0,6751.9141773206175,0.0,0.0,0.0
2030-05-13 21:00:00,0.0,0.0,0.0,0.0,0.0,0.0,0.0,0.0,8530.0,695.0641642142955,0.0,0.0
2030-05-13 22:00:00,0.0,0.0,3648.717971531558,0.0,0.0,0.0,0.0,0.0,8530.0,830.234648769754,0.0,0.0
2030-05-13 23:00:00,0.0,0.0,6329.8128574855655,0.0,0.0,0.0,0.0,0.0,8530.0,733.1177232461823,0.0,0.0
2030-05-14 00:00:00,0.0,0.0,7381.64,0.0,0.0,0.0,0.0,0.0,8530.0,75.89062198031317,0.0,0.0
2030-05-14 01:00:00,0.0,0.0,7381.64,0.0,0.0,0.0,0.0,0.0,8530.0,137.38083944959277,0.0,0.0
2030-05-14 02:00:00,1297.0,1644.1,7381.64,0.0,0.0,0.0,0.0,0.0,8530.0,47.61305403667464,0.0,0.0
2030-05-14 03:00:00,1297.0,1644.1,7381.64,2688.0192000000015,0.0,0.0,0.0,0.0,8530.0,504.70198886757953,0.0,0.0
2030-05-14 04:00:00,1297.0,1644.1,7381.64,3199.99,0.0,0.0,0.0,0.0,8530.0,1043.5768148056247,0.0,0.0
2030-05-14 05:00:00,1297.0,1644.1,7381.64,0.0,0.0,0.0,0.0,0.0,8530.0,796.8088222703344,0.0,0.0
2030-05-14 06:00:00,0.0,0.0,7381.64,0.0,0.0,0.0,0.0,0.0,6061.914139663582,2070.0,0.0,0.0
2030-05-14 07:00:00,0.0,0.0,0.0,0.0,0.0,0.0,0.0,0.0,2879.7955470694365,2070.0,0.0,561.2
2030-05-14 08:00:00,0.0,0.0,0.0,0.0,0.0,0.0,0.0,0.0,0.0,0.0,0.0,0.0
2030-05-14 09:00:00,0.0,0.0,0.0,0.0,0.0,0.0,0.0,0.0,0.0,0.0,0.0,0.0
2030-05-14 10:00:00,0.0,0.0,0.0,0.0,0.0,0.0,0.0,0.0,0.0,0.0,0.0,0.0
2030-05-14 11:00:00,0.0,0.0,0.0,0.0,0.0,0.0,0.0,0.0,0.0,0.0,0.0,0.0
2030-05-14 12:00:00,0.0,0.0,0.0,0.0,0.0,0.0,0.0,0.0,0.0,0.0,0.0,0.0
2030-05-14 13:00:00,0.0,0.0,0.0,0.0,0.0,0.0,0.0,0.0,0.0,0.0,0.0,0.0
2030-05-14 14:00:00,0.0,0.0,0.0,0.0,0.0,0.0,0.0,0.0,0.0,0.0,0.0,0.0
2030-05-14 15:00:00,0.0,0.0,0.0,0.0,0.0,0.0,0.0,0.0,0.0,0.0,0.0,0.0
2030-05-14 16:00:00,0.0,0.0,7381.64,0.0,0.0,0.0,0.0,0.0,5018.566678859056,0.0,0.0,0.0
2030-05-14 17:00:00,1297.0,1644.1,7381.64,248.72139660812718,0.0,0.0,0.0,0.0,7058.047734197811,0.0,0.0,0.0
2030-05-14 18:00:00,1297.0,1644.1,7381.64,3199.99,0.0,0.0,0.0,0.0,8530.0,29.592063739142333,0.0,0.0
2030-05-14 19:00:00,1297.0,1644.1,7381.64,2439.297803391875,0.0,0.0,0.0,0.0,8530.0,117.6180235400368,0.0,0.0
2030-05-14 20:00:00,1297.0,1644.1,7381.64,0.0,0.0,0.0,0.0,0.0,8530.0,87.59632544091494,0.0,0.0
2030-05-14 21:00:00,1297.0,1644.1,7381.64,0.0,0.0,0.0,0.0,0.0,8364.822235789656,0.0,0.0,0.0
2030-05-14 22:00:00,1297.0,1644.1,7381.64,0.0,0.0,0.0,0.0,0.0,8530.0,2.3170224741439682,0.0,0.0
2030-05-14 23:00:00,1297.0,1644.1,7381.64,0.0,0.0,0.0,0.0,0.0,8491.286102901611,0.0,0.0,0.0
2030-05-15 00:00:00,1297.0,1644.1,7381.64,0.0,0.0,0.0,0.0,0.0,8530.0,80.00943886228184,0.0,561.2
2030-05-15 01:00:00,1297.0,1644.1,7381.64,0.0,0.0,0.0,0.0,0.0,8137.603706317617,1110.3071393663033,0.0,0.0
2030-05-15 02:00:00,1297.0,1644.1,7381.64,0.0,0.0,0.0,0.0,0.0,8530.0,643.5693474640063,0.0,0.0
2030-05-15 03:00:00,1297.0,1644.1,7381.64,0.0,0.0,0.0,0.0,0.0,7596.470181205138,2070.0,0.0,0.0
2030-05-15 04:00:00,1297.0,1644.1,7381.64,2688.660502596019,0.0,0.0,0.0,0.0,8165.489882675175,2070.0,0.0,0.0
2030-05-15 05:00:00,0.0,0.0,7381.64,0.0,0.0,0.0,0.0,0.0,8038.145150238382,2070.0,0.0,0.0
2030-05-15 06:00:00,0.0,0.0,0.0,0.0,0.0,0.0,0.0,0.0,5153.701623863046,2070.0,0.0,0.0
2030-05-15 07:00:00,0.0,0.0,0.0,0.0,0.0,0.0,0.0,0.0,0.0,0.0,0.0,0.0
2030-05-15 08:00:00,0.0,0.0,0.0,0.0,0.0,0.0,0.0,0.0,0.0,0.0,0.0,0.0
2030-05-15 09:00:00,0.0,0.0,0.0,0.0,0.0,0.0,0.0,0.0,0.0,0.0,0.0,0.0
2030-05-15 10:00:00,0.0,0.0,0.0,0.0,0.0,0.0,0.0,0.0,0.0,0.0,0.0,0.0
2030-05-15 11:00:00,0.0,0.0,0.0,0.0,0.0,0.0,0.0,0.0,0.0,0.0,0.0,0.0
2030-05-15 12:00:00,0.0,0.0,0.0,0.0,0.0,0.0,0.0,0.0,0.0,0.0,0.0,0.0
2030-05-15 13:00:00,0.0,0.0,0.0,0.0,0.0,0.0,0.0,0.0,0.0,0.0,0.0,0.0
2030-05-15 14:00:00,0.0,0.0,0.0,0.0,0.0,0.0,0.0,0.0,0.0,0.0,0.0,0.0
2030-05-15 15:00:00,0.0,0.0,0.0,0.0,0.0,0.0,0.0,0.0,0.0,0.0,0.0,0.0
2030-05-15 16:00:00,0.0,0.0,7381.64,0.0,0.0,0.0,0.0,0.0,3371.204117409654,2070.0,0.0,0.0
2030-05-15 17:00:00,1297.0,1644.1,7381.64,3199.99,0.0,0.0,0.0,0.0,7709.171258606237,0.0,0.0,0.0
2030-05-15 18:00:00,1297.0,1644.1,7381.64,0.0,0.0,0.0,0.0,0.0,8530.0,773.2956449220078,0.0,0.0
2030-05-15 19:00:00,1297.0,1644.1,7381.64,2688.0192000000015,0.0,0.0,0.0,0.0,7298.155813044444,2070.0,0.0,0.0
2030-05-15 20:00:00,1297.0,1644.1,7381.64,0.0,0.0,0.0,0.0,0.0,7252.15340622465,2070.0,0.0,0.0
2030-05-15 21:00:00,1297.0,1644.1,7381.64,0.0,0.0,0.0,0.0,0.0,8530.0,511.9483882192327,0.0,0.0
2030-05-15 22:00:00,1297.0,1644.1,7381.64,0.0,0.0,0.0,0.0,0.0,8530.0,623.9424389995653,0.0,0.0
2030-05-15 23:00:00,1297.0,1644.1,7381.64,0.0,0.0,0.0,0.0,0.0,7023.336484013147,2070.0,0.0,0.0
2030-05-16 00:00:00,1297.0,1644.1,7381.64,0.0,0.0,0.0,0.0,0.0,8371.652098729588,2070.0,0.0,0.0
2030-05-16 01:00:00,1297.0,1644.1,7381.64,0.0,0.0,0.0,0.0,0.0,8530.0,1983.99200421981,0.0,0.0
2030-05-16 02:00:00,1297.0,1644.1,7381.64,0.0,0.0,0.0,0.0,0.0,8530.0,0.0,1920.123814907024,0.0
2030-05-16 03:00:00,1297.0,1644.1,7381.64,0.0,0.0,0.0,0.0,0.0,8530.0,1888.911722288999,0.0,561.2
2030-05-16 04:00:00,1297.0,1644.1,7381.64,1651.0291083966658,0.0,0.0,0.0,0.0,8530.0,736.265277642234,2290.0,0.0
2030-05-16 05:00:00,1297.0,1644.1,7381.64,0.0,0.0,0.0,0.0,0.0,8530.0,2070.0,757.1637859124031,0.0
2030-05-16 06:00:00,0.0,0.0,7381.64,0.0,0.0,0.0,0.0,0.0,8530.0,294.45684742244924,684.914619203812,0.0
2030-05-16 07:00:00,0.0,0.0,0.0,0.0,0.0,0.0,0.0,0.0,5383.183510631378,0.0,0.0,0.0
2030-05-16 08:00:00,0.0,0.0,0.0,0.0,0.0,0.0,0.0,0.0,0.0,0.0,0.0,0.0
2030-05-16 09:00:00,0.0,0.0,0.0,0.0,0.0,0.0,0.0,0.0,0.0,0.0,0.0,0.0
2030-05-16 10:00:00,0.0,0.0,0.0,0.0,0.0,0.0,0.0,0.0,0.0,0.0,0.0,0.0
2030-05-16 11:00:00,0.0,0.0,0.0,0.0,0.0,0.0,0.0,0.0,0.0,0.0,0.0,0.0
2030-05-16 12:00:00,0.0,0.0,0.0,0.0,0.0,0.0,0.0,0.0,0.0,0.0,0.0,0.0
2030-05-16 13:00:00,0.0,0.0,0.0,0.0,0.0,0.0,0.0,0.0,0.0,0.0,0.0,0.0
2030-05-16 14:00:00,0.0,0.0,0.0,0.0,0.0,0.0,0.0,0.0,0.0,0.0,0.0,0.0
2030-05-16 15:00:00,0.0,0.0,0.0,0.0,0.0,0.0,0.0,0.0,0.0,0.0,0.0,0.0
2030-05-16 16:00:00,0.0,0.0,0.0,0.0,0.0,0.0,0.0,0.0,1098.5466480626233,1582.3218477903079,2290.0,0.0
2030-05-16 17:00:00,0.0,0.0,7381.64,0.0,0.0,0.0,0.0,0.0,6196.975300594686,0.0,2290.0,0.0
2030-05-16 18:00:00,1297.0,1644.1,7381.64,3199.99,0.0,0.0,0.0,0.0,8530.0,1286.173644353732,0.0,0.0
2030-05-16 19:00:00,1297.0,1644.1,7381.64,2688.0192000000015,0.0,0.0,0.0,0.0,8530.0,0.0,1572.8393032236481,0.0
2030-05-16 20:00:00,1297.0,1644.1,7381.64,0.0,0.0,0.0,0.0,0.0,8530.0,1585.2081317919094,0.0,0.0
2030-05-16 21:00:00,0.0,0.0,7381.64,0.0,0.0,0.0,0.0,0.0,5477.006351352027,2070.0,2290.0,0.0
2030-05-16 22:00:00,0.0,0.0,7381.64,0.0,0.0,0.0,0.0,0.0,8530.0,0.0,1454.368338857822,0.0
2030-05-16 23:00:00,0.0,0.0,7381.64,0.0,0.0,0.0,0.0,0.0,8530.0,187.46736772908676,1247.1097509261788,0.0
2030-05-17 00:00:00,0.0,0.0,7381.64,0.0,0.0,0.0,0.0,0.0,8530.0,695.9031745382609,0.0,0.0
2030-05-17 01:00:00,0.0,0.0,7381.64,0.0,0.0,0.0,0.0,0.0,7056.057799965625,0.0,2290.0,0.0
2030-05-17 02:00:00,0.0,0.0,5876.404532014203,0.0,0.0,0.0,0.0,0.0,7040.668567963223,0.0,2290.0,0.0
2030-05-17 03:00:00,0.0,0.0,6171.838223326908,0.0,0.0,0.0,0.0,0.0,8530.0,883.3705422673477,498.4819467585066,0.0
2030-05-17 04:00:00,0.0,0.0,7381.64,0.0,0.0,0.0,0.0,0.0,8227.578795314737,0.0,2290.0,0.0
2030-05-17 05:00:00,0.0,0.0,1184.357037521062,0.0,0.0,0.0,0.0,0.0,6728.573090509591,588.9136948448985,2290.0,561.2
2030-05-17 06:00:00,0.0,0.0,0.0,0.0,0.0,0.0,0.0,0.0,1455.595889421469,0.0,0.0,0.0
2030-05-17 07:00:00,0.0,0.0,0.0,0.0,0.0,0.0,0.0,0.0,203.15855835223903,0.0,0.0,0.0
2030-05-17 08:00:00,0.0,0.0,0.0,0.0,0.0,0.0,0.0,0.0,0.0,0.0,0.0,0.0
2030-05-17 09:00:00,0.0,0.0,0.0,0.0,0.0,0.0,0.0,0.0,0.0,0.0,0.0,0.0
2030-05-17 10:00:00,0.0,0.0,0.0,0.0,0.0,0.0,0.0,0.0,0.0,0.0,0.0,0.0
2030-05-17 11:00:00,0.0,0.0,0.0,0.0,0.0,0.0,0.0,0.0,0.0,0.0,0.0,0.0
2030-05-17 12:00:00,0.0,0.0,0.0,0.0,0.0,0.0,0.0,0.0,0.0,0.0,0.0,0.0
2030-05-17 13:00:00,0.0,0.0,0.0,0.0,0.0,0.0,0.0,0.0,0.0,0.0,0.0,0.0
2030-05-17 14:00:00,0.0,0.0,0.0,0.0,0.0,0.0,0.0,0.0,0.0,0.0,0.0,0.0
2030-05-17 15:00:00,0.0,0.0,0.0,0.0,0.0,0.0,0.0,0.0,0.0,0.0,0.0,0.0
2030-05-17 16:00:00,0.0,0.0,0.0,0.0,0.0,0.0,0.0,0.0,0.0,0.0,0.0,0.0
2030-05-17 17:00:00,0.0,0.0,0.0,0.0,0.0,0.0,0.0,0.0,0.0,0.0,0.0,0.0
2030-05-17 18:00:00,0.0,0.0,0.0,0.0,0.0,0.0,0.0,0.0,1449.3361588993203,0.0,0.0,0.0
2030-05-17 19:00:00,0.0,0.0,0.0,0.0,0.0,0.0,0.0,0.0,1620.21470584652,0.0,0.0,0.0
2030-05-17 20:00:00,0.0,0.0,0.0,0.0,0.0,0.0,0.0,0.0,5255.688637422016,0.0,0.0,0.0
2030-05-17 21:00:00,0.0,0.0,0.0,0.0,0.0,0.0,0.0,0.0,8462.400152462724,0.0,0.0,0.0
2030-05-17 22:00:00,0.0,0.0,0.0,0.0,0.0,0.0,0.0,0.0,5740.735785647839,0.0,0.0,0.0
2030-05-17 23:00:00,0.0,0.0,0.0,0.0,0.0,0.0,0.0,0.0,6256.865921474871,0.0,0.0,0.0
2030-05-18 00:00:00,0.0,0.0,0.0,0.0,0.0,0.0,0.0,0.0,4666.583248081137,0.0,0.0,0.0
2030-05-18 01:00:00,0.0,0.0,0.0,0.0,0.0,0.0,0.0,0.0,5885.843841284117,0.0,0.0,0.0
2030-05-18 02:00:00,0.0,0.0,0.0,0.0,0.0,0.0,0.0,0.0,6165.938197747573,1457.6593355418754,0.0,0.0
2030-05-18 03:00:00,0.0,0.0,0.0,0.0,0.0,0.0,0.0,0.0,8530.0,1092.7797457985375,0.0,0.0
2030-05-18 04:00:00,0.0,0.0,4243.287606553604,3199.99,0.0,0.0,0.0,0.0,8530.0,1808.9371358049411,0.0,0.0
2030-05-18 05:00:00,0.0,0.0,577.550685445709,2688.0192000000015,0.0,0.0,0.0,0.0,8530.0,1149.4100784085153,0.0,561.2
2030-05-18 06:00:00,0.0,0.0,0.0,0.0,0.0,0.0,0.0,0.0,760.1611290263942,0.0,0.0,0.0
2030-05-18 07:00:00,0.0,0.0,0.0,0.0,0.0,0.0,0.0,0.0,0.0,0.0,0.0,0.0
2030-05-18 08:00:00,0.0,0.0,0.0,0.0,0.0,0.0,0.0,0.0,0.0,0.0,0.0,0.0
2030-05-18 09:00:00,0.0,0.0,0.0,0.0,0.0,0.0,0.0,0.0,0.0,0.0,0.0,0.0
2030-05-18 10:00:00,0.0,0.0,0.0,0.0,0.0,0.0,0.0,0.0,0.0,0.0,0.0,0.0
2030-05-18 11:00:00,0.0,0.0,0.0,0.0,0.0,0.0,0.0,0.0,0.0,0.0,0.0,0.0
2030-05-18 12:00:00,0.0,0.0,0.0,0.0,0.0,0.0,0.0,0.0,0.0,0.0,0.0,0.0
2030-05-18 13:00:00,0.0,0.0,0.0,0.0,0.0,0.0,0.0,0.0,0.0,0.0,0.0,0.0
2030-05-18 14:00:00,0.0,0.0,0.0,0.0,0.0,0.0,0.0,0.0,0.0,0.0,0.0,0.0
2030-05-18 15:00:00,0.0,0.0,0.0,0.0,0.0,0.0,0.0,0.0,0.0,0.0,0.0,0.0
2030-05-18 16:00:00,0.0,0.0,0.0,0.0,0.0,0.0,0.0,0.0,3331.9844995432363,0.0,0.0,0.0
2030-05-18 17:00:00,1297.0,1591.9214998685675,7381.64,0.0,0.0,0.0,0.0,0.0,7465.79424754845,0.0,0.0,0.0
2030-05-18 18:00:00,1297.0,1644.1,7381.64,2703.1059556528307,0.0,0.0,0.0,0.0,8530.0,357.17249299184084,0.0,0.0
2030-05-18 19:00:00,1297.0,1644.1,7381.64,1586.7802343540316,0.0,0.0,0.0,0.0,8530.0,489.51200782849116,0.0,0.0
2030-05-18 20:00:00,1297.0,1644.1,7381.64,1598.123009993139,0.0,0.0,0.0,0.0,8530.0,0.0,0.0,422.0638817885281
2030-05-18 21:00:00,0.0,0.0,7381.64,0.0,0.0,0.0,0.0,0.0,8530.0,3.13819403085175,0.0,126.3536478664705
2030-05-18 22:00:00,0.0,0.0,2623.384687002872,0.0,0.0,0.0,0.0,0.0,8530.0,224.39636444671933,0.0,0.0
2030-05-18 23:00:00,0.0,0.0,0.0,0.0,0.0,0.0,0.0,0.0,8530.0,0.0,0.0,12.782470345001457
2030-05-19 00:00:00,0.0,0.0,0.0,0.0,0.0,0.0,0.0,0.0,2824.1633402749226,0.0,0.0,0.0
2030-05-19 01:00:00,0.0,0.0,0.0,0.0,0.0,0.0,0.0,0.0,2489.2487382658765,0.0,0.0,0.0
2030-05-19 02:00:00,0.0,0.0,0.0,0.0,0.0,0.0,0.0,0.0,0.0,0.0,0.0,0.0
2030-05-19 03:00:00,0.0,0.0,0.0,0.0,0.0,0.0,0.0,0.0,0.0,0.0,0.0,0.0
2030-05-19 04:00:00,0.0,0.0,0.0,0.0,0.0,0.0,0.0,0.0,297.3463272348504,0.0,0.0,0.0
2030-05-19 05:00:00,0.0,0.0,0.0,0.0,0.0,0.0,0.0,0.0,0.0,0.0,0.0,0.0
2030-05-19 06:00:00,0.0,0.0,0.0,0.0,0.0,0.0,0.0,0.0,0.0,0.0,0.0,0.0
2030-05-19 07:00:00,0.0,0.0,0.0,0.0,0.0,0.0,0.0,0.0,0.0,0.0,0.0,0.0
2030-05-19 08:00:00,0.0,0.0,0.0,0.0,0.0,0.0,0.0,0.0,0.0,0.0,0.0,0.0
2030-05-19 09:00:00,0.0,0.0,0.0,0.0,0.0,0.0,0.0,0.0,0.0,0.0,0.0,0.0
2030-05-19 10:00:00,0.0,0.0,0.0,0.0,0.0,0.0,0.0,0.0,0.0,0.0,0.0,0.0
2030-05-19 11:00:00,0.0,0.0,0.0,0.0,0.0,0.0,0.0,0.0,0.0,0.0,0.0,0.0
2030-05-19 12:00:00,0.0,0.0,0.0,0.0,0.0,0.0,0.0,0.0,0.0,0.0,0.0,0.0
2030-05-19 13:00:00,0.0,0.0,0.0,0.0,0.0,0.0,0.0,0.0,0.0,0.0,0.0,0.0
2030-05-19 14:00:00,0.0,0.0,0.0,0.0,0.0,0.0,0.0,0.0,0.0,0.0,0.0,0.0
2030-05-19 15:00:00,0.0,0.0,0.0,0.0,0.0,0.0,0.0,0.0,0.0,0.0,0.0,0.0
2030-05-19 16:00:00,0.0,0.0,0.0,0.0,0.0,0.0,0.0,0.0,0.0,0.0,0.0,0.0
2030-05-19 17:00:00,0.0,0.0,4285.004191420972,0.0,0.0,0.0,0.0,0.0,6900.076699963847,0.0,0.0,0.0
2030-05-19 18:00:00,0.0,0.0,7381.64,2934.911416860793,0.0,0.0,0.0,0.0,7852.468867328908,0.0,0.0,0.0
2030-05-19 19:00:00,0.0,0.0,7381.64,0.0,0.0,0.0,0.0,0.0,7965.4093923452165,0.0,0.0,0.0
2030-05-19 20:00:00,0.0,0.0,5805.211842540717,0.0,0.0,0.0,0.0,0.0,7806.448167790228,0.0,0.0,0.0
2030-05-19 21:00:00,0.0,0.0,2763.531230889217,0.0,0.0,0.0,0.0,0.0,7672.999856811539,0.0,0.0,0.0
2030-05-19 22:00:00,0.0,0.0,0.0,0.0,0.0,0.0,0.0,0.0,7784.787647756882,0.0,0.0,0.0
2030-05-19 23:00:00,0.0,0.0,746.0894412678172,0.0,0.0,0.0,0.0,0.0,7665.838534700635,0.0,0.0,0.0
2030-05-20 00:00:00,0.0,0.0,861.2025208279374,0.0,0.0,0.0,0.0,0.0,7890.826565125802,0.0,0.0,0.0
2030-05-20 01:00:00,0.0,0.0,6885.082463750332,0.0,0.0,0.0,0.0,0.0,5625.214571171572,0.0,2290.0,0.0
2030-05-20 02:00:00,0.0,0.0,7381.64,0.0,0.0,0.0,0.0,0.0,7800.3033938981425,0.0,0.0,0.0
2030-05-20 03:00:00,0.0,0.0,7381.64,0.0,0.0,0.0,0.0,0.0,3597.0155767180886,2070.0,2290.0,0.0
2030-05-20 04:00:00,0.0,0.0,7381.64,2953.0977831392083,0.0,0.0,0.0,0.0,3234.259400161315,2070.0,2290.0,561.2
2030-05-20 05:00:00,0.0,0.0,7381.64,0.0,0.0,0.0,0.0,0.0,5313.773037166198,0.0,2290.0,0.0
2030-05-20 06:00:00,0.0,0.0,614.2931689390916,0.0,0.0,0.0,0.0,0.0,5585.609442470505,0.0,502.2028545475423,0.0
2030-05-20 07:00:00,0.0,0.0,0.0,0.0,0.0,0.0,0.0,0.0,0.0,0.0,0.0,0.0
2030-05-20 08:00:00,0.0,0.0,0.0,0.0,0.0,0.0,0.0,0.0,0.0,0.0,0.0,0.0
2030-05-20 09:00:00,0.0,0.0,0.0,0.0,0.0,0.0,0.0,0.0,0.0,0.0,0.0,0.0
2030-05-20 10:00:00,0.0,0.0,0.0,0.0,0.0,0.0,0.0,0.0,0.0,0.0,0.0,0.0
2030-05-20 11:00:00,0.0,0.0,0.0,0.0,0.0,0.0,0.0,0.0,0.0,0.0,0.0,0.0
2030-05-20 12:00:00,0.0,0.0,0.0,0.0,0.0,0.0,0.0,0.0,0.0,0.0,0.0,0.0
2030-05-20 13:00:00,0.0,0.0,0.0,0.0,0.0,0.0,0.0,0.0,0.0,0.0,0.0,0.0
2030-05-20 14:00:00,0.0,0.0,0.0,0.0,0.0,0.0,0.0,0.0,0.0,0.0,0.0,0.0
2030-05-20 15:00:00,0.0,0.0,0.0,0.0,0.0,0.0,0.0,0.0,0.0,0.0,0.0,0.0
2030-05-20 16:00:00,0.0,0.0,4306.031505745512,0.0,0.0,0.0,0.0,0.0,3276.8152639864625,2070.0,0.0,0.0
2030-05-20 17:00:00,1297.0,1644.1,7381.64,0.0,0.0,0.0,0.0,0.0,4692.94903724902,2070.0,0.0,0.0
2030-05-20 18:00:00,1297.0,1644.1,7381.64,3199.99,0.0,0.0,0.0,0.0,5810.098330084265,2070.0,0.0,0.0
2030-05-20 19:00:00,1297.0,1644.1,7381.64,2688.0192000000015,0.0,0.0,0.0,0.0,5939.1462668729855,2070.0,0.0,0.0
2030-05-20 20:00:00,1297.0,1644.1,7381.64,0.0,0.0,0.0,0.0,0.0,5792.575205228789,2070.0,0.0,0.0
2030-05-20 21:00:00,1297.0,1644.1,7381.64,0.0,0.0,0.0,0.0,0.0,5618.999981695154,2070.0,0.0,0.0
2030-05-20 22:00:00,1198.9232404494978,0.0,7381.64,0.0,0.0,0.0,0.0,0.0,5717.284673214976,2070.0,0.0,0.0
2030-05-20 23:00:00,0.0,0.0,7381.64,0.0,0.0,0.0,0.0,0.0,5585.581830367174,2070.0,0.0,0.0
2030-05-21 00:00:00,1297.0,1221.3721885000232,7381.64,0.0,0.0,0.0,0.0,0.0,7335.139515294579,2070.0,0.0,0.0
2030-05-21 01:00:00,1297.0,1644.1,7381.64,3174.601765659161,0.0,0.0,0.0,0.0,7436.9150233104465,2070.0,0.0,0.0
2030-05-21 02:00:00,1297.0,1644.1,7381.64,0.0,0.0,0.0,0.0,0.0,7420.830163190566,2070.0,0.0,0.0
2030-05-21 03:00:00,1297.0,1644.1,7381.64,2713.40743434084,0.0,0.0,0.0,0.0,4079.906602534677,2070.0,2290.0,561.2
2030-05-21 04:00:00,1297.0,1644.1,7381.64,0.0,0.0,0.0,0.0,0.0,5845.447075825687,2070.0,0.0,0.0
2030-05-21 05:00:00,1297.0,1644.1,7381.64,0.0,0.0,0.0,0.0,0.0,4241.702153653845,2070.0,0.0,0.0
2030-05-21 06:00:00,0.0,0.0,5233.94782412793,0.0,0.0,0.0,0.0,0.0,3085.873317692798,2070.0,0.0,0.0
2030-05-21 07:00:00,0.0,0.0,0.0,0.0,0.0,0.0,0.0,0.0,0.0,0.0,0.0,0.0
2030-05-21 08:00:00,0.0,0.0,0.0,0.0,0.0,0.0,0.0,0.0,0.0,0.0,0.0,0.0
2030-05-21 09:00:00,0.0,0.0,0.0,0.0,0.0,0.0,0.0,0.0,0.0,0.0,0.0,0.0
2030-05-21 10:00:00,0.0,0.0,0.0,0.0,0.0,0.0,0.0,0.0,0.0,0.0,0.0,0.0
2030-05-21 11:00:00,0.0,0.0,0.0,0.0,0.0,0.0,0.0,0.0,0.0,0.0,0.0,0.0
2030-05-21 12:00:00,0.0,0.0,0.0,0.0,0.0,0.0,0.0,0.0,0.0,0.0,0.0,0.0
2030-05-21 13:00:00,0.0,0.0,0.0,0.0,0.0,0.0,0.0,0.0,0.0,0.0,0.0,0.0
2030-05-21 14:00:00,0.0,0.0,0.0,0.0,0.0,0.0,0.0,0.0,0.0,0.0,0.0,0.0
2030-05-21 15:00:00,0.0,0.0,0.0,0.0,0.0,0.0,0.0,0.0,0.0,0.0,0.0,0.0
2030-05-21 16:00:00,0.0,0.0,0.0,0.0,0.0,0.0,0.0,0.0,0.0,0.0,0.0,0.0
2030-05-21 17:00:00,0.0,0.0,0.0,2308.499152379468,0.0,0.0,0.0,0.0,4780.418988403941,2070.0,0.0,0.0
2030-05-21 18:00:00,0.0,0.0,4233.046759094486,3199.99,0.0,0.0,0.0,0.0,5573.235920560422,2070.0,0.0,0.0
2030-05-21 19:00:00,0.0,0.0,4430.543383265736,0.0,0.0,0.0,0.0,0.0,5920.4128041035165,2070.0,0.0,0.0
2030-05-21 20:00:00,0.0,0.0,0.0,0.0,0.0,0.0,0.0,0.0,1568.7012770954295,2070.0,0.0,0.0
2030-05-21 21:00:00,0.0,0.0,0.0,0.0,0.0,0.0,0.0,0.0,778.0193772176285,0.0,0.0,0.0
2030-05-21 22:00:00,0.0,0.0,0.0,0.0,0.0,0.0,0.0,0.0,0.0,1314.7637973722403,0.0,0.0
2030-05-21 23:00:00,0.0,0.0,0.0,0.0,0.0,0.0,0.0,0.0,0.0,1398.0529636980757,0.0,0.0
2030-05-22 00:00:00,0.0,0.0,0.0,0.0,0.0,0.0,0.0,0.0,2843.2448607467813,2070.0,0.0,0.0
2030-05-22 01:00:00,0.0,0.0,0.0,0.0,0.0,0.0,0.0,0.0,3984.342947764748,2070.0,0.0,561.2
2030-05-22 02:00:00,0.0,0.0,0.0,1004.5953705801949,0.0,0.0,0.0,0.0,6246.690975247087,2070.0,0.0,0.0
2030-05-22 03:00:00,0.0,0.0,5264.730134070793,0.0,0.0,0.0,0.0,0.0,6732.33520905303,2070.0,0.0,0.0
2030-05-22 04:00:00,0.0,0.0,7381.64,1683.4238294198065,0.0,0.0,0.0,0.0,7423.906671713864,2070.0,0.0,0.0
2030-05-22 05:00:00,0.0,0.0,142.88207523777996,3199.99,0.0,0.0,0.0,0.0,5908.006629797984,2070.0,1512.8516697300774,0.0
2030-05-22 06:00:00,0.0,0.0,0.0,0.0,0.0,0.0,0.0,0.0,369.0984377435466,2070.0,0.0,0.0
2030-05-22 07:00:00,0.0,0.0,0.0,0.0,0.0,0.0,0.0,0.0,0.0,230.92571427273867,0.0,0.0
2030-05-22 08:00:00,0.0,0.0,0.0,0.0,0.0,0.0,0.0,0.0,0.0,0.0,0.0,0.0
2030-05-22 09:00:00,0.0,0.0,0.0,0.0,0.0,0.0,0.0,0.0,0.0,0.0,0.0,0.0
2030-05-22 10:00:00,0.0,0.0,0.0,0.0,0.0,0.0,0.0,0.0,0.0,0.0,0.0,0.0
2030-05-22 11:00:00,0.0,0.0,0.0,0.0,0.0,0.0,0.0,0.0,0.0,0.0,0.0,0.0
2030-05-22 12:00:00,0.0,0.0,0.0,0.0,0.0,0.0,0.0,0.0,0.0,0.0,0.0,0.0
2030-05-22 13:00:00,0.0,0.0,0.0,0.0,0.0,0.0,0.0,0.0,0.0,0.0,0.0,0.0
2030-05-22 14:00:00,0.0,0.0,0.0,0.0,0.0,0.0,0.0,0.0,0.0,0.0,0.0,0.0
2030-05-22 15:00:00,0.0,0.0,0.0,0.0,0.0,0.0,0.0,0.0,0.0,0.0,0.0,0.0
2030-05-22 16:00:00,0.0,0.0,0.0,0.0,0.0,0.0,0.0,0.0,0.0,0.0,0.0,0.0
2030-05-22 17:00:00,0.0,0.0,0.0,2044.4293692026986,0.0,0.0,0.0,0.0,222.75419195572584,0.0,0.0,0.0
2030-05-22 18:00:00,0.0,0.0,0.0,643.5898307973035,0.0,0.0,0.0,0.0,6898.967818740504,0.0,0.0,0.0
2030-05-22 19:00:00,0.0,0.0,0.0,3199.99,0.0,0.0,0.0,0.0,0.0,1588.957466906264,0.0,0.0
2030-05-22 20:00:00,0.0,0.0,0.0,0.0,0.0,0.0,0.0,0.0,735.4529316356709,0.0,0.0,0.0
2030-05-22 21:00:00,0.0,0.0,0.0,0.0,0.0,0.0,0.0,0.0,0.0,432.2545194758876,0.0,0.0
2030-05-22 22:00:00,0.0,0.0,0.0,0.0,0.0,0.0,0.0,0.0,0.0,551.378188094558,0.0,0.0
2030-05-22 23:00:00,0.0,0.0,0.0,0.0,0.0,0.0,0.0,0.0,454.31211566167286,0.0,0.0,0.0
2030-05-23 00:00:00,0.0,0.0,0.0,0.0,0.0,0.0,0.0,0.0,0.0,643.3571222655168,0.0,0.0
2030-05-23 01:00:00,0.0,0.0,0.0,0.0,0.0,0.0,0.0,0.0,0.0,704.2000514961911,0.0,0.0
2030-05-23 02:00:00,0.0,0.0,0.0,0.0,0.0,0.0,0.0,0.0,1288.349075667369,2070.0,0.0,0.0
2030-05-23 03:00:00,0.0,0.0,0.0,0.0,0.0,0.0,0.0,0.0,2949.088261062881,2070.0,2290.0,0.0
2030-05-23 04:00:00,0.0,0.0,3180.4718204174933,2688.0192000000015,0.0,0.0,0.0,0.0,6969.42712274212,2070.0,0.0,561.2
2030-05-23 05:00:00,0.0,0.0,1722.7538606334783,3199.99,0.0,0.0,0.0,0.0,8530.0,930.0680481981133,0.0,0.0
2030-05-23 06:00:00,0.0,0.0,0.0,0.0,0.0,0.0,0.0,0.0,1707.5393632242713,2070.0,503.4324229441582,0.0
2030-05-23 07:00:00,0.0,0.0,0.0,0.0,0.0,0.0,0.0,0.0,0.0,0.0,0.0,0.0
2030-05-23 08:00:00,0.0,0.0,0.0,0.0,0.0,0.0,0.0,0.0,0.0,0.0,0.0,0.0
2030-05-23 09:00:00,0.0,0.0,0.0,0.0,0.0,0.0,0.0,0.0,0.0,0.0,0.0,0.0
2030-05-23 10:00:00,0.0,0.0,0.0,0.0,0.0,0.0,0.0,0.0,0.0,0.0,0.0,0.0
2030-05-23 11:00:00,0.0,0.0,0.0,0.0,0.0,0.0,0.0,0.0,0.0,0.0,0.0,0.0
2030-05-23 12:00:00,0.0,0.0,0.0,0.0,0.0,0.0,0.0,0.0,0.0,0.0,0.0,0.0
2030-05-23 13:00:00,0.0,0.0,0.0,0.0,0.0,0.0,0.0,0.0,0.0,0.0,0.0,0.0
2030-05-23 14:00:00,0.0,0.0,0.0,0.0,0.0,0.0,0.0,0.0,0.0,0.0,0.0,0.0
2030-05-23 15:00:00,0.0,0.0,0.0,0.0,0.0,0.0,0.0,0.0,0.0,0.0,0.0,0.0
2030-05-23 16:00:00,0.0,0.0,4777.272484098008,0.0,0.0,0.0,0.0,0.0,6783.104368152606,0.0,0.0,0.0
2030-05-23 17:00:00,0.0,0.0,7381.64,1268.8377410065386,0.0,0.0,0.0,0.0,5452.241808091334,2070.0,0.0,0.0
2030-05-23 18:00:00,1297.0,805.2788287827934,7381.64,3199.99,0.0,0.0,0.0,0.0,6262.463196166465,2070.0,0.0,0.0
2030-05-23 19:00:00,0.0,0.0,7381.64,1047.0679540705532,0.0,0.0,0.0,0.0,6473.742661246038,2070.0,0.0,0.0
2030-05-23 20:00:00,0.0,0.0,7381.64,0.0,0.0,0.0,0.0,0.0,6367.924196881672,2070.0,0.0,0.0
2030-05-23 21:00:00,0.0,0.0,7270.791828068257,0.0,0.0,0.0,0.0,0.0,6048.273661770896,2070.0,0.0,0.0
2030-05-23 22:00:00,0.0,0.0,2645.738676920196,0.0,0.0,0.0,0.0,0.0,6113.357428601379,2070.0,0.0,0.0
2030-05-23 23:00:00,0.0,0.0,2913.7073355932152,0.0,0.0,0.0,0.0,0.0,6040.504112317734,2070.0,0.0,0.0
2030-05-24 00:00:00,0.0,0.0,5550.755830596689,0.0,0.0,0.0,0.0,0.0,5451.384821984533,2070.0,0.0,0.0
2030-05-24 01:00:00,0.0,0.0,7381.64,0.0,0.0,0.0,0.0,0.0,5458.364566056974,2070.0,0.0,0.0
2030-05-24 02:00:00,0.0,0.0,7381.64,0.0,0.0,0.0,0.0,0.0,7394.403086819976,0.0,0.0,0.0
2030-05-24 03:00:00,0.0,0.0,7381.64,0.0,0.0,0.0,0.0,0.0,3415.9381327545957,2070.0,2290.0,0.0
2030-05-24 04:00:00,0.0,0.0,7381.64,1575.4963764430759,0.0,0.0,0.0,0.0,6352.291053182171,2070.0,0.0,0.0
2030-05-24 05:00:00,0.0,0.0,7381.64,0.0,0.0,0.0,0.0,0.0,7994.664466144692,0.0,0.0,561.2
2030-05-24 06:00:00,0.0,0.0,2983.777175640291,0.0,0.0,0.0,0.0,0.0,6109.144436705455,2070.0,0.0,0.0
2030-05-24 07:00:00,0.0,0.0,0.0,0.0,0.0,0.0,0.0,0.0,0.0,0.0,0.0,0.0
2030-05-24 08:00:00,0.0,0.0,0.0,0.0,0.0,0.0,0.0,0.0,0.0,0.0,0.0,0.0
2030-05-24 09:00:00,0.0,0.0,0.0,0.0,0.0,0.0,0.0,0.0,0.0,0.0,0.0,0.0
2030-05-24 10:00:00,0.0,0.0,0.0,0.0,0.0,0.0,0.0,0.0,0.0,0.0,0.0,0.0
2030-05-24 11:00:00,0.0,0.0,0.0,0.0,0.0,0.0,0.0,0.0,0.0,0.0,0.0,0.0
2030-05-24 12:00:00,0.0,0.0,0.0,0.0,0.0,0.0,0.0,0.0,0.0,0.0,0.0,0.0
2030-05-24 13:00:00,0.0,0.0,0.0,0.0,0.0,0.0,0.0,0.0,0.0,0.0,0.0,0.0
2030-05-24 14:00:00,0.0,0.0,0.0,0.0,0.0,0.0,0.0,0.0,0.0,0.0,0.0,0.0
2030-05-24 15:00:00,0.0,0.0,0.0,0.0,0.0,0.0,0.0,0.0,0.0,0.0,0.0,0.0
2030-05-24 16:00:00,0.0,0.0,0.0,0.0,0.0,0.0,0.0,0.0,0.0,0.0,0.0,0.0
2030-05-24 17:00:00,0.0,0.0,0.0,0.0,0.0,0.0,0.0,0.0,0.0,0.0,0.0,0.0
2030-05-24 18:00:00,0.0,0.0,0.0,2688.0192000000015,0.0,0.0,0.0,0.0,3165.875198647767,0.0,0.0,0.0
2030-05-24 19:00:00,0.0,0.0,0.0,3199.99,0.0,0.0,0.0,0.0,0.0,2070.0,0.0,544.7697765600531
2030-05-24 20:00:00,0.0,0.0,0.0,0.0,0.0,0.0,0.0,0.0,0.0,272.1251061948895,0.0,0.0
2030-05-24 21:00:00,0.0,0.0,0.0,0.0,0.0,0.0,0.0,0.0,0.0,0.0,0.0,0.0
2030-05-24 22:00:00,0.0,0.0,0.0,0.0,0.0,0.0,0.0,0.0,0.0,14.400119712649772,0.0,29.002637451911934
2030-05-24 23:00:00,0.0,0.0,0.0,0.0,0.0,0.0,0.0,0.0,0.0,0.0,0.0,0.0
2030-05-25 00:00:00,0.0,0.0,0.0,0.0,0.0,0.0,0.0,0.0,0.0,0.0,0.0,0.0
2030-05-25 01:00:00,0.0,0.0,0.0,1481.1094929027677,0.0,0.0,0.0,0.0,0.0,0.0,0.0,0.0
2030-05-25 02:00:00,0.0,0.0,0.0,0.0,0.0,0.0,0.0,0.0,0.0,0.0,0.0,0.0
2030-05-25 03:00:00,0.0,0.0,0.0,1206.909707097234,0.0,0.0,0.0,0.0,0.0,0.0,0.0,0.0
2030-05-25 04:00:00,0.0,0.0,0.0,3199.99,0.0,0.0,0.0,0.0,0.0,1386.1138471179474,0.0,153.28390156750916
2030-05-25 05:00:00,0.0,0.0,0.0,0.0,0.0,0.0,0.0,0.0,0.0,0.0,0.0,407.91609843249086
2030-05-25 06:00:00,0.0,0.0,0.0,0.0,0.0,0.0,0.0,0.0,0.0,0.0,0.0,0.0
2030-05-25 07:00:00,0.0,0.0,0.0,0.0,0.0,0.0,0.0,0.0,0.0,0.0,0.0,0.0
2030-05-25 08:00:00,0.0,0.0,0.0,0.0,0.0,0.0,0.0,0.0,0.0,0.0,0.0,0.0
2030-05-25 09:00:00,0.0,0.0,0.0,0.0,0.0,0.0,0.0,0.0,0.0,0.0,0.0,0.0
2030-05-25 10:00:00,0.0,0.0,0.0,0.0,0.0,0.0,0.0,0.0,0.0,0.0,0.0,0.0
2030-05-25 11:00:00,0.0,0.0,0.0,0.0,0.0,0.0,0.0,0.0,0.0,0.0,0.0,0.0
2030-05-25 12:00:00,0.0,0.0,0.0,0.0,0.0,0.0,0.0,0.0,0.0,0.0,0.0,0.0
2030-05-25 13:00:00,0.0,0.0,0.0,0.0,0.0,0.0,0.0,0.0,0.0,0.0,0.0,0.0
2030-05-25 14:00:00,0.0,0.0,0.0,0.0,0.0,0.0,0.0,0.0,0.0,0.0,0.0,0.0
2030-05-25 15:00:00,0.0,0.0,0.0,0.0,0.0,0.0,0.0,0.0,0.0,0.0,0.0,0.0
2030-05-25 16:00:00,0.0,0.0,0.0,0.0,0.0,0.0,0.0,0.0,0.0,0.0,0.0,0.0
2030-05-25 17:00:00,0.0,0.0,0.0,0.0,0.0,0.0,0.0,0.0,0.0,0.0,0.0,0.0
2030-05-25 18:00:00,0.0,0.0,0.0,2837.4216312544595,0.0,0.0,0.0,0.0,0.0,0.0,0.0,0.0
2030-05-25 19:00:00,0.0,0.0,0.0,2962.8491454058676,0.0,0.0,0.0,0.0,0.0,0.0,0.0,222.2012074898591
2030-05-25 20:00:00,0.0,0.0,0.0,0.0,0.0,0.0,0.0,0.0,0.0,0.0,0.0,141.1085346549425
2030-05-25 21:00:00,0.0,0.0,0.0,0.0,0.0,0.0,0.0,0.0,0.0,0.0,0.0,0.0
2030-05-25 22:00:00,0.0,0.0,0.0,0.0,0.0,0.0,0.0,0.0,0.0,0.0,0.0,0.0
2030-05-25 23:00:00,0.0,0.0,0.0,0.0,0.0,0.0,0.0,0.0,0.0,0.0,0.0,0.0
2030-05-26 00:00:00,0.0,0.0,0.0,0.0,0.0,0.0,0.0,0.0,0.0,0.0,0.0,0.0
2030-05-26 01:00:00,0.0,0.0,0.0,0.0,0.0,0.0,0.0,0.0,0.0,0.0,0.0,0.0
2030-05-26 02:00:00,0.0,0.0,0.0,0.0,0.0,0.0,0.0,0.0,0.0,0.0,0.0,0.0
2030-05-26 03:00:00,0.0,0.0,0.0,2688.0192000000015,0.0,0.0,0.0,0.0,0.0,0.0,0.0,0.0
2030-05-26 04:00:00,0.0,0.0,0.0,3199.99,0.0,0.0,0.0,0.0,0.0,0.0,0.0,561.2
2030-05-26 05:00:00,0.0,0.0,0.0,0.0,0.0,0.0,0.0,0.0,0.0,0.0,0.0,0.0
2030-05-26 06:00:00,0.0,0.0,0.0,0.0,0.0,0.0,0.0,0.0,0.0,0.0,0.0,0.0
2030-05-26 07:00:00,0.0,0.0,0.0,0.0,0.0,0.0,0.0,0.0,0.0,0.0,0.0,0.0
2030-05-26 08:00:00,0.0,0.0,0.0,0.0,0.0,0.0,0.0,0.0,0.0,0.0,0.0,0.0
2030-05-26 09:00:00,0.0,0.0,0.0,0.0,0.0,0.0,0.0,0.0,0.0,0.0,0.0,0.0
2030-05-26 10:00:00,0.0,0.0,0.0,0.0,0.0,0.0,0.0,0.0,0.0,0.0,0.0,0.0
2030-05-26 11:00:00,0.0,0.0,0.0,0.0,0.0,0.0,0.0,0.0,0.0,0.0,0.0,0.0
2030-05-26 12:00:00,0.0,0.0,0.0,0.0,0.0,0.0,0.0,0.0,0.0,0.0,0.0,0.0
2030-05-26 13:00:00,0.0,0.0,0.0,0.0,0.0,0.0,0.0,0.0,0.0,0.0,0.0,0.0
2030-05-26 14:00:00,0.0,0.0,0.0,0.0,0.0,0.0,0.0,0.0,0.0,0.0,0.0,0.0
2030-05-26 15:00:00,0.0,0.0,0.0,0.0,0.0,0.0,0.0,0.0,0.0,0.0,0.0,0.0
2030-05-26 16:00:00,0.0,0.0,0.0,0.0,0.0,0.0,0.0,0.0,0.0,0.0,0.0,0.0
2030-05-26 17:00:00,0.0,0.0,0.0,0.0,0.0,0.0,0.0,0.0,0.0,0.0,0.0,0.0
2030-05-26 18:00:00,0.0,0.0,0.0,2359.5664139118735,0.0,0.0,0.0,0.0,0.0,0.0,0.0,0.0
2030-05-26 19:00:00,0.0,0.0,0.0,3199.99,0.0,0.0,0.0,0.0,0.0,0.0,0.0,561.2
2030-05-26 20:00:00,0.0,0.0,0.0,328.45278608812794,0.0,0.0,0.0,0.0,0.0,0.0,0.0,0.0
2030-05-26 21:00:00,0.0,0.0,0.0,0.0,0.0,0.0,0.0,0.0,0.0,0.0,0.0,0.0
2030-05-26 22:00:00,0.0,0.0,0.0,0.0,0.0,0.0,0.0,0.0,0.0,0.0,0.0,0.0
2030-05-26 23:00:00,0.0,0.0,0.0,0.0,0.0,0.0,0.0,0.0,0.0,0.0,0.0,0.0
2030-05-27 00:00:00,0.0,0.0,0.0,0.0,0.0,0.0,0.0,0.0,0.0,73.7660693562299,0.0,0.0
2030-05-27 01:00:00,0.0,0.0,0.0,0.0,0.0,0.0,0.0,0.0,125.6805453602954,0.0,0.0,0.0
2030-05-27 02:00:00,0.0,0.0,0.0,0.0,0.0,0.0,0.0,0.0,3525.5130388705716,0.0,0.0,0.0
2030-05-27 03:00:00,0.0,0.0,0.0,1869.8263438896975,0.0,0.0,0.0,0.0,5790.358722655461,2070.0,0.0,0.0
2030-05-27 04:00:00,0.0,0.0,1377.1518646853,3199.99,0.0,0.0,0.0,0.0,5995.250201802722,2070.0,0.0,0.0
2030-05-27 05:00:00,0.0,0.0,0.0,818.1928561103043,0.0,0.0,0.0,0.0,2512.286383550976,2070.0,0.0,561.2
2030-05-27 06:00:00,0.0,0.0,0.0,0.0,0.0,0.0,0.0,0.0,0.0,0.0,0.0,0.0
2030-05-27 07:00:00,0.0,0.0,0.0,0.0,0.0,0.0,0.0,0.0,0.0,0.0,0.0,0.0
2030-05-27 08:00:00,0.0,0.0,0.0,0.0,0.0,0.0,0.0,0.0,0.0,0.0,0.0,0.0
2030-05-27 09:00:00,0.0,0.0,0.0,0.0,0.0,0.0,0.0,0.0,0.0,0.0,0.0,0.0
2030-05-27 10:00:00,0.0,0.0,0.0,0.0,0.0,0.0,0.0,0.0,0.0,0.0,0.0,0.0
2030-05-27 11:00:00,0.0,0.0,0.0,0.0,0.0,0.0,0.0,0.0,0.0,0.0,0.0,0.0
2030-05-27 12:00:00,0.0,0.0,0.0,0.0,0.0,0.0,0.0,0.0,0.0,0.0,0.0,0.0
2030-05-27 13:00:00,0.0,0.0,0.0,0.0,0.0,0.0,0.0,0.0,0.0,0.0,0.0,0.0
2030-05-27 14:00:00,0.0,0.0,0.0,0.0,0.0,0.0,0.0,0.0,0.0,0.0,0.0,0.0
2030-05-27 15:00:00,0.0,0.0,0.0,0.0,0.0,0.0,0.0,0.0,0.0,0.0,0.0,0.0
2030-05-27 16:00:00,0.0,0.0,0.0,0.0,0.0,0.0,0.0,0.0,0.0,0.0,0.0,0.0
2030-05-27 17:00:00,0.0,0.0,0.0,0.0,0.0,0.0,0.0,0.0,6102.88642438951,0.0,0.0,0.0
2030-05-27 18:00:00,1297.0,1644.1,7381.64,3199.99,0.0,0.0,0.0,0.0,5541.491113258167,2070.0,0.0,0.0
2030-05-27 19:00:00,1297.0,1644.1,7381.64,2688.0192000000015,0.0,0.0,0.0,0.0,7758.068192594898,0.0,0.0,0.0
2030-05-27 20:00:00,1297.0,1644.1,7381.64,0.0,0.0,0.0,0.0,0.0,5611.601146657402,2070.0,0.0,0.0
2030-05-27 21:00:00,1297.0,1644.1,3138.4634349524276,0.0,0.0,0.0,0.0,0.0,7511.659453961704,0.0,0.0,0.0
2030-05-27 22:00:00,918.2963196521378,0.0,0.0,0.0,0.0,0.0,0.0,0.0,7616.649832486388,0.0,0.0,0.0
2030-05-27 23:00:00,1297.0,1030.947845862509,0.0,0.0,0.0,0.0,0.0,0.0,7534.998479057375,0.0,0.0,0.0
2030-05-28 00:00:00,1297.0,1644.1,6218.983862355872,0.0,0.0,0.0,0.0,0.0,7579.058867259766,0.0,0.0,0.0
2030-05-28 01:00:00,1297.0,1644.1,7381.64,0.0,0.0,0.0,0.0,0.0,7621.17984631015,0.0,0.0,0.0
2030-05-28 02:00:00,1297.0,1644.1,7381.64,0.0,0.0,0.0,0.0,0.0,7494.861295605729,0.0,0.0,0.0
2030-05-28 03:00:00,1297.0,1644.1,7381.64,3199.99,0.0,0.0,0.0,0.0,7898.280047952859,0.0,0.0,0.0
2030-05-28 04:00:00,1297.0,1644.1,7381.64,0.0,0.0,0.0,0.0,0.0,8506.083734086822,0.0,0.0,0.0
2030-05-28 05:00:00,1297.0,1644.1,7381.64,2688.0192000000015,0.0,0.0,0.0,0.0,8446.939694745372,0.0,0.0,0.0
2030-05-28 06:00:00,1297.0,1644.1,7381.64,0.0,0.0,0.0,0.0,0.0,5887.481506957742,0.0,1176.6020000000062,0.0
2030-05-28 07:00:00,1297.0,1644.1,1431.3727088662454,0.0,0.0,0.0,0.0,0.0,2985.3883095425963,0.0,2290.0,0.0
2030-05-28 08:00:00,0.0,0.0,0.0,0.0,0.0,0.0,0.0,0.0,3389.277517002498,0.0,0.0,561.2
2030-05-28 09:00:00,0.0,0.0,0.0,0.0,0.0,0.0,0.0,0.0,0.0,0.0,0.0,0.0
2030-05-28 10:00:00,0.0,0.0,0.0,0.0,0.0,0.0,0.0,0.0,0.0,0.0,0.0,0.0
2030-05-28 11:00:00,0.0,0.0,0.0,0.0,0.0,0.0,0.0,0.0,0.0,0.0,0.0,0.0
2030-05-28 12:00:00,0.0,0.0,0.0,0.0,0.0,0.0,0.0,0.0,0.0,0.0,0.0,0.0
2030-05-28 13:00:00,0.0,0.0,0.0,0.0,0.0,0.0,0.0,0.0,0.0,0.0,0.0,0.0
2030-05-28 14:00:00,0.0,0.0,0.0,0.0,0.0,0.0,0.0,0.0,3173.077282542259,0.0,0.0,0.0
2030-05-28 15:00:00,0.0,0.0,0.0,0.0,0.0,0.0,0.0,0.0,4066.8404222163344,0.0,0.0,0.0
2030-05-28 16:00:00,1297.0,1644.1,7381.64,0.0,0.0,0.0,0.0,0.0,5216.990262919166,0.0,0.0,0.0
2030-05-28 17:00:00,1297.0,1644.1,7381.64,2688.0192000000015,0.0,0.0,0.0,0.0,6465.493669586556,0.0,0.0,0.0
2030-05-28 18:00:00,1297.0,1644.1,7381.64,0.0,0.0,0.0,0.0,0.0,7670.049656537934,0.0,0.0,0.0
2030-05-28 19:00:00,1297.0,1644.1,7381.64,0.0,0.0,0.0,0.0,0.0,7966.8248934537905,0.0,0.0,0.0
2030-05-28 20:00:00,1297.0,1644.1,7381.64,0.0,0.0,0.0,0.0,0.0,7898.66469772747,0.0,0.0,0.0
2030-05-28 21:00:00,1297.0,1644.1,7381.64,3199.99,0.0,0.0,0.0,0.0,7625.195271186019,0.0,0.0,0.0
2030-05-28 22:00:00,1297.0,1644.1,7381.64,0.0,0.0,0.0,0.0,0.0,7690.878298430303,0.0,0.0,0.0
2030-05-28 23:00:00,1297.0,1644.1,7381.64,0.0,0.0,0.0,0.0,0.0,5548.931101401293,2070.0,0.0,0.0
2030-05-29 00:00:00,1297.0,1644.1,7381.64,0.0,0.0,0.0,0.0,0.0,7520.670776848389,0.0,0.0,0.0
2030-05-29 01:00:00,1297.0,1644.1,7381.64,0.0,0.0,0.0,0.0,0.0,7525.141041485954,0.0,0.0,0.0
2030-05-29 02:00:00,1297.0,1644.1,7381.64,0.0,0.0,0.0,0.0,0.0,7376.693092929423,0.0,0.0,0.0
2030-05-29 03:00:00,1297.0,1644.1,7381.64,0.0,0.0,0.0,0.0,0.0,5662.83184982194,2070.0,0.0,0.0
2030-05-29 04:00:00,1297.0,1644.1,7381.64,0.0,0.0,0.0,0.0,0.0,8317.466982140886,0.0,0.0,0.0
2030-05-29 05:00:00,1297.0,1644.1,7381.64,0.0,0.0,0.0,0.0,0.0,6150.663946316694,2070.0,0.0,0.0
2030-05-29 06:00:00,1297.0,1644.1,7381.64,0.0,0.0,0.0,0.0,0.0,4574.062264122789,0.0,1733.3010000000027,561.2
2030-05-29 07:00:00,0.0,0.0,0.0,0.0,0.0,0.0,0.0,0.0,5072.369173721387,0.0,0.0,0.0
2030-05-29 08:00:00,0.0,0.0,0.0,0.0,0.0,0.0,0.0,0.0,1049.3703981846102,0.0,0.0,0.0
2030-05-29 09:00:00,0.0,0.0,0.0,0.0,0.0,0.0,0.0,0.0,0.0,0.0,0.0,0.0
2030-05-29 10:00:00,0.0,0.0,0.0,0.0,0.0,0.0,0.0,0.0,0.0,0.0,0.0,0.0
2030-05-29 11:00:00,0.0,0.0,0.0,0.0,0.0,0.0,0.0,0.0,0.0,0.0,0.0,0.0
2030-05-29 12:00:00,0.0,0.0,0.0,0.0,0.0,0.0,0.0,0.0,0.0,0.0,0.0,0.0
2030-05-29 13:00:00,0.0,0.0,0.0,0.0,0.0,0.0,0.0,0.0,0.0,0.0,0.0,0.0
2030-05-29 14:00:00,0.0,0.0,0.0,0.0,0.0,0.0,0.0,0.0,0.0,0.0,0.0,0.0
2030-05-29 15:00:00,0.0,0.0,0.0,0.0,0.0,0.0,0.0,0.0,0.0,0.0,0.0,0.0
2030-05-29 16:00:00,0.0,0.0,0.0,0.0,0.0,0.0,0.0,0.0,5211.011182923194,0.0,0.0,0.0
2030-05-29 17:00:00,1297.0,1644.1,4439.606048750324,0.0,0.0,0.0,0.0,0.0,6416.31416199769,0.0,0.0,0.0
2030-05-29 18:00:00,1297.0,1644.1,7381.64,0.0,0.0,0.0,0.0,0.0,7551.794188674529,0.0,0.0,0.0
2030-05-29 19:00:00,1297.0,1644.1,7381.64,3199.99,0.0,0.0,0.0,0.0,7907.733325128579,0.0,0.0,0.0
2030-05-29 20:00:00,1297.0,1644.1,7381.64,0.0,0.0,0.0,0.0,0.0,7838.673402007026,0.0,0.0,0.0
2030-05-29 21:00:00,1297.0,1644.1,7381.64,2688.0192000000015,0.0,0.0,0.0,0.0,7563.953481156041,0.0,0.0,0.0
2030-05-29 22:00:00,1297.0,1644.1,5550.171536739606,0.0,0.0,0.0,0.0,0.0,7641.104740029192,0.0,0.0,0.0
2030-05-29 23:00:00,1297.0,1644.1,5335.816797528951,0.0,0.0,0.0,0.0,0.0,7553.048736295734,0.0,0.0,0.0
2030-05-30 00:00:00,1297.0,1644.1,3102.950718375334,0.0,0.0,0.0,0.0,0.0,7427.635086813117,0.0,0.0,0.0
2030-05-30 01:00:00,1297.0,80.7801388463231,0.0,0.0,0.0,0.0,0.0,0.0,7418.101545088643,0.0,0.0,0.0
2030-05-30 02:00:00,0.0,0.0,0.0,0.0,0.0,0.0,0.0,0.0,7253.850212859868,0.0,0.0,0.0
2030-05-30 03:00:00,0.0,0.0,0.0,0.0,0.0,0.0,0.0,0.0,5298.221463061606,0.0,2290.0,0.0
2030-05-30 04:00:00,0.0,0.0,0.0,0.0,0.0,0.0,0.0,0.0,6478.64206557509,0.0,1676.7178865327273,0.0
2030-05-30 05:00:00,0.0,0.0,0.0,0.0,0.0,0.0,0.0,0.0,8114.514586308032,0.0,0.0,0.0
2030-05-30 06:00:00,0.0,0.0,0.0,0.0,0.0,0.0,0.0,0.0,4735.427626767973,0.0,0.0,561.2
2030-05-30 07:00:00,0.0,0.0,0.0,0.0,0.0,0.0,0.0,0.0,0.0,0.0,0.0,0.0
2030-05-30 08:00:00,0.0,0.0,0.0,0.0,0.0,0.0,0.0,0.0,0.0,0.0,0.0,0.0
2030-05-30 09:00:00,0.0,0.0,0.0,0.0,0.0,0.0,0.0,0.0,0.0,0.0,0.0,0.0
2030-05-30 10:00:00,0.0,0.0,0.0,0.0,0.0,0.0,0.0,0.0,0.0,0.0,0.0,0.0
2030-05-30 11:00:00,0.0,0.0,0.0,0.0,0.0,0.0,0.0,0.0,0.0,0.0,0.0,0.0
2030-05-30 12:00:00,0.0,0.0,0.0,0.0,0.0,0.0,0.0,0.0,0.0,0.0,0.0,0.0
2030-05-30 13:00:00,0.0,0.0,0.0,0.0,0.0,0.0,0.0,0.0,0.0,0.0,0.0,0.0
2030-05-30 14:00:00,0.0,0.0,0.0,0.0,0.0,0.0,0.0,0.0,0.0,0.0,0.0,0.0
2030-05-30 15:00:00,0.0,0.0,0.0,0.0,0.0,0.0,0.0,0.0,0.0,0.0,0.0,0.0
2030-05-30 16:00:00,0.0,0.0,0.0,0.0,0.0,0.0,0.0,0.0,2420.0511046027977,0.0,0.0,0.0
2030-05-30 17:00:00,1297.0,1644.1,3974.218173594916,0.0,0.0,0.0,0.0,0.0,4289.262545702371,2070.0,0.0,0.0
2030-05-30 18:00:00,1297.0,1644.1,7381.64,0.0,0.0,0.0,0.0,0.0,7554.024626495109,0.0,0.0,0.0
2030-05-30 19:00:00,1297.0,1644.1,7381.64,2688.0192000000015,0.0,0.0,0.0,0.0,7846.842529967093,0.0,0.0,0.0
2030-05-30 20:00:00,1297.0,1644.1,7381.64,3199.99,0.0,0.0,0.0,0.0,7782.135470349089,0.0,0.0,0.0
2030-05-30 21:00:00,1297.0,1644.1,7381.64,0.0,0.0,0.0,0.0,0.0,7511.7970661975705,0.0,0.0,0.0
2030-05-30 22:00:00,1297.0,1644.1,7381.64,0.0,0.0,0.0,0.0,0.0,7598.552474101624,0.0,0.0,0.0
2030-05-30 23:00:00,1297.0,1644.1,7381.64,0.0,0.0,0.0,0.0,0.0,7504.470133442973,0.0,0.0,0.0
2030-05-31 00:00:00,1297.0,1644.1,7381.64,0.0,0.0,0.0,0.0,0.0,8530.0,1379.6075090394133,0.0,0.0
2030-05-31 01:00:00,1297.0,1644.1,7381.64,0.0,0.0,0.0,0.0,0.0,8530.0,972.5101658060245,0.0,561.2
2030-05-31 02:00:00,1297.0,1644.1,7381.64,0.0,0.0,0.0,0.0,0.0,8530.0,1577.1730960260702,0.0,0.0
2030-05-31 03:00:00,1297.0,1644.1,7381.64,0.0,0.0,0.0,0.0,0.0,8530.0,1250.8437164809056,0.0,0.0
2030-05-31 04:00:00,1297.0,1644.1,7381.64,0.0,0.0,0.0,0.0,0.0,8530.0,167.6201140553115,0.0,0.0
2030-05-31 05:00:00,1297.0,1644.1,7381.64,0.0,0.0,0.0,0.0,0.0,7277.390285226202,0.0,0.0,0.0
2030-05-31 06:00:00,1297.0,1644.1,7381.64,0.0,0.0,0.0,0.0,0.0,5117.52476833146,1187.1902500355227,0.0,0.0
2030-05-31 07:00:00,0.0,0.0,0.0,0.0,0.0,0.0,0.0,0.0,4331.662368766208,0.0,0.0,0.0
2030-05-31 08:00:00,0.0,0.0,0.0,0.0,0.0,0.0,0.0,0.0,2458.7153447482788,0.0,0.0,0.0
2030-05-31 09:00:00,0.0,0.0,0.0,0.0,0.0,0.0,0.0,0.0,0.0,0.0,0.0,0.0
2030-05-31 10:00:00,0.0,0.0,0.0,0.0,0.0,0.0,0.0,0.0,0.0,0.0,0.0,0.0
2030-05-31 11:00:00,0.0,0.0,0.0,0.0,0.0,0.0,0.0,0.0,0.0,0.0,0.0,0.0
2030-05-31 12:00:00,0.0,0.0,0.0,0.0,0.0,0.0,0.0,0.0,0.0,0.0,0.0,0.0
2030-05-31 13:00:00,0.0,0.0,0.0,0.0,0.0,0.0,0.0,0.0,0.0,0.0,0.0,0.0
2030-05-31 14:00:00,0.0,0.0,0.0,0.0,0.0,0.0,0.0,0.0,0.0,0.0,0.0,0.0
2030-05-31 15:00:00,0.0,0.0,0.0,0.0,0.0,0.0,0.0,0.0,1384.8318397320222,2070.0,0.0,0.0
2030-05-31 16:00:00,0.0,0.0,0.0,0.0,0.0,0.0,0.0,0.0,2884.6417020229696,2070.0,0.0,0.0
2030-05-31 17:00:00,1297.0,1644.1,7381.64,0.0,0.0,0.0,0.0,0.0,4272.080554403326,2070.0,0.0,0.0
2030-05-31 18:00:00,1297.0,1644.1,7381.64,0.0,0.0,0.0,0.0,0.0,5290.904586404475,2070.0,0.0,0.0
2030-05-31 19:00:00,1297.0,1644.1,7381.64,2688.0192000000015,0.0,0.0,0.0,0.0,5579.753632438391,2070.0,0.0,0.0
2030-05-31 20:00:00,1297.0,1644.1,7381.64,3199.99,0.0,0.0,0.0,0.0,6012.065344784804,2070.0,0.0,0.0
2030-05-31 21:00:00,1297.0,1644.1,7381.64,0.0,0.0,0.0,0.0,0.0,6462.719890850853,2070.0,0.0,0.0
2030-05-31 22:00:00,1297.0,1644.1,7381.64,0.0,0.0,0.0,0.0,0.0,7226.868976462092,2070.0,0.0,0.0
2030-05-31 23:00:00,1297.0,1644.1,7381.64,0.0,0.0,0.0,0.0,0.0,7544.093556580125,2070.0,0.0,0.0
2030-06-01 00:00:00,1297.0,1644.1,7381.64,0.0,0.0,0.0,0.0,0.0,7862.532995255137,2070.0,0.0,0.0
2030-06-01 01:00:00,1297.0,1644.1,7381.64,0.0,0.0,0.0,0.0,0.0,8530.0,1532.3353871185939,0.0,0.0
2030-06-01 02:00:00,1297.0,1644.1,7381.64,0.0,0.0,0.0,0.0,0.0,8015.483181607856,2070.0,0.0,0.0
2030-06-01 03:00:00,1297.0,1644.1,7381.64,0.0,0.0,0.0,0.0,0.0,7669.089825419661,2070.0,0.0,0.0
2030-06-01 04:00:00,1297.0,1644.1,7381.64,0.0,0.0,0.0,0.0,0.0,6546.987391524499,2070.0,0.0,0.0
2030-06-01 05:00:00,1297.0,1644.1,7381.64,0.0,0.0,0.0,0.0,0.0,7052.072637972085,0.0,0.0,0.0
2030-06-01 06:00:00,1297.0,1644.1,7381.64,0.0,0.0,0.0,0.0,0.0,4034.842539426919,2070.0,0.0,0.0
2030-06-01 07:00:00,1297.0,1644.1,7381.64,0.0,0.0,0.0,0.0,0.0,2767.185810915954,2070.0,0.0,0.0
2030-06-01 08:00:00,0.0,0.0,0.0,0.0,0.0,0.0,0.0,0.0,1500.43164006468,2070.0,0.0,0.0
2030-06-01 09:00:00,0.0,0.0,0.0,0.0,0.0,0.0,0.0,0.0,883.5121896482608,2070.0,0.0,0.0
2030-06-01 10:00:00,0.0,0.0,0.0,0.0,0.0,0.0,0.0,0.0,9.263491602150683,2070.0,0.0,0.0
2030-06-01 11:00:00,0.0,0.0,0.0,0.0,0.0,0.0,0.0,0.0,0.0,1665.3094391379889,0.0,0.0
2030-06-01 12:00:00,0.0,0.0,0.0,0.0,0.0,0.0,0.0,0.0,0.0,2030.2775526031803,0.0,0.0
2030-06-01 13:00:00,0.0,0.0,0.0,0.0,0.0,0.0,0.0,0.0,1201.1419724525688,2070.0,0.0,0.0
2030-06-01 14:00:00,0.0,0.0,0.0,0.0,0.0,0.0,0.0,0.0,3346.0328854691056,0.0,0.0,0.0
2030-06-01 15:00:00,1297.0,1644.1,3201.578405143835,0.0,0.0,0.0,0.0,0.0,2091.3420172158394,2070.0,0.0,0.0
2030-06-01 16:00:00,1297.0,1644.1,7381.64,2688.0192000000015,0.0,0.0,0.0,0.0,5359.866758024725,0.0,0.0,0.0
2030-06-01 17:00:00,1297.0,1644.1,7381.64,3199.99,0.0,0.0,0.0,0.0,6426.794772522107,0.0,0.0,0.0
2030-06-01 18:00:00,1297.0,1644.1,7381.64,0.0,0.0,0.0,0.0,0.0,7240.403474565652,0.0,0.0,0.0
2030-06-01 19:00:00,1297.0,1644.1,7000.932095497308,0.0,0.0,0.0,0.0,0.0,7580.5259481288795,0.0,0.0,0.0
2030-06-01 20:00:00,0.0,0.0,0.0,0.0,0.0,0.0,0.0,0.0,8031.419111310576,0.0,0.0,0.0
2030-06-01 21:00:00,0.0,0.0,0.0,0.0,0.0,0.0,0.0,0.0,7914.31893699375,0.0,0.0,561.2
2030-06-01 22:00:00,0.0,0.0,0.0,0.0,0.0,0.0,0.0,0.0,4699.933169302694,0.0,0.0,0.0
2030-06-01 23:00:00,0.0,0.0,0.0,0.0,0.0,0.0,0.0,0.0,2051.952505264321,0.0,0.0,0.0
2030-06-02 00:00:00,0.0,0.0,0.0,0.0,0.0,0.0,0.0,0.0,0.0,0.0,0.0,0.0
2030-06-02 01:00:00,0.0,0.0,0.0,0.0,0.0,0.0,0.0,0.0,0.0,0.0,0.0,0.0
2030-06-02 02:00:00,0.0,0.0,0.0,0.0,0.0,0.0,0.0,0.0,0.0,0.0,0.0,0.0
2030-06-02 03:00:00,0.0,0.0,0.0,0.0,0.0,0.0,0.0,0.0,0.0,0.0,0.0,0.0
2030-06-02 04:00:00,0.0,0.0,0.0,0.0,0.0,0.0,0.0,0.0,0.0,0.0,0.0,0.0
2030-06-02 05:00:00,0.0,0.0,0.0,0.0,0.0,0.0,0.0,0.0,0.0,0.0,0.0,0.0
2030-06-02 06:00:00,0.0,0.0,0.0,0.0,0.0,0.0,0.0,0.0,0.0,0.0,0.0,0.0
2030-06-02 07:00:00,0.0,0.0,0.0,0.0,0.0,0.0,0.0,0.0,0.0,0.0,0.0,0.0
2030-06-02 08:00:00,0.0,0.0,0.0,0.0,0.0,0.0,0.0,0.0,0.0,0.0,0.0,0.0
2030-06-02 09:00:00,0.0,0.0,0.0,0.0,0.0,0.0,0.0,0.0,0.0,0.0,0.0,0.0
2030-06-02 10:00:00,0.0,0.0,0.0,0.0,0.0,0.0,0.0,0.0,0.0,0.0,0.0,0.0
2030-06-02 11:00:00,0.0,0.0,0.0,0.0,0.0,0.0,0.0,0.0,0.0,0.0,0.0,0.0
2030-06-02 12:00:00,0.0,0.0,0.0,0.0,0.0,0.0,0.0,0.0,0.0,0.0,0.0,0.0
2030-06-02 13:00:00,0.0,0.0,0.0,0.0,0.0,0.0,0.0,0.0,0.0,0.0,0.0,0.0
2030-06-02 14:00:00,0.0,0.0,0.0,0.0,0.0,0.0,0.0,0.0,0.0,0.0,0.0,0.0
2030-06-02 15:00:00,0.0,0.0,0.0,0.0,0.0,0.0,0.0,0.0,0.0,0.0,0.0,0.0
2030-06-02 16:00:00,0.0,0.0,0.0,0.0,0.0,0.0,0.0,0.0,0.0,0.0,0.0,0.0
2030-06-02 17:00:00,0.0,0.0,0.0,0.0,0.0,0.0,0.0,0.0,0.0,0.0,0.0,0.0
2030-06-02 18:00:00,0.0,0.0,0.0,0.0,0.0,0.0,0.0,0.0,0.0,0.0,0.0,0.0
2030-06-02 19:00:00,0.0,0.0,0.0,0.0,0.0,0.0,0.0,0.0,7121.350342446667,0.0,0.0,0.0
2030-06-02 20:00:00,0.0,0.0,0.0,442.8622714624071,0.0,0.0,0.0,0.0,7093.705037830671,0.0,0.0,0.0
2030-06-02 21:00:00,0.0,0.0,0.0,0.0,0.0,0.0,0.0,0.0,6973.161567923702,0.0,0.0,0.0
2030-06-02 22:00:00,0.0,0.0,0.0,0.0,0.0,0.0,0.0,0.0,7130.612637148235,0.0,0.0,0.0
2030-06-02 23:00:00,0.0,0.0,0.0,0.0,0.0,0.0,0.0,0.0,7053.655829396963,0.0,0.0,0.0
2030-06-03 00:00:00,0.0,0.0,0.0,0.0,0.0,0.0,0.0,0.0,7436.8157166502015,0.0,0.0,0.0
2030-06-03 01:00:00,0.0,0.0,0.0,0.0,0.0,0.0,0.0,0.0,7422.785789935403,0.0,0.0,0.0
2030-06-03 02:00:00,0.0,0.0,0.0,2245.156928537594,0.0,0.0,0.0,0.0,7269.02920841735,0.0,0.0,0.0
2030-06-03 03:00:00,0.0,0.0,0.0,3199.99,0.0,0.0,0.0,0.0,4682.333145993248,2070.0,0.0,561.2
2030-06-03 04:00:00,0.0,0.0,0.0,0.0,0.0,0.0,0.0,0.0,6095.376265287343,1378.206949901312,0.0,0.0
2030-06-03 05:00:00,0.0,0.0,0.0,0.0,0.0,0.0,0.0,0.0,7025.917911448359,0.0,0.0,0.0
2030-06-03 06:00:00,0.0,0.0,0.0,0.0,0.0,0.0,0.0,0.0,0.0,0.0,0.0,0.0
2030-06-03 07:00:00,0.0,0.0,0.0,0.0,0.0,0.0,0.0,0.0,0.0,0.0,0.0,0.0
2030-06-03 08:00:00,0.0,0.0,0.0,0.0,0.0,0.0,0.0,0.0,0.0,0.0,0.0,0.0
2030-06-03 09:00:00,0.0,0.0,0.0,0.0,0.0,0.0,0.0,0.0,0.0,0.0,0.0,0.0
2030-06-03 10:00:00,0.0,0.0,0.0,0.0,0.0,0.0,0.0,0.0,0.0,0.0,0.0,0.0
2030-06-03 11:00:00,0.0,0.0,0.0,0.0,0.0,0.0,0.0,0.0,0.0,0.0,0.0,0.0
2030-06-03 12:00:00,0.0,0.0,0.0,0.0,0.0,0.0,0.0,0.0,0.0,0.0,0.0,0.0
2030-06-03 13:00:00,0.0,0.0,0.0,0.0,0.0,0.0,0.0,0.0,0.0,0.0,0.0,0.0
2030-06-03 14:00:00,0.0,0.0,0.0,0.0,0.0,0.0,0.0,0.0,0.0,0.0,0.0,0.0
2030-06-03 15:00:00,0.0,0.0,0.0,0.0,0.0,0.0,0.0,0.0,0.0,0.0,0.0,0.0
2030-06-03 16:00:00,0.0,0.0,0.0,0.0,0.0,0.0,0.0,0.0,0.0,0.0,0.0,0.0
2030-06-03 17:00:00,0.0,0.0,0.0,0.0,0.0,0.0,0.0,0.0,6340.486054729788,0.0,0.0,0.0
2030-06-03 18:00:00,1297.0,1644.1,2754.268642753137,0.0,0.0,0.0,0.0,0.0,5676.5099439322275,2070.0,0.0,0.0
2030-06-03 19:00:00,1297.0,1644.1,7381.64,0.0,0.0,0.0,0.0,0.0,5746.287286443168,2070.0,0.0,0.0
2030-06-03 20:00:00,1297.0,1644.1,7381.64,0.0,0.0,0.0,0.0,0.0,7619.871656048812,0.0,0.0,0.0
2030-06-03 21:00:00,1297.0,1644.1,7381.64,0.0,0.0,0.0,0.0,0.0,7423.931969262717,0.0,0.0,0.0
2030-06-03 22:00:00,1297.0,1644.1,7381.64,0.0,0.0,0.0,0.0,0.0,7502.464613442012,0.0,0.0,0.0
2030-06-03 23:00:00,1297.0,1644.1,7381.64,0.0,0.0,0.0,0.0,0.0,7335.465669853888,0.0,0.0,0.0
2030-06-04 00:00:00,1297.0,1644.1,7381.64,0.0,0.0,0.0,0.0,0.0,7989.748081722334,0.0,0.0,0.0
2030-06-04 01:00:00,1297.0,1644.1,7381.64,0.0,0.0,0.0,0.0,0.0,7996.674677301947,0.0,0.0,0.0
2030-06-04 02:00:00,1297.0,1644.1,7381.64,0.0,0.0,0.0,0.0,0.0,7884.123900621053,0.0,0.0,0.0
2030-06-04 03:00:00,1297.0,1644.1,7381.64,1994.060599933926,0.0,0.0,0.0,0.0,8394.753794069255,0.0,0.0,0.0
2030-06-04 04:00:00,1297.0,1644.1,7381.64,1599.3882718758146,0.0,0.0,0.0,0.0,8530.0,560.8658479870286,0.0,0.0
2030-06-04 05:00:00,1297.0,1644.1,7381.64,2294.5603281902604,0.0,0.0,0.0,0.0,6758.434553629358,2070.0,0.0,0.0
2030-06-04 06:00:00,1297.0,1644.1,7381.64,0.0,0.0,0.0,0.0,0.0,6252.864010384671,2070.0,0.0,0.0
2030-06-04 07:00:00,1297.0,1644.1,5658.183558334313,0.0,0.0,0.0,0.0,0.0,5612.130176150101,2070.0,0.0,0.0
2030-06-04 08:00:00,1297.0,1644.1,103.77268913673834,0.0,0.0,0.0,0.0,0.0,7161.356939595657,0.0,0.0,0.0
2030-06-04 09:00:00,0.0,0.0,0.0,0.0,0.0,0.0,0.0,0.0,6772.425592107439,0.0,0.0,0.0
2030-06-04 10:00:00,0.0,0.0,0.0,0.0,0.0,0.0,0.0,0.0,5681.954419630952,0.0,0.0,0.0
2030-06-04 11:00:00,0.0,0.0,0.0,0.0,0.0,0.0,0.0,0.0,5523.189260879204,0.0,0.0,0.0
2030-06-04 12:00:00,0.0,0.0,0.0,0.0,0.0,0.0,0.0,0.0,5903.745579044501,0.0,0.0,0.0
2030-06-04 13:00:00,0.0,0.0,0.0,0.0,0.0,0.0,0.0,0.0,6516.5257902416015,0.0,0.0,0.0
2030-06-04 14:00:00,0.0,0.0,0.0,0.0,0.0,0.0,0.0,0.0,7113.3410088903465,0.0,0.0,0.0
2030-06-04 15:00:00,0.0,0.0,0.0,0.0,0.0,0.0,0.0,0.0,7241.710796952125,0.0,0.0,0.0
2030-06-04 16:00:00,1297.0,1644.1,1007.0199176371316,0.0,0.0,0.0,0.0,0.0,7367.867063223503,0.0,0.0,0.0
2030-06-04 17:00:00,1297.0,1644.1,7381.64,0.0,0.0,0.0,0.0,0.0,7696.16553607043,0.0,0.0,0.0
2030-06-04 18:00:00,1297.0,1644.1,7381.64,0.0,0.0,0.0,0.0,0.0,8193.951945075984,0.0,0.0,0.0
2030-06-04 19:00:00,1297.0,1644.1,7381.64,0.0,0.0,0.0,0.0,0.0,6125.501403554664,2070.0,0.0,0.0
2030-06-04 20:00:00,1297.0,1644.1,7381.64,0.0,0.0,0.0,0.0,0.0,8120.9153327416,0.0,0.0,0.0
2030-06-04 21:00:00,1297.0,1644.1,7381.64,0.0,0.0,0.0,0.0,0.0,7784.1864428981,0.0,0.0,0.0
2030-06-04 22:00:00,1297.0,1644.1,7381.64,0.0,0.0,0.0,0.0,0.0,7906.160629951131,0.0,0.0,0.0
2030-06-04 23:00:00,1297.0,1644.1,7381.64,0.0,0.0,0.0,0.0,0.0,7836.735145886852,0.0,0.0,0.0
2030-06-05 00:00:00,1297.0,1644.1,7381.64,0.0,0.0,0.0,0.0,0.0,8022.217687632892,0.0,0.0,0.0
2030-06-05 01:00:00,1297.0,1644.1,7381.64,0.0,0.0,0.0,0.0,0.0,8088.477894833165,0.0,0.0,0.0
2030-06-05 02:00:00,1297.0,1644.1,7381.64,0.0,0.0,0.0,0.0,0.0,7488.138782159884,517.7774018145299,0.0,0.0
2030-06-05 03:00:00,1297.0,1644.1,7381.64,3199.99,0.0,0.0,0.0,0.0,8530.0,30.727222368628688,0.0,0.0
2030-06-05 04:00:00,1297.0,1644.1,7381.64,0.0,0.0,0.0,0.0,0.0,8530.0,714.114456471823,0.0,0.0
2030-06-05 05:00:00,1297.0,1644.1,7381.64,2688.0192000000015,0.0,0.0,0.0,0.0,8530.0,641.434117231954,0.0,0.0
2030-06-05 06:00:00,1297.0,1644.1,7381.64,0.0,0.0,0.0,0.0,0.0,8358.554842190675,0.0,0.0,0.0
2030-06-05 07:00:00,1297.0,1644.1,7381.64,0.0,0.0,0.0,0.0,0.0,7570.054227091734,0.0,0.0,0.0
2030-06-05 08:00:00,1297.0,1644.1,6066.440699170205,0.0,0.0,0.0,0.0,0.0,6831.431058634838,0.0,0.0,0.0
2030-06-05 09:00:00,111.56482616536596,0.0,0.0,0.0,0.0,0.0,0.0,0.0,5453.889590274763,0.0,0.0,0.0
2030-06-05 10:00:00,0.0,0.0,0.0,0.0,0.0,0.0,0.0,0.0,3788.857014978521,0.0,0.0,0.0
2030-06-05 11:00:00,0.0,0.0,0.0,0.0,0.0,0.0,0.0,0.0,3099.1316609055,0.0,0.0,0.0
2030-06-05 12:00:00,0.0,0.0,0.0,0.0,0.0,0.0,0.0,0.0,2540.880012349134,0.0,0.0,0.0
2030-06-05 13:00:00,0.0,0.0,0.0,0.0,0.0,0.0,0.0,0.0,1547.487359886376,1045.755754483514,0.0,0.0
2030-06-05 14:00:00,0.0,0.0,0.0,0.0,0.0,0.0,0.0,0.0,3402.466964553796,0.0,0.0,0.0
2030-06-05 15:00:00,0.0,0.0,0.0,0.0,0.0,0.0,0.0,0.0,4212.468520615124,0.0,0.0,0.0
2030-06-05 16:00:00,0.0,0.0,0.0,0.0,0.0,0.0,0.0,0.0,4481.532538691887,697.1705029890093,0.0,0.0
2030-06-05 17:00:00,1297.0,1644.1,0.0,2507.3862507280865,0.0,0.0,0.0,0.0,6522.226011725937,0.0,0.0,0.0
2030-06-05 18:00:00,1297.0,1644.1,845.1026105671044,3199.99,0.0,0.0,0.0,0.0,6565.958461606165,1045.755754483514,0.0,0.0
2030-06-05 19:00:00,1297.0,1644.1,1296.5854400952019,180.63294927191535,0.0,0.0,0.0,0.0,8057.509664252454,0.0,0.0,0.0
2030-06-05 20:00:00,0.0,0.0,0.0,0.0,0.0,0.0,0.0,0.0,8029.402852892217,0.0,0.0,0.0
2030-06-05 21:00:00,0.0,0.0,0.0,0.0,0.0,0.0,0.0,0.0,7370.739522628447,348.58525149450463,0.0,0.0
2030-06-05 22:00:00,0.0,0.0,0.0,0.0,0.0,0.0,0.0,0.0,5789.743962395771,2070.0,0.0,0.0
2030-06-05 23:00:00,0.0,0.0,0.0,0.0,0.0,0.0,0.0,0.0,5764.502376181766,2070.0,0.0,0.0
2030-06-06 00:00:00,0.0,0.0,0.0,0.0,0.0,0.0,0.0,0.0,6274.757076528695,2070.0,0.0,0.0
2030-06-06 01:00:00,0.0,0.0,0.0,0.0,0.0,0.0,0.0,0.0,6281.260387434193,2070.0,0.0,0.0
2030-06-06 02:00:00,0.0,0.0,0.0,0.0,0.0,0.0,0.0,0.0,6385.985202949296,2070.0,0.0,0.0
2030-06-06 03:00:00,0.0,0.0,0.0,0.0,0.0,0.0,0.0,0.0,6958.910841693359,2070.0,0.0,0.0
2030-06-06 04:00:00,0.0,0.0,0.0,0.0,0.0,0.0,0.0,0.0,7150.001744545502,2070.0,0.0,561.2
2030-06-06 05:00:00,0.0,0.0,0.0,0.0,0.0,0.0,0.0,0.0,7591.466833100918,2070.0,0.0,0.0
2030-06-06 06:00:00,0.0,0.0,0.0,0.0,0.0,0.0,0.0,0.0,6608.294389143782,2070.0,0.0,0.0
2030-06-06 07:00:00,0.0,0.0,0.0,0.0,0.0,0.0,0.0,0.0,0.0,0.0,6.484964301878101,0.0
2030-06-06 08:00:00,0.0,0.0,0.0,0.0,0.0,0.0,0.0,0.0,0.0,0.0,0.0,0.0
2030-06-06 09:00:00,0.0,0.0,0.0,0.0,0.0,0.0,0.0,0.0,0.0,0.0,0.0,0.0
2030-06-06 10:00:00,0.0,0.0,0.0,0.0,0.0,0.0,0.0,0.0,0.0,0.0,0.0,0.0
2030-06-06 11:00:00,0.0,0.0,0.0,0.0,0.0,0.0,0.0,0.0,0.0,0.0,0.0,0.0
2030-06-06 12:00:00,0.0,0.0,0.0,0.0,0.0,0.0,0.0,0.0,0.0,0.0,0.0,0.0
2030-06-06 13:00:00,0.0,0.0,0.0,0.0,0.0,0.0,0.0,0.0,0.0,0.0,0.0,0.0
2030-06-06 14:00:00,0.0,0.0,0.0,0.0,0.0,0.0,0.0,0.0,0.0,0.0,0.0,0.0
2030-06-06 15:00:00,0.0,0.0,0.0,0.0,0.0,0.0,0.0,0.0,4030.6097836435533,0.0,0.0,0.0
2030-06-06 16:00:00,1297.0,1153.4532083819686,0.0,0.0,0.0,0.0,0.0,0.0,5384.808906704942,0.0,0.0,0.0
2030-06-06 17:00:00,1297.0,1644.1,7381.64,0.0,0.0,0.0,0.0,0.0,7065.443379889584,0.0,0.0,0.0
2030-06-06 18:00:00,1297.0,1644.1,7381.64,1819.946376768522,0.0,0.0,0.0,0.0,8530.0,51.13483689569012,0.0,0.0
2030-06-06 19:00:00,1297.0,1644.1,7381.64,3199.99,0.0,0.0,0.0,0.0,8530.0,142.7912776598136,0.0,0.0
2030-06-06 20:00:00,1297.0,1644.1,7381.64,0.0,0.0,0.0,0.0,0.0,6429.677302829218,2070.0,0.0,0.0
2030-06-06 21:00:00,1297.0,1644.1,7381.64,0.0,0.0,0.0,0.0,0.0,6159.6294321632895,2070.0,0.0,0.0
2030-06-06 22:00:00,1297.0,1644.1,7381.64,0.0,0.0,0.0,0.0,0.0,8318.441912619808,0.0,0.0,0.0
2030-06-06 23:00:00,1297.0,1644.1,7381.64,868.0728232314796,0.0,0.0,0.0,0.0,6162.74803294263,2070.0,0.0,0.0
2030-06-07 00:00:00,1297.0,1644.1,7381.64,0.0,0.0,0.0,0.0,0.0,5412.4271224418135,2070.0,0.0,0.0
2030-06-07 01:00:00,1297.0,1644.1,7381.64,0.0,0.0,0.0,0.0,0.0,5407.073131730557,2070.0,0.0,0.0
2030-06-07 02:00:00,1297.0,1644.1,7381.64,0.0,0.0,0.0,0.0,0.0,7323.2143285293605,0.0,0.0,0.0
2030-06-07 03:00:00,1297.0,1644.1,7381.64,0.0,0.0,0.0,0.0,0.0,7780.219181759181,0.0,0.0,0.0
2030-06-07 04:00:00,1297.0,1644.1,7381.64,1330.0715879705822,0.0,0.0,0.0,0.0,8479.528234379019,0.0,0.0,0.0
2030-06-07 05:00:00,1297.0,1644.1,7381.64,0.0,0.0,0.0,0.0,0.0,8319.221489617317,0.0,0.0,0.0
2030-06-07 06:00:00,1297.0,1644.1,7381.64,0.0,0.0,0.0,0.0,0.0,6033.463661230361,2070.0,0.0,0.0
2030-06-07 07:00:00,1297.0,1644.1,2937.5596640087133,0.0,0.0,0.0,0.0,0.0,5838.921229211066,2070.0,0.0,0.0
2030-06-07 08:00:00,0.0,0.0,0.0,0.0,0.0,0.0,0.0,0.0,5486.147098989616,2070.0,0.0,0.0
2030-06-07 09:00:00,0.0,0.0,0.0,0.0,0.0,0.0,0.0,0.0,5037.5589342240755,2070.0,0.0,0.0
2030-06-07 10:00:00,0.0,0.0,0.0,0.0,0.0,0.0,0.0,0.0,4240.759298994687,2070.0,0.0,0.0
2030-06-07 11:00:00,0.0,0.0,0.0,0.0,0.0,0.0,0.0,0.0,4378.512090408957,2070.0,0.0,0.0
2030-06-07 12:00:00,0.0,0.0,0.0,0.0,0.0,0.0,0.0,0.0,4682.889542159526,2070.0,0.0,0.0
2030-06-07 13:00:00,0.0,0.0,0.0,0.0,0.0,0.0,0.0,0.0,4823.986179564271,2070.0,0.0,0.0
2030-06-07 14:00:00,0.0,0.0,0.0,0.0,0.0,0.0,0.0,0.0,5030.147643930293,2070.0,0.0,0.0
2030-06-07 15:00:00,0.0,0.0,0.0,0.0,0.0,0.0,0.0,0.0,4991.688552137744,2070.0,0.0,0.0
2030-06-07 16:00:00,0.0,0.0,0.0,0.0,0.0,0.0,0.0,0.0,4895.374009910819,2070.0,0.0,0.0
2030-06-07 17:00:00,1297.0,1644.1,7381.64,0.0,0.0,0.0,0.0,0.0,4925.564923857357,2070.0,0.0,0.0
2030-06-07 18:00:00,1297.0,1644.1,7381.64,2179.419271092149,0.0,0.0,0.0,0.0,5490.536121608485,2070.0,0.0,0.0
2030-06-07 19:00:00,1297.0,1644.1,7381.64,3199.99,0.0,0.0,0.0,0.0,5850.4177511896905,2070.0,0.0,0.0
2030-06-07 20:00:00,1297.0,1644.1,7381.64,0.0,0.0,0.0,0.0,0.0,5767.827091809378,2070.0,0.0,0.0
2030-06-07 21:00:00,1297.0,1644.1,7381.64,0.0,0.0,0.0,0.0,0.0,5435.518621615077,2070.0,0.0,0.0
2030-06-07 22:00:00,1297.0,1644.1,7381.64,508.5999289078529,0.0,0.0,0.0,0.0,5506.6906665205015,2070.0,0.0,0.0
2030-06-07 23:00:00,1297.0,1644.1,7381.64,0.0,0.0,0.0,0.0,0.0,5393.533827287574,2070.0,0.0,0.0
2030-06-08 00:00:00,1297.0,1644.1,7381.64,0.0,0.0,0.0,0.0,0.0,5827.7027531361955,2070.0,0.0,0.0
2030-06-08 01:00:00,1297.0,1644.1,7381.64,0.0,0.0,0.0,0.0,0.0,5858.321500239993,2070.0,0.0,0.0
2030-06-08 02:00:00,1297.0,1644.1,7381.64,0.0,0.0,0.0,0.0,0.0,5740.94051647935,2070.0,0.0,0.0
2030-06-08 03:00:00,1297.0,1644.1,7381.64,1550.8119891152164,0.0,0.0,0.0,0.0,6235.118693211291,2070.0,0.0,0.0
2030-06-08 04:00:00,1297.0,1644.1,7381.64,2246.99219553756,0.0,0.0,0.0,0.0,6964.435832331119,2070.0,0.0,0.0
2030-06-08 05:00:00,1297.0,1644.1,7381.64,0.0,0.0,0.0,0.0,0.0,6771.454567058158,2070.0,0.0,0.0
2030-06-08 06:00:00,1297.0,1644.1,7381.64,0.0,0.0,0.0,0.0,0.0,5718.361012541267,2070.0,0.0,0.0
2030-06-08 07:00:00,1297.0,1644.1,7381.64,0.0,0.0,0.0,0.0,0.0,4377.038239536664,2070.0,0.0,0.0
2030-06-08 08:00:00,1297.0,1644.1,5250.439408656914,0.0,0.0,0.0,0.0,0.0,3264.266150070768,2070.0,0.0,0.0
2030-06-08 09:00:00,1297.0,705.7803359065147,0.0,0.0,0.0,0.0,0.0,0.0,1973.7346341877985,2070.0,0.0,0.0
2030-06-08 10:00:00,0.0,0.0,0.0,0.0,0.0,0.0,0.0,0.0,1267.2582572238532,1725.4362057079645,0.0,0.0
2030-06-08 11:00:00,0.0,0.0,0.0,0.0,0.0,0.0,0.0,0.0,2692.294749428982,0.0,0.0,0.0
2030-06-08 12:00:00,0.0,0.0,0.0,0.0,0.0,0.0,0.0,0.0,573.2867321703727,2070.0,0.0,0.0
2030-06-08 13:00:00,0.0,0.0,0.0,0.0,0.0,0.0,0.0,0.0,689.6097944764624,2070.0,0.0,0.0
2030-06-08 14:00:00,0.0,0.0,0.0,0.0,0.0,0.0,0.0,0.0,1210.9029503702188,2070.0,0.0,0.0
2030-06-08 15:00:00,1297.0,1644.1,4731.59121155049,0.0,0.0,0.0,0.0,0.0,2410.111120974701,2070.0,0.0,0.0
2030-06-08 16:00:00,1297.0,1644.1,7381.64,760.4651135736713,0.0,0.0,0.0,0.0,3813.0447147788614,2070.0,0.0,0.0
2030-06-08 17:00:00,1297.0,1644.1,7381.64,3199.99,0.0,0.0,0.0,0.0,7074.24965703721,0.0,0.0,0.0
2030-06-08 18:00:00,1297.0,1644.1,7381.64,50.80385135907933,0.0,0.0,0.0,0.0,5893.891471257424,2070.0,0.0,0.0
2030-06-08 19:00:00,1297.0,1644.1,7381.64,1876.7502350672512,0.0,0.0,0.0,0.0,6086.087625374432,2070.0,0.0,0.0
2030-06-08 20:00:00,1297.0,1644.1,1585.2237224337805,0.0,0.0,0.0,0.0,0.0,8106.5944765274235,0.0,0.0,0.0
2030-06-08 21:00:00,0.0,0.0,0.0,0.0,0.0,0.0,0.0,0.0,5750.861493017296,2070.0,0.0,0.0
2030-06-08 22:00:00,0.0,0.0,0.0,0.0,0.0,0.0,0.0,0.0,5825.5049870936455,2070.0,0.0,0.0
2030-06-08 23:00:00,0.0,0.0,0.0,0.0,0.0,0.0,0.0,0.0,4629.637560320184,2070.0,0.0,0.0
2030-06-09 00:00:00,0.0,0.0,0.0,0.0,0.0,0.0,0.0,0.0,736.2688042762748,0.0,0.0,0.0
2030-06-09 01:00:00,0.0,0.0,0.0,0.0,0.0,0.0,0.0,0.0,0.0,297.14371896000694,0.0,0.0
2030-06-09 02:00:00,0.0,0.0,0.0,0.0,0.0,0.0,0.0,0.0,0.0,2070.0,595.3060659468584,0.0
2030-06-09 03:00:00,0.0,0.0,0.0,0.0,0.0,0.0,0.0,0.0,0.0,890.3140803367061,2290.0,0.0
2030-06-09 04:00:00,0.0,0.0,0.0,0.0,0.0,0.0,0.0,0.0,6683.978732204395,0.0,0.0,0.0
2030-06-09 05:00:00,0.0,0.0,0.0,0.0,0.0,0.0,0.0,0.0,409.67624688541036,2070.0,2290.0,561.2
2030-06-09 06:00:00,0.0,0.0,0.0,0.0,0.0,0.0,0.0,0.0,0.0,0.0,0.0,0.0
2030-06-09 07:00:00,0.0,0.0,0.0,0.0,0.0,0.0,0.0,0.0,0.0,0.0,0.0,0.0
2030-06-09 08:00:00,0.0,0.0,0.0,0.0,0.0,0.0,0.0,0.0,0.0,0.0,0.0,0.0
2030-06-09 09:00:00,0.0,0.0,0.0,0.0,0.0,0.0,0.0,0.0,0.0,0.0,0.0,0.0
2030-06-09 10:00:00,0.0,0.0,0.0,0.0,0.0,0.0,0.0,0.0,0.0,0.0,0.0,0.0
2030-06-09 11:00:00,0.0,0.0,0.0,0.0,0.0,0.0,0.0,0.0,0.0,0.0,0.0,0.0
2030-06-09 12:00:00,0.0,0.0,0.0,0.0,0.0,0.0,0.0,0.0,0.0,0.0,0.0,0.0
2030-06-09 13:00:00,0.0,0.0,0.0,0.0,0.0,0.0,0.0,0.0,0.0,0.0,0.0,0.0
2030-06-09 14:00:00,0.0,0.0,0.0,0.0,0.0,0.0,0.0,0.0,0.0,0.0,0.0,0.0
2030-06-09 15:00:00,0.0,0.0,0.0,0.0,0.0,0.0,0.0,0.0,0.0,0.0,0.0,0.0
2030-06-09 16:00:00,0.0,0.0,0.0,0.0,0.0,0.0,0.0,0.0,0.0,0.0,0.0,0.0
2030-06-09 17:00:00,0.0,0.0,0.0,0.0,0.0,0.0,0.0,0.0,0.0,0.0,0.0,0.0
2030-06-09 18:00:00,0.0,0.0,0.0,0.0,0.0,0.0,0.0,0.0,4663.508916591013,2070.0,0.0,0.0
2030-06-09 19:00:00,0.0,0.0,0.0,3199.99,0.0,0.0,0.0,0.0,5628.194825239861,2070.0,0.0,0.0
2030-06-09 20:00:00,0.0,0.0,0.0,2688.0192000000015,0.0,0.0,0.0,0.0,7514.571386367267,0.0,0.0,0.0
2030-06-09 21:00:00,0.0,0.0,0.0,0.0,0.0,0.0,0.0,0.0,6795.974494984139,0.0,0.0,561.2
2030-06-09 22:00:00,0.0,0.0,0.0,0.0,0.0,0.0,0.0,0.0,0.0,0.0,0.0,0.0
2030-06-09 23:00:00,0.0,0.0,0.0,131.2387294363759,0.0,0.0,0.0,0.0,178.25893123945434,0.0,0.0,0.0
2030-06-10 00:00:00,0.0,0.0,0.0,0.0,0.0,0.0,0.0,0.0,1231.347774285713,0.0,0.0,0.0
2030-06-10 01:00:00,0.0,0.0,0.0,0.0,0.0,0.0,0.0,0.0,649.0961689717055,0.0,1009.7660467949934,0.0
2030-06-10 02:00:00,0.0,0.0,0.0,0.0,0.0,0.0,0.0,0.0,2463.354411894507,0.0,0.0,0.0
2030-06-10 03:00:00,0.0,0.0,0.0,0.0,0.0,0.0,0.0,0.0,433.2450991795034,0.0,0.0,0.0
2030-06-10 04:00:00,0.0,0.0,0.0,0.0,0.0,0.0,0.0,0.0,519.5971112011424,0.0,0.0,127.8365854234164
2030-06-10 05:00:00,0.0,0.0,0.0,0.0,0.0,0.0,0.0,0.0,67.77575189290421,0.0,0.0,0.0
2030-06-10 06:00:00,0.0,0.0,0.0,0.0,0.0,0.0,0.0,0.0,0.0,0.0,0.0,0.0
2030-06-10 07:00:00,0.0,0.0,0.0,0.0,0.0,0.0,0.0,0.0,0.0,0.0,0.0,0.0
2030-06-10 08:00:00,0.0,0.0,0.0,0.0,0.0,0.0,0.0,0.0,0.0,0.0,0.0,0.0
2030-06-10 09:00:00,0.0,0.0,0.0,0.0,0.0,0.0,0.0,0.0,0.0,0.0,0.0,0.0
2030-06-10 10:00:00,0.0,0.0,0.0,0.0,0.0,0.0,0.0,0.0,0.0,0.0,0.0,0.0
2030-06-10 11:00:00,0.0,0.0,0.0,0.0,0.0,0.0,0.0,0.0,0.0,0.0,0.0,0.0
2030-06-10 12:00:00,0.0,0.0,0.0,0.0,0.0,0.0,0.0,0.0,0.0,0.0,0.0,0.0
2030-06-10 13:00:00,0.0,0.0,0.0,0.0,0.0,0.0,0.0,0.0,0.0,0.0,0.0,0.0
2030-06-10 14:00:00,0.0,0.0,0.0,0.0,0.0,0.0,0.0,0.0,0.0,0.0,0.0,0.0
2030-06-10 15:00:00,0.0,0.0,0.0,0.0,0.0,0.0,0.0,0.0,0.0,0.0,0.0,0.0
2030-06-10 16:00:00,0.0,0.0,0.0,0.0,0.0,0.0,0.0,0.0,0.0,0.0,0.0,0.0
2030-06-10 17:00:00,0.0,0.0,0.0,0.0,0.0,0.0,0.0,0.0,0.0,0.0,0.0,0.0
2030-06-10 18:00:00,0.0,0.0,0.0,0.0,0.0,0.0,0.0,0.0,8020.677952625121,0.0,0.0,0.0
2030-06-10 19:00:00,1297.0,1644.1,1366.4721340257092,3199.99,0.0,0.0,0.0,0.0,6072.0595563423685,2070.0,0.0,0.0
2030-06-10 20:00:00,1297.0,1644.1,7381.64,1058.4175320480826,0.0,0.0,0.0,0.0,5863.699277718413,2070.0,0.0,0.0
2030-06-10 21:00:00,1297.0,1644.1,7381.64,435.7070269439755,0.0,0.0,0.0,0.0,7757.836581728489,0.0,0.0,0.0
2030-06-10 22:00:00,1297.0,1644.1,3940.650336593557,0.0,0.0,0.0,0.0,0.0,5772.9058628477915,2070.0,0.0,0.0
2030-06-10 23:00:00,1297.0,1644.1,0.0,779.3644658483099,0.0,0.0,0.0,0.0,5642.358049587684,2070.0,0.0,0.0
2030-06-11 00:00:00,1297.0,1644.1,2469.9219686565166,414.5301751596337,0.0,0.0,0.0,0.0,5930.061620133759,2070.0,0.0,0.0
2030-06-11 01:00:00,1297.0,0.0,3741.0510772046,0.0,0.0,0.0,0.0,0.0,5974.1021313094,2070.0,0.0,0.0
2030-06-11 02:00:00,1297.0,1511.2258886065713,898.9186134434283,0.0,0.0,0.0,0.0,0.0,7939.936456427312,0.0,0.0,0.0
2030-06-11 03:00:00,1297.0,0.0,4007.5565053786595,0.0,0.0,0.0,0.0,0.0,3544.5166367577312,2070.0,2290.0,561.2
2030-06-11 04:00:00,1297.0,0.0,7228.708824203932,0.0,0.0,0.0,0.0,0.0,7098.3834232763875,2070.0,0.0,0.0
2030-06-11 05:00:00,1297.0,0.0,5057.519296511255,0.0,0.0,0.0,0.0,0.0,6906.8860318359575,2070.0,0.0,0.0
2030-06-11 06:00:00,0.0,0.0,0.0,0.0,0.0,0.0,0.0,0.0,4977.450905230966,2070.0,1176.6020000000062,0.0
2030-06-11 07:00:00,0.0,0.0,0.0,0.0,0.0,0.0,0.0,0.0,6941.938300603007,0.0,0.0,0.0
2030-06-11 08:00:00,0.0,0.0,0.0,0.0,0.0,0.0,0.0,0.0,0.0,0.0,0.0,0.0
2030-06-11 09:00:00,0.0,0.0,0.0,0.0,0.0,0.0,0.0,0.0,0.0,0.0,0.0,0.0
2030-06-11 10:00:00,0.0,0.0,0.0,0.0,0.0,0.0,0.0,0.0,0.0,0.0,0.0,0.0
2030-06-11 11:00:00,0.0,0.0,0.0,0.0,0.0,0.0,0.0,0.0,0.0,0.0,0.0,0.0
2030-06-11 12:00:00,0.0,0.0,0.0,0.0,0.0,0.0,0.0,0.0,0.0,258.3561128830646,0.0,0.0
2030-06-11 13:00:00,0.0,0.0,0.0,0.0,0.0,0.0,0.0,0.0,1660.2062596754063,2070.0,0.0,0.0
2030-06-11 14:00:00,0.0,0.0,0.0,0.0,0.0,0.0,0.0,0.0,4716.485204614254,0.0,0.0,0.0
2030-06-11 15:00:00,1297.0,1644.1,6074.655131436846,0.0,0.0,0.0,0.0,0.0,4085.573976788254,2070.0,0.0,0.0
2030-06-11 16:00:00,1297.0,1644.1,7381.64,0.0,0.0,0.0,0.0,0.0,5113.196954159535,2070.0,0.0,0.0
2030-06-11 17:00:00,1297.0,1644.1,7381.64,3199.99,0.0,0.0,0.0,0.0,5606.404649240022,2070.0,0.0,0.0
2030-06-11 18:00:00,1297.0,1644.1,7381.64,0.0,0.0,0.0,0.0,0.0,6128.182276487864,2070.0,0.0,0.0
2030-06-11 19:00:00,1297.0,1644.1,7381.64,2688.0192000000015,0.0,0.0,0.0,0.0,6213.541095152993,2070.0,0.0,0.0
2030-06-11 20:00:00,1297.0,1644.1,7381.64,0.0,0.0,0.0,0.0,0.0,6142.918363919981,2070.0,0.0,0.0
2030-06-11 21:00:00,1297.0,1644.1,7381.64,0.0,0.0,0.0,0.0,0.0,5821.383231195785,2070.0,0.0,0.0
2030-06-11 22:00:00,1297.0,1644.1,7381.64,0.0,0.0,0.0,0.0,0.0,7972.726889473027,0.0,0.0,0.0
2030-06-11 23:00:00,1297.0,1644.1,7381.64,0.0,0.0,0.0,0.0,0.0,5820.281804921791,2070.0,0.0,0.0
2030-06-12 00:00:00,1297.0,1644.1,7381.64,0.0,0.0,0.0,0.0,0.0,8530.0,292.3788312030878,0.0,0.0
2030-06-12 01:00:00,1297.0,1644.1,7381.64,0.0,0.0,0.0,0.0,0.0,8530.0,347.592112692906,0.0,0.0
2030-06-12 02:00:00,1297.0,1644.1,7381.64,0.0,0.0,0.0,0.0,0.0,6697.612057734234,2070.0,0.0,0.0
2030-06-12 03:00:00,1297.0,1644.1,7381.64,0.0,0.0,0.0,0.0,0.0,7261.899754588339,2070.0,0.0,0.0
2030-06-12 04:00:00,1297.0,1644.1,7381.64,0.0,0.0,0.0,0.0,0.0,8530.0,1572.6148258301532,0.0,0.0
2030-06-12 05:00:00,1297.0,1644.1,7381.64,0.0,0.0,0.0,0.0,0.0,8530.0,1750.0036026909224,0.0,0.0
2030-06-12 06:00:00,1297.0,1644.1,7381.64,0.0,0.0,0.0,0.0,0.0,8530.0,968.4948577573077,0.0,0.0
2030-06-12 07:00:00,1297.0,1644.1,7381.64,0.0,0.0,0.0,0.0,0.0,8429.380648455395,0.0,0.0,0.0
2030-06-12 08:00:00,1297.0,1644.1,2285.862558405115,0.0,0.0,0.0,0.0,0.0,7659.455806008055,0.0,0.0,0.0
2030-06-12 09:00:00,1297.0,981.7709155278308,0.0,0.0,0.0,0.0,0.0,0.0,6393.021760024525,0.0,0.0,0.0
2030-06-12 10:00:00,0.0,0.0,0.0,0.0,0.0,0.0,0.0,0.0,4988.588871122728,0.0,0.0,0.0
2030-06-12 11:00:00,0.0,0.0,0.0,0.0,0.0,0.0,0.0,0.0,4573.610856046098,0.0,0.0,0.0
2030-06-12 12:00:00,0.0,0.0,0.0,0.0,0.0,0.0,0.0,0.0,2331.6494605052117,2070.0,0.0,0.0
2030-06-12 13:00:00,0.0,0.0,0.0,0.0,0.0,0.0,0.0,0.0,4125.223552188563,0.0,0.0,0.0
2030-06-12 14:00:00,1297.0,1368.8939682003265,0.0,0.0,0.0,0.0,0.0,0.0,3490.3060484459775,0.0,0.0,0.0
2030-06-12 15:00:00,1297.0,1644.1,3521.7500841269093,0.0,0.0,0.0,0.0,0.0,4223.924115813117,0.0,0.0,0.0
2030-06-12 16:00:00,1297.0,1644.1,7381.64,0.0,0.0,0.0,0.0,0.0,5962.101126582437,0.0,0.0,0.0
2030-06-12 17:00:00,1297.0,1644.1,7381.64,3199.99,0.0,0.0,0.0,0.0,7428.911638220177,0.0,0.0,0.0
2030-06-12 18:00:00,1297.0,1644.1,7381.64,0.0,0.0,0.0,0.0,0.0,8530.0,248.171224615716,0.0,0.0
2030-06-12 19:00:00,1297.0,1644.1,7381.64,2688.0192000000015,0.0,0.0,0.0,0.0,8530.0,528.539723881295,0.0,0.0
2030-06-12 20:00:00,1297.0,1644.1,7381.64,0.0,0.0,0.0,0.0,0.0,8530.0,410.8277220447559,0.0,0.0
2030-06-12 21:00:00,1297.0,1644.1,7381.64,0.0,0.0,0.0,0.0,0.0,7779.002157487983,840.9749559583706,0.0,0.0
2030-06-12 22:00:00,1297.0,1644.1,7381.64,0.0,0.0,0.0,0.0,0.0,8530.0,144.3427245868567,0.0,0.0
2030-06-12 23:00:00,1297.0,1644.1,7381.64,0.0,0.0,0.0,0.0,0.0,8530.0,46.737741727367585,0.0,0.0
2030-06-13 00:00:00,1297.0,1644.1,7381.64,0.0,0.0,0.0,0.0,0.0,8371.356981485342,0.0,0.0,0.0
2030-06-13 01:00:00,1297.0,1644.1,7381.64,0.0,0.0,0.0,0.0,0.0,8418.217141607842,0.0,0.0,0.0
2030-06-13 02:00:00,1297.0,1644.1,7381.64,0.0,0.0,0.0,0.0,0.0,8324.185322080279,0.0,0.0,0.0
2030-06-13 03:00:00,1297.0,1644.1,7381.64,0.0,0.0,0.0,0.0,0.0,6739.783378416315,2070.0,0.0,0.0
2030-06-13 04:00:00,1297.0,1644.1,7381.64,0.0,0.0,0.0,0.0,0.0,8530.0,934.7961893789856,0.0,0.0
2030-06-13 05:00:00,1297.0,1644.1,7381.64,0.0,0.0,0.0,0.0,0.0,8530.0,980.8990998408127,0.0,0.0
2030-06-13 06:00:00,1297.0,1644.1,7381.64,0.0,0.0,0.0,0.0,0.0,8530.0,470.3171427733182,0.0,0.0
2030-06-13 07:00:00,1297.0,1644.1,7381.64,0.0,0.0,0.0,0.0,0.0,8344.524913427025,0.0,0.0,0.0
2030-06-13 08:00:00,1297.0,1644.1,2866.3500141556283,0.0,0.0,0.0,0.0,0.0,8003.006550023933,0.0,0.0,0.0
2030-06-13 09:00:00,1297.0,1644.1,0.0,0.0,0.0,0.0,0.0,0.0,7424.841048048495,0.0,0.0,0.0
2030-06-13 10:00:00,1297.0,1644.1,0.0,0.0,0.0,0.0,0.0,0.0,6235.509433555668,0.0,0.0,0.0
2030-06-13 11:00:00,1297.0,1644.1,0.0,0.0,0.0,0.0,0.0,0.0,5553.7085140288955,116.4016312018697,0.0,0.0
2030-06-13 12:00:00,1297.0,1644.1,0.0,0.0,0.0,0.0,0.0,0.0,3224.0911627338446,2070.0,0.0,0.0
2030-06-13 13:00:00,1297.0,1644.1,0.0,0.0,0.0,0.0,0.0,0.0,5357.723412238016,0.0,0.0,0.0
2030-06-13 14:00:00,1297.0,1644.1,0.0,0.0,0.0,0.0,0.0,0.0,5692.846728878972,0.0,0.0,0.0
2030-06-13 15:00:00,1297.0,1644.1,4333.418273082778,0.0,0.0,0.0,0.0,0.0,5938.109487291167,0.0,0.0,0.0
2030-06-13 16:00:00,1297.0,1644.1,7381.64,0.0,0.0,0.0,0.0,0.0,6600.4531344130055,0.0,0.0,0.0
2030-06-13 17:00:00,1297.0,1644.1,7381.64,3199.99,0.0,0.0,0.0,0.0,7382.0533864425415,0.0,0.0,0.0
2030-06-13 18:00:00,1297.0,1644.1,7381.64,2688.0192000000015,0.0,0.0,0.0,0.0,8144.820669353909,0.0,0.0,0.0
2030-06-13 19:00:00,1297.0,1644.1,7381.64,0.0,0.0,0.0,0.0,0.0,8459.22027369257,0.0,0.0,0.0
2030-06-13 20:00:00,1297.0,1644.1,7381.64,0.0,0.0,0.0,0.0,0.0,8345.39199228785,0.0,0.0,0.0
2030-06-13 21:00:00,1297.0,1644.1,7381.64,0.0,0.0,0.0,0.0,0.0,8026.775736331647,0.0,0.0,0.0
2030-06-13 22:00:00,1297.0,1644.1,7381.64,0.0,0.0,0.0,0.0,0.0,8116.387556321227,0.0,0.0,0.0
2030-06-13 23:00:00,1297.0,1644.1,7381.64,0.0,0.0,0.0,0.0,0.0,8048.507111437364,0.0,0.0,0.0
2030-06-14 00:00:00,1297.0,1644.1,7381.64,0.0,0.0,0.0,0.0,0.0,7533.405536077864,0.0,0.0,0.0
2030-06-14 01:00:00,1297.0,1644.1,7381.64,0.0,0.0,0.0,0.0,0.0,7587.776327520457,0.0,0.0,0.0
2030-06-14 02:00:00,1297.0,1644.1,7381.64,0.0,0.0,0.0,0.0,0.0,7501.013519986067,0.0,0.0,0.0
2030-06-14 03:00:00,1297.0,1644.1,7381.64,0.0,0.0,0.0,0.0,0.0,7970.579646874761,0.0,0.0,0.0
2030-06-14 04:00:00,1297.0,1644.1,7381.64,0.0,0.0,0.0,0.0,0.0,8530.0,61.85203492294971,0.0,0.0
2030-06-14 05:00:00,1297.0,1644.1,7381.64,0.0,0.0,0.0,0.0,0.0,8351.792813374477,0.0,0.0,0.0
2030-06-14 06:00:00,1297.0,1644.1,7381.64,0.0,0.0,0.0,0.0,0.0,7652.8107591478965,0.0,0.0,0.0
2030-06-14 07:00:00,1297.0,1644.1,7381.64,0.0,0.0,0.0,0.0,0.0,6936.69712429312,0.0,0.0,0.0
2030-06-14 08:00:00,1297.0,1644.1,2207.800385668448,0.0,0.0,0.0,0.0,0.0,6231.899664847111,0.0,0.0,0.0
2030-06-14 09:00:00,1297.0,1644.1,0.0,0.0,0.0,0.0,0.0,0.0,5608.435084056155,0.0,0.0,0.0
2030-06-14 10:00:00,0.0,0.0,0.0,0.0,0.0,0.0,0.0,0.0,4431.024424815282,0.0,0.0,0.0
2030-06-14 11:00:00,0.0,0.0,0.0,0.0,0.0,0.0,0.0,0.0,3459.4849781561534,0.0,0.0,0.0
2030-06-14 12:00:00,0.0,0.0,0.0,0.0,0.0,0.0,0.0,0.0,3282.4121170453063,0.0,0.0,0.0
2030-06-14 13:00:00,0.0,0.0,0.0,0.0,0.0,0.0,0.0,0.0,3729.0992318559192,0.0,0.0,0.0
2030-06-14 14:00:00,0.0,0.0,0.0,0.0,0.0,0.0,0.0,0.0,4292.266573602709,0.0,0.0,0.0
2030-06-14 15:00:00,0.0,0.0,0.0,0.0,0.0,0.0,0.0,0.0,4887.076715105114,0.0,0.0,0.0
2030-06-14 16:00:00,1297.0,1644.1,0.0,0.0,0.0,0.0,0.0,0.0,5654.43423920949,0.0,0.0,0.0
2030-06-14 17:00:00,1297.0,1644.1,5766.080785957896,0.0,0.0,0.0,0.0,0.0,6267.924415030803,0.0,0.0,0.0
2030-06-14 18:00:00,1297.0,1644.1,7381.64,0.0,0.0,0.0,0.0,0.0,7369.22474598982,0.0,0.0,0.0
2030-06-14 19:00:00,1297.0,1644.1,7381.64,2688.0192000000015,0.0,0.0,0.0,0.0,7845.354681199598,0.0,0.0,0.0
2030-06-14 20:00:00,1297.0,1644.1,7381.64,0.0,0.0,0.0,0.0,0.0,7802.503673031137,0.0,0.0,0.0
2030-06-14 21:00:00,1297.0,1644.1,7381.64,3199.99,0.0,0.0,0.0,0.0,7531.0461643639355,0.0,0.0,0.0
2030-06-14 22:00:00,1297.0,1644.1,7381.64,0.0,0.0,0.0,0.0,0.0,7632.910389800524,0.0,0.0,0.0
2030-06-14 23:00:00,1297.0,1644.1,7381.64,0.0,0.0,0.0,0.0,0.0,7570.839389991186,0.0,0.0,0.0
2030-06-15 00:00:00,1297.0,1644.1,7381.64,0.0,0.0,0.0,0.0,0.0,7238.405237452264,0.0,0.0,0.0
2030-06-15 01:00:00,1297.0,1644.1,7381.64,0.0,0.0,0.0,0.0,0.0,7235.54550997128,0.0,0.0,0.0
2030-06-15 02:00:00,1297.0,1644.1,7381.64,0.0,0.0,0.0,0.0,0.0,7076.990299465368,0.0,0.0,0.0
2030-06-15 03:00:00,1297.0,1644.1,7381.64,0.0,0.0,0.0,0.0,0.0,7457.247932650689,0.0,0.0,0.0
2030-06-15 04:00:00,1297.0,1644.1,7381.64,0.0,0.0,0.0,0.0,0.0,8028.448758121804,0.0,0.0,0.0
2030-06-15 05:00:00,1297.0,1644.1,7381.64,0.0,0.0,0.0,0.0,0.0,7834.0544378425875,0.0,0.0,0.0
2030-06-15 06:00:00,1297.0,1644.1,7381.64,0.0,0.0,0.0,0.0,0.0,6524.218029006236,0.0,0.0,0.0
2030-06-15 07:00:00,1297.0,1644.1,7381.64,0.0,0.0,0.0,0.0,0.0,4615.33674207142,0.0,0.0,0.0
2030-06-15 08:00:00,1297.0,1644.1,6607.700386350401,0.0,0.0,0.0,0.0,0.0,3203.259685329242,0.0,0.0,0.0
2030-06-15 09:00:00,1297.0,1644.1,0.0,0.0,0.0,0.0,0.0,0.0,2304.614038430728,0.0,0.0,0.0
2030-06-15 10:00:00,0.0,0.0,0.0,0.0,0.0,0.0,0.0,0.0,1508.4770315371202,0.0,0.0,0.0
2030-06-15 11:00:00,0.0,0.0,0.0,0.0,0.0,0.0,0.0,0.0,1368.8904498003617,0.0,0.0,0.0
2030-06-15 12:00:00,0.0,0.0,0.0,0.0,0.0,0.0,0.0,0.0,226.19544969333765,0.0,0.0,0.0
2030-06-15 13:00:00,0.0,0.0,0.0,0.0,0.0,0.0,0.0,0.0,198.0311791467409,0.0,0.0,0.0
2030-06-15 14:00:00,0.0,0.0,0.0,0.0,0.0,0.0,0.0,0.0,2456.61619702337,0.0,0.0,0.0
2030-06-15 15:00:00,1297.0,1515.467647681361,0.0,0.0,0.0,0.0,0.0,0.0,2957.4902284883647,0.0,0.0,0.0
2030-06-15 16:00:00,1297.0,1644.1,7381.64,0.0,0.0,0.0,0.0,0.0,4376.120115991271,0.0,0.0,0.0
2030-06-15 17:00:00,1297.0,1644.1,7381.64,3199.99,0.0,0.0,0.0,0.0,5901.004799296097,0.0,0.0,0.0
2030-06-15 18:00:00,1297.0,1644.1,7381.64,0.0,0.0,0.0,0.0,0.0,7273.590691228607,0.0,0.0,0.0
2030-06-15 19:00:00,1297.0,1644.1,7381.64,0.0,0.0,0.0,0.0,0.0,7580.3472026249965,0.0,0.0,0.0
2030-06-15 20:00:00,1297.0,1644.1,7381.64,0.0,0.0,0.0,0.0,0.0,7611.782481555606,0.0,0.0,0.0
2030-06-15 21:00:00,1297.0,1644.1,7381.64,0.0,0.0,0.0,0.0,0.0,7324.497015888736,0.0,0.0,0.0
2030-06-15 22:00:00,1297.0,1644.1,7381.64,2688.0192000000015,0.0,0.0,0.0,0.0,4621.893073595913,495.2712493268655,2290.0,0.0
2030-06-15 23:00:00,1297.0,1644.1,7381.64,0.0,0.0,0.0,0.0,0.0,7312.522241774174,0.0,0.0,0.0
2030-06-16 00:00:00,1297.0,1644.1,7381.64,0.0,0.0,0.0,0.0,0.0,6860.981135760005,0.0,0.0,0.0
2030-06-16 01:00:00,1297.0,1644.1,7381.64,0.0,0.0,0.0,0.0,0.0,6223.674664411424,0.0,0.0,561.2
2030-06-16 02:00:00,1297.0,1644.1,7381.64,0.0,0.0,0.0,0.0,0.0,6549.651129371412,0.0,0.0,0.0
2030-06-16 03:00:00,1297.0,1644.1,7381.64,0.0,0.0,0.0,0.0,0.0,6442.447669396079,0.0,0.0,0.0
2030-06-16 04:00:00,1297.0,1644.1,7381.64,0.0,0.0,0.0,0.0,0.0,6456.937412098004,0.0,0.0,0.0
2030-06-16 05:00:00,1297.0,1644.1,1857.5766230628287,0.0,0.0,0.0,0.0,0.0,6119.091522884284,0.0,0.0,0.0
2030-06-16 06:00:00,0.0,0.0,0.0,0.0,0.0,0.0,0.0,0.0,5131.669072764785,0.0,0.0,0.0
2030-06-16 07:00:00,0.0,0.0,0.0,0.0,0.0,0.0,0.0,0.0,0.0,0.0,0.0,0.0
2030-06-16 08:00:00,0.0,0.0,0.0,0.0,0.0,0.0,0.0,0.0,0.0,0.0,0.0,0.0
2030-06-16 09:00:00,0.0,0.0,0.0,0.0,0.0,0.0,0.0,0.0,0.0,0.0,0.0,0.0
2030-06-16 10:00:00,0.0,0.0,0.0,0.0,0.0,0.0,0.0,0.0,0.0,0.0,0.0,0.0
2030-06-16 11:00:00,0.0,0.0,0.0,0.0,0.0,0.0,0.0,0.0,0.0,0.0,0.0,0.0
2030-06-16 12:00:00,0.0,0.0,0.0,0.0,0.0,0.0,0.0,0.0,0.0,0.0,0.0,0.0
2030-06-16 13:00:00,0.0,0.0,0.0,0.0,0.0,0.0,0.0,0.0,0.0,0.0,0.0,0.0
2030-06-16 14:00:00,0.0,0.0,0.0,0.0,0.0,0.0,0.0,0.0,0.0,0.0,0.0,0.0
2030-06-16 15:00:00,0.0,0.0,0.0,0.0,0.0,0.0,0.0,0.0,0.0,0.0,0.0,0.0
2030-06-16 16:00:00,0.0,0.0,0.0,0.0,0.0,0.0,0.0,0.0,0.0,0.0,0.0,0.0
2030-06-16 17:00:00,0.0,0.0,0.0,0.0,0.0,0.0,0.0,0.0,4308.6995203298175,0.0,0.0,0.0
2030-06-16 18:00:00,0.0,0.0,0.0,0.0,0.0,0.0,0.0,0.0,6631.251844527737,0.0,0.0,0.0
2030-06-16 19:00:00,1297.0,0.0,0.0,3199.99,0.0,0.0,0.0,0.0,6975.539896084328,0.0,0.0,0.0
2030-06-16 20:00:00,1297.0,0.0,0.0,2060.4188410502356,0.0,0.0,0.0,0.0,6974.138782003704,0.0,0.0,0.0
2030-06-16 21:00:00,0.0,0.0,0.0,0.0,0.0,0.0,0.0,0.0,6842.324700590206,0.0,0.0,0.0
2030-06-16 22:00:00,0.0,0.0,0.0,0.0,0.0,0.0,0.0,0.0,7096.25123656543,0.0,0.0,0.0
2030-06-16 23:00:00,0.0,0.0,0.0,0.0,0.0,0.0,0.0,0.0,7027.699074400019,0.0,0.0,0.0
2030-06-17 00:00:00,770.8578986402317,0.0,0.0,0.0,0.0,0.0,0.0,0.0,4761.708648607866,0.0,1976.8597980284087,0.0
2030-06-17 01:00:00,1297.0,0.0,0.0,1559.345594334136,0.0,0.0,0.0,0.0,6711.8783809832385,0.0,0.0,0.0
2030-06-17 02:00:00,1297.0,0.0,0.0,3199.99,0.0,0.0,0.0,0.0,6537.691807929495,0.0,0.0,0.0
2030-06-17 03:00:00,1297.0,0.0,0.0,509.8521341543985,0.0,0.0,0.0,0.0,6059.146421170723,0.0,0.0,561.2
2030-06-17 04:00:00,0.0,0.0,0.0,0.0,0.0,0.0,0.0,0.0,6771.102647599679,0.0,0.0,0.0
2030-06-17 05:00:00,0.0,0.0,0.0,0.0,0.0,0.0,0.0,0.0,6335.245069105205,0.0,0.0,0.0
2030-06-17 06:00:00,0.0,0.0,0.0,0.0,0.0,0.0,0.0,0.0,0.0,0.0,0.0,0.0
2030-06-17 07:00:00,0.0,0.0,0.0,0.0,0.0,0.0,0.0,0.0,0.0,0.0,0.0,0.0
2030-06-17 08:00:00,0.0,0.0,0.0,0.0,0.0,0.0,0.0,0.0,0.0,0.0,0.0,0.0
2030-06-17 09:00:00,0.0,0.0,0.0,0.0,0.0,0.0,0.0,0.0,0.0,0.0,0.0,0.0
2030-06-17 10:00:00,0.0,0.0,0.0,0.0,0.0,0.0,0.0,0.0,0.0,0.0,0.0,0.0
2030-06-17 11:00:00,0.0,0.0,0.0,0.0,0.0,0.0,0.0,0.0,0.0,0.0,0.0,0.0
2030-06-17 12:00:00,0.0,0.0,0.0,0.0,0.0,0.0,0.0,0.0,0.0,0.0,0.0,0.0
2030-06-17 13:00:00,0.0,0.0,0.0,0.0,0.0,0.0,0.0,0.0,0.0,0.0,0.0,0.0
2030-06-17 14:00:00,0.0,0.0,0.0,0.0,0.0,0.0,0.0,0.0,0.0,0.0,0.0,0.0
2030-06-17 15:00:00,0.0,0.0,0.0,0.0,0.0,0.0,0.0,0.0,0.0,0.0,0.0,0.0
2030-06-17 16:00:00,0.0,0.0,0.0,0.0,0.0,0.0,0.0,0.0,0.0,0.0,0.0,0.0
2030-06-17 17:00:00,0.0,0.0,0.0,0.0,0.0,0.0,0.0,0.0,3538.884465905132,0.0,0.0,0.0
2030-06-17 18:00:00,0.0,0.0,0.0,3173.483016534592,0.0,0.0,0.0,0.0,6686.733736074565,0.0,0.0,0.0
2030-06-17 19:00:00,0.0,0.0,0.0,2714.5261834654093,0.0,0.0,0.0,0.0,7027.876414028522,0.0,0.0,0.0
2030-06-17 20:00:00,0.0,0.0,0.0,0.0,0.0,0.0,0.0,0.0,6965.0501360799635,0.0,0.0,0.0
2030-06-17 21:00:00,0.0,0.0,0.0,0.0,0.0,0.0,0.0,0.0,3606.5168419994084,0.0,0.0,561.2
2030-06-17 22:00:00,0.0,0.0,0.0,0.0,0.0,0.0,0.0,0.0,0.0,0.0,0.0,0.0
2030-06-17 23:00:00,0.0,0.0,0.0,0.0,0.0,0.0,0.0,0.0,0.0,0.0,0.0,0.0
2030-06-18 00:00:00,0.0,0.0,0.0,0.0,0.0,0.0,0.0,0.0,0.0,0.0,0.0,0.0
2030-06-18 01:00:00,0.0,0.0,0.0,0.0,0.0,0.0,0.0,0.0,0.0,0.0,0.0,0.0
2030-06-18 02:00:00,0.0,0.0,0.0,0.0,0.0,0.0,0.0,0.0,3638.516444604854,0.0,0.0,0.0
2030-06-18 03:00:00,0.0,0.0,0.0,3199.99,0.0,0.0,0.0,0.0,7038.759933646078,0.0,0.0,0.0
2030-06-18 04:00:00,0.0,0.0,0.0,2688.0192000000015,0.0,0.0,0.0,0.0,7585.587903761296,0.0,0.0,0.0
2030-06-18 05:00:00,0.0,0.0,0.0,0.0,0.0,0.0,0.0,0.0,1524.0842945582003,0.0,0.0,561.2
2030-06-18 06:00:00,0.0,0.0,0.0,0.0,0.0,0.0,0.0,0.0,0.0,0.0,0.0,0.0
2030-06-18 07:00:00,0.0,0.0,0.0,0.0,0.0,0.0,0.0,0.0,0.0,0.0,0.0,0.0
2030-06-18 08:00:00,0.0,0.0,0.0,0.0,0.0,0.0,0.0,0.0,0.0,0.0,0.0,0.0
2030-06-18 09:00:00,0.0,0.0,0.0,0.0,0.0,0.0,0.0,0.0,0.0,0.0,0.0,0.0
2030-06-18 10:00:00,0.0,0.0,0.0,0.0,0.0,0.0,0.0,0.0,0.0,0.0,0.0,0.0
2030-06-18 11:00:00,0.0,0.0,0.0,0.0,0.0,0.0,0.0,0.0,0.0,0.0,0.0,0.0
2030-06-18 12:00:00,0.0,0.0,0.0,0.0,0.0,0.0,0.0,0.0,0.0,0.0,0.0,0.0
2030-06-18 13:00:00,0.0,0.0,0.0,0.0,0.0,0.0,0.0,0.0,0.0,0.0,0.0,0.0
2030-06-18 14:00:00,0.0,0.0,0.0,0.0,0.0,0.0,0.0,0.0,0.0,0.0,0.0,0.0
2030-06-18 15:00:00,0.0,0.0,0.0,0.0,0.0,0.0,0.0,0.0,0.0,0.0,0.0,0.0
2030-06-18 16:00:00,0.0,0.0,0.0,0.0,0.0,0.0,0.0,0.0,4722.310291803834,0.0,0.0,0.0
2030-06-18 17:00:00,1297.0,1644.1,3889.1548825640784,0.0,0.0,0.0,0.0,0.0,4030.0719710402177,2070.0,0.0,0.0
2030-06-18 18:00:00,1297.0,1644.1,7381.64,3199.99,0.0,0.0,0.0,0.0,5165.802703863661,2070.0,0.0,0.0
2030-06-18 19:00:00,1297.0,1644.1,7381.64,0.0,0.0,0.0,0.0,0.0,5513.330475177122,2070.0,0.0,0.0
2030-06-18 20:00:00,1297.0,1644.1,7381.64,0.0,0.0,0.0,0.0,0.0,5480.875045127524,2070.0,0.0,0.0
2030-06-18 21:00:00,1297.0,1644.1,7381.64,2688.0192000000015,0.0,0.0,0.0,0.0,5221.523858620013,2070.0,0.0,0.0
2030-06-18 22:00:00,1297.0,1644.1,7381.64,0.0,0.0,0.0,0.0,0.0,5299.88372190588,2070.0,0.0,0.0
2030-06-18 23:00:00,1297.0,1644.1,7381.64,0.0,0.0,0.0,0.0,0.0,5178.769245241933,2070.0,0.0,0.0
2030-06-19 00:00:00,1297.0,1644.1,7381.64,0.0,0.0,0.0,0.0,0.0,4911.229345029724,2070.0,0.0,0.0
2030-06-19 01:00:00,1297.0,1644.1,7381.64,0.0,0.0,0.0,0.0,0.0,4850.456087094344,2070.0,0.0,0.0
2030-06-19 02:00:00,1297.0,1644.1,7381.64,0.0,0.0,0.0,0.0,0.0,4648.9549347978345,2070.0,0.0,0.0
2030-06-19 03:00:00,1297.0,1644.1,7381.64,0.0,0.0,0.0,0.0,0.0,4862.975280091791,2070.0,0.0,0.0
2030-06-19 04:00:00,1297.0,1644.1,7381.64,0.0,0.0,0.0,0.0,0.0,5369.20484102289,2070.0,0.0,0.0
2030-06-19 05:00:00,1297.0,0.0,0.0,0.0,0.0,0.0,0.0,0.0,3116.522314786892,2070.0,2290.0,0.0
2030-06-19 06:00:00,0.0,0.0,0.0,0.0,0.0,0.0,0.0,0.0,3732.9147816880263,2070.0,0.0,561.2
2030-06-19 07:00:00,0.0,0.0,0.0,0.0,0.0,0.0,0.0,0.0,0.0,0.0,0.0,0.0
2030-06-19 08:00:00,0.0,0.0,0.0,0.0,0.0,0.0,0.0,0.0,0.0,0.0,0.0,0.0
2030-06-19 09:00:00,0.0,0.0,0.0,0.0,0.0,0.0,0.0,0.0,0.0,0.0,0.0,0.0
2030-06-19 10:00:00,0.0,0.0,0.0,0.0,0.0,0.0,0.0,0.0,0.0,0.0,0.0,0.0
2030-06-19 11:00:00,0.0,0.0,0.0,0.0,0.0,0.0,0.0,0.0,0.0,0.0,0.0,0.0
2030-06-19 12:00:00,0.0,0.0,0.0,0.0,0.0,0.0,0.0,0.0,0.0,0.0,0.0,0.0
2030-06-19 13:00:00,0.0,0.0,0.0,0.0,0.0,0.0,0.0,0.0,0.0,0.0,0.0,0.0
2030-06-19 14:00:00,0.0,0.0,0.0,0.0,0.0,0.0,0.0,0.0,0.0,0.0,0.0,0.0
2030-06-19 15:00:00,0.0,0.0,0.0,0.0,0.0,0.0,0.0,0.0,0.0,0.0,0.0,0.0
2030-06-19 16:00:00,0.0,0.0,0.0,0.0,0.0,0.0,0.0,0.0,0.0,0.0,0.0,0.0
2030-06-19 17:00:00,0.0,0.0,0.0,0.0,0.0,0.0,0.0,0.0,2063.258499566253,0.0,0.0,0.0
2030-06-19 18:00:00,1293.2031371937846,0.0,0.0,0.0,0.0,0.0,0.0,0.0,7107.6955522920725,0.0,0.0,0.0
2030-06-19 19:00:00,1297.0,1644.1,1321.5890983209902,0.0,0.0,0.0,0.0,0.0,7546.707438098167,0.0,0.0,0.0
2030-06-19 20:00:00,1297.0,1644.1,1991.4555972998642,0.0,0.0,0.0,0.0,0.0,7487.956969469213,0.0,0.0,0.0
2030-06-19 21:00:00,1297.0,1644.1,3234.2996723527467,0.0,0.0,0.0,0.0,0.0,7245.540604895546,0.0,0.0,0.0
2030-06-19 22:00:00,1297.0,1644.1,7381.64,0.0,0.0,0.0,0.0,0.0,7333.787308975472,0.0,0.0,0.0
2030-06-19 23:00:00,1297.0,1644.1,7381.64,0.0,0.0,0.0,0.0,0.0,7208.849749994477,0.0,0.0,0.0
2030-06-20 00:00:00,1297.0,1644.1,7381.64,0.0,0.0,0.0,0.0,0.0,7125.6753497352465,0.0,0.0,0.0
2030-06-20 01:00:00,1297.0,1644.1,7381.64,2439.416225126948,0.0,0.0,0.0,0.0,7079.186257404823,0.0,0.0,0.0
2030-06-20 02:00:00,1297.0,1644.1,7381.64,248.60297487305343,0.0,0.0,0.0,0.0,6923.038548665528,0.0,0.0,0.0
2030-06-20 03:00:00,1297.0,1644.1,7381.64,3199.99,0.0,0.0,0.0,0.0,7331.5835544368,0.0,0.0,0.0
2030-06-20 04:00:00,1297.0,1644.1,7381.64,0.0,0.0,0.0,0.0,0.0,7992.520207157177,0.0,0.0,0.0
2030-06-20 05:00:00,1297.0,1644.1,7381.64,0.0,0.0,0.0,0.0,0.0,7921.2874860915235,0.0,0.0,0.0
2030-06-20 06:00:00,1297.0,1644.1,7381.64,0.0,0.0,0.0,0.0,0.0,6769.712245128543,0.0,0.0,0.0
2030-06-20 07:00:00,1297.0,1644.1,3100.5408993109777,0.0,0.0,0.0,0.0,0.0,5108.736689442823,0.0,0.0,0.0
2030-06-20 08:00:00,0.0,0.0,0.0,0.0,0.0,0.0,0.0,0.0,3917.3561089805016,0.0,0.0,0.0
2030-06-20 09:00:00,0.0,0.0,0.0,0.0,0.0,0.0,0.0,0.0,3395.5145788806226,0.0,0.0,0.0
2030-06-20 10:00:00,0.0,0.0,0.0,0.0,0.0,0.0,0.0,0.0,2890.7188943536635,0.0,0.0,0.0
2030-06-20 11:00:00,0.0,0.0,0.0,0.0,0.0,0.0,0.0,0.0,2966.1079083617105,0.0,0.0,0.0
2030-06-20 12:00:00,1297.0,0.0,0.0,0.0,0.0,0.0,0.0,0.0,3358.0339802120284,0.0,0.0,0.0
2030-06-20 13:00:00,1297.0,1031.7101719075786,0.0,0.0,0.0,0.0,0.0,0.0,3634.6889226178373,0.0,0.0,0.0
2030-06-20 14:00:00,1297.0,1644.1,7263.695725380424,0.0,0.0,0.0,0.0,0.0,4131.569705131984,0.0,0.0,0.0
2030-06-20 15:00:00,1297.0,1644.1,7381.64,338.69612172045527,0.0,0.0,0.0,0.0,5031.693777025032,0.0,0.0,0.0
2030-06-20 16:00:00,1297.0,1644.1,7381.64,0.0,0.0,0.0,0.0,0.0,5734.29705980692,0.0,0.0,0.0
2030-06-20 17:00:00,1297.0,1644.1,7381.64,3199.99,0.0,0.0,0.0,0.0,6557.727008121409,0.0,0.0,0.0
2030-06-20 18:00:00,1297.0,1644.1,7381.64,2349.3230782795467,0.0,0.0,0.0,0.0,7397.6803080840955,0.0,0.0,0.0
2030-06-20 19:00:00,1297.0,1644.1,7381.64,0.0,0.0,0.0,0.0,0.0,7694.75837430372,0.0,0.0,0.0
2030-06-20 20:00:00,1297.0,1644.1,7381.64,0.0,0.0,0.0,0.0,0.0,5526.232979077983,2070.0,0.0,0.0
2030-06-20 21:00:00,1297.0,1644.1,7381.64,0.0,0.0,0.0,0.0,0.0,7288.156449571698,0.0,0.0,0.0
2030-06-20 22:00:00,1297.0,1644.1,7381.64,0.0,0.0,0.0,0.0,0.0,7368.534039787401,0.0,0.0,0.0
2030-06-20 23:00:00,1297.0,1644.1,7381.64,0.0,0.0,0.0,0.0,0.0,7264.823534459283,0.0,0.0,0.0
2030-06-21 00:00:00,1297.0,1644.1,7381.64,0.0,0.0,0.0,0.0,0.0,5048.313489267272,2070.0,0.0,0.0
2030-06-21 01:00:00,1297.0,1644.1,7381.64,0.0,0.0,0.0,0.0,0.0,7081.6305710025845,0.0,0.0,0.0
2030-06-21 02:00:00,1297.0,1644.1,7381.64,0.0,0.0,0.0,0.0,0.0,4821.542327245629,2070.0,0.0,0.0
2030-06-21 03:00:00,1297.0,1644.1,7381.64,0.0,0.0,0.0,0.0,0.0,5156.265088749795,2070.0,0.0,0.0
2030-06-21 04:00:00,1297.0,1644.1,7381.64,0.0,0.0,0.0,0.0,0.0,5779.050322539988,2070.0,0.0,0.0
2030-06-21 05:00:00,1297.0,1644.1,7381.64,0.0,0.0,0.0,0.0,0.0,5771.426081857701,2070.0,0.0,0.0
2030-06-21 06:00:00,1297.0,1644.1,7381.64,0.0,0.0,0.0,0.0,0.0,5210.443924191234,2070.0,0.0,0.0
2030-06-21 07:00:00,1297.0,1644.1,7381.64,0.0,0.0,0.0,0.0,0.0,4483.125984801501,2070.0,0.0,0.0
2030-06-21 08:00:00,1297.0,1644.1,7381.64,0.0,0.0,0.0,0.0,0.0,4475.673502758531,2070.0,0.0,0.0
2030-06-21 09:00:00,1297.0,1644.1,7381.64,0.0,0.0,0.0,0.0,0.0,4573.229900045867,2070.0,0.0,0.0
2030-06-21 10:00:00,1297.0,1644.1,7381.64,0.0,0.0,0.0,0.0,0.0,4051.71884371223,2070.0,0.0,0.0
2030-06-21 11:00:00,1297.0,1644.1,6800.367430024415,0.0,0.0,0.0,0.0,0.0,3206.899880565608,2070.0,0.0,0.0
2030-06-21 12:00:00,1297.0,1644.1,4480.858386893513,0.0,0.0,0.0,0.0,0.0,2906.9795585143115,2070.0,0.0,0.0
2030-06-21 13:00:00,1297.0,1644.1,0.0,0.0,0.0,0.0,0.0,0.0,3365.0491679579504,2070.0,0.0,0.0
2030-06-21 14:00:00,1297.0,1644.1,3607.56299265303,0.0,0.0,0.0,0.0,0.0,2872.003659139654,2070.0,0.0,0.0
2030-06-21 15:00:00,1297.0,1644.1,7381.64,0.0,0.0,0.0,0.0,0.0,2471.2010600524086,2070.0,0.0,0.0
2030-06-21 16:00:00,1297.0,1644.1,7381.64,0.0,0.0,0.0,0.0,0.0,3107.270071400619,2070.0,0.0,0.0
2030-06-21 17:00:00,1297.0,1644.1,7381.64,0.0,0.0,0.0,0.0,0.0,4186.217242123393,2070.0,0.0,0.0
2030-06-21 18:00:00,1297.0,1644.1,7381.64,3199.99,0.0,0.0,0.0,0.0,7283.451082257737,0.0,0.0,0.0
2030-06-21 19:00:00,1297.0,1644.1,7381.64,0.0,0.0,0.0,0.0,0.0,7705.896396203449,0.0,0.0,0.0
2030-06-21 20:00:00,1297.0,1644.1,7381.64,2688.0192000000015,0.0,0.0,0.0,0.0,5568.09077502387,2070.0,0.0,0.0
2030-06-21 21:00:00,1297.0,1644.1,7381.64,0.0,0.0,0.0,0.0,0.0,5251.09943561085,2070.0,0.0,0.0
2030-06-21 22:00:00,1297.0,1644.1,7381.64,0.0,0.0,0.0,0.0,0.0,5297.369517847476,2070.0,0.0,0.0
2030-06-21 23:00:00,1297.0,1644.1,7381.64,0.0,0.0,0.0,0.0,0.0,5174.551343542365,2070.0,0.0,0.0
2030-06-22 00:00:00,1297.0,1644.1,7381.64,0.0,0.0,0.0,0.0,0.0,5188.502059480145,2070.0,0.0,0.0
2030-06-22 01:00:00,1297.0,1644.1,7381.64,0.0,0.0,0.0,0.0,0.0,5175.53232270769,2070.0,0.0,0.0
2030-06-22 02:00:00,1297.0,1644.1,7381.64,0.0,0.0,0.0,0.0,0.0,5003.296312238877,2070.0,0.0,0.0
2030-06-22 03:00:00,1297.0,1644.1,7381.64,0.0,0.0,0.0,0.0,0.0,5396.146696670461,2070.0,0.0,0.0
2030-06-22 04:00:00,1297.0,1644.1,7381.64,360.81956018182353,0.0,0.0,0.0,0.0,6036.910799255536,2070.0,0.0,0.0
2030-06-22 05:00:00,1297.0,1644.1,7381.64,3199.99,0.0,0.0,0.0,0.0,5837.802692872239,2070.0,0.0,0.0
2030-06-22 06:00:00,1297.0,1644.1,7381.64,2020.3168243848413,0.0,0.0,0.0,0.0,5045.930287155239,2070.0,0.0,0.0
2030-06-22 07:00:00,1297.0,1644.1,7381.64,0.0,0.0,0.0,0.0,0.0,3784.8979381020026,2070.0,0.0,0.0
2030-06-22 08:00:00,1297.0,1644.1,2038.2634159413938,0.0,0.0,0.0,0.0,0.0,4379.881721349394,0.0,0.0,0.0
2030-06-22 09:00:00,1297.0,0.0,0.0,0.0,0.0,0.0,0.0,0.0,845.5675511232702,2070.0,0.0,0.0
2030-06-22 10:00:00,1297.0,0.0,0.0,0.0,0.0,0.0,0.0,0.0,0.0,1740.518203534527,0.0,0.0
2030-06-22 11:00:00,0.0,0.0,0.0,0.0,0.0,0.0,0.0,0.0,0.0,1459.9620154578145,0.0,0.0
2030-06-22 12:00:00,0.0,0.0,0.0,0.0,0.0,0.0,0.0,0.0,0.0,1486.9599540421289,0.0,0.0
2030-06-22 13:00:00,0.0,0.0,0.0,0.0,0.0,0.0,0.0,0.0,0.0,1777.4352294547157,0.0,0.0
2030-06-22 14:00:00,0.0,0.0,0.0,0.0,0.0,0.0,0.0,0.0,418.49808640497815,2070.0,0.0,0.0
2030-06-22 15:00:00,0.0,0.0,0.0,0.0,0.0,0.0,0.0,0.0,1821.1687653718873,2070.0,0.0,0.0
2030-06-22 16:00:00,1297.0,0.0,0.0,0.0,0.0,0.0,0.0,0.0,3200.9401781103943,2070.0,0.0,0.0
2030-06-22 17:00:00,1297.0,1644.1,6378.29017105049,0.0,0.0,0.0,0.0,0.0,4178.461177733803,2070.0,0.0,0.0
2030-06-22 18:00:00,1297.0,1644.1,7381.64,61.69536271634839,0.0,0.0,0.0,0.0,7134.392877604746,0.0,0.0,0.0
2030-06-22 19:00:00,1297.0,1644.1,7381.64,3199.99,0.0,0.0,0.0,0.0,5480.531186083479,2070.0,0.0,0.0
2030-06-22 20:00:00,1297.0,1644.1,7381.64,2626.323837283653,0.0,0.0,0.0,0.0,5447.980802985601,2070.0,0.0,0.0
2030-06-22 21:00:00,1297.0,1644.1,476.47255178926935,0.0,0.0,0.0,0.0,0.0,5136.349808479017,2070.0,0.0,0.0
2030-06-22 22:00:00,1297.0,0.0,0.0,0.0,0.0,0.0,0.0,0.0,5206.34688500871,2070.0,0.0,0.0
2030-06-22 23:00:00,0.0,0.0,0.0,0.0,0.0,0.0,0.0,0.0,5113.675687732809,2070.0,0.0,0.0
2030-06-23 00:00:00,0.0,0.0,0.0,0.0,0.0,0.0,0.0,0.0,4770.733336296208,2070.0,0.0,0.0
2030-06-23 01:00:00,0.0,0.0,0.0,0.0,0.0,0.0,0.0,0.0,6829.831804090465,0.0,0.0,0.0
2030-06-23 02:00:00,0.0,0.0,0.0,0.0,0.0,0.0,0.0,0.0,4610.009820690663,2070.0,0.0,0.0
2030-06-23 03:00:00,0.0,0.0,0.0,0.0,0.0,0.0,0.0,0.0,1714.1164966074882,2070.0,2290.0,561.2
2030-06-23 04:00:00,0.0,0.0,0.0,0.0,0.0,0.0,0.0,0.0,4647.72277428898,2070.0,0.0,0.0
2030-06-23 05:00:00,0.0,0.0,0.0,0.0,0.0,0.0,0.0,0.0,43.7817283522819,2070.0,0.0,0.0
2030-06-23 06:00:00,0.0,0.0,0.0,0.0,0.0,0.0,0.0,0.0,0.0,0.0,0.0,0.0
2030-06-23 07:00:00,0.0,0.0,0.0,0.0,0.0,0.0,0.0,0.0,0.0,0.0,0.0,0.0
2030-06-23 08:00:00,0.0,0.0,0.0,0.0,0.0,0.0,0.0,0.0,0.0,0.0,0.0,0.0
2030-06-23 09:00:00,0.0,0.0,0.0,0.0,0.0,0.0,0.0,0.0,0.0,0.0,0.0,0.0
2030-06-23 10:00:00,0.0,0.0,0.0,0.0,0.0,0.0,0.0,0.0,0.0,0.0,0.0,0.0
2030-06-23 11:00:00,0.0,0.0,0.0,0.0,0.0,0.0,0.0,0.0,0.0,0.0,0.0,0.0
2030-06-23 12:00:00,0.0,0.0,0.0,0.0,0.0,0.0,0.0,0.0,0.0,0.0,0.0,0.0
2030-06-23 13:00:00,0.0,0.0,0.0,0.0,0.0,0.0,0.0,0.0,0.0,0.0,0.0,0.0
2030-06-23 14:00:00,0.0,0.0,0.0,0.0,0.0,0.0,0.0,0.0,0.0,0.0,0.0,0.0
2030-06-23 15:00:00,0.0,0.0,0.0,0.0,0.0,0.0,0.0,0.0,0.0,0.0,0.0,0.0
2030-06-23 16:00:00,0.0,0.0,0.0,0.0,0.0,0.0,0.0,0.0,0.0,0.0,0.0,0.0
2030-06-23 17:00:00,0.0,0.0,0.0,0.0,0.0,0.0,0.0,0.0,0.0,0.0,0.0,0.0
2030-06-23 18:00:00,0.0,0.0,0.0,0.0,0.0,0.0,0.0,0.0,4716.469305664794,2070.0,0.0,0.0
2030-06-23 19:00:00,1297.0,0.0,0.0,3199.99,0.0,0.0,0.0,0.0,7120.561899371316,0.0,0.0,0.0
2030-06-23 20:00:00,1297.0,0.0,0.0,2262.1983116281954,0.0,0.0,0.0,0.0,4973.385537758606,2070.0,0.0,0.0
2030-06-23 21:00:00,1297.0,0.0,0.0,425.8208883718061,0.0,0.0,0.0,0.0,4867.63842157712,2070.0,0.0,0.0
2030-06-23 22:00:00,0.0,0.0,0.0,0.0,0.0,0.0,0.0,0.0,7084.465663871101,0.0,0.0,0.0
2030-06-23 23:00:00,0.0,0.0,0.0,0.0,0.0,0.0,0.0,0.0,2650.5241167415284,2070.0,2290.0,0.0
2030-06-24 00:00:00,0.0,0.0,0.0,0.0,0.0,0.0,0.0,0.0,5093.555491941719,2070.0,0.0,0.0
2030-06-24 01:00:00,0.0,0.0,0.0,0.0,0.0,0.0,0.0,0.0,7155.507258178962,0.0,0.0,0.0
2030-06-24 02:00:00,0.0,0.0,0.0,0.0,0.0,0.0,0.0,0.0,6996.7410526779595,0.0,0.0,0.0
2030-06-24 03:00:00,0.0,0.0,0.0,0.0,0.0,0.0,0.0,0.0,4262.955148451698,0.0,2290.0,561.2
2030-06-24 04:00:00,0.0,0.0,0.0,0.0,0.0,0.0,0.0,0.0,7259.2643873164625,0.0,0.0,0.0
2030-06-24 05:00:00,0.0,0.0,0.0,0.0,0.0,0.0,0.0,0.0,0.0,0.0,0.0,0.0
2030-06-24 06:00:00,0.0,0.0,0.0,0.0,0.0,0.0,0.0,0.0,0.0,0.0,0.0,0.0
2030-06-24 07:00:00,0.0,0.0,0.0,0.0,0.0,0.0,0.0,0.0,0.0,0.0,0.0,0.0
2030-06-24 08:00:00,0.0,0.0,0.0,0.0,0.0,0.0,0.0,0.0,0.0,0.0,0.0,0.0
2030-06-24 09:00:00,0.0,0.0,0.0,0.0,0.0,0.0,0.0,0.0,0.0,0.0,0.0,0.0
2030-06-24 10:00:00,0.0,0.0,0.0,0.0,0.0,0.0,0.0,0.0,0.0,0.0,0.0,0.0
2030-06-24 11:00:00,0.0,0.0,0.0,0.0,0.0,0.0,0.0,0.0,0.0,0.0,0.0,0.0
2030-06-24 12:00:00,0.0,0.0,0.0,0.0,0.0,0.0,0.0,0.0,0.0,0.0,0.0,0.0
2030-06-24 13:00:00,0.0,0.0,0.0,0.0,0.0,0.0,0.0,0.0,0.0,0.0,0.0,0.0
2030-06-24 14:00:00,0.0,0.0,0.0,0.0,0.0,0.0,0.0,0.0,0.0,0.0,0.0,0.0
2030-06-24 15:00:00,0.0,0.0,0.0,0.0,0.0,0.0,0.0,0.0,0.0,0.0,0.0,0.0
2030-06-24 16:00:00,0.0,0.0,0.0,0.0,0.0,0.0,0.0,0.0,0.0,0.0,0.0,0.0
2030-06-24 17:00:00,0.0,0.0,0.0,0.0,0.0,0.0,0.0,0.0,3265.211418303183,2070.0,0.0,0.0
2030-06-24 18:00:00,1297.0,1644.1,7381.64,0.0,0.0,0.0,0.0,0.0,4939.064243613526,2070.0,0.0,0.0
2030-06-24 19:00:00,1297.0,1644.1,7381.64,701.2141376471136,0.0,0.0,0.0,0.0,7299.080520206422,0.0,0.0,0.0
2030-06-24 20:00:00,1297.0,1644.1,7381.64,0.0,0.0,0.0,0.0,0.0,5174.020257783308,2070.0,0.0,0.0
2030-06-24 21:00:00,1297.0,1644.1,7381.64,1006.5004143296776,0.0,0.0,0.0,0.0,5005.893789788415,2070.0,0.0,0.0
2030-06-24 22:00:00,1297.0,1644.1,7381.64,1332.9622124140187,0.0,0.0,0.0,0.0,5137.791384836573,2070.0,0.0,0.0
2030-06-24 23:00:00,1297.0,1644.1,7381.64,0.0,0.0,0.0,0.0,0.0,5040.8140804432915,2070.0,0.0,0.0
2030-06-25 00:00:00,1297.0,1644.1,7381.64,3199.99,0.0,0.0,0.0,0.0,3287.306121891585,2070.0,2290.0,0.0
2030-06-25 01:00:00,1297.0,1644.1,7381.64,0.0,0.0,0.0,0.0,0.0,3318.3680969157567,2070.0,2290.0,0.0
2030-06-25 02:00:00,1297.0,1644.1,7381.64,0.0,0.0,0.0,0.0,0.0,5483.683790009512,2070.0,0.0,0.0
2030-06-25 03:00:00,1297.0,1644.1,7381.64,0.0,0.0,0.0,0.0,0.0,3733.7915074652224,2070.0,2290.0,0.0
2030-06-25 04:00:00,1297.0,1644.1,7381.64,0.0,0.0,0.0,0.0,0.0,6776.560291968742,2070.0,0.0,0.0
2030-06-25 05:00:00,1297.0,1644.1,7381.64,0.0,0.0,0.0,0.0,0.0,5781.209412414811,2070.0,388.19081283159176,509.67662331525
2030-06-25 06:00:00,1297.0,0.0,0.0,0.0,0.0,0.0,0.0,0.0,7377.938336426611,0.0,0.0,0.0
2030-06-25 07:00:00,0.0,0.0,0.0,0.0,0.0,0.0,0.0,0.0,0.0,740.1134562719001,2290.0,51.52337668475002
2030-06-25 08:00:00,0.0,0.0,0.0,0.0,0.0,0.0,0.0,0.0,0.0,0.0,0.0,0.0
2030-06-25 09:00:00,0.0,0.0,0.0,0.0,0.0,0.0,0.0,0.0,0.0,0.0,0.0,0.0
2030-06-25 10:00:00,0.0,0.0,0.0,0.0,0.0,0.0,0.0,0.0,0.0,0.0,0.0,0.0
2030-06-25 11:00:00,0.0,0.0,0.0,0.0,0.0,0.0,0.0,0.0,0.0,0.0,0.0,0.0
2030-06-25 12:00:00,0.0,0.0,0.0,0.0,0.0,0.0,0.0,0.0,0.0,0.0,0.0,0.0
2030-06-25 13:00:00,0.0,0.0,0.0,0.0,0.0,0.0,0.0,0.0,0.0,0.0,0.0,0.0
2030-06-25 14:00:00,0.0,0.0,0.0,0.0,0.0,0.0,0.0,0.0,0.0,0.0,0.0,0.0
2030-06-25 15:00:00,0.0,0.0,0.0,0.0,0.0,0.0,0.0,0.0,0.0,0.0,0.0,0.0
2030-06-25 16:00:00,0.0,0.0,0.0,0.0,0.0,0.0,0.0,0.0,0.0,0.0,0.0,0.0
2030-06-25 17:00:00,0.0,0.0,0.0,0.0,0.0,0.0,0.0,0.0,0.0,0.0,0.0,0.0
2030-06-25 18:00:00,0.0,0.0,0.0,0.0,0.0,0.0,0.0,0.0,0.0,0.0,0.0,0.0
2030-06-25 19:00:00,0.0,0.0,0.0,0.0,0.0,0.0,0.0,0.0,0.0,0.0,0.0,207.02474999878947
2030-06-25 20:00:00,0.0,0.0,0.0,0.0,0.0,0.0,0.0,0.0,0.0,0.0,0.0,158.4336001721546
2030-06-25 21:00:00,0.0,0.0,0.0,0.0,0.0,0.0,0.0,0.0,0.0,0.0,0.0,0.0
2030-06-25 22:00:00,0.0,0.0,0.0,0.0,0.0,0.0,0.0,0.0,0.0,0.0,0.0,0.0
2030-06-25 23:00:00,0.0,0.0,0.0,0.0,0.0,0.0,0.0,0.0,0.0,0.0,0.0,0.0
2030-06-26 00:00:00,0.0,0.0,0.0,0.0,0.0,0.0,0.0,0.0,0.0,0.0,0.0,0.0
2030-06-26 01:00:00,0.0,0.0,0.0,0.0,0.0,0.0,0.0,0.0,0.0,0.0,0.0,29.571029783693007
2030-06-26 02:00:00,0.0,0.0,0.0,0.0,0.0,0.0,0.0,0.0,0.0,0.0,0.0,0.0
2030-06-26 03:00:00,0.0,0.0,0.0,0.0,0.0,0.0,0.0,0.0,0.0,416.2097398846564,0.0,0.0
2030-06-26 04:00:00,0.0,0.0,0.0,0.0,0.0,0.0,0.0,0.0,0.0,1160.4882092195285,0.0,0.0
2030-06-26 05:00:00,0.0,0.0,0.0,0.0,0.0,0.0,0.0,0.0,0.0,1434.0387468030267,0.0,0.0
2030-06-26 06:00:00,0.0,0.0,0.0,0.0,0.0,0.0,0.0,0.0,0.0,1155.862268863897,0.0,0.0
2030-06-26 07:00:00,0.0,0.0,0.0,0.0,0.0,0.0,0.0,0.0,0.0,155.23524877498713,0.0,561.2
2030-06-26 08:00:00,0.0,0.0,0.0,0.0,0.0,0.0,0.0,0.0,0.0,466.24225193011586,0.0,0.0
2030-06-26 09:00:00,0.0,0.0,0.0,0.0,0.0,0.0,0.0,0.0,0.0,0.0,214.05548386362082,0.0
2030-06-26 10:00:00,0.0,0.0,0.0,0.0,0.0,0.0,0.0,0.0,0.0,0.0,0.0,0.0
2030-06-26 11:00:00,0.0,0.0,0.0,0.0,0.0,0.0,0.0,0.0,0.0,0.0,0.0,0.0
2030-06-26 12:00:00,0.0,0.0,0.0,0.0,0.0,0.0,0.0,0.0,0.0,0.0,0.0,0.0
2030-06-26 13:00:00,0.0,0.0,0.0,0.0,0.0,0.0,0.0,0.0,0.0,0.0,0.0,0.0
2030-06-26 14:00:00,0.0,0.0,0.0,0.0,0.0,0.0,0.0,0.0,0.0,0.0,0.0,0.0
2030-06-26 15:00:00,0.0,0.0,0.0,0.0,0.0,0.0,0.0,0.0,0.0,0.0,0.0,0.0
2030-06-26 16:00:00,0.0,0.0,0.0,0.0,0.0,0.0,0.0,0.0,0.0,0.0,0.0,0.0
2030-06-26 17:00:00,0.0,0.0,0.0,0.0,0.0,0.0,0.0,0.0,0.0,0.0,0.0,0.0
2030-06-26 18:00:00,0.0,0.0,0.0,0.0,0.0,0.0,0.0,0.0,0.0,0.0,0.0,35.24274396595949
2030-06-26 19:00:00,0.0,0.0,0.0,0.0,0.0,0.0,0.0,0.0,165.5847548120201,0.0,0.0,222.82966768357687
2030-06-26 20:00:00,0.0,0.0,0.0,0.0,0.0,0.0,0.0,0.0,0.0,0.0,0.0,281.16222429120234
2030-06-26 21:00:00,0.0,0.0,0.0,0.0,0.0,0.0,0.0,0.0,0.0,0.0,0.0,5.474422439891569
2030-06-26 22:00:00,0.0,0.0,0.0,0.0,0.0,0.0,0.0,0.0,95.77982286115837,0.0,0.0,0.0
2030-06-26 23:00:00,0.0,0.0,0.0,0.0,0.0,0.0,0.0,0.0,0.0,0.0,0.0,16.49094161936978
2030-06-27 00:00:00,0.0,0.0,0.0,0.0,0.0,0.0,0.0,0.0,0.0,0.0,0.0,0.0
2030-06-27 01:00:00,0.0,0.0,0.0,0.0,0.0,0.0,0.0,0.0,0.0,0.0,0.0,0.0
2030-06-27 02:00:00,0.0,0.0,0.0,0.0,0.0,0.0,0.0,0.0,0.0,0.0,0.0,0.0
2030-06-27 03:00:00,0.0,0.0,0.0,0.0,0.0,0.0,0.0,0.0,0.0,0.0,0.0,0.0
2030-06-27 04:00:00,0.0,0.0,0.0,1498.3623702242185,0.0,0.0,0.0,0.0,0.0,0.0,0.0,319.18990266997105
2030-06-27 05:00:00,0.0,0.0,0.0,0.0,0.0,0.0,0.0,0.0,51.138997645708656,0.0,0.0,242.01009733002897
2030-06-27 06:00:00,0.0,0.0,0.0,0.0,0.0,0.0,0.0,0.0,0.0,0.0,0.0,0.0
2030-06-27 07:00:00,0.0,0.0,0.0,0.0,0.0,0.0,0.0,0.0,0.0,0.0,0.0,0.0
2030-06-27 08:00:00,0.0,0.0,0.0,0.0,0.0,0.0,0.0,0.0,0.0,0.0,0.0,0.0
2030-06-27 09:00:00,0.0,0.0,0.0,0.0,0.0,0.0,0.0,0.0,0.0,0.0,0.0,0.0
2030-06-27 10:00:00,0.0,0.0,0.0,0.0,0.0,0.0,0.0,0.0,0.0,0.0,0.0,0.0
2030-06-27 11:00:00,0.0,0.0,0.0,0.0,0.0,0.0,0.0,0.0,0.0,0.0,0.0,0.0
2030-06-27 12:00:00,0.0,0.0,0.0,0.0,0.0,0.0,0.0,0.0,0.0,0.0,0.0,0.0
2030-06-27 13:00:00,0.0,0.0,0.0,0.0,0.0,0.0,0.0,0.0,0.0,0.0,0.0,0.0
2030-06-27 14:00:00,0.0,0.0,0.0,0.0,0.0,0.0,0.0,0.0,0.0,0.0,0.0,0.0
2030-06-27 15:00:00,0.0,0.0,0.0,0.0,0.0,0.0,0.0,0.0,0.0,0.0,0.0,0.0
2030-06-27 16:00:00,0.0,0.0,0.0,0.0,0.0,0.0,0.0,0.0,0.0,0.0,0.0,0.0
2030-06-27 17:00:00,0.0,0.0,0.0,0.0,0.0,0.0,0.0,0.0,6783.925331570138,0.0,0.0,0.0
2030-06-27 18:00:00,1297.0,722.8346444941126,0.0,0.0,0.0,0.0,0.0,0.0,7280.179222948981,0.0,0.0,0.0
2030-06-27 19:00:00,1297.0,1644.1,7381.64,2074.5104672204798,0.0,0.0,0.0,0.0,7622.836771798891,0.0,0.0,0.0
2030-06-27 20:00:00,1297.0,1644.1,7381.64,2131.3294579829817,0.0,0.0,0.0,0.0,7608.433752709375,0.0,0.0,0.0
2030-06-27 21:00:00,1297.0,1644.1,7109.520903494063,0.0,0.0,0.0,0.0,0.0,7315.06272713274,0.0,0.0,0.0
2030-06-27 22:00:00,1297.0,1644.1,7381.64,1774.7017928012829,0.0,0.0,0.0,0.0,7390.721275793667,0.0,0.0,0.0
2030-06-27 23:00:00,1297.0,1644.1,7381.64,0.0,0.0,0.0,0.0,0.0,7282.6778826366535,0.0,0.0,0.0
2030-06-28 00:00:00,1297.0,1644.1,6906.616876182299,0.0,0.0,0.0,0.0,0.0,7060.944926221639,0.0,0.0,0.0
2030-06-28 01:00:00,1297.0,1644.1,7381.64,0.0,0.0,0.0,0.0,0.0,7009.343222303915,0.0,0.0,0.0
2030-06-28 02:00:00,1297.0,1644.1,5812.154888304027,0.0,0.0,0.0,0.0,0.0,4730.385734954762,2070.0,0.0,0.0
2030-06-28 03:00:00,1297.0,1644.1,7381.64,716.0358252106671,0.0,0.0,0.0,0.0,7057.806399012863,0.0,0.0,0.0
2030-06-28 04:00:00,1297.0,1644.1,7381.64,2371.425312492127,0.0,0.0,0.0,0.0,7610.164920429534,0.0,0.0,0.0
2030-06-28 05:00:00,1297.0,1644.1,4147.285357991441,0.0,0.0,0.0,0.0,0.0,7503.624284384829,0.0,0.0,0.0
2030-06-28 06:00:00,1297.0,1644.1,0.0,0.0,0.0,0.0,0.0,0.0,6641.604375924525,0.0,0.0,0.0
2030-06-28 07:00:00,0.0,0.0,0.0,0.0,0.0,0.0,0.0,0.0,5215.460139603761,0.0,0.0,0.0
2030-06-28 08:00:00,0.0,0.0,0.0,0.0,0.0,0.0,0.0,0.0,4548.703000998186,0.0,0.0,0.0
2030-06-28 09:00:00,0.0,0.0,0.0,0.0,0.0,0.0,0.0,0.0,1565.9569933895912,0.0,0.0,0.0
2030-06-28 10:00:00,0.0,0.0,0.0,0.0,0.0,0.0,0.0,0.0,2999.533280227788,0.0,0.0,0.0
2030-06-28 11:00:00,0.0,0.0,0.0,0.0,0.0,0.0,0.0,0.0,2707.741392362947,0.0,0.0,0.0
2030-06-28 12:00:00,0.0,0.0,0.0,0.0,0.0,0.0,0.0,0.0,2519.3818023549206,0.0,0.0,0.0
2030-06-28 13:00:00,0.0,0.0,0.0,0.0,0.0,0.0,0.0,0.0,2442.722728803262,0.0,0.0,0.0
2030-06-28 14:00:00,0.0,0.0,0.0,0.0,0.0,0.0,0.0,0.0,2627.149976349636,0.0,0.0,0.0
2030-06-28 15:00:00,1297.0,1644.1,0.0,0.0,0.0,0.0,0.0,0.0,1992.1030174217526,1466.7336631486628,0.0,0.0
2030-06-28 16:00:00,1297.0,1644.1,0.0,0.0,0.0,0.0,0.0,0.0,3405.5437150120706,0.0,0.0,0.0
2030-06-28 17:00:00,1297.0,1644.1,7381.64,0.0,0.0,0.0,0.0,0.0,4150.019828785592,0.0,0.0,0.0
2030-06-28 18:00:00,1297.0,1644.1,7381.64,0.0,0.0,0.0,0.0,404.3117947076971,5210.247482279988,2070.0,0.0,0.0
2030-06-28 19:00:00,1297.0,1644.1,7381.64,0.0,0.0,0.0,0.0,0.0,1629.5003753575247,2070.0,0.0,0.0
2030-06-28 20:00:00,1297.0,1644.1,7381.64,3199.99,0.0,0.0,0.0,0.0,1671.2024771481397,0.0,0.0,0.0
2030-06-28 21:00:00,1297.0,1644.1,7381.64,0.0,0.0,0.0,0.0,0.0,2560.7526309393925,0.0,0.0,0.0
2030-06-28 22:00:00,1297.0,1644.1,7381.64,0.0,0.0,0.0,0.0,0.0,0.0,2070.0,0.0,0.0
2030-06-28 23:00:00,1297.0,1644.1,7381.64,0.0,0.0,0.0,0.0,0.0,1386.610197686694,0.0,0.0,0.0
2030-06-29 00:00:00,1297.0,1644.1,7381.64,2688.0192000000015,0.0,0.0,0.0,0.0,1170.868822644612,0.0,0.0,0.0
2030-06-29 01:00:00,1297.0,1644.1,7381.64,0.0,0.0,0.0,0.0,0.0,1089.161531997483,0.0,0.0,0.0
2030-06-29 02:00:00,1297.0,1644.1,7381.64,0.0,0.0,0.0,0.0,0.0,0.0,843.0526203470026,0.0,0.0
2030-06-29 03:00:00,1297.0,1644.1,7381.64,0.0,0.0,0.0,0.0,0.0,1034.1830842289764,0.0,0.0,0.0
2030-06-29 04:00:00,1297.0,1644.1,7381.64,0.0,0.0,0.0,0.0,0.0,1583.0737391604098,0.0,0.0,0.0
2030-06-29 05:00:00,1297.0,1644.1,7381.64,0.0,0.0,0.0,0.0,0.0,0.0,1074.8595032194203,0.0,561.2
2030-06-29 06:00:00,1297.0,1644.1,7381.64,0.0,0.0,0.0,0.0,0.0,0.0,760.6990856278287,0.0,0.0
2030-06-29 07:00:00,1297.0,1644.1,7381.64,0.0,0.0,0.0,0.0,0.0,0.0,0.0,0.0,0.0
2030-06-29 08:00:00,1297.0,1644.1,0.0,0.0,0.0,0.0,0.0,0.0,0.0,0.0,0.0,0.0
2030-06-29 09:00:00,0.0,0.0,0.0,0.0,0.0,0.0,0.0,0.0,0.0,0.0,0.0,0.0
2030-06-29 10:00:00,0.0,0.0,0.0,0.0,0.0,0.0,0.0,0.0,0.0,0.0,0.0,0.0
2030-06-29 11:00:00,0.0,0.0,0.0,0.0,0.0,0.0,0.0,0.0,0.0,0.0,0.0,0.0
2030-06-29 12:00:00,0.0,0.0,0.0,0.0,0.0,0.0,0.0,0.0,0.0,0.0,0.0,0.0
2030-06-29 13:00:00,0.0,0.0,0.0,0.0,0.0,0.0,0.0,0.0,0.0,0.0,0.0,0.0
2030-06-29 14:00:00,0.0,0.0,0.0,0.0,0.0,0.0,0.0,0.0,0.0,0.0,0.0,0.0
2030-06-29 15:00:00,1297.0,734.2551787645552,0.0,0.0,0.0,0.0,0.0,0.0,0.0,0.0,0.0,0.0
2030-06-29 16:00:00,1297.0,1644.1,7381.64,0.0,0.0,0.0,0.0,0.0,0.0,0.0,0.0,0.0
2030-06-29 17:00:00,1297.0,1644.1,7381.64,0.0,0.0,0.0,0.0,0.0,0.0,397.5970430520106,0.0,0.0
2030-06-29 18:00:00,1297.0,1644.1,7381.64,2688.0192000000015,0.0,0.0,0.0,0.0,0.0,1411.5231040662784,0.0,0.0
2030-06-29 19:00:00,1297.0,1644.1,7381.64,3199.99,0.0,0.0,0.0,0.0,0.0,1259.6130519266703,0.0,561.2
2030-06-29 20:00:00,1297.0,1644.1,7381.64,0.0,0.0,0.0,0.0,0.0,1755.66232970269,0.0,0.0,0.0
2030-06-29 21:00:00,1297.0,1644.1,0.0,0.0,0.0,0.0,0.0,0.0,1470.559724615428,0.0,0.0,0.0
2030-06-29 22:00:00,0.0,0.0,0.0,0.0,0.0,0.0,0.0,0.0,0.0,0.0,0.0,0.0
2030-06-29 23:00:00,0.0,0.0,0.0,0.0,0.0,0.0,0.0,0.0,0.0,0.0,0.0,0.0
2030-06-30 00:00:00,0.0,0.0,0.0,0.0,0.0,0.0,0.0,0.0,0.0,0.0,0.0,0.0
2030-06-30 01:00:00,0.0,0.0,0.0,0.0,0.0,0.0,0.0,0.0,0.0,0.0,0.0,0.0
2030-06-30 02:00:00,0.0,0.0,0.0,1640.8561182635667,0.0,0.0,0.0,0.0,0.0,0.0,0.0,398.0430034240198
2030-06-30 03:00:00,0.0,0.0,0.0,0.0,0.0,0.0,0.0,0.0,0.0,0.0,0.0,0.0
2030-06-30 04:00:00,0.0,0.0,0.0,0.0,0.0,0.0,0.0,0.0,0.0,0.0,0.0,0.0
2030-06-30 05:00:00,0.0,0.0,0.0,0.0,0.0,0.0,0.0,0.0,0.0,0.0,0.0,0.0
2030-06-30 06:00:00,0.0,0.0,0.0,0.0,0.0,0.0,0.0,0.0,0.0,0.0,0.0,0.0
2030-06-30 07:00:00,0.0,0.0,0.0,0.0,0.0,0.0,0.0,0.0,0.0,0.0,0.0,0.0
2030-06-30 08:00:00,0.0,0.0,0.0,0.0,0.0,0.0,0.0,0.0,0.0,0.0,0.0,0.0
2030-06-30 09:00:00,0.0,0.0,0.0,0.0,0.0,0.0,0.0,0.0,0.0,0.0,0.0,0.0
2030-06-30 10:00:00,0.0,0.0,0.0,0.0,0.0,0.0,0.0,0.0,0.0,0.0,0.0,0.0
2030-06-30 11:00:00,0.0,0.0,0.0,0.0,0.0,0.0,0.0,0.0,0.0,0.0,0.0,0.0
2030-06-30 12:00:00,0.0,0.0,0.0,0.0,0.0,0.0,0.0,0.0,0.0,0.0,0.0,0.0
2030-06-30 13:00:00,0.0,0.0,0.0,0.0,0.0,0.0,0.0,0.0,0.0,0.0,0.0,0.0
2030-06-30 14:00:00,0.0,0.0,0.0,0.0,0.0,0.0,0.0,0.0,0.0,0.0,0.0,0.0
2030-06-30 15:00:00,0.0,0.0,0.0,0.0,0.0,0.0,0.0,0.0,0.0,0.0,0.0,0.0
2030-06-30 16:00:00,0.0,0.0,0.0,0.0,0.0,0.0,0.0,0.0,0.0,0.0,0.0,0.0
2030-06-30 17:00:00,1297.0,1644.1,7114.65675168041,0.0,0.0,0.0,0.0,0.0,0.0,0.0,0.0,0.0
2030-06-30 18:00:00,1297.0,1644.1,7381.64,2688.0192000000015,0.0,0.0,0.0,0.0,974.9870679676833,0.0,0.0,0.0
2030-06-30 19:00:00,1297.0,1644.1,7381.64,3199.99,0.0,0.0,0.0,0.0,1367.338474715585,0.0,0.0,0.0
2030-06-30 20:00:00,1297.0,1644.1,7381.64,0.0,0.0,0.0,0.0,0.0,1342.6945033998732,0.0,0.0,0.0
2030-06-30 21:00:00,1297.0,1644.1,7381.64,0.0,0.0,0.0,0.0,0.0,1202.180088382553,0.0,0.0,0.0
2030-06-30 22:00:00,1297.0,1644.1,2689.486357717724,0.0,0.0,0.0,0.0,0.0,1348.6861458203716,0.0,0.0,0.0
2030-06-30 23:00:00,1297.0,1644.1,242.9550834924994,0.0,0.0,0.0,0.0,0.0,1259.3980835140464,0.0,0.0,0.0
2030-07-01 00:00:00,1297.0,1644.1,719.4542995453212,0.0,0.0,0.0,0.0,0.0,1130.378181558484,0.0,0.0,0.0
2030-07-01 01:00:00,1297.0,1644.1,306.97746427876154,0.0,0.0,0.0,0.0,0.0,1101.7752228969316,0.0,0.0,0.0
2030-07-01 02:00:00,1297.0,1644.1,7381.64,0.0,0.0,0.0,0.0,0.0,922.5843972204057,0.0,0.0,0.0
2030-07-01 03:00:00,1297.0,1644.1,7381.64,1856.7007948038972,0.0,0.0,0.0,0.0,0.0,0.0,393.112889193455,561.2
2030-07-01 04:00:00,1297.0,1644.1,7381.64,2440.4185201349483,0.0,0.0,0.0,0.0,0.0,0.0,1102.4043380903,0.0
2030-07-01 05:00:00,1297.0,1644.1,2455.7244571828505,0.0,0.0,0.0,0.0,0.0,651.7115923519486,0.0,0.0,0.0
2030-07-01 06:00:00,1297.0,878.2520740287446,0.0,0.0,0.0,0.0,0.0,0.0,0.0,0.0,0.0,0.0
2030-07-01 07:00:00,0.0,0.0,0.0,0.0,0.0,0.0,0.0,0.0,0.0,0.0,0.0,0.0
2030-07-01 08:00:00,0.0,0.0,0.0,0.0,0.0,0.0,0.0,0.0,0.0,0.0,0.0,0.0
2030-07-01 09:00:00,0.0,0.0,0.0,0.0,0.0,0.0,0.0,0.0,0.0,0.0,0.0,0.0
2030-07-01 10:00:00,0.0,0.0,0.0,0.0,0.0,0.0,0.0,0.0,0.0,0.0,0.0,0.0
2030-07-01 11:00:00,0.0,0.0,0.0,0.0,0.0,0.0,0.0,0.0,0.0,0.0,0.0,0.0
2030-07-01 12:00:00,0.0,0.0,0.0,0.0,0.0,0.0,0.0,0.0,0.0,0.0,0.0,0.0
2030-07-01 13:00:00,0.0,0.0,0.0,0.0,0.0,0.0,0.0,0.0,0.0,0.0,0.0,0.0
2030-07-01 14:00:00,0.0,0.0,0.0,0.0,0.0,0.0,0.0,0.0,0.0,0.0,0.0,0.0
2030-07-01 15:00:00,0.0,0.0,0.0,0.0,0.0,0.0,0.0,0.0,0.0,0.0,0.0,0.0
2030-07-01 16:00:00,0.0,0.0,0.0,0.0,0.0,0.0,0.0,0.0,0.0,0.0,0.0,0.0
2030-07-01 17:00:00,1297.0,1644.1,7381.64,0.0,0.0,0.0,0.0,0.0,0.0,0.0,0.0,0.0
2030-07-01 18:00:00,1297.0,1644.1,7381.64,3199.99,0.0,0.0,0.0,0.0,1256.08375548203,0.0,0.0,0.0
2030-07-01 19:00:00,1297.0,1644.1,7381.64,2688.0192000000015,0.0,0.0,0.0,0.0,1525.1264243189466,0.0,0.0,0.0
2030-07-01 20:00:00,1297.0,1644.1,7381.64,0.0,0.0,0.0,0.0,0.0,0.0,1332.0001333199002,0.0,0.0
2030-07-01 21:00:00,1297.0,1644.1,7381.64,0.0,0.0,0.0,0.0,0.0,1170.0773361842002,0.0,0.0,0.0
2030-07-01 22:00:00,1297.0,1644.1,7381.64,0.0,0.0,0.0,0.0,0.0,1182.1837008902362,0.0,0.0,0.0
2030-07-01 23:00:00,1297.0,1644.1,7381.64,0.0,0.0,0.0,0.0,0.0,1067.7264797008675,0.0,0.0,0.0
2030-07-02 00:00:00,1297.0,1644.1,7381.64,2769.8051047254016,0.0,0.0,0.0,0.0,1825.2191928054344,0.0,0.0,0.0
2030-07-02 01:00:00,1297.0,1644.1,7381.64,0.0,0.0,0.0,0.0,0.0,1879.8613714070361,0.0,0.0,0.0
2030-07-02 02:00:00,1297.0,1644.1,7381.64,0.0,0.0,0.0,0.0,0.0,0.0,1785.7701604190893,0.0,0.0
2030-07-02 03:00:00,1297.0,1644.1,7381.64,0.0,0.0,0.0,0.0,0.0,2285.6413198027385,0.0,0.0,0.0
2030-07-02 04:00:00,1297.0,1644.1,7381.64,0.0,0.0,0.0,0.0,0.0,3027.5368511981533,0.0,0.0,0.0
2030-07-02 05:00:00,1297.0,1644.1,7381.64,0.0,0.0,0.0,0.0,0.0,3075.489385477721,0.0,0.0,0.0
2030-07-02 06:00:00,1297.0,1160.5872098310765,0.0,0.0,0.0,0.0,0.0,0.0,2524.175748071443,0.0,0.0,0.0
2030-07-02 07:00:00,2.0418508254333574,0.0,0.0,0.0,0.0,0.0,0.0,0.0,1338.1123186740551,0.0,0.0,561.2
2030-07-02 08:00:00,0.0,0.0,0.0,0.0,0.0,0.0,0.0,0.0,0.0,0.0,0.0,0.0
2030-07-02 09:00:00,0.0,0.0,0.0,0.0,0.0,0.0,0.0,0.0,0.0,0.0,0.0,0.0
2030-07-02 10:00:00,0.0,0.0,0.0,0.0,0.0,0.0,0.0,0.0,0.0,0.0,0.0,0.0
2030-07-02 11:00:00,0.0,0.0,0.0,0.0,0.0,0.0,0.0,0.0,0.0,0.0,0.0,0.0
2030-07-02 12:00:00,0.0,0.0,0.0,0.0,0.0,0.0,0.0,0.0,0.0,0.0,0.0,0.0
2030-07-02 13:00:00,0.0,0.0,0.0,0.0,0.0,0.0,0.0,0.0,0.0,0.0,0.0,0.0
2030-07-02 14:00:00,0.0,0.0,0.0,0.0,0.0,0.0,0.0,0.0,0.0,0.0,0.0,0.0
2030-07-02 15:00:00,0.0,0.0,0.0,0.0,0.0,0.0,0.0,0.0,0.0,0.0,0.0,0.0
2030-07-02 16:00:00,924.9352096242837,0.0,0.0,0.0,0.0,0.0,0.0,0.0,1121.5543993285505,0.0,0.0,0.0
2030-07-02 17:00:00,1297.0,1644.1,3063.397454553182,0.0,0.0,0.0,0.0,0.0,0.0,1667.0959393001822,0.0,0.0
2030-07-02 18:00:00,1297.0,1644.1,7381.64,0.0,0.0,0.0,0.0,0.0,2185.45972056395,0.0,0.0,0.0
2030-07-02 19:00:00,1297.0,1644.1,7381.64,555.0001109526711,0.0,0.0,0.0,0.0,2226.0085328913638,0.0,0.0,0.0
2030-07-02 20:00:00,1297.0,1644.1,7381.64,1849.147346118938,0.0,0.0,0.0,0.0,1923.5568265314105,183.99433054115653,0.0,0.0
2030-07-02 21:00:00,1297.0,1644.1,7381.64,616.8717309968997,0.0,0.0,0.0,0.0,1777.9578574394473,0.0,0.0,0.0
2030-07-02 22:00:00,1297.0,1644.1,7381.64,0.0,0.0,0.0,0.0,0.0,0.6157970690353523,1851.090269841334,0.0,0.0
2030-07-02 23:00:00,1297.0,1644.1,7381.64,0.0,0.0,0.0,0.0,0.0,1753.2183603749595,0.0,0.0,0.0
2030-07-03 00:00:00,1297.0,1644.1,7381.64,0.0,0.0,0.0,0.0,0.0,1733.7670195313744,0.0,0.0,0.0
2030-07-03 01:00:00,1297.0,1644.1,7381.64,0.0,0.0,0.0,0.0,0.0,1761.2573179306846,0.0,0.0,0.0
2030-07-03 02:00:00,1297.0,1644.1,7381.64,354.13472186490435,0.0,0.0,0.0,0.0,1641.761204349657,0.0,0.0,0.0
2030-07-03 03:00:00,1297.0,1644.1,7381.64,3199.99,0.0,0.0,0.0,0.0,55.21759360117335,2070.0,0.0,0.0
2030-07-03 04:00:00,1297.0,1644.1,7381.64,1505.4313324016632,0.0,0.0,0.0,0.0,798.5568553485614,2070.0,0.0,0.0
2030-07-03 05:00:00,1297.0,1644.1,7381.64,828.4531457334342,0.0,0.0,0.0,0.0,2853.214979489263,42.05891370209094,0.0,0.0
2030-07-03 06:00:00,1297.0,1644.1,7381.64,0.0,0.0,0.0,0.0,0.0,2514.5305609590255,0.0,0.0,0.0
2030-07-03 07:00:00,1297.0,723.4073231501916,0.0,0.0,0.0,0.0,0.0,0.0,1726.609011152144,0.0,0.0,0.0
2030-07-03 08:00:00,773.1701177877385,0.0,0.0,0.0,0.0,0.0,0.0,0.0,0.0,679.8044578122481,0.0,0.0
2030-07-03 09:00:00,0.0,0.0,0.0,0.0,0.0,0.0,0.0,0.0,0.0,0.0,0.0,0.0
2030-07-03 10:00:00,0.0,0.0,0.0,0.0,0.0,0.0,0.0,0.0,0.0,0.0,0.0,0.0
2030-07-03 11:00:00,0.0,0.0,0.0,0.0,0.0,0.0,0.0,0.0,0.0,0.0,0.0,0.0
2030-07-03 12:00:00,0.0,0.0,0.0,0.0,0.0,0.0,0.0,0.0,0.0,0.0,0.0,0.0
2030-07-03 13:00:00,1297.0,309.91527210783624,0.0,0.0,0.0,0.0,0.0,0.0,0.0,0.0,0.0,0.0
2030-07-03 14:00:00,1297.0,1644.1,7381.64,0.0,0.0,0.0,0.0,0.0,0.0,0.0,0.0,0.0
2030-07-03 15:00:00,1297.0,1644.1,7381.64,0.0,0.0,0.0,0.0,0.0,0.0,0.0,0.0,0.0
2030-07-03 16:00:00,1297.0,1644.1,7381.64,0.0,0.0,0.0,0.0,0.0,0.0,321.18938404140886,0.0,0.0
2030-07-03 17:00:00,1297.0,1644.1,7381.64,2688.0192000000015,0.0,0.0,0.0,0.0,822.6193946520802,370.21805396826676,0.0,0.0
2030-07-03 18:00:00,1297.0,1644.1,7381.64,3199.99,0.0,0.0,0.0,0.0,1610.839915363234,370.21805396826676,0.0,0.0
2030-07-03 19:00:00,1297.0,1644.1,7381.64,0.0,0.0,0.0,0.0,0.0,668.985385027948,1480.872215873067,0.0,0.0
2030-07-03 20:00:00,1297.0,1644.1,7381.64,0.0,0.0,0.0,0.0,0.0,2040.951194694946,0.0,0.0,0.0
2030-07-03 21:00:00,1297.0,1644.1,7381.64,0.0,0.0,0.0,0.0,0.0,1724.6204720030678,0.0,0.0,0.0
2030-07-03 22:00:00,1297.0,1644.1,7381.64,0.0,0.0,0.0,0.0,0.0,1780.2512421995784,0.0,0.0,0.0
2030-07-03 23:00:00,1297.0,1644.1,7381.64,0.0,0.0,0.0,0.0,0.0,1325.7160974450326,370.21805396826676,0.0,0.0
2030-07-04 00:00:00,1297.0,1644.1,7381.64,0.0,0.0,0.0,0.0,0.0,0.0,1464.1868767521214,0.0,0.0
2030-07-04 01:00:00,1297.0,1644.1,7381.64,0.0,0.0,0.0,0.0,0.0,1468.5460592459235,0.0,0.0,0.0
2030-07-04 02:00:00,1297.0,1644.1,7381.64,0.0,0.0,0.0,0.0,0.0,1321.5053191695142,0.0,0.0,0.0
2030-07-04 03:00:00,1297.0,1644.1,7381.64,0.0,0.0,0.0,0.0,0.0,1323.064065065561,386.90339308920727,0.0,0.0
2030-07-04 04:00:00,1297.0,1644.1,7381.64,0.0,0.0,0.0,0.0,0.0,2359.4435618931443,0.0,0.0,0.0
2030-07-04 05:00:00,1297.0,1644.1,7381.64,0.0,0.0,0.0,0.0,0.0,2191.381694103808,370.21805396826676,0.0,0.0
2030-07-04 06:00:00,1297.0,1644.1,7381.64,0.0,0.0,0.0,0.0,0.0,183.2848662672427,2070.0,0.0,0.0
2030-07-04 07:00:00,1297.0,1644.1,7381.64,0.0,0.0,0.0,0.0,0.0,0.0,1758.3343816061652,0.0,0.0
2030-07-04 08:00:00,1297.0,1644.1,7381.64,0.0,0.0,0.0,0.0,0.0,0.0,1611.8364698440973,0.0,0.0
2030-07-04 09:00:00,1297.0,0.0,0.0,0.0,0.0,0.0,0.0,0.0,1150.3624390591876,0.0,0.0,0.0
2030-07-04 10:00:00,1297.0,0.0,0.0,0.0,0.0,0.0,0.0,0.0,18.240549021597644,0.0,0.0,0.0
2030-07-04 11:00:00,1297.0,0.0,0.0,0.0,0.0,0.0,0.0,0.0,0.0,0.0,0.0,0.0
2030-07-04 12:00:00,1297.0,0.0,0.0,0.0,0.0,0.0,0.0,0.0,0.0,0.0,0.0,0.0
2030-07-04 13:00:00,1297.0,0.0,0.0,0.0,0.0,0.0,0.0,0.0,0.0,0.0,0.0,0.0
2030-07-04 14:00:00,1297.0,0.0,0.0,0.0,0.0,0.0,0.0,0.0,0.0,0.0,0.0,0.0
2030-07-04 15:00:00,1297.0,1644.1,7381.64,0.0,0.0,0.0,0.0,0.0,0.0,0.0,0.0,0.0
2030-07-04 16:00:00,1297.0,1644.1,7381.64,2688.0192000000015,0.0,0.0,0.0,0.0,0.0,0.0,0.0,0.0
2030-07-04 17:00:00,1297.0,1644.1,7381.64,0.0,0.0,0.0,0.0,0.0,438.9445566512554,0.0,0.0,0.0
2030-07-04 18:00:00,1297.0,1644.1,7381.64,0.0,0.0,0.0,0.0,0.0,1619.0400884607006,0.0,0.0,0.0
2030-07-04 19:00:00,1297.0,1644.1,7381.64,0.0,0.0,0.0,0.0,0.0,1915.5244415520633,0.0,0.0,0.0
2030-07-04 20:00:00,1297.0,1644.1,7381.64,0.0,0.0,0.0,0.0,0.0,590.5610171303092,1223.7541199785455,0.0,0.0
2030-07-04 21:00:00,1297.0,1644.1,7381.64,0.0,0.0,0.0,0.0,0.0,4302.937199932128,0.0,0.0,0.0
2030-07-04 22:00:00,1297.0,1644.1,7381.64,3199.99,0.0,0.0,0.0,0.0,3315.212380421579,0.0,0.0,0.0
2030-07-04 23:00:00,1297.0,1644.1,7381.64,0.0,0.0,0.0,0.0,0.0,1486.7763704347262,0.0,0.0,0.0
2030-07-05 00:00:00,1297.0,1644.1,7381.64,0.0,0.0,0.0,0.0,0.0,0.0,1447.5612004951686,0.0,0.0
2030-07-05 01:00:00,1297.0,1644.1,7381.64,0.0,0.0,0.0,0.0,0.0,1436.8526689258215,0.0,0.0,0.0
2030-07-05 02:00:00,1297.0,1644.1,7381.64,0.0,0.0,0.0,0.0,0.0,0.0,1278.705659793638,0.0,0.0
2030-07-05 03:00:00,1297.0,1644.1,7381.64,0.0,0.0,0.0,0.0,0.0,0.0,1608.5166842497306,0.0,0.0
2030-07-05 04:00:00,1297.0,1644.1,7381.64,0.0,0.0,0.0,0.0,0.0,144.20398103498246,2070.0,0.0,0.0
2030-07-05 05:00:00,1297.0,1644.1,7381.64,0.0,0.0,0.0,0.0,0.0,8.346589238454044,2070.0,0.0,0.0
2030-07-05 06:00:00,1297.0,1644.1,7381.64,0.0,0.0,0.0,0.0,0.0,0.0,1301.9272904428249,0.0,0.0
2030-07-05 07:00:00,1297.0,1644.1,4619.304931024225,0.0,0.0,0.0,0.0,0.0,0.0,211.67222842256365,0.0,0.0
2030-07-05 08:00:00,0.0,0.0,0.0,0.0,0.0,0.0,0.0,0.0,0.0,0.0,0.0,0.0
2030-07-05 09:00:00,0.0,0.0,0.0,0.0,0.0,0.0,0.0,0.0,0.0,0.0,0.0,0.0
2030-07-05 10:00:00,0.0,0.0,0.0,0.0,0.0,0.0,0.0,0.0,0.0,0.0,0.0,0.0
2030-07-05 11:00:00,0.0,0.0,0.0,0.0,0.0,0.0,0.0,0.0,0.0,0.0,0.0,0.0
2030-07-05 12:00:00,0.0,0.0,0.0,0.0,0.0,0.0,0.0,0.0,0.0,0.0,0.0,0.0
2030-07-05 13:00:00,0.0,0.0,0.0,0.0,0.0,0.0,0.0,0.0,0.0,0.0,0.0,0.0
2030-07-05 14:00:00,0.0,0.0,0.0,0.0,0.0,0.0,0.0,0.0,0.0,0.0,0.0,0.0
2030-07-05 15:00:00,1297.0,0.0,0.0,0.0,0.0,0.0,0.0,0.0,0.0,0.0,0.0,0.0
2030-07-05 16:00:00,1297.0,1644.1,6966.373464111963,0.0,0.0,0.0,0.0,0.0,0.0,0.0,0.0,0.0
2030-07-05 17:00:00,1297.0,1644.1,7381.64,782.4253896045593,0.0,0.0,0.0,0.0,0.0,647.142074874039,0.0,0.0
2030-07-05 18:00:00,1297.0,1644.1,7381.64,18.04727015051274,0.0,0.0,0.0,0.0,1499.359251797633,0.0,0.0,0.0
2030-07-05 19:00:00,1297.0,1644.1,7381.64,3199.99,0.0,0.0,0.0,0.0,0.0,1909.4584337478937,0.0,0.0
2030-07-05 20:00:00,1297.0,1644.1,7381.64,1887.54654024493,0.0,0.0,0.0,0.0,0.0,1829.7908043086445,0.0,0.0
2030-07-05 21:00:00,1297.0,1644.1,7381.64,0.0,0.0,0.0,0.0,0.0,1720.1709915024794,2070.0,0.0,0.0
2030-07-05 22:00:00,1297.0,1644.1,7381.64,0.0,0.0,0.0,0.0,0.0,2528.6965365654887,2070.0,0.0,0.0
2030-07-05 23:00:00,1297.0,1644.1,7381.64,0.0,0.0,0.0,0.0,0.0,0.0,1982.796131992668,0.0,0.0
2030-07-06 00:00:00,1297.0,1644.1,7381.64,0.0,0.0,0.0,0.0,0.0,799.9084323336195,2070.0,0.0,0.0
2030-07-06 01:00:00,1297.0,1644.1,7381.64,0.0,0.0,0.0,0.0,0.0,1689.921506983344,0.0,0.0,0.0
2030-07-06 02:00:00,1297.0,1644.1,7381.64,0.0,0.0,0.0,0.0,0.0,0.0,1548.2746314024575,0.0,0.0
2030-07-06 03:00:00,1297.0,1644.1,7381.64,195.34481313152355,0.0,0.0,0.0,0.0,0.0,2002.1070828582606,0.0,0.0
2030-07-06 04:00:00,1297.0,1644.1,7381.64,3199.99,0.0,0.0,0.0,0.0,647.1550293355999,2070.0,0.0,0.0
2030-07-06 05:00:00,1297.0,1644.1,7381.64,2435.7326454726426,0.0,0.0,0.0,0.0,0.0,2070.0,44.03198339977507,561.2
2030-07-06 06:00:00,1297.0,1644.1,7381.64,0.0,0.0,0.0,0.0,0.0,0.0,1498.1441373858238,0.0,0.0
2030-07-06 07:00:00,1297.0,1492.7828106232555,0.0,0.0,0.0,0.0,0.0,0.0,0.0,0.0,0.0,0.0
2030-07-06 08:00:00,0.0,0.0,0.0,0.0,0.0,0.0,0.0,0.0,0.0,0.0,0.0,0.0
2030-07-06 09:00:00,0.0,0.0,0.0,0.0,0.0,0.0,0.0,0.0,0.0,0.0,0.0,0.0
2030-07-06 10:00:00,0.0,0.0,0.0,0.0,0.0,0.0,0.0,0.0,0.0,0.0,0.0,0.0
2030-07-06 11:00:00,0.0,0.0,0.0,0.0,0.0,0.0,0.0,0.0,0.0,0.0,0.0,0.0
2030-07-06 12:00:00,0.0,0.0,0.0,0.0,0.0,0.0,0.0,0.0,0.0,0.0,0.0,0.0
2030-07-06 13:00:00,0.0,0.0,0.0,0.0,0.0,0.0,0.0,0.0,0.0,0.0,0.0,0.0
2030-07-06 14:00:00,0.0,0.0,0.0,0.0,0.0,0.0,0.0,0.0,0.0,0.0,0.0,0.0
2030-07-06 15:00:00,0.0,0.0,0.0,0.0,0.0,0.0,0.0,0.0,0.0,0.0,0.0,0.0
2030-07-06 16:00:00,1297.0,1644.1,6360.214736729469,0.0,0.0,0.0,0.0,0.0,0.0,321.1977117939068,0.0,0.0
2030-07-06 17:00:00,1297.0,1644.1,7381.64,898.655816036975,0.0,0.0,0.0,0.0,0.0,904.4028014922487,0.0,0.0
2030-07-06 18:00:00,1297.0,1644.1,7381.64,3199.99,0.0,0.0,0.0,0.0,0.0,1698.89430363557,0.0,0.0
2030-07-06 19:00:00,1297.0,1644.1,7381.64,1789.3633839630265,0.0,0.0,0.0,0.0,25.111489173872314,2070.0,0.0,0.0
2030-07-06 20:00:00,1297.0,1644.1,7381.64,0.0,0.0,0.0,0.0,0.0,0.0,1998.082881450206,0.0,0.0
2030-07-06 21:00:00,1297.0,1644.1,7381.64,0.0,0.0,0.0,0.0,0.0,0.0,1672.538032186104,0.0,0.0
2030-07-06 22:00:00,1297.0,1644.1,3934.418583753315,0.0,0.0,0.0,0.0,0.0,0.0,1751.0905292367256,0.0,0.0
2030-07-06 23:00:00,1297.0,1644.1,2486.7104496782013,0.0,0.0,0.0,0.0,0.0,0.0,1611.6311231771683,0.0,0.0
2030-07-07 00:00:00,1297.0,0.0,0.0,0.0,0.0,0.0,0.0,0.0,0.0,1059.8861117224988,0.0,0.0
2030-07-07 01:00:00,1297.0,0.0,0.0,0.0,0.0,0.0,0.0,0.0,0.0,1045.2964664421138,0.0,0.0
2030-07-07 02:00:00,1297.0,0.0,0.0,0.0,0.0,0.0,0.0,0.0,0.0,868.0177280501648,0.0,0.0
2030-07-07 03:00:00,1297.0,1644.1,0.0,250.6106337921883,0.0,0.0,0.0,0.0,0.0,818.5108886563225,0.0,0.0
2030-07-07 04:00:00,1297.0,1644.1,0.0,1403.3838050673403,0.0,0.0,0.0,0.0,0.0,358.5050962888831,0.0,561.2
2030-07-07 05:00:00,1297.0,0.0,0.0,0.0,0.0,0.0,0.0,0.0,0.0,768.5107046892415,0.0,0.0
2030-07-07 06:00:00,0.0,0.0,0.0,0.0,0.0,0.0,0.0,0.0,0.0,377.26502146134476,0.0,0.0
2030-07-07 07:00:00,0.0,0.0,0.0,0.0,0.0,0.0,0.0,0.0,0.0,0.0,0.0,0.0
2030-07-07 08:00:00,0.0,0.0,0.0,0.0,0.0,0.0,0.0,0.0,0.0,0.0,0.0,0.0
2030-07-07 09:00:00,0.0,0.0,0.0,0.0,0.0,0.0,0.0,0.0,0.0,0.0,0.0,0.0
2030-07-07 10:00:00,0.0,0.0,0.0,0.0,0.0,0.0,0.0,0.0,0.0,0.0,0.0,0.0
2030-07-07 11:00:00,0.0,0.0,0.0,0.0,0.0,0.0,0.0,0.0,0.0,0.0,0.0,0.0
2030-07-07 12:00:00,0.0,0.0,0.0,0.0,0.0,0.0,0.0,0.0,0.0,0.0,0.0,0.0
2030-07-07 13:00:00,0.0,0.0,0.0,0.0,0.0,0.0,0.0,0.0,0.0,0.0,0.0,0.0
2030-07-07 14:00:00,0.0,0.0,0.0,0.0,0.0,0.0,0.0,0.0,0.0,0.0,0.0,0.0
2030-07-07 15:00:00,0.0,0.0,0.0,0.0,0.0,0.0,0.0,0.0,0.0,0.0,0.0,0.0
2030-07-07 16:00:00,1297.0,1644.1,1577.9225326147898,0.0,0.0,0.0,0.0,0.0,0.0,0.0,0.0,0.0
2030-07-07 17:00:00,1297.0,1644.1,7381.64,1436.9023762846136,0.0,0.0,0.0,0.0,0.0,0.0,0.0,0.0
2030-07-07 18:00:00,1297.0,1644.1,7381.64,1251.1168237153881,0.0,0.0,0.0,0.0,0.0,807.3824331659998,0.0,0.0
2030-07-07 19:00:00,1297.0,1644.1,7381.64,3199.99,0.0,0.0,0.0,0.0,0.0,1251.3590209175973,0.0,0.0
2030-07-07 20:00:00,1297.0,1644.1,7381.64,0.0,0.0,0.0,0.0,0.0,0.0,1217.2025456491397,0.0,0.0
2030-07-07 21:00:00,1297.0,1644.1,7381.64,0.0,0.0,0.0,0.0,0.0,0.0,1100.6880040065485,0.0,0.0
2030-07-07 22:00:00,1297.0,1644.1,7381.64,0.0,0.0,0.0,0.0,0.0,0.0,1256.9013801830065,0.0,0.0
2030-07-07 23:00:00,1297.0,1644.1,7381.64,0.0,0.0,0.0,0.0,0.0,0.0,1180.2056066614587,0.0,0.0
2030-07-08 00:00:00,1297.0,1644.1,7381.64,0.0,0.0,0.0,0.0,0.0,0.0,1261.697553139104,0.0,0.0
2030-07-08 01:00:00,1297.0,1644.1,7381.64,0.0,0.0,0.0,0.0,0.0,0.0,1239.6443665293332,0.0,0.0
2030-07-08 02:00:00,1297.0,1644.1,7381.64,0.0,0.0,0.0,0.0,0.0,0.0,1071.7361777940155,0.0,0.0
2030-07-08 03:00:00,1297.0,1644.1,7381.64,0.0,0.0,0.0,0.0,0.0,0.0,1170.9753908843081,0.0,0.0
2030-07-08 04:00:00,1297.0,1644.1,7381.64,0.0,0.0,0.0,0.0,0.0,0.0,807.9325859135831,0.0,561.2
2030-07-08 05:00:00,1297.0,1644.1,7381.64,0.0,0.0,0.0,0.0,0.0,0.0,871.3991155968338,0.0,0.0
2030-07-08 06:00:00,1297.0,1644.1,7381.64,0.0,0.0,0.0,0.0,0.0,0.0,0.0,0.0,0.0
2030-07-08 07:00:00,1297.0,0.0,0.0,0.0,0.0,0.0,0.0,0.0,0.0,0.0,0.0,0.0
2030-07-08 08:00:00,0.0,0.0,0.0,0.0,0.0,0.0,0.0,0.0,0.0,0.0,0.0,0.0
2030-07-08 09:00:00,0.0,0.0,0.0,0.0,0.0,0.0,0.0,0.0,0.0,0.0,0.0,0.0
2030-07-08 10:00:00,0.0,0.0,0.0,0.0,0.0,0.0,0.0,0.0,0.0,0.0,0.0,0.0
2030-07-08 11:00:00,0.0,0.0,0.0,0.0,0.0,0.0,0.0,0.0,0.0,0.0,0.0,0.0
2030-07-08 12:00:00,0.0,0.0,0.0,0.0,0.0,0.0,0.0,0.0,0.0,0.0,0.0,0.0
2030-07-08 13:00:00,0.0,0.0,0.0,0.0,0.0,0.0,0.0,0.0,0.0,0.0,0.0,0.0
2030-07-08 14:00:00,0.0,0.0,0.0,0.0,0.0,0.0,0.0,0.0,0.0,0.0,0.0,0.0
2030-07-08 15:00:00,0.0,0.0,0.0,0.0,0.0,0.0,0.0,0.0,0.0,0.0,0.0,0.0
2030-07-08 16:00:00,1297.0,0.0,0.0,0.0,0.0,0.0,0.0,0.0,0.0,0.0,0.0,0.0
2030-07-08 17:00:00,1297.0,1644.1,7381.64,0.0,0.0,0.0,0.0,0.0,0.0,0.0,0.0,0.0
2030-07-08 18:00:00,1297.0,1644.1,7381.64,3199.99,0.0,0.0,0.0,0.0,0.0,1359.3729611956492,0.0,0.0
2030-07-08 19:00:00,1297.0,1644.1,7381.64,2688.0192000000015,0.0,0.0,0.0,0.0,0.0,1557.7865067577472,0.0,0.0
2030-07-08 20:00:00,1297.0,1644.1,7381.64,0.0,0.0,0.0,0.0,0.0,0.0,1447.4687206539575,0.0,0.0
2030-07-08 21:00:00,1297.0,1644.1,7381.64,0.0,0.0,0.0,0.0,0.0,0.0,1249.7696384140227,0.0,0.0
2030-07-08 22:00:00,1297.0,1644.1,7381.64,0.0,0.0,0.0,0.0,0.0,0.0,1300.992234284026,0.0,0.0
2030-07-08 23:00:00,1297.0,1644.1,7381.64,0.0,0.0,0.0,0.0,0.0,0.0,1167.2229658084248,0.0,0.0
2030-07-09 00:00:00,1297.0,1644.1,7381.64,627.6894497598483,0.0,0.0,0.0,0.0,0.0,1395.1694442015141,0.0,0.0
2030-07-09 01:00:00,1297.0,1644.1,7381.64,0.0,0.0,0.0,0.0,0.0,0.0,1381.448098016368,0.0,0.0
2030-07-09 02:00:00,1297.0,1644.1,7381.64,0.0,0.0,0.0,0.0,0.0,0.0,1202.7682298789218,0.0,0.0
2030-07-09 03:00:00,1297.0,1644.1,7381.64,0.0,0.0,0.0,0.0,0.0,0.0,1549.9712763306015,0.0,0.0
2030-07-09 04:00:00,1297.0,1644.1,7381.64,1228.897644211629,0.0,0.0,0.0,0.0,84.59584222100762,2070.0,0.0,0.0
2030-07-09 05:00:00,1297.0,1644.1,7381.64,0.0,0.0,0.0,0.0,0.0,1381.498554059828,651.2113784264004,0.0,0.0
2030-07-09 06:00:00,1297.0,1644.1,2273.102144515884,0.0,0.0,0.0,0.0,0.0,0.0,939.7801725542163,0.0,561.2
2030-07-09 07:00:00,0.0,0.0,0.0,0.0,0.0,0.0,0.0,0.0,0.0,0.0,0.0,0.0
2030-07-09 08:00:00,0.0,0.0,0.0,0.0,0.0,0.0,0.0,0.0,0.0,0.0,0.0,0.0
2030-07-09 09:00:00,0.0,0.0,0.0,0.0,0.0,0.0,0.0,0.0,0.0,0.0,0.0,0.0
2030-07-09 10:00:00,0.0,0.0,0.0,0.0,0.0,0.0,0.0,0.0,0.0,0.0,0.0,0.0
2030-07-09 11:00:00,0.0,0.0,0.0,0.0,0.0,0.0,0.0,0.0,0.0,0.0,0.0,0.0
2030-07-09 12:00:00,0.0,0.0,0.0,0.0,0.0,0.0,0.0,0.0,0.0,0.0,0.0,0.0
2030-07-09 13:00:00,0.0,0.0,0.0,0.0,0.0,0.0,0.0,0.0,0.0,0.0,0.0,0.0
2030-07-09 14:00:00,0.0,0.0,0.0,0.0,0.0,0.0,0.0,0.0,0.0,0.0,0.0,0.0
2030-07-09 15:00:00,0.0,0.0,0.0,0.0,0.0,0.0,0.0,0.0,0.0,0.0,0.0,0.0
2030-07-09 16:00:00,0.0,0.0,0.0,0.0,0.0,0.0,0.0,0.0,0.0,0.0,0.0,0.0
2030-07-09 17:00:00,0.0,0.0,0.0,0.0,0.0,0.0,0.0,0.0,0.0,0.0,0.0,0.0
2030-07-09 18:00:00,0.0,0.0,781.5387585122007,0.0,0.0,0.0,0.0,0.0,0.0,1368.2896709042925,0.0,0.0
2030-07-09 19:00:00,0.0,0.0,5623.073391001955,3199.99,0.0,0.0,0.0,0.0,0.0,1253.9515848101191,0.0,561.2
2030-07-09 20:00:00,0.0,0.0,3224.5672621869744,2688.0192000000015,0.0,0.0,0.0,0.0,0.0,1779.7204179820378,0.0,0.0
2030-07-09 21:00:00,0.0,0.0,0.0,0.0,0.0,0.0,0.0,0.0,0.0,41.847754039644315,0.0,0.0
2030-07-09 22:00:00,0.0,0.0,0.0,0.0,0.0,0.0,0.0,0.0,0.0,0.0,0.0,0.0
2030-07-09 23:00:00,0.0,0.0,0.0,0.0,0.0,0.0,0.0,0.0,0.0,0.0,0.0,0.0
2030-07-10 00:00:00,0.0,0.0,0.0,0.0,0.0,0.0,0.0,0.0,0.0,0.0,0.0,0.0
2030-07-10 01:00:00,0.0,0.0,0.0,0.0,0.0,0.0,0.0,0.0,0.0,0.0,0.0,0.0
2030-07-10 02:00:00,0.0,0.0,0.0,0.0,0.0,0.0,0.0,0.0,0.0,0.0,0.0,0.0
2030-07-10 03:00:00,0.0,0.0,0.0,0.0,0.0,0.0,0.0,0.0,0.0,0.0,0.0,0.0
2030-07-10 04:00:00,0.0,0.0,0.0,0.0,0.0,0.0,0.0,0.0,0.0,0.0,0.0,107.11819028723976
2030-07-10 05:00:00,0.0,0.0,0.0,0.0,0.0,0.0,0.0,0.0,0.0,0.0,0.0,0.0
2030-07-10 06:00:00,0.0,0.0,0.0,0.0,0.0,0.0,0.0,0.0,0.0,0.0,0.0,0.0
2030-07-10 07:00:00,0.0,0.0,0.0,0.0,0.0,0.0,0.0,0.0,0.0,0.0,0.0,0.0
2030-07-10 08:00:00,0.0,0.0,0.0,0.0,0.0,0.0,0.0,0.0,0.0,0.0,0.0,0.0
2030-07-10 09:00:00,0.0,0.0,0.0,0.0,0.0,0.0,0.0,0.0,0.0,0.0,0.0,0.0
2030-07-10 10:00:00,0.0,0.0,0.0,0.0,0.0,0.0,0.0,0.0,0.0,0.0,0.0,0.0
2030-07-10 11:00:00,0.0,0.0,0.0,0.0,0.0,0.0,0.0,0.0,0.0,0.0,0.0,0.0
2030-07-10 12:00:00,0.0,0.0,0.0,0.0,0.0,0.0,0.0,0.0,0.0,0.0,0.0,0.0
2030-07-10 13:00:00,0.0,0.0,0.0,0.0,0.0,0.0,0.0,0.0,0.0,0.0,0.0,0.0
2030-07-10 14:00:00,0.0,0.0,0.0,0.0,0.0,0.0,0.0,0.0,0.0,0.0,0.0,0.0
2030-07-10 15:00:00,0.0,0.0,0.0,0.0,0.0,0.0,0.0,0.0,0.0,0.0,0.0,0.0
2030-07-10 16:00:00,0.0,0.0,0.0,0.0,0.0,0.0,0.0,0.0,0.0,0.0,0.0,0.0
2030-07-10 17:00:00,0.0,0.0,0.0,0.0,0.0,0.0,0.0,0.0,0.0,0.0,0.0,0.0
2030-07-10 18:00:00,0.0,0.0,5976.334751127928,0.0,0.0,0.0,0.0,0.0,0.0,1542.2393473741768,0.0,0.0
2030-07-10 19:00:00,1297.0,1644.1,7381.64,3199.99,0.0,0.0,0.0,0.0,0.0,1899.4399702008664,0.0,0.0
2030-07-10 20:00:00,1297.0,877.4665148812492,7381.64,2688.0192000000015,0.0,0.0,0.0,0.0,0.0,1853.118929520544,0.0,0.0
2030-07-10 21:00:00,0.0,0.0,7314.8903065097,0.0,0.0,0.0,0.0,0.0,470.6118797306917,2070.0,0.0,0.0
2030-07-10 22:00:00,0.0,0.0,150.60683478859573,0.0,0.0,0.0,0.0,0.0,793.0113881817805,2070.0,0.0,0.0
2030-07-10 23:00:00,0.0,0.0,0.0,0.0,0.0,0.0,0.0,0.0,0.0,867.4285727021766,0.0,0.0
2030-07-11 00:00:00,0.0,0.0,0.0,0.0,0.0,0.0,0.0,0.0,0.0,0.0,0.0,0.0
2030-07-11 01:00:00,0.0,0.0,0.0,0.0,0.0,0.0,0.0,0.0,0.0,15.894079810906078,0.0,0.0
2030-07-11 02:00:00,0.0,0.0,0.0,0.0,0.0,0.0,0.0,0.0,0.0,1327.4045744020468,0.0,0.0
2030-07-11 03:00:00,0.0,0.0,2200.3632193505546,0.0,0.0,0.0,0.0,0.0,0.0,2067.04587356388,0.0,0.0
2030-07-11 04:00:00,0.0,0.0,7381.64,809.9864289511097,0.0,0.0,0.0,0.0,716.5347624644523,2070.0,0.0,0.0
2030-07-11 05:00:00,0.0,0.0,5430.146966526248,0.0,0.0,0.0,0.0,0.0,47.877371302690335,2070.0,0.0,561.2
2030-07-11 06:00:00,0.0,0.0,0.0,0.0,0.0,0.0,0.0,0.0,0.0,0.0,0.0,0.0
2030-07-11 07:00:00,0.0,0.0,0.0,0.0,0.0,0.0,0.0,0.0,0.0,0.0,0.0,0.0
2030-07-11 08:00:00,0.0,0.0,0.0,0.0,0.0,0.0,0.0,0.0,0.0,0.0,0.0,0.0
2030-07-11 09:00:00,0.0,0.0,0.0,0.0,0.0,0.0,0.0,0.0,0.0,0.0,0.0,0.0
2030-07-11 10:00:00,0.0,0.0,0.0,0.0,0.0,0.0,0.0,0.0,0.0,0.0,0.0,0.0
2030-07-11 11:00:00,0.0,0.0,0.0,0.0,0.0,0.0,0.0,0.0,0.0,0.0,0.0,0.0
2030-07-11 12:00:00,0.0,0.0,0.0,0.0,0.0,0.0,0.0,0.0,0.0,0.0,0.0,0.0
2030-07-11 13:00:00,0.0,0.0,0.0,0.0,0.0,0.0,0.0,0.0,0.0,0.0,0.0,0.0
2030-07-11 14:00:00,0.0,0.0,0.0,0.0,0.0,0.0,0.0,0.0,0.0,0.0,0.0,0.0
2030-07-11 15:00:00,0.0,0.0,0.0,0.0,0.0,0.0,0.0,0.0,0.0,0.0,0.0,0.0
2030-07-11 16:00:00,0.0,0.0,3303.9891893226686,0.0,0.0,0.0,0.0,0.0,0.0,31.902009255756184,0.0,0.0
2030-07-11 17:00:00,1297.0,1644.1,7381.64,0.0,0.0,0.0,0.0,0.0,0.0,950.9390179452075,0.0,0.0
2030-07-11 18:00:00,1297.0,1644.1,7381.64,0.0,0.0,0.0,0.0,0.0,0.0,1716.729092864225,0.0,0.0
2030-07-11 19:00:00,1297.0,1644.1,7381.64,3199.99,0.0,0.0,0.0,0.0,79.63501562668671,2070.0,0.0,0.0
2030-07-11 20:00:00,1297.0,1644.1,7381.64,2688.0192000000015,0.0,0.0,0.0,0.0,6.960675993174846,2070.0,0.0,0.0
2030-07-11 21:00:00,1297.0,1644.1,7381.64,0.0,0.0,0.0,0.0,0.0,0.0,1711.2332690535782,0.0,0.0
2030-07-11 22:00:00,1297.0,1644.1,7381.64,0.0,0.0,0.0,0.0,0.0,0.0,1761.2990628362122,0.0,0.0
2030-07-11 23:00:00,1297.0,1644.1,7381.64,0.0,0.0,0.0,0.0,0.0,0.0,1669.9997752391137,0.0,0.0
2030-07-12 00:00:00,1297.0,1644.1,7381.64,0.0,0.0,0.0,0.0,0.0,0.0,1804.2085198421569,0.0,0.0
2030-07-12 01:00:00,1297.0,1644.1,7381.64,0.0,0.0,0.0,0.0,0.0,0.0,1833.3354559833274,0.0,0.0
2030-07-12 02:00:00,1297.0,1644.1,7381.64,0.0,0.0,0.0,0.0,0.0,0.0,1709.0733193203578,0.0,0.0
2030-07-12 03:00:00,1297.0,1644.1,7381.64,0.0,0.0,0.0,0.0,0.0,83.29007454134603,2070.0,0.0,0.0
2030-07-12 04:00:00,1297.0,1644.1,7381.64,1723.4906139398045,0.0,0.0,0.0,0.0,158.02168361959275,2070.0,0.0,561.2
2030-07-12 05:00:00,1297.0,1644.1,7381.64,0.0,0.0,0.0,0.0,0.0,786.6079457942383,2070.0,0.0,0.0
2030-07-12 06:00:00,878.4692689673757,0.0,7381.64,0.0,0.0,0.0,0.0,0.0,372.58671718097844,2070.0,0.0,0.0
2030-07-12 07:00:00,0.0,0.0,0.0,0.0,0.0,0.0,0.0,0.0,0.0,0.0,0.0,0.0
2030-07-12 08:00:00,0.0,0.0,0.0,0.0,0.0,0.0,0.0,0.0,0.0,0.0,0.0,0.0
2030-07-12 09:00:00,0.0,0.0,0.0,0.0,0.0,0.0,0.0,0.0,0.0,0.0,0.0,0.0
2030-07-12 10:00:00,0.0,0.0,0.0,0.0,0.0,0.0,0.0,0.0,0.0,0.0,0.0,0.0
2030-07-12 11:00:00,0.0,0.0,0.0,0.0,0.0,0.0,0.0,0.0,0.0,0.0,0.0,0.0
2030-07-12 12:00:00,0.0,0.0,0.0,0.0,0.0,0.0,0.0,0.0,0.0,0.0,0.0,0.0
2030-07-12 13:00:00,0.0,0.0,0.0,0.0,0.0,0.0,0.0,0.0,0.0,0.0,0.0,0.0
2030-07-12 14:00:00,0.0,0.0,0.0,0.0,0.0,0.0,0.0,0.0,0.0,0.0,0.0,0.0
2030-07-12 15:00:00,0.0,0.0,0.0,0.0,0.0,0.0,0.0,0.0,0.0,0.0,0.0,0.0
2030-07-12 16:00:00,0.0,0.0,0.0,0.0,0.0,0.0,0.0,0.0,0.0,0.0,0.0,0.0
2030-07-12 17:00:00,0.0,0.0,0.0,0.0,0.0,0.0,0.0,0.0,0.0,0.0,0.0,0.0
2030-07-12 18:00:00,1297.0,796.1609463681452,7381.64,0.0,0.0,0.0,0.0,0.0,0.0,1629.4148278847279,0.0,0.0
2030-07-12 19:00:00,1297.0,1644.1,7381.64,3199.99,0.0,0.0,0.0,0.0,0.0,1560.416099364025,0.0,480.64494987007106
2030-07-12 20:00:00,1297.0,1644.1,7381.64,2688.0192000000015,0.0,0.0,0.0,0.0,0.0,2013.764642241641,0.0,0.0
2030-07-12 21:00:00,0.0,0.0,7381.64,0.0,0.0,0.0,0.0,0.0,0.0,0.0,0.0,80.55505012992899
2030-07-12 22:00:00,0.0,0.0,0.0,0.0,0.0,0.0,0.0,0.0,0.0,0.0,0.0,0.0
2030-07-12 23:00:00,0.0,0.0,0.0,0.0,0.0,0.0,0.0,0.0,0.0,0.0,0.0,0.0
2030-07-13 00:00:00,0.0,0.0,0.0,0.0,0.0,0.0,0.0,0.0,0.0,0.0,0.0,0.0
2030-07-13 01:00:00,0.0,0.0,0.0,0.0,0.0,0.0,0.0,0.0,0.0,0.0,0.0,10.826168529127242
2030-07-13 02:00:00,0.0,0.0,0.0,0.0,0.0,0.0,0.0,0.0,0.0,0.0,0.0,0.0
2030-07-13 03:00:00,0.0,0.0,0.0,0.0,0.0,0.0,0.0,0.0,0.0,0.0,0.0,0.0
2030-07-13 04:00:00,0.0,0.0,0.0,1300.3336553247864,0.0,0.0,0.0,0.0,0.0,0.0,0.0,0.0
2030-07-13 05:00:00,0.0,0.0,0.0,0.0,0.0,0.0,0.0,0.0,0.0,0.0,0.0,72.53498687964607
2030-07-13 06:00:00,0.0,0.0,0.0,0.0,0.0,0.0,0.0,0.0,0.0,0.0,0.0,0.0
2030-07-13 07:00:00,0.0,0.0,0.0,0.0,0.0,0.0,0.0,0.0,0.0,0.0,0.0,0.0
2030-07-13 08:00:00,0.0,0.0,0.0,0.0,0.0,0.0,0.0,0.0,0.0,0.0,0.0,0.0
2030-07-13 09:00:00,0.0,0.0,0.0,0.0,0.0,0.0,0.0,0.0,0.0,0.0,0.0,0.0
2030-07-13 10:00:00,0.0,0.0,0.0,0.0,0.0,0.0,0.0,0.0,0.0,0.0,0.0,0.0
2030-07-13 11:00:00,0.0,0.0,0.0,0.0,0.0,0.0,0.0,0.0,0.0,0.0,0.0,0.0
2030-07-13 12:00:00,0.0,0.0,0.0,0.0,0.0,0.0,0.0,0.0,0.0,0.0,0.0,0.0
2030-07-13 13:00:00,0.0,0.0,0.0,0.0,0.0,0.0,0.0,0.0,0.0,0.0,0.0,0.0
2030-07-13 14:00:00,0.0,0.0,0.0,0.0,0.0,0.0,0.0,0.0,0.0,0.0,0.0,0.0
2030-07-13 15:00:00,0.0,0.0,0.0,0.0,0.0,0.0,0.0,0.0,0.0,0.0,0.0,0.0
2030-07-13 16:00:00,0.0,0.0,0.0,0.0,0.0,0.0,0.0,0.0,0.0,0.0,0.0,0.0
2030-07-13 17:00:00,0.0,0.0,0.0,0.0,0.0,0.0,0.0,0.0,0.0,0.0,0.0,0.0
2030-07-13 18:00:00,0.0,0.0,2186.137675988428,0.0,0.0,0.0,0.0,0.0,0.0,0.0,0.0,0.0
2030-07-13 19:00:00,0.0,0.0,7381.64,3199.99,0.0,0.0,0.0,0.0,0.0,2070.0,0.0,152.06841788199768
2030-07-13 20:00:00,0.0,0.0,7381.64,2688.0192000000015,0.0,0.0,0.0,0.0,0.0,1559.8460061285768,0.0,409.1315821180023
2030-07-13 21:00:00,0.0,0.0,7381.64,0.0,0.0,0.0,0.0,0.0,0.0,1711.9217845545281,0.0,0.0
2030-07-13 22:00:00,0.0,0.0,1005.5490743241721,0.0,0.0,0.0,0.0,0.0,0.0,0.0,0.0,0.0
2030-07-13 23:00:00,0.0,0.0,2597.2139743829375,0.0,0.0,0.0,0.0,0.0,0.0,0.0,0.0,0.0
2030-07-14 00:00:00,0.0,0.0,3655.6828103155103,0.0,0.0,0.0,0.0,0.0,0.0,0.0,0.0,0.0
2030-07-14 01:00:00,0.0,0.0,1642.8926185355658,0.0,0.0,0.0,0.0,0.0,0.0,0.0,0.0,0.0
2030-07-14 02:00:00,0.0,0.0,3977.3755937118576,0.0,0.0,0.0,0.0,0.0,0.0,0.0,0.0,0.0
2030-07-14 03:00:00,0.0,0.0,7381.64,0.0,0.0,0.0,0.0,0.0,0.0,0.0,0.0,0.0
2030-07-14 04:00:00,0.0,0.0,933.282607881366,0.0,0.0,0.0,0.0,0.0,0.0,0.0,0.0,0.0
2030-07-14 05:00:00,0.0,0.0,0.0,0.0,0.0,0.0,0.0,0.0,0.0,0.0,0.0,0.0
2030-07-14 06:00:00,0.0,0.0,0.0,0.0,0.0,0.0,0.0,0.0,0.0,0.0,0.0,0.0
2030-07-14 07:00:00,0.0,0.0,0.0,0.0,0.0,0.0,0.0,0.0,0.0,0.0,0.0,0.0
2030-07-14 08:00:00,0.0,0.0,0.0,0.0,0.0,0.0,0.0,0.0,0.0,0.0,0.0,0.0
2030-07-14 09:00:00,0.0,0.0,0.0,0.0,0.0,0.0,0.0,0.0,0.0,0.0,0.0,0.0
2030-07-14 10:00:00,0.0,0.0,0.0,0.0,0.0,0.0,0.0,0.0,0.0,0.0,0.0,0.0
2030-07-14 11:00:00,0.0,0.0,0.0,0.0,0.0,0.0,0.0,0.0,0.0,0.0,0.0,0.0
2030-07-14 12:00:00,0.0,0.0,0.0,0.0,0.0,0.0,0.0,0.0,0.0,0.0,0.0,0.0
2030-07-14 13:00:00,0.0,0.0,0.0,0.0,0.0,0.0,0.0,0.0,0.0,0.0,0.0,0.0
2030-07-14 14:00:00,0.0,0.0,0.0,0.0,0.0,0.0,0.0,0.0,0.0,0.0,0.0,0.0
2030-07-14 15:00:00,0.0,0.0,0.0,0.0,0.0,0.0,0.0,0.0,0.0,0.0,0.0,0.0
2030-07-14 16:00:00,0.0,0.0,0.0,0.0,0.0,0.0,0.0,0.0,0.0,0.0,0.0,0.0
2030-07-14 17:00:00,0.0,0.0,7381.64,0.0,0.0,0.0,0.0,0.0,0.0,0.0,0.0,0.0
2030-07-14 18:00:00,1297.0,1644.1,7381.64,1911.7397301795827,0.0,0.0,0.0,0.0,0.0,1526.1372103890544,0.0,0.0
2030-07-14 19:00:00,1297.0,1644.1,7381.64,3163.092992282288,0.0,0.0,0.0,0.0,0.0,947.8131167658617,0.0,561.2
2030-07-14 20:00:00,1297.0,1644.1,7381.64,813.1764775381307,0.0,0.0,0.0,0.0,0.0,1296.3235133340427,0.0,0.0
2030-07-14 21:00:00,0.0,0.0,6352.121432328866,0.0,0.0,0.0,0.0,0.0,0.0,0.0,0.0,0.0
2030-07-14 22:00:00,0.0,0.0,0.0,0.0,0.0,0.0,0.0,0.0,0.0,0.0,0.0,0.0
2030-07-14 23:00:00,0.0,0.0,0.0,0.0,0.0,0.0,0.0,0.0,0.0,0.0,0.0,0.0
2030-07-15 00:00:00,0.0,0.0,0.0,0.0,0.0,0.0,0.0,0.0,0.0,0.0,0.0,0.0
2030-07-15 01:00:00,0.0,0.0,0.0,0.0,0.0,0.0,0.0,0.0,0.0,0.0,0.0,0.0
2030-07-15 02:00:00,0.0,0.0,0.0,0.0,0.0,0.0,0.0,0.0,0.0,0.0,0.0,0.0
2030-07-15 03:00:00,0.0,0.0,0.0,0.0,0.0,0.0,0.0,0.0,0.0,0.0,0.0,0.0
2030-07-15 04:00:00,0.0,0.0,0.0,0.0,0.0,0.0,0.0,0.0,0.0,0.0,0.0,0.0
2030-07-15 05:00:00,0.0,0.0,0.0,0.0,0.0,0.0,0.0,0.0,0.0,0.0,0.0,0.0
2030-07-15 06:00:00,0.0,0.0,0.0,0.0,0.0,0.0,0.0,0.0,0.0,0.0,0.0,0.0
2030-07-15 07:00:00,0.0,0.0,0.0,0.0,0.0,0.0,0.0,0.0,0.0,0.0,0.0,0.0
2030-07-15 08:00:00,0.0,0.0,0.0,0.0,0.0,0.0,0.0,0.0,0.0,0.0,0.0,0.0
2030-07-15 09:00:00,0.0,0.0,0.0,0.0,0.0,0.0,0.0,0.0,0.0,0.0,0.0,0.0
2030-07-15 10:00:00,0.0,0.0,0.0,0.0,0.0,0.0,0.0,0.0,0.0,0.0,0.0,0.0
2030-07-15 11:00:00,0.0,0.0,0.0,0.0,0.0,0.0,0.0,0.0,0.0,0.0,0.0,0.0
2030-07-15 12:00:00,0.0,0.0,0.0,0.0,0.0,0.0,0.0,0.0,0.0,0.0,0.0,0.0
2030-07-15 13:00:00,0.0,0.0,0.0,0.0,0.0,0.0,0.0,0.0,0.0,0.0,0.0,0.0
2030-07-15 14:00:00,0.0,0.0,0.0,0.0,0.0,0.0,0.0,0.0,0.0,0.0,0.0,0.0
2030-07-15 15:00:00,0.0,0.0,0.0,0.0,0.0,0.0,0.0,0.0,0.0,0.0,0.0,0.0
2030-07-15 16:00:00,0.0,0.0,0.0,0.0,0.0,0.0,0.0,0.0,0.0,0.0,0.0,0.0
2030-07-15 17:00:00,0.0,0.0,0.0,0.0,0.0,0.0,0.0,0.0,0.0,0.0,0.0,0.0
2030-07-15 18:00:00,0.0,0.0,0.0,0.0,0.0,0.0,0.0,0.0,0.0,0.0,0.0,0.0
2030-07-15 19:00:00,0.0,0.0,0.0,2147.82023677088,0.0,0.0,0.0,0.0,0.0,0.0,0.0,0.0
2030-07-15 20:00:00,0.0,0.0,0.0,0.0,0.0,0.0,0.0,0.0,0.0,0.0,0.0,0.0
2030-07-15 21:00:00,0.0,0.0,0.0,1447.2801240200258,0.0,0.0,0.0,0.0,0.0,0.0,0.0,0.0
2030-07-15 22:00:00,0.0,0.0,0.0,0.0,0.0,0.0,0.0,0.0,0.0,0.0,0.0,0.0
2030-07-15 23:00:00,0.0,0.0,0.0,0.0,0.0,0.0,0.0,0.0,0.0,0.0,0.0,0.0
2030-07-16 00:00:00,0.0,0.0,0.0,0.0,0.0,0.0,0.0,0.0,0.0,0.0,0.0,0.0
2030-07-16 01:00:00,0.0,0.0,0.0,0.0,0.0,0.0,0.0,0.0,0.0,0.0,0.0,0.0
2030-07-16 02:00:00,0.0,0.0,0.0,0.0,0.0,0.0,0.0,0.0,0.0,0.0,0.0,0.0
2030-07-16 03:00:00,0.0,0.0,6656.241888277017,0.0,0.0,0.0,0.0,0.0,0.0,0.0,0.0,0.0
2030-07-16 04:00:00,0.0,0.0,7381.64,3199.99,0.0,0.0,0.0,0.0,0.0,190.67330751406143,0.0,561.2
2030-07-16 05:00:00,0.0,0.0,7381.64,2688.0192000000015,0.0,0.0,0.0,0.0,0.0,0.0,0.0,0.0
2030-07-16 06:00:00,0.0,0.0,2519.8810967912223,0.0,0.0,0.0,0.0,0.0,0.0,0.0,0.0,0.0
2030-07-16 07:00:00,0.0,0.0,0.0,0.0,0.0,0.0,0.0,0.0,0.0,0.0,0.0,0.0
2030-07-16 08:00:00,0.0,0.0,0.0,0.0,0.0,0.0,0.0,0.0,0.0,0.0,0.0,0.0
2030-07-16 09:00:00,0.0,0.0,0.0,0.0,0.0,0.0,0.0,0.0,0.0,0.0,0.0,0.0
2030-07-16 10:00:00,0.0,0.0,0.0,0.0,0.0,0.0,0.0,0.0,0.0,0.0,0.0,0.0
2030-07-16 11:00:00,0.0,0.0,0.0,0.0,0.0,0.0,0.0,0.0,0.0,0.0,0.0,0.0
2030-07-16 12:00:00,0.0,0.0,0.0,0.0,0.0,0.0,0.0,0.0,0.0,0.0,0.0,0.0
2030-07-16 13:00:00,0.0,0.0,0.0,0.0,0.0,0.0,0.0,0.0,0.0,0.0,0.0,0.0
2030-07-16 14:00:00,0.0,0.0,0.0,0.0,0.0,0.0,0.0,0.0,0.0,0.0,0.0,0.0
2030-07-16 15:00:00,0.0,0.0,0.0,0.0,0.0,0.0,0.0,0.0,0.0,0.0,0.0,0.0
2030-07-16 16:00:00,0.0,0.0,0.0,0.0,0.0,0.0,0.0,0.0,0.0,0.0,0.0,0.0
2030-07-16 17:00:00,0.0,0.0,6991.076848749712,0.0,0.0,0.0,0.0,0.0,0.0,0.0,0.0,0.0
2030-07-16 18:00:00,1297.0,116.98188076941005,7381.64,2688.0192000000015,0.0,0.0,0.0,0.0,0.0,1616.5476953227057,0.0,0.0
2030-07-16 19:00:00,1297.0,1644.1,7381.64,3199.99,0.0,0.0,0.0,0.0,0.0,2070.0,0.0,6.903108518194813
2030-07-16 20:00:00,293.66966786458215,0.0,7381.64,0.0,0.0,0.0,0.0,0.0,0.0,1479.4265696446305,0.0,554.2968914818052
2030-07-16 21:00:00,0.0,0.0,6860.181225611959,0.0,0.0,0.0,0.0,0.0,0.0,0.0,0.0,0.0
2030-07-16 22:00:00,0.0,0.0,0.0,0.0,0.0,0.0,0.0,0.0,0.0,0.0,0.0,0.0
2030-07-16 23:00:00,0.0,0.0,0.0,0.0,0.0,0.0,0.0,0.0,0.0,0.0,0.0,0.0
2030-07-17 00:00:00,0.0,0.0,0.0,0.0,0.0,0.0,0.0,0.0,0.0,0.0,0.0,0.0
2030-07-17 01:00:00,0.0,0.0,0.0,0.0,0.0,0.0,0.0,0.0,0.0,0.0,0.0,0.0
2030-07-17 02:00:00,0.0,0.0,0.0,0.0,0.0,0.0,0.0,0.0,0.0,0.0,0.0,0.0
2030-07-17 03:00:00,0.0,0.0,0.0,0.0,0.0,0.0,0.0,0.0,0.0,0.0,0.0,0.0
2030-07-17 04:00:00,0.0,0.0,0.0,684.6814663961632,0.0,0.0,0.0,0.0,0.0,0.0,0.0,239.05782574689533
2030-07-17 05:00:00,0.0,0.0,0.0,0.0,0.0,0.0,0.0,0.0,0.0,0.0,0.0,0.0
2030-07-17 06:00:00,0.0,0.0,0.0,0.0,0.0,0.0,0.0,0.0,0.0,0.0,0.0,0.0
2030-07-17 07:00:00,0.0,0.0,0.0,0.0,0.0,0.0,0.0,0.0,0.0,0.0,0.0,0.0
2030-07-17 08:00:00,0.0,0.0,0.0,0.0,0.0,0.0,0.0,0.0,0.0,0.0,0.0,0.0
2030-07-17 09:00:00,0.0,0.0,0.0,0.0,0.0,0.0,0.0,0.0,0.0,0.0,0.0,0.0
2030-07-17 10:00:00,0.0,0.0,0.0,0.0,0.0,0.0,0.0,0.0,0.0,0.0,0.0,0.0
2030-07-17 11:00:00,0.0,0.0,0.0,0.0,0.0,0.0,0.0,0.0,0.0,0.0,0.0,0.0
2030-07-17 12:00:00,0.0,0.0,0.0,0.0,0.0,0.0,0.0,0.0,0.0,0.0,0.0,0.0
2030-07-17 13:00:00,0.0,0.0,0.0,0.0,0.0,0.0,0.0,0.0,0.0,0.0,0.0,0.0
2030-07-17 14:00:00,0.0,0.0,0.0,0.0,0.0,0.0,0.0,0.0,0.0,0.0,0.0,0.0
2030-07-17 15:00:00,0.0,0.0,0.0,0.0,0.0,0.0,0.0,0.0,0.0,0.0,0.0,0.0
2030-07-17 16:00:00,0.0,0.0,0.0,0.0,0.0,0.0,0.0,0.0,0.0,0.0,0.0,0.0
2030-07-17 17:00:00,0.0,0.0,0.0,0.0,0.0,0.0,0.0,0.0,0.0,0.0,0.0,0.0
2030-07-17 18:00:00,0.0,0.0,0.0,434.7670630118656,0.0,0.0,0.0,0.0,0.0,0.0,0.0,0.0
2030-07-17 19:00:00,0.0,0.0,0.0,3199.99,0.0,0.0,0.0,0.0,0.0,0.0,0.0,524.2444855960555
2030-07-17 20:00:00,0.0,0.0,0.0,2253.252136988136,0.0,0.0,0.0,0.0,0.0,0.0,0.0,0.0
2030-07-17 21:00:00,0.0,0.0,0.0,0.0,0.0,0.0,0.0,0.0,0.0,0.0,0.0,1.3098281203778441
2030-07-17 22:00:00,0.0,0.0,0.0,0.0,0.0,0.0,0.0,0.0,0.0,0.0,0.0,35.64568628356666
2030-07-17 23:00:00,0.0,0.0,0.0,0.0,0.0,0.0,0.0,0.0,0.0,0.0,0.0,0.0
2030-07-18 00:00:00,0.0,0.0,0.0,0.0,0.0,0.0,0.0,0.0,0.0,0.0,0.0,0.0
2030-07-18 01:00:00,0.0,0.0,0.0,0.0,0.0,0.0,0.0,0.0,0.0,0.0,0.0,0.0
2030-07-18 02:00:00,0.0,0.0,0.0,0.0,0.0,0.0,0.0,0.0,0.0,0.0,0.0,0.0
2030-07-18 03:00:00,0.0,0.0,0.0,0.0,0.0,0.0,0.0,0.0,0.0,0.0,0.0,0.0
2030-07-18 04:00:00,0.0,0.0,0.0,0.0,0.0,0.0,0.0,0.0,0.0,0.0,0.0,134.3915537970099
2030-07-18 05:00:00,0.0,0.0,0.0,724.7875877361948,0.0,0.0,0.0,0.0,0.0,0.0,0.0,252.34622233351604
2030-07-18 06:00:00,0.0,0.0,0.0,0.0,0.0,0.0,0.0,0.0,0.0,0.0,0.0,0.0
2030-07-18 07:00:00,0.0,0.0,0.0,0.0,0.0,0.0,0.0,0.0,0.0,0.0,0.0,0.0
2030-07-18 08:00:00,0.0,0.0,0.0,0.0,0.0,0.0,0.0,0.0,0.0,0.0,0.0,0.0
2030-07-18 09:00:00,0.0,0.0,0.0,0.0,0.0,0.0,0.0,0.0,0.0,0.0,0.0,0.0
2030-07-18 10:00:00,0.0,0.0,0.0,0.0,0.0,0.0,0.0,0.0,0.0,0.0,0.0,0.0
2030-07-18 11:00:00,0.0,0.0,0.0,0.0,0.0,0.0,0.0,0.0,0.0,0.0,0.0,0.0
2030-07-18 12:00:00,0.0,0.0,0.0,0.0,0.0,0.0,0.0,0.0,0.0,0.0,0.0,0.0
2030-07-18 13:00:00,0.0,0.0,0.0,0.0,0.0,0.0,0.0,0.0,0.0,0.0,0.0,0.0
2030-07-18 14:00:00,0.0,0.0,0.0,0.0,0.0,0.0,0.0,0.0,0.0,0.0,0.0,0.0
2030-07-18 15:00:00,0.0,0.0,0.0,0.0,0.0,0.0,0.0,0.0,0.0,0.0,0.0,0.0
2030-07-18 16:00:00,0.0,0.0,0.0,0.0,0.0,0.0,0.0,0.0,0.0,0.0,0.0,0.0
2030-07-18 17:00:00,0.0,0.0,0.0,0.0,0.0,0.0,0.0,0.0,0.0,0.0,0.0,0.0
2030-07-18 18:00:00,0.0,0.0,0.0,0.0,0.0,0.0,0.0,0.0,0.0,0.0,0.0,0.0
2030-07-18 19:00:00,0.0,0.0,0.0,2790.178257108222,0.0,0.0,0.0,0.0,0.0,0.0,0.0,0.0
2030-07-18 20:00:00,0.0,0.0,0.0,3097.830942891779,0.0,0.0,0.0,0.0,0.0,0.0,0.0,561.2
2030-07-18 21:00:00,0.0,0.0,0.0,0.0,0.0,0.0,0.0,0.0,0.0,0.0,0.0,0.0
2030-07-18 22:00:00,0.0,0.0,0.0,0.0,0.0,0.0,0.0,0.0,0.0,0.0,0.0,0.0
2030-07-18 23:00:00,0.0,0.0,0.0,0.0,0.0,0.0,0.0,0.0,0.0,0.0,0.0,0.0
2030-07-19 00:00:00,0.0,0.0,0.0,0.0,0.0,0.0,0.0,0.0,0.0,0.0,0.0,0.0
2030-07-19 01:00:00,0.0,0.0,0.0,0.0,0.0,0.0,0.0,0.0,0.0,0.0,0.0,0.0
2030-07-19 02:00:00,0.0,0.0,0.0,0.0,0.0,0.0,0.0,0.0,0.0,0.0,0.0,0.0
2030-07-19 03:00:00,0.0,0.0,1005.8525853803731,0.0,0.0,0.0,0.0,0.0,0.0,0.0,0.0,0.0
2030-07-19 04:00:00,0.0,0.0,0.0,0.0,0.0,0.0,0.0,0.0,0.0,0.0,0.0,0.0
2030-07-19 05:00:00,0.0,0.0,0.0,0.0,0.0,0.0,0.0,0.0,0.0,0.0,0.0,0.0
2030-07-19 06:00:00,0.0,0.0,0.0,0.0,0.0,0.0,0.0,0.0,0.0,0.0,0.0,0.0
2030-07-19 07:00:00,0.0,0.0,0.0,0.0,0.0,0.0,0.0,0.0,0.0,0.0,0.0,0.0
2030-07-19 08:00:00,0.0,0.0,0.0,0.0,0.0,0.0,0.0,0.0,0.0,0.0,0.0,0.0
2030-07-19 09:00:00,0.0,0.0,0.0,0.0,0.0,0.0,0.0,0.0,0.0,0.0,0.0,0.0
2030-07-19 10:00:00,0.0,0.0,0.0,0.0,0.0,0.0,0.0,0.0,0.0,0.0,0.0,0.0
2030-07-19 11:00:00,0.0,0.0,0.0,0.0,0.0,0.0,0.0,0.0,0.0,0.0,0.0,0.0
2030-07-19 12:00:00,0.0,0.0,0.0,0.0,0.0,0.0,0.0,0.0,0.0,0.0,0.0,0.0
2030-07-19 13:00:00,0.0,0.0,0.0,0.0,0.0,0.0,0.0,0.0,0.0,0.0,0.0,0.0
2030-07-19 14:00:00,0.0,0.0,0.0,0.0,0.0,0.0,0.0,0.0,0.0,0.0,0.0,0.0
2030-07-19 15:00:00,0.0,0.0,0.0,0.0,0.0,0.0,0.0,0.0,0.0,0.0,0.0,0.0
2030-07-19 16:00:00,0.0,0.0,0.0,0.0,0.0,0.0,0.0,0.0,0.0,0.0,0.0,0.0
2030-07-19 17:00:00,0.0,0.0,0.0,0.0,0.0,0.0,0.0,0.0,0.0,0.0,0.0,0.0
2030-07-19 18:00:00,0.0,0.0,4906.990396915302,3199.99,0.0,0.0,0.0,0.0,0.0,0.0,0.0,0.0
2030-07-19 19:00:00,0.0,0.0,7381.64,0.0,0.0,0.0,0.0,0.0,0.0,0.0,0.0,0.0
2030-07-19 20:00:00,0.0,0.0,231.42974548018447,2688.0192000000015,0.0,0.0,0.0,0.0,0.0,0.0,0.0,561.2
2030-07-19 21:00:00,0.0,0.0,0.0,0.0,0.0,0.0,0.0,0.0,0.0,0.0,0.0,0.0
2030-07-19 22:00:00,0.0,0.0,0.0,0.0,0.0,0.0,0.0,0.0,0.0,0.0,0.0,0.0
2030-07-19 23:00:00,0.0,0.0,0.0,0.0,0.0,0.0,0.0,0.0,0.0,0.0,0.0,0.0
2030-07-20 00:00:00,0.0,0.0,0.0,0.0,0.0,0.0,0.0,0.0,0.0,0.0,0.0,79.7543701881462
2030-07-20 01:00:00,0.0,0.0,0.0,0.0,0.0,0.0,0.0,0.0,0.0,0.0,0.0,0.0
2030-07-20 02:00:00,0.0,0.0,0.0,0.0,0.0,0.0,0.0,0.0,0.0,0.0,0.0,0.0
2030-07-20 03:00:00,0.0,0.0,0.0,0.0,0.0,0.0,0.0,0.0,0.0,0.0,0.0,0.0
2030-07-20 04:00:00,0.0,0.0,0.0,0.0,0.0,0.0,0.0,0.0,0.0,0.0,0.0,89.02449315092765
2030-07-20 05:00:00,0.0,0.0,0.0,0.0,0.0,0.0,0.0,0.0,0.0,0.0,0.0,0.0
2030-07-20 06:00:00,0.0,0.0,0.0,0.0,0.0,0.0,0.0,0.0,0.0,0.0,0.0,0.0
2030-07-20 07:00:00,0.0,0.0,0.0,0.0,0.0,0.0,0.0,0.0,0.0,0.0,0.0,0.0
2030-07-20 08:00:00,0.0,0.0,0.0,0.0,0.0,0.0,0.0,0.0,0.0,0.0,0.0,0.0
2030-07-20 09:00:00,0.0,0.0,0.0,0.0,0.0,0.0,0.0,0.0,0.0,0.0,0.0,0.0
2030-07-20 10:00:00,0.0,0.0,0.0,0.0,0.0,0.0,0.0,0.0,0.0,0.0,0.0,0.0
2030-07-20 11:00:00,0.0,0.0,0.0,0.0,0.0,0.0,0.0,0.0,0.0,0.0,0.0,0.0
2030-07-20 12:00:00,0.0,0.0,0.0,0.0,0.0,0.0,0.0,0.0,0.0,0.0,0.0,0.0
2030-07-20 13:00:00,0.0,0.0,0.0,0.0,0.0,0.0,0.0,0.0,0.0,0.0,0.0,0.0
2030-07-20 14:00:00,0.0,0.0,0.0,0.0,0.0,0.0,0.0,0.0,0.0,0.0,0.0,0.0
2030-07-20 15:00:00,0.0,0.0,0.0,0.0,0.0,0.0,0.0,0.0,0.0,0.0,0.0,0.0
2030-07-20 16:00:00,0.0,0.0,0.0,0.0,0.0,0.0,0.0,0.0,0.0,0.0,0.0,0.0
2030-07-20 17:00:00,0.0,0.0,0.0,0.0,0.0,0.0,0.0,0.0,0.0,0.0,0.0,0.0
2030-07-20 18:00:00,0.0,0.0,0.0,0.0,0.0,0.0,0.0,0.0,0.0,0.0,0.0,90.50368558028589
2030-07-20 19:00:00,0.0,0.0,0.0,0.0,0.0,0.0,0.0,0.0,0.0,0.0,0.0,0.0
2030-07-20 20:00:00,0.0,0.0,0.0,0.0,0.0,0.0,0.0,0.0,0.0,0.0,0.0,0.0
2030-07-20 21:00:00,0.0,0.0,0.0,0.0,0.0,0.0,0.0,0.0,0.0,0.0,0.0,255.7095887266938
2030-07-20 22:00:00,0.0,0.0,0.0,0.0,0.0,0.0,0.0,0.0,0.0,0.0,0.0,0.0
2030-07-20 23:00:00,0.0,0.0,0.0,166.39625194724766,0.0,0.0,0.0,0.0,0.0,0.0,0.0,0.0
2030-07-21 00:00:00,0.0,0.0,0.0,0.0,0.0,0.0,0.0,0.0,0.0,0.0,0.0,214.98672569302036
2030-07-21 01:00:00,0.0,0.0,0.0,0.0,0.0,0.0,0.0,0.0,0.0,0.0,0.0,0.0
2030-07-21 02:00:00,0.0,0.0,0.0,0.0,0.0,0.0,0.0,0.0,0.0,0.0,0.0,0.0
2030-07-21 03:00:00,0.0,0.0,0.0,909.8461192140385,0.0,0.0,0.0,0.0,0.0,0.0,0.0,0.0
2030-07-21 04:00:00,0.0,0.0,0.0,3199.99,0.0,0.0,0.0,0.0,0.0,0.0,0.0,0.0
2030-07-21 05:00:00,0.0,0.0,0.0,1611.776828838716,0.0,0.0,0.0,0.0,0.0,0.0,0.0,0.0
2030-07-21 06:00:00,0.0,0.0,0.0,0.0,0.0,0.0,0.0,0.0,0.0,0.0,0.0,0.0
2030-07-21 07:00:00,0.0,0.0,0.0,0.0,0.0,0.0,0.0,0.0,0.0,0.0,0.0,0.0
2030-07-21 08:00:00,0.0,0.0,0.0,0.0,0.0,0.0,0.0,0.0,0.0,0.0,0.0,0.0
2030-07-21 09:00:00,0.0,0.0,0.0,0.0,0.0,0.0,0.0,0.0,0.0,0.0,0.0,0.0
2030-07-21 10:00:00,0.0,0.0,0.0,0.0,0.0,0.0,0.0,0.0,0.0,0.0,0.0,0.0
2030-07-21 11:00:00,0.0,0.0,0.0,0.0,0.0,0.0,0.0,0.0,0.0,0.0,0.0,0.0
2030-07-21 12:00:00,0.0,0.0,0.0,0.0,0.0,0.0,0.0,0.0,0.0,0.0,0.0,0.0
2030-07-21 13:00:00,0.0,0.0,0.0,0.0,0.0,0.0,0.0,0.0,0.0,0.0,0.0,0.0
2030-07-21 14:00:00,0.0,0.0,0.0,0.0,0.0,0.0,0.0,0.0,0.0,0.0,0.0,0.0
2030-07-21 15:00:00,0.0,0.0,0.0,0.0,0.0,0.0,0.0,0.0,0.0,0.0,0.0,0.0
2030-07-21 16:00:00,0.0,0.0,0.0,0.0,0.0,0.0,0.0,0.0,0.0,0.0,0.0,0.0
2030-07-21 17:00:00,173.9967173117875,45.04516750267649,0.0,0.0,0.0,0.0,0.0,0.0,0.0,1679.2288038783286,0.0,0.0
2030-07-21 18:00:00,1297.0,1644.1,7381.64,0.0,0.0,0.0,0.0,0.0,228.39246678325935,2070.0,0.0,0.0
2030-07-21 19:00:00,1297.0,1644.1,7381.64,647.0262675011226,0.0,0.0,0.0,0.0,2182.409041539124,0.0,0.0,0.0
2030-07-21 20:00:00,1297.0,1644.1,7381.64,3199.99,0.0,0.0,0.0,0.0,1999.3347337086093,0.0,0.0,0.0
2030-07-21 21:00:00,1297.0,1644.1,7381.64,0.0,0.0,0.0,0.0,0.0,1848.6790510976866,0.0,0.0,0.0
2030-07-21 22:00:00,1297.0,1644.1,7381.64,2040.9929324988789,0.0,0.0,0.0,0.0,957.7297574558461,996.03494124385,0.0,0.0
2030-07-21 23:00:00,1297.0,1644.1,6966.7244176328,0.0,0.0,0.0,0.0,0.0,0.0,1831.554280550271,0.0,0.0
2030-07-22 00:00:00,1297.0,1644.1,6700.708648350243,0.0,0.0,0.0,0.0,0.0,188.7469591315146,2070.0,0.0,0.0
2030-07-22 01:00:00,1297.0,1644.1,6991.7173652849615,0.0,0.0,0.0,0.0,0.0,2290.7412334712444,0.0,0.0,0.0
2030-07-22 02:00:00,1297.0,1644.1,6604.5386952672725,0.0,0.0,0.0,0.0,0.0,2166.7853292012096,0.0,0.0,0.0
2030-07-22 03:00:00,1297.0,1644.1,6488.7397098669135,0.0,0.0,0.0,0.0,0.0,2431.8823140641334,0.0,0.0,0.0
2030-07-22 04:00:00,1297.0,1644.1,5216.3236874424365,0.0,0.0,0.0,0.0,0.0,2679.940929060349,0.0,0.0,0.0
2030-07-22 05:00:00,0.0,0.0,0.0,0.0,0.0,0.0,0.0,0.0,0.0,1643.3775378816526,0.0,561.2
2030-07-22 06:00:00,0.0,0.0,0.0,0.0,0.0,0.0,0.0,0.0,0.0,0.0,1181.168192195064,0.0
2030-07-22 07:00:00,0.0,0.0,0.0,0.0,0.0,0.0,0.0,0.0,0.0,0.0,0.0,0.0
2030-07-22 08:00:00,0.0,0.0,0.0,0.0,0.0,0.0,0.0,0.0,0.0,0.0,0.0,0.0
2030-07-22 09:00:00,0.0,0.0,0.0,0.0,0.0,0.0,0.0,0.0,0.0,0.0,0.0,0.0
2030-07-22 10:00:00,0.0,0.0,0.0,0.0,0.0,0.0,0.0,0.0,0.0,0.0,0.0,0.0
2030-07-22 11:00:00,0.0,0.0,0.0,0.0,0.0,0.0,0.0,0.0,0.0,0.0,0.0,0.0
2030-07-22 12:00:00,0.0,0.0,0.0,0.0,0.0,0.0,0.0,0.0,0.0,0.0,0.0,0.0
2030-07-22 13:00:00,0.0,0.0,0.0,0.0,0.0,0.0,0.0,0.0,0.0,0.0,0.0,0.0
2030-07-22 14:00:00,0.0,0.0,0.0,0.0,0.0,0.0,0.0,0.0,0.0,0.0,0.0,0.0
2030-07-22 15:00:00,0.0,0.0,0.0,0.0,0.0,0.0,0.0,0.0,0.0,0.0,0.0,0.0
2030-07-22 16:00:00,0.0,0.0,0.0,0.0,0.0,0.0,0.0,0.0,0.0,0.0,0.0,0.0
2030-07-22 17:00:00,0.0,0.0,0.0,0.0,0.0,0.0,0.0,0.0,0.0,391.459313872806,0.0,0.0
2030-07-22 18:00:00,1297.0,1644.1,6536.321530742287,0.0,0.0,0.0,0.0,0.0,1625.4399675773864,335.4917330900386,0.0,0.0
2030-07-22 19:00:00,1297.0,1644.1,7381.64,0.0,0.0,0.0,0.0,0.0,242.54761336268075,2070.0,0.0,0.0
2030-07-22 20:00:00,1297.0,1644.1,7381.64,0.0,0.0,0.0,0.0,0.0,2230.43343261854,0.0,0.0,0.0
2030-07-22 21:00:00,1297.0,1644.1,7381.64,0.0,0.0,0.0,0.0,0.0,2005.2261643056663,0.0,0.0,0.0
2030-07-22 22:00:00,1297.0,1644.1,7365.940194350143,0.0,0.0,0.0,0.0,0.0,20.911457540338915,2070.0,0.0,0.0
2030-07-22 23:00:00,1297.0,1644.1,6883.8457037550215,0.0,0.0,0.0,0.0,0.0,1996.1090474825119,0.0,0.0,0.0
2030-07-23 00:00:00,1297.0,1644.1,7381.64,0.0,0.0,0.0,0.0,0.0,0.0,1771.3589458036872,0.0,0.0
2030-07-23 01:00:00,1297.0,1644.1,7381.64,0.0,0.0,0.0,0.0,0.0,1784.5370493742757,0.0,0.0,0.0
2030-07-23 02:00:00,1297.0,1644.1,7381.64,0.0,0.0,0.0,0.0,0.0,1632.8269236696274,0.0,0.0,0.0
2030-07-23 03:00:00,1297.0,1644.1,7381.64,2549.6675188906192,0.0,0.0,0.0,0.0,2007.718145218685,0.0,0.0,0.0
2030-07-23 04:00:00,1297.0,1644.1,7381.64,3199.99,0.0,0.0,0.0,0.0,514.1280013106546,2070.0,0.0,0.0
2030-07-23 05:00:00,1297.0,1644.1,7381.64,138.35168110938216,0.0,0.0,0.0,0.0,0.0,1970.2381930879196,0.0,537.5689299696597
2030-07-23 06:00:00,1297.0,1644.1,7381.64,0.0,0.0,0.0,0.0,0.0,0.0,1471.1613556265047,0.0,0.0
2030-07-23 07:00:00,1297.0,1644.1,2247.392105352359,0.0,0.0,0.0,0.0,0.0,0.0,0.0,0.0,23.631070030340197
2030-07-23 08:00:00,0.0,0.0,0.0,0.0,0.0,0.0,0.0,0.0,0.0,0.0,0.0,0.0
2030-07-23 09:00:00,0.0,0.0,0.0,0.0,0.0,0.0,0.0,0.0,0.0,0.0,0.0,0.0
2030-07-23 10:00:00,0.0,0.0,0.0,0.0,0.0,0.0,0.0,0.0,0.0,0.0,0.0,0.0
2030-07-23 11:00:00,0.0,0.0,0.0,0.0,0.0,0.0,0.0,0.0,0.0,0.0,0.0,0.0
2030-07-23 12:00:00,0.0,0.0,0.0,0.0,0.0,0.0,0.0,0.0,0.0,0.0,0.0,0.0
2030-07-23 13:00:00,0.0,0.0,0.0,0.0,0.0,0.0,0.0,0.0,0.0,0.0,0.0,0.0
2030-07-23 14:00:00,0.0,0.0,0.0,0.0,0.0,0.0,0.0,0.0,0.0,0.0,0.0,0.0
2030-07-23 15:00:00,0.0,0.0,0.0,0.0,0.0,0.0,0.0,0.0,0.0,0.0,0.0,0.0
2030-07-23 16:00:00,0.0,0.0,0.0,0.0,0.0,0.0,0.0,0.0,0.0,0.0,0.0,0.0
2030-07-23 17:00:00,1297.0,1644.1,7381.64,0.0,0.0,0.0,0.0,0.0,105.59862524393816,0.0,0.0,0.0
2030-07-23 18:00:00,1297.0,1644.1,7381.64,3199.99,0.0,0.0,0.0,0.0,0.0,1573.7094226923186,0.0,0.0
2030-07-23 19:00:00,1297.0,1644.1,7381.64,2088.9772985561367,0.0,0.0,0.0,0.0,0.0,1929.0600275287838,0.0,0.0
2030-07-23 20:00:00,1297.0,1644.1,7381.64,0.0,0.0,0.0,0.0,0.0,0.0,1873.3834099259748,0.0,0.0
2030-07-23 21:00:00,1297.0,1644.1,7381.64,599.0419014438648,0.0,0.0,0.0,0.0,0.0,1598.548221890861,0.0,0.0
2030-07-23 22:00:00,1297.0,1644.1,7381.64,0.0,0.0,0.0,0.0,0.0,0.0,1723.295372370908,0.0,0.0
2030-07-23 23:00:00,1297.0,1644.1,6126.780550691714,0.0,0.0,0.0,0.0,0.0,1623.3960230839498,0.0,0.0,0.0
2030-07-24 00:00:00,1297.0,1644.1,1837.4292861206523,0.0,0.0,0.0,0.0,0.0,0.0,1417.017568217269,0.0,0.0
2030-07-24 01:00:00,1297.0,1300.7954605160194,0.0,0.0,0.0,0.0,0.0,0.0,1409.3871346135666,0.0,0.0,0.0
2030-07-24 02:00:00,0.0,0.0,0.0,0.0,0.0,0.0,0.0,0.0,1250.056507837257,0.0,0.0,0.0
2030-07-24 03:00:00,0.0,0.0,0.0,0.0,0.0,0.0,0.0,0.0,0.0,0.0,1024.8495384646076,561.2
2030-07-24 04:00:00,177.70021229582608,0.0,0.0,1435.6588345606538,0.0,0.0,0.0,0.0,0.0,2070.0,103.09087354002008,0.0
2030-07-24 05:00:00,0.0,0.0,0.0,0.0,0.0,0.0,0.0,0.0,2358.0121933443784,0.0,0.0,0.0
2030-07-24 06:00:00,0.0,0.0,0.0,0.0,0.0,0.0,0.0,0.0,0.0,0.0,0.0,0.0
2030-07-24 07:00:00,0.0,0.0,0.0,0.0,0.0,0.0,0.0,0.0,0.0,0.0,0.0,0.0
2030-07-24 08:00:00,0.0,0.0,0.0,0.0,0.0,0.0,0.0,0.0,0.0,0.0,0.0,0.0
2030-07-24 09:00:00,0.0,0.0,0.0,0.0,0.0,0.0,0.0,0.0,0.0,0.0,0.0,0.0
2030-07-24 10:00:00,0.0,0.0,0.0,0.0,0.0,0.0,0.0,0.0,0.0,0.0,0.0,0.0
2030-07-24 11:00:00,0.0,0.0,0.0,0.0,0.0,0.0,0.0,0.0,0.0,0.0,0.0,0.0
2030-07-24 12:00:00,0.0,0.0,0.0,0.0,0.0,0.0,0.0,0.0,0.0,0.0,0.0,0.0
2030-07-24 13:00:00,0.0,0.0,0.0,0.0,0.0,0.0,0.0,0.0,0.0,0.0,0.0,0.0
2030-07-24 14:00:00,0.0,0.0,0.0,0.0,0.0,0.0,0.0,0.0,0.0,0.0,0.0,0.0
2030-07-24 15:00:00,0.0,0.0,0.0,0.0,0.0,0.0,0.0,0.0,0.0,0.0,0.0,0.0
2030-07-24 16:00:00,0.0,0.0,0.0,0.0,0.0,0.0,0.0,0.0,0.0,0.0,0.0,0.0
2030-07-24 17:00:00,0.0,0.0,0.0,0.0,0.0,0.0,0.0,0.0,0.0,204.04531058073644,0.0,0.0
2030-07-24 18:00:00,1297.0,1644.1,7381.64,2688.0192000000015,0.0,0.0,0.0,0.0,660.2874097941544,2070.0,0.0,0.0
2030-07-24 19:00:00,1297.0,1644.1,7381.64,3199.99,0.0,0.0,0.0,0.0,0.0,1840.0638665568322,0.0,0.0
2030-07-24 20:00:00,1297.0,1644.1,7381.64,0.0,0.0,0.0,0.0,0.0,0.0,1813.2751491921013,0.0,0.0
2030-07-24 21:00:00,19.363174155630986,1644.1,0.0,0.0,0.0,0.0,0.0,0.0,189.09882836163706,2070.0,0.0,0.0
2030-07-24 22:00:00,0.0,0.0,0.0,0.0,0.0,0.0,0.0,0.0,0.0,1720.2498255570658,0.0,0.0
2030-07-24 23:00:00,0.0,0.0,0.0,0.0,0.0,0.0,0.0,0.0,0.0,1040.2517153032595,0.0,0.0
2030-07-25 00:00:00,0.0,0.0,0.0,0.0,0.0,0.0,0.0,0.0,0.0,1473.5365930478547,0.0,0.0
2030-07-25 01:00:00,0.0,0.0,0.0,0.0,0.0,0.0,0.0,0.0,1441.5756846722256,0.0,0.0,0.0
2030-07-25 02:00:00,0.0,0.0,0.0,0.0,0.0,0.0,0.0,0.0,1253.6669995663265,0.0,0.0,0.0
2030-07-25 03:00:00,1297.0,1644.1,991.4085731296364,0.0,0.0,0.0,0.0,0.0,0.0,1556.7157156511862,0.0,0.0
2030-07-25 04:00:00,1297.0,1644.1,7381.64,2688.0192000000015,0.0,0.0,0.0,0.0,1812.9593387877342,0.0,0.0,330.8150297153509
2030-07-25 05:00:00,1297.0,1644.1,7381.64,3199.99,0.0,0.0,0.0,0.0,0.0,2070.0,0.0,230.38497028464917
2030-07-25 06:00:00,1297.0,1427.8680397286735,0.0,0.0,0.0,0.0,0.0,0.0,1248.4920369216088,0.0,0.0,0.0
2030-07-25 07:00:00,0.0,0.0,0.0,0.0,0.0,0.0,0.0,0.0,0.0,0.0,0.0,0.0
2030-07-25 08:00:00,0.0,0.0,0.0,0.0,0.0,0.0,0.0,0.0,0.0,0.0,0.0,0.0
2030-07-25 09:00:00,0.0,0.0,0.0,0.0,0.0,0.0,0.0,0.0,0.0,0.0,0.0,0.0
2030-07-25 10:00:00,0.0,0.0,0.0,0.0,0.0,0.0,0.0,0.0,0.0,0.0,0.0,0.0
2030-07-25 11:00:00,0.0,0.0,0.0,0.0,0.0,0.0,0.0,0.0,0.0,0.0,0.0,0.0
2030-07-25 12:00:00,0.0,0.0,0.0,0.0,0.0,0.0,0.0,0.0,0.0,0.0,0.0,0.0
2030-07-25 13:00:00,0.0,0.0,0.0,0.0,0.0,0.0,0.0,0.0,0.0,0.0,0.0,0.0
2030-07-25 14:00:00,0.0,0.0,0.0,0.0,0.0,0.0,0.0,0.0,0.0,0.0,0.0,0.0
2030-07-25 15:00:00,0.0,0.0,0.0,0.0,0.0,0.0,0.0,0.0,0.0,0.0,0.0,0.0
2030-07-25 16:00:00,0.0,0.0,0.0,0.0,0.0,0.0,0.0,0.0,0.0,0.0,0.0,0.0
2030-07-25 17:00:00,1297.0,1644.1,4561.730968361102,0.0,0.0,0.0,0.0,0.0,3143.1224216052287,357.78799949349025,0.0,0.0
2030-07-25 18:00:00,1297.0,1644.1,7381.64,0.0,3094.486248022462,0.0,0.0,0.0,4339.244454581686,2070.0,0.0,0.0
2030-07-25 19:00:00,1297.0,1644.1,7381.64,3199.99,1184.5268313587585,0.0,0.0,394.80000000000047,6714.250757062847,0.0,0.0,0.0
2030-07-25 20:00:00,1297.0,1644.1,7381.64,2688.0192000000015,76.21380583881546,0.0,0.0,0.0,5946.160421739445,716.725245100725,0.0,0.0
2030-07-25 21:00:00,1297.0,1644.1,7381.64,0.0,3107.77392155111,0.0,0.0,470.0000000000005,6391.977341716117,0.0,0.0,0.0
2030-07-25 22:00:00,1297.0,1644.1,5915.5127059153065,0.0,2581.9685482190544,0.0,0.0,0.0,6462.623493125527,0.0,0.0,0.0
2030-07-25 23:00:00,1297.0,1644.1,7381.64,0.0,0.0,0.0,0.0,0.0,4842.514884677587,0.0,0.0,0.0
2030-07-26 00:00:00,1297.0,1644.1,7381.64,0.0,0.0,0.0,0.0,0.0,3423.847001729513,2070.0,0.0,0.0
2030-07-26 01:00:00,1297.0,1644.1,7381.64,3199.99,0.0,0.0,0.0,0.0,3559.743543301708,0.0,0.0,0.0
2030-07-26 02:00:00,1297.0,1644.1,7381.64,0.0,0.0,0.0,0.0,0.0,3048.8729954409655,0.0,0.0,0.0
2030-07-26 03:00:00,1297.0,1644.1,7381.64,0.0,0.0,0.0,0.0,0.0,0.0,0.0,786.2838347586362,561.2
2030-07-26 04:00:00,1297.0,1644.1,7381.64,0.0,0.0,0.0,0.0,0.0,933.206807290267,0.0,947.0171652413702,0.0
2030-07-26 05:00:00,1297.0,1644.1,7381.64,2688.0192000000015,0.0,0.0,0.0,0.0,0.0,2018.7418003534085,0.0,0.0
2030-07-26 06:00:00,1297.0,1644.1,7381.64,0.0,0.0,0.0,0.0,0.0,0.0,1162.1041702444536,0.0,0.0
2030-07-26 07:00:00,1297.0,1644.1,0.0,0.0,0.0,0.0,0.0,0.0,0.0,0.0,0.0,0.0
2030-07-26 08:00:00,0.0,0.0,0.0,0.0,0.0,0.0,0.0,0.0,0.0,0.0,0.0,0.0
2030-07-26 09:00:00,0.0,0.0,0.0,0.0,0.0,0.0,0.0,0.0,0.0,0.0,0.0,0.0
2030-07-26 10:00:00,0.0,0.0,0.0,0.0,0.0,0.0,0.0,0.0,0.0,0.0,0.0,0.0
2030-07-26 11:00:00,0.0,0.0,0.0,0.0,0.0,0.0,0.0,0.0,0.0,0.0,0.0,0.0
2030-07-26 12:00:00,0.0,0.0,0.0,0.0,0.0,0.0,0.0,0.0,0.0,0.0,0.0,0.0
2030-07-26 13:00:00,0.0,0.0,0.0,0.0,0.0,0.0,0.0,0.0,0.0,0.0,0.0,0.0
2030-07-26 14:00:00,0.0,0.0,0.0,0.0,0.0,0.0,0.0,0.0,0.0,0.0,0.0,0.0
2030-07-26 15:00:00,0.0,0.0,0.0,0.0,0.0,0.0,0.0,0.0,0.0,0.0,0.0,0.0
2030-07-26 16:00:00,1297.0,1644.1,0.0,0.0,0.0,0.0,0.0,0.0,0.0,191.55277265168024,0.0,0.0
2030-07-26 17:00:00,1297.0,1644.1,7381.64,3199.99,1045.66468025326,0.0,0.0,461.67771977786066,4906.52710477925,357.78799949349025,0.0,0.0
2030-07-26 18:00:00,1297.0,1644.1,7381.64,0.0,4845.1199331812895,0.0,0.0,0.0,4381.291700998688,2070.0,0.0,0.0
2030-07-26 19:00:00,1297.0,1644.1,7381.64,0.0,2356.2941308062946,0.0,0.0,0.0,6716.735906383329,0.0,0.0,0.0
2030-07-26 20:00:00,1297.0,1644.1,7381.64,2688.0192000000015,0.0,0.0,0.0,0.0,4586.609019277291,2070.0,0.0,0.0
2030-07-26 21:00:00,1297.0,1644.1,7381.64,0.0,2237.7906980953485,0.0,0.0,470.0000000000005,4348.325591946518,2070.0,0.0,0.0
2030-07-26 22:00:00,1297.0,1644.1,7381.64,0.0,0.0,0.0,0.0,0.0,5238.98861331407,970.9534905026743,0.0,0.0
2030-07-26 23:00:00,1297.0,1644.1,7381.64,0.0,0.0,0.0,0.0,0.0,1934.3824338611785,0.0,0.0,0.0
2030-07-27 00:00:00,1297.0,1644.1,7381.64,0.0,0.0,0.0,0.0,0.0,679.506758858432,2070.0,0.0,0.0
2030-07-27 01:00:00,1297.0,1644.1,7381.64,0.0,0.0,0.0,0.0,0.0,0.0,1366.8485415448213,0.0,0.0
2030-07-27 02:00:00,1297.0,1644.1,7381.64,0.0,0.0,0.0,0.0,0.0,1550.2485567427575,0.0,0.0,0.0
2030-07-27 03:00:00,1297.0,1644.1,7381.64,0.0,0.0,0.0,0.0,0.0,0.0,781.6171820472,0.0,561.2
2030-07-27 04:00:00,1297.0,1644.1,7381.64,0.0,0.0,0.0,0.0,0.0,0.0,1887.8417737490622,0.0,0.0
2030-07-27 05:00:00,1297.0,1644.1,7381.64,0.0,0.0,0.0,0.0,0.0,409.87137317879615,0.0,1733.3010000000027,0.0
2030-07-27 06:00:00,1297.0,1644.1,7381.64,0.0,0.0,0.0,0.0,0.0,1209.7704358962415,0.0,0.0,0.0
2030-07-27 07:00:00,1297.0,1644.1,0.0,0.0,0.0,0.0,0.0,0.0,0.0,0.0,0.0,0.0
2030-07-27 08:00:00,0.0,0.0,0.0,0.0,0.0,0.0,0.0,0.0,0.0,0.0,0.0,0.0
2030-07-27 09:00:00,0.0,0.0,0.0,0.0,0.0,0.0,0.0,0.0,0.0,0.0,0.0,0.0
2030-07-27 10:00:00,0.0,0.0,0.0,0.0,0.0,0.0,0.0,0.0,0.0,0.0,0.0,0.0
2030-07-27 11:00:00,0.0,0.0,0.0,0.0,0.0,0.0,0.0,0.0,0.0,0.0,0.0,0.0
2030-07-27 12:00:00,0.0,0.0,0.0,0.0,0.0,0.0,0.0,0.0,0.0,0.0,0.0,0.0
2030-07-27 13:00:00,0.0,0.0,0.0,0.0,0.0,0.0,0.0,0.0,0.0,0.0,0.0,0.0
2030-07-27 14:00:00,0.0,0.0,0.0,0.0,0.0,0.0,0.0,0.0,0.0,0.0,0.0,0.0
2030-07-27 15:00:00,0.0,0.0,0.0,0.0,0.0,0.0,0.0,0.0,0.0,0.0,0.0,0.0
2030-07-27 16:00:00,1297.0,1644.1,0.0,0.0,0.0,0.0,0.0,0.0,0.0,0.0,0.0,0.0
2030-07-27 17:00:00,1297.0,1644.1,7381.64,0.0,0.0,0.0,0.0,0.0,2150.432003477552,0.0,0.0,0.0
2030-07-27 18:00:00,1297.0,1644.1,7381.64,0.0,0.0,0.0,0.0,0.0,5349.424677357739,1073.3639984804706,0.0,0.0
2030-07-27 19:00:00,1297.0,1644.1,7381.64,3199.99,0.0,0.0,0.0,0.0,4475.524066140526,0.0,0.0,0.0
2030-07-27 20:00:00,1297.0,1644.1,7381.64,0.0,0.0,0.0,0.0,0.0,2424.6192739521184,0.0,0.0,0.0
2030-07-27 21:00:00,1297.0,1644.1,7381.64,2688.0192000000015,0.0,0.0,0.0,0.0,3164.2513445844106,2070.0,0.0,0.0
2030-07-27 22:00:00,1297.0,1644.1,7381.64,0.0,0.0,0.0,0.0,0.0,2106.7012999986164,2070.0,0.0,0.0
2030-07-27 23:00:00,1297.0,1644.1,7381.64,0.0,0.0,0.0,0.0,0.0,1746.5071523226925,0.0,0.0,0.0
2030-07-28 00:00:00,1297.0,1644.1,7381.64,0.0,0.0,0.0,0.0,0.0,0.0,1302.9915197356372,0.0,0.0
2030-07-28 01:00:00,1297.0,1644.1,7381.64,0.0,0.0,0.0,0.0,0.0,1235.2223325812251,0.0,0.0,0.0
2030-07-28 02:00:00,1297.0,1644.1,7381.64,0.0,0.0,0.0,0.0,0.0,1014.8763912235395,0.0,0.0,0.0
2030-07-28 03:00:00,1297.0,1644.1,7381.64,0.0,0.0,0.0,0.0,0.0,0.0,874.174358962262,0.0,0.0
2030-07-28 04:00:00,1297.0,1644.1,7381.64,0.0,0.0,0.0,0.0,0.0,473.86934542931124,0.0,0.0,453.9202229981869
2030-07-28 05:00:00,1297.0,1644.1,7381.64,0.0,0.0,0.0,0.0,0.0,0.0,900.0754122930294,0.0,10.825308850096349
2030-07-28 06:00:00,1297.0,1644.1,0.0,0.0,0.0,0.0,0.0,0.0,0.0,0.0,0.0,96.45446815171681
2030-07-28 07:00:00,0.0,0.0,0.0,0.0,0.0,0.0,0.0,0.0,0.0,0.0,0.0,0.0
2030-07-28 08:00:00,0.0,0.0,0.0,0.0,0.0,0.0,0.0,0.0,0.0,0.0,0.0,0.0
2030-07-28 09:00:00,0.0,0.0,0.0,0.0,0.0,0.0,0.0,0.0,0.0,0.0,0.0,0.0
2030-07-28 10:00:00,0.0,0.0,0.0,0.0,0.0,0.0,0.0,0.0,0.0,0.0,0.0,0.0
2030-07-28 11:00:00,0.0,0.0,0.0,0.0,0.0,0.0,0.0,0.0,0.0,0.0,0.0,0.0
2030-07-28 12:00:00,0.0,0.0,0.0,0.0,0.0,0.0,0.0,0.0,0.0,0.0,0.0,0.0
2030-07-28 13:00:00,0.0,0.0,0.0,0.0,0.0,0.0,0.0,0.0,0.0,0.0,0.0,0.0
2030-07-28 14:00:00,0.0,0.0,0.0,0.0,0.0,0.0,0.0,0.0,0.0,0.0,0.0,0.0
2030-07-28 15:00:00,0.0,0.0,0.0,0.0,0.0,0.0,0.0,0.0,0.0,0.0,0.0,0.0
2030-07-28 16:00:00,0.0,0.0,0.0,0.0,0.0,0.0,0.0,0.0,0.0,0.0,0.0,0.0
2030-07-28 17:00:00,1297.0,1644.1,0.0,0.0,0.0,0.0,0.0,0.0,0.0,296.3066983723695,0.0,0.0
2030-07-28 18:00:00,1297.0,1644.1,7381.64,3199.99,0.0,0.0,0.0,0.0,719.7523025172094,629.120843486167,0.0,0.0
2030-07-28 19:00:00,1297.0,1644.1,7381.64,2688.0192000000015,0.0,0.0,0.0,0.0,0.0,1517.607153474772,0.0,0.0
2030-07-28 20:00:00,1297.0,1644.1,5877.051485229003,0.0,0.0,0.0,0.0,0.0,1433.1191399459958,0.0,0.0,0.0
2030-07-28 21:00:00,1297.0,1644.1,1099.304190978648,0.0,0.0,0.0,0.0,0.0,1314.7685503912112,0.0,0.0,0.0
2030-07-28 22:00:00,1297.0,1644.1,0.0,0.0,0.0,0.0,0.0,0.0,1474.914823431825,0.0,0.0,0.0
2030-07-28 23:00:00,1297.0,1644.1,0.0,0.0,0.0,0.0,0.0,0.0,1417.1638790657566,0.0,0.0,0.0
2030-07-29 00:00:00,1297.0,1644.1,0.0,0.0,0.0,0.0,0.0,0.0,0.0,1612.139005910185,0.0,0.0
2030-07-29 01:00:00,1297.0,1644.1,0.0,0.0,0.0,0.0,0.0,0.0,1175.7336926663938,431.08213350042615,0.0,0.0
2030-07-29 02:00:00,1297.0,1644.1,0.0,0.0,0.0,0.0,0.0,0.0,1440.4112856322686,0.0,0.0,0.0
2030-07-29 03:00:00,1297.0,1644.1,0.0,0.0,0.0,0.0,0.0,0.0,0.0,1575.329042643455,0.0,0.0
2030-07-29 04:00:00,1297.0,1644.1,0.0,0.0,0.0,0.0,0.0,0.0,0.0,1233.1081358259044,0.0,561.2
2030-07-29 05:00:00,0.0,0.0,0.0,0.0,0.0,0.0,0.0,0.0,0.0,1230.7376735093658,0.0,0.0
2030-07-29 06:00:00,0.0,0.0,0.0,0.0,0.0,0.0,0.0,0.0,0.0,0.0,0.0,0.0
2030-07-29 07:00:00,0.0,0.0,0.0,0.0,0.0,0.0,0.0,0.0,0.0,0.0,0.0,0.0
2030-07-29 08:00:00,0.0,0.0,0.0,0.0,0.0,0.0,0.0,0.0,0.0,0.0,0.0,0.0
2030-07-29 09:00:00,0.0,0.0,0.0,0.0,0.0,0.0,0.0,0.0,0.0,0.0,0.0,0.0
2030-07-29 10:00:00,0.0,0.0,0.0,0.0,0.0,0.0,0.0,0.0,0.0,0.0,0.0,0.0
2030-07-29 11:00:00,0.0,0.0,0.0,0.0,0.0,0.0,0.0,0.0,0.0,0.0,0.0,0.0
2030-07-29 12:00:00,0.0,0.0,0.0,0.0,0.0,0.0,0.0,0.0,0.0,0.0,0.0,0.0
2030-07-29 13:00:00,0.0,0.0,0.0,0.0,0.0,0.0,0.0,0.0,0.0,0.0,0.0,0.0
2030-07-29 14:00:00,0.0,0.0,0.0,0.0,0.0,0.0,0.0,0.0,0.0,0.0,0.0,0.0
2030-07-29 15:00:00,0.0,0.0,0.0,0.0,0.0,0.0,0.0,0.0,0.0,0.0,0.0,0.0
2030-07-29 16:00:00,0.0,0.0,0.0,0.0,0.0,0.0,0.0,0.0,0.0,0.0,0.0,0.0
2030-07-29 17:00:00,1297.0,1644.1,0.0,0.0,0.0,0.0,0.0,0.0,89.39879572203631,357.78799949349025,0.0,0.0
2030-07-29 18:00:00,1297.0,1644.1,7381.64,2688.0192000000015,0.0,0.0,0.0,0.0,1368.6308891371323,357.78799949349025,0.0,0.0
2030-07-29 19:00:00,1297.0,1644.1,7381.64,3199.99,0.0,0.0,0.0,0.0,0.0,1934.0430359218908,0.0,0.0
2030-07-29 20:00:00,1297.0,1644.1,7381.64,0.0,0.0,0.0,0.0,0.0,0.0,1811.0769078787325,0.0,0.0
2030-07-29 21:00:00,1297.0,1644.1,7381.64,0.0,0.0,0.0,0.0,0.0,0.0,1592.0295526503783,0.0,0.0
2030-07-29 22:00:00,1297.0,1644.1,7381.64,0.0,0.0,0.0,0.0,0.0,0.0,1706.2850806140204,0.0,0.0
2030-07-29 23:00:00,1297.0,1644.1,7381.64,0.0,0.0,0.0,0.0,0.0,0.0,1557.4091778466013,0.0,0.0
2030-07-30 00:00:00,1297.0,1644.1,7381.64,0.0,0.0,0.0,0.0,0.0,1807.5672596451445,0.0,0.0,0.0
2030-07-30 01:00:00,1297.0,1644.1,7381.64,0.0,0.0,0.0,0.0,0.0,0.0,1772.7546590162797,0.0,0.0
2030-07-30 02:00:00,1297.0,1644.1,7381.64,0.0,0.0,0.0,0.0,0.0,0.0,1625.4911105944552,0.0,0.0
2030-07-30 03:00:00,1297.0,1644.1,7381.64,0.0,0.0,0.0,0.0,0.0,0.0,2041.997322125345,0.0,0.0
2030-07-30 04:00:00,1297.0,1644.1,7381.64,0.0,0.0,0.0,0.0,0.0,641.3725838187722,2070.0,0.0,0.0
2030-07-30 05:00:00,1297.0,1644.1,7381.64,0.0,0.0,0.0,0.0,0.0,2248.5255822123595,0.0,0.0,561.2
2030-07-30 06:00:00,1297.0,1644.1,7381.64,0.0,0.0,0.0,0.0,0.0,0.0,2070.0,277.30447675640016,0.0
2030-07-30 07:00:00,1297.0,1644.1,2903.8773031650744,0.0,0.0,0.0,0.0,0.0,945.1758703703027,0.0,418.2256362152983,0.0
2030-07-30 08:00:00,0.0,0.0,0.0,0.0,0.0,0.0,0.0,0.0,0.0,430.7654289711229,0.0,0.0
2030-07-30 09:00:00,0.0,0.0,0.0,0.0,0.0,0.0,0.0,0.0,0.0,0.0,0.0,0.0
2030-07-30 10:00:00,0.0,0.0,0.0,0.0,0.0,0.0,0.0,0.0,0.0,0.0,0.0,0.0
2030-07-30 11:00:00,0.0,0.0,0.0,0.0,0.0,0.0,0.0,0.0,0.0,0.0,0.0,0.0
2030-07-30 12:00:00,0.0,0.0,0.0,0.0,0.0,0.0,0.0,0.0,0.0,0.0,0.0,0.0
2030-07-30 13:00:00,0.0,0.0,0.0,0.0,0.0,0.0,0.0,0.0,0.0,0.0,0.0,0.0
2030-07-30 14:00:00,0.0,0.0,0.0,0.0,0.0,0.0,0.0,0.0,0.0,0.0,0.0,0.0
2030-07-30 15:00:00,0.0,0.0,0.0,0.0,0.0,0.0,0.0,0.0,0.0,0.0,0.0,0.0
2030-07-30 16:00:00,0.0,0.0,0.0,0.0,0.0,0.0,0.0,0.0,0.0,0.0,0.0,0.0
2030-07-30 17:00:00,1297.0,1644.1,166.68306701915571,0.0,0.0,0.0,0.0,0.0,856.554360075472,0.0,0.0,0.0
2030-07-30 18:00:00,1297.0,1644.1,7381.64,2688.0192000000015,0.0,0.0,0.0,0.0,0.0,1891.610505205671,0.0,0.0
2030-07-30 19:00:00,1297.0,1644.1,7381.64,3199.99,0.0,0.0,0.0,0.0,139.08852633981928,2070.0,0.0,0.0
2030-07-30 20:00:00,1297.0,1644.1,7381.64,0.0,0.0,0.0,0.0,0.0,2149.2593510828965,0.0,0.0,0.0
2030-07-30 21:00:00,1297.0,1644.1,7381.64,0.0,0.0,0.0,0.0,0.0,0.0,1846.1850260640572,0.0,0.0
2030-07-30 22:00:00,1297.0,1644.1,7381.64,0.0,0.0,0.0,0.0,0.0,1928.0734977663733,0.0,0.0,0.0
2030-07-30 23:00:00,1297.0,1644.1,7381.64,0.0,0.0,0.0,0.0,0.0,0.0,1839.1916454347074,0.0,0.0
2030-07-31 00:00:00,1297.0,1644.1,7381.64,0.0,0.0,0.0,0.0,0.0,0.0,1677.9828918659673,0.0,0.0
2030-07-31 01:00:00,1297.0,1644.1,7381.64,0.0,0.0,0.0,0.0,0.0,1657.2785442440986,0.0,0.0,0.0
2030-07-31 02:00:00,1297.0,1644.1,7381.64,0.0,0.0,0.0,0.0,0.0,1483.7152321403,0.0,0.0,0.0
2030-07-31 03:00:00,1297.0,1644.1,7381.64,0.0,0.0,0.0,0.0,0.0,1851.885984593508,0.0,0.0,0.0
2030-07-31 04:00:00,1297.0,1644.1,7381.64,0.0,0.0,0.0,0.0,0.0,2474.863958099699,0.0,0.0,0.0
2030-07-31 05:00:00,1297.0,1644.1,7381.64,0.0,0.0,0.0,0.0,0.0,1999.7761827890167,4.5955148473462035,0.0,561.2
2030-07-31 06:00:00,1297.0,1644.1,0.0,0.0,0.0,0.0,0.0,0.0,1642.8395929164603,0.0,0.0,0.0
2030-07-31 07:00:00,0.0,0.0,0.0,0.0,0.0,0.0,0.0,0.0,0.0,307.56223849969047,0.0,0.0
2030-07-31 08:00:00,0.0,0.0,0.0,0.0,0.0,0.0,0.0,0.0,0.0,0.0,0.0,0.0
2030-07-31 09:00:00,0.0,0.0,0.0,0.0,0.0,0.0,0.0,0.0,0.0,0.0,0.0,0.0
2030-07-31 10:00:00,0.0,0.0,0.0,0.0,0.0,0.0,0.0,0.0,0.0,0.0,0.0,0.0
2030-07-31 11:00:00,0.0,0.0,0.0,0.0,0.0,0.0,0.0,0.0,0.0,0.0,0.0,0.0
2030-07-31 12:00:00,0.0,0.0,0.0,0.0,0.0,0.0,0.0,0.0,0.0,0.0,0.0,0.0
2030-07-31 13:00:00,0.0,0.0,0.0,0.0,0.0,0.0,0.0,0.0,0.0,0.0,0.0,0.0
2030-07-31 14:00:00,0.0,0.0,0.0,0.0,0.0,0.0,0.0,0.0,0.0,0.0,0.0,0.0
2030-07-31 15:00:00,0.0,0.0,0.0,0.0,0.0,0.0,0.0,0.0,0.0,0.0,0.0,0.0
2030-07-31 16:00:00,0.0,0.0,0.0,0.0,0.0,0.0,0.0,0.0,0.0,0.0,0.0,0.0
2030-07-31 17:00:00,1297.0,1644.1,0.0,0.0,0.0,0.0,0.0,0.0,633.0185285773848,0.0,0.0,0.0
2030-07-31 18:00:00,1297.0,1644.1,7381.64,3199.99,0.0,0.0,0.0,0.0,1799.5425922430072,0.0,0.0,0.0
2030-07-31 19:00:00,1297.0,1644.1,7381.64,2688.0192000000015,0.0,0.0,0.0,0.0,2132.7642224935776,0.0,0.0,0.0
2030-07-31 20:00:00,1297.0,1644.1,7381.64,0.0,0.0,0.0,0.0,0.0,1376.8328575341588,704.2072318213052,0.0,0.0
2030-07-31 21:00:00,1297.0,1644.1,7381.64,0.0,0.0,0.0,0.0,0.0,2788.9158119868234,0.0,0.0,0.0
2030-07-31 22:00:00,1297.0,1644.1,7381.64,0.0,0.0,0.0,0.0,0.0,2360.544003151089,352.1036159106526,0.0,0.0
2030-07-31 23:00:00,1297.0,1644.1,5476.019461855157,0.0,0.0,0.0,0.0,0.0,1070.3701110212114,704.2072318213052,0.0,0.0
2030-08-01 00:00:00,1297.0,1644.1,978.6650179140743,0.0,0.0,0.0,0.0,0.0,2396.9865230098485,0.0,0.0,0.0
2030-08-01 01:00:00,1297.0,1644.1,5049.313866364508,0.0,0.0,0.0,0.0,0.0,749.2537601818956,704.2072318213052,1042.7407800604576,0.0
2030-08-01 02:00:00,1297.0,1644.1,7381.64,0.0,0.0,0.0,0.0,0.0,2452.7327457945,0.0,0.0,0.0
2030-08-01 03:00:00,1297.0,1644.1,7381.64,0.0,0.0,0.0,0.0,0.0,0.0,2070.0,7.590362527900879,561.2
2030-08-01 04:00:00,1297.0,1644.1,7381.64,2688.0192000000015,0.0,0.0,0.0,0.0,0.0,2070.0,397.3122377384884,0.0
2030-08-01 05:00:00,1297.0,1644.1,7381.64,3199.99,0.0,0.0,0.0,0.0,0.0,1684.0101875342953,0.0,0.0
2030-08-01 06:00:00,1297.0,1644.1,0.0,0.0,0.0,0.0,0.0,0.0,636.8311304875056,0.0,0.0,0.0
2030-08-01 07:00:00,0.0,185.02863962163792,0.0,0.0,0.0,0.0,0.0,0.0,0.0,0.0,0.0,0.0
2030-08-01 08:00:00,0.0,0.0,0.0,0.0,0.0,0.0,0.0,0.0,0.0,0.0,0.0,0.0
2030-08-01 09:00:00,0.0,0.0,0.0,0.0,0.0,0.0,0.0,0.0,0.0,0.0,0.0,0.0
2030-08-01 10:00:00,0.0,0.0,0.0,0.0,0.0,0.0,0.0,0.0,0.0,0.0,0.0,0.0
2030-08-01 11:00:00,0.0,0.0,0.0,0.0,0.0,0.0,0.0,0.0,0.0,0.0,0.0,0.0
2030-08-01 12:00:00,0.0,0.0,0.0,0.0,0.0,0.0,0.0,0.0,0.0,0.0,0.0,0.0
2030-08-01 13:00:00,0.0,0.0,0.0,0.0,0.0,0.0,0.0,0.0,0.0,0.0,0.0,0.0
2030-08-01 14:00:00,0.0,0.0,0.0,0.0,0.0,0.0,0.0,0.0,0.0,0.0,0.0,0.0
2030-08-01 15:00:00,1297.0,1644.1,0.0,0.0,0.0,0.0,0.0,0.0,0.0,0.0,0.0,0.0
2030-08-01 16:00:00,1297.0,1644.1,7381.64,0.0,0.0,0.0,0.0,0.0,0.0,0.0,0.0,0.0
2030-08-01 17:00:00,1297.0,1644.1,7381.64,0.0,0.0,0.0,0.0,0.0,0.0,0.0,0.0,0.0
2030-08-01 18:00:00,1297.0,1644.1,7381.64,2688.0192000000015,0.0,0.0,0.0,0.0,3849.076205718555,0.0,0.0,0.0
2030-08-01 19:00:00,1297.0,1644.1,7381.64,0.0,0.0,0.0,0.0,0.0,2731.9387606438777,352.1036159106526,0.0,0.0
2030-08-01 20:00:00,1297.0,1644.1,7381.64,0.0,0.0,0.0,0.0,0.0,0.0,1747.6838527616628,0.0,0.0
2030-08-01 21:00:00,1297.0,1644.1,7381.64,3199.99,0.0,0.0,0.0,0.0,4040.8079014175673,0.0,0.0,0.0
2030-08-01 22:00:00,1297.0,1644.1,7381.64,0.0,0.0,0.0,0.0,0.0,1183.6996350024538,2070.0,0.0,0.0
2030-08-01 23:00:00,1297.0,1644.1,7381.64,0.0,0.0,0.0,0.0,0.0,66.37006024478706,2070.0,0.0,0.0
2030-08-02 00:00:00,1297.0,1644.1,7381.64,0.0,0.0,0.0,0.0,0.0,1611.489774542521,0.0,0.0,0.0
2030-08-02 01:00:00,1297.0,1644.1,7381.64,0.0,0.0,0.0,0.0,0.0,0.0,1573.6007039860656,0.0,0.0
2030-08-02 02:00:00,1297.0,1644.1,7381.64,0.0,0.0,0.0,0.0,0.0,0.0,1376.047167412229,0.0,0.0
2030-08-02 03:00:00,1297.0,1644.1,7381.64,0.0,0.0,0.0,0.0,0.0,0.0,1700.0745799755123,0.0,0.0
2030-08-02 04:00:00,1297.0,1644.1,7381.64,0.0,0.0,0.0,0.0,0.0,172.918781563008,2070.0,0.0,80.15616572290172
2030-08-02 05:00:00,1297.0,1644.1,7381.64,0.0,0.0,0.0,0.0,0.0,0.0,2070.0,0.0,481.0438342770983
2030-08-02 06:00:00,1297.0,1644.1,7381.64,0.0,0.0,0.0,0.0,0.0,0.0,1605.493179775728,0.0,0.0
2030-08-02 07:00:00,1297.0,1644.1,0.0,0.0,0.0,0.0,0.0,0.0,0.0,0.0,0.0,0.0
2030-08-02 08:00:00,0.0,0.0,0.0,0.0,0.0,0.0,0.0,0.0,0.0,0.0,0.0,0.0
2030-08-02 09:00:00,0.0,0.0,0.0,0.0,0.0,0.0,0.0,0.0,0.0,0.0,0.0,0.0
2030-08-02 10:00:00,0.0,0.0,0.0,0.0,0.0,0.0,0.0,0.0,0.0,0.0,0.0,0.0
2030-08-02 11:00:00,0.0,0.0,0.0,0.0,0.0,0.0,0.0,0.0,0.0,0.0,0.0,0.0
2030-08-02 12:00:00,0.0,0.0,0.0,0.0,0.0,0.0,0.0,0.0,0.0,0.0,0.0,0.0
2030-08-02 13:00:00,0.0,0.0,0.0,0.0,0.0,0.0,0.0,0.0,0.0,0.0,0.0,0.0
2030-08-02 14:00:00,0.0,0.0,0.0,0.0,0.0,0.0,0.0,0.0,0.0,0.0,0.0,0.0
2030-08-02 15:00:00,0.0,0.0,0.0,0.0,0.0,0.0,0.0,0.0,0.0,0.0,0.0,0.0
2030-08-02 16:00:00,0.0,0.0,0.0,0.0,0.0,0.0,0.0,0.0,0.0,0.0,0.0,0.0
2030-08-02 17:00:00,1297.0,1644.1,1554.0851935833434,2688.0192000000015,0.0,0.0,0.0,0.0,0.0,419.9869833231562,0.0,459.3357800804481
2030-08-02 18:00:00,1297.0,1644.1,7381.64,3199.99,0.0,0.0,0.0,0.0,0.0,1961.721856810217,0.0,0.0
2030-08-02 19:00:00,1297.0,1644.1,6273.196092920305,0.0,0.0,0.0,0.0,0.0,0.0,2070.0,0.0,95.7809985780782
2030-08-02 20:00:00,1009.2983607067144,1644.1,0.0,0.0,0.0,0.0,0.0,0.0,0.0,2070.0,0.0,6.083221341473745
2030-08-02 21:00:00,0.0,0.0,0.0,0.0,0.0,0.0,0.0,0.0,0.0,0.0,0.0,0.0
2030-08-02 22:00:00,0.0,0.0,0.0,0.0,0.0,0.0,0.0,0.0,0.0,0.0,0.0,0.0
2030-08-02 23:00:00,0.0,0.0,0.0,0.0,0.0,0.0,0.0,0.0,0.0,0.0,0.0,0.0
2030-08-03 00:00:00,0.0,0.0,0.0,0.0,0.0,0.0,0.0,0.0,0.0,0.0,0.0,0.0
2030-08-03 01:00:00,0.0,0.0,0.0,0.0,0.0,0.0,0.0,0.0,0.0,0.0,0.0,0.0
2030-08-03 02:00:00,0.0,0.0,0.0,0.0,0.0,0.0,0.0,0.0,0.0,0.0,0.0,0.0
2030-08-03 03:00:00,0.0,0.0,0.0,2577.0693286949727,0.0,0.0,0.0,0.0,0.0,0.0,0.0,0.0
2030-08-03 04:00:00,0.0,0.0,0.0,110.94987130502886,0.0,0.0,0.0,0.0,0.0,0.0,0.0,0.0
2030-08-03 05:00:00,0.0,0.0,0.0,3199.99,0.0,0.0,0.0,0.0,0.0,468.0548604775604,0.0,561.2
2030-08-03 06:00:00,0.0,0.0,0.0,0.0,0.0,0.0,0.0,0.0,0.0,0.0,0.0,0.0
2030-08-03 07:00:00,0.0,0.0,0.0,0.0,0.0,0.0,0.0,0.0,0.0,0.0,0.0,0.0
2030-08-03 08:00:00,0.0,0.0,0.0,0.0,0.0,0.0,0.0,0.0,0.0,0.0,0.0,0.0
2030-08-03 09:00:00,0.0,0.0,0.0,0.0,0.0,0.0,0.0,0.0,0.0,0.0,0.0,0.0
2030-08-03 10:00:00,0.0,0.0,0.0,0.0,0.0,0.0,0.0,0.0,0.0,0.0,0.0,0.0
2030-08-03 11:00:00,0.0,0.0,0.0,0.0,0.0,0.0,0.0,0.0,0.0,0.0,0.0,0.0
2030-08-03 12:00:00,0.0,0.0,0.0,0.0,0.0,0.0,0.0,0.0,0.0,0.0,0.0,0.0
2030-08-03 13:00:00,0.0,0.0,0.0,0.0,0.0,0.0,0.0,0.0,0.0,0.0,0.0,0.0
2030-08-03 14:00:00,0.0,0.0,0.0,0.0,0.0,0.0,0.0,0.0,0.0,0.0,0.0,0.0
2030-08-03 15:00:00,0.0,0.0,0.0,0.0,0.0,0.0,0.0,0.0,0.0,0.0,0.0,0.0
2030-08-03 16:00:00,0.0,988.4721246814679,0.0,0.0,0.0,0.0,0.0,0.0,0.0,0.0,0.0,0.0
2030-08-03 17:00:00,1297.0,1644.1,5259.761431036415,0.0,0.0,0.0,0.0,0.0,0.0,878.6810071807295,0.0,0.0
2030-08-03 18:00:00,1297.0,1644.1,7381.64,2688.0192000000015,0.0,0.0,0.0,0.0,1946.7732491279453,0.0,0.0,0.0
2030-08-03 19:00:00,1297.0,1644.1,7381.64,3199.99,0.0,0.0,0.0,0.0,111.95392846795721,2070.0,0.0,0.0
2030-08-03 20:00:00,1297.0,1644.1,7381.64,0.0,0.0,0.0,0.0,0.0,39.12490120763141,2070.0,0.0,0.0
2030-08-03 21:00:00,1297.0,1644.1,7381.64,0.0,0.0,0.0,0.0,0.0,0.0,1793.5374001496275,0.0,0.0
2030-08-03 22:00:00,1297.0,1644.1,7381.64,0.0,0.0,0.0,0.0,0.0,0.0,1824.3538052744502,0.0,0.0
2030-08-03 23:00:00,1297.0,1644.1,7381.64,0.0,0.0,0.0,0.0,0.0,0.0,1754.5617831542622,0.0,0.0
2030-08-04 00:00:00,1297.0,1644.1,7381.64,0.0,0.0,0.0,0.0,0.0,0.0,1405.5396177130633,0.0,0.0
2030-08-04 01:00:00,1297.0,1644.1,7381.64,0.0,0.0,0.0,0.0,0.0,0.0,1365.4558998937632,0.0,0.0
2030-08-04 02:00:00,1297.0,1644.1,7381.64,0.0,0.0,0.0,0.0,0.0,0.0,1173.2461779039631,0.0,0.0
2030-08-04 03:00:00,1297.0,1644.1,7381.64,0.0,0.0,0.0,0.0,0.0,0.0,1113.728289873376,0.0,0.0
2030-08-04 04:00:00,1297.0,1644.1,7381.64,0.0,0.0,0.0,0.0,0.0,0.0,1212.0955147545556,0.0,0.0
2030-08-04 05:00:00,1297.0,1644.1,7381.64,0.0,0.0,0.0,0.0,0.0,0.0,579.1762248664975,0.0,561.2
2030-08-04 06:00:00,1297.0,1644.1,1963.8492277402947,0.0,0.0,0.0,0.0,0.0,0.0,864.3920943372609,0.0,0.0
2030-08-04 07:00:00,0.0,0.0,0.0,0.0,0.0,0.0,0.0,0.0,0.0,542.1645778141242,0.0,0.0
2030-08-04 08:00:00,0.0,0.0,0.0,0.0,0.0,0.0,0.0,0.0,0.0,0.0,0.0,0.0
2030-08-04 09:00:00,0.0,0.0,0.0,0.0,0.0,0.0,0.0,0.0,0.0,0.0,0.0,0.0
2030-08-04 10:00:00,0.0,0.0,0.0,0.0,0.0,0.0,0.0,0.0,0.0,0.0,0.0,0.0
2030-08-04 11:00:00,0.0,0.0,0.0,0.0,0.0,0.0,0.0,0.0,0.0,0.0,0.0,0.0
2030-08-04 12:00:00,0.0,0.0,0.0,0.0,0.0,0.0,0.0,0.0,0.0,0.0,0.0,0.0
2030-08-04 13:00:00,0.0,0.0,0.0,0.0,0.0,0.0,0.0,0.0,0.0,0.0,0.0,0.0
2030-08-04 14:00:00,0.0,0.0,0.0,0.0,0.0,0.0,0.0,0.0,0.0,0.0,0.0,0.0
2030-08-04 15:00:00,0.0,0.0,0.0,0.0,0.0,0.0,0.0,0.0,0.0,0.0,0.0,0.0
2030-08-04 16:00:00,1297.0,1644.1,0.0,0.0,0.0,0.0,0.0,0.0,0.0,0.0,0.0,0.0
2030-08-04 17:00:00,1297.0,1644.1,7381.64,3199.99,0.0,0.0,0.0,0.0,0.0,342.92722501303456,0.0,0.0
2030-08-04 18:00:00,1297.0,1644.1,7381.64,0.0,0.0,0.0,0.0,0.0,0.0,1363.4676520149333,0.0,0.0
2030-08-04 19:00:00,1297.0,1644.1,7381.64,2688.0192000000015,0.0,0.0,0.0,0.0,0.0,1581.1482973114425,0.0,0.0
2030-08-04 20:00:00,1297.0,1644.1,7381.64,0.0,0.0,0.0,0.0,0.0,0.0,1534.4352864609577,0.0,0.0
2030-08-04 21:00:00,1297.0,1644.1,7381.64,0.0,0.0,0.0,0.0,0.0,0.0,1423.428423222621,0.0,0.0
2030-08-04 22:00:00,1297.0,1644.1,7381.64,0.0,0.0,0.0,0.0,0.0,0.0,1582.032075059542,0.0,0.0
2030-08-04 23:00:00,1297.0,1644.1,7381.64,0.0,0.0,0.0,0.0,0.0,0.0,1522.338461220003,0.0,0.0
2030-08-05 00:00:00,1297.0,1644.1,7381.64,0.0,0.0,0.0,0.0,0.0,0.0,1600.432724585151,0.0,0.0
2030-08-05 01:00:00,1297.0,1644.1,7381.64,0.0,0.0,0.0,0.0,0.0,0.0,1576.442218095146,0.0,0.0
2030-08-05 02:00:00,1297.0,1644.1,7381.64,0.0,0.0,0.0,0.0,0.0,0.0,1399.012821148618,0.0,0.0
2030-08-05 03:00:00,1297.0,1644.1,7381.64,0.0,0.0,0.0,0.0,0.0,0.0,961.8215543597903,0.0,561.2
2030-08-05 04:00:00,1297.0,1644.1,7381.64,0.0,0.0,0.0,0.0,0.0,0.0,1716.0917661325157,0.0,0.0
2030-08-05 05:00:00,1297.0,1644.1,7381.64,0.0,0.0,0.0,0.0,0.0,0.0,1448.7071648185433,0.0,0.0
2030-08-05 06:00:00,1297.0,1644.1,199.71707506388702,0.0,0.0,0.0,0.0,0.0,0.0,266.8119710025253,0.0,0.0
2030-08-05 07:00:00,0.0,717.1030637698932,0.0,0.0,0.0,0.0,0.0,0.0,0.0,0.0,0.0,0.0
2030-08-05 08:00:00,0.0,0.0,0.0,0.0,0.0,0.0,0.0,0.0,0.0,0.0,0.0,0.0
2030-08-05 09:00:00,0.0,0.0,0.0,0.0,0.0,0.0,0.0,0.0,0.0,0.0,0.0,0.0
2030-08-05 10:00:00,0.0,0.0,0.0,0.0,0.0,0.0,0.0,0.0,0.0,0.0,0.0,0.0
2030-08-05 11:00:00,0.0,0.0,0.0,0.0,0.0,0.0,0.0,0.0,0.0,0.0,0.0,0.0
2030-08-05 12:00:00,0.0,0.0,0.0,0.0,0.0,0.0,0.0,0.0,0.0,0.0,0.0,0.0
2030-08-05 13:00:00,0.0,0.0,0.0,0.0,0.0,0.0,0.0,0.0,0.0,0.0,0.0,0.0
2030-08-05 14:00:00,0.0,0.0,0.0,0.0,0.0,0.0,0.0,0.0,0.0,0.0,0.0,0.0
2030-08-05 15:00:00,0.0,0.0,0.0,0.0,0.0,0.0,0.0,0.0,0.0,0.0,0.0,0.0
2030-08-05 16:00:00,354.80915276891415,1644.1,0.0,0.0,0.0,0.0,0.0,0.0,0.0,0.0,0.0,0.0
2030-08-05 17:00:00,1297.0,1644.1,7381.64,3177.441213753851,0.0,0.0,0.0,0.0,0.0,276.1699155445401,0.0,0.0
2030-08-05 18:00:00,1297.0,1644.1,7381.64,0.0,0.0,0.0,0.0,0.0,0.0,1701.1272140483188,0.0,0.0
2030-08-05 19:00:00,1297.0,1644.1,7381.64,2710.56798624615,0.0,0.0,0.0,0.0,0.0,1833.9707331993832,0.0,0.0
2030-08-05 20:00:00,1297.0,1644.1,7381.64,0.0,0.0,0.0,0.0,0.0,0.0,1768.9853094802993,0.0,0.0
2030-08-05 21:00:00,1297.0,1644.1,7381.64,0.0,0.0,0.0,0.0,0.0,0.0,1570.8091090878315,0.0,0.0
2030-08-05 22:00:00,1297.0,1644.1,7381.64,0.0,0.0,0.0,0.0,0.0,0.0,1602.342705614954,0.0,0.0
2030-08-05 23:00:00,1297.0,1644.1,7381.64,0.0,0.0,0.0,0.0,0.0,0.0,1533.3426811247973,0.0,0.0
2030-08-06 00:00:00,1297.0,1644.1,7381.64,0.0,0.0,0.0,0.0,0.0,112.1595056068088,2070.0,0.0,0.0
2030-08-06 01:00:00,1297.0,1644.1,7381.64,0.0,0.0,0.0,0.0,0.0,134.81411449490315,2070.0,0.0,0.0
2030-08-06 02:00:00,1297.0,1644.1,7381.64,0.0,0.0,0.0,0.0,0.0,36.3415332735467,2070.0,0.0,0.0
2030-08-06 03:00:00,1297.0,1644.1,7381.64,0.0,0.0,0.0,0.0,0.0,488.7664021592791,2070.0,0.0,0.0
2030-08-06 04:00:00,1297.0,1644.1,7381.64,0.0,0.0,0.0,0.0,0.0,1191.7555294531735,2070.0,0.0,0.0
2030-08-06 05:00:00,1297.0,1644.1,7381.64,0.0,0.0,0.0,0.0,0.0,1338.8808677759775,2070.0,0.0,0.0
2030-08-06 06:00:00,1297.0,1644.1,7381.64,0.0,0.0,0.0,0.0,0.0,508.44844120924085,2070.0,0.0,0.0
2030-08-06 07:00:00,1297.0,1644.1,7381.64,0.0,0.0,0.0,0.0,0.0,0.0,1834.428226336644,0.0,0.0
2030-08-06 08:00:00,1297.0,1644.1,2020.1011233761892,0.0,0.0,0.0,0.0,0.0,0.0,1820.4148927809188,0.0,0.0
2030-08-06 09:00:00,1297.0,1644.1,0.0,0.0,0.0,0.0,0.0,0.0,0.0,1804.3774800659103,0.0,0.0
2030-08-06 10:00:00,0.0,0.0,0.0,0.0,0.0,0.0,0.0,0.0,812.7559532265266,0.0,0.0,0.0
2030-08-06 11:00:00,0.0,0.0,0.0,0.0,0.0,0.0,0.0,0.0,0.0,0.0,0.0,0.0
2030-08-06 12:00:00,0.0,0.0,0.0,0.0,0.0,0.0,0.0,0.0,0.0,0.0,0.0,0.0
2030-08-06 13:00:00,0.0,0.0,0.0,0.0,0.0,0.0,0.0,0.0,0.0,0.0,0.0,0.0
2030-08-06 14:00:00,0.0,0.0,0.0,0.0,0.0,0.0,0.0,0.0,0.0,0.0,0.0,0.0
2030-08-06 15:00:00,1297.0,1644.1,0.0,0.0,0.0,0.0,0.0,0.0,0.0,0.0,0.0,0.0
2030-08-06 16:00:00,1297.0,1644.1,7381.64,2688.0192000000015,0.0,0.0,0.0,0.0,0.0,247.96802927284853,0.0,0.0
2030-08-06 17:00:00,1297.0,1644.1,7381.64,3199.99,0.0,0.0,0.0,0.0,0.0,1594.312902314196,0.0,0.0
2030-08-06 18:00:00,1297.0,1644.1,7381.64,0.0,0.0,0.0,0.0,0.0,505.6381350581373,2070.0,0.0,0.0
2030-08-06 19:00:00,1297.0,1644.1,7381.64,0.0,0.0,0.0,0.0,0.0,596.4638351980509,2070.0,0.0,0.0
2030-08-06 20:00:00,1297.0,1644.1,7381.64,0.0,0.0,0.0,0.0,0.0,2481.210061275386,0.0,0.0,0.0
2030-08-06 21:00:00,1297.0,1644.1,7381.64,0.0,0.0,0.0,0.0,0.0,53.83332833010263,2070.0,0.0,0.0
2030-08-06 22:00:00,1297.0,1644.1,7381.64,0.0,0.0,0.0,0.0,0.0,2173.7099514439174,0.0,0.0,0.0
2030-08-06 23:00:00,1297.0,1644.1,7381.64,0.0,0.0,0.0,0.0,0.0,39.53955268450909,2070.0,0.0,0.0
2030-08-07 00:00:00,1297.0,1644.1,7381.64,0.0,0.0,0.0,0.0,0.0,0.0,1931.7875840053493,0.0,0.0
2030-08-07 01:00:00,1297.0,1644.1,6962.056399127094,0.0,0.0,0.0,0.0,0.0,1948.4812632353696,0.0,0.0,0.0
2030-08-07 02:00:00,1297.0,1644.1,3182.2068138457325,0.0,0.0,0.0,0.0,0.0,1774.0293308772584,0.0,0.0,0.0
2030-08-07 03:00:00,1297.0,1644.1,0.0,0.0,0.0,0.0,0.0,0.0,2216.615779632648,0.0,0.0,0.0
2030-08-07 04:00:00,1297.0,1644.1,947.792757819836,0.0,0.0,0.0,0.0,0.0,2893.6274539887777,0.0,0.0,0.0
2030-08-07 05:00:00,1297.0,1644.1,0.0,0.0,0.0,0.0,0.0,0.0,457.8267564765447,2070.0,0.0,561.2
2030-08-07 06:00:00,1297.0,1644.1,0.0,0.0,0.0,0.0,0.0,0.0,2395.454298465368,0.0,0.0,0.0
2030-08-07 07:00:00,0.0,0.0,0.0,0.0,0.0,0.0,0.0,0.0,0.0,1499.1999887363859,0.0,0.0
2030-08-07 08:00:00,0.0,0.0,0.0,0.0,0.0,0.0,0.0,0.0,0.0,0.0,0.0,0.0
2030-08-07 09:00:00,0.0,0.0,0.0,0.0,0.0,0.0,0.0,0.0,0.0,0.0,0.0,0.0
2030-08-07 10:00:00,0.0,0.0,0.0,0.0,0.0,0.0,0.0,0.0,0.0,0.0,0.0,0.0
2030-08-07 11:00:00,0.0,0.0,0.0,0.0,0.0,0.0,0.0,0.0,0.0,0.0,0.0,0.0
2030-08-07 12:00:00,0.0,0.0,0.0,0.0,0.0,0.0,0.0,0.0,0.0,0.0,0.0,0.0
2030-08-07 13:00:00,0.0,0.0,0.0,0.0,0.0,0.0,0.0,0.0,0.0,0.0,0.0,0.0
2030-08-07 14:00:00,0.0,0.0,0.0,0.0,0.0,0.0,0.0,0.0,0.0,0.0,0.0,0.0
2030-08-07 15:00:00,0.0,0.0,0.0,0.0,0.0,0.0,0.0,0.0,0.0,0.0,0.0,0.0
2030-08-07 16:00:00,0.0,0.0,0.0,0.0,0.0,0.0,0.0,0.0,0.0,0.0,0.0,0.0
2030-08-07 17:00:00,0.0,0.0,0.0,0.0,0.0,0.0,0.0,0.0,951.7301758882732,0.0,0.0,0.0
2030-08-07 18:00:00,0.0,0.0,0.0,2688.0192000000015,0.0,0.0,0.0,0.0,0.0,2043.7493681118249,0.0,0.0
2030-08-07 19:00:00,0.0,0.0,0.0,3199.99,0.0,0.0,0.0,0.0,1690.577890103771,0.0,0.0,561.2
2030-08-07 20:00:00,0.0,0.0,0.0,0.0,0.0,0.0,0.0,0.0,1730.0564105842332,0.0,0.0,0.0
2030-08-07 21:00:00,0.0,0.0,0.0,0.0,0.0,0.0,0.0,0.0,0.0,0.0,0.0,0.0
2030-08-07 22:00:00,0.0,0.0,0.0,0.0,0.0,0.0,0.0,0.0,0.0,0.0,0.0,0.0
2030-08-07 23:00:00,0.0,0.0,0.0,0.0,0.0,0.0,0.0,0.0,0.0,0.0,0.0,0.0
2030-08-08 00:00:00,0.0,0.0,0.0,0.0,0.0,0.0,0.0,0.0,0.0,0.0,0.0,0.0
2030-08-08 01:00:00,0.0,0.0,0.0,0.0,0.0,0.0,0.0,0.0,0.0,0.0,0.0,0.0
2030-08-08 02:00:00,0.0,0.0,0.0,0.0,0.0,0.0,0.0,0.0,0.0,0.0,0.0,0.0
2030-08-08 03:00:00,0.0,0.0,0.0,0.0,0.0,0.0,0.0,0.0,0.0,0.0,0.0,128.53098605121997
2030-08-08 04:00:00,0.0,0.0,0.0,0.0,0.0,0.0,0.0,0.0,0.0,0.0,0.0,0.0
2030-08-08 05:00:00,0.0,0.0,0.0,0.0,0.0,0.0,0.0,0.0,0.0,0.0,0.0,0.0
2030-08-08 06:00:00,0.0,0.0,0.0,0.0,0.0,0.0,0.0,0.0,0.0,0.0,0.0,0.0
2030-08-08 07:00:00,0.0,0.0,0.0,0.0,0.0,0.0,0.0,0.0,0.0,0.0,0.0,0.0
2030-08-08 08:00:00,0.0,0.0,0.0,0.0,0.0,0.0,0.0,0.0,0.0,0.0,0.0,0.0
2030-08-08 09:00:00,0.0,0.0,0.0,0.0,0.0,0.0,0.0,0.0,0.0,0.0,0.0,0.0
2030-08-08 10:00:00,0.0,0.0,0.0,0.0,0.0,0.0,0.0,0.0,0.0,0.0,0.0,0.0
2030-08-08 11:00:00,0.0,0.0,0.0,0.0,0.0,0.0,0.0,0.0,0.0,0.0,0.0,0.0
2030-08-08 12:00:00,0.0,0.0,0.0,0.0,0.0,0.0,0.0,0.0,0.0,0.0,0.0,0.0
2030-08-08 13:00:00,0.0,0.0,0.0,0.0,0.0,0.0,0.0,0.0,0.0,0.0,0.0,0.0
2030-08-08 14:00:00,0.0,0.0,0.0,0.0,0.0,0.0,0.0,0.0,0.0,0.0,0.0,0.0
2030-08-08 15:00:00,0.0,0.0,0.0,0.0,0.0,0.0,0.0,0.0,0.0,0.0,0.0,0.0
2030-08-08 16:00:00,0.0,0.0,0.0,0.0,0.0,0.0,0.0,0.0,0.0,0.0,0.0,0.0
2030-08-08 17:00:00,0.0,0.0,0.0,0.0,0.0,0.0,0.0,0.0,0.0,0.0,0.0,0.0
2030-08-08 18:00:00,0.0,0.0,0.0,0.0,0.0,0.0,0.0,0.0,2169.3909735851776,0.0,0.0,0.0
2030-08-08 19:00:00,1297.0,893.4356559738071,0.0,2808.678209402665,0.0,0.0,0.0,0.0,2260.7765109664847,0.0,0.0,0.0
2030-08-08 20:00:00,1297.0,0.0,0.0,3079.3309905973365,0.0,0.0,0.0,0.0,2187.692094025331,0.0,0.0,0.0
2030-08-08 21:00:00,667.5773634418656,0.0,0.0,0.0,0.0,0.0,0.0,0.0,1890.4124195317836,0.0,0.0,0.0
2030-08-08 22:00:00,0.0,0.0,0.0,0.0,0.0,0.0,0.0,0.0,1962.2327322543333,0.0,0.0,0.0
2030-08-08 23:00:00,0.0,0.0,0.0,0.0,0.0,0.0,0.0,0.0,1856.1240217733125,0.0,0.0,0.0
2030-08-09 00:00:00,0.0,0.0,0.0,0.0,0.0,0.0,0.0,0.0,1815.143845961055,0.0,0.0,0.0
2030-08-09 01:00:00,0.0,0.0,0.0,0.0,0.0,0.0,0.0,0.0,1809.0241834745093,0.0,0.0,0.0
2030-08-09 02:00:00,0.0,0.0,0.0,0.0,0.0,0.0,0.0,0.0,1647.9720831863792,0.0,0.0,0.0
2030-08-09 03:00:00,1297.0,1644.1,0.0,363.68928638044235,0.0,0.0,0.0,0.0,2014.1935932526999,0.0,0.0,0.0
2030-08-09 04:00:00,1297.0,1644.1,0.0,3199.99,0.0,0.0,0.0,0.0,2637.037981680472,0.0,0.0,0.0
2030-08-09 05:00:00,1297.0,1644.1,0.0,2324.3299136195596,0.0,0.0,0.0,0.0,2410.646165776834,0.0,0.0,458.8799791170872
2030-08-09 06:00:00,1297.0,1644.1,0.0,0.0,0.0,0.0,0.0,0.0,0.0,0.0,1733.3010000000027,102.32002088291279
2030-08-09 07:00:00,0.0,0.0,0.0,0.0,0.0,0.0,0.0,0.0,0.0,0.0,0.0,0.0
2030-08-09 08:00:00,0.0,0.0,0.0,0.0,0.0,0.0,0.0,0.0,0.0,0.0,0.0,0.0
2030-08-09 09:00:00,0.0,0.0,0.0,0.0,0.0,0.0,0.0,0.0,0.0,0.0,0.0,0.0
2030-08-09 10:00:00,0.0,0.0,0.0,0.0,0.0,0.0,0.0,0.0,0.0,0.0,0.0,0.0
2030-08-09 11:00:00,0.0,0.0,0.0,0.0,0.0,0.0,0.0,0.0,0.0,0.0,0.0,0.0
2030-08-09 12:00:00,0.0,0.0,0.0,0.0,0.0,0.0,0.0,0.0,0.0,0.0,0.0,0.0
2030-08-09 13:00:00,0.0,0.0,0.0,0.0,0.0,0.0,0.0,0.0,0.0,0.0,0.0,0.0
2030-08-09 14:00:00,0.0,0.0,0.0,0.0,0.0,0.0,0.0,0.0,0.0,0.0,0.0,0.0
2030-08-09 15:00:00,0.0,0.0,0.0,0.0,0.0,0.0,0.0,0.0,0.0,0.0,0.0,0.0
2030-08-09 16:00:00,0.0,0.0,0.0,0.0,0.0,0.0,0.0,0.0,0.0,0.0,0.0,0.0
2030-08-09 17:00:00,1297.0,1644.1,4171.693080624187,0.0,0.0,0.0,0.0,0.0,887.6057088962289,0.0,0.0,0.0
2030-08-09 18:00:00,1297.0,1644.1,7381.64,3199.99,0.0,0.0,0.0,0.0,2091.448073109405,0.0,0.0,0.0
2030-08-09 19:00:00,1297.0,1644.1,7381.64,2688.0192000000015,0.0,0.0,0.0,0.0,2224.128396741785,0.0,0.0,0.0
2030-08-09 20:00:00,1297.0,1644.1,7381.64,0.0,0.0,0.0,0.0,0.0,66.96230923170674,2070.0,0.0,0.0
2030-08-09 21:00:00,1297.0,1644.1,7381.64,0.0,0.0,0.0,0.0,0.0,1855.9522436013099,0.0,0.0,0.0
2030-08-09 22:00:00,1297.0,1644.1,7381.64,0.0,0.0,0.0,0.0,0.0,1926.9888745024782,0.0,0.0,0.0
2030-08-09 23:00:00,1297.0,1644.1,7381.64,0.0,0.0,0.0,0.0,0.0,1841.9327206528442,0.0,0.0,0.0
2030-08-10 00:00:00,1297.0,1644.1,7381.64,0.0,0.0,0.0,0.0,0.0,1780.348522871761,0.0,0.0,0.0
2030-08-10 01:00:00,1297.0,1644.1,7381.64,0.0,0.0,0.0,0.0,0.0,1765.0138072098712,0.0,0.0,0.0
2030-08-10 02:00:00,1297.0,1644.1,7381.64,0.0,0.0,0.0,0.0,0.0,1594.5701449161074,0.0,0.0,0.0
2030-08-10 03:00:00,1297.0,1644.1,7381.64,0.0,0.0,0.0,0.0,0.0,0.0,1964.4484053704437,0.0,0.0
2030-08-10 04:00:00,1297.0,1644.1,7381.64,0.0,0.0,0.0,0.0,0.0,2596.645201771266,0.0,0.0,0.0
2030-08-10 05:00:00,1297.0,1644.1,7381.64,0.0,0.0,0.0,0.0,0.0,2647.0019633855736,0.0,0.0,166.9533529650225
2030-08-10 06:00:00,1297.0,1644.1,7381.64,0.0,0.0,0.0,0.0,0.0,506.2223308227958,1390.3326606944859,0.0,0.0
2030-08-10 07:00:00,1297.0,1644.1,0.0,0.0,0.0,0.0,0.0,0.0,0.0,0.0,0.0,394.2466470349775
2030-08-10 08:00:00,0.0,0.0,0.0,0.0,0.0,0.0,0.0,0.0,0.0,0.0,0.0,0.0
2030-08-10 09:00:00,0.0,0.0,0.0,0.0,0.0,0.0,0.0,0.0,0.0,0.0,0.0,0.0
2030-08-10 10:00:00,0.0,0.0,0.0,0.0,0.0,0.0,0.0,0.0,0.0,0.0,0.0,0.0
2030-08-10 11:00:00,0.0,0.0,0.0,0.0,0.0,0.0,0.0,0.0,0.0,0.0,0.0,0.0
2030-08-10 12:00:00,0.0,0.0,0.0,0.0,0.0,0.0,0.0,0.0,0.0,0.0,0.0,0.0
2030-08-10 13:00:00,0.0,0.0,0.0,0.0,0.0,0.0,0.0,0.0,0.0,0.0,0.0,0.0
2030-08-10 14:00:00,0.0,0.0,0.0,0.0,0.0,0.0,0.0,0.0,0.0,0.0,0.0,0.0
2030-08-10 15:00:00,0.0,0.0,0.0,0.0,0.0,0.0,0.0,0.0,0.0,0.0,0.0,0.0
2030-08-10 16:00:00,1297.0,1644.1,0.0,0.0,0.0,0.0,0.0,0.0,0.0,0.0,0.0,0.0
2030-08-10 17:00:00,1297.0,1644.1,7381.64,1626.116668892304,0.0,0.0,0.0,0.0,0.0,972.4479255547162,0.0,0.0
2030-08-10 18:00:00,1297.0,1644.1,7381.64,3199.99,0.0,0.0,0.0,0.0,117.5475984439604,2070.0,0.0,0.0
2030-08-10 19:00:00,1297.0,1644.1,7381.64,0.0,0.0,0.0,0.0,0.0,165.67512095676534,2070.0,0.0,0.0
2030-08-10 20:00:00,1297.0,1644.1,7381.64,1061.902531107698,0.0,0.0,0.0,0.0,2154.3699059706937,0.0,0.0,0.0
2030-08-10 21:00:00,1297.0,1644.1,6822.593808845762,0.0,0.0,0.0,0.0,0.0,0.0,1854.1688790685303,0.0,0.0
2030-08-10 22:00:00,1297.0,1644.1,1313.5705711858864,0.0,0.0,0.0,0.0,0.0,1918.0844728890415,0.0,0.0,0.0
2030-08-10 23:00:00,1297.0,1644.1,3057.7785554078764,0.0,0.0,0.0,0.0,0.0,0.0,1828.5163939602853,0.0,0.0
2030-08-11 00:00:00,1297.0,1644.1,3974.632829500228,0.0,0.0,0.0,0.0,0.0,1466.5223885824525,0.0,0.0,0.0
2030-08-11 01:00:00,1297.0,1644.1,3760.8347542651045,0.0,0.0,0.0,0.0,0.0,0.0,0.0,880.8079952847984,561.2
2030-08-11 02:00:00,1297.0,1644.1,5416.862006155934,0.0,0.0,0.0,0.0,0.0,0.0,1258.3723007072467,0.0,0.0
2030-08-11 03:00:00,1297.0,1644.1,7381.64,0.0,0.0,0.0,0.0,0.0,851.6669766077475,0.0,387.4678659546589,0.0
2030-08-11 04:00:00,1297.0,1644.1,7381.64,2246.4244659336327,0.0,0.0,0.0,0.0,0.0,1354.6428465816753,0.0,0.0
2030-08-11 05:00:00,1297.0,1644.1,5758.35522872462,0.0,0.0,0.0,0.0,0.0,0.0,1358.3930565807373,0.0,0.0
2030-08-11 06:00:00,1297.0,1644.1,0.0,0.0,0.0,0.0,0.0,0.0,0.0,0.0,465.0251387605481,0.0
2030-08-11 07:00:00,0.0,0.0,0.0,0.0,0.0,0.0,0.0,0.0,0.0,0.0,0.0,0.0
2030-08-11 08:00:00,0.0,0.0,0.0,0.0,0.0,0.0,0.0,0.0,0.0,0.0,0.0,0.0
2030-08-11 09:00:00,0.0,0.0,0.0,0.0,0.0,0.0,0.0,0.0,0.0,0.0,0.0,0.0
2030-08-11 10:00:00,0.0,0.0,0.0,0.0,0.0,0.0,0.0,0.0,0.0,0.0,0.0,0.0
2030-08-11 11:00:00,0.0,0.0,0.0,0.0,0.0,0.0,0.0,0.0,0.0,0.0,0.0,0.0
2030-08-11 12:00:00,0.0,0.0,0.0,0.0,0.0,0.0,0.0,0.0,0.0,0.0,0.0,0.0
2030-08-11 13:00:00,0.0,0.0,0.0,0.0,0.0,0.0,0.0,0.0,0.0,0.0,0.0,0.0
2030-08-11 14:00:00,0.0,0.0,0.0,0.0,0.0,0.0,0.0,0.0,0.0,0.0,0.0,0.0
2030-08-11 15:00:00,0.0,0.0,0.0,0.0,0.0,0.0,0.0,0.0,0.0,0.0,0.0,0.0
2030-08-11 16:00:00,0.0,0.0,0.0,0.0,0.0,0.0,0.0,0.0,0.0,0.0,0.0,0.0
2030-08-11 17:00:00,1297.0,1644.1,0.0,0.0,0.0,0.0,0.0,0.0,0.0,358.8808867315306,0.0,0.0
2030-08-11 18:00:00,1297.0,1644.1,5840.43153102127,3199.99,0.0,0.0,0.0,0.0,1046.3072669896894,680.4028079337252,0.0,0.0
2030-08-11 19:00:00,1297.0,1644.1,7381.64,2055.1076453571513,0.0,0.0,0.0,0.0,1713.4761072984456,0.0,0.0,0.0
2030-08-11 20:00:00,1297.0,1644.1,5353.0444391014325,632.9115546428503,0.0,0.0,0.0,0.0,0.0,1609.0941426431236,0.0,0.0
2030-08-11 21:00:00,1297.0,1644.1,4045.32029223035,0.0,0.0,0.0,0.0,0.0,0.0,1461.321371657525,0.0,0.0
2030-08-11 22:00:00,1297.0,1644.1,1489.6892564885165,0.0,0.0,0.0,0.0,0.0,1593.8806739421261,0.0,0.0,0.0
2030-08-11 23:00:00,1297.0,1644.1,1517.1900295390806,0.0,0.0,0.0,0.0,0.0,0.0,940.2117793269176,0.0,561.2
2030-08-12 00:00:00,1297.0,1644.1,1849.8208823126042,0.0,0.0,0.0,0.0,0.0,0.0,1747.3458451046204,0.0,0.0
2030-08-12 01:00:00,1297.0,1644.1,2769.0744029537564,0.0,0.0,0.0,0.0,0.0,0.0,1736.7167234552235,0.0,0.0
2030-08-12 02:00:00,1297.0,1644.1,3883.0958814572587,0.0,0.0,0.0,0.0,0.0,0.0,1589.6327455323662,0.0,0.0
2030-08-12 03:00:00,1297.0,1644.1,4504.366141580918,0.0,0.0,0.0,0.0,0.0,0.0,1742.4510989980022,0.0,0.0
2030-08-12 04:00:00,1297.0,1644.1,6438.665817051555,0.0,0.0,0.0,0.0,0.0,0.0,1955.0554839938422,0.0,0.0
2030-08-12 05:00:00,1297.0,1644.1,3505.4955338060936,0.0,0.0,0.0,0.0,0.0,0.0,1739.3677495283437,0.0,0.0
2030-08-12 06:00:00,1297.0,1644.1,0.0,0.0,0.0,0.0,0.0,0.0,0.0,441.900990798154,0.0,0.0
2030-08-12 07:00:00,0.0,0.0,0.0,0.0,0.0,0.0,0.0,0.0,0.0,0.0,0.0,0.0
2030-08-12 08:00:00,0.0,0.0,0.0,0.0,0.0,0.0,0.0,0.0,0.0,0.0,0.0,0.0
2030-08-12 09:00:00,0.0,0.0,0.0,0.0,0.0,0.0,0.0,0.0,0.0,0.0,0.0,0.0
2030-08-12 10:00:00,0.0,0.0,0.0,0.0,0.0,0.0,0.0,0.0,0.0,0.0,0.0,0.0
2030-08-12 11:00:00,0.0,0.0,0.0,0.0,0.0,0.0,0.0,0.0,0.0,0.0,0.0,0.0
2030-08-12 12:00:00,0.0,0.0,0.0,0.0,0.0,0.0,0.0,0.0,0.0,0.0,0.0,0.0
2030-08-12 13:00:00,0.0,0.0,0.0,0.0,0.0,0.0,0.0,0.0,0.0,0.0,0.0,0.0
2030-08-12 14:00:00,0.0,0.0,0.0,0.0,0.0,0.0,0.0,0.0,0.0,0.0,0.0,0.0
2030-08-12 15:00:00,0.0,0.0,0.0,0.0,0.0,0.0,0.0,0.0,0.0,0.0,0.0,0.0
2030-08-12 16:00:00,1297.0,1225.6786779911345,0.0,0.0,0.0,0.0,0.0,0.0,0.0,0.0,0.0,0.0
2030-08-12 17:00:00,1297.0,1644.1,6074.0903549505965,0.0,0.0,0.0,0.0,0.0,0.0,455.39669949271274,0.0,0.0
2030-08-12 18:00:00,1297.0,1644.1,7381.64,3199.99,0.0,0.0,0.0,0.0,0.0,1974.602068959226,0.0,0.0
2030-08-12 19:00:00,1297.0,1644.1,7381.64,2688.0192000000015,0.0,0.0,0.0,0.0,0.0,1910.0790262500745,0.0,0.0
2030-08-12 20:00:00,1297.0,1644.1,4103.570009555078,0.0,0.0,0.0,0.0,0.0,0.0,1806.582613800308,0.0,0.0
2030-08-12 21:00:00,1297.0,1644.1,0.0,0.0,0.0,0.0,0.0,0.0,0.0,1635.137252038765,0.0,0.0
2030-08-12 22:00:00,1297.0,1644.1,0.0,0.0,0.0,0.0,0.0,0.0,0.0,1753.6976910081053,0.0,0.0
2030-08-12 23:00:00,1297.0,1644.1,0.0,0.0,0.0,0.0,0.0,0.0,0.0,1655.3747534120307,0.0,0.0
2030-08-13 00:00:00,1297.0,1644.1,0.0,0.0,0.0,0.0,0.0,0.0,0.0,1908.9398115340168,0.0,0.0
2030-08-13 01:00:00,1297.0,1644.1,0.0,0.0,0.0,0.0,0.0,0.0,0.0,1916.5702703135266,0.0,0.0
2030-08-13 02:00:00,1297.0,1644.1,0.0,0.0,0.0,0.0,0.0,0.0,0.0,1774.6473286933806,0.0,0.0
2030-08-13 03:00:00,1297.0,1644.1,2558.361296162784,0.0,0.0,0.0,0.0,0.0,0.0,2070.0,0.0,121.36641873608778
2030-08-13 04:00:00,1297.0,1644.1,7381.64,2850.146793495748,0.0,0.0,0.0,0.0,803.9091842237808,2070.0,0.0,0.0
2030-08-13 05:00:00,1297.0,1644.1,7381.64,3037.862406504253,0.0,0.0,0.0,0.0,0.0,2070.0,1061.8455417601158,0.0
2030-08-13 06:00:00,1297.0,1644.1,0.0,0.0,0.0,0.0,0.0,0.0,0.0,2070.0,0.0,116.561514833817
2030-08-13 07:00:00,0.0,0.0,0.0,0.0,0.0,0.0,0.0,0.0,0.0,205.41893369268905,0.0,323.27206643009526
2030-08-13 08:00:00,0.0,0.0,0.0,0.0,0.0,0.0,0.0,0.0,0.0,0.0,0.0,0.0
2030-08-13 09:00:00,0.0,0.0,0.0,0.0,0.0,0.0,0.0,0.0,0.0,0.0,0.0,0.0
2030-08-13 10:00:00,0.0,0.0,0.0,0.0,0.0,0.0,0.0,0.0,0.0,0.0,0.0,0.0
2030-08-13 11:00:00,0.0,0.0,0.0,0.0,0.0,0.0,0.0,0.0,0.0,0.0,0.0,0.0
2030-08-13 12:00:00,0.0,0.0,0.0,0.0,0.0,0.0,0.0,0.0,0.0,0.0,0.0,0.0
2030-08-13 13:00:00,0.0,0.0,0.0,0.0,0.0,0.0,0.0,0.0,0.0,0.0,0.0,0.0
2030-08-13 14:00:00,0.0,0.0,0.0,0.0,0.0,0.0,0.0,0.0,0.0,0.0,0.0,0.0
2030-08-13 15:00:00,0.0,0.0,0.0,0.0,0.0,0.0,0.0,0.0,0.0,0.0,0.0,0.0
2030-08-13 16:00:00,0.0,0.0,0.0,0.0,0.0,0.0,0.0,0.0,0.0,0.0,0.0,0.0
2030-08-13 17:00:00,1297.0,1644.1,3606.903930404809,2688.0192000000015,0.0,0.0,0.0,0.0,0.0,1273.9561856523592,0.0,0.0
2030-08-13 18:00:00,1297.0,1644.1,7381.64,3199.99,0.0,0.0,0.0,0.0,213.31449946712428,2070.0,0.0,0.0
2030-08-13 19:00:00,1297.0,1644.1,6397.997243501704,0.0,0.0,0.0,0.0,0.0,284.6320605041178,2070.0,0.0,0.0
2030-08-13 20:00:00,1297.0,1644.1,0.0,0.0,0.0,0.0,0.0,0.0,187.60762422806488,2070.0,0.0,0.0
2030-08-13 21:00:00,0.0,0.0,0.0,0.0,0.0,0.0,0.0,0.0,0.0,1961.2710913426508,0.0,0.0
2030-08-13 22:00:00,0.0,0.0,0.0,0.0,0.0,0.0,0.0,0.0,0.0,2038.6222249156117,0.0,0.0
2030-08-13 23:00:00,0.0,0.0,0.0,0.0,0.0,0.0,0.0,0.0,0.0,1942.359902877285,0.0,0.0
2030-08-14 00:00:00,0.0,0.0,0.0,0.0,0.0,0.0,0.0,0.0,0.0,1756.622668184606,0.0,0.0
2030-08-14 01:00:00,0.0,0.0,0.0,0.0,0.0,0.0,0.0,0.0,0.0,1738.2976315365077,0.0,0.0
2030-08-14 02:00:00,1297.0,976.15686152739,0.0,0.0,0.0,0.0,0.0,0.0,0.0,1570.4347977465845,0.0,0.0
2030-08-14 03:00:00,1297.0,1644.1,0.0,0.0,0.0,0.0,0.0,0.0,0.0,1940.7622153843013,0.0,0.0
2030-08-14 04:00:00,1297.0,1644.1,1477.7958636211079,2688.0192000000015,0.0,0.0,0.0,0.0,520.0271390563773,2070.0,0.0,0.0
2030-08-14 05:00:00,1297.0,1644.1,3059.261258390721,3199.99,0.0,0.0,0.0,0.0,0.0,2070.0,172.6345583489208,561.2
2030-08-14 06:00:00,1297.0,1644.1,0.0,0.0,0.0,0.0,0.0,0.0,65.52780462367627,2070.0,0.0,0.0
2030-08-14 07:00:00,0.0,0.0,0.0,0.0,0.0,0.0,0.0,0.0,0.0,1022.7283125222561,0.0,0.0
2030-08-14 08:00:00,0.0,0.0,0.0,0.0,0.0,0.0,0.0,0.0,0.0,0.0,0.0,0.0
2030-08-14 09:00:00,0.0,0.0,0.0,0.0,0.0,0.0,0.0,0.0,0.0,0.0,0.0,0.0
2030-08-14 10:00:00,0.0,0.0,0.0,0.0,0.0,0.0,0.0,0.0,0.0,0.0,0.0,0.0
2030-08-14 11:00:00,0.0,0.0,0.0,0.0,0.0,0.0,0.0,0.0,0.0,0.0,0.0,0.0
2030-08-14 12:00:00,0.0,0.0,0.0,0.0,0.0,0.0,0.0,0.0,0.0,0.0,0.0,0.0
2030-08-14 13:00:00,0.0,0.0,0.0,0.0,0.0,0.0,0.0,0.0,0.0,0.0,0.0,0.0
2030-08-14 14:00:00,0.0,0.0,0.0,0.0,0.0,0.0,0.0,0.0,0.0,0.0,0.0,0.0
2030-08-14 15:00:00,0.0,0.0,0.0,0.0,0.0,0.0,0.0,0.0,0.0,0.0,0.0,0.0
2030-08-14 16:00:00,1297.0,1644.1,0.0,0.0,0.0,0.0,0.0,0.0,0.0,199.67852558811364,0.0,0.0
2030-08-14 17:00:00,1297.0,1644.1,2892.182057548598,3199.99,0.0,0.0,0.0,0.0,0.0,1396.938808470628,0.0,0.0
2030-08-14 18:00:00,1297.0,1644.1,6582.0403808077535,2688.0192000000015,0.0,0.0,0.0,0.0,53.40978550106115,2070.0,0.0,0.0
2030-08-14 19:00:00,1297.0,1644.1,0.0,0.0,0.0,0.0,0.0,0.0,198.065656576033,2070.0,0.0,0.0
2030-08-14 20:00:00,1121.3716166339436,0.0,0.0,0.0,0.0,0.0,0.0,0.0,114.20955493538031,2070.0,0.0,0.0
2030-08-14 21:00:00,0.0,0.0,0.0,0.0,0.0,0.0,0.0,0.0,436.8791696267482,2070.0,0.0,0.0
2030-08-14 22:00:00,0.0,0.0,0.0,0.0,0.0,0.0,0.0,0.0,0.0,2015.1715191185858,0.0,0.0
2030-08-14 23:00:00,0.0,0.0,0.0,0.0,0.0,0.0,0.0,0.0,0.0,1841.5614249311107,0.0,0.0
2030-08-15 00:00:00,0.0,0.0,0.0,0.0,0.0,0.0,0.0,0.0,1105.8793865490743,2070.0,0.0,0.0
2030-08-15 01:00:00,1297.0,569.4768158685692,0.0,0.0,0.0,0.0,0.0,0.0,1171.223269202506,2070.0,0.0,0.0
2030-08-15 02:00:00,1297.0,1644.1,0.0,0.0,0.0,0.0,0.0,0.0,1787.0899879655174,1385.1455402466331,0.0,0.0
2030-08-15 03:00:00,1297.0,1644.1,0.0,293.5080728528228,0.0,0.0,0.0,0.0,941.3625492579736,2070.0,0.0,0.0
2030-08-15 04:00:00,1297.0,1644.1,7066.89523148484,2394.5111271471787,0.0,0.0,0.0,0.0,439.19226795643635,2070.0,0.0,0.0
2030-08-15 05:00:00,1297.0,1644.1,7381.64,3199.99,0.0,0.0,0.0,0.0,0.0,1903.2277637303246,0.0,0.0
2030-08-15 06:00:00,1297.0,1644.1,588.6860859553271,0.0,0.0,0.0,0.0,0.0,0.0,843.3358298112137,0.0,561.2
2030-08-15 07:00:00,0.0,0.0,0.0,0.0,0.0,0.0,0.0,0.0,0.0,84.36662637358654,0.0,0.0
2030-08-15 08:00:00,0.0,0.0,0.0,0.0,0.0,0.0,0.0,0.0,0.0,0.0,0.0,0.0
2030-08-15 09:00:00,0.0,0.0,0.0,0.0,0.0,0.0,0.0,0.0,0.0,0.0,0.0,0.0
2030-08-15 10:00:00,0.0,0.0,0.0,0.0,0.0,0.0,0.0,0.0,0.0,0.0,0.0,0.0
2030-08-15 11:00:00,0.0,0.0,0.0,0.0,0.0,0.0,0.0,0.0,0.0,0.0,0.0,0.0
2030-08-15 12:00:00,0.0,0.0,0.0,0.0,0.0,0.0,0.0,0.0,0.0,0.0,0.0,0.0
2030-08-15 13:00:00,0.0,0.0,0.0,0.0,0.0,0.0,0.0,0.0,0.0,0.0,0.0,0.0
2030-08-15 14:00:00,0.0,0.0,0.0,0.0,0.0,0.0,0.0,0.0,0.0,0.0,0.0,0.0
2030-08-15 15:00:00,0.0,0.0,0.0,0.0,0.0,0.0,0.0,0.0,0.0,0.0,0.0,0.0
2030-08-15 16:00:00,1297.0,1644.1,1089.4406321955412,0.0,0.0,0.0,0.0,0.0,0.0,64.34075789800818,0.0,0.0
2030-08-15 17:00:00,1297.0,1644.1,7381.64,2688.0192000000015,0.0,0.0,0.0,0.0,0.0,1179.9328504726855,0.0,0.0
2030-08-15 18:00:00,1297.0,1644.1,7381.64,0.0,0.0,0.0,0.0,0.0,31.27682065334261,2070.0,0.0,0.0
2030-08-15 19:00:00,1297.0,1644.1,7381.64,3199.99,0.0,0.0,0.0,0.0,0.0,2044.9293884632057,0.0,0.0
2030-08-15 20:00:00,1297.0,1644.1,7381.64,0.0,0.0,0.0,0.0,0.0,178.7969600090521,2070.0,0.0,0.0
2030-08-15 21:00:00,1297.0,1644.1,2201.033053533931,0.0,0.0,0.0,0.0,0.0,336.4171346544674,2070.0,0.0,0.0
2030-08-15 22:00:00,1297.0,1644.1,0.0,0.0,0.0,0.0,0.0,0.0,820.5297960464432,2070.0,0.0,0.0
2030-08-15 23:00:00,1297.0,1644.1,0.0,0.0,0.0,0.0,0.0,0.0,968.6687315499371,2070.0,0.0,0.0
2030-08-16 00:00:00,1297.0,1644.1,0.0,0.0,0.0,0.0,0.0,0.0,0.0,1882.7368976163084,0.0,0.0
2030-08-16 01:00:00,1297.0,1644.1,0.0,0.0,0.0,0.0,0.0,0.0,0.0,1876.2252139629645,0.0,0.0
2030-08-16 02:00:00,1297.0,1644.1,0.0,0.0,0.0,0.0,0.0,0.0,0.0,1713.616035059605,0.0,0.0
2030-08-16 03:00:00,1297.0,1644.1,1730.7749904490483,0.0,0.0,0.0,0.0,0.0,67.81557145969578,2070.0,0.0,0.0
2030-08-16 04:00:00,1297.0,1644.1,7381.64,1912.0239351307391,0.0,0.0,0.0,0.0,2846.1383317852824,0.0,0.0,0.0
2030-08-16 05:00:00,1297.0,1644.1,7381.64,3199.99,0.0,0.0,0.0,0.0,3161.7234256447146,0.0,0.0,0.0
2030-08-16 06:00:00,1297.0,1644.1,0.0,0.0,0.0,0.0,0.0,0.0,1710.2260056354662,0.0,0.0,561.2
2030-08-16 07:00:00,0.0,0.0,0.0,0.0,0.0,0.0,0.0,0.0,0.0,683.856898769639,0.0,0.0
2030-08-16 08:00:00,0.0,0.0,0.0,0.0,0.0,0.0,0.0,0.0,0.0,0.0,0.0,0.0
2030-08-16 09:00:00,0.0,0.0,0.0,0.0,0.0,0.0,0.0,0.0,0.0,0.0,0.0,0.0
2030-08-16 10:00:00,0.0,0.0,0.0,0.0,0.0,0.0,0.0,0.0,0.0,0.0,0.0,0.0
2030-08-16 11:00:00,0.0,0.0,0.0,0.0,0.0,0.0,0.0,0.0,0.0,0.0,0.0,0.0
2030-08-16 12:00:00,0.0,0.0,0.0,0.0,0.0,0.0,0.0,0.0,0.0,0.0,0.0,0.0
2030-08-16 13:00:00,0.0,0.0,0.0,0.0,0.0,0.0,0.0,0.0,0.0,0.0,0.0,0.0
2030-08-16 14:00:00,0.0,0.0,0.0,0.0,0.0,0.0,0.0,0.0,0.0,0.0,0.0,0.0
2030-08-16 15:00:00,0.0,0.0,0.0,0.0,0.0,0.0,0.0,0.0,0.0,0.0,0.0,0.0
2030-08-16 16:00:00,0.0,0.0,0.0,0.0,0.0,0.0,0.0,0.0,0.0,50.81790035001109,0.0,0.0
2030-08-16 17:00:00,1297.0,1644.1,2247.684902683418,2658.572614510572,0.0,0.0,0.0,0.0,1340.8071462937905,0.0,0.0,0.0
2030-08-16 18:00:00,1297.0,1644.1,7361.1475329093155,3199.99,0.0,0.0,0.0,0.0,297.59190020559504,2070.0,0.0,0.0
2030-08-16 19:00:00,1297.0,1644.1,0.0,29.446585489429708,0.0,0.0,0.0,0.0,301.3388867746023,2070.0,0.0,0.0
2030-08-16 20:00:00,1297.0,1644.1,0.0,0.0,0.0,0.0,0.0,0.0,193.10639857258593,2070.0,0.0,0.0
2030-08-16 21:00:00,0.0,0.0,0.0,0.0,0.0,0.0,0.0,0.0,0.0,1909.2296128237676,0.0,0.0
2030-08-16 22:00:00,0.0,0.0,0.0,743.7864942742381,0.0,0.0,0.0,0.0,0.0,1972.8905049078776,0.0,0.0
2030-08-16 23:00:00,0.0,0.0,0.0,0.0,0.0,0.0,0.0,0.0,0.0,1876.911670410791,0.0,0.0
2030-08-17 00:00:00,0.0,0.0,0.0,0.0,0.0,0.0,0.0,0.0,0.0,1708.6042950127462,0.0,0.0
2030-08-17 01:00:00,0.0,0.0,0.0,0.0,0.0,0.0,0.0,0.0,1685.5657501755068,0.0,0.0,0.0
2030-08-17 02:00:00,1297.0,1644.1,0.0,0.0,0.0,0.0,0.0,0.0,1485.569442819955,0.0,0.0,0.0
2030-08-17 03:00:00,1297.0,1644.1,0.0,0.0,0.0,0.0,0.0,0.0,0.0,1813.5222838315672,0.0,0.0
2030-08-17 04:00:00,1297.0,1644.1,4842.779360658253,0.0,0.0,0.0,0.0,0.0,2498.985305849405,0.0,0.0,0.0
2030-08-17 05:00:00,1297.0,1644.1,7381.64,2576.322216468987,0.0,0.0,0.0,0.0,2796.149583222953,0.0,0.0,0.0
2030-08-17 06:00:00,1297.0,1644.1,7381.64,793.5504731404333,0.0,0.0,0.0,0.0,2502.2239647986053,0.0,0.0,0.0
2030-08-17 07:00:00,1297.0,1644.1,7381.64,2518.136510390581,0.0,0.0,0.0,0.0,1573.7793996603837,0.0,0.0,0.0
2030-08-17 08:00:00,1297.0,1644.1,4508.477167876543,0.0,0.0,0.0,0.0,0.0,567.2952083911077,0.0,0.0,0.0
2030-08-17 09:00:00,1297.0,1644.1,0.0,0.0,0.0,0.0,0.0,0.0,0.0,0.0,0.0,0.0
2030-08-17 10:00:00,1297.0,1644.1,0.0,0.0,0.0,0.0,0.0,0.0,0.0,0.0,0.0,0.0
2030-08-17 11:00:00,1297.0,1644.1,0.0,0.0,0.0,0.0,0.0,0.0,0.0,0.0,0.0,0.0
2030-08-17 12:00:00,1297.0,1644.1,0.0,0.0,0.0,0.0,0.0,0.0,0.0,0.0,0.0,0.0
2030-08-17 13:00:00,1297.0,1644.1,0.0,0.0,0.0,0.0,0.0,0.0,0.0,0.0,0.0,0.0
2030-08-17 14:00:00,1297.0,1644.1,0.0,0.0,0.0,0.0,0.0,0.0,0.0,0.0,0.0,0.0
2030-08-17 15:00:00,1297.0,1644.1,2401.301845463924,0.0,0.0,0.0,0.0,0.0,0.0,0.0,0.0,0.0
2030-08-17 16:00:00,1297.0,1644.1,7381.64,0.0,0.0,0.0,0.0,0.0,0.0,108.07972543275037,0.0,0.0
2030-08-17 17:00:00,1297.0,1644.1,7381.64,0.0,0.0,0.0,0.0,0.0,1226.2300584646355,0.0,0.0,0.0
2030-08-17 18:00:00,1297.0,1644.1,7381.64,3103.885424833141,0.0,0.0,0.0,0.0,3930.1071482027437,2070.0,0.0,0.0
2030-08-17 19:00:00,1297.0,1644.1,7381.64,2784.1237751668605,0.0,0.0,0.0,0.0,3626.9925746900917,0.0,0.0,0.0
2030-08-17 20:00:00,1297.0,1644.1,7381.64,0.0,0.0,0.0,0.0,0.0,143.44190820236508,2070.0,0.0,0.0
2030-08-17 21:00:00,1297.0,1644.1,7381.64,0.0,0.0,0.0,0.0,0.0,1777.1356546083298,2070.0,0.0,0.0
2030-08-17 22:00:00,1297.0,1644.1,7381.64,0.0,0.0,0.0,0.0,0.0,0.0,1976.5348267346708,0.0,0.0
2030-08-17 23:00:00,1297.0,1644.1,7381.64,0.0,0.0,0.0,0.0,0.0,0.0,1873.0568638998247,0.0,0.0
2030-08-18 00:00:00,1297.0,1644.1,7381.64,0.0,0.0,0.0,0.0,0.0,1643.1372115040258,0.0,0.0,0.0
2030-08-18 01:00:00,1297.0,1644.1,7381.64,0.0,0.0,0.0,0.0,0.0,1572.9946206994805,0.0,0.0,0.0
2030-08-18 02:00:00,1297.0,1644.1,7381.64,0.0,0.0,0.0,0.0,0.0,812.4207050911373,532.6847760371556,0.0,0.0
2030-08-18 03:00:00,1297.0,1644.1,7381.64,0.0,0.0,0.0,0.0,0.0,711.221491981878,0.0,0.0,561.2
2030-08-18 04:00:00,1297.0,1644.1,7381.64,0.0,0.0,0.0,0.0,0.0,1367.7412162691871,0.0,0.0,0.0
2030-08-18 05:00:00,1297.0,1644.1,7381.64,0.0,0.0,0.0,0.0,0.0,0.0,1482.7642751679782,0.0,0.0
2030-08-18 06:00:00,1297.0,1644.1,7381.64,0.0,0.0,0.0,0.0,0.0,470.5756723144566,335.9081752008556,0.0,0.0
2030-08-18 07:00:00,1297.0,1644.1,0.0,0.0,0.0,0.0,0.0,0.0,0.0,0.0,0.0,0.0
2030-08-18 08:00:00,0.0,0.0,0.0,0.0,0.0,0.0,0.0,0.0,0.0,0.0,0.0,0.0
2030-08-18 09:00:00,0.0,0.0,0.0,0.0,0.0,0.0,0.0,0.0,0.0,0.0,0.0,0.0
2030-08-18 10:00:00,0.0,0.0,0.0,0.0,0.0,0.0,0.0,0.0,0.0,0.0,0.0,0.0
2030-08-18 11:00:00,0.0,0.0,0.0,0.0,0.0,0.0,0.0,0.0,0.0,0.0,0.0,0.0
2030-08-18 12:00:00,0.0,0.0,0.0,0.0,0.0,0.0,0.0,0.0,0.0,0.0,0.0,0.0
2030-08-18 13:00:00,0.0,0.0,0.0,0.0,0.0,0.0,0.0,0.0,0.0,0.0,0.0,0.0
2030-08-18 14:00:00,0.0,0.0,0.0,0.0,0.0,0.0,0.0,0.0,0.0,0.0,0.0,0.0
2030-08-18 15:00:00,0.0,0.0,0.0,0.0,0.0,0.0,0.0,0.0,0.0,0.0,0.0,0.0
2030-08-18 16:00:00,1297.0,1644.1,0.0,0.0,0.0,0.0,0.0,0.0,0.0,0.0,0.0,0.0
2030-08-18 17:00:00,1297.0,1644.1,7381.64,3199.99,0.0,0.0,0.0,0.0,609.3305660689145,0.0,0.0,0.0
2030-08-18 18:00:00,1297.0,1644.1,7381.64,2688.0192000000015,0.0,0.0,0.0,0.0,1775.178469447335,0.0,0.0,0.0
2030-08-18 19:00:00,1297.0,1644.1,7381.64,0.0,0.0,0.0,0.0,0.0,1755.9103479286641,0.0,0.0,0.0
2030-08-18 20:00:00,1297.0,1644.1,7381.64,0.0,0.0,0.0,0.0,0.0,1717.6582128720734,0.0,0.0,0.0
2030-08-18 21:00:00,1297.0,1644.1,7062.335516907577,0.0,0.0,0.0,0.0,0.0,0.0,1591.2502808862296,0.0,0.0
2030-08-18 22:00:00,1297.0,1644.1,0.0,0.0,0.0,0.0,0.0,0.0,1768.3213903881651,0.0,0.0,0.0
2030-08-18 23:00:00,1297.0,1644.1,0.0,0.0,0.0,0.0,0.0,0.0,0.0,1695.0042858459065,0.0,0.0
2030-08-19 00:00:00,1297.0,1644.1,0.0,0.0,0.0,0.0,0.0,0.0,1410.8426853466299,0.0,0.0,0.0
2030-08-19 01:00:00,1297.0,1644.1,0.0,0.0,0.0,0.0,0.0,0.0,1339.3484063860988,0.0,0.0,0.0
2030-08-19 02:00:00,1297.0,1644.1,0.0,0.0,0.0,0.0,0.0,0.0,1110.1770940429496,0.0,0.0,0.0
2030-08-19 03:00:00,1297.0,1644.1,0.0,0.0,0.0,0.0,0.0,0.0,1092.0610009589213,0.0,0.0,0.0
2030-08-19 04:00:00,1297.0,1644.1,0.0,0.0,0.0,0.0,0.0,0.0,631.3748562078833,0.0,0.0,561.2
2030-08-19 05:00:00,1297.0,1644.1,0.0,0.0,0.0,0.0,0.0,0.0,0.0,1080.7159698036398,0.0,0.0
2030-08-19 06:00:00,0.0,0.0,0.0,0.0,0.0,0.0,0.0,0.0,0.0,97.07022619199029,0.0,0.0
2030-08-19 07:00:00,0.0,0.0,0.0,0.0,0.0,0.0,0.0,0.0,0.0,0.0,0.0,0.0
2030-08-19 08:00:00,0.0,0.0,0.0,0.0,0.0,0.0,0.0,0.0,0.0,0.0,0.0,0.0
2030-08-19 09:00:00,0.0,0.0,0.0,0.0,0.0,0.0,0.0,0.0,0.0,0.0,0.0,0.0
2030-08-19 10:00:00,0.0,0.0,0.0,0.0,0.0,0.0,0.0,0.0,0.0,0.0,0.0,0.0
2030-08-19 11:00:00,0.0,0.0,0.0,0.0,0.0,0.0,0.0,0.0,0.0,0.0,0.0,0.0
2030-08-19 12:00:00,0.0,0.0,0.0,0.0,0.0,0.0,0.0,0.0,0.0,0.0,0.0,0.0
2030-08-19 13:00:00,0.0,0.0,0.0,0.0,0.0,0.0,0.0,0.0,0.0,0.0,0.0,0.0
2030-08-19 14:00:00,0.0,0.0,0.0,0.0,0.0,0.0,0.0,0.0,0.0,0.0,0.0,0.0
2030-08-19 15:00:00,0.0,0.0,0.0,0.0,0.0,0.0,0.0,0.0,0.0,0.0,0.0,0.0
2030-08-19 16:00:00,0.0,0.0,0.0,0.0,0.0,0.0,0.0,0.0,0.0,0.0,0.0,0.0
2030-08-19 17:00:00,1297.0,1644.1,0.0,2071.94776430065,0.0,0.0,0.0,0.0,651.383999468994,0.0,0.0,0.0
2030-08-19 18:00:00,1297.0,1644.1,4395.774958630664,3199.99,0.0,0.0,0.0,0.0,0.0,1823.342970580623,0.0,0.0
2030-08-19 19:00:00,1297.0,1644.1,0.0,616.0714356993522,0.0,0.0,0.0,0.0,1785.9480846455072,0.0,0.0,0.0
2030-08-19 20:00:00,1297.0,1644.1,0.0,0.0,0.0,0.0,0.0,0.0,1735.1518690912112,0.0,0.0,0.0
2030-08-19 21:00:00,0.0,0.0,0.0,0.0,0.0,0.0,0.0,0.0,1575.3237805954532,0.0,0.0,0.0
2030-08-19 22:00:00,0.0,0.0,0.0,0.0,0.0,0.0,0.0,0.0,547.092883014026,0.0,0.0,0.0
2030-08-19 23:00:00,0.0,0.0,0.0,0.0,0.0,0.0,0.0,0.0,313.62925817438736,0.0,0.0,0.0
2030-08-20 00:00:00,0.0,0.0,0.0,0.0,0.0,0.0,0.0,0.0,0.0,1709.7279149514347,0.0,0.0
2030-08-20 01:00:00,151.64476400125568,0.0,0.0,0.0,0.0,0.0,0.0,0.0,1629.8475706888912,0.0,0.0,0.0
2030-08-20 02:00:00,1297.0,1644.1,0.0,0.0,0.0,0.0,0.0,0.0,0.0,1392.304749800152,0.0,0.0
2030-08-20 03:00:00,1297.0,1644.1,0.0,0.0,0.0,0.0,0.0,0.0,0.0,1588.3579432859738,0.0,0.0
2030-08-20 04:00:00,1297.0,1644.1,0.0,3155.1605183350657,0.0,0.0,0.0,0.0,2153.655912959871,0.0,0.0,0.0
2030-08-20 05:00:00,1297.0,1644.1,4198.449677688309,2732.8486816649356,0.0,0.0,0.0,0.0,0.0,1973.355931855463,0.0,561.2
2030-08-20 06:00:00,1297.0,1644.1,0.0,0.0,0.0,0.0,0.0,0.0,0.0,1922.804087493866,0.0,0.0
2030-08-20 07:00:00,0.0,0.0,0.0,0.0,0.0,0.0,0.0,0.0,0.0,362.66368930864974,0.0,0.0
2030-08-20 08:00:00,0.0,0.0,0.0,0.0,0.0,0.0,0.0,0.0,0.0,0.0,0.0,0.0
2030-08-20 09:00:00,0.0,0.0,0.0,0.0,0.0,0.0,0.0,0.0,0.0,0.0,0.0,0.0
2030-08-20 10:00:00,0.0,0.0,0.0,0.0,0.0,0.0,0.0,0.0,0.0,0.0,0.0,0.0
2030-08-20 11:00:00,0.0,0.0,0.0,0.0,0.0,0.0,0.0,0.0,0.0,0.0,0.0,0.0
2030-08-20 12:00:00,0.0,0.0,0.0,0.0,0.0,0.0,0.0,0.0,0.0,0.0,0.0,0.0
2030-08-20 13:00:00,0.0,0.0,0.0,0.0,0.0,0.0,0.0,0.0,0.0,0.0,0.0,0.0
2030-08-20 14:00:00,0.0,0.0,0.0,0.0,0.0,0.0,0.0,0.0,0.0,0.0,0.0,0.0
2030-08-20 15:00:00,0.0,0.0,0.0,0.0,0.0,0.0,0.0,0.0,0.0,0.0,0.0,0.0
2030-08-20 16:00:00,1297.0,1644.1,0.0,0.0,0.0,0.0,0.0,0.0,0.0,0.0,0.0,0.0
2030-08-20 17:00:00,1297.0,1644.1,7381.64,2688.0192000000015,0.0,0.0,0.0,0.0,1494.9778796216938,2070.0,0.0,0.0
2030-08-20 18:00:00,1297.0,1644.1,7381.64,3199.99,0.0,0.0,0.0,350.9148140155303,5135.029396341332,2070.0,0.0,0.0
2030-08-20 19:00:00,1297.0,1644.1,7381.64,0.0,0.0,0.0,0.0,0.0,2463.4765637580867,2070.0,0.0,0.0
2030-08-20 20:00:00,1297.0,1644.1,7381.64,0.0,0.0,0.0,0.0,0.0,4114.796553180651,0.0,0.0,0.0
2030-08-20 21:00:00,1297.0,1644.1,7381.64,0.0,0.0,0.0,0.0,0.0,3802.9914396853537,2070.0,0.0,0.0
2030-08-20 22:00:00,1297.0,1644.1,4809.2660201770595,0.0,0.0,0.0,0.0,0.0,4818.816250371392,0.0,0.0,0.0
2030-08-20 23:00:00,1297.0,1644.1,2155.380997685086,0.0,0.0,0.0,0.0,0.0,1953.9823344000151,0.0,0.0,0.0
2030-08-21 00:00:00,1297.0,1644.1,0.0,0.0,0.0,0.0,0.0,0.0,2384.2809212269667,0.0,0.0,0.0
2030-08-21 01:00:00,1297.0,1644.1,0.0,0.0,0.0,0.0,0.0,0.0,1577.489791071478,0.0,0.0,0.0
2030-08-21 02:00:00,1297.0,1644.1,0.0,0.0,0.0,0.0,0.0,0.0,1348.3738827537272,0.0,0.0,0.0
2030-08-21 03:00:00,1297.0,1644.1,4729.484310278618,0.0,0.0,0.0,0.0,0.0,1584.5058947549282,0.0,0.0,0.0
2030-08-21 04:00:00,1297.0,1644.1,7381.64,2688.0192000000015,0.0,0.0,0.0,0.0,2190.256549095446,0.0,0.0,0.0
2030-08-21 05:00:00,1297.0,1644.1,7381.64,3199.99,0.0,0.0,0.0,0.0,481.3107399517894,2070.0,0.0,0.0
2030-08-21 06:00:00,1297.0,1644.1,7381.64,0.0,0.0,0.0,0.0,0.0,0.0,1386.8275370887286,0.0,561.2
2030-08-21 07:00:00,1297.0,1644.1,0.0,0.0,0.0,0.0,0.0,0.0,0.0,226.32982671828063,0.0,0.0
2030-08-21 08:00:00,0.0,0.0,0.0,0.0,0.0,0.0,0.0,0.0,0.0,0.0,0.0,0.0
2030-08-21 09:00:00,0.0,0.0,0.0,0.0,0.0,0.0,0.0,0.0,0.0,0.0,0.0,0.0
2030-08-21 10:00:00,0.0,0.0,0.0,0.0,0.0,0.0,0.0,0.0,0.0,0.0,0.0,0.0
2030-08-21 11:00:00,0.0,0.0,0.0,0.0,0.0,0.0,0.0,0.0,0.0,0.0,0.0,0.0
2030-08-21 12:00:00,0.0,0.0,0.0,0.0,0.0,0.0,0.0,0.0,0.0,0.0,0.0,0.0
2030-08-21 13:00:00,0.0,0.0,0.0,0.0,0.0,0.0,0.0,0.0,0.0,0.0,0.0,0.0
2030-08-21 14:00:00,0.0,0.0,0.0,0.0,0.0,0.0,0.0,0.0,0.0,0.0,0.0,0.0
2030-08-21 15:00:00,0.0,0.0,0.0,0.0,0.0,0.0,0.0,0.0,0.0,0.0,0.0,0.0
2030-08-21 16:00:00,0.0,0.0,0.0,0.0,0.0,0.0,0.0,0.0,0.0,0.0,0.0,0.0
2030-08-21 17:00:00,1297.0,1644.1,0.0,0.0,3383.604715192152,0.0,0.0,0.0,4212.803297494427,2070.0,0.0,0.0
2030-08-21 18:00:00,1297.0,1644.1,0.0,0.0,5457.854257648221,0.0,0.0,394.80000000000047,7071.489317615889,0.0,0.0,0.0
2030-08-21 19:00:00,1297.0,1644.1,3500.0216168198785,0.0,2838.021057232494,0.0,0.0,0.0,4955.141307896793,2070.0,0.0,0.0
2030-08-21 20:00:00,1297.0,1644.1,7381.64,345.9022591730354,2667.71532712302,0.0,0.0,0.0,6942.199869056234,0.0,0.0,0.0
2030-08-21 21:00:00,1297.0,1644.1,7381.64,3199.99,4923.12328588112,0.0,0.0,0.0,4597.337125795463,2070.0,0.0,0.0
2030-08-21 22:00:00,1297.0,1644.1,7381.64,0.0,2821.7171473819326,0.0,0.0,470.0000000000005,4662.19276890228,2070.0,0.0,0.0
2030-08-21 23:00:00,1297.0,1644.1,7381.64,0.0,0.0,0.0,0.0,0.0,3155.3382643008817,2070.0,0.0,0.0
2030-08-22 00:00:00,1297.0,1644.1,7381.64,2342.1169408269666,0.0,0.0,0.0,0.0,3615.7884822411406,2070.0,0.0,0.0
2030-08-22 01:00:00,1297.0,1644.1,7381.64,0.0,0.0,0.0,0.0,0.0,3425.9887127994616,0.0,0.0,0.0
2030-08-22 02:00:00,1297.0,1644.1,7381.64,0.0,0.0,0.0,0.0,0.0,625.4816043405626,2070.0,0.0,0.0
2030-08-22 03:00:00,1297.0,1644.1,7381.64,0.0,0.0,0.0,0.0,0.0,0.0,1708.1496454098983,0.0,0.0
2030-08-22 04:00:00,1297.0,1644.1,7381.64,0.0,0.0,0.0,0.0,0.0,2329.2898644151373,0.0,0.0,0.0
2030-08-22 05:00:00,1297.0,1644.1,7381.64,0.0,0.0,0.0,0.0,0.0,2068.4364082995285,615.8852108224879,0.0,0.0
2030-08-22 06:00:00,1297.0,1644.1,7381.64,0.0,0.0,0.0,0.0,0.0,2028.4609404341577,0.0,0.0,0.0
2030-08-22 07:00:00,1297.0,1644.1,7381.64,0.0,0.0,0.0,0.0,0.0,458.9765198619257,0.0,0.0,0.0
2030-08-22 08:00:00,1297.0,1644.1,0.0,0.0,0.0,0.0,0.0,0.0,0.0,0.0,0.0,0.0
2030-08-22 09:00:00,0.0,0.0,0.0,0.0,0.0,0.0,0.0,0.0,0.0,0.0,0.0,0.0
2030-08-22 10:00:00,0.0,0.0,0.0,0.0,0.0,0.0,0.0,0.0,0.0,0.0,0.0,0.0
2030-08-22 11:00:00,0.0,0.0,0.0,0.0,0.0,0.0,0.0,0.0,0.0,0.0,0.0,0.0
2030-08-22 12:00:00,0.0,0.0,0.0,0.0,0.0,0.0,0.0,0.0,0.0,0.0,0.0,0.0
2030-08-22 13:00:00,0.0,0.0,0.0,0.0,0.0,0.0,0.0,0.0,0.0,0.0,0.0,0.0
2030-08-22 14:00:00,1297.0,1644.1,0.0,0.0,0.0,0.0,0.0,0.0,0.0,0.0,0.0,0.0
2030-08-22 15:00:00,1297.0,1644.1,3963.5597552649488,0.0,0.0,0.0,0.0,0.0,0.0,0.0,0.0,0.0
2030-08-22 16:00:00,1297.0,1644.1,7381.64,3199.99,0.0,0.0,0.0,0.0,0.0,305.74624751787997,0.0,0.0
2030-08-22 17:00:00,1297.0,1644.1,7381.64,0.0,0.0,0.0,0.0,0.0,1601.5246791869163,0.0,0.0,0.0
2030-08-22 18:00:00,1297.0,1644.1,7381.64,2367.2861908507257,0.0,0.0,0.0,0.0,2673.0540372717705,0.0,0.0,0.0
2030-08-22 19:00:00,1297.0,1644.1,7381.64,320.7330091492757,0.0,0.0,0.0,0.0,251.41469425043647,2070.0,0.0,0.0
2030-08-22 20:00:00,1297.0,1644.1,7381.64,0.0,0.0,0.0,0.0,0.0,1567.0137991063211,702.5967635636802,0.0,0.0
2030-08-22 21:00:00,1297.0,1644.1,7381.64,0.0,0.0,0.0,0.0,0.0,1992.024141786927,0.0,0.0,0.0
2030-08-22 22:00:00,1297.0,1644.1,7381.64,0.0,0.0,0.0,0.0,0.0,0.0,1934.336913377052,0.0,0.0
2030-08-22 23:00:00,1297.0,1644.1,7381.64,0.0,0.0,0.0,0.0,0.0,1797.7582380777108,0.0,0.0,0.0
2030-08-23 00:00:00,1297.0,1644.1,5196.888796022682,0.0,0.0,0.0,0.0,0.0,1611.81709904523,0.0,0.0,0.0
2030-08-23 01:00:00,1297.0,1644.1,1449.085990662028,0.0,0.0,0.0,0.0,0.0,1607.3851156527148,0.0,0.0,0.0
2030-08-23 02:00:00,1297.0,1644.1,0.0,0.0,0.0,0.0,0.0,0.0,877.5629570923811,0.0,0.0,561.2
2030-08-23 03:00:00,1297.0,1644.1,0.0,0.0,0.0,0.0,0.0,0.0,1754.2328026661899,0.0,0.0,0.0
2030-08-23 04:00:00,1297.0,1644.1,0.0,0.0,0.0,0.0,0.0,0.0,345.79648560036776,2070.0,0.0,0.0
2030-08-23 05:00:00,1297.0,1644.1,0.0,0.0,0.0,0.0,0.0,0.0,2466.8863387632678,307.94260541124396,0.0,0.0
2030-08-23 06:00:00,0.0,0.0,0.0,0.0,0.0,0.0,0.0,0.0,2116.2662154108502,0.0,0.0,0.0
2030-08-23 07:00:00,0.0,0.0,0.0,0.0,0.0,0.0,0.0,0.0,0.0,0.0,0.0,0.0
2030-08-23 08:00:00,0.0,0.0,0.0,0.0,0.0,0.0,0.0,0.0,0.0,0.0,0.0,0.0
2030-08-23 09:00:00,0.0,0.0,0.0,0.0,0.0,0.0,0.0,0.0,0.0,0.0,0.0,0.0
2030-08-23 10:00:00,0.0,0.0,0.0,0.0,0.0,0.0,0.0,0.0,0.0,0.0,0.0,0.0
2030-08-23 11:00:00,0.0,0.0,0.0,0.0,0.0,0.0,0.0,0.0,0.0,0.0,0.0,0.0
2030-08-23 12:00:00,0.0,0.0,0.0,0.0,0.0,0.0,0.0,0.0,0.0,0.0,0.0,0.0
2030-08-23 13:00:00,0.0,0.0,0.0,0.0,0.0,0.0,0.0,0.0,0.0,0.0,0.0,0.0
2030-08-23 14:00:00,0.0,0.0,0.0,0.0,0.0,0.0,0.0,0.0,0.0,0.0,0.0,0.0
2030-08-23 15:00:00,0.0,0.0,0.0,0.0,0.0,0.0,0.0,0.0,0.0,0.0,0.0,0.0
2030-08-23 16:00:00,0.0,0.0,0.0,0.0,0.0,0.0,0.0,0.0,0.0,0.0,0.0,0.0
2030-08-23 17:00:00,0.0,0.0,0.0,0.0,0.0,0.0,0.0,0.0,0.0,1585.988415938199,0.0,0.0
2030-08-23 18:00:00,1297.0,0.0,0.0,0.0,0.0,0.0,0.0,0.0,4956.92377765959,0.0,0.0,0.0
2030-08-23 19:00:00,1297.0,0.0,0.0,3199.99,0.0,0.0,0.0,0.0,2312.5394852045274,0.0,0.0,0.0
2030-08-23 20:00:00,1297.0,0.0,0.0,0.0,0.0,0.0,0.0,0.0,1097.7983409016804,1118.452165384361,0.0,0.0
2030-08-23 21:00:00,1297.0,0.0,0.0,258.8416723943848,0.0,0.0,0.0,0.0,1921.6640899670583,2070.0,0.0,0.0
2030-08-23 22:00:00,1297.0,0.0,0.0,0.0,0.0,0.0,0.0,0.0,2892.9876842211497,0.0,0.0,0.0
2030-08-23 23:00:00,0.0,0.0,0.0,0.0,0.0,0.0,0.0,0.0,0.0,1862.1964982984032,0.0,0.0
2030-08-24 00:00:00,0.0,0.0,0.0,0.0,0.0,0.0,0.0,0.0,1943.8991993387804,0.0,0.0,0.0
2030-08-24 01:00:00,0.0,0.0,0.0,0.0,0.0,0.0,0.0,0.0,1300.683055223847,615.8852108224879,0.0,0.0
2030-08-24 02:00:00,0.0,0.0,0.0,0.0,0.0,0.0,0.0,0.0,1764.2675269846254,0.0,0.0,0.0
2030-08-24 03:00:00,0.0,0.0,0.0,0.0,0.0,0.0,0.0,0.0,1568.6278237763686,615.8852108224879,0.0,0.0
2030-08-24 04:00:00,770.0777319036965,0.0,0.0,906.256393756918,0.0,0.0,0.0,0.0,2930.5847776261726,0.0,0.0,0.0
2030-08-24 05:00:00,1297.0,838.8202029024396,0.0,3199.99,0.0,0.0,0.0,0.0,2734.774784406321,0.0,0.0,561.2
2030-08-24 06:00:00,0.0,0.0,0.0,0.0,0.0,0.0,0.0,0.0,336.0893543995603,0.0,2290.0,0.0
2030-08-24 07:00:00,0.0,0.0,0.0,0.0,0.0,0.0,0.0,0.0,0.0,0.0,0.0,0.0
2030-08-24 08:00:00,0.0,0.0,0.0,0.0,0.0,0.0,0.0,0.0,0.0,0.0,0.0,0.0
2030-08-24 09:00:00,0.0,0.0,0.0,0.0,0.0,0.0,0.0,0.0,0.0,0.0,0.0,0.0
2030-08-24 10:00:00,0.0,0.0,0.0,0.0,0.0,0.0,0.0,0.0,0.0,0.0,0.0,0.0
2030-08-24 11:00:00,0.0,0.0,0.0,0.0,0.0,0.0,0.0,0.0,0.0,0.0,0.0,0.0
2030-08-24 12:00:00,0.0,0.0,0.0,0.0,0.0,0.0,0.0,0.0,0.0,0.0,0.0,0.0
2030-08-24 13:00:00,0.0,0.0,0.0,0.0,0.0,0.0,0.0,0.0,0.0,0.0,0.0,0.0
2030-08-24 14:00:00,0.0,0.0,0.0,0.0,0.0,0.0,0.0,0.0,0.0,0.0,0.0,0.0
2030-08-24 15:00:00,0.0,0.0,0.0,0.0,0.0,0.0,0.0,0.0,0.0,0.0,0.0,0.0
2030-08-24 16:00:00,0.0,0.0,0.0,0.0,0.0,0.0,0.0,0.0,0.0,608.7489001822128,0.0,0.0
2030-08-24 17:00:00,1297.0,1644.1,7381.64,3199.99,0.0,0.0,0.0,0.0,0.0,1813.3133897174612,0.0,0.0
2030-08-24 18:00:00,1297.0,1644.1,7381.64,0.0,0.0,0.0,0.0,0.0,2685.300708352538,0.0,0.0,0.0
2030-08-24 19:00:00,1297.0,1644.1,7381.64,0.0,0.0,0.0,0.0,0.0,2544.5600008591814,0.0,0.0,0.0
2030-08-24 20:00:00,1297.0,1644.1,7381.64,0.0,0.0,0.0,0.0,0.0,2394.7868901514366,0.0,0.0,0.0
2030-08-24 21:00:00,1297.0,1644.1,7381.64,2106.1138605196347,0.0,0.0,0.0,0.0,2078.955427895034,0.0,0.0,0.0
2030-08-24 22:00:00,1297.0,1644.1,7381.64,0.0,0.0,0.0,0.0,0.0,2075.5021442845473,0.0,0.0,0.0
2030-08-24 23:00:00,1297.0,1644.1,7381.64,581.9053394803668,0.0,0.0,0.0,0.0,0.0,1926.610671525591,0.0,0.0
2030-08-25 00:00:00,1297.0,1644.1,3716.404923426304,0.0,0.0,0.0,0.0,0.0,1526.0861405209148,0.0,0.0,0.0
2030-08-25 01:00:00,1297.0,1644.1,5388.099827432132,0.0,0.0,0.0,0.0,0.0,1463.5018925660715,0.0,0.0,0.0
2030-08-25 02:00:00,1297.0,1644.1,4637.554465836729,0.0,0.0,0.0,0.0,0.0,1252.698411891105,0.0,0.0,0.0
2030-08-25 03:00:00,1297.0,1644.1,6297.764145656333,0.0,0.0,0.0,0.0,0.0,1128.1429487032842,0.0,0.0,0.0
2030-08-25 04:00:00,1297.0,1644.1,7363.727786297928,0.0,0.0,0.0,0.0,0.0,1254.359678141726,0.0,0.0,0.0
2030-08-25 05:00:00,1297.0,1644.1,7381.64,1162.5705124951419,0.0,0.0,0.0,0.0,1399.000155165736,0.0,0.0,0.0
2030-08-25 06:00:00,1297.0,1644.1,1999.1996019917387,0.0,0.0,0.0,0.0,0.0,1053.440802517819,0.0,0.0,0.0
2030-08-25 07:00:00,0.0,0.0,0.0,0.0,0.0,0.0,0.0,0.0,413.4788300017501,0.0,0.0,0.0
2030-08-25 08:00:00,0.0,0.0,0.0,0.0,0.0,0.0,0.0,0.0,0.0,60.00144497294855,0.0,0.0
2030-08-25 09:00:00,0.0,0.0,0.0,0.0,0.0,0.0,0.0,0.0,0.0,0.0,0.0,0.0
2030-08-25 10:00:00,0.0,0.0,0.0,0.0,0.0,0.0,0.0,0.0,0.0,0.0,0.0,0.0
2030-08-25 11:00:00,0.0,0.0,0.0,0.0,0.0,0.0,0.0,0.0,0.0,0.0,0.0,0.0
2030-08-25 12:00:00,0.0,0.0,0.0,0.0,0.0,0.0,0.0,0.0,0.0,0.0,0.0,0.0
2030-08-25 13:00:00,0.0,0.0,0.0,0.0,0.0,0.0,0.0,0.0,0.0,0.0,0.0,0.0
2030-08-25 14:00:00,0.0,0.0,0.0,0.0,0.0,0.0,0.0,0.0,0.0,0.0,0.0,0.0
2030-08-25 15:00:00,0.0,0.0,0.0,0.0,0.0,0.0,0.0,0.0,0.0,0.0,0.0,0.0
2030-08-25 16:00:00,1297.0,1644.1,3957.6516646477176,0.0,0.0,0.0,0.0,0.0,715.4621717016198,0.0,0.0,0.0
2030-08-25 17:00:00,1297.0,1644.1,7381.64,3199.99,0.0,0.0,0.0,0.0,1512.1843984994198,0.0,0.0,0.0
2030-08-25 18:00:00,1297.0,1644.1,7381.64,0.0,0.0,0.0,0.0,0.0,2130.9818413062544,0.0,0.0,0.0
2030-08-25 19:00:00,1297.0,1644.1,7381.64,0.0,0.0,0.0,0.0,0.0,1983.9768418493409,0.0,0.0,0.0
2030-08-25 20:00:00,1297.0,1644.1,7381.64,2688.0192000000015,0.0,0.0,0.0,0.0,0.0,1854.2567730918886,0.0,0.0
2030-08-25 21:00:00,1297.0,1644.1,5828.778588434208,0.0,0.0,0.0,0.0,0.0,0.0,1704.7902474322623,0.0,0.0
2030-08-25 22:00:00,1297.0,1511.1330087026727,0.0,0.0,0.0,0.0,0.0,0.0,1777.0123692692728,0.0,0.0,0.0
2030-08-25 23:00:00,1214.8623441552845,0.0,0.0,0.0,0.0,0.0,0.0,0.0,0.0,1637.5920825840612,0.0,0.0
2030-08-26 00:00:00,0.0,0.0,0.0,0.0,0.0,0.0,0.0,0.0,193.88023955247922,2070.0,0.0,0.0
2030-08-26 01:00:00,0.0,0.0,0.0,0.0,0.0,0.0,0.0,0.0,0.0,2070.0,0.0,203.81506705525953
2030-08-26 02:00:00,0.0,0.0,0.0,0.0,0.0,0.0,0.0,0.0,0.0,2070.0,0.0,73.81982931125049
2030-08-26 03:00:00,0.0,0.0,0.0,0.0,0.0,0.0,0.0,0.0,2025.172449189856,0.0,0.0,283.56510363349
2030-08-26 04:00:00,0.0,0.0,0.0,0.0,0.0,0.0,0.0,0.0,445.49103647614834,2070.0,0.0,0.0
2030-08-26 05:00:00,0.0,0.0,0.0,0.0,0.0,0.0,0.0,0.0,243.28892926237745,2070.0,0.0,0.0
2030-08-26 06:00:00,0.0,0.0,0.0,0.0,0.0,0.0,0.0,0.0,0.0,900.2971080154334,0.0,0.0
2030-08-26 07:00:00,0.0,0.0,0.0,0.0,0.0,0.0,0.0,0.0,0.0,0.0,0.0,0.0
2030-08-26 08:00:00,0.0,0.0,0.0,0.0,0.0,0.0,0.0,0.0,0.0,0.0,0.0,0.0
2030-08-26 09:00:00,0.0,0.0,0.0,0.0,0.0,0.0,0.0,0.0,0.0,0.0,0.0,0.0
2030-08-26 10:00:00,0.0,0.0,0.0,0.0,0.0,0.0,0.0,0.0,0.0,0.0,0.0,0.0
2030-08-26 11:00:00,0.0,0.0,0.0,0.0,0.0,0.0,0.0,0.0,0.0,0.0,0.0,0.0
2030-08-26 12:00:00,0.0,0.0,0.0,0.0,0.0,0.0,0.0,0.0,0.0,0.0,0.0,0.0
2030-08-26 13:00:00,0.0,0.0,0.0,0.0,0.0,0.0,0.0,0.0,0.0,0.0,0.0,0.0
2030-08-26 14:00:00,0.0,0.0,0.0,0.0,0.0,0.0,0.0,0.0,0.0,0.0,0.0,0.0
2030-08-26 15:00:00,0.0,0.0,0.0,0.0,0.0,0.0,0.0,0.0,0.0,0.0,0.0,0.0
2030-08-26 16:00:00,0.0,0.0,0.0,0.0,0.0,0.0,0.0,0.0,0.0,0.0,0.0,0.0
2030-08-26 17:00:00,0.0,0.0,0.0,0.0,0.0,0.0,0.0,0.0,0.0,1741.9600859667203,0.0,0.0
2030-08-26 18:00:00,0.0,0.0,0.0,3199.99,0.0,0.0,0.0,0.0,517.5352961965834,2070.0,0.0,0.0
2030-08-26 19:00:00,0.0,0.0,0.0,2688.0192000000015,0.0,0.0,0.0,0.0,0.0,1864.144935865751,0.0,561.2
2030-08-26 20:00:00,0.0,0.0,0.0,0.0,0.0,0.0,0.0,0.0,2258.558316387735,0.0,0.0,0.0
2030-08-26 21:00:00,0.0,0.0,0.0,0.0,0.0,0.0,0.0,0.0,0.0,2032.8784308809863,0.0,0.0
2030-08-26 22:00:00,0.0,0.0,0.0,0.0,0.0,0.0,0.0,0.0,0.0,0.0,0.0,0.0
2030-08-26 23:00:00,0.0,0.0,0.0,0.0,0.0,0.0,0.0,0.0,0.0,0.0,0.0,0.0
2030-08-27 00:00:00,0.0,0.0,0.0,0.0,0.0,0.0,0.0,0.0,0.0,0.0,0.0,0.0
2030-08-27 01:00:00,0.0,0.0,0.0,0.0,0.0,0.0,0.0,0.0,0.0,0.0,0.0,0.0
2030-08-27 02:00:00,0.0,0.0,0.0,0.0,0.0,0.0,0.0,0.0,0.0,0.0,0.0,0.0
2030-08-27 03:00:00,0.0,0.0,0.0,0.0,0.0,0.0,0.0,0.0,0.0,0.0,0.0,0.0
2030-08-27 04:00:00,0.0,0.0,0.0,0.0,0.0,0.0,0.0,0.0,0.0,0.0,0.0,0.0
2030-08-27 05:00:00,0.0,0.0,0.0,0.0,0.0,0.0,0.0,0.0,0.0,0.0,0.0,0.0
2030-08-27 06:00:00,0.0,0.0,0.0,0.0,0.0,0.0,0.0,0.0,0.0,0.0,0.0,0.0
2030-08-27 07:00:00,0.0,0.0,0.0,0.0,0.0,0.0,0.0,0.0,0.0,0.0,0.0,0.0
2030-08-27 08:00:00,0.0,0.0,0.0,0.0,0.0,0.0,0.0,0.0,0.0,0.0,0.0,0.0
2030-08-27 09:00:00,0.0,0.0,0.0,0.0,0.0,0.0,0.0,0.0,0.0,0.0,0.0,0.0
2030-08-27 10:00:00,0.0,0.0,0.0,0.0,0.0,0.0,0.0,0.0,0.0,0.0,0.0,0.0
2030-08-27 11:00:00,0.0,0.0,0.0,0.0,0.0,0.0,0.0,0.0,0.0,0.0,0.0,0.0
2030-08-27 12:00:00,0.0,0.0,0.0,0.0,0.0,0.0,0.0,0.0,0.0,0.0,0.0,0.0
2030-08-27 13:00:00,0.0,0.0,0.0,0.0,0.0,0.0,0.0,0.0,0.0,0.0,0.0,0.0
2030-08-27 14:00:00,0.0,0.0,0.0,0.0,0.0,0.0,0.0,0.0,0.0,0.0,0.0,0.0
2030-08-27 15:00:00,0.0,0.0,0.0,0.0,0.0,0.0,0.0,0.0,0.0,0.0,0.0,0.0
2030-08-27 16:00:00,0.0,0.0,0.0,0.0,0.0,0.0,0.0,0.0,0.0,0.0,0.0,0.0
2030-08-27 17:00:00,0.0,0.0,0.0,0.0,0.0,0.0,0.0,0.0,0.0,0.0,0.0,0.0
2030-08-27 18:00:00,0.0,0.0,0.0,0.0,0.0,0.0,0.0,0.0,0.0,0.0,0.0,0.0
2030-08-27 19:00:00,0.0,0.0,0.0,570.2811378426268,0.0,0.0,0.0,0.0,0.0,0.0,0.0,0.0
2030-08-27 20:00:00,0.0,0.0,0.0,0.0,0.0,0.0,0.0,0.0,0.0,0.0,0.0,0.0
2030-08-27 21:00:00,0.0,0.0,0.0,0.0,0.0,0.0,0.0,0.0,0.0,0.0,0.0,0.0
2030-08-27 22:00:00,0.0,0.0,0.0,0.0,0.0,0.0,0.0,0.0,0.0,0.0,0.0,0.0
2030-08-27 23:00:00,0.0,0.0,0.0,0.0,0.0,0.0,0.0,0.0,0.0,0.0,0.0,0.0
2030-08-28 00:00:00,0.0,0.0,0.0,0.0,0.0,0.0,0.0,0.0,0.0,0.0,0.0,0.0
2030-08-28 01:00:00,0.0,0.0,0.0,0.0,0.0,0.0,0.0,0.0,0.0,0.0,0.0,0.0
2030-08-28 02:00:00,0.0,0.0,0.0,0.0,0.0,0.0,0.0,0.0,0.0,0.0,0.0,0.0
2030-08-28 03:00:00,0.0,0.0,0.0,0.0,0.0,0.0,0.0,0.0,2749.0335049071923,0.0,0.0,0.0
2030-08-28 04:00:00,0.0,0.0,0.0,0.0,0.0,0.0,0.0,0.0,2741.131119351965,0.0,672.1021203915732,0.0
2030-08-28 05:00:00,0.0,0.0,0.0,3199.99,0.0,0.0,0.0,0.0,3637.4370159508644,0.0,0.0,0.0
2030-08-28 06:00:00,0.0,0.0,0.0,2688.0192000000015,0.0,0.0,0.0,0.0,415.37643693476093,0.0,2290.0,0.0
2030-08-28 07:00:00,0.0,0.0,0.0,0.0,0.0,0.0,0.0,0.0,7.155667032430074,0.0,0.0,561.2
2030-08-28 08:00:00,0.0,0.0,0.0,0.0,0.0,0.0,0.0,0.0,0.0,0.0,0.0,0.0
2030-08-28 09:00:00,0.0,0.0,0.0,0.0,0.0,0.0,0.0,0.0,0.0,0.0,0.0,0.0
2030-08-28 10:00:00,0.0,0.0,0.0,0.0,0.0,0.0,0.0,0.0,0.0,0.0,0.0,0.0
2030-08-28 11:00:00,0.0,0.0,0.0,0.0,0.0,0.0,0.0,0.0,0.0,0.0,0.0,0.0
2030-08-28 12:00:00,0.0,0.0,0.0,0.0,0.0,0.0,0.0,0.0,0.0,0.0,0.0,0.0
2030-08-28 13:00:00,0.0,0.0,0.0,0.0,0.0,0.0,0.0,0.0,0.0,0.0,0.0,0.0
2030-08-28 14:00:00,0.0,0.0,0.0,0.0,0.0,0.0,0.0,0.0,0.0,0.0,0.0,0.0
2030-08-28 15:00:00,0.0,0.0,0.0,0.0,0.0,0.0,0.0,0.0,0.0,0.0,0.0,0.0
2030-08-28 16:00:00,1297.0,74.4884998140551,0.0,0.0,0.0,0.0,0.0,0.0,0.0,0.0,0.0,0.0
2030-08-28 17:00:00,1297.0,1644.1,7381.64,0.0,0.0,0.0,0.0,0.0,1895.5893620142638,0.0,0.0,0.0
2030-08-28 18:00:00,1297.0,1644.1,7381.64,2688.0192000000015,0.0,0.0,0.0,0.0,2861.335321132176,0.0,0.0,0.0
2030-08-28 19:00:00,1297.0,1644.1,7381.64,3199.99,0.0,0.0,0.0,0.0,2749.4534135878084,0.0,0.0,0.0
2030-08-28 20:00:00,1297.0,1644.1,7381.64,0.0,0.0,0.0,0.0,0.0,2606.3814681557014,0.0,0.0,0.0
2030-08-28 21:00:00,1297.0,1644.1,1806.3230498976227,0.0,0.0,0.0,0.0,0.0,2332.194958192673,0.0,0.0,0.0
2030-08-28 22:00:00,0.0,0.0,0.0,0.0,0.0,0.0,0.0,0.0,2378.9100659521846,0.0,0.0,0.0
2030-08-28 23:00:00,0.0,0.0,0.0,0.0,0.0,0.0,0.0,0.0,2271.630933988615,0.0,0.0,0.0
2030-08-29 00:00:00,0.0,0.0,0.0,0.0,0.0,0.0,0.0,0.0,2080.2507947304935,0.0,0.0,0.0
2030-08-29 01:00:00,0.0,0.0,0.0,0.0,0.0,0.0,0.0,0.0,2084.969623379314,0.0,0.0,0.0
2030-08-29 02:00:00,0.0,0.0,0.0,0.0,0.0,0.0,0.0,0.0,1948.5256713247286,0.0,0.0,0.0
2030-08-29 03:00:00,0.0,0.0,0.0,0.0,0.0,0.0,0.0,0.0,2326.807763637785,0.0,0.0,0.0
2030-08-29 04:00:00,0.0,0.0,0.0,2688.0192000000015,0.0,0.0,0.0,0.0,2429.2409861069045,0.0,0.0,561.2
2030-08-29 05:00:00,0.0,0.0,0.0,3199.99,0.0,0.0,0.0,0.0,2354.346564405569,0.0,951.3339227502386,0.0
2030-08-29 06:00:00,0.0,0.0,0.0,0.0,0.0,0.0,0.0,0.0,2514.416732434009,0.0,0.0,0.0
2030-08-29 07:00:00,0.0,0.0,0.0,0.0,0.0,0.0,0.0,0.0,0.0,0.0,0.0,0.0
2030-08-29 08:00:00,0.0,0.0,0.0,0.0,0.0,0.0,0.0,0.0,0.0,0.0,0.0,0.0
2030-08-29 09:00:00,0.0,0.0,0.0,0.0,0.0,0.0,0.0,0.0,0.0,0.0,0.0,0.0
2030-08-29 10:00:00,0.0,0.0,0.0,0.0,0.0,0.0,0.0,0.0,0.0,0.0,0.0,0.0
2030-08-29 11:00:00,0.0,0.0,0.0,0.0,0.0,0.0,0.0,0.0,0.0,0.0,0.0,0.0
2030-08-29 12:00:00,0.0,0.0,0.0,0.0,0.0,0.0,0.0,0.0,0.0,0.0,0.0,0.0
2030-08-29 13:00:00,0.0,0.0,0.0,0.0,0.0,0.0,0.0,0.0,0.0,0.0,0.0,0.0
2030-08-29 14:00:00,0.0,0.0,0.0,0.0,0.0,0.0,0.0,0.0,0.0,0.0,0.0,0.0
2030-08-29 15:00:00,0.0,0.0,0.0,0.0,0.0,0.0,0.0,0.0,0.0,1158.5782911063347,0.0,0.0
2030-08-29 16:00:00,1297.0,1644.1,2812.0323152879755,0.0,0.0,0.0,0.0,0.0,1634.1872327255064,0.0,0.0,0.0
2030-08-29 17:00:00,1297.0,1644.1,7381.64,3199.99,0.0,0.0,0.0,0.0,3252.8228629792334,0.0,0.0,0.0
2030-08-29 18:00:00,1297.0,1644.1,7381.64,0.0,0.0,0.0,0.0,325.5705784857564,7510.830967627153,0.0,0.0,0.0
2030-08-29 19:00:00,1297.0,1644.1,7381.64,2688.0192000000015,0.0,0.0,0.0,0.0,5376.613196792392,0.0,0.0,0.0
2030-08-29 20:00:00,1297.0,1644.1,7381.64,0.0,0.0,0.0,0.0,0.0,4446.780065483526,0.0,0.0,0.0
2030-08-29 21:00:00,1297.0,1644.1,7381.64,0.0,0.0,0.0,0.0,0.0,5671.271809122178,0.0,0.0,0.0
2030-08-29 22:00:00,1297.0,1644.1,7381.64,0.0,0.0,0.0,0.0,0.0,3536.27030077746,0.0,0.0,0.0
2030-08-29 23:00:00,1297.0,1644.1,7381.64,0.0,0.0,0.0,0.0,0.0,2082.58232482709,0.0,0.0,0.0
2030-08-30 00:00:00,1297.0,1644.1,7381.64,0.0,0.0,0.0,0.0,0.0,2806.4569486369487,0.0,0.0,0.0
2030-08-30 01:00:00,1297.0,1644.1,7381.64,0.0,0.0,0.0,0.0,0.0,2847.409897164916,0.0,0.0,0.0
2030-08-30 02:00:00,1297.0,1644.1,7381.64,0.0,0.0,0.0,0.0,0.0,2741.025606956693,0.0,0.0,0.0
2030-08-30 03:00:00,1297.0,1644.1,7381.64,0.0,0.0,0.0,0.0,0.0,3269.4706096992522,0.0,0.0,0.0
2030-08-30 04:00:00,1297.0,1644.1,7381.64,0.0,0.0,0.0,0.0,0.0,4047.7024644969215,0.0,0.0,0.0
2030-08-30 05:00:00,1297.0,1644.1,7381.64,0.0,0.0,0.0,0.0,0.0,4338.074903138281,0.0,0.0,0.0
2030-08-30 06:00:00,1297.0,1644.1,7381.64,0.0,0.0,0.0,0.0,0.0,3442.6168119996873,0.0,0.0,0.0
2030-08-30 07:00:00,1297.0,1644.1,7381.64,0.0,0.0,0.0,0.0,0.0,1043.2993656974745,0.0,0.0,561.2
2030-08-30 08:00:00,0.0,0.0,0.0,0.0,0.0,0.0,0.0,0.0,106.75482594678033,0.0,0.0,0.0
2030-08-30 09:00:00,0.0,0.0,0.0,0.0,0.0,0.0,0.0,0.0,0.0,0.0,0.0,0.0
2030-08-30 10:00:00,0.0,0.0,0.0,0.0,0.0,0.0,0.0,0.0,0.0,0.0,0.0,0.0
2030-08-30 11:00:00,0.0,0.0,0.0,0.0,0.0,0.0,0.0,0.0,0.0,0.0,0.0,0.0
2030-08-30 12:00:00,0.0,0.0,0.0,0.0,0.0,0.0,0.0,0.0,0.0,0.0,0.0,0.0
2030-08-30 13:00:00,0.0,0.0,0.0,0.0,0.0,0.0,0.0,0.0,0.0,0.0,0.0,0.0
2030-08-30 14:00:00,0.0,0.0,0.0,0.0,0.0,0.0,0.0,0.0,0.0,0.0,0.0,0.0
2030-08-30 15:00:00,0.0,0.0,0.0,0.0,0.0,0.0,0.0,0.0,112.0720229110002,0.0,0.0,0.0
2030-08-30 16:00:00,1297.0,1644.1,7381.64,2688.0192000000015,0.0,0.0,0.0,0.0,1676.2294690609601,0.0,0.0,0.0
2030-08-30 17:00:00,1297.0,1644.1,7381.64,0.0,0.0,0.0,0.0,0.0,2734.42348549747,0.0,0.0,0.0
2030-08-30 18:00:00,1297.0,1644.1,7381.64,0.0,0.0,0.0,0.0,0.0,3428.1401868586127,0.0,0.0,0.0
2030-08-30 19:00:00,1297.0,1644.1,7381.64,3199.99,0.0,0.0,0.0,0.0,3275.815560316423,0.0,0.0,0.0
2030-08-30 20:00:00,1297.0,1644.1,7381.64,0.0,0.0,0.0,0.0,0.0,3127.84387646455,0.0,0.0,0.0
2030-08-30 21:00:00,1297.0,466.1988666615798,0.0,0.0,0.0,0.0,0.0,0.0,710.1776794295936,2070.0,0.0,0.0
2030-08-30 22:00:00,0.0,0.0,0.0,0.0,0.0,0.0,0.0,0.0,2784.998720036977,0.0,0.0,0.0
2030-08-30 23:00:00,0.0,0.0,0.0,0.0,0.0,0.0,0.0,0.0,2675.0794647006887,0.0,0.0,0.0
2030-08-31 00:00:00,0.0,0.0,0.0,0.0,0.0,0.0,0.0,0.0,1541.4080680997126,2070.0,0.0,0.0
2030-08-31 01:00:00,0.0,0.0,0.0,0.0,0.0,0.0,0.0,0.0,1611.3793304864107,2070.0,0.0,0.0
2030-08-31 02:00:00,0.0,0.0,0.0,0.0,0.0,0.0,0.0,0.0,3632.774946875111,0.0,0.0,0.0
2030-08-31 03:00:00,0.0,0.0,0.0,0.0,0.0,0.0,0.0,0.0,4233.771732445214,0.0,0.0,0.0
2030-08-31 04:00:00,1297.0,1644.1,4352.548353343362,0.0,0.0,0.0,0.0,0.0,5043.015669897385,0.0,0.0,0.0
2030-08-31 05:00:00,1297.0,1644.1,7381.64,3199.99,0.0,0.0,0.0,0.0,5286.006976818647,0.0,0.0,0.0
2030-08-31 06:00:00,1297.0,1644.1,7381.64,0.0,0.0,0.0,0.0,0.0,2570.592337539217,2070.0,0.0,0.0
2030-08-31 07:00:00,1297.0,1644.1,7381.64,2688.0192000000015,0.0,0.0,0.0,0.0,3808.263031150026,0.0,0.0,0.0
2030-08-31 08:00:00,1297.0,1644.1,3800.332180752099,0.0,0.0,0.0,0.0,0.0,3708.468074195399,0.0,0.0,0.0
2030-08-31 09:00:00,580.7779715619715,0.0,0.0,0.0,0.0,0.0,0.0,0.0,3943.6523937450465,0.0,0.0,0.0
2030-08-31 10:00:00,1297.0,0.0,0.0,0.0,0.0,0.0,0.0,0.0,1479.1025669820124,2070.0,0.0,0.0
2030-08-31 11:00:00,0.0,0.0,0.0,0.0,0.0,0.0,0.0,0.0,3032.0854300976553,0.0,0.0,0.0
2030-08-31 12:00:00,0.0,0.0,0.0,0.0,0.0,0.0,0.0,0.0,2566.6695178316213,0.0,0.0,0.0
2030-08-31 13:00:00,1297.0,1644.1,1146.776849606902,0.0,0.0,0.0,0.0,0.0,2145.002153789647,0.0,0.0,0.0
2030-08-31 14:00:00,1297.0,1644.1,7381.64,386.7688181608992,0.0,0.0,0.0,0.0,1744.7166170073651,0.0,0.0,0.0
2030-08-31 15:00:00,1297.0,1644.1,7381.64,3199.99,0.0,0.0,0.0,0.0,2269.617173510888,0.0,0.0,0.0
2030-08-31 16:00:00,1297.0,1644.1,7381.64,0.0,0.0,0.0,0.0,0.0,891.7755516943016,2070.0,0.0,0.0
2030-08-31 17:00:00,1297.0,1644.1,7381.64,2301.2503818391024,0.0,0.0,0.0,0.0,3555.023322036397,0.0,0.0,0.0
2030-08-31 18:00:00,1297.0,1644.1,7381.64,0.0,0.0,0.0,0.0,0.0,4171.762551844245,0.0,0.0,0.0
2030-08-31 19:00:00,1297.0,1644.1,7381.64,0.0,0.0,0.0,0.0,0.0,1922.8840063656316,2070.0,0.0,0.0
2030-08-31 20:00:00,1297.0,1644.1,7381.64,0.0,0.0,0.0,0.0,0.0,3822.3993650840684,0.0,0.0,0.0
2030-08-31 21:00:00,1297.0,1644.1,7381.64,0.0,0.0,0.0,0.0,0.0,3462.5751152201974,0.0,0.0,0.0
2030-08-31 22:00:00,1297.0,1644.1,7381.64,0.0,0.0,0.0,0.0,0.0,3525.803045017895,0.0,0.0,0.0
2030-08-31 23:00:00,1297.0,1644.1,7381.64,0.0,0.0,0.0,0.0,0.0,1346.257796830193,2070.0,0.0,0.0
2030-09-01 00:00:00,1297.0,1644.1,4206.694336630462,0.0,0.0,0.0,0.0,0.0,3446.9723973313176,0.0,0.0,0.0
2030-09-01 01:00:00,1297.0,1644.1,2193.9232755869707,0.0,0.0,0.0,0.0,0.0,3451.834693470053,0.0,0.0,0.0
2030-09-01 02:00:00,1297.0,1644.1,1646.0776206165283,0.0,0.0,0.0,0.0,0.0,3361.9812096260002,0.0,0.0,0.0
2030-09-01 03:00:00,1297.0,1644.1,1809.1984370849023,0.0,0.0,0.0,0.0,0.0,3266.949697448952,0.0,0.0,0.0
2030-09-01 04:00:00,1297.0,1644.1,4593.987767795021,0.0,0.0,0.0,0.0,0.0,3302.1300388802138,0.0,0.0,0.0
2030-09-01 05:00:00,1297.0,1644.1,7261.243818900817,0.0,0.0,0.0,0.0,0.0,3294.296262736376,0.0,0.0,0.0
2030-09-01 06:00:00,1297.0,1644.1,2368.532155521507,0.0,0.0,0.0,0.0,0.0,3030.8483893687644,0.0,0.0,0.0
2030-09-01 07:00:00,0.0,0.0,0.0,0.0,0.0,0.0,0.0,0.0,2426.593938051076,0.0,0.0,0.0
2030-09-01 08:00:00,0.0,0.0,0.0,0.0,0.0,0.0,0.0,0.0,1854.4107588125748,0.0,0.0,0.0
2030-09-01 09:00:00,0.0,0.0,0.0,0.0,0.0,0.0,0.0,0.0,1492.1245548809206,0.0,0.0,0.0
2030-09-01 10:00:00,0.0,0.0,0.0,0.0,0.0,0.0,0.0,0.0,0.0,0.0,0.0,0.0
2030-09-01 11:00:00,0.0,0.0,0.0,0.0,0.0,0.0,0.0,0.0,0.0,0.0,0.0,0.0
2030-09-01 12:00:00,0.0,0.0,0.0,0.0,0.0,0.0,0.0,0.0,0.0,0.0,0.0,0.0
2030-09-01 13:00:00,0.0,0.0,0.0,0.0,0.0,0.0,0.0,0.0,0.0,0.0,0.0,0.0
2030-09-01 14:00:00,0.0,0.0,0.0,0.0,0.0,0.0,0.0,0.0,0.0,0.0,0.0,0.0
2030-09-01 15:00:00,0.0,0.0,0.0,0.0,0.0,0.0,0.0,0.0,0.0,0.0,0.0,0.0
2030-09-01 16:00:00,0.0,0.0,0.0,0.0,0.0,0.0,0.0,0.0,2334.047139931974,0.0,0.0,0.0
2030-09-01 17:00:00,0.0,0.0,0.0,2688.0192000000015,0.0,0.0,0.0,0.0,3506.480436246062,0.0,0.0,0.0
2030-09-01 18:00:00,0.0,0.0,0.0,0.0,0.0,0.0,0.0,0.0,3920.6248736377083,0.0,0.0,0.0
2030-09-01 19:00:00,0.0,0.0,0.0,3199.99,0.0,0.0,0.0,0.0,3533.7954600827206,0.0,0.0,0.0
2030-09-01 20:00:00,0.0,0.0,0.0,0.0,0.0,0.0,0.0,0.0,3259.424183877263,0.0,0.0,0.0
2030-09-01 21:00:00,0.0,0.0,0.0,0.0,0.0,0.0,0.0,0.0,3164.1137488760414,0.0,0.0,0.0
2030-09-01 22:00:00,0.0,0.0,0.0,0.0,0.0,0.0,0.0,0.0,3307.1825771793638,0.0,0.0,0.0
2030-09-01 23:00:00,0.0,0.0,0.0,0.0,0.0,0.0,0.0,0.0,3134.893595540293,0.0,0.0,0.0
2030-09-02 00:00:00,0.0,0.0,0.0,0.0,0.0,0.0,0.0,0.0,2783.1933919627613,0.0,0.0,0.0
2030-09-02 01:00:00,0.0,0.0,0.0,0.0,0.0,0.0,0.0,0.0,2858.169393535917,0.0,0.0,0.0
2030-09-02 02:00:00,0.0,0.0,0.0,0.0,0.0,0.0,0.0,0.0,2776.833518905893,0.0,0.0,0.0
2030-09-02 03:00:00,0.0,0.0,0.0,0.0,0.0,0.0,0.0,0.0,2936.857513736474,0.0,0.0,0.0
2030-09-02 04:00:00,0.0,0.0,0.0,0.0,0.0,0.0,0.0,0.0,3139.6964836392362,0.0,0.0,0.0
2030-09-02 05:00:00,0.0,0.0,0.0,0.0,0.0,0.0,0.0,0.0,2960.496861757183,0.0,0.0,0.0
2030-09-02 06:00:00,0.0,0.0,0.0,0.0,0.0,0.0,0.0,0.0,2553.1960884123896,0.0,0.0,0.0
2030-09-02 07:00:00,0.0,0.0,0.0,0.0,0.0,0.0,0.0,0.0,2138.2476762866336,0.0,0.0,0.0
2030-09-02 08:00:00,0.0,0.0,0.0,0.0,0.0,0.0,0.0,0.0,0.0,0.0,0.0,0.0
2030-09-02 09:00:00,0.0,0.0,0.0,0.0,0.0,0.0,0.0,0.0,0.0,0.0,0.0,0.0
2030-09-02 10:00:00,0.0,0.0,0.0,0.0,0.0,0.0,0.0,0.0,0.0,0.0,0.0,0.0
2030-09-02 11:00:00,0.0,0.0,0.0,0.0,0.0,0.0,0.0,0.0,0.0,0.0,0.0,0.0
2030-09-02 12:00:00,0.0,0.0,0.0,0.0,0.0,0.0,0.0,0.0,0.0,0.0,0.0,0.0
2030-09-02 13:00:00,0.0,0.0,0.0,0.0,0.0,0.0,0.0,0.0,0.0,0.0,0.0,0.0
2030-09-02 14:00:00,0.0,0.0,0.0,0.0,0.0,0.0,0.0,0.0,0.0,0.0,0.0,0.0
2030-09-02 15:00:00,0.0,0.0,0.0,0.0,0.0,0.0,0.0,0.0,404.4744481489365,0.0,0.0,0.0
2030-09-02 16:00:00,0.0,0.0,0.0,0.0,0.0,0.0,0.0,0.0,1490.6852040353624,0.0,0.0,0.0
2030-09-02 17:00:00,1297.0,1644.1,5726.239073227982,0.0,0.0,0.0,0.0,0.0,2510.9215875880495,0.0,0.0,0.0
2030-09-02 18:00:00,1297.0,1644.1,7381.64,2426.996604846523,0.0,0.0,0.0,0.0,3174.5492656369433,0.0,0.0,0.0
2030-09-02 19:00:00,1297.0,1644.1,4229.2609231823935,0.0,0.0,0.0,0.0,0.0,2950.848313738841,0.0,0.0,0.0
2030-09-02 20:00:00,1297.0,95.85047914090546,3590.838908033632,0.0,0.0,0.0,0.0,0.0,2766.689156023645,0.0,0.0,0.0
2030-09-02 21:00:00,1297.0,670.8012232584333,0.0,0.0,0.0,0.0,0.0,0.0,2603.951975326012,0.0,0.0,0.0
2030-09-02 22:00:00,0.0,0.0,0.0,0.0,0.0,0.0,0.0,0.0,2671.931015397836,0.0,0.0,0.0
2030-09-02 23:00:00,0.0,0.0,0.0,0.0,0.0,0.0,0.0,0.0,2532.618641426018,0.0,0.0,0.0
2030-09-03 00:00:00,345.91403678220377,0.0,0.0,0.0,0.0,0.0,0.0,0.0,2773.0239882745464,0.0,0.0,0.0
2030-09-03 01:00:00,0.0,0.0,0.0,0.0,0.0,0.0,0.0,0.0,2859.995705959044,0.0,0.0,0.0
2030-09-03 02:00:00,0.0,0.0,0.0,0.0,0.0,0.0,0.0,0.0,2805.929323065612,0.0,0.0,0.0
2030-09-03 03:00:00,0.0,0.0,244.07128179093706,0.0,0.0,0.0,0.0,0.0,3339.976302511057,0.0,0.0,0.0
2030-09-03 04:00:00,0.0,0.0,6807.311126881872,0.0,0.0,0.0,0.0,0.0,4082.1867726508326,0.0,0.0,0.0
2030-09-03 05:00:00,1297.0,1644.1,7381.64,3199.99,0.0,0.0,0.0,0.0,4321.323765366781,0.0,0.0,0.0
2030-09-03 06:00:00,1297.0,374.4636579672541,7381.64,261.0225951534786,0.0,0.0,0.0,0.0,3611.5829281108845,0.0,0.0,0.0
2030-09-03 07:00:00,0.0,0.0,0.0,0.0,0.0,0.0,0.0,0.0,2532.088321287437,0.0,0.0,0.0
2030-09-03 08:00:00,0.0,0.0,0.0,0.0,0.0,0.0,0.0,0.0,1764.6683030123295,0.0,0.0,0.0
2030-09-03 09:00:00,0.0,0.0,0.0,0.0,0.0,0.0,0.0,0.0,0.0,0.0,0.0,0.0
2030-09-03 10:00:00,0.0,0.0,0.0,0.0,0.0,0.0,0.0,0.0,0.0,0.0,0.0,0.0
2030-09-03 11:00:00,0.0,0.0,0.0,0.0,0.0,0.0,0.0,0.0,0.0,0.0,0.0,0.0
2030-09-03 12:00:00,0.0,0.0,0.0,0.0,0.0,0.0,0.0,0.0,0.0,0.0,0.0,0.0
2030-09-03 13:00:00,0.0,0.0,0.0,0.0,0.0,0.0,0.0,0.0,0.0,0.0,0.0,0.0
2030-09-03 14:00:00,0.0,0.0,0.0,0.0,0.0,0.0,0.0,0.0,0.0,0.0,0.0,0.0
2030-09-03 15:00:00,0.0,0.0,0.0,0.0,0.0,0.0,0.0,0.0,378.34233286249037,0.0,0.0,0.0
2030-09-03 16:00:00,1297.0,1644.1,7381.64,0.0,0.0,0.0,0.0,0.0,1475.9508199869265,0.0,0.0,0.0
2030-09-03 17:00:00,1297.0,1644.1,7381.64,3199.99,0.0,0.0,0.0,0.0,2603.2324063309975,0.0,0.0,0.0
2030-09-03 18:00:00,1297.0,1644.1,7381.64,0.0,0.0,0.0,0.0,0.0,3326.4374116828203,0.0,0.0,0.0
2030-09-03 19:00:00,1297.0,1644.1,7381.64,2688.0192000000015,0.0,0.0,0.0,0.0,3147.0880407517625,0.0,0.0,0.0
2030-09-03 20:00:00,1297.0,1644.1,7381.64,0.0,0.0,0.0,0.0,0.0,2979.1051337560993,0.0,0.0,0.0
2030-09-03 21:00:00,1297.0,1644.1,7381.64,0.0,0.0,0.0,0.0,0.0,2674.9236300319462,0.0,0.0,0.0
2030-09-03 22:00:00,1297.0,1644.1,7381.64,0.0,0.0,0.0,0.0,0.0,2737.2452876346947,0.0,0.0,0.0
2030-09-03 23:00:00,1297.0,1644.1,7381.64,0.0,0.0,0.0,0.0,0.0,2630.6823936596834,0.0,0.0,0.0
2030-09-04 00:00:00,1297.0,1644.1,7381.64,0.0,0.0,0.0,0.0,0.0,2528.937518955176,0.0,0.0,0.0
2030-09-04 01:00:00,1297.0,1644.1,7381.64,0.0,0.0,0.0,0.0,0.0,2562.3867309691163,0.0,0.0,0.0
2030-09-04 02:00:00,1297.0,1644.1,7381.64,0.0,0.0,0.0,0.0,0.0,2457.9922274133614,0.0,0.0,0.0
2030-09-04 03:00:00,1297.0,1644.1,7381.64,0.0,0.0,0.0,0.0,0.0,2969.888915099372,0.0,0.0,0.0
2030-09-04 04:00:00,1297.0,1644.1,7381.64,0.0,0.0,0.0,0.0,0.0,3709.6026561266135,0.0,0.0,0.0
2030-09-04 05:00:00,1297.0,1644.1,7381.64,0.0,0.0,0.0,0.0,0.0,3995.3161496124976,0.0,0.0,0.0
2030-09-04 06:00:00,1297.0,1644.1,7381.64,0.0,0.0,0.0,0.0,0.0,3408.5667964709055,0.0,0.0,0.0
2030-09-04 07:00:00,1297.0,1644.1,7381.64,0.0,0.0,0.0,0.0,0.0,2370.9758302136865,0.0,0.0,0.0
2030-09-04 08:00:00,0.0,0.0,4118.371618272484,0.0,0.0,0.0,0.0,0.0,1557.3869054042189,0.0,0.0,0.0
2030-09-04 09:00:00,0.0,0.0,0.0,0.0,0.0,0.0,0.0,0.0,819.2851552263753,0.0,0.0,0.0
2030-09-04 10:00:00,0.0,0.0,0.0,0.0,0.0,0.0,0.0,0.0,0.0,0.0,0.0,0.0
2030-09-04 11:00:00,0.0,0.0,0.0,0.0,0.0,0.0,0.0,0.0,0.0,0.0,0.0,0.0
2030-09-04 12:00:00,0.0,0.0,0.0,0.0,0.0,0.0,0.0,0.0,0.0,0.0,0.0,0.0
2030-09-04 13:00:00,0.0,0.0,0.0,0.0,0.0,0.0,0.0,0.0,0.0,0.0,0.0,0.0
2030-09-04 14:00:00,0.0,0.0,0.0,0.0,0.0,0.0,0.0,0.0,0.0,0.0,0.0,0.0
2030-09-04 15:00:00,1297.0,75.97255119301917,7381.64,0.0,0.0,0.0,0.0,0.0,407.2646727171409,0.0,0.0,0.0
2030-09-04 16:00:00,1297.0,1644.1,7381.64,0.0,0.0,0.0,0.0,0.0,1217.9214817093803,0.0,0.0,0.0
2030-09-04 17:00:00,1297.0,1644.1,7381.64,0.0,0.0,0.0,0.0,0.0,2308.007672670241,0.0,0.0,0.0
2030-09-04 18:00:00,1297.0,1644.1,7381.64,0.0,0.0,0.0,0.0,0.0,3014.6116944909527,0.0,0.0,0.0
2030-09-04 19:00:00,1297.0,1644.1,7381.64,0.0,0.0,0.0,0.0,0.0,2860.628780946181,0.0,0.0,0.0
2030-09-04 20:00:00,1297.0,1644.1,7381.64,2581.0272031704712,0.0,0.0,0.0,0.0,2708.246088745639,0.0,0.0,0.0
2030-09-04 21:00:00,1297.0,1644.1,7381.64,0.0,0.0,0.0,0.0,0.0,2385.490445307786,0.0,0.0,0.0
2030-09-04 22:00:00,1297.0,1644.1,7381.64,3071.150176994648,0.0,0.0,0.0,0.0,2448.3586248180463,0.0,0.0,0.0
2030-09-04 23:00:00,1297.0,1644.1,7381.64,235.83181983488248,0.0,0.0,0.0,0.0,2342.904303845876,0.0,0.0,0.0
2030-09-05 00:00:00,1297.0,1644.1,7381.64,0.0,0.0,0.0,0.0,0.0,2311.9785080934707,0.0,0.0,0.0
2030-09-05 01:00:00,1297.0,1644.1,7381.64,0.0,0.0,0.0,0.0,0.0,2350.496329724424,0.0,0.0,0.0
2030-09-05 02:00:00,1297.0,1644.1,7381.64,0.0,0.0,0.0,0.0,0.0,2233.144623213884,0.0,0.0,0.0
2030-09-05 03:00:00,1297.0,1644.1,7381.64,0.0,0.0,0.0,0.0,0.0,2688.280593605018,0.0,0.0,0.0
2030-09-05 04:00:00,1297.0,1644.1,7381.64,0.0,0.0,0.0,0.0,0.0,3415.2807375595276,0.0,0.0,0.0
2030-09-05 05:00:00,1297.0,1644.1,7381.64,0.0,0.0,0.0,0.0,0.0,3724.103140369658,0.0,0.0,0.0
2030-09-05 06:00:00,1297.0,1644.1,7381.64,0.0,0.0,0.0,0.0,0.0,2821.4212199611675,0.0,0.0,561.2
2030-09-05 07:00:00,0.0,0.0,3933.890357013037,0.0,0.0,0.0,0.0,0.0,2816.4306269203685,0.0,0.0,0.0
2030-09-05 08:00:00,0.0,0.0,0.0,0.0,0.0,0.0,0.0,0.0,2361.2426017618,0.0,0.0,0.0
2030-09-05 09:00:00,0.0,0.0,0.0,0.0,0.0,0.0,0.0,0.0,0.0,0.0,0.0,0.0
2030-09-05 10:00:00,0.0,0.0,0.0,0.0,0.0,0.0,0.0,0.0,0.0,0.0,0.0,0.0
2030-09-05 11:00:00,0.0,0.0,0.0,0.0,0.0,0.0,0.0,0.0,0.0,0.0,0.0,0.0
2030-09-05 12:00:00,0.0,0.0,0.0,0.0,0.0,0.0,0.0,0.0,0.0,0.0,0.0,0.0
2030-09-05 13:00:00,0.0,0.0,0.0,0.0,0.0,0.0,0.0,0.0,0.0,0.0,0.0,0.0
2030-09-05 14:00:00,0.0,0.0,0.0,0.0,0.0,0.0,0.0,0.0,0.0,0.0,0.0,0.0
2030-09-05 15:00:00,0.0,0.0,0.0,0.0,0.0,0.0,0.0,0.0,0.0,0.0,0.0,0.0
2030-09-05 16:00:00,0.0,0.0,174.7956153678242,0.0,0.0,0.0,0.0,0.0,1040.1964888964562,0.0,0.0,0.0
2030-09-05 17:00:00,1297.0,1644.1,7381.64,2688.0192000000015,0.0,0.0,0.0,0.0,2268.1502109196113,0.0,0.0,0.0
2030-09-05 18:00:00,1297.0,1644.1,7381.64,0.0,0.0,0.0,0.0,0.0,2955.178773490534,0.0,0.0,0.0
2030-09-05 19:00:00,1297.0,1644.1,7381.64,3199.99,0.0,0.0,0.0,0.0,2788.6820104147123,0.0,0.0,0.0
2030-09-05 20:00:00,1297.0,1644.1,7381.64,0.0,0.0,0.0,0.0,0.0,2631.275189822305,0.0,0.0,0.0
2030-09-05 21:00:00,1297.0,1644.1,7381.64,0.0,0.0,0.0,0.0,0.0,2328.7451942101707,0.0,0.0,0.0
2030-09-05 22:00:00,1297.0,1644.1,7381.64,0.0,0.0,0.0,0.0,0.0,2361.194465616355,0.0,0.0,0.0
2030-09-05 23:00:00,1297.0,1644.1,7381.64,0.0,0.0,0.0,0.0,0.0,2259.7169141907116,0.0,0.0,0.0
2030-09-06 00:00:00,1297.0,1644.1,7381.64,0.0,0.0,0.0,0.0,0.0,2574.9987737641063,0.0,0.0,0.0
2030-09-06 01:00:00,1297.0,1644.1,7381.64,0.0,0.0,0.0,0.0,0.0,2625.096764687582,0.0,0.0,0.0
2030-09-06 02:00:00,1297.0,1644.1,7381.64,1179.198213937927,0.0,0.0,0.0,0.0,2527.5105930588493,0.0,0.0,0.0
2030-09-06 03:00:00,1297.0,1644.1,7381.64,0.0,0.0,0.0,0.0,0.0,3034.728607949274,0.0,0.0,0.0
2030-09-06 04:00:00,1297.0,1644.1,7381.64,3199.99,0.0,0.0,0.0,0.0,3780.0379372926236,0.0,0.0,0.0
2030-09-06 05:00:00,1297.0,1644.1,7381.64,848.4947533642514,0.0,0.0,0.0,0.0,1975.1605287521693,2070.0,0.0,0.0
2030-09-06 06:00:00,1297.0,1644.1,7381.64,0.0,0.0,0.0,0.0,0.0,3419.0602064216855,0.0,0.0,0.0
2030-09-06 07:00:00,1297.0,1644.1,7381.64,0.0,0.0,0.0,0.0,0.0,2255.4639976245508,0.0,0.0,0.0
2030-09-06 08:00:00,0.0,0.0,0.0,0.0,0.0,0.0,0.0,0.0,1266.420402151654,0.0,0.0,0.0
2030-09-06 09:00:00,0.0,0.0,0.0,0.0,0.0,0.0,0.0,0.0,0.0,229.15231249232693,0.0,0.0
2030-09-06 10:00:00,0.0,0.0,0.0,0.0,0.0,0.0,0.0,0.0,0.0,0.0,0.0,0.0
2030-09-06 11:00:00,0.0,0.0,0.0,0.0,0.0,0.0,0.0,0.0,0.0,0.0,0.0,0.0
2030-09-06 12:00:00,0.0,0.0,0.0,0.0,0.0,0.0,0.0,0.0,0.0,0.0,0.0,0.0
2030-09-06 13:00:00,0.0,0.0,0.0,0.0,0.0,0.0,0.0,0.0,0.0,0.0,0.0,0.0
2030-09-06 14:00:00,0.0,0.0,0.0,0.0,0.0,0.0,0.0,0.0,0.0,0.0,0.0,0.0
2030-09-06 15:00:00,0.0,0.0,0.0,0.0,0.0,0.0,0.0,0.0,0.0,0.0,0.0,0.0
2030-09-06 16:00:00,0.0,0.0,0.0,0.0,0.0,0.0,0.0,0.0,0.0,955.0602738641433,0.0,0.0
2030-09-06 17:00:00,0.0,0.0,0.0,3199.99,0.0,0.0,0.0,0.0,450.71893494512756,2070.0,0.0,0.0
2030-09-06 18:00:00,0.0,0.0,0.0,2688.0192000000015,0.0,0.0,0.0,0.0,1128.037386696487,2070.0,0.0,0.0
2030-09-06 19:00:00,0.0,0.0,0.0,0.0,0.0,0.0,0.0,0.0,968.5793419892216,2070.0,0.0,0.0
2030-09-06 20:00:00,0.0,0.0,0.0,0.0,0.0,0.0,0.0,0.0,793.3817925462365,2070.0,0.0,0.0
2030-09-06 21:00:00,0.0,0.0,0.0,0.0,0.0,0.0,0.0,0.0,436.5427255583604,2070.0,0.0,0.0
2030-09-06 22:00:00,0.0,0.0,0.0,0.0,0.0,0.0,0.0,0.0,473.3630359655431,2070.0,0.0,0.0
2030-09-06 23:00:00,0.0,0.0,0.0,0.0,0.0,0.0,0.0,0.0,357.3912077307175,2070.0,0.0,0.0
2030-09-07 00:00:00,0.0,0.0,0.0,0.0,0.0,0.0,0.0,0.0,2388.9920625096283,0.0,0.0,0.0
2030-09-07 01:00:00,0.0,0.0,0.0,0.0,0.0,0.0,0.0,0.0,366.8419482599295,2070.0,0.0,0.0
2030-09-07 02:00:00,0.0,0.0,0.0,0.0,0.0,0.0,0.0,0.0,260.50204707623766,2070.0,0.0,0.0
2030-09-07 03:00:00,0.0,0.0,0.0,0.0,0.0,0.0,0.0,0.0,2762.101420403357,0.0,0.0,0.0
2030-09-07 04:00:00,0.0,0.0,0.0,0.0,0.0,0.0,0.0,0.0,1368.2507473976525,2070.0,0.0,0.0
2030-09-07 05:00:00,0.0,0.0,0.0,3199.99,0.0,0.0,0.0,0.0,1080.490773879319,2070.0,0.0,561.2
2030-09-07 06:00:00,0.0,0.0,0.0,2688.0192000000015,0.0,0.0,0.0,0.0,1335.754650805818,2070.0,0.0,0.0
2030-09-07 07:00:00,0.0,0.0,0.0,0.0,0.0,0.0,0.0,0.0,500.86162013139824,2070.0,0.0,0.0
2030-09-07 08:00:00,0.0,0.0,0.0,0.0,0.0,0.0,0.0,0.0,0.0,0.0,0.0,0.0
2030-09-07 09:00:00,0.0,0.0,0.0,0.0,0.0,0.0,0.0,0.0,0.0,0.0,0.0,0.0
2030-09-07 10:00:00,0.0,0.0,0.0,0.0,0.0,0.0,0.0,0.0,0.0,0.0,0.0,0.0
2030-09-07 11:00:00,0.0,0.0,0.0,0.0,0.0,0.0,0.0,0.0,0.0,0.0,0.0,0.0
2030-09-07 12:00:00,0.0,0.0,0.0,0.0,0.0,0.0,0.0,0.0,0.0,0.0,0.0,0.0
2030-09-07 13:00:00,0.0,0.0,0.0,0.0,0.0,0.0,0.0,0.0,0.0,0.0,0.0,0.0
2030-09-07 14:00:00,0.0,0.0,0.0,0.0,0.0,0.0,0.0,0.0,0.0,0.0,0.0,0.0
2030-09-07 15:00:00,0.0,0.0,0.0,0.0,0.0,0.0,0.0,0.0,0.0,0.0,0.0,0.0
2030-09-07 16:00:00,0.0,0.0,0.0,0.0,0.0,0.0,0.0,0.0,872.1981472962884,0.0,0.0,0.0
2030-09-07 17:00:00,1297.0,1644.1,5954.163596004211,2688.0192000000015,0.0,0.0,0.0,0.0,122.52064300261577,2070.0,0.0,0.0
2030-09-07 18:00:00,1297.0,1644.1,7381.64,3199.99,0.0,0.0,0.0,0.0,3171.7140409901294,0.0,0.0,0.0
2030-09-07 19:00:00,1297.0,1644.1,6898.193191656166,0.0,0.0,0.0,0.0,0.0,2289.8497892066157,0.0,0.0,561.2
2030-09-07 20:00:00,971.1094499352512,0.0,0.0,0.0,0.0,0.0,0.0,0.0,0.0,2070.0,624.1342693793981,0.0
2030-09-07 21:00:00,0.0,0.0,0.0,0.0,0.0,0.0,0.0,0.0,327.8630214817547,2070.0,0.0,0.0
2030-09-07 22:00:00,0.0,0.0,0.0,0.0,0.0,0.0,0.0,0.0,399.9405096563571,2070.0,0.0,0.0
2030-09-07 23:00:00,0.0,0.0,0.0,0.0,0.0,0.0,0.0,0.0,0.0,0.0,0.0,0.0
2030-09-08 00:00:00,0.0,0.0,0.0,0.0,0.0,0.0,0.0,0.0,0.0,0.0,0.0,0.0
2030-09-08 01:00:00,0.0,0.0,0.0,0.0,0.0,0.0,0.0,0.0,0.0,0.0,0.0,0.0
2030-09-08 02:00:00,0.0,0.0,0.0,0.0,0.0,0.0,0.0,0.0,0.0,0.0,0.0,0.0
2030-09-08 03:00:00,0.0,0.0,0.0,0.0,0.0,0.0,0.0,0.0,0.0,0.0,0.0,0.0
2030-09-08 04:00:00,0.0,0.0,0.0,469.8548888901496,0.0,0.0,0.0,0.0,0.0,0.0,0.0,0.0
2030-09-08 05:00:00,0.0,0.0,0.0,1420.0192910644619,0.0,0.0,0.0,0.0,0.0,0.0,0.0,0.0
2030-09-08 06:00:00,0.0,0.0,0.0,0.0,0.0,0.0,0.0,0.0,0.0,0.0,0.0,0.0
2030-09-08 07:00:00,0.0,0.0,0.0,0.0,0.0,0.0,0.0,0.0,0.0,0.0,0.0,0.0
2030-09-08 08:00:00,0.0,0.0,0.0,0.0,0.0,0.0,0.0,0.0,0.0,0.0,0.0,0.0
2030-09-08 09:00:00,0.0,0.0,0.0,0.0,0.0,0.0,0.0,0.0,0.0,0.0,0.0,0.0
2030-09-08 10:00:00,0.0,0.0,0.0,0.0,0.0,0.0,0.0,0.0,0.0,0.0,0.0,0.0
2030-09-08 11:00:00,0.0,0.0,0.0,0.0,0.0,0.0,0.0,0.0,0.0,0.0,0.0,0.0
2030-09-08 12:00:00,0.0,0.0,0.0,0.0,0.0,0.0,0.0,0.0,0.0,0.0,0.0,0.0
2030-09-08 13:00:00,0.0,0.0,0.0,0.0,0.0,0.0,0.0,0.0,0.0,0.0,0.0,0.0
2030-09-08 14:00:00,0.0,0.0,0.0,0.0,0.0,0.0,0.0,0.0,0.0,0.0,0.0,0.0
2030-09-08 15:00:00,0.0,0.0,0.0,0.0,0.0,0.0,0.0,0.0,0.0,0.0,0.0,0.0
2030-09-08 16:00:00,0.0,0.0,0.0,0.0,0.0,0.0,0.0,0.0,0.0,0.0,0.0,0.0
2030-09-08 17:00:00,0.0,0.0,0.0,3199.99,0.0,0.0,0.0,0.0,1572.0275000526763,0.0,0.0,0.0
2030-09-08 18:00:00,0.0,0.0,0.0,0.0,0.0,0.0,0.0,0.0,2549.1740590430218,0.0,0.0,0.0
2030-09-08 19:00:00,0.0,0.0,0.0,0.0,0.0,0.0,0.0,0.0,2305.3135684976037,0.0,0.0,0.0
2030-09-08 20:00:00,0.0,0.0,0.0,0.0,0.0,0.0,0.0,0.0,2121.977307957088,0.0,0.0,0.0
2030-09-08 21:00:00,0.0,0.0,0.0,0.0,0.0,0.0,0.0,0.0,1983.0700827324868,0.0,0.0,0.0
2030-09-08 22:00:00,0.0,0.0,0.0,0.0,0.0,0.0,0.0,0.0,2096.694893315147,0.0,0.0,0.0
2030-09-08 23:00:00,0.0,0.0,0.0,2688.0192000000015,0.0,0.0,0.0,0.0,0.0,1978.2000430666285,0.0,0.0
2030-09-09 00:00:00,0.0,0.0,0.0,0.0,0.0,0.0,0.0,0.0,1407.9791909897986,771.1599026292429,0.0,0.0
2030-09-09 01:00:00,0.0,0.0,0.0,0.0,0.0,0.0,0.0,0.0,1620.6968436163793,0.0,0.0,561.2
2030-09-09 02:00:00,0.0,0.0,0.0,0.0,0.0,0.0,0.0,0.0,2042.9723337361097,0.0,0.0,0.0
2030-09-09 03:00:00,0.0,0.0,0.0,0.0,0.0,0.0,0.0,0.0,2143.980777564137,0.0,0.0,0.0
2030-09-09 04:00:00,0.0,0.0,0.0,0.0,0.0,0.0,0.0,0.0,2338.061719465025,0.0,0.0,0.0
2030-09-09 05:00:00,0.0,0.0,0.0,0.0,0.0,0.0,0.0,0.0,2214.874861188274,0.0,0.0,0.0
2030-09-09 06:00:00,0.0,0.0,0.0,0.0,0.0,0.0,0.0,0.0,0.0,0.0,1352.6038243065009,0.0
2030-09-09 07:00:00,0.0,0.0,0.0,0.0,0.0,0.0,0.0,0.0,0.0,0.0,0.0,0.0
2030-09-09 08:00:00,0.0,0.0,0.0,0.0,0.0,0.0,0.0,0.0,0.0,0.0,0.0,0.0
2030-09-09 09:00:00,0.0,0.0,0.0,0.0,0.0,0.0,0.0,0.0,0.0,0.0,0.0,0.0
2030-09-09 10:00:00,0.0,0.0,0.0,0.0,0.0,0.0,0.0,0.0,0.0,0.0,0.0,0.0
2030-09-09 11:00:00,0.0,0.0,0.0,0.0,0.0,0.0,0.0,0.0,0.0,0.0,0.0,0.0
2030-09-09 12:00:00,0.0,0.0,0.0,0.0,0.0,0.0,0.0,0.0,0.0,0.0,0.0,0.0
2030-09-09 13:00:00,0.0,0.0,0.0,0.0,0.0,0.0,0.0,0.0,0.0,0.0,0.0,0.0
2030-09-09 14:00:00,0.0,0.0,0.0,0.0,0.0,0.0,0.0,0.0,0.0,0.0,0.0,0.0
2030-09-09 15:00:00,0.0,0.0,0.0,0.0,0.0,0.0,0.0,0.0,0.0,0.0,0.0,0.0
2030-09-09 16:00:00,0.0,0.0,0.0,0.0,0.0,0.0,0.0,0.0,0.0,0.0,0.0,0.0
2030-09-09 17:00:00,1297.0,1644.1,2005.4198108138316,0.0,0.0,0.0,0.0,0.0,1908.3993885992736,0.0,0.0,0.0
2030-09-09 18:00:00,1297.0,1644.1,7381.64,0.0,0.0,0.0,0.0,0.0,2688.824242226919,0.0,0.0,0.0
2030-09-09 19:00:00,1297.0,1644.1,7381.64,1653.300405611286,0.0,0.0,0.0,0.0,2468.229922268273,0.0,0.0,0.0
2030-09-09 20:00:00,1297.0,1644.1,7381.64,1169.6167803180633,0.0,0.0,0.0,0.0,2282.026321269565,0.0,0.0,0.0
2030-09-09 21:00:00,1297.0,1644.1,7381.64,2540.285913891108,0.0,0.0,0.0,0.0,2101.048069592725,0.0,0.0,0.0
2030-09-09 22:00:00,1297.0,1644.1,7381.64,0.0,0.0,0.0,0.0,0.0,2168.0454931618124,0.0,0.0,0.0
2030-09-09 23:00:00,1297.0,1644.1,7381.64,524.8061001795443,0.0,0.0,0.0,0.0,1548.0052350851456,469.18448935101657,0.0,0.0
2030-09-10 00:00:00,1297.0,1644.1,7381.64,0.0,0.0,0.0,0.0,0.0,2323.2487900252045,0.0,0.0,0.0
2030-09-10 01:00:00,1297.0,1644.1,7381.64,0.0,0.0,0.0,0.0,0.0,268.16806257331905,2070.0,0.0,0.0
2030-09-10 02:00:00,1297.0,1644.1,7381.64,0.0,0.0,0.0,0.0,0.0,2208.5915340771453,0.0,0.0,0.0
2030-09-10 03:00:00,1297.0,1644.1,7381.64,0.0,0.0,0.0,0.0,0.0,2633.8425622100854,0.0,0.0,0.0
2030-09-10 04:00:00,1297.0,1644.1,7381.64,0.0,0.0,0.0,0.0,0.0,1265.5029237231251,2070.0,0.0,0.0
2030-09-10 05:00:00,1297.0,1644.1,7381.64,0.0,0.0,0.0,0.0,0.0,3639.8195707959676,0.0,0.0,0.0
2030-09-10 06:00:00,1297.0,1644.1,7381.64,0.0,0.0,0.0,0.0,0.0,933.6700553072174,2070.0,0.0,0.0
2030-09-10 07:00:00,1297.0,1644.1,5888.587168882212,0.0,0.0,0.0,0.0,0.0,0.0,1180.126496939748,0.0,561.2
2030-09-10 08:00:00,0.0,0.0,0.0,0.0,0.0,0.0,0.0,0.0,0.0,569.0374127016346,0.0,0.0
2030-09-10 09:00:00,0.0,0.0,0.0,0.0,0.0,0.0,0.0,0.0,0.0,0.0,0.0,0.0
2030-09-10 10:00:00,0.0,0.0,0.0,0.0,0.0,0.0,0.0,0.0,0.0,0.0,0.0,0.0
2030-09-10 11:00:00,0.0,0.0,0.0,0.0,0.0,0.0,0.0,0.0,0.0,0.0,0.0,0.0
2030-09-10 12:00:00,0.0,0.0,0.0,0.0,0.0,0.0,0.0,0.0,0.0,0.0,0.0,0.0
2030-09-10 13:00:00,0.0,0.0,0.0,0.0,0.0,0.0,0.0,0.0,0.0,0.0,0.0,0.0
2030-09-10 14:00:00,0.0,0.0,0.0,0.0,0.0,0.0,0.0,0.0,0.0,0.0,0.0,0.0
2030-09-10 15:00:00,0.0,0.0,0.0,0.0,0.0,0.0,0.0,0.0,0.0,0.0,0.0,0.0
2030-09-10 16:00:00,1297.0,1644.1,7381.64,495.31649888673746,0.0,0.0,0.0,0.0,0.0,1197.9272165783354,0.0,0.0
2030-09-10 17:00:00,1297.0,1644.1,7381.64,3199.99,0.0,0.0,0.0,0.0,1275.6530234464335,2070.0,0.0,0.0
2030-09-10 18:00:00,1297.0,1644.1,7381.64,2192.7027011132645,0.0,0.0,0.0,0.0,4194.4185906637995,2070.0,0.0,0.0
2030-09-10 19:00:00,1297.0,1644.1,1114.072630999035,0.0,0.0,0.0,0.0,0.0,1301.1858791262976,2070.0,0.0,0.0
2030-09-10 20:00:00,0.0,0.0,0.0,0.0,0.0,0.0,0.0,0.0,585.8919915116585,2070.0,0.0,0.0
2030-09-10 21:00:00,0.0,0.0,0.0,0.0,0.0,0.0,0.0,0.0,1511.556052284206,2070.0,0.0,0.0
2030-09-10 22:00:00,0.0,0.0,0.0,0.0,0.0,0.0,0.0,0.0,0.0,0.0,0.0,0.0
2030-09-10 23:00:00,0.0,0.0,0.0,0.0,0.0,0.0,0.0,0.0,0.0,0.0,0.0,0.0
2030-09-11 00:00:00,0.0,0.0,0.0,0.0,0.0,0.0,0.0,0.0,0.0,0.0,0.0,0.0
2030-09-11 01:00:00,0.0,0.0,0.0,0.0,0.0,0.0,0.0,0.0,0.0,0.0,0.0,0.0
2030-09-11 02:00:00,0.0,0.0,0.0,0.0,0.0,0.0,0.0,0.0,0.0,1833.0268356039348,0.0,0.0
2030-09-11 03:00:00,0.0,0.0,0.0,0.0,0.0,0.0,0.0,0.0,596.2931593800411,2070.0,0.0,0.0
2030-09-11 04:00:00,0.0,0.0,0.0,0.0,0.0,0.0,0.0,0.0,1273.8744665010236,2070.0,0.0,0.0
2030-09-11 05:00:00,1297.0,1644.1,1935.1059113221418,3199.99,0.0,0.0,0.0,0.0,1036.6839986886075,2070.0,0.0,561.2
2030-09-11 06:00:00,559.9003306298982,0.0,0.0,2688.0192000000015,0.0,0.0,0.0,0.0,1005.7958478016976,2070.0,0.0,0.0
2030-09-11 07:00:00,0.0,0.0,0.0,0.0,0.0,0.0,0.0,0.0,0.0,1449.602709275748,0.0,0.0
2030-09-11 08:00:00,0.0,0.0,0.0,0.0,0.0,0.0,0.0,0.0,0.0,0.0,0.0,0.0
2030-09-11 09:00:00,0.0,0.0,0.0,0.0,0.0,0.0,0.0,0.0,0.0,0.0,0.0,0.0
2030-09-11 10:00:00,0.0,0.0,0.0,0.0,0.0,0.0,0.0,0.0,0.0,0.0,0.0,0.0
2030-09-11 11:00:00,0.0,0.0,0.0,0.0,0.0,0.0,0.0,0.0,0.0,0.0,0.0,0.0
2030-09-11 12:00:00,0.0,0.0,0.0,0.0,0.0,0.0,0.0,0.0,0.0,0.0,0.0,0.0
2030-09-11 13:00:00,0.0,0.0,0.0,0.0,0.0,0.0,0.0,0.0,0.0,0.0,0.0,0.0
2030-09-11 14:00:00,0.0,0.0,0.0,0.0,0.0,0.0,0.0,0.0,0.0,0.0,0.0,0.0
2030-09-11 15:00:00,0.0,0.0,0.0,0.0,0.0,0.0,0.0,0.0,0.0,0.0,0.0,0.0
2030-09-11 16:00:00,1297.0,1644.1,7381.64,276.7330158513905,0.0,0.0,0.0,0.0,0.0,1327.575037734544,0.0,0.0
2030-09-11 17:00:00,1297.0,1644.1,7381.64,3199.99,0.0,0.0,0.0,0.0,552.002758494102,2070.0,0.0,0.0
2030-09-11 18:00:00,1297.0,1644.1,7381.64,2411.286184148611,0.0,0.0,0.0,0.0,4133.024222759171,212.39546087492113,0.0,0.0
2030-09-11 19:00:00,1297.0,1644.1,7381.64,0.0,0.0,0.0,0.0,0.0,818.970958173252,2070.0,0.0,0.0
2030-09-11 20:00:00,1297.0,1644.1,7381.64,0.0,0.0,0.0,0.0,0.0,645.624276276764,2070.0,0.0,0.0
2030-09-11 21:00:00,1297.0,1644.1,7381.64,0.0,0.0,0.0,0.0,0.0,358.75374917299064,2070.0,0.0,0.0
2030-09-11 22:00:00,1297.0,1644.1,7381.64,0.0,0.0,0.0,0.0,0.0,2461.3295338823264,0.0,0.0,0.0
2030-09-11 23:00:00,1297.0,1644.1,4239.878996471729,0.0,0.0,0.0,0.0,0.0,2336.3498082741353,0.0,0.0,0.0
2030-09-12 00:00:00,1297.0,146.99646900642048,2691.9544518760868,0.0,0.0,0.0,0.0,0.0,3781.0589711491666,0.0,0.0,0.0
2030-09-12 01:00:00,1297.0,0.0,131.87694259453565,0.0,0.0,0.0,0.0,0.0,3813.202293197891,0.0,0.0,0.0
2030-09-12 02:00:00,565.7532152158333,0.0,0.0,0.0,0.0,0.0,0.0,0.0,3707.024313133984,0.0,0.0,0.0
2030-09-12 03:00:00,635.7366048087679,0.0,0.0,0.0,0.0,0.0,0.0,0.0,4326.89574625176,0.0,0.0,0.0
2030-09-12 04:00:00,1297.0,0.0,5424.147681438684,0.0,0.0,0.0,0.0,0.0,5145.892397962172,0.0,0.0,0.0
2030-09-12 05:00:00,1297.0,1644.1,7381.64,417.05089751727064,0.0,0.0,0.0,0.0,5376.31858771183,0.0,0.0,0.0
2030-09-12 06:00:00,631.2924792776757,0.0,0.0,0.0,0.0,0.0,0.0,0.0,4646.972300607072,0.0,0.0,0.0
2030-09-12 07:00:00,0.0,0.0,0.0,0.0,0.0,0.0,0.0,0.0,2446.1055411002985,0.0,0.0,561.2
2030-09-12 08:00:00,0.0,0.0,0.0,0.0,0.0,0.0,0.0,0.0,0.0,0.0,0.0,0.0
2030-09-12 09:00:00,0.0,0.0,0.0,0.0,0.0,0.0,0.0,0.0,0.0,0.0,0.0,0.0
2030-09-12 10:00:00,0.0,0.0,0.0,0.0,0.0,0.0,0.0,0.0,0.0,0.0,0.0,0.0
2030-09-12 11:00:00,0.0,0.0,0.0,0.0,0.0,0.0,0.0,0.0,0.0,0.0,0.0,0.0
2030-09-12 12:00:00,0.0,0.0,0.0,0.0,0.0,0.0,0.0,0.0,0.0,0.0,0.0,0.0
2030-09-12 13:00:00,0.0,0.0,0.0,0.0,0.0,0.0,0.0,0.0,0.0,0.0,0.0,0.0
2030-09-12 14:00:00,0.0,0.0,0.0,0.0,0.0,0.0,0.0,0.0,0.0,0.0,0.0,0.0
2030-09-12 15:00:00,0.0,0.0,0.0,0.0,0.0,0.0,0.0,0.0,0.0,0.0,0.0,0.0
2030-09-12 16:00:00,0.0,0.0,0.0,0.0,0.0,0.0,0.0,0.0,2952.5584363599946,0.0,0.0,0.0
2030-09-12 17:00:00,1297.0,0.0,3902.51846012476,0.0,0.0,0.0,0.0,0.0,1792.830005097349,2070.0,0.0,0.0
2030-09-12 18:00:00,1297.0,0.0,1428.6368384563611,0.0,0.0,0.0,0.0,0.0,2299.7713313224967,2070.0,0.0,0.0
2030-09-12 19:00:00,0.0,0.0,0.0,0.0,0.0,0.0,0.0,0.0,2190.256245099714,2070.0,0.0,0.0
2030-09-12 20:00:00,0.0,0.0,0.0,0.0,0.0,0.0,0.0,0.0,2059.4191176128707,2070.0,0.0,0.0
2030-09-12 21:00:00,0.0,0.0,0.0,0.0,0.0,0.0,0.0,0.0,3725.4304311767064,0.0,0.0,0.0
2030-09-12 22:00:00,0.0,0.0,0.0,0.0,0.0,0.0,0.0,0.0,1626.6745498379018,2070.0,0.0,0.0
2030-09-12 23:00:00,0.0,0.0,0.0,0.0,0.0,0.0,0.0,0.0,1519.8399852740908,2070.0,0.0,0.0
2030-09-13 00:00:00,0.0,0.0,0.0,0.0,0.0,0.0,0.0,0.0,1793.5126199028728,2070.0,0.0,0.0
2030-09-13 01:00:00,0.0,0.0,0.0,0.0,0.0,0.0,0.0,0.0,1893.9686521257731,2070.0,0.0,0.0
2030-09-13 02:00:00,0.0,0.0,671.5154884454096,0.0,0.0,0.0,0.0,0.0,1910.8151660276144,2070.0,0.0,0.0
2030-09-13 03:00:00,1013.5774059126722,0.0,6137.132909544964,0.0,0.0,0.0,0.0,0.0,4521.939853823243,0.0,0.0,0.0
2030-09-13 04:00:00,1297.0,1644.1,7381.64,3199.99,0.0,0.0,0.0,0.0,5204.95573872104,0.0,0.0,0.0
2030-09-13 05:00:00,1297.0,1644.1,7381.64,0.0,0.0,0.0,0.0,0.0,5361.21968545854,0.0,0.0,0.0
2030-09-13 06:00:00,1297.0,1644.1,7381.64,2688.0192000000015,0.0,0.0,0.0,0.0,5066.924880818915,0.0,0.0,0.0
2030-09-13 07:00:00,1297.0,1644.1,7381.64,0.0,0.0,0.0,0.0,0.0,4599.735651941059,0.0,0.0,0.0
2030-09-13 08:00:00,282.2786885472524,0.0,7381.64,0.0,0.0,0.0,0.0,0.0,4356.523007671701,0.0,0.0,0.0
2030-09-13 09:00:00,0.0,0.0,0.0,0.0,0.0,0.0,0.0,0.0,4109.991759233128,0.0,0.0,0.0
2030-09-13 10:00:00,0.0,0.0,0.0,0.0,0.0,0.0,0.0,0.0,3484.6715808202134,0.0,0.0,0.0
2030-09-13 11:00:00,0.0,0.0,0.0,0.0,0.0,0.0,0.0,0.0,2732.80390109696,0.0,0.0,0.0
2030-09-13 12:00:00,0.0,0.0,0.0,0.0,0.0,0.0,0.0,0.0,1692.211578539746,0.0,0.0,0.0
2030-09-13 13:00:00,0.0,0.0,0.0,0.0,0.0,0.0,0.0,0.0,1328.2020949240941,0.0,0.0,0.0
2030-09-13 14:00:00,0.0,0.0,0.0,0.0,0.0,0.0,0.0,0.0,1662.714289046693,0.0,0.0,0.0
2030-09-13 15:00:00,0.0,0.0,0.0,0.0,0.0,0.0,0.0,0.0,1887.9348251462934,0.0,0.0,0.0
2030-09-13 16:00:00,1297.0,160.04287847834712,7381.64,0.0,0.0,0.0,0.0,0.0,2526.110294430968,0.0,0.0,0.0
2030-09-13 17:00:00,1297.0,1644.1,7381.64,3199.99,0.0,0.0,0.0,0.0,3637.5405642648348,0.0,0.0,0.0
2030-09-13 18:00:00,1297.0,1644.1,7381.64,0.0,0.0,0.0,0.0,0.0,4267.509215264825,0.0,0.0,0.0
2030-09-13 19:00:00,1297.0,1644.1,7381.64,2688.0192000000015,0.0,0.0,0.0,0.0,4099.802876638963,0.0,0.0,0.0
2030-09-13 20:00:00,1297.0,1644.1,7381.64,0.0,0.0,0.0,0.0,0.0,3952.021977973237,0.0,0.0,0.0
2030-09-13 21:00:00,1297.0,1644.1,7381.64,0.0,0.0,0.0,0.0,0.0,3653.449706479546,0.0,0.0,0.0
2030-09-13 22:00:00,1297.0,1644.1,7381.64,0.0,0.0,0.0,0.0,0.0,3730.1687437881565,0.0,0.0,0.0
2030-09-13 23:00:00,1297.0,1644.1,7381.64,0.0,0.0,0.0,0.0,0.0,3646.536524254986,0.0,0.0,0.0
2030-09-14 00:00:00,1297.0,1644.1,7381.64,0.0,0.0,0.0,0.0,0.0,3683.8188226359425,0.0,0.0,0.0
2030-09-14 01:00:00,1297.0,1644.1,7381.64,0.0,0.0,0.0,0.0,0.0,3791.3234757809314,0.0,0.0,0.0
2030-09-14 02:00:00,1297.0,1644.1,7381.64,0.0,0.0,0.0,0.0,0.0,3765.245070043842,0.0,0.0,0.0
2030-09-14 03:00:00,1297.0,1644.1,7381.64,0.0,0.0,0.0,0.0,0.0,4325.925350615342,0.0,0.0,0.0
2030-09-14 04:00:00,1297.0,1644.1,7381.64,0.0,0.0,0.0,0.0,0.0,5020.635240861806,0.0,0.0,0.0
2030-09-14 05:00:00,1297.0,1644.1,7381.64,0.0,0.0,0.0,0.0,0.0,5181.412665119613,0.0,0.0,0.0
2030-09-14 06:00:00,1297.0,1644.1,7381.64,0.0,0.0,0.0,0.0,0.0,4368.6008223057215,0.0,0.0,0.0
2030-09-14 07:00:00,1297.0,1644.1,7381.64,0.0,0.0,0.0,0.0,0.0,2706.3008627877784,0.0,0.0,0.0
2030-09-14 08:00:00,0.0,0.0,6707.088575517522,0.0,0.0,0.0,0.0,0.0,1440.5284552949092,0.0,0.0,0.0
2030-09-14 09:00:00,0.0,0.0,0.0,0.0,0.0,0.0,0.0,0.0,273.5990124845471,0.0,0.0,0.0
2030-09-14 10:00:00,0.0,0.0,0.0,0.0,0.0,0.0,0.0,0.0,0.0,0.0,0.0,0.0
2030-09-14 11:00:00,0.0,0.0,0.0,0.0,0.0,0.0,0.0,0.0,0.0,0.0,0.0,0.0
2030-09-14 12:00:00,0.0,0.0,0.0,0.0,0.0,0.0,0.0,0.0,0.0,0.0,0.0,0.0
2030-09-14 13:00:00,0.0,0.0,2827.2417840944436,0.0,0.0,0.0,0.0,0.0,0.0,0.0,0.0,0.0
2030-09-14 14:00:00,1297.0,1644.1,7381.64,0.0,0.0,0.0,0.0,0.0,0.0,0.0,0.0,0.0
2030-09-14 15:00:00,1297.0,1644.1,7381.64,0.0,0.0,0.0,0.0,0.0,294.64854868638713,0.0,0.0,0.0
2030-09-14 16:00:00,1297.0,1644.1,7381.64,3199.99,0.0,0.0,0.0,0.0,1930.1620804977479,0.0,0.0,0.0
2030-09-14 17:00:00,1297.0,1644.1,7381.64,2688.0192000000015,0.0,0.0,0.0,0.0,3314.3137399942443,0.0,0.0,0.0
2030-09-14 18:00:00,1297.0,1644.1,7381.64,0.0,0.0,0.0,0.0,0.0,3960.747640284477,0.0,0.0,0.0
2030-09-14 19:00:00,1297.0,1644.1,7381.64,0.0,0.0,0.0,0.0,0.0,3784.4844460534605,0.0,0.0,0.0
2030-09-14 20:00:00,1297.0,1644.1,7381.64,0.0,0.0,0.0,0.0,0.0,3628.240170553204,0.0,0.0,0.0
2030-09-14 21:00:00,1297.0,1644.1,7381.64,0.0,0.0,0.0,0.0,0.0,3334.6941776013937,0.0,0.0,0.0
2030-09-14 22:00:00,126.57814296336507,44.199033284653275,7000.592787390047,0.0,0.0,0.0,0.0,0.0,3414.4552578464472,0.0,0.0,0.0
2030-09-14 23:00:00,126.57814296336507,44.199033284653275,0.0,0.0,0.0,0.0,0.0,0.0,3337.924679167202,0.0,0.0,0.0
2030-09-15 00:00:00,0.0,0.0,0.0,0.0,0.0,0.0,0.0,0.0,3072.8373340154294,0.0,0.0,0.0
2030-09-15 01:00:00,0.0,0.0,0.0,0.0,0.0,0.0,0.0,0.0,1120.3049728576716,0.0,0.0,561.2
2030-09-15 02:00:00,0.0,0.0,0.0,0.0,0.0,0.0,0.0,0.0,0.0,0.0,0.0,0.0
2030-09-15 03:00:00,0.0,0.0,0.0,0.0,0.0,0.0,0.0,0.0,0.0,0.0,0.0,0.0
2030-09-15 04:00:00,0.0,0.0,0.0,0.0,0.0,0.0,0.0,0.0,0.0,0.0,0.0,0.0
2030-09-15 05:00:00,0.0,0.0,0.0,0.0,0.0,0.0,0.0,0.0,0.0,0.0,0.0,0.0
2030-09-15 06:00:00,0.0,0.0,0.0,0.0,0.0,0.0,0.0,0.0,0.0,0.0,0.0,0.0
2030-09-15 07:00:00,0.0,0.0,0.0,0.0,0.0,0.0,0.0,0.0,0.0,0.0,0.0,0.0
2030-09-15 08:00:00,0.0,0.0,0.0,0.0,0.0,0.0,0.0,0.0,0.0,0.0,0.0,0.0
2030-09-15 09:00:00,0.0,0.0,0.0,0.0,0.0,0.0,0.0,0.0,0.0,0.0,0.0,0.0
2030-09-15 10:00:00,0.0,0.0,0.0,0.0,0.0,0.0,0.0,0.0,0.0,0.0,0.0,0.0
2030-09-15 11:00:00,0.0,0.0,0.0,0.0,0.0,0.0,0.0,0.0,0.0,0.0,0.0,0.0
2030-09-15 12:00:00,0.0,0.0,0.0,0.0,0.0,0.0,0.0,0.0,0.0,0.0,0.0,0.0
2030-09-15 13:00:00,0.0,0.0,0.0,0.0,0.0,0.0,0.0,0.0,0.0,0.0,0.0,0.0
2030-09-15 14:00:00,0.0,0.0,0.0,0.0,0.0,0.0,0.0,0.0,0.0,0.0,0.0,0.0
2030-09-15 15:00:00,0.0,0.0,0.0,0.0,0.0,0.0,0.0,0.0,0.0,0.0,0.0,0.0
2030-09-15 16:00:00,0.0,0.0,0.0,0.0,0.0,0.0,0.0,0.0,0.0,0.0,0.0,0.0
2030-09-15 17:00:00,0.0,0.0,0.0,0.0,0.0,0.0,0.0,0.0,0.0,0.0,0.0,561.2
2030-09-15 18:00:00,0.0,0.0,0.0,0.0,0.0,0.0,0.0,0.0,0.0,0.0,0.0,0.0
2030-09-15 19:00:00,0.0,0.0,0.0,0.0,0.0,0.0,0.0,0.0,0.0,0.0,0.0,0.0
2030-09-15 20:00:00,0.0,0.0,0.0,0.0,0.0,0.0,0.0,0.0,0.0,0.0,0.0,0.0
2030-09-15 21:00:00,0.0,0.0,0.0,0.0,0.0,0.0,0.0,0.0,0.0,0.0,0.0,0.0
2030-09-15 22:00:00,0.0,0.0,0.0,0.0,0.0,0.0,0.0,0.0,0.0,0.0,0.0,0.0
2030-09-15 23:00:00,0.0,0.0,0.0,0.0,0.0,0.0,0.0,0.0,0.0,0.0,0.0,0.0
2030-09-16 00:00:00,0.0,0.0,0.0,0.0,0.0,0.0,0.0,0.0,0.0,0.0,0.0,0.0
2030-09-16 01:00:00,0.0,0.0,0.0,0.0,0.0,0.0,0.0,0.0,0.0,0.0,0.0,0.0
2030-09-16 02:00:00,0.0,0.0,0.0,0.0,0.0,0.0,0.0,0.0,0.0,0.0,0.0,0.0
2030-09-16 03:00:00,0.0,0.0,0.0,0.0,0.0,0.0,0.0,0.0,0.0,0.0,0.0,0.0
2030-09-16 04:00:00,0.0,0.0,0.0,0.0,0.0,0.0,0.0,0.0,0.0,0.0,0.0,0.0
2030-09-16 05:00:00,0.0,0.0,0.0,0.0,0.0,0.0,0.0,0.0,0.0,0.0,0.0,0.0
2030-09-16 06:00:00,0.0,0.0,0.0,0.0,0.0,0.0,0.0,0.0,0.0,0.0,0.0,0.0
2030-09-16 07:00:00,0.0,0.0,0.0,0.0,0.0,0.0,0.0,0.0,0.0,0.0,0.0,0.0
2030-09-16 08:00:00,0.0,0.0,0.0,0.0,0.0,0.0,0.0,0.0,0.0,0.0,0.0,0.0
2030-09-16 09:00:00,0.0,0.0,0.0,0.0,0.0,0.0,0.0,0.0,0.0,0.0,0.0,0.0
2030-09-16 10:00:00,0.0,0.0,0.0,0.0,0.0,0.0,0.0,0.0,0.0,0.0,0.0,0.0
2030-09-16 11:00:00,0.0,0.0,0.0,0.0,0.0,0.0,0.0,0.0,0.0,0.0,0.0,0.0
2030-09-16 12:00:00,0.0,0.0,0.0,0.0,0.0,0.0,0.0,0.0,0.0,0.0,0.0,0.0
2030-09-16 13:00:00,0.0,0.0,0.0,0.0,0.0,0.0,0.0,0.0,0.0,0.0,0.0,0.0
2030-09-16 14:00:00,0.0,0.0,0.0,0.0,0.0,0.0,0.0,0.0,0.0,0.0,0.0,0.0
2030-09-16 15:00:00,0.0,0.0,0.0,0.0,0.0,0.0,0.0,0.0,0.0,0.0,0.0,0.0
2030-09-16 16:00:00,0.0,0.0,0.0,0.0,0.0,0.0,0.0,0.0,0.0,1095.9577725809017,0.0,0.0
2030-09-16 17:00:00,1297.0,1644.1,1200.5409769407706,0.0,0.0,0.0,0.0,0.0,2794.3037372093177,0.0,0.0,0.0
2030-09-16 18:00:00,1297.0,1644.1,5232.052369976791,0.0,0.0,0.0,0.0,0.0,1434.6186906639487,2070.0,0.0,0.0
2030-09-16 19:00:00,1297.0,1644.1,7381.64,0.0,0.0,0.0,0.0,0.0,1170.716365079997,2070.0,0.0,0.0
2030-09-16 20:00:00,1297.0,1644.1,3313.876633993781,0.0,0.0,0.0,0.0,0.0,3019.8546136481464,0.0,0.0,0.0
2030-09-16 21:00:00,1297.0,1644.1,842.8607229862555,0.0,0.0,0.0,0.0,0.0,2817.076257486915,0.0,0.0,0.0
2030-09-16 22:00:00,1297.0,1644.1,7187.947932353376,0.0,0.0,0.0,0.0,0.0,2903.1492654398435,0.0,0.0,0.0
2030-09-16 23:00:00,1297.0,1644.1,5613.212496710743,0.0,0.0,0.0,0.0,0.0,2770.8142047634087,0.0,0.0,0.0
2030-09-17 00:00:00,1297.0,1644.1,0.0,0.0,0.0,0.0,0.0,0.0,869.470303517171,2070.0,0.0,0.0
2030-09-17 01:00:00,1297.0,1644.1,1161.1992747738332,0.0,0.0,0.0,0.0,0.0,940.6196912154892,2070.0,0.0,0.0
2030-09-17 02:00:00,1297.0,1644.1,7381.64,0.0,0.0,0.0,0.0,0.0,877.0608463646927,2070.0,0.0,0.0
2030-09-17 03:00:00,1297.0,1644.1,7381.64,0.0,0.0,0.0,0.0,0.0,787.8957569970678,2070.0,0.0,561.2
2030-09-17 04:00:00,1297.0,1644.1,7381.64,3199.99,0.0,0.0,0.0,0.0,1061.2971227660173,2070.0,1001.9771914465832,0.0
2030-09-17 05:00:00,1297.0,1644.1,7381.64,416.50968059246486,0.0,0.0,0.0,0.0,2335.755745374626,2070.0,0.0,0.0
2030-09-17 06:00:00,1297.0,1644.1,7381.64,2271.5095194075366,0.0,0.0,0.0,0.0,4362.578337673024,0.0,0.0,0.0
2030-09-17 07:00:00,1297.0,1644.1,0.0,0.0,0.0,0.0,0.0,0.0,2422.690344779413,0.0,0.0,0.0
2030-09-17 08:00:00,0.0,0.0,0.0,0.0,0.0,0.0,0.0,0.0,0.0,0.0,0.0,0.0
2030-09-17 09:00:00,0.0,0.0,0.0,0.0,0.0,0.0,0.0,0.0,0.0,0.0,0.0,0.0
2030-09-17 10:00:00,0.0,0.0,0.0,0.0,0.0,0.0,0.0,0.0,0.0,0.0,0.0,0.0
2030-09-17 11:00:00,0.0,0.0,0.0,0.0,0.0,0.0,0.0,0.0,0.0,0.0,0.0,0.0
2030-09-17 12:00:00,0.0,0.0,0.0,0.0,0.0,0.0,0.0,0.0,0.0,0.0,0.0,0.0
2030-09-17 13:00:00,0.0,0.0,0.0,0.0,0.0,0.0,0.0,0.0,0.0,0.0,0.0,0.0
2030-09-17 14:00:00,0.0,0.0,0.0,0.0,0.0,0.0,0.0,0.0,0.0,0.0,0.0,0.0
2030-09-17 15:00:00,0.0,0.0,0.0,0.0,0.0,0.0,0.0,0.0,0.0,0.0,0.0,0.0
2030-09-17 16:00:00,1297.0,1644.1,7381.64,1923.6994763419098,0.0,0.0,0.0,0.0,1023.3552164435782,0.0,0.0,0.0
2030-09-17 17:00:00,1297.0,1644.1,7381.64,3199.99,0.0,0.0,0.0,0.0,4489.180384245041,0.0,0.0,0.0
2030-09-17 18:00:00,1297.0,1644.1,7381.64,764.3197236580922,0.0,0.0,0.0,0.0,6775.184630729407,0.0,0.0,0.0
2030-09-17 19:00:00,1297.0,1644.1,7381.64,0.0,0.0,0.0,0.0,0.0,4032.900223187551,0.0,0.0,0.0
2030-09-17 20:00:00,1297.0,1644.1,7381.64,0.0,0.0,0.0,0.0,0.0,3093.4737723410344,0.0,0.0,0.0
2030-09-17 21:00:00,1297.0,1644.1,7381.64,0.0,0.0,0.0,0.0,0.0,3040.939193961002,0.0,0.0,0.0
2030-09-17 22:00:00,1297.0,1644.1,0.0,0.0,0.0,0.0,0.0,0.0,3651.60301684579,0.0,0.0,0.0
2030-09-17 23:00:00,148.01955153020754,0.0,0.0,0.0,0.0,0.0,0.0,0.0,2678.948483856612,0.0,0.0,0.0
2030-09-18 00:00:00,0.0,0.0,0.0,0.0,0.0,0.0,0.0,0.0,815.4388398593555,2070.0,0.0,0.0
2030-09-18 01:00:00,0.0,0.0,0.0,0.0,0.0,0.0,0.0,0.0,874.1335121992424,2070.0,0.0,0.0
2030-09-18 02:00:00,0.0,0.0,0.0,0.0,0.0,0.0,0.0,0.0,2881.014055686766,0.0,0.0,0.0
2030-09-18 03:00:00,0.0,0.0,0.0,0.0,0.0,0.0,0.0,0.0,1262.0309606645783,2070.0,0.0,0.0
2030-09-18 04:00:00,1297.0,1644.1,5954.661874072925,0.0,0.0,0.0,0.0,0.0,1969.6714617085545,2070.0,0.0,0.0
2030-09-18 05:00:00,1297.0,1644.1,0.0,3199.99,0.0,0.0,0.0,0.0,2260.529196334334,2070.0,0.0,0.0
2030-09-18 06:00:00,1297.0,1644.1,7374.5491199636745,2688.0192000000015,0.0,0.0,0.0,0.0,4470.886446632182,0.0,1733.3010000000027,0.0
2030-09-18 07:00:00,0.0,0.0,0.0,0.0,0.0,0.0,0.0,0.0,0.0,1762.8874921466713,0.0,561.2
2030-09-18 08:00:00,0.0,0.0,0.0,0.0,0.0,0.0,0.0,0.0,0.0,0.0,0.0,0.0
2030-09-18 09:00:00,0.0,0.0,0.0,0.0,0.0,0.0,0.0,0.0,0.0,0.0,0.0,0.0
2030-09-18 10:00:00,0.0,0.0,0.0,0.0,0.0,0.0,0.0,0.0,0.0,0.0,0.0,0.0
2030-09-18 11:00:00,0.0,0.0,0.0,0.0,0.0,0.0,0.0,0.0,0.0,0.0,0.0,0.0
2030-09-18 12:00:00,0.0,0.0,0.0,0.0,0.0,0.0,0.0,0.0,0.0,0.0,0.0,0.0
2030-09-18 13:00:00,0.0,0.0,0.0,0.0,0.0,0.0,0.0,0.0,0.0,0.0,0.0,0.0
2030-09-18 14:00:00,0.0,0.0,0.0,0.0,0.0,0.0,0.0,0.0,0.0,0.0,0.0,0.0
2030-09-18 15:00:00,1297.0,1644.1,0.0,0.0,0.0,0.0,0.0,0.0,190.7042069927661,0.0,0.0,0.0
2030-09-18 16:00:00,1297.0,1644.1,7381.64,0.0,0.0,0.0,0.0,0.0,1721.5258092665485,0.0,0.0,0.0
2030-09-18 17:00:00,1297.0,1644.1,7381.64,2310.2323635323546,0.0,0.0,0.0,0.0,5795.363050935333,0.0,0.0,0.0
2030-09-18 18:00:00,1297.0,1644.1,7381.64,377.78683646764694,0.0,0.0,0.0,296.46120003912074,8257.679958118426,0.0,0.0,0.0
2030-09-18 19:00:00,1297.0,1644.1,7381.64,3199.99,0.0,0.0,0.0,0.0,5993.034097569247,0.0,0.0,0.0
2030-09-18 20:00:00,1297.0,1644.1,7381.64,0.0,0.0,0.0,0.0,0.0,3113.081927650419,0.0,0.0,0.0
2030-09-18 21:00:00,1297.0,1644.1,7381.64,0.0,0.0,0.0,0.0,0.0,2639.304409891841,2070.0,0.0,0.0
2030-09-18 22:00:00,1297.0,1644.1,7381.64,0.0,0.0,0.0,0.0,0.0,5097.207918472135,0.0,0.0,0.0
2030-09-18 23:00:00,1297.0,1644.1,7381.64,0.0,0.0,0.0,0.0,0.0,2687.817291480166,0.0,0.0,0.0
2030-09-19 00:00:00,1297.0,1644.1,7381.64,0.0,0.0,0.0,0.0,0.0,3873.5608627162637,0.0,0.0,0.0
2030-09-19 01:00:00,1297.0,1644.1,7381.64,0.0,0.0,0.0,0.0,0.0,3944.985386349641,0.0,0.0,0.0
2030-09-19 02:00:00,1297.0,1644.1,4416.455408996208,0.0,0.0,0.0,0.0,0.0,3877.001891113194,0.0,0.0,0.0
2030-09-19 03:00:00,1297.0,1644.1,6268.826203569864,0.0,0.0,0.0,0.0,0.0,4470.292286725606,0.0,0.0,0.0
2030-09-19 04:00:00,1297.0,1644.1,7381.64,0.0,0.0,0.0,0.0,0.0,5247.207263755534,0.0,0.0,0.0
2030-09-19 05:00:00,1297.0,1644.1,7381.64,0.0,0.0,0.0,0.0,0.0,5462.836922158784,0.0,0.0,0.0
2030-09-19 06:00:00,1297.0,1644.1,0.0,0.0,0.0,0.0,0.0,0.0,4792.55456323686,0.0,0.0,0.0
2030-09-19 07:00:00,0.0,0.0,0.0,0.0,0.0,0.0,0.0,0.0,1519.814354196898,0.0,1134.4596484307522,561.2
2030-09-19 08:00:00,0.0,0.0,0.0,0.0,0.0,0.0,0.0,0.0,0.0,0.0,0.0,0.0
2030-09-19 09:00:00,0.0,0.0,0.0,0.0,0.0,0.0,0.0,0.0,0.0,0.0,0.0,0.0
2030-09-19 10:00:00,0.0,0.0,0.0,0.0,0.0,0.0,0.0,0.0,0.0,0.0,0.0,0.0
2030-09-19 11:00:00,0.0,0.0,0.0,0.0,0.0,0.0,0.0,0.0,0.0,0.0,0.0,0.0
2030-09-19 12:00:00,0.0,0.0,0.0,0.0,0.0,0.0,0.0,0.0,0.0,0.0,0.0,0.0
2030-09-19 13:00:00,0.0,0.0,0.0,0.0,0.0,0.0,0.0,0.0,0.0,0.0,0.0,0.0
2030-09-19 14:00:00,0.0,0.0,0.0,0.0,0.0,0.0,0.0,0.0,0.0,0.0,0.0,0.0
2030-09-19 15:00:00,0.0,0.0,0.0,0.0,0.0,0.0,0.0,0.0,2137.8078313935885,195.95730582088873,0.0,0.0
2030-09-19 16:00:00,1297.0,1644.1,0.0,3199.99,0.0,0.0,0.0,0.0,1165.9941785042538,2070.0,0.0,0.0
2030-09-19 17:00:00,1297.0,1644.1,7381.64,1697.5794722983192,0.0,0.0,0.0,0.0,3964.0012547102697,0.0,0.0,0.0
2030-09-19 18:00:00,1297.0,1644.1,3690.3883725524433,990.4397277016824,0.0,0.0,0.0,0.0,2286.981136444831,2070.0,0.0,0.0
2030-09-19 19:00:00,1297.0,1644.1,0.0,0.0,0.0,0.0,0.0,0.0,2108.064659893486,2070.0,0.0,0.0
2030-09-19 20:00:00,1297.0,1644.1,3809.038237503395,0.0,0.0,0.0,0.0,0.0,1965.3159353833348,2070.0,0.0,0.0
2030-09-19 21:00:00,733.1493530890293,0.0,0.0,0.0,0.0,0.0,0.0,0.0,3702.5274988543533,0.0,0.0,0.0
2030-09-19 22:00:00,1297.0,1215.4327036462782,0.0,0.0,0.0,0.0,0.0,0.0,1699.253817803944,2070.0,0.0,0.0
2030-09-19 23:00:00,1297.0,1644.1,0.0,0.0,0.0,0.0,0.0,0.0,1594.9953809627132,2070.0,0.0,0.0
2030-09-20 00:00:00,1297.0,0.0,3281.5275674010227,0.0,0.0,0.0,0.0,0.0,1074.4395261622617,2070.0,0.0,561.2
2030-09-20 01:00:00,1297.0,0.0,5646.886559766459,0.0,0.0,0.0,0.0,0.0,1727.768069770384,2070.0,0.0,0.0
2030-09-20 02:00:00,1297.0,611.0060022163435,0.0,0.0,0.0,0.0,0.0,0.0,1679.5770951452432,2070.0,0.0,0.0
2030-09-20 03:00:00,1297.0,46.98767062309211,6261.319105815841,0.0,0.0,0.0,0.0,0.0,2196.502130949212,2070.0,0.0,0.0
2030-09-20 04:00:00,1297.0,46.98767062309211,7381.64,0.0,0.0,0.0,0.0,0.0,2859.3369506436425,2070.0,0.0,0.0
2030-09-20 05:00:00,1297.0,46.98767062309211,7381.64,0.0,0.0,0.0,0.0,0.0,3021.0904656268985,2070.0,0.0,0.0
2030-09-20 06:00:00,1297.0,46.98767062309211,0.0,0.0,0.0,0.0,0.0,0.0,2742.2184643158835,2070.0,0.0,0.0
2030-09-20 07:00:00,0.0,0.0,0.0,0.0,0.0,0.0,0.0,0.0,2151.1384873649,2070.0,0.0,0.0
2030-09-20 08:00:00,0.0,0.0,0.0,0.0,0.0,0.0,0.0,0.0,0.0,0.0,0.0,0.0
2030-09-20 09:00:00,0.0,0.0,0.0,0.0,0.0,0.0,0.0,0.0,0.0,0.0,0.0,0.0
2030-09-20 10:00:00,0.0,0.0,0.0,0.0,0.0,0.0,0.0,0.0,0.0,0.0,0.0,0.0
2030-09-20 11:00:00,0.0,0.0,0.0,0.0,0.0,0.0,0.0,0.0,0.0,0.0,0.0,0.0
2030-09-20 12:00:00,0.0,0.0,0.0,0.0,0.0,0.0,0.0,0.0,0.0,0.0,0.0,0.0
2030-09-20 13:00:00,0.0,0.0,0.0,0.0,0.0,0.0,0.0,0.0,0.0,0.0,0.0,0.0
2030-09-20 14:00:00,0.0,0.0,0.0,0.0,0.0,0.0,0.0,0.0,0.0,0.0,0.0,0.0
2030-09-20 15:00:00,0.0,0.0,0.0,0.0,0.0,0.0,0.0,0.0,0.0,0.0,0.0,0.0
2030-09-20 16:00:00,0.0,0.0,0.0,0.0,0.0,0.0,0.0,0.0,72.24188605182371,2070.0,0.0,0.0
2030-09-20 17:00:00,1297.0,1644.1,7381.64,0.0,0.0,0.0,0.0,0.0,1451.7016002027767,2070.0,0.0,0.0
2030-09-20 18:00:00,1297.0,1644.1,7381.64,2433.6004623522167,0.0,0.0,0.0,0.0,1963.4870888784385,2070.0,0.0,0.0
2030-09-20 19:00:00,1297.0,1644.1,7140.548929736993,0.0,0.0,0.0,0.0,0.0,1789.59718020328,2070.0,0.0,0.0
2030-09-20 20:00:00,1297.0,1644.1,7381.64,0.0,0.0,0.0,0.0,0.0,1639.9174802645348,2070.0,0.0,0.0
2030-09-20 21:00:00,1297.0,0.0,7381.64,0.0,0.0,0.0,0.0,0.0,1351.0286190632778,2070.0,0.0,0.0
2030-09-20 22:00:00,1269.1549823909147,27.247734410861042,7008.724885202954,0.0,0.0,0.0,0.0,0.0,1436.1775837677833,2070.0,0.0,0.0
2030-09-20 23:00:00,0.0,0.0,7381.64,0.0,0.0,0.0,0.0,0.0,1351.6815939417306,2070.0,0.0,0.0
2030-09-21 00:00:00,1297.0,0.0,7381.64,0.0,0.0,0.0,0.0,0.0,1422.9908896419047,2070.0,0.0,0.0
2030-09-21 01:00:00,0.0,0.0,7381.64,0.0,0.0,0.0,0.0,0.0,1531.606211589206,2070.0,0.0,0.0
2030-09-21 02:00:00,0.0,0.0,7381.64,0.0,0.0,0.0,0.0,0.0,1503.8779462052867,2070.0,0.0,0.0
2030-09-21 03:00:00,330.4704920811746,0.0,7381.64,0.0,0.0,0.0,0.0,0.0,2056.888803556792,2070.0,0.0,0.0
2030-09-21 04:00:00,1297.0,1644.1,7381.64,2688.0192000000015,0.0,0.0,0.0,0.0,2766.045170505522,2070.0,0.0,0.0
2030-09-21 05:00:00,1297.0,1644.1,7381.64,3199.99,0.0,0.0,0.0,0.0,2933.9047662960347,2070.0,0.0,0.0
2030-09-21 06:00:00,1297.0,1644.1,7381.64,0.0,0.0,0.0,0.0,0.0,1537.5271049757557,2070.0,0.0,561.2
2030-09-21 07:00:00,132.4193244354351,46.98767062309211,7381.64,0.0,0.0,0.0,0.0,0.0,1881.9248964835292,0.0,0.0,0.0
2030-09-21 08:00:00,0.0,0.0,0.0,0.0,0.0,0.0,0.0,0.0,0.0,0.0,0.0,0.0
2030-09-21 09:00:00,0.0,0.0,0.0,0.0,0.0,0.0,0.0,0.0,0.0,0.0,0.0,0.0
2030-09-21 10:00:00,0.0,0.0,0.0,0.0,0.0,0.0,0.0,0.0,0.0,0.0,0.0,0.0
2030-09-21 11:00:00,0.0,0.0,0.0,0.0,0.0,0.0,0.0,0.0,0.0,0.0,0.0,0.0
2030-09-21 12:00:00,0.0,0.0,0.0,0.0,0.0,0.0,0.0,0.0,0.0,0.0,0.0,0.0
2030-09-21 13:00:00,0.0,0.0,0.0,0.0,0.0,0.0,0.0,0.0,0.0,0.0,0.0,0.0
2030-09-21 14:00:00,0.0,0.0,0.0,0.0,0.0,0.0,0.0,0.0,0.0,0.0,0.0,0.0
2030-09-21 15:00:00,0.0,0.0,0.0,0.0,0.0,0.0,0.0,0.0,0.0,0.0,0.0,0.0
2030-09-21 16:00:00,1297.0,1148.262418723288,7381.64,0.0,0.0,0.0,0.0,0.0,0.0,1009.5841120094929,0.0,0.0
2030-09-21 17:00:00,1297.0,1644.1,7381.64,3199.99,0.0,0.0,0.0,0.0,3288.747272897558,0.0,0.0,0.0
2030-09-21 18:00:00,1297.0,1644.1,7381.64,0.0,0.0,0.0,0.0,0.0,1774.936415282857,2070.0,0.0,0.0
2030-09-21 19:00:00,1297.0,1644.1,7381.64,0.0,0.0,0.0,0.0,0.0,1563.3844097386213,2070.0,0.0,0.0
2030-09-21 20:00:00,1297.0,1644.1,7381.64,1391.2709019279528,0.0,0.0,0.0,0.0,1382.8702366694756,2070.0,0.0,0.0
2030-09-21 21:00:00,1297.0,1644.1,7381.64,1296.7482980720488,0.0,0.0,0.0,0.0,1092.8061730974828,2070.0,0.0,0.0
2030-09-21 22:00:00,0.0,0.0,4030.0734395579457,0.0,0.0,0.0,0.0,0.0,1160.213913996648,2070.0,0.0,0.0
2030-09-21 23:00:00,1208.6042909669638,93.97534124618421,7381.64,0.0,0.0,0.0,0.0,0.0,975.5706309159077,2070.0,0.0,92.75400069259919
2030-09-22 00:00:00,0.0,0.0,6299.807938087393,0.0,0.0,0.0,0.0,0.0,2639.3133386812315,0.0,0.0,0.0
2030-09-22 01:00:00,264.8386488708702,93.97534124618421,0.0,0.0,0.0,0.0,0.0,0.0,547.7733315663008,2070.0,0.0,0.0
2030-09-22 02:00:00,132.4193244354351,46.98767062309211,0.0,0.0,0.0,0.0,0.0,0.0,0.0,2070.0,0.0,383.92633951008133
2030-09-22 03:00:00,0.0,0.0,0.0,0.0,0.0,0.0,0.0,0.0,2330.3148010968125,0.0,0.0,0.0
2030-09-22 04:00:00,0.0,0.0,0.0,0.0,0.0,0.0,0.0,0.0,2395.1383893826082,0.0,0.0,0.0
2030-09-22 05:00:00,0.0,0.0,0.0,1039.4291207106035,0.0,0.0,0.0,0.0,411.3125907319834,2070.0,0.0,0.0
2030-09-22 06:00:00,0.0,0.0,0.0,0.0,0.0,0.0,0.0,0.0,0.0,2070.0,0.0,84.51965979731949
2030-09-22 07:00:00,0.0,0.0,0.0,0.0,0.0,0.0,0.0,0.0,0.0,0.0,0.0,0.0
2030-09-22 08:00:00,0.0,0.0,0.0,0.0,0.0,0.0,0.0,0.0,0.0,0.0,0.0,0.0
2030-09-22 09:00:00,0.0,0.0,0.0,0.0,0.0,0.0,0.0,0.0,0.0,0.0,0.0,0.0
2030-09-22 10:00:00,0.0,0.0,0.0,0.0,0.0,0.0,0.0,0.0,0.0,0.0,0.0,0.0
2030-09-22 11:00:00,0.0,0.0,0.0,0.0,0.0,0.0,0.0,0.0,0.0,0.0,0.0,0.0
2030-09-22 12:00:00,0.0,0.0,0.0,0.0,0.0,0.0,0.0,0.0,0.0,0.0,0.0,0.0
2030-09-22 13:00:00,0.0,0.0,0.0,0.0,0.0,0.0,0.0,0.0,0.0,0.0,0.0,0.0
2030-09-22 14:00:00,0.0,0.0,0.0,0.0,0.0,0.0,0.0,0.0,0.0,0.0,0.0,0.0
2030-09-22 15:00:00,0.0,0.0,0.0,0.0,0.0,0.0,0.0,0.0,0.0,0.0,0.0,0.0
2030-09-22 16:00:00,1297.0,1644.1,0.0,3199.99,0.0,0.0,0.0,0.0,0.0,1042.1418792003255,0.0,0.0
2030-09-22 17:00:00,1297.0,1644.1,7381.64,2688.0192000000015,0.0,0.0,0.0,0.0,2850.7630920701286,0.0,0.0,0.0
2030-09-22 18:00:00,1297.0,1644.1,2151.812701445164,0.0,0.0,0.0,0.0,0.0,1118.1990362459383,2070.0,0.0,0.0
2030-09-22 19:00:00,1297.0,1644.1,7381.64,0.0,0.0,0.0,0.0,0.0,798.0907981633497,2070.0,0.0,0.0
2030-09-22 20:00:00,1297.0,1644.1,0.0,0.0,0.0,0.0,0.0,0.0,539.1060015834778,2070.0,0.0,0.0
2030-09-22 21:00:00,1297.0,1644.1,6710.893343277901,0.0,0.0,0.0,0.0,0.0,2469.3203844684567,0.0,0.0,0.0
2030-09-22 22:00:00,0.0,1644.1,5568.695582410575,0.0,0.0,0.0,0.0,0.0,508.9519775698477,2070.0,0.0,0.0
2030-09-22 23:00:00,1297.0,677.8146930849289,4705.416434603092,0.0,0.0,0.0,0.0,0.0,338.4080170669122,2070.0,0.0,0.0
2030-09-23 00:00:00,1297.0,46.98767062309211,0.0,0.0,0.0,0.0,0.0,0.0,597.684586121472,2070.0,0.0,0.0
2030-09-23 01:00:00,1297.0,46.98767062309211,7381.64,0.0,0.0,0.0,0.0,0.0,631.0624580354213,2070.0,0.0,0.0
2030-09-23 02:00:00,0.0,46.98767062309211,7381.64,0.0,0.0,0.0,0.0,0.0,2606.290983780582,0.0,0.0,0.0
2030-09-23 03:00:00,472.77681088587633,46.98767062309211,0.0,0.0,0.0,0.0,0.0,0.0,689.9344399487888,2070.0,0.0,0.0
2030-09-23 04:00:00,132.4193244354351,46.98767062309211,5504.035202283394,0.0,0.0,0.0,0.0,0.0,364.71810305492704,2070.0,0.0,561.2
2030-09-23 05:00:00,132.4193244354351,46.98767062309211,3770.453199450538,0.0,0.0,0.0,0.0,0.0,804.857004471435,2070.0,0.0,0.0
2030-09-23 06:00:00,0.0,0.0,0.0,0.0,0.0,0.0,0.0,0.0,1928.0718706384723,566.5596152071967,0.0,0.0
2030-09-23 07:00:00,0.0,0.0,0.0,0.0,0.0,0.0,0.0,0.0,0.0,0.0,0.0,0.0
2030-09-23 08:00:00,0.0,0.0,0.0,0.0,0.0,0.0,0.0,0.0,0.0,0.0,0.0,0.0
2030-09-23 09:00:00,0.0,0.0,0.0,0.0,0.0,0.0,0.0,0.0,0.0,0.0,0.0,0.0
2030-09-23 10:00:00,0.0,0.0,0.0,0.0,0.0,0.0,0.0,0.0,0.0,0.0,0.0,0.0
2030-09-23 11:00:00,0.0,0.0,0.0,0.0,0.0,0.0,0.0,0.0,0.0,0.0,0.0,0.0
2030-09-23 12:00:00,0.0,0.0,0.0,0.0,0.0,0.0,0.0,0.0,0.0,0.0,0.0,0.0
2030-09-23 13:00:00,0.0,0.0,0.0,0.0,0.0,0.0,0.0,0.0,0.0,0.0,0.0,0.0
2030-09-23 14:00:00,0.0,0.0,0.0,0.0,0.0,0.0,0.0,0.0,0.0,0.0,0.0,0.0
2030-09-23 15:00:00,0.0,0.0,0.0,0.0,0.0,0.0,0.0,0.0,0.0,0.0,0.0,0.0
2030-09-23 16:00:00,0.0,0.0,0.0,0.0,0.0,0.0,0.0,0.0,0.0,0.0,0.0,0.0
2030-09-23 17:00:00,0.0,0.0,0.0,0.0,0.0,0.0,0.0,0.0,852.815068538006,2070.0,0.0,0.0
2030-09-23 18:00:00,0.0,0.0,0.0,0.0,0.0,0.0,0.0,0.0,3305.2122707817434,0.0,0.0,0.0
2030-09-23 19:00:00,0.0,0.0,0.0,0.0,0.0,0.0,0.0,0.0,3038.558341878652,0.0,0.0,0.0
2030-09-23 20:00:00,0.0,0.0,0.0,0.0,0.0,0.0,0.0,0.0,2833.5290454401966,0.0,0.0,0.0
2030-09-23 21:00:00,0.0,0.0,0.0,0.0,0.0,0.0,0.0,0.0,1914.0414561223402,749.9449279437786,0.0,0.0
2030-09-23 22:00:00,0.0,0.0,0.0,0.0,0.0,0.0,0.0,0.0,2736.577593318381,0.0,0.0,0.0
2030-09-23 23:00:00,0.0,0.0,0.0,0.0,0.0,0.0,0.0,0.0,2590.7706107608506,0.0,0.0,0.0
2030-09-24 00:00:00,1297.0,0.0,1400.9451422513812,0.0,0.0,0.0,0.0,0.0,3691.8482199730297,0.0,0.0,0.0
2030-09-24 01:00:00,1297.0,0.0,3190.123979081036,0.0,0.0,0.0,0.0,0.0,3783.499855981455,0.0,0.0,0.0
2030-09-24 02:00:00,1297.0,0.0,4475.6203339788335,0.0,0.0,0.0,0.0,0.0,3736.3469595980723,0.0,0.0,0.0
2030-09-24 03:00:00,1297.0,1644.1,7381.64,0.0,0.0,0.0,0.0,0.0,4316.864277200703,0.0,0.0,0.0
2030-09-24 04:00:00,1297.0,1644.1,7381.64,0.0,0.0,0.0,0.0,0.0,5101.573293038459,0.0,0.0,0.0
2030-09-24 05:00:00,1297.0,1644.1,7381.64,2688.0192000000015,0.0,0.0,0.0,0.0,5348.814954231364,0.0,0.0,0.0
2030-09-24 06:00:00,1297.0,1644.1,7381.64,3199.99,0.0,0.0,0.0,0.0,4816.99338340344,0.0,0.0,0.0
2030-09-24 07:00:00,1297.0,1644.1,7381.64,0.0,0.0,0.0,0.0,0.0,3599.6591298568237,0.0,0.0,0.0
2030-09-24 08:00:00,1297.0,0.0,1669.4892369393383,0.0,0.0,0.0,0.0,0.0,381.0344752625042,2070.0,0.0,0.0
2030-09-24 09:00:00,0.0,0.0,0.0,0.0,0.0,0.0,0.0,0.0,1155.410997459143,0.0,0.0,0.0
2030-09-24 10:00:00,0.0,0.0,0.0,0.0,0.0,0.0,0.0,0.0,0.0,0.0,0.0,0.0
2030-09-24 11:00:00,0.0,0.0,0.0,0.0,0.0,0.0,0.0,0.0,0.0,0.0,0.0,0.0
2030-09-24 12:00:00,0.0,0.0,0.0,0.0,0.0,0.0,0.0,0.0,0.0,0.0,0.0,0.0
2030-09-24 13:00:00,0.0,0.0,0.0,0.0,0.0,0.0,0.0,0.0,0.0,0.0,0.0,0.0
2030-09-24 14:00:00,0.0,0.0,4825.352196366042,0.0,0.0,0.0,0.0,0.0,0.0,0.0,0.0,0.0
2030-09-24 15:00:00,1297.0,1644.1,7381.64,0.0,0.0,0.0,0.0,0.0,238.890887099255,0.0,0.0,0.0
2030-09-24 16:00:00,1297.0,1644.1,7381.64,2688.0192000000015,0.0,0.0,0.0,0.0,831.4739421740198,1385.4850924344275,0.0,0.0
2030-09-24 17:00:00,1297.0,1644.1,7381.64,3199.99,0.0,0.0,0.0,0.0,3780.7155274105253,0.0,0.0,0.0
2030-09-24 18:00:00,1297.0,1644.1,7381.64,0.0,0.0,0.0,0.0,0.0,3847.274047012639,346.37127310860694,0.0,0.0
2030-09-24 19:00:00,1297.0,1644.1,7381.64,0.0,0.0,0.0,0.0,0.0,3801.8364626249722,173.18563655430347,0.0,0.0
2030-09-24 20:00:00,112.37578797250006,0.0,1606.6910271016386,0.0,0.0,0.0,0.0,0.0,3225.700402791984,0.0,0.0,561.2
2030-09-24 21:00:00,0.0,0.0,0.0,0.0,0.0,0.0,0.0,0.0,0.0,0.0,0.0,0.0
2030-09-24 22:00:00,0.0,0.0,0.0,0.0,0.0,0.0,0.0,0.0,0.0,0.0,0.0,0.0
2030-09-24 23:00:00,0.0,0.0,0.0,0.0,0.0,0.0,0.0,0.0,0.0,0.0,0.0,0.0
2030-09-25 00:00:00,0.0,0.0,0.0,0.0,0.0,0.0,0.0,0.0,0.0,0.0,0.0,0.0
2030-09-25 01:00:00,0.0,0.0,0.0,0.0,0.0,0.0,0.0,0.0,0.0,0.0,0.0,0.0
2030-09-25 02:00:00,0.0,0.0,0.0,0.0,0.0,0.0,0.0,0.0,0.0,0.0,0.0,0.0
2030-09-25 03:00:00,0.0,0.0,0.0,0.0,0.0,0.0,0.0,0.0,0.0,0.0,0.0,0.0
2030-09-25 04:00:00,0.0,0.0,0.0,0.0,0.0,0.0,0.0,0.0,0.0,0.0,0.0,0.0
2030-09-25 05:00:00,0.0,0.0,0.0,0.0,0.0,0.0,0.0,0.0,0.0,0.0,0.0,0.0
2030-09-25 06:00:00,0.0,0.0,0.0,0.0,0.0,0.0,0.0,0.0,0.0,0.0,0.0,0.0
2030-09-25 07:00:00,0.0,0.0,0.0,0.0,0.0,0.0,0.0,0.0,0.0,0.0,0.0,0.0
2030-09-25 08:00:00,0.0,0.0,0.0,0.0,0.0,0.0,0.0,0.0,0.0,0.0,0.0,0.0
2030-09-25 09:00:00,0.0,0.0,0.0,2708.471536,0.0,0.0,0.0,0.0,0.0,0.0,0.0,0.0
2030-09-25 10:00:00,0.0,0.0,0.0,0.0,0.0,0.0,0.0,0.0,0.0,0.0,0.0,0.0
2030-09-25 11:00:00,0.0,0.0,0.0,0.0,0.0,0.0,0.0,0.0,0.0,0.0,0.0,0.0
2030-09-25 12:00:00,0.0,0.0,0.0,0.0,0.0,0.0,0.0,0.0,0.0,0.0,0.0,0.0
2030-09-25 13:00:00,0.0,0.0,0.0,2708.471536,0.0,0.0,0.0,0.0,0.0,0.0,0.0,0.0
2030-09-25 14:00:00,0.0,0.0,0.0,0.0,0.0,0.0,0.0,0.0,0.0,0.0,0.0,0.0
2030-09-25 15:00:00,0.0,0.0,0.0,0.0,0.0,0.0,0.0,0.0,0.0,0.0,0.0,0.0
2030-09-25 16:00:00,0.0,0.0,0.0,0.0,0.0,0.0,0.0,0.0,0.0,0.0,0.0,0.0
2030-09-25 17:00:00,0.0,0.0,0.0,0.0,0.0,0.0,0.0,0.0,0.0,0.0,0.0,561.2
2030-09-25 18:00:00,0.0,0.0,0.0,0.0,0.0,0.0,0.0,0.0,0.0,0.0,0.0,0.0
2030-09-25 19:00:00,0.0,0.0,0.0,0.0,0.0,0.0,0.0,0.0,0.0,0.0,0.0,0.0
2030-09-25 20:00:00,0.0,0.0,0.0,0.0,0.0,0.0,0.0,0.0,0.0,0.0,0.0,0.0
2030-09-25 21:00:00,0.0,0.0,0.0,0.0,0.0,0.0,0.0,0.0,0.0,0.0,0.0,0.0
2030-09-25 22:00:00,0.0,0.0,0.0,0.0,0.0,0.0,0.0,0.0,0.0,0.0,0.0,0.0
2030-09-25 23:00:00,0.0,0.0,0.0,0.0,0.0,0.0,0.0,0.0,0.0,0.0,0.0,0.0
2030-09-26 00:00:00,0.0,0.0,0.0,0.0,0.0,0.0,0.0,0.0,0.0,0.0,0.0,0.0
2030-09-26 01:00:00,0.0,0.0,0.0,0.0,0.0,0.0,0.0,0.0,0.0,0.0,0.0,0.0
2030-09-26 02:00:00,0.0,0.0,0.0,0.0,0.0,0.0,0.0,0.0,0.0,0.0,0.0,0.0
2030-09-26 03:00:00,0.0,0.0,0.0,0.0,0.0,0.0,0.0,0.0,0.0,0.0,0.0,0.0
2030-09-26 04:00:00,0.0,0.0,0.0,0.0,0.0,0.0,0.0,0.0,0.0,0.0,0.0,0.0
2030-09-26 05:00:00,0.0,0.0,0.0,0.0,0.0,0.0,0.0,0.0,0.0,0.0,0.0,0.0
2030-09-26 06:00:00,0.0,0.0,0.0,0.0,0.0,0.0,0.0,0.0,0.0,0.0,0.0,0.0
2030-09-26 07:00:00,0.0,0.0,0.0,0.0,0.0,0.0,0.0,0.0,0.0,0.0,0.0,0.0
2030-09-26 08:00:00,0.0,0.0,0.0,0.0,0.0,0.0,0.0,0.0,0.0,0.0,0.0,0.0
2030-09-26 09:00:00,0.0,0.0,0.0,0.0,0.0,0.0,0.0,0.0,0.0,0.0,0.0,0.0
2030-09-26 10:00:00,0.0,0.0,0.0,0.0,0.0,0.0,0.0,0.0,0.0,0.0,0.0,0.0
2030-09-26 11:00:00,0.0,0.0,0.0,0.0,0.0,0.0,0.0,0.0,0.0,0.0,0.0,0.0
2030-09-26 12:00:00,0.0,0.0,0.0,0.0,0.0,0.0,0.0,0.0,0.0,0.0,0.0,0.0
2030-09-26 13:00:00,0.0,0.0,0.0,0.0,0.0,0.0,0.0,0.0,0.0,0.0,0.0,0.0
2030-09-26 14:00:00,0.0,0.0,0.0,0.0,0.0,0.0,0.0,0.0,0.0,0.0,0.0,0.0
2030-09-26 15:00:00,0.0,0.0,0.0,0.0,0.0,0.0,0.0,0.0,0.0,0.0,0.0,0.0
2030-09-26 16:00:00,1297.0,0.0,4287.041939572759,0.0,0.0,0.0,0.0,0.0,2955.401909095558,0.0,0.0,0.0
2030-09-26 17:00:00,1297.0,1644.1,7381.64,3089.300451586839,0.0,0.0,0.0,0.0,4178.945088235521,0.0,0.0,0.0
2030-09-26 18:00:00,1297.0,1644.1,7381.64,2798.7087484131625,0.0,0.0,0.0,0.0,4478.810086496765,0.0,0.0,0.0
2030-09-26 19:00:00,1297.0,860.8724709290327,7381.64,0.0,0.0,0.0,0.0,0.0,4185.127009230736,0.0,0.0,0.0
2030-09-26 20:00:00,1297.0,0.0,5858.879707673874,0.0,0.0,0.0,0.0,0.0,3954.280305053131,0.0,0.0,0.0
2030-09-26 21:00:00,0.0,0.0,0.0,0.0,0.0,0.0,0.0,0.0,1580.569686869349,2070.0,0.0,0.0
2030-09-26 22:00:00,1297.0,0.0,7381.64,0.0,0.0,0.0,0.0,0.0,1637.3812677236083,2070.0,0.0,0.0
2030-09-26 23:00:00,1297.0,0.0,4507.66921560411,0.0,0.0,0.0,0.0,0.0,3594.2707064455553,0.0,0.0,0.0
2030-09-27 00:00:00,670.6871481112049,0.0,7068.800915334532,0.0,0.0,0.0,0.0,0.0,3994.072092660055,0.0,0.0,0.0
2030-09-27 01:00:00,1040.190953230187,0.0,7381.64,0.0,0.0,0.0,0.0,0.0,2037.563249986507,2070.0,0.0,0.0
2030-09-27 02:00:00,1297.0,1644.1,7381.64,328.00531429024704,0.0,0.0,0.0,0.0,4088.9332690819283,0.0,0.0,0.0
2030-09-27 03:00:00,1297.0,1644.1,7381.64,1625.7872299428273,0.0,0.0,0.0,0.0,2572.832205077071,2070.0,0.0,0.0
2030-09-27 04:00:00,1297.0,1644.1,7381.64,734.226655766927,0.0,0.0,0.0,0.0,3289.4481695073937,2070.0,0.0,0.0
2030-09-27 05:00:00,1297.0,1644.1,7381.64,3199.99,0.0,0.0,0.0,0.0,4642.411592764793,902.3388078690976,0.0,0.0
2030-09-27 06:00:00,1297.0,1644.1,7381.64,0.0,0.0,0.0,0.0,0.0,3012.1004301010307,2070.0,0.0,0.0
2030-09-27 07:00:00,605.9358543223934,0.0,7381.64,0.0,0.0,0.0,0.0,0.0,3938.8169132466264,8.227638651641552,0.0,0.0
2030-09-27 08:00:00,0.0,0.0,0.0,0.0,0.0,0.0,0.0,0.0,0.0,0.0,0.0,0.0
2030-09-27 09:00:00,0.0,0.0,0.0,0.0,0.0,0.0,0.0,0.0,0.0,0.0,0.0,0.0
2030-09-27 10:00:00,0.0,0.0,0.0,0.0,0.0,0.0,0.0,0.0,0.0,0.0,0.0,0.0
2030-09-27 11:00:00,0.0,0.0,0.0,0.0,0.0,0.0,0.0,0.0,0.0,0.0,0.0,0.0
2030-09-27 12:00:00,0.0,0.0,0.0,0.0,0.0,0.0,0.0,0.0,0.0,0.0,0.0,0.0
2030-09-27 13:00:00,0.0,0.0,0.0,0.0,0.0,0.0,0.0,0.0,0.0,0.0,0.0,0.0
2030-09-27 14:00:00,0.0,0.0,1387.3276298698001,0.0,0.0,0.0,0.0,0.0,1734.1643429522614,0.0,0.0,0.0
2030-09-27 15:00:00,1297.0,1644.1,7381.64,0.0,0.0,0.0,0.0,0.0,2611.9067694381483,0.0,0.0,0.0
2030-09-27 16:00:00,1297.0,1644.1,7381.64,0.0,0.0,0.0,0.0,0.0,3346.421269297067,0.0,0.0,0.0
2030-09-27 17:00:00,1297.0,1644.1,7381.64,3199.99,0.0,0.0,0.0,0.0,4011.421888146324,0.0,0.0,0.0
2030-09-27 18:00:00,1297.0,1644.1,7381.64,2688.0192000000015,0.0,0.0,0.0,0.0,2283.3868517510587,2070.0,0.0,0.0
2030-09-27 19:00:00,1297.0,1644.1,7381.64,0.0,0.0,0.0,0.0,0.0,3925.518675624601,173.18563655430347,0.0,0.0
2030-09-27 20:00:00,1297.0,1644.1,7381.64,0.0,0.0,0.0,0.0,0.0,3875.959577326498,0.0,0.0,0.0
2030-09-27 21:00:00,1297.0,1558.285995479826,7381.64,0.0,0.0,0.0,0.0,0.0,3555.8492297132034,0.0,0.0,0.0
2030-09-27 22:00:00,0.0,0.0,5091.918526278212,0.0,0.0,0.0,0.0,0.0,3056.871199391331,519.5569096629104,0.0,0.0
2030-09-27 23:00:00,0.0,0.0,0.0,0.0,0.0,0.0,0.0,0.0,3464.28443652599,0.0,0.0,0.0
2030-09-28 00:00:00,0.0,0.0,0.0,0.0,0.0,0.0,0.0,0.0,1747.651165592927,0.0,0.0,0.0
2030-09-28 01:00:00,0.0,0.0,0.0,0.0,0.0,0.0,0.0,0.0,0.0,0.0,0.0,0.0
2030-09-28 02:00:00,0.0,0.0,0.0,0.0,0.0,0.0,0.0,0.0,0.0,0.0,0.0,0.0
2030-09-28 03:00:00,0.0,0.0,0.0,0.0,0.0,0.0,0.0,0.0,380.58117367015075,0.0,0.0,0.0
2030-09-28 04:00:00,0.0,0.0,0.0,1948.622136262442,0.0,0.0,0.0,0.0,5263.1304291767665,0.0,0.0,0.0
2030-09-28 05:00:00,0.0,0.0,5064.760882826275,3199.99,0.0,0.0,0.0,0.0,5439.118134692294,0.0,0.0,0.0
2030-09-28 06:00:00,0.0,0.0,6198.5611057153665,739.3970637375595,0.0,0.0,0.0,0.0,4210.600276502052,0.0,0.0,561.2
2030-09-28 07:00:00,0.0,0.0,0.0,0.0,0.0,0.0,0.0,0.0,0.0,0.0,0.0,0.0
2030-09-28 08:00:00,0.0,0.0,0.0,0.0,0.0,0.0,0.0,0.0,0.0,0.0,0.0,0.0
2030-09-28 09:00:00,0.0,0.0,0.0,0.0,0.0,0.0,0.0,0.0,0.0,0.0,0.0,0.0
2030-09-28 10:00:00,0.0,0.0,0.0,0.0,0.0,0.0,0.0,0.0,0.0,0.0,0.0,0.0
2030-09-28 11:00:00,0.0,0.0,0.0,0.0,0.0,0.0,0.0,0.0,0.0,0.0,0.0,0.0
2030-09-28 12:00:00,0.0,0.0,0.0,0.0,0.0,0.0,0.0,0.0,0.0,0.0,0.0,0.0
2030-09-28 13:00:00,0.0,0.0,0.0,0.0,0.0,0.0,0.0,0.0,0.0,0.0,0.0,0.0
2030-09-28 14:00:00,0.0,0.0,0.0,0.0,0.0,0.0,0.0,0.0,0.0,0.0,0.0,0.0
2030-09-28 15:00:00,0.0,0.0,0.0,0.0,0.0,0.0,0.0,0.0,0.0,0.0,0.0,0.0
2030-09-28 16:00:00,0.0,0.0,0.0,1904.1210507573123,0.0,0.0,0.0,0.0,0.0,0.0,0.0,0.0
2030-09-28 17:00:00,0.0,0.0,0.0,3199.99,0.0,0.0,0.0,0.0,0.0,0.0,0.0,0.0
2030-09-28 18:00:00,0.0,0.0,0.0,783.8981492426886,0.0,0.0,0.0,0.0,0.0,0.0,0.0,561.2
2030-09-28 19:00:00,0.0,0.0,0.0,0.0,0.0,0.0,0.0,0.0,0.0,0.0,0.0,0.0
2030-09-28 20:00:00,0.0,0.0,0.0,0.0,0.0,0.0,0.0,0.0,0.0,0.0,0.0,0.0
2030-09-28 21:00:00,0.0,0.0,0.0,0.0,0.0,0.0,0.0,0.0,0.0,0.0,0.0,0.0
2030-09-28 22:00:00,0.0,0.0,0.0,0.0,0.0,0.0,0.0,0.0,0.0,0.0,0.0,0.0
2030-09-28 23:00:00,0.0,0.0,0.0,0.0,0.0,0.0,0.0,0.0,0.0,0.0,0.0,0.0
2030-09-29 00:00:00,0.0,0.0,0.0,0.0,0.0,0.0,0.0,0.0,0.0,0.0,0.0,0.0
2030-09-29 01:00:00,0.0,0.0,0.0,0.0,0.0,0.0,0.0,0.0,0.0,0.0,0.0,0.0
2030-09-29 02:00:00,0.0,0.0,0.0,0.0,0.0,0.0,0.0,0.0,0.0,0.0,0.0,0.0
2030-09-29 03:00:00,0.0,0.0,0.0,2211.196909064951,0.0,0.0,0.0,0.0,0.0,0.0,0.0,0.0
2030-09-29 04:00:00,0.0,0.0,0.0,0.0,0.0,0.0,0.0,0.0,0.0,0.0,0.0,0.0
2030-09-29 05:00:00,0.0,0.0,0.0,3199.99,0.0,0.0,0.0,0.0,0.0,0.0,0.0,0.0
2030-09-29 06:00:00,0.0,0.0,0.0,476.8222909350509,0.0,0.0,0.0,0.0,0.0,0.0,0.0,0.0
2030-09-29 07:00:00,0.0,0.0,0.0,0.0,0.0,0.0,0.0,0.0,0.0,0.0,0.0,0.0
2030-09-29 08:00:00,0.0,0.0,0.0,0.0,0.0,0.0,0.0,0.0,0.0,0.0,0.0,0.0
2030-09-29 09:00:00,0.0,0.0,0.0,0.0,0.0,0.0,0.0,0.0,0.0,0.0,0.0,0.0
2030-09-29 10:00:00,0.0,0.0,0.0,0.0,0.0,0.0,0.0,0.0,0.0,0.0,0.0,0.0
2030-09-29 11:00:00,0.0,0.0,0.0,0.0,0.0,0.0,0.0,0.0,0.0,0.0,0.0,0.0
2030-09-29 12:00:00,0.0,0.0,0.0,0.0,0.0,0.0,0.0,0.0,0.0,0.0,0.0,0.0
2030-09-29 13:00:00,0.0,0.0,0.0,0.0,0.0,0.0,0.0,0.0,0.0,0.0,0.0,0.0
2030-09-29 14:00:00,0.0,0.0,0.0,0.0,0.0,0.0,0.0,0.0,0.0,0.0,0.0,0.0
2030-09-29 15:00:00,0.0,0.0,0.0,0.0,0.0,0.0,0.0,0.0,0.0,0.0,0.0,0.0
2030-09-29 16:00:00,0.0,0.0,1519.2037129723722,0.0,0.0,0.0,0.0,0.0,2254.3609046087768,0.0,0.0,0.0
2030-09-29 17:00:00,1297.0,1644.1,7381.64,3199.99,0.0,0.0,0.0,0.0,4196.572919288067,0.0,0.0,0.0
2030-09-29 18:00:00,1297.0,1183.8422954482376,7381.64,2688.0192000000015,0.0,0.0,0.0,0.0,4389.632332304249,0.0,0.0,0.0
2030-09-29 19:00:00,0.0,0.0,6188.266392610338,0.0,0.0,0.0,0.0,0.0,3990.5647111959024,0.0,0.0,0.0
2030-09-29 20:00:00,0.0,0.0,760.5298011957311,0.0,0.0,0.0,0.0,0.0,3690.900162739773,0.0,0.0,0.0
2030-09-29 21:00:00,0.0,0.0,0.0,0.0,0.0,0.0,0.0,0.0,2631.3749163660113,0.0,0.0,0.0
2030-09-29 22:00:00,0.0,0.0,0.0,0.0,0.0,0.0,0.0,0.0,0.0,0.0,0.0,0.0
2030-09-29 23:00:00,0.0,0.0,0.0,0.0,0.0,0.0,0.0,0.0,0.0,0.0,0.0,0.0
2030-09-30 00:00:00,0.0,0.0,0.0,0.0,0.0,0.0,0.0,0.0,0.0,0.0,0.0,0.0
2030-09-30 01:00:00,0.0,0.0,0.0,0.0,0.0,0.0,0.0,0.0,0.0,0.0,0.0,0.0
2030-09-30 02:00:00,0.0,0.0,0.0,0.0,0.0,0.0,0.0,0.0,0.0,0.0,0.0,0.0
2030-09-30 03:00:00,0.0,0.0,0.0,0.0,0.0,0.0,0.0,0.0,0.0,0.0,0.0,0.0
2030-09-30 04:00:00,0.0,0.0,0.0,0.0,0.0,0.0,0.0,0.0,0.0,0.0,0.0,0.0
2030-09-30 05:00:00,0.0,0.0,0.0,0.0,0.0,0.0,0.0,0.0,0.0,0.0,0.0,0.0
2030-09-30 06:00:00,0.0,0.0,0.0,0.0,0.0,0.0,0.0,0.0,0.0,0.0,0.0,0.0
2030-09-30 07:00:00,0.0,0.0,0.0,0.0,0.0,0.0,0.0,0.0,0.0,0.0,0.0,0.0
2030-09-30 08:00:00,0.0,0.0,0.0,0.0,0.0,0.0,0.0,0.0,0.0,0.0,0.0,0.0
2030-09-30 09:00:00,0.0,0.0,0.0,0.0,0.0,0.0,0.0,0.0,0.0,0.0,0.0,0.0
2030-09-30 10:00:00,0.0,0.0,0.0,0.0,0.0,0.0,0.0,0.0,0.0,0.0,0.0,0.0
2030-09-30 11:00:00,0.0,0.0,0.0,0.0,0.0,0.0,0.0,0.0,0.0,0.0,0.0,0.0
2030-09-30 12:00:00,0.0,0.0,0.0,0.0,0.0,0.0,0.0,0.0,0.0,0.0,0.0,0.0
2030-09-30 13:00:00,0.0,0.0,0.0,0.0,0.0,0.0,0.0,0.0,0.0,0.0,0.0,0.0
2030-09-30 14:00:00,0.0,0.0,0.0,0.0,0.0,0.0,0.0,0.0,0.0,0.0,0.0,0.0
2030-09-30 15:00:00,0.0,0.0,0.0,0.0,0.0,0.0,0.0,0.0,0.0,0.0,0.0,0.0
2030-09-30 16:00:00,0.0,0.0,0.0,0.0,0.0,0.0,0.0,0.0,0.0,0.0,0.0,0.0
2030-09-30 17:00:00,0.0,0.0,0.0,1124.2677662359783,0.0,0.0,0.0,0.0,3907.769467258744,0.0,0.0,0.0
2030-09-30 18:00:00,0.0,0.0,0.0,474.3605380426088,0.0,0.0,0.0,0.0,4259.10139547268,0.0,0.0,0.0
2030-09-30 19:00:00,0.0,0.0,0.0,0.0,0.0,0.0,0.0,0.0,0.0,0.0,0.0,0.0
2030-09-30 20:00:00,0.0,0.0,0.0,0.0,0.0,0.0,0.0,0.0,0.0,0.0,0.0,0.0
2030-09-30 21:00:00,0.0,0.0,0.0,0.0,0.0,0.0,0.0,0.0,0.0,0.0,0.0,0.0
2030-09-30 22:00:00,0.0,0.0,0.0,0.0,0.0,0.0,0.0,0.0,0.0,0.0,0.0,0.0
2030-09-30 23:00:00,0.0,0.0,0.0,0.0,0.0,0.0,0.0,0.0,0.0,0.0,0.0,0.0
2030-10-01 00:00:00,0.0,0.0,0.0,0.0,0.0,0.0,0.0,0.0,0.0,0.0,0.0,0.0
2030-10-01 01:00:00,0.0,0.0,0.0,0.0,0.0,0.0,0.0,0.0,0.0,0.0,0.0,0.0
2030-10-01 02:00:00,0.0,0.0,0.0,0.0,0.0,0.0,0.0,0.0,0.0,0.0,0.0,0.0
2030-10-01 03:00:00,0.0,0.0,0.0,0.0,0.0,0.0,0.0,0.0,0.0,0.0,0.0,0.0
2030-10-01 04:00:00,0.0,0.0,2770.2855494448304,0.0,0.0,0.0,0.0,0.0,4969.662539558783,0.0,0.0,561.2
2030-10-01 05:00:00,1297.0,0.0,7381.64,2877.0302259935925,0.0,0.0,0.0,0.0,5764.747658194579,0.0,0.0,0.0
2030-10-01 06:00:00,1065.8267015732627,0.0,7381.64,3010.978974006409,0.0,0.0,0.0,0.0,5435.255462937538,0.0,0.0,0.0
2030-10-01 07:00:00,0.0,0.0,0.0,0.0,0.0,0.0,0.0,0.0,3399.552613929165,0.0,0.0,0.0
2030-10-01 08:00:00,0.0,0.0,0.0,0.0,0.0,0.0,0.0,0.0,0.0,0.0,0.0,0.0
2030-10-01 09:00:00,0.0,0.0,0.0,0.0,0.0,0.0,0.0,0.0,0.0,0.0,0.0,0.0
2030-10-01 10:00:00,0.0,0.0,0.0,0.0,0.0,0.0,0.0,0.0,0.0,0.0,0.0,0.0
2030-10-01 11:00:00,0.0,0.0,0.0,0.0,0.0,0.0,0.0,0.0,0.0,0.0,0.0,0.0
2030-10-01 12:00:00,0.0,0.0,0.0,0.0,0.0,0.0,0.0,0.0,0.0,0.0,0.0,0.0
2030-10-01 13:00:00,0.0,0.0,0.0,0.0,0.0,0.0,0.0,0.0,0.0,0.0,0.0,0.0
2030-10-01 14:00:00,0.0,0.0,0.0,0.0,0.0,0.0,0.0,0.0,0.0,0.0,0.0,0.0
2030-10-01 15:00:00,0.0,0.0,0.0,0.0,0.0,0.0,0.0,0.0,2976.7497420300588,0.0,0.0,0.0
2030-10-01 16:00:00,1297.0,1644.1,7381.64,2842.7103932842474,0.0,0.0,0.0,0.0,3624.524892395427,0.0,0.0,0.0
2030-10-01 17:00:00,1297.0,1644.1,7381.64,3045.298806715754,0.0,0.0,0.0,0.0,4362.318985789256,0.0,0.0,0.0
2030-10-01 18:00:00,1297.0,1644.1,7381.64,0.0,0.0,0.0,0.0,0.0,7400.3033613942625,0.0,0.0,0.0
2030-10-01 19:00:00,1297.0,1644.1,7381.64,0.0,0.0,0.0,0.0,0.0,4350.256368174865,0.0,0.0,0.0
2030-10-01 20:00:00,1297.0,1644.1,7381.64,0.0,0.0,0.0,0.0,0.0,4147.750723305283,0.0,0.0,0.0
2030-10-01 21:00:00,1297.0,1644.1,7381.64,0.0,0.0,0.0,0.0,0.0,3837.541779700631,0.0,0.0,0.0
2030-10-01 22:00:00,0.0,0.0,6614.278982780294,0.0,0.0,0.0,0.0,0.0,3895.4223425843675,0.0,0.0,0.0
2030-10-01 23:00:00,0.0,0.0,7163.0631182063735,0.0,0.0,0.0,0.0,0.0,3794.87011165652,0.0,0.0,0.0
2030-10-02 00:00:00,0.0,0.0,7381.64,0.0,0.0,0.0,0.0,0.0,3764.9095706969774,0.0,0.0,0.0
2030-10-02 01:00:00,1297.0,528.1275110742718,7381.64,0.0,0.0,0.0,0.0,0.0,3864.5986343776494,0.0,0.0,0.0
2030-10-02 02:00:00,1297.0,1644.1,7381.64,0.0,0.0,0.0,0.0,0.0,3831.7075357656095,0.0,0.0,0.0
2030-10-02 03:00:00,1297.0,1644.1,7381.64,0.0,0.0,0.0,0.0,0.0,4369.573724782133,0.0,0.0,0.0
2030-10-02 04:00:00,1297.0,1644.1,7381.64,3199.99,0.0,0.0,0.0,0.0,5124.266699510981,0.0,0.0,0.0
2030-10-02 05:00:00,1297.0,1644.1,7381.64,2688.0192000000015,0.0,0.0,0.0,0.0,5369.909238553138,0.0,0.0,0.0
2030-10-02 06:00:00,1297.0,1644.1,7381.64,0.0,0.0,0.0,0.0,0.0,5104.844319886148,0.0,0.0,0.0
2030-10-02 07:00:00,1297.0,1644.1,7381.64,0.0,0.0,0.0,0.0,0.0,4350.602252858156,0.0,0.0,0.0
2030-10-02 08:00:00,0.0,0.0,4855.105063318841,0.0,0.0,0.0,0.0,0.0,3535.6342632985643,0.0,0.0,0.0
2030-10-02 09:00:00,0.0,0.0,0.0,0.0,0.0,0.0,0.0,0.0,0.0,0.0,0.0,0.0
2030-10-02 10:00:00,0.0,0.0,0.0,0.0,0.0,0.0,0.0,0.0,0.0,0.0,0.0,0.0
2030-10-02 11:00:00,0.0,0.0,0.0,0.0,0.0,0.0,0.0,0.0,0.0,0.0,0.0,0.0
2030-10-02 12:00:00,0.0,0.0,0.0,0.0,0.0,0.0,0.0,0.0,0.0,0.0,0.0,0.0
2030-10-02 13:00:00,0.0,0.0,0.0,0.0,0.0,0.0,0.0,0.0,0.0,0.0,0.0,0.0
2030-10-02 14:00:00,0.0,0.0,1587.3781657205982,0.0,0.0,0.0,0.0,0.0,1892.991450860452,0.0,0.0,0.0
2030-10-02 15:00:00,1297.0,1644.1,7381.64,0.0,0.0,0.0,0.0,0.0,2341.4300137958576,0.0,0.0,0.0
2030-10-02 16:00:00,1297.0,1644.1,7381.64,0.0,0.0,0.0,0.0,0.0,3238.960253016294,0.0,0.0,0.0
2030-10-02 17:00:00,1297.0,1644.1,7381.64,0.0,0.0,0.0,0.0,0.0,4072.0211571104437,0.0,0.0,0.0
2030-10-02 18:00:00,1297.0,1644.1,7381.64,3199.99,0.0,0.0,0.0,0.0,4374.909139680863,0.0,0.0,0.0
2030-10-02 19:00:00,1297.0,1644.1,7381.64,2688.0192000000015,0.0,0.0,0.0,0.0,4087.004887470959,0.0,0.0,0.0
2030-10-02 20:00:00,1297.0,1644.1,7381.64,0.0,0.0,0.0,0.0,0.0,3843.0302554295067,0.0,0.0,0.0
2030-10-02 21:00:00,0.0,0.0,5694.012655553473,0.0,0.0,0.0,0.0,0.0,3530.236860273776,0.0,0.0,0.0
2030-10-02 22:00:00,0.0,0.0,0.0,0.0,0.0,0.0,0.0,0.0,0.0,0.0,0.0,0.0
2030-10-02 23:00:00,0.0,0.0,0.0,0.0,0.0,0.0,0.0,0.0,0.0,0.0,0.0,0.0
2030-10-03 00:00:00,0.0,0.0,0.0,0.0,0.0,0.0,0.0,0.0,0.0,0.0,0.0,0.0
2030-10-03 01:00:00,0.0,0.0,0.0,0.0,0.0,0.0,0.0,0.0,0.0,0.0,0.0,0.0
2030-10-03 02:00:00,0.0,0.0,0.0,0.0,0.0,0.0,0.0,0.0,0.0,0.0,0.0,0.0
2030-10-03 03:00:00,0.0,0.0,0.0,0.0,0.0,0.0,0.0,0.0,616.3213626000475,0.0,0.0,0.0
2030-10-03 04:00:00,0.0,0.0,0.0,0.0,0.0,0.0,0.0,0.0,3904.1041519493756,0.0,0.0,0.0
2030-10-03 05:00:00,0.0,0.0,0.0,0.0,0.0,0.0,0.0,0.0,3277.139763116419,0.0,0.0,561.2
2030-10-03 06:00:00,0.0,0.0,0.0,0.0,0.0,0.0,0.0,0.0,1069.2549339056807,0.0,0.0,0.0
2030-10-03 07:00:00,0.0,0.0,0.0,0.0,0.0,0.0,0.0,0.0,0.0,0.0,0.0,0.0
2030-10-03 08:00:00,0.0,0.0,0.0,0.0,0.0,0.0,0.0,0.0,0.0,0.0,0.0,0.0
2030-10-03 09:00:00,0.0,0.0,0.0,0.0,0.0,0.0,0.0,0.0,0.0,0.0,0.0,0.0
2030-10-03 10:00:00,0.0,0.0,0.0,0.0,0.0,0.0,0.0,0.0,0.0,0.0,0.0,0.0
2030-10-03 11:00:00,0.0,0.0,0.0,0.0,0.0,0.0,0.0,0.0,0.0,0.0,0.0,0.0
2030-10-03 12:00:00,0.0,0.0,0.0,0.0,0.0,0.0,0.0,0.0,0.0,0.0,0.0,0.0
2030-10-03 13:00:00,0.0,0.0,0.0,0.0,0.0,0.0,0.0,0.0,0.0,0.0,0.0,0.0
2030-10-03 14:00:00,0.0,0.0,0.0,0.0,0.0,0.0,0.0,0.0,0.0,0.0,0.0,0.0
2030-10-03 15:00:00,0.0,0.0,0.0,0.0,0.0,0.0,0.0,0.0,0.0,0.0,0.0,0.0
2030-10-03 16:00:00,1297.0,1644.1,7381.64,0.0,0.0,0.0,0.0,0.0,2326.165157792426,0.0,0.0,0.0
2030-10-03 17:00:00,1297.0,1644.1,7381.64,3199.99,0.0,0.0,0.0,0.0,3971.2074663001695,0.0,0.0,0.0
2030-10-03 18:00:00,1297.0,1644.1,7381.64,2688.0192000000015,0.0,0.0,0.0,0.0,4262.887118965304,0.0,0.0,0.0
2030-10-03 19:00:00,1297.0,1644.1,7381.64,0.0,0.0,0.0,0.0,0.0,3994.2135107266895,0.0,0.0,0.0
2030-10-03 20:00:00,1297.0,1032.6658720414343,7381.64,0.0,0.0,0.0,0.0,0.0,3764.1154333708982,0.0,0.0,0.0
2030-10-03 21:00:00,0.0,0.0,4469.323814384108,0.0,0.0,0.0,0.0,0.0,2891.152792503503,0.0,0.0,561.2
2030-10-03 22:00:00,0.0,0.0,0.0,0.0,0.0,0.0,0.0,0.0,0.0,0.0,0.0,0.0
2030-10-03 23:00:00,0.0,0.0,0.0,0.0,0.0,0.0,0.0,0.0,0.0,0.0,0.0,0.0
2030-10-04 00:00:00,0.0,0.0,0.0,0.0,0.0,0.0,0.0,0.0,0.0,0.0,0.0,0.0
2030-10-04 01:00:00,0.0,0.0,0.0,0.0,0.0,0.0,0.0,0.0,0.0,0.0,0.0,0.0
2030-10-04 02:00:00,0.0,0.0,0.0,0.0,0.0,0.0,0.0,0.0,0.0,0.0,0.0,0.0
2030-10-04 03:00:00,0.0,0.0,0.0,0.0,0.0,0.0,0.0,0.0,0.0,0.0,0.0,0.0
2030-10-04 04:00:00,0.0,0.0,0.0,0.0,0.0,0.0,0.0,0.0,0.0,0.0,0.0,0.0
2030-10-04 05:00:00,0.0,0.0,0.0,0.0,0.0,0.0,0.0,0.0,0.0,0.0,0.0,0.0
2030-10-04 06:00:00,0.0,0.0,0.0,0.0,0.0,0.0,0.0,0.0,0.0,0.0,0.0,0.0
2030-10-04 07:00:00,0.0,0.0,0.0,0.0,0.0,0.0,0.0,0.0,0.0,0.0,0.0,0.0
2030-10-04 08:00:00,0.0,0.0,0.0,0.0,0.0,0.0,0.0,0.0,0.0,0.0,0.0,0.0
2030-10-04 09:00:00,0.0,0.0,0.0,0.0,0.0,0.0,0.0,0.0,0.0,0.0,0.0,0.0
2030-10-04 10:00:00,0.0,0.0,0.0,0.0,0.0,0.0,0.0,0.0,0.0,0.0,0.0,0.0
2030-10-04 11:00:00,0.0,0.0,0.0,0.0,0.0,0.0,0.0,0.0,0.0,0.0,0.0,0.0
2030-10-04 12:00:00,0.0,0.0,0.0,0.0,0.0,0.0,0.0,0.0,0.0,0.0,0.0,0.0
2030-10-04 13:00:00,0.0,0.0,0.0,0.0,0.0,0.0,0.0,0.0,0.0,0.0,0.0,0.0
2030-10-04 14:00:00,0.0,0.0,0.0,0.0,0.0,0.0,0.0,0.0,0.0,0.0,0.0,0.0
2030-10-04 15:00:00,0.0,0.0,0.0,0.0,0.0,0.0,0.0,0.0,0.0,0.0,0.0,0.0
2030-10-04 16:00:00,0.0,0.0,0.0,2688.0192000000015,0.0,0.0,0.0,0.0,0.0,0.0,0.0,561.2
2030-10-04 17:00:00,0.0,0.0,0.0,0.0,0.0,0.0,0.0,0.0,0.0,0.0,0.0,0.0
2030-10-04 18:00:00,0.0,0.0,0.0,3199.99,0.0,0.0,0.0,0.0,0.0,0.0,0.0,0.0
2030-10-04 19:00:00,0.0,0.0,0.0,0.0,0.0,0.0,0.0,0.0,0.0,0.0,0.0,0.0
2030-10-04 20:00:00,0.0,0.0,0.0,0.0,0.0,0.0,0.0,0.0,0.0,0.0,0.0,0.0
2030-10-04 21:00:00,0.0,0.0,0.0,0.0,0.0,0.0,0.0,0.0,0.0,0.0,0.0,0.0
2030-10-04 22:00:00,0.0,0.0,0.0,0.0,0.0,0.0,0.0,0.0,0.0,0.0,0.0,0.0
2030-10-04 23:00:00,0.0,0.0,0.0,0.0,0.0,0.0,0.0,0.0,0.0,0.0,0.0,0.0
2030-10-05 00:00:00,0.0,0.0,0.0,0.0,0.0,0.0,0.0,0.0,0.0,0.0,0.0,0.0
2030-10-05 01:00:00,0.0,0.0,0.0,0.0,0.0,0.0,0.0,0.0,0.0,0.0,0.0,0.0
2030-10-05 02:00:00,0.0,0.0,0.0,0.0,0.0,0.0,0.0,0.0,0.0,0.0,0.0,0.0
2030-10-05 03:00:00,0.0,0.0,0.0,1237.3731339834922,0.0,0.0,0.0,0.0,0.0,0.0,0.0,0.0
2030-10-05 04:00:00,0.0,0.0,0.0,1450.6460660165096,0.0,0.0,0.0,0.0,0.0,0.0,0.0,0.0
2030-10-05 05:00:00,0.0,0.0,0.0,0.0,0.0,0.0,0.0,0.0,0.0,0.0,0.0,0.0
2030-10-05 06:00:00,0.0,0.0,0.0,0.0,0.0,0.0,0.0,0.0,0.0,0.0,0.0,0.0
2030-10-05 07:00:00,0.0,0.0,0.0,3199.99,0.0,0.0,0.0,0.0,0.0,0.0,0.0,0.0
2030-10-05 08:00:00,0.0,0.0,0.0,0.0,0.0,0.0,0.0,0.0,0.0,0.0,0.0,0.0
2030-10-05 09:00:00,0.0,0.0,0.0,0.0,0.0,0.0,0.0,0.0,0.0,0.0,0.0,0.0
2030-10-05 10:00:00,0.0,0.0,0.0,0.0,0.0,0.0,0.0,0.0,0.0,0.0,0.0,0.0
2030-10-05 11:00:00,0.0,0.0,0.0,0.0,0.0,0.0,0.0,0.0,0.0,0.0,0.0,0.0
2030-10-05 12:00:00,0.0,0.0,0.0,0.0,0.0,0.0,0.0,0.0,0.0,0.0,0.0,0.0
2030-10-05 13:00:00,0.0,0.0,0.0,0.0,0.0,0.0,0.0,0.0,0.0,0.0,0.0,0.0
2030-10-05 14:00:00,0.0,0.0,0.0,0.0,0.0,0.0,0.0,0.0,0.0,0.0,0.0,0.0
2030-10-05 15:00:00,0.0,0.0,0.0,0.0,0.0,0.0,0.0,0.0,0.0,0.0,0.0,0.0
2030-10-05 16:00:00,0.0,0.0,0.0,0.0,0.0,0.0,0.0,0.0,0.0,0.0,0.0,0.0
2030-10-05 17:00:00,0.0,0.0,0.0,3199.99,0.0,0.0,0.0,0.0,0.0,0.0,0.0,0.0
2030-10-05 18:00:00,0.0,0.0,0.0,0.0,0.0,0.0,0.0,0.0,0.0,0.0,0.0,0.0
2030-10-05 19:00:00,0.0,0.0,0.0,2688.0192000000015,0.0,0.0,0.0,0.0,0.0,0.0,0.0,0.0
2030-10-05 20:00:00,0.0,0.0,0.0,0.0,0.0,0.0,0.0,0.0,0.0,0.0,0.0,0.0
2030-10-05 21:00:00,0.0,0.0,0.0,0.0,0.0,0.0,0.0,0.0,0.0,0.0,0.0,0.0
2030-10-05 22:00:00,0.0,0.0,0.0,0.0,0.0,0.0,0.0,0.0,0.0,0.0,0.0,0.0
2030-10-05 23:00:00,0.0,0.0,0.0,0.0,0.0,0.0,0.0,0.0,0.0,0.0,0.0,0.0
2030-10-06 00:00:00,0.0,0.0,0.0,0.0,0.0,0.0,0.0,0.0,0.0,0.0,0.0,0.0
2030-10-06 01:00:00,0.0,0.0,0.0,2394.790107714769,0.0,0.0,0.0,0.0,0.0,0.0,0.0,0.0
2030-10-06 02:00:00,0.0,0.0,0.0,2040.4440093245867,0.0,0.0,0.0,0.0,0.0,0.0,0.0,0.0
2030-10-06 03:00:00,0.0,0.0,0.0,107.15072726532526,0.0,0.0,0.0,0.0,0.0,0.0,0.0,0.0
2030-10-06 04:00:00,0.0,0.0,0.0,0.0,0.0,0.0,0.0,0.0,0.0,0.0,0.0,0.0
2030-10-06 05:00:00,0.0,0.0,0.0,0.0,0.0,0.0,0.0,0.0,0.0,0.0,0.0,0.0
2030-10-06 06:00:00,0.0,0.0,0.0,0.0,0.0,0.0,0.0,0.0,0.0,0.0,0.0,0.0
2030-10-06 07:00:00,0.0,0.0,0.0,0.0,0.0,0.0,0.0,0.0,0.0,0.0,0.0,0.0
2030-10-06 08:00:00,0.0,0.0,0.0,0.0,0.0,0.0,0.0,0.0,0.0,0.0,0.0,0.0
2030-10-06 09:00:00,0.0,0.0,0.0,0.0,0.0,0.0,0.0,0.0,0.0,0.0,0.0,0.0
2030-10-06 10:00:00,0.0,0.0,0.0,0.0,0.0,0.0,0.0,0.0,0.0,0.0,0.0,0.0
2030-10-06 11:00:00,0.0,0.0,0.0,0.0,0.0,0.0,0.0,0.0,0.0,0.0,0.0,0.0
2030-10-06 12:00:00,0.0,0.0,0.0,0.0,0.0,0.0,0.0,0.0,0.0,0.0,0.0,0.0
2030-10-06 13:00:00,0.0,0.0,0.0,0.0,0.0,0.0,0.0,0.0,0.0,0.0,0.0,0.0
2030-10-06 14:00:00,0.0,0.0,0.0,0.0,0.0,0.0,0.0,0.0,0.0,0.0,0.0,0.0
2030-10-06 15:00:00,0.0,0.0,0.0,0.0,0.0,0.0,0.0,0.0,0.0,0.0,0.0,0.0
2030-10-06 16:00:00,0.0,0.0,0.0,0.0,0.0,0.0,0.0,0.0,0.0,0.0,0.0,0.0
2030-10-06 17:00:00,0.0,0.0,0.0,0.0,0.0,0.0,0.0,0.0,0.0,0.0,0.0,147.8923705931129
2030-10-06 18:00:00,0.0,0.0,0.0,0.0,0.0,0.0,0.0,0.0,0.0,0.0,0.0,413.3076294068871
2030-10-06 19:00:00,0.0,0.0,0.0,0.0,0.0,0.0,0.0,0.0,0.0,0.0,0.0,0.0
2030-10-06 20:00:00,0.0,0.0,0.0,0.0,0.0,0.0,0.0,0.0,0.0,0.0,0.0,0.0
2030-10-06 21:00:00,0.0,0.0,0.0,0.0,0.0,0.0,0.0,0.0,0.0,0.0,0.0,0.0
2030-10-06 22:00:00,0.0,0.0,0.0,0.0,0.0,0.0,0.0,0.0,0.0,0.0,0.0,0.0
2030-10-06 23:00:00,0.0,0.0,0.0,0.0,0.0,0.0,0.0,0.0,0.0,0.0,0.0,0.0
2030-10-07 00:00:00,0.0,0.0,0.0,0.0,0.0,0.0,0.0,0.0,0.0,0.0,0.0,0.0
2030-10-07 01:00:00,0.0,0.0,0.0,0.0,0.0,0.0,0.0,0.0,0.0,0.0,0.0,0.0
2030-10-07 02:00:00,0.0,0.0,0.0,0.0,0.0,0.0,0.0,0.0,0.0,0.0,0.0,0.0
2030-10-07 03:00:00,0.0,0.0,0.0,0.0,0.0,0.0,0.0,0.0,0.0,0.0,0.0,0.0
2030-10-07 04:00:00,0.0,0.0,0.0,0.0,0.0,0.0,0.0,0.0,0.0,0.0,0.0,0.0
2030-10-07 05:00:00,0.0,0.0,0.0,0.0,0.0,0.0,0.0,0.0,0.0,0.0,0.0,0.0
2030-10-07 06:00:00,0.0,0.0,0.0,0.0,0.0,0.0,0.0,0.0,0.0,0.0,0.0,0.0
2030-10-07 07:00:00,0.0,0.0,0.0,0.0,0.0,0.0,0.0,0.0,0.0,0.0,0.0,0.0
2030-10-07 08:00:00,0.0,0.0,0.0,0.0,0.0,0.0,0.0,0.0,0.0,0.0,0.0,0.0
2030-10-07 09:00:00,0.0,0.0,0.0,0.0,0.0,0.0,0.0,0.0,0.0,0.0,0.0,0.0
2030-10-07 10:00:00,0.0,0.0,0.0,0.0,0.0,0.0,0.0,0.0,0.0,0.0,0.0,0.0
2030-10-07 11:00:00,0.0,0.0,0.0,0.0,0.0,0.0,0.0,0.0,0.0,0.0,0.0,0.0
2030-10-07 12:00:00,0.0,0.0,0.0,0.0,0.0,0.0,0.0,0.0,0.0,0.0,0.0,0.0
2030-10-07 13:00:00,0.0,0.0,0.0,0.0,0.0,0.0,0.0,0.0,0.0,0.0,0.0,0.0
2030-10-07 14:00:00,0.0,0.0,0.0,0.0,0.0,0.0,0.0,0.0,0.0,0.0,0.0,0.0
2030-10-07 15:00:00,0.0,0.0,0.0,0.0,0.0,0.0,0.0,0.0,0.0,0.0,0.0,0.0
2030-10-07 16:00:00,0.0,0.0,0.0,0.0,0.0,0.0,0.0,0.0,0.0,0.0,0.0,0.0
2030-10-07 17:00:00,0.0,0.0,0.0,0.0,0.0,0.0,0.0,0.0,0.0,0.0,0.0,0.0
2030-10-07 18:00:00,0.0,0.0,0.0,696.6376826514243,0.0,0.0,0.0,0.0,3675.8299887393387,150.4144604151683,0.0,0.0
2030-10-07 19:00:00,0.0,0.0,5311.152938399136,721.1838063449112,0.0,0.0,0.0,0.0,3423.8447655198243,150.4144604151683,0.0,0.0
2030-10-07 20:00:00,0.0,0.0,7381.64,224.70436782806064,0.0,0.0,0.0,0.0,1658.131809066795,1694.995612323941,0.0,0.0
2030-10-07 21:00:00,0.0,0.0,6359.809009815206,0.0,0.0,0.0,0.0,0.0,3151.6509474345385,0.0,0.0,0.0
2030-10-07 22:00:00,0.0,0.0,0.0,0.0,0.0,0.0,0.0,0.0,2920.2568200405995,0.0,0.0,0.0
2030-10-07 23:00:00,0.0,0.0,0.0,0.0,0.0,0.0,0.0,0.0,0.0,0.0,0.0,0.0
2030-10-08 00:00:00,0.0,0.0,0.0,0.0,0.0,0.0,0.0,0.0,3315.1448280893583,0.0,0.0,0.0
2030-10-08 01:00:00,0.0,0.0,1473.0686996113327,0.0,0.0,0.0,0.0,0.0,1896.9381992301833,2070.0,0.0,0.0
2030-10-08 02:00:00,0.0,0.0,3334.9901795538462,0.0,0.0,0.0,0.0,0.0,3925.529714855663,0.0,0.0,0.0
2030-10-08 03:00:00,0.0,0.0,6475.9883933285055,0.0,0.0,0.0,0.0,0.0,4404.03317299013,0.0,0.0,0.0
2030-10-08 04:00:00,1297.0,1520.9406653771148,7381.64,0.0,0.0,0.0,0.0,0.0,5098.250524460825,0.0,0.0,0.0
2030-10-08 05:00:00,1297.0,1644.1,7381.64,2918.657700472475,0.0,0.0,0.0,0.0,2713.361140062187,2070.0,0.0,561.2
2030-10-08 06:00:00,1297.0,703.9346649664722,7381.64,2969.3514995275264,0.0,0.0,0.0,0.0,5159.523958425527,0.0,0.0,0.0
2030-10-08 07:00:00,0.0,0.0,1287.3276081472359,0.0,0.0,0.0,0.0,0.0,4755.794811189216,0.0,0.0,0.0
2030-10-08 08:00:00,0.0,0.0,0.0,0.0,0.0,0.0,0.0,0.0,0.0,0.0,0.0,0.0
2030-10-08 09:00:00,0.0,0.0,0.0,0.0,0.0,0.0,0.0,0.0,0.0,0.0,0.0,0.0
2030-10-08 10:00:00,0.0,0.0,0.0,0.0,0.0,0.0,0.0,0.0,0.0,0.0,0.0,0.0
2030-10-08 11:00:00,0.0,0.0,0.0,0.0,0.0,0.0,0.0,0.0,0.0,0.0,0.0,0.0
2030-10-08 12:00:00,0.0,0.0,0.0,0.0,0.0,0.0,0.0,0.0,0.0,0.0,0.0,0.0
2030-10-08 13:00:00,0.0,0.0,0.0,0.0,0.0,0.0,0.0,0.0,0.0,0.0,0.0,0.0
2030-10-08 14:00:00,0.0,0.0,0.0,0.0,0.0,0.0,0.0,0.0,0.0,0.0,0.0,0.0
2030-10-08 15:00:00,0.0,0.0,0.0,0.0,0.0,0.0,0.0,0.0,0.0,0.0,0.0,0.0
2030-10-08 16:00:00,0.0,0.0,0.0,0.0,0.0,0.0,0.0,0.0,0.0,0.0,0.0,0.0
2030-10-08 17:00:00,0.0,0.0,0.0,1206.7135228952952,0.0,0.0,0.0,0.0,0.0,0.0,0.0,0.0
2030-10-08 18:00:00,0.0,0.0,0.0,2124.7215526249747,0.0,0.0,0.0,470.0000000000005,0.0,0.0,0.0,0.0
2030-10-08 19:00:00,0.0,0.0,0.0,0.0,0.0,0.0,0.0,0.0,0.0,0.0,0.0,0.0
2030-10-08 20:00:00,0.0,0.0,0.0,0.0,0.0,0.0,0.0,0.0,0.0,0.0,0.0,0.0
2030-10-08 21:00:00,0.0,0.0,0.0,0.0,0.0,0.0,0.0,0.0,0.0,0.0,0.0,0.0
2030-10-08 22:00:00,0.0,0.0,0.0,0.0,0.0,0.0,0.0,0.0,0.0,0.0,0.0,0.0
2030-10-08 23:00:00,0.0,0.0,0.0,0.0,0.0,0.0,0.0,0.0,0.0,0.0,0.0,0.0
2030-10-09 00:00:00,0.0,0.0,0.0,0.0,0.0,0.0,0.0,0.0,0.0,0.0,0.0,0.0
2030-10-09 01:00:00,0.0,0.0,0.0,0.0,0.0,0.0,0.0,0.0,0.0,0.0,0.0,0.0
2030-10-09 02:00:00,0.0,0.0,0.0,0.0,0.0,0.0,0.0,0.0,0.0,0.0,0.0,0.0
2030-10-09 03:00:00,0.0,0.0,0.0,0.0,0.0,0.0,0.0,0.0,2250.4178688215643,0.0,0.0,0.0
2030-10-09 04:00:00,0.0,0.0,7201.811134644457,0.0,0.0,0.0,0.0,0.0,5751.17849607612,0.0,0.0,0.0
2030-10-09 05:00:00,1297.0,1644.1,7381.64,3199.99,0.0,0.0,0.0,0.0,6050.478125050003,0.0,0.0,0.0
2030-10-09 06:00:00,1297.0,1644.1,7381.64,2688.0192000000015,0.0,0.0,0.0,0.0,5728.785414150104,0.0,0.0,0.0
2030-10-09 07:00:00,782.5614249385508,0.0,7381.64,0.0,0.0,0.0,0.0,0.0,3166.8230714016104,0.0,872.3619408903165,561.2
2030-10-09 08:00:00,0.0,0.0,0.0,0.0,0.0,0.0,0.0,0.0,0.0,0.0,0.0,0.0
2030-10-09 09:00:00,0.0,0.0,0.0,0.0,0.0,0.0,0.0,0.0,0.0,0.0,0.0,0.0
2030-10-09 10:00:00,0.0,0.0,0.0,0.0,0.0,0.0,0.0,0.0,0.0,0.0,0.0,0.0
2030-10-09 11:00:00,0.0,0.0,0.0,0.0,0.0,0.0,0.0,0.0,0.0,0.0,0.0,0.0
2030-10-09 12:00:00,0.0,0.0,0.0,0.0,0.0,0.0,0.0,0.0,0.0,0.0,0.0,0.0
2030-10-09 13:00:00,0.0,0.0,0.0,0.0,0.0,0.0,0.0,0.0,0.0,0.0,0.0,0.0
2030-10-09 14:00:00,0.0,0.0,0.0,0.0,0.0,0.0,0.0,0.0,0.0,0.0,0.0,0.0
2030-10-09 15:00:00,1297.0,1644.1,7381.64,0.0,0.0,0.0,0.0,0.0,3271.351083700197,0.0,0.0,0.0
2030-10-09 16:00:00,1297.0,1644.1,7381.64,2688.0192000000015,0.0,0.0,0.0,0.0,3899.2814357090037,0.0,0.0,0.0
2030-10-09 17:00:00,1297.0,1644.1,7381.64,0.0,406.6927983518108,0.0,0.0,470.0000000000005,4183.040986443885,255.28476930064792,0.0,0.0
2030-10-09 18:00:00,1297.0,1644.1,7381.64,3199.99,1836.6444265106402,0.0,0.0,394.80000000000047,4737.874186743055,0.0,0.0,0.0
2030-10-09 19:00:00,1297.0,1644.1,7381.64,0.0,0.0,0.0,0.0,0.0,2334.614965126024,2070.0,0.0,0.0
2030-10-09 20:00:00,1297.0,1644.1,7381.64,0.0,0.0,0.0,0.0,0.0,2065.261844765741,2070.0,0.0,0.0
2030-10-09 21:00:00,1297.0,1644.1,7381.64,0.0,0.0,0.0,0.0,0.0,3813.108977087748,0.0,0.0,0.0
2030-10-09 22:00:00,0.0,0.0,7381.64,0.0,0.0,0.0,0.0,0.0,3866.5540964179436,0.0,0.0,0.0
2030-10-09 23:00:00,0.0,0.0,3381.5791411495857,0.0,0.0,0.0,0.0,0.0,3739.532168679051,0.0,0.0,0.0
2030-10-10 00:00:00,0.0,0.0,3798.2941220817083,0.0,0.0,0.0,0.0,0.0,4182.225173374184,0.0,0.0,0.0
2030-10-10 01:00:00,0.0,0.0,2867.609280260629,0.0,0.0,0.0,0.0,0.0,2209.3959525803016,2070.0,0.0,0.0
2030-10-10 02:00:00,0.0,0.0,296.4497077021806,0.0,0.0,0.0,0.0,0.0,2182.5350313831077,2070.0,0.0,0.0
2030-10-10 03:00:00,0.0,0.0,2941.558068987586,0.0,0.0,0.0,0.0,0.0,2184.356499598759,2070.0,0.0,561.2
2030-10-10 04:00:00,1067.5681182216504,0.0,7381.64,0.0,0.0,0.0,0.0,0.0,5593.7126094438145,0.0,0.0,0.0
2030-10-10 05:00:00,1297.0,1644.1,7381.64,3199.99,0.0,0.0,0.0,0.0,5858.145714470713,0.0,0.0,0.0
2030-10-10 06:00:00,1297.0,1644.1,7381.64,2688.0192000000015,0.0,0.0,0.0,0.0,5606.152754027035,0.0,0.0,0.0
2030-10-10 07:00:00,0.0,0.0,3991.7790495566805,0.0,0.0,0.0,0.0,0.0,3077.1050691272158,2070.0,0.0,0.0
2030-10-10 08:00:00,0.0,0.0,0.0,0.0,0.0,0.0,0.0,0.0,0.0,0.0,0.0,0.0
2030-10-10 09:00:00,0.0,0.0,0.0,0.0,0.0,0.0,0.0,0.0,0.0,0.0,0.0,0.0
2030-10-10 10:00:00,0.0,0.0,0.0,0.0,0.0,0.0,0.0,0.0,0.0,0.0,0.0,0.0
2030-10-10 11:00:00,0.0,0.0,0.0,0.0,0.0,0.0,0.0,0.0,0.0,0.0,0.0,0.0
2030-10-10 12:00:00,0.0,0.0,0.0,0.0,0.0,0.0,0.0,0.0,0.0,0.0,0.0,0.0
2030-10-10 13:00:00,0.0,0.0,0.0,0.0,0.0,0.0,0.0,0.0,0.0,0.0,0.0,0.0
2030-10-10 14:00:00,0.0,0.0,0.0,0.0,0.0,0.0,0.0,0.0,0.0,0.0,0.0,0.0
2030-10-10 15:00:00,0.0,0.0,0.0,0.0,0.0,0.0,0.0,0.0,0.0,0.0,0.0,0.0
2030-10-10 16:00:00,0.0,0.0,2708.9963029850915,0.0,0.0,0.0,0.0,0.0,1823.1248211752277,2070.0,0.0,0.0
2030-10-10 17:00:00,1297.0,1644.1,7381.64,0.0,1277.9786955012023,0.0,0.0,394.80000000000047,4512.802171395026,0.0,0.0,0.0
2030-10-10 18:00:00,1297.0,1644.1,7381.64,0.0,3094.4553809940044,0.0,0.0,470.0000000000005,4814.659931033811,0.0,0.0,0.0
2030-10-10 19:00:00,1297.0,1644.1,7381.64,0.0,120.3733072679679,0.0,0.0,0.0,2475.975950213325,2070.0,0.0,0.0
2030-10-10 20:00:00,1297.0,1644.1,7381.64,1446.5428202988624,0.0,0.0,0.0,0.0,4315.219837044776,0.0,0.0,0.0
2030-10-10 21:00:00,1297.0,1644.1,7381.64,1580.0229678927217,0.0,0.0,0.0,0.0,4012.528560546237,0.0,0.0,0.0
2030-10-10 22:00:00,1297.0,1644.1,7381.64,0.0,1031.4957799507683,0.0,0.0,470.0000000000005,4080.3614317635547,0.0,0.0,0.0
2030-10-10 23:00:00,1297.0,1644.1,7381.64,2861.4434118084173,0.0,0.0,0.0,0.0,3982.5724837209727,0.0,0.0,0.0
2030-10-11 00:00:00,1297.0,1644.1,7381.64,0.0,0.0,0.0,0.0,0.0,3922.246611825075,0.0,0.0,0.0
2030-10-11 01:00:00,1297.0,1644.1,7381.64,0.0,0.0,0.0,0.0,0.0,1954.6331319418223,2070.0,0.0,0.0
2030-10-11 02:00:00,1297.0,1644.1,7381.64,0.0,0.0,0.0,0.0,0.0,3999.952455526428,0.0,0.0,0.0
2030-10-11 03:00:00,1297.0,1644.1,7381.64,0.0,0.0,0.0,0.0,0.0,4512.053393577165,0.0,0.0,0.0
2030-10-11 04:00:00,1297.0,1644.1,7381.64,0.0,0.0,0.0,0.0,0.0,5260.063430996811,0.0,0.0,0.0
2030-10-11 05:00:00,1297.0,1644.1,7381.64,0.0,0.0,0.0,0.0,0.0,5526.551998232704,0.0,0.0,0.0
2030-10-11 06:00:00,1297.0,1644.1,7381.64,0.0,1948.7759173775703,0.0,0.0,470.0000000000005,5331.434219246729,0.0,0.0,0.0
2030-10-11 07:00:00,1297.0,1644.1,7381.64,0.0,2942.306977409491,0.0,0.0,0.0,4927.571608949432,0.0,0.0,0.0
2030-10-11 08:00:00,1297.0,1644.1,7381.64,0.0,908.9501707281088,0.0,0.0,394.80000000000047,2510.096714199876,2070.0,0.0,0.0
2030-10-11 09:00:00,1297.0,1644.1,7381.64,0.0,0.0,0.0,0.0,0.0,4257.105109038474,0.0,0.0,0.0
2030-10-11 10:00:00,0.0,0.0,6212.696111885165,0.0,0.0,0.0,0.0,0.0,3863.7908640713304,0.0,0.0,0.0
2030-10-11 11:00:00,0.0,0.0,4411.059678134874,0.0,0.0,0.0,0.0,0.0,3614.313153257942,0.0,0.0,0.0
2030-10-11 12:00:00,0.0,0.0,7381.64,0.0,0.0,0.0,0.0,0.0,1257.037160311238,2070.0,0.0,0.0
2030-10-11 13:00:00,967.1158275581183,0.0,7381.64,0.0,0.0,0.0,0.0,0.0,3231.4070803614377,0.0,0.0,0.0
2030-10-11 14:00:00,1297.0,1644.1,7381.64,0.0,0.0,0.0,0.0,0.0,974.1269933648423,2070.0,0.0,0.0
2030-10-11 15:00:00,1297.0,1644.1,7381.64,830.0898079862595,0.0,0.0,0.0,0.0,917.7576160177509,2070.0,0.0,0.0
2030-10-11 16:00:00,1297.0,1644.1,7381.64,0.0,0.0,0.0,0.0,0.0,3617.661038091567,0.0,0.0,0.0
2030-10-11 17:00:00,1297.0,1644.1,7381.64,0.0,3616.0578558883135,0.0,0.0,397.80800000000045,3400.8267783204287,876.0490029345641,0.0,0.0
2030-10-11 18:00:00,1297.0,1644.1,7381.64,0.0,5423.10616315042,0.0,0.0,0.0,2476.8242451617903,2070.0,0.0,0.0
2030-10-11 19:00:00,1297.0,1644.1,7381.64,0.0,1765.5119374722635,0.0,0.0,0.0,2162.317110194108,2070.0,0.0,0.0
2030-10-11 20:00:00,1297.0,1644.1,7381.64,0.0,0.0,0.0,0.0,0.0,1903.6584131173645,2070.0,0.0,0.0
2030-10-11 21:00:00,1297.0,1644.1,7381.64,0.0,751.6680475614415,0.0,0.0,82.27794912843058,1613.6611366261463,2070.0,0.0,0.0
2030-10-11 22:00:00,1297.0,1644.1,7381.64,0.0,1174.919673680066,0.0,0.0,470.0000000000005,1641.42270729863,2070.0,0.0,0.0
2030-10-11 23:00:00,1297.0,1644.1,7381.64,0.0,0.0,0.0,0.0,0.0,1516.572550515848,2070.0,0.0,0.0
2030-10-12 00:00:00,1297.0,1644.1,7381.64,0.0,0.0,0.0,0.0,427.93520412562793,2596.2861562584617,2070.0,0.0,0.0
2030-10-12 01:00:00,1297.0,1644.1,7381.64,0.0,0.0,0.0,0.0,0.0,2701.6207747134636,2070.0,0.0,0.0
2030-10-12 02:00:00,1297.0,1644.1,7381.64,0.0,0.0,0.0,0.0,0.0,2674.8030231948674,2070.0,0.0,0.0
2030-10-12 03:00:00,1297.0,1644.1,7381.64,0.0,0.0,0.0,0.0,0.0,3250.726956389126,2070.0,0.0,0.0
2030-10-12 04:00:00,1297.0,1644.1,7381.64,0.0,0.0,0.0,0.0,0.0,4003.296187681789,2070.0,0.0,0.0
2030-10-12 05:00:00,1297.0,1644.1,7381.64,1857.9293920137425,0.0,0.0,0.0,0.0,3668.0579064880876,2070.0,0.0,508.81024039918333
2030-10-12 06:00:00,1297.0,1644.1,7381.64,3199.99,0.0,0.0,0.0,0.0,3857.427691826366,2070.0,0.0,0.0
2030-10-12 07:00:00,1297.0,1644.1,7381.64,0.0,0.0,0.0,0.0,0.0,2857.1551297536166,2070.0,0.0,0.0
2030-10-12 08:00:00,1297.0,1644.1,7381.64,0.0,0.0,0.0,0.0,0.0,1703.0223505170247,2070.0,0.0,0.0
2030-10-12 09:00:00,1297.0,1644.1,7381.64,0.0,0.0,0.0,0.0,0.0,235.07090254756326,2070.0,0.0,0.0
2030-10-12 10:00:00,1297.0,1447.2882827511921,7381.64,0.0,0.0,0.0,0.0,0.0,0.0,548.33887527247,0.0,0.0
2030-10-12 11:00:00,0.0,0.0,7021.44707409912,0.0,0.0,0.0,0.0,0.0,0.0,0.0,0.0,0.0
2030-10-12 12:00:00,462.9812320124074,0.0,7381.64,0.0,0.0,0.0,0.0,0.0,0.0,0.0,0.0,0.0
2030-10-12 13:00:00,1297.0,1644.1,7381.64,0.0,0.0,0.0,0.0,0.0,0.0,188.9647173688627,0.0,0.0
2030-10-12 14:00:00,1297.0,1644.1,7381.64,2688.0192000000015,0.0,0.0,0.0,0.0,0.0,1017.9313434436949,0.0,0.0
2030-10-12 15:00:00,1297.0,1644.1,7381.64,0.0,0.0,0.0,0.0,0.0,180.2872821031799,2070.0,0.0,0.0
2030-10-12 16:00:00,1297.0,1644.1,7381.64,3199.99,0.0,0.0,0.0,0.0,1793.5538144544184,2070.0,0.0,0.0
2030-10-12 17:00:00,1297.0,1644.1,7381.64,0.0,0.0,0.0,0.0,0.0,2741.561521221682,2070.0,0.0,0.0
2030-10-12 18:00:00,1297.0,1644.1,7381.64,0.0,0.0,0.0,0.0,0.0,3081.085618393423,2070.0,0.0,0.0
2030-10-12 19:00:00,1297.0,1644.1,7381.64,0.0,0.0,0.0,0.0,0.0,2841.7835471509015,2070.0,0.0,0.0
2030-10-12 20:00:00,1297.0,1644.1,7381.64,0.0,0.0,0.0,0.0,0.0,2637.6496147097573,2070.0,0.0,0.0
2030-10-12 21:00:00,1297.0,1644.1,7381.64,0.0,0.0,0.0,0.0,0.0,2329.218110492466,2070.0,0.0,0.0
2030-10-12 22:00:00,0.0,0.0,281.8056717385043,0.0,0.0,0.0,0.0,0.0,2380.7999566919084,2070.0,0.0,0.0
2030-10-12 23:00:00,0.0,0.0,1090.0120640745154,0.0,0.0,0.0,0.0,0.0,2276.989996772354,2070.0,0.0,0.0
2030-10-13 00:00:00,0.0,0.0,576.3085221213187,0.0,0.0,0.0,0.0,0.0,2636.2453845618993,2070.0,0.0,0.0
2030-10-13 01:00:00,0.0,0.0,282.8719565244901,0.0,0.0,0.0,0.0,0.0,2662.8019286660096,2070.0,0.0,0.0
2030-10-13 02:00:00,0.0,0.0,1331.2677135849299,0.0,0.0,0.0,0.0,0.0,2570.4388084005614,2070.0,0.0,0.0
2030-10-13 03:00:00,0.0,0.0,803.9131349181916,0.0,0.0,0.0,0.0,0.0,2493.352695334782,2070.0,0.0,0.0
2030-10-13 04:00:00,0.0,0.0,521.4991188952263,0.0,0.0,0.0,0.0,0.0,2495.9562708000676,2070.0,0.0,0.0
2030-10-13 05:00:00,0.0,0.0,0.0,0.0,0.0,0.0,0.0,0.0,1305.3073827575327,2070.0,0.0,561.2
2030-10-13 06:00:00,0.0,0.0,0.0,0.0,0.0,0.0,0.0,0.0,0.0,53.86886900641207,0.0,0.0
2030-10-13 07:00:00,0.0,0.0,0.0,0.0,0.0,0.0,0.0,0.0,0.0,0.0,0.0,0.0
2030-10-13 08:00:00,0.0,0.0,0.0,0.0,0.0,0.0,0.0,0.0,0.0,0.0,0.0,0.0
2030-10-13 09:00:00,0.0,0.0,0.0,0.0,0.0,0.0,0.0,0.0,0.0,0.0,0.0,0.0
2030-10-13 10:00:00,0.0,0.0,0.0,0.0,0.0,0.0,0.0,0.0,0.0,0.0,0.0,0.0
2030-10-13 11:00:00,0.0,0.0,0.0,0.0,0.0,0.0,0.0,0.0,0.0,0.0,0.0,0.0
2030-10-13 12:00:00,0.0,0.0,0.0,0.0,0.0,0.0,0.0,0.0,0.0,0.0,0.0,0.0
2030-10-13 13:00:00,0.0,0.0,0.0,0.0,0.0,0.0,0.0,0.0,0.0,0.0,0.0,0.0
2030-10-13 14:00:00,0.0,0.0,0.0,0.0,0.0,0.0,0.0,0.0,0.0,0.0,0.0,0.0
2030-10-13 15:00:00,0.0,0.0,0.0,0.0,0.0,0.0,0.0,0.0,0.0,0.0,0.0,0.0
2030-10-13 16:00:00,0.0,0.0,0.0,0.0,0.0,0.0,0.0,0.0,0.0,0.0,0.0,0.0
2030-10-13 17:00:00,0.0,0.0,0.0,0.0,0.0,0.0,0.0,0.0,0.0,0.0,0.0,0.0
2030-10-13 18:00:00,0.0,0.0,0.0,0.0,0.0,0.0,0.0,0.0,0.0,0.0,0.0,0.0
2030-10-13 19:00:00,0.0,0.0,0.0,0.0,0.0,0.0,0.0,0.0,0.0,0.0,0.0,0.0
2030-10-13 20:00:00,0.0,0.0,0.0,0.0,0.0,0.0,0.0,0.0,0.0,0.0,0.0,0.0
2030-10-13 21:00:00,0.0,0.0,0.0,0.0,0.0,0.0,0.0,0.0,0.0,0.0,0.0,0.0
2030-10-13 22:00:00,0.0,0.0,0.0,0.0,0.0,0.0,0.0,0.0,0.0,0.0,0.0,0.0
2030-10-13 23:00:00,0.0,0.0,0.0,0.0,0.0,0.0,0.0,0.0,0.0,0.0,0.0,0.0
2030-10-14 00:00:00,0.0,0.0,0.0,0.0,0.0,0.0,0.0,0.0,0.0,0.0,0.0,0.0
2030-10-14 01:00:00,0.0,0.0,0.0,0.0,0.0,0.0,0.0,0.0,0.0,0.0,0.0,0.0
2030-10-14 02:00:00,0.0,0.0,0.0,0.0,0.0,0.0,0.0,0.0,0.0,0.0,0.0,0.0
2030-10-14 03:00:00,0.0,0.0,0.0,0.0,0.0,0.0,0.0,0.0,0.0,0.0,0.0,0.0
2030-10-14 04:00:00,0.0,0.0,0.0,0.0,0.0,0.0,0.0,0.0,0.0,0.0,0.0,0.0
2030-10-14 05:00:00,0.0,0.0,0.0,0.0,0.0,0.0,0.0,0.0,0.0,0.0,0.0,0.0
2030-10-14 06:00:00,0.0,0.0,0.0,0.0,0.0,0.0,0.0,0.0,0.0,0.0,0.0,0.0
2030-10-14 07:00:00,0.0,0.0,0.0,0.0,0.0,0.0,0.0,0.0,0.0,0.0,0.0,0.0
2030-10-14 08:00:00,0.0,0.0,0.0,0.0,0.0,0.0,0.0,0.0,0.0,0.0,0.0,0.0
2030-10-14 09:00:00,0.0,0.0,0.0,0.0,0.0,0.0,0.0,0.0,0.0,0.0,0.0,0.0
2030-10-14 10:00:00,0.0,0.0,0.0,0.0,0.0,0.0,0.0,0.0,0.0,0.0,0.0,0.0
2030-10-14 11:00:00,0.0,0.0,0.0,0.0,0.0,0.0,0.0,0.0,0.0,0.0,0.0,0.0
2030-10-14 12:00:00,0.0,0.0,0.0,0.0,0.0,0.0,0.0,0.0,0.0,0.0,0.0,0.0
2030-10-14 13:00:00,0.0,0.0,0.0,0.0,0.0,0.0,0.0,0.0,0.0,0.0,0.0,0.0
2030-10-14 14:00:00,0.0,0.0,0.0,0.0,0.0,0.0,0.0,0.0,0.0,0.0,0.0,0.0
2030-10-14 15:00:00,0.0,0.0,0.0,0.0,0.0,0.0,0.0,0.0,967.868656819106,0.0,0.0,0.0
2030-10-14 16:00:00,1297.0,1644.1,7381.64,3199.99,0.0,0.0,0.0,0.0,2987.5123143148094,0.0,0.0,0.0
2030-10-14 17:00:00,1297.0,1644.1,7381.64,2232.8000503326757,0.0,0.0,0.0,0.0,3968.4560784328187,0.0,0.0,561.2
2030-10-14 18:00:00,1297.0,1644.1,7381.64,455.21914966732584,0.0,0.0,0.0,0.0,4921.553490324424,0.0,0.0,0.0
2030-10-14 19:00:00,0.0,0.0,0.0,0.0,0.0,0.0,0.0,0.0,4545.988595704281,0.0,0.0,0.0
2030-10-14 20:00:00,0.0,0.0,0.0,0.0,0.0,0.0,0.0,0.0,0.0,0.0,0.0,0.0
2030-10-14 21:00:00,0.0,0.0,0.0,0.0,0.0,0.0,0.0,0.0,0.0,0.0,0.0,0.0
2030-10-14 22:00:00,0.0,0.0,0.0,0.0,0.0,0.0,0.0,0.0,0.0,0.0,0.0,0.0
2030-10-14 23:00:00,0.0,0.0,0.0,0.0,0.0,0.0,0.0,0.0,0.0,0.0,0.0,0.0
2030-10-15 00:00:00,0.0,0.0,0.0,0.0,0.0,0.0,0.0,0.0,0.0,0.0,0.0,0.0
2030-10-15 01:00:00,0.0,0.0,0.0,0.0,0.0,0.0,0.0,0.0,0.0,0.0,0.0,0.0
2030-10-15 02:00:00,0.0,0.0,0.0,0.0,0.0,0.0,0.0,0.0,0.0,0.0,0.0,0.0
2030-10-15 03:00:00,0.0,0.0,0.0,0.0,0.0,0.0,0.0,0.0,0.0,0.0,0.0,0.0
2030-10-15 04:00:00,0.0,0.0,0.0,0.0,0.0,0.0,0.0,0.0,2283.4002796533323,0.0,0.0,0.0
2030-10-15 05:00:00,0.0,0.0,0.0,2688.0192000000015,0.0,0.0,0.0,0.0,7313.286574298994,0.0,0.0,561.2
2030-10-15 06:00:00,0.0,0.0,5052.463043344134,3199.99,5581.203742255035,0.0,0.0,394.80000000000047,7531.987615220654,0.0,0.0,0.0
2030-10-15 07:00:00,0.0,0.0,0.0,0.0,5218.840766951034,0.0,0.0,470.0000000000005,5980.643688453658,0.0,0.0,0.0
2030-10-15 08:00:00,0.0,0.0,0.0,0.0,0.0,0.0,0.0,0.0,0.0,0.0,0.0,0.0
2030-10-15 09:00:00,0.0,0.0,0.0,0.0,0.0,0.0,0.0,0.0,0.0,0.0,0.0,0.0
2030-10-15 10:00:00,0.0,0.0,0.0,0.0,0.0,0.0,0.0,0.0,0.0,0.0,0.0,0.0
2030-10-15 11:00:00,0.0,0.0,0.0,0.0,0.0,0.0,0.0,0.0,0.0,0.0,0.0,0.0
2030-10-15 12:00:00,0.0,0.0,0.0,0.0,0.0,0.0,0.0,0.0,0.0,0.0,0.0,0.0
2030-10-15 13:00:00,0.0,0.0,1957.976636225685,0.0,0.0,0.0,0.0,0.0,2688.4754602998923,0.0,0.0,0.0
2030-10-15 14:00:00,1297.0,1644.1,7381.64,0.0,0.0,0.0,0.0,0.0,3766.695211254424,0.0,0.0,0.0
2030-10-15 15:00:00,1297.0,1644.1,7381.64,0.0,0.0,0.0,0.0,0.0,4544.696809131643,0.0,0.0,0.0
2030-10-15 16:00:00,1297.0,1644.1,7381.64,0.0,0.0,0.0,0.0,0.0,5342.6084583056,0.0,0.0,0.0
2030-10-15 17:00:00,1297.0,1644.1,7381.64,0.0,0.0,0.0,0.0,0.0,6129.671920224682,0.0,0.0,0.0
2030-10-15 18:00:00,1297.0,1644.1,7381.64,3199.99,0.0,0.0,0.0,0.0,6523.564231224483,0.0,0.0,0.0
2030-10-15 19:00:00,1297.0,1644.1,7381.64,2688.0192000000015,0.0,0.0,0.0,0.0,6290.193805062339,0.0,0.0,0.0
2030-10-15 20:00:00,1297.0,1644.1,7381.64,0.0,0.0,0.0,0.0,0.0,6113.271755795785,0.0,0.0,0.0
2030-10-15 21:00:00,1297.0,1644.1,7381.64,0.0,0.0,0.0,0.0,0.0,5815.53368035346,0.0,0.0,0.0
2030-10-15 22:00:00,1297.0,1644.1,7381.64,0.0,0.0,0.0,0.0,0.0,5892.303349207673,0.0,0.0,0.0
2030-10-15 23:00:00,1297.0,1644.1,7381.64,0.0,0.0,0.0,0.0,0.0,5787.599044830181,0.0,0.0,0.0
2030-10-16 00:00:00,1297.0,1644.1,7381.64,0.0,0.0,0.0,0.0,0.0,5836.303336261586,0.0,0.0,0.0
2030-10-16 01:00:00,1297.0,1644.1,7381.64,0.0,0.0,0.0,0.0,0.0,6003.991158176988,0.0,0.0,0.0
2030-10-16 02:00:00,1297.0,1644.1,7381.64,0.0,0.0,0.0,0.0,0.0,6062.916870488267,0.0,0.0,0.0
2030-10-16 03:00:00,1297.0,1644.1,7381.64,0.0,0.0,0.0,0.0,0.0,6679.023343128843,0.0,0.0,0.0
2030-10-16 04:00:00,1297.0,1644.1,7381.64,0.0,0.0,0.0,0.0,0.0,7393.070381661113,0.0,0.0,0.0
2030-10-16 05:00:00,1297.0,1644.1,7381.64,254.74625541804534,0.0,0.0,0.0,0.0,5445.91179566019,2070.0,0.0,0.0
2030-10-16 06:00:00,1297.0,1644.1,7381.64,0.0,1299.965593878871,0.0,0.0,470.0000000000005,7119.016487404004,0.0,0.0,0.0
2030-10-16 07:00:00,1297.0,1552.2451865939292,7381.64,0.0,0.0,0.0,0.0,147.99538103579107,4422.969782180859,2070.0,0.0,0.0
2030-10-16 08:00:00,0.0,0.0,3481.946225908352,0.0,0.0,0.0,0.0,0.0,5166.466621628757,0.0,0.0,561.2
2030-10-16 09:00:00,0.0,0.0,0.0,0.0,0.0,0.0,0.0,0.0,2506.994582559075,0.0,0.0,0.0
2030-10-16 10:00:00,0.0,0.0,0.0,0.0,0.0,0.0,0.0,0.0,0.0,0.0,0.0,0.0
2030-10-16 11:00:00,0.0,0.0,0.0,0.0,0.0,0.0,0.0,0.0,0.0,0.0,0.0,0.0
2030-10-16 12:00:00,0.0,0.0,0.0,0.0,0.0,0.0,0.0,0.0,0.0,0.0,0.0,0.0
2030-10-16 13:00:00,0.0,0.0,0.0,0.0,0.0,0.0,0.0,0.0,0.0,0.0,0.0,0.0
2030-10-16 14:00:00,0.0,0.0,0.0,0.0,0.0,0.0,0.0,0.0,0.0,0.0,0.0,0.0
2030-10-16 15:00:00,0.0,0.0,4761.486513962605,0.0,0.0,0.0,0.0,0.0,1727.1386987215337,2070.0,0.0,0.0
2030-10-16 16:00:00,1297.0,1644.1,7381.64,3199.99,0.0,0.0,0.0,0.0,2672.5883472120854,2070.0,0.0,0.0
2030-10-16 17:00:00,1297.0,1644.1,7381.64,2688.0192000000015,0.0,0.0,0.0,0.0,3700.731957700543,2070.0,0.0,0.0
2030-10-16 18:00:00,1297.0,1644.1,7381.64,0.0,0.0,0.0,0.0,0.0,4099.260638221133,2070.0,0.0,0.0
2030-10-16 19:00:00,0.0,0.0,4220.605412639793,0.0,0.0,0.0,0.0,0.0,3216.158609815692,2070.0,0.0,561.2
2030-10-16 20:00:00,0.0,0.0,0.0,0.0,0.0,0.0,0.0,0.0,0.0,0.0,0.0,0.0
2030-10-16 21:00:00,0.0,0.0,0.0,0.0,0.0,0.0,0.0,0.0,0.0,0.0,0.0,0.0
2030-10-16 22:00:00,0.0,0.0,0.0,0.0,0.0,0.0,0.0,0.0,0.0,0.0,0.0,0.0
2030-10-16 23:00:00,0.0,0.0,0.0,0.0,0.0,0.0,0.0,0.0,0.0,0.0,0.0,0.0
2030-10-17 00:00:00,0.0,0.0,0.0,0.0,0.0,0.0,0.0,0.0,0.0,0.0,0.0,0.0
2030-10-17 01:00:00,0.0,0.0,0.0,0.0,0.0,0.0,0.0,0.0,0.0,0.0,0.0,0.0
2030-10-17 02:00:00,0.0,0.0,0.0,0.0,0.0,0.0,0.0,0.0,320.90331222691293,0.0,0.0,0.0
2030-10-17 03:00:00,0.0,0.0,0.0,30.460550178433778,0.0,0.0,0.0,0.0,0.0,2070.0,0.0,0.0
2030-10-17 04:00:00,0.0,0.0,0.0,1865.740213672969,0.0,0.0,0.0,0.0,1738.6615510870402,2070.0,2230.5312227127306,561.2
2030-10-17 05:00:00,0.0,0.0,33.37282188795507,3199.99,0.0,0.0,0.0,0.0,5124.911631055636,2070.0,0.0,0.0
2030-10-17 06:00:00,0.0,0.0,0.0,791.8184361485983,0.0,0.0,0.0,0.0,6618.291232172924,112.43278642506742,0.0,0.0
2030-10-17 07:00:00,0.0,0.0,0.0,0.0,0.0,0.0,0.0,0.0,0.0,0.0,0.0,0.0
2030-10-17 08:00:00,0.0,0.0,0.0,0.0,0.0,0.0,0.0,0.0,0.0,0.0,0.0,0.0
2030-10-17 09:00:00,0.0,0.0,0.0,0.0,0.0,0.0,0.0,0.0,0.0,0.0,0.0,0.0
2030-10-17 10:00:00,0.0,0.0,0.0,0.0,0.0,0.0,0.0,0.0,0.0,0.0,0.0,0.0
2030-10-17 11:00:00,0.0,0.0,0.0,0.0,0.0,0.0,0.0,0.0,0.0,0.0,0.0,0.0
2030-10-17 12:00:00,0.0,0.0,0.0,0.0,0.0,0.0,0.0,0.0,0.0,0.0,0.0,0.0
2030-10-17 13:00:00,0.0,0.0,0.0,0.0,0.0,0.0,0.0,0.0,0.0,0.0,0.0,0.0
2030-10-17 14:00:00,0.0,0.0,0.0,0.0,0.0,0.0,0.0,0.0,0.0,0.0,0.0,0.0
2030-10-17 15:00:00,0.0,0.0,0.0,0.0,0.0,0.0,0.0,0.0,0.0,0.0,0.0,0.0
2030-10-17 16:00:00,0.0,0.0,0.0,2842.8297957715295,0.0,0.0,0.0,0.0,0.0,0.0,0.0,0.0
2030-10-17 17:00:00,0.0,0.0,0.0,2527.4033799260937,0.0,0.0,0.0,0.0,0.0,0.0,0.0,0.0
2030-10-17 18:00:00,0.0,0.0,0.0,0.0,0.0,0.0,0.0,0.0,0.0,0.0,0.0,0.0
2030-10-17 19:00:00,0.0,0.0,0.0,0.0,0.0,0.0,0.0,0.0,0.0,0.0,0.0,0.0
2030-10-17 20:00:00,0.0,0.0,0.0,0.0,0.0,0.0,0.0,0.0,0.0,0.0,0.0,0.0
2030-10-17 21:00:00,0.0,0.0,0.0,0.0,0.0,0.0,0.0,0.0,0.0,0.0,0.0,0.0
2030-10-17 22:00:00,0.0,0.0,0.0,0.0,0.0,0.0,0.0,0.0,0.0,0.0,0.0,0.0
2030-10-17 23:00:00,0.0,0.0,0.0,0.0,0.0,0.0,0.0,0.0,0.0,0.0,0.0,0.0
2030-10-18 00:00:00,0.0,0.0,0.0,0.0,0.0,0.0,0.0,0.0,0.0,0.0,0.0,0.0
2030-10-18 01:00:00,0.0,0.0,0.0,0.0,0.0,0.0,0.0,0.0,0.0,0.0,0.0,0.0
2030-10-18 02:00:00,0.0,0.0,0.0,0.0,0.0,0.0,0.0,0.0,0.0,0.0,0.0,0.0
2030-10-18 03:00:00,0.0,0.0,0.0,0.0,0.0,0.0,0.0,0.0,0.0,0.0,0.0,0.0
2030-10-18 04:00:00,0.0,0.0,0.0,0.0,0.0,0.0,0.0,0.0,0.0,0.0,0.0,0.0
2030-10-18 05:00:00,0.0,0.0,0.0,3199.99,0.0,0.0,0.0,0.0,0.0,0.0,0.0,0.0
2030-10-18 06:00:00,0.0,0.0,0.0,1415.3750021269307,0.0,0.0,0.0,0.0,0.0,0.0,0.0,0.0
2030-10-18 07:00:00,0.0,0.0,0.0,0.0,0.0,0.0,0.0,0.0,0.0,0.0,0.0,0.0
2030-10-18 08:00:00,0.0,0.0,0.0,0.0,0.0,0.0,0.0,0.0,0.0,0.0,0.0,0.0
2030-10-18 09:00:00,0.0,0.0,0.0,0.0,0.0,0.0,0.0,0.0,0.0,0.0,0.0,0.0
2030-10-18 10:00:00,0.0,0.0,0.0,0.0,0.0,0.0,0.0,0.0,0.0,0.0,0.0,0.0
2030-10-18 11:00:00,0.0,0.0,0.0,0.0,0.0,0.0,0.0,0.0,0.0,0.0,0.0,0.0
2030-10-18 12:00:00,0.0,0.0,0.0,0.0,0.0,0.0,0.0,0.0,0.0,0.0,0.0,0.0
2030-10-18 13:00:00,0.0,0.0,0.0,0.0,0.0,0.0,0.0,0.0,0.0,0.0,0.0,0.0
2030-10-18 14:00:00,0.0,0.0,0.0,0.0,0.0,0.0,0.0,0.0,0.0,0.0,0.0,0.0
2030-10-18 15:00:00,0.0,0.0,0.0,0.0,0.0,0.0,0.0,0.0,0.0,0.0,0.0,0.0
2030-10-18 16:00:00,0.0,0.0,0.0,2688.0192000000015,0.0,0.0,0.0,0.0,0.0,0.0,0.0,0.0
2030-10-18 17:00:00,0.0,0.0,0.0,3199.99,0.0,0.0,0.0,0.0,0.0,0.0,0.0,0.0
2030-10-18 18:00:00,0.0,0.0,0.0,0.0,0.0,0.0,0.0,0.0,0.0,0.0,0.0,0.0
2030-10-18 19:00:00,0.0,0.0,0.0,0.0,0.0,0.0,0.0,0.0,0.0,0.0,0.0,0.0
2030-10-18 20:00:00,0.0,0.0,0.0,0.0,0.0,0.0,0.0,0.0,0.0,0.0,0.0,0.0
2030-10-18 21:00:00,0.0,0.0,0.0,0.0,0.0,0.0,0.0,0.0,0.0,0.0,0.0,0.0
2030-10-18 22:00:00,0.0,0.0,0.0,0.0,0.0,0.0,0.0,0.0,0.0,0.0,0.0,0.0
2030-10-18 23:00:00,0.0,0.0,0.0,0.0,0.0,0.0,0.0,0.0,0.0,0.0,0.0,0.0
2030-10-19 00:00:00,0.0,0.0,0.0,0.0,0.0,0.0,0.0,0.0,0.0,0.0,0.0,0.0
2030-10-19 01:00:00,0.0,0.0,0.0,0.0,0.0,0.0,0.0,0.0,0.0,0.0,0.0,0.0
2030-10-19 02:00:00,0.0,0.0,0.0,0.0,0.0,0.0,0.0,0.0,0.0,0.0,0.0,0.0
2030-10-19 03:00:00,0.0,0.0,0.0,0.0,0.0,0.0,0.0,0.0,0.0,0.0,0.0,0.0
2030-10-19 04:00:00,0.0,0.0,0.0,0.0,0.0,0.0,0.0,0.0,0.0,0.0,0.0,0.0
2030-10-19 05:00:00,0.0,0.0,0.0,2688.0192000000015,0.0,0.0,0.0,0.0,0.0,0.0,0.0,0.0
2030-10-19 06:00:00,0.0,0.0,0.0,3199.99,0.0,0.0,0.0,0.0,0.0,0.0,0.0,0.0
2030-10-19 07:00:00,0.0,0.0,0.0,0.0,0.0,0.0,0.0,0.0,0.0,0.0,0.0,0.0
2030-10-19 08:00:00,0.0,0.0,0.0,0.0,0.0,0.0,0.0,0.0,0.0,0.0,0.0,0.0
2030-10-19 09:00:00,0.0,0.0,0.0,0.0,0.0,0.0,0.0,0.0,0.0,0.0,0.0,0.0
2030-10-19 10:00:00,0.0,0.0,0.0,0.0,0.0,0.0,0.0,0.0,0.0,0.0,0.0,0.0
2030-10-19 11:00:00,0.0,0.0,0.0,0.0,0.0,0.0,0.0,0.0,0.0,0.0,0.0,0.0
2030-10-19 12:00:00,0.0,0.0,0.0,0.0,0.0,0.0,0.0,0.0,0.0,0.0,0.0,0.0
2030-10-19 13:00:00,0.0,0.0,0.0,0.0,0.0,0.0,0.0,0.0,0.0,0.0,0.0,0.0
2030-10-19 14:00:00,0.0,0.0,0.0,0.0,0.0,0.0,0.0,0.0,0.0,0.0,0.0,0.0
2030-10-19 15:00:00,0.0,0.0,0.0,0.0,0.0,0.0,0.0,0.0,0.0,0.0,0.0,0.0
2030-10-19 16:00:00,0.0,0.0,2868.027237346141,2688.0192000000015,0.0,0.0,0.0,0.0,3146.312803495598,0.0,0.0,0.0
2030-10-19 17:00:00,0.0,0.0,1650.7728957532818,3199.99,0.0,0.0,0.0,0.0,4324.634203644803,0.0,0.0,0.0
2030-10-19 18:00:00,0.0,0.0,0.0,0.0,0.0,0.0,0.0,0.0,751.3021294833843,0.0,2164.49571133751,561.2
2030-10-19 19:00:00,0.0,0.0,0.0,0.0,0.0,0.0,0.0,0.0,0.0,0.0,0.0,0.0
2030-10-19 20:00:00,0.0,0.0,0.0,0.0,0.0,0.0,0.0,0.0,0.0,0.0,0.0,0.0
2030-10-19 21:00:00,0.0,0.0,0.0,0.0,0.0,0.0,0.0,0.0,0.0,0.0,0.0,0.0
2030-10-19 22:00:00,0.0,0.0,0.0,0.0,0.0,0.0,0.0,0.0,0.0,0.0,0.0,0.0
2030-10-19 23:00:00,0.0,0.0,0.0,0.0,0.0,0.0,0.0,0.0,0.0,0.0,0.0,0.0
2030-10-20 00:00:00,0.0,0.0,0.0,0.0,0.0,0.0,0.0,0.0,0.0,0.0,0.0,0.0
2030-10-20 01:00:00,0.0,0.0,0.0,0.0,0.0,0.0,0.0,0.0,0.0,0.0,0.0,0.0
2030-10-20 02:00:00,0.0,0.0,0.0,0.0,0.0,0.0,0.0,0.0,0.0,0.0,0.0,0.0
2030-10-20 03:00:00,0.0,0.0,0.0,0.0,0.0,0.0,0.0,0.0,0.0,0.0,0.0,0.0
2030-10-20 04:00:00,0.0,0.0,0.0,0.0,0.0,0.0,0.0,0.0,0.0,0.0,0.0,0.0
2030-10-20 05:00:00,0.0,0.0,0.0,2688.0192000000015,0.0,0.0,0.0,0.0,0.0,0.0,69.27456870201968,561.2
2030-10-20 06:00:00,0.0,0.0,6142.252786243565,3199.99,0.0,0.0,0.0,0.0,0.0,0.0,0.0,0.0
2030-10-20 07:00:00,0.0,0.0,0.0,0.0,0.0,0.0,0.0,0.0,0.0,0.0,0.0,0.0
2030-10-20 08:00:00,0.0,0.0,0.0,0.0,0.0,0.0,0.0,0.0,0.0,0.0,0.0,0.0
2030-10-20 09:00:00,0.0,0.0,0.0,0.0,0.0,0.0,0.0,0.0,0.0,0.0,0.0,0.0
2030-10-20 10:00:00,0.0,0.0,0.0,0.0,0.0,0.0,0.0,0.0,0.0,0.0,0.0,0.0
2030-10-20 11:00:00,0.0,0.0,0.0,0.0,0.0,0.0,0.0,0.0,0.0,0.0,0.0,0.0
2030-10-20 12:00:00,0.0,0.0,0.0,0.0,0.0,0.0,0.0,0.0,0.0,0.0,0.0,0.0
2030-10-20 13:00:00,0.0,0.0,0.0,0.0,0.0,0.0,0.0,0.0,0.0,0.0,0.0,0.0
2030-10-20 14:00:00,0.0,0.0,0.0,0.0,0.0,0.0,0.0,0.0,0.0,0.0,0.0,0.0
2030-10-20 15:00:00,55.847218873168174,30.660950067011875,0.0,0.0,0.0,0.0,0.0,0.0,0.0,0.0,0.0,0.0
2030-10-20 16:00:00,1297.0,1644.1,7381.64,2688.0192000000015,0.0,0.0,0.0,0.0,2397.551222032911,0.0,0.0,0.0
2030-10-20 17:00:00,1297.0,1644.1,7381.64,3199.99,0.0,0.0,0.0,0.0,3788.213917500768,0.0,0.0,0.0
2030-10-20 18:00:00,1297.0,1644.1,7381.64,0.0,0.0,0.0,0.0,0.0,4052.988898117792,0.0,0.0,0.0
2030-10-20 19:00:00,1297.0,1644.1,7381.64,0.0,0.0,0.0,0.0,0.0,3619.9576871258296,0.0,0.0,0.0
2030-10-20 20:00:00,1297.0,1595.317591541019,1004.0982478872902,0.0,0.0,0.0,0.0,0.0,3293.686702858814,0.0,0.0,0.0
2030-10-20 21:00:00,0.0,0.0,0.0,0.0,0.0,0.0,0.0,0.0,3183.763969150802,0.0,0.0,0.0
2030-10-20 22:00:00,0.0,0.0,0.0,0.0,0.0,0.0,0.0,0.0,3252.8709894422936,0.0,0.0,0.0
2030-10-20 23:00:00,0.0,0.0,0.0,0.0,0.0,0.0,0.0,0.0,3100.613756814142,0.0,0.0,0.0
2030-10-21 00:00:00,0.0,0.0,0.0,0.0,0.0,0.0,0.0,0.0,3492.309203431797,0.0,0.0,0.0
2030-10-21 01:00:00,0.0,0.0,0.0,0.0,0.0,0.0,0.0,0.0,3551.7312660120624,0.0,0.0,0.0
2030-10-21 02:00:00,0.0,0.0,0.0,0.0,0.0,0.0,0.0,0.0,3501.4406127845205,0.0,0.0,0.0
2030-10-21 03:00:00,0.0,0.0,0.0,0.0,0.0,0.0,0.0,0.0,3667.085683616111,0.0,0.0,0.0
2030-10-21 04:00:00,0.0,0.0,0.0,0.0,0.0,0.0,0.0,0.0,3896.9884303637045,0.0,0.0,0.0
2030-10-21 05:00:00,0.0,0.0,0.0,0.0,0.0,0.0,0.0,0.0,3177.940405409053,0.0,0.0,561.2
2030-10-21 06:00:00,689.6818340829393,0.0,126.56995766527021,616.4173969479447,0.0,0.0,0.0,0.0,3389.93465138349,0.0,0.0,0.0
2030-10-21 07:00:00,0.0,0.0,0.0,0.0,0.0,0.0,0.0,0.0,1782.0107314119673,0.0,0.0,0.0
2030-10-21 08:00:00,0.0,0.0,0.0,0.0,0.0,0.0,0.0,0.0,0.0,0.0,0.0,0.0
2030-10-21 09:00:00,0.0,0.0,0.0,0.0,0.0,0.0,0.0,0.0,0.0,0.0,0.0,0.0
2030-10-21 10:00:00,0.0,0.0,0.0,0.0,0.0,0.0,0.0,0.0,0.0,0.0,0.0,0.0
2030-10-21 11:00:00,0.0,0.0,0.0,0.0,0.0,0.0,0.0,0.0,0.0,0.0,0.0,0.0
2030-10-21 12:00:00,0.0,0.0,0.0,0.0,0.0,0.0,0.0,0.0,0.0,0.0,0.0,0.0
2030-10-21 13:00:00,0.0,0.0,0.0,0.0,0.0,0.0,0.0,0.0,0.0,0.0,0.0,0.0
2030-10-21 14:00:00,0.0,0.0,0.0,0.0,0.0,0.0,0.0,0.0,0.0,0.0,0.0,0.0
2030-10-21 15:00:00,1297.0,1644.1,0.0,2688.0192000000015,0.0,0.0,0.0,0.0,169.71449707889337,0.0,0.0,0.0
2030-10-21 16:00:00,1297.0,1644.1,7381.64,0.0,0.0,0.0,0.0,0.0,1449.433149328916,337.2983592751871,0.0,0.0
2030-10-21 17:00:00,1297.0,1644.1,0.0,0.0,0.0,0.0,0.0,0.0,3139.6180594937405,0.0,0.0,0.0
2030-10-21 18:00:00,1297.0,1644.1,7381.64,0.0,0.0,0.0,0.0,0.0,3526.8076748946214,0.0,0.0,0.0
2030-10-21 19:00:00,1297.0,1644.1,0.0,0.0,0.0,0.0,0.0,0.0,2984.6946286385064,224.86557285012475,0.0,0.0
2030-10-21 20:00:00,1297.0,1644.1,0.0,0.0,0.0,0.0,0.0,0.0,2959.060346059151,0.0,0.0,0.0
2030-10-21 21:00:00,1297.0,1644.1,0.0,0.0,0.0,0.0,0.0,0.0,724.4485451588816,2070.0,0.0,0.0
2030-10-21 22:00:00,1297.0,1644.1,7381.64,0.0,0.0,0.0,0.0,0.0,2856.590965643516,0.0,0.0,0.0
2030-10-21 23:00:00,1297.0,1644.1,0.0,0.0,0.0,0.0,0.0,0.0,2146.602269266793,562.6849321029375,0.0,0.0
2030-10-22 00:00:00,1297.0,1644.1,7381.64,0.0,0.0,0.0,0.0,0.0,1398.8922103242721,2070.0,0.0,0.0
2030-10-22 01:00:00,1297.0,1644.1,7381.64,0.0,0.0,0.0,0.0,0.0,1505.3051724635939,2070.0,0.0,0.0
2030-10-22 02:00:00,1297.0,1644.1,7381.64,0.0,0.0,0.0,0.0,0.0,1491.1261724753658,2070.0,0.0,0.0
2030-10-22 03:00:00,1297.0,1644.1,7381.64,0.0,0.0,0.0,0.0,0.0,2006.978721560005,2070.0,0.0,0.0
2030-10-22 04:00:00,1297.0,1644.1,7381.64,0.0,0.0,0.0,0.0,0.0,4829.2100582867915,0.0,0.0,0.0
2030-10-22 05:00:00,1297.0,1644.1,6622.276351846136,0.0,0.0,0.0,0.0,0.0,4533.936505870552,0.0,0.0,561.2
2030-10-22 06:00:00,1297.0,1644.1,7381.64,3199.99,0.0,0.0,0.0,0.0,4909.342329737563,0.0,0.0,0.0
2030-10-22 07:00:00,1297.0,1644.1,7381.64,0.0,0.0,0.0,0.0,0.0,3599.1971101015224,0.0,0.0,0.0
2030-10-22 08:00:00,1297.0,1644.1,7381.64,0.0,0.0,0.0,0.0,0.0,1700.567055591188,0.0,0.0,0.0
2030-10-22 09:00:00,1297.0,1644.1,7381.64,0.0,0.0,0.0,0.0,0.0,0.0,0.0,0.0,0.0
2030-10-22 10:00:00,1297.0,1644.1,0.0,0.0,0.0,0.0,0.0,0.0,0.0,0.0,0.0,0.0
2030-10-22 11:00:00,1297.0,1644.1,0.0,0.0,0.0,0.0,0.0,0.0,0.0,0.0,0.0,0.0
2030-10-22 12:00:00,1297.0,1644.1,0.0,0.0,0.0,0.0,0.0,0.0,0.0,0.0,0.0,0.0
2030-10-22 13:00:00,1297.0,1644.1,0.0,0.0,0.0,0.0,0.0,0.0,0.0,0.0,0.0,0.0
2030-10-22 14:00:00,1297.0,1644.1,0.0,2688.0192000000015,0.0,0.0,0.0,0.0,0.0,0.0,0.0,0.0
2030-10-22 15:00:00,1297.0,1644.1,7381.64,3199.99,0.0,0.0,0.0,0.0,0.0,1072.6399924529373,0.0,0.0
2030-10-22 16:00:00,1297.0,1644.1,7381.64,0.0,0.0,0.0,0.0,0.0,2805.3955530982466,0.0,0.0,0.0
2030-10-22 17:00:00,1297.0,1644.1,7381.64,0.0,0.0,0.0,0.0,238.3276488937845,1748.248089110355,2070.0,0.0,0.0
2030-10-22 18:00:00,1297.0,1644.1,7381.64,0.0,2578.0670548555427,0.0,0.0,470.0000000000005,2009.3753012458706,2070.0,0.0,0.0
2030-10-22 19:00:00,1297.0,1644.1,7381.64,0.0,0.0,0.0,0.0,0.0,1673.809936668154,2070.0,0.0,0.0
2030-10-22 20:00:00,1297.0,1644.1,0.0,0.0,0.0,0.0,0.0,0.0,1414.4555077226569,2070.0,0.0,0.0
2030-10-22 21:00:00,1297.0,1644.1,0.0,0.0,446.43711940762296,0.0,0.0,0.0,3211.3025846485725,0.0,0.0,0.0
2030-10-22 22:00:00,1297.0,1644.1,0.0,0.0,1452.3047483334522,0.0,0.0,0.0,3243.7547044594094,0.0,0.0,0.0
2030-10-22 23:00:00,1297.0,1644.1,0.0,0.0,602.2938313454724,0.0,0.0,0.0,3125.634028422037,0.0,0.0,0.0
2030-10-23 00:00:00,1297.0,1644.1,0.0,0.0,2485.6352441175186,0.0,0.0,0.0,1840.1966919854603,2070.0,0.0,0.0
2030-10-23 01:00:00,1297.0,1644.1,0.0,0.0,643.1289135566767,0.0,0.0,394.80000000000047,1948.285453441723,2070.0,0.0,0.0
2030-10-23 02:00:00,1297.0,1644.1,0.0,0.0,286.161518104047,0.0,0.0,470.0000000000005,1926.6045004678645,2070.0,0.0,0.0
2030-10-23 03:00:00,1297.0,1644.1,0.0,0.0,0.0,0.0,0.0,0.0,2411.6764732696847,2070.0,0.0,0.0
2030-10-23 04:00:00,1297.0,1644.1,7381.64,0.0,0.0,0.0,0.0,0.0,5193.615180595098,0.0,0.0,0.0
2030-10-23 05:00:00,1297.0,1644.1,7381.64,0.0,0.0,0.0,0.0,0.0,5460.257885249439,0.0,0.0,0.0
2030-10-23 06:00:00,1297.0,1644.1,7381.64,0.0,4919.105721290769,0.0,0.0,0.0,5290.872857838,0.0,0.0,0.0
2030-10-23 07:00:00,1297.0,1644.1,7381.64,0.0,5858.591844698531,0.0,0.0,394.80000000000047,3869.2719784272113,0.0,0.0,0.0
2030-10-23 08:00:00,1297.0,1644.1,0.0,0.0,2645.927943200564,0.0,0.0,470.0000000000005,1751.3776120178318,0.0,0.0,561.2
2030-10-23 09:00:00,1297.0,1644.1,0.0,0.0,0.0,0.0,0.0,0.0,779.2061654605641,0.0,0.0,0.0
2030-10-23 10:00:00,1297.0,1644.1,0.0,0.0,0.0,0.0,0.0,0.0,0.0,0.0,0.0,0.0
2030-10-23 11:00:00,738.1080564517724,1644.1,0.0,0.0,0.0,0.0,0.0,0.0,0.0,0.0,0.0,0.0
2030-10-23 12:00:00,1089.6127568203221,1644.1,0.0,0.0,0.0,0.0,0.0,0.0,0.0,0.0,0.0,0.0
2030-10-23 13:00:00,1297.0,1644.1,0.0,0.0,0.0,0.0,0.0,0.0,0.0,0.0,0.0,0.0
2030-10-23 14:00:00,1297.0,1644.1,0.0,0.0,0.0,0.0,0.0,0.0,0.0,0.0,0.0,0.0
2030-10-23 15:00:00,1297.0,1644.1,7381.64,0.0,0.0,0.0,0.0,0.0,0.0,1513.2418698657516,0.0,0.0
2030-10-23 16:00:00,1297.0,1644.1,7381.64,788.300535251954,3801.203294689738,0.0,0.0,0.0,1184.3338454452628,2070.0,0.0,0.0
2030-10-23 17:00:00,1297.0,1644.1,7381.64,0.0,8837.064000156373,0.0,0.0,0.0,2142.967061504455,2070.0,0.0,0.0
2030-10-23 18:00:00,1297.0,1644.1,7381.64,0.0,9847.0,0.0,328.90979823409725,470.0000000000005,4464.535748152331,0.0,0.0,0.0
2030-10-23 19:00:00,1297.0,1644.1,7381.64,0.0,6060.136145499018,0.0,0.0,0.0,2080.774903498122,2070.0,0.0,0.0
2030-10-23 20:00:00,1297.0,1644.1,7381.64,0.0,3453.564090951848,0.0,0.0,0.0,3897.7223787987823,0.0,0.0,0.0
2030-10-23 21:00:00,1297.0,1644.1,0.0,0.0,5971.978479748497,0.0,0.0,0.0,1559.5503698240232,2070.0,0.0,0.0
2030-10-23 22:00:00,1297.0,1644.1,7381.64,0.0,7195.993947718816,0.0,0.0,0.0,1619.7996035402857,2070.0,0.0,0.0
2030-10-23 23:00:00,1297.0,1644.1,7381.64,0.0,5027.395459509069,0.0,0.0,0.0,1507.9894741414732,2070.0,0.0,0.0
2030-10-24 00:00:00,1297.0,1644.1,7381.64,0.0,6859.723507261471,0.0,0.0,0.0,2116.8858419394237,2070.0,0.0,0.0
2030-10-24 01:00:00,1297.0,1644.1,7381.64,0.0,4482.5265570064,0.0,0.0,0.0,2225.227722810013,2070.0,0.0,0.0
2030-10-24 02:00:00,1297.0,1644.1,7381.64,0.0,3551.2481217682134,0.0,0.0,59.19283794715114,2218.480970262637,2070.0,0.0,0.0
2030-10-24 03:00:00,1297.0,1644.1,7381.64,0.0,0.0,0.0,0.0,0.0,2715.8595361587522,2070.0,0.0,0.0
2030-10-24 04:00:00,1297.0,1644.1,0.0,0.0,0.0,0.0,0.0,0.0,3427.62875577224,2070.0,0.0,0.0
2030-10-24 05:00:00,1297.0,1644.1,7381.64,0.0,152.44746956860035,0.0,0.0,470.0000000000005,3677.459530710501,2070.0,0.0,0.0
2030-10-24 06:00:00,1297.0,1644.1,7381.64,0.0,6062.698452830948,0.0,0.0,0.0,3488.4527162239883,2070.0,0.0,0.0
2030-10-24 07:00:00,1297.0,1644.1,7381.64,0.0,6919.438194551578,0.0,0.0,394.80000000000047,2519.763379835117,2070.0,0.0,0.0
2030-10-24 08:00:00,1297.0,1644.1,7381.64,0.0,5030.492306183172,0.0,0.0,0.0,869.6620834766613,2070.0,0.0,458.81668762848676
2030-10-24 09:00:00,1297.0,1644.1,7381.64,0.0,365.91701458128955,0.0,0.0,0.0,0.0,2070.0,0.0,102.38331237151328
2030-10-24 10:00:00,1297.0,1644.1,7381.64,0.0,0.0,0.0,0.0,0.0,0.0,695.4498932688875,0.0,0.0
2030-10-24 11:00:00,1297.0,1644.1,0.0,0.0,0.0,0.0,0.0,0.0,0.0,0.0,0.0,0.0
2030-10-24 12:00:00,1297.0,1644.1,0.0,0.0,0.0,0.0,0.0,0.0,0.0,0.0,0.0,0.0
2030-10-24 13:00:00,1297.0,1644.1,6467.620666853749,0.0,0.0,0.0,0.0,0.0,0.0,0.0,0.0,0.0
2030-10-24 14:00:00,1297.0,1644.1,7381.64,0.0,0.0,0.0,0.0,0.0,0.0,320.7409240924369,0.0,0.0
2030-10-24 15:00:00,1297.0,1644.1,7381.64,0.0,0.0,0.0,0.0,0.0,0.0,1805.3096516288615,0.0,0.0
2030-10-24 16:00:00,1297.0,1644.1,7381.64,3153.340069879996,1757.467416852378,0.0,0.0,0.0,1445.7088143876877,2070.0,0.0,0.0
2030-10-24 17:00:00,1297.0,1644.1,7381.64,2734.6691301200053,7218.853237644464,0.0,0.0,0.0,2402.744472544596,2070.0,0.0,0.0
2030-10-24 18:00:00,1297.0,1644.1,6569.957466848449,0.0,8975.792491601882,0.0,0.0,0.0,2679.955894549,2070.0,0.0,0.0
2030-10-24 19:00:00,1297.0,1644.1,7381.64,0.0,4438.9181072700885,0.0,0.0,0.0,2342.491778130296,2070.0,0.0,0.0
2030-10-24 20:00:00,1297.0,1644.1,7381.64,0.0,2118.6592450476164,0.0,0.0,0.0,4145.543097233241,0.0,0.0,0.0
2030-10-24 21:00:00,1297.0,1644.1,0.0,0.0,4524.020468846371,0.0,0.0,470.0000000000005,1817.199812208904,2070.0,0.0,0.0
2030-10-24 22:00:00,1297.0,1644.1,0.0,0.0,6484.689640126773,0.0,0.0,0.0,3949.6960021377654,0.0,0.0,0.0
2030-10-24 23:00:00,1297.0,1644.1,7381.64,0.0,4245.216160152959,0.0,0.0,394.80000000000047,3831.642410498769,0.0,0.0,0.0
2030-10-25 00:00:00,1297.0,1644.1,0.0,0.0,6148.112379551043,0.0,0.0,0.0,4228.2261457256,0.0,0.0,0.0
2030-10-25 01:00:00,1297.0,1644.1,7381.64,0.0,3866.789977583161,0.0,0.0,0.0,4346.529690888725,0.0,0.0,0.0
2030-10-25 02:00:00,1297.0,1644.1,7381.64,0.0,3169.866612988859,0.0,0.0,0.0,4346.402973817042,0.0,0.0,0.0
2030-10-25 03:00:00,1297.0,1644.1,7381.64,0.0,0.0,0.0,0.0,0.0,4832.947127114059,0.0,0.0,0.0
2030-10-25 04:00:00,1297.0,1644.1,7381.64,3199.99,0.0,0.0,0.0,0.0,5534.920660504918,0.0,0.0,0.0
2030-10-25 05:00:00,1297.0,1644.1,7381.64,2688.0192000000015,89.98549743088995,0.0,0.0,294.1366770862379,5780.92500187769,0.0,0.0,0.0
2030-10-25 06:00:00,1297.0,1644.1,7381.64,0.0,5727.981294413708,0.0,0.0,0.0,5580.01032116496,0.0,0.0,0.0
2030-10-25 07:00:00,1297.0,1644.1,7381.64,0.0,6683.68950991919,0.0,0.0,0.0,4613.136773042978,0.0,0.0,0.0
2030-10-25 08:00:00,1297.0,1644.1,7381.64,0.0,3239.955832198968,0.0,0.0,470.0000000000005,1383.9460324998308,2070.0,0.0,0.0
2030-10-25 09:00:00,1297.0,1644.1,7381.64,0.0,0.0,0.0,0.0,0.0,1824.6710859768627,0.0,0.0,302.75331720365597
2030-10-25 10:00:00,1297.0,1644.1,7381.64,0.0,0.0,0.0,0.0,0.0,0.0,0.0,0.0,258.446682796344
2030-10-25 11:00:00,1297.0,1644.1,7381.64,0.0,0.0,0.0,0.0,0.0,0.0,0.0,0.0,0.0
2030-10-25 12:00:00,1297.0,1644.1,7381.64,0.0,0.0,0.0,0.0,0.0,0.0,0.0,0.0,0.0
2030-10-25 13:00:00,1297.0,1644.1,7381.64,0.0,0.0,0.0,0.0,0.0,0.0,0.0,0.0,0.0
2030-10-25 14:00:00,1297.0,1644.1,7381.64,0.0,0.0,0.0,0.0,0.0,0.0,294.79040262415174,0.0,0.0
2030-10-25 15:00:00,1297.0,1644.1,7381.64,2600.072474665096,0.0,0.0,0.0,0.0,0.0,1828.6630994931088,0.0,0.0
2030-10-25 16:00:00,1297.0,1644.1,7381.64,0.0,0.0,0.0,0.0,0.0,1510.2260569816935,2070.0,0.0,0.0
2030-10-25 17:00:00,1297.0,1644.1,7381.64,87.94672533490582,2437.874483817228,0.0,0.0,470.0000000000005,2412.905832140091,2070.0,0.0,0.0
2030-10-25 18:00:00,1297.0,1644.1,7381.64,3199.99,3535.5753342844982,0.0,0.0,394.80000000000047,4759.508258642629,0.0,0.0,0.0
2030-10-25 19:00:00,1297.0,1644.1,7381.64,0.0,0.0,0.0,0.0,0.0,4395.664706556958,0.0,0.0,0.0
2030-10-25 20:00:00,1297.0,1644.1,7381.64,0.0,0.0,0.0,0.0,0.0,4109.346184505131,0.0,0.0,0.0
2030-10-25 21:00:00,1297.0,1644.1,7381.64,0.0,0.0,0.0,0.0,0.0,3861.36557576192,0.0,0.0,0.0
2030-10-25 22:00:00,1297.0,1644.1,7381.64,0.0,29.37688994499331,0.0,0.0,470.0000000000005,3923.5058567099386,0.0,0.0,0.0
2030-10-25 23:00:00,1297.0,1644.1,7381.64,0.0,0.0,0.0,0.0,0.0,3814.2938173696457,0.0,0.0,0.0
2030-10-26 00:00:00,1297.0,1644.1,7381.64,0.0,31.60572908175527,0.0,0.0,470.0000000000005,4957.586851906045,0.0,0.0,0.0
2030-10-26 01:00:00,1297.0,1644.1,960.0196411983342,0.0,0.0,0.0,0.0,0.0,5086.458936164359,0.0,0.0,0.0
2030-10-26 02:00:00,1297.0,1644.1,7381.64,0.0,0.0,0.0,0.0,0.0,5093.703596623538,0.0,0.0,0.0
2030-10-26 03:00:00,1297.0,1644.1,0.0,0.0,0.0,0.0,0.0,0.0,5661.202576230219,0.0,0.0,0.0
2030-10-26 04:00:00,1297.0,1644.1,7381.64,0.0,0.0,0.0,0.0,0.0,6414.443276462124,0.0,0.0,0.0
2030-10-26 05:00:00,1297.0,1644.1,7381.64,0.0,0.0,0.0,0.0,0.0,6617.660038485308,0.0,0.0,0.0
2030-10-26 06:00:00,1297.0,1644.1,7381.64,0.0,1373.8811181964265,0.0,0.0,394.80000000000047,6314.996486030208,0.0,0.0,0.0
2030-10-26 07:00:00,1297.0,1644.1,7381.64,0.0,1890.9494892083821,0.0,0.0,470.0000000000005,5114.013719057068,0.0,0.0,0.0
2030-10-26 08:00:00,1297.0,1644.1,7381.64,0.0,0.0,0.0,0.0,0.0,2972.117314823201,0.0,0.0,561.2
2030-10-26 09:00:00,1297.0,1644.1,0.0,0.0,0.0,0.0,0.0,0.0,0.0,1548.7450642869971,0.0,0.0
2030-10-26 10:00:00,0.0,0.0,0.0,0.0,0.0,0.0,0.0,0.0,0.0,0.0,0.0,0.0
2030-10-26 11:00:00,0.0,0.0,0.0,0.0,0.0,0.0,0.0,0.0,0.0,0.0,0.0,0.0
2030-10-26 12:00:00,0.0,0.0,0.0,0.0,0.0,0.0,0.0,0.0,0.0,0.0,0.0,0.0
2030-10-26 13:00:00,0.0,0.0,0.0,0.0,0.0,0.0,0.0,0.0,0.0,0.0,0.0,0.0
2030-10-26 14:00:00,0.0,0.0,0.0,0.0,0.0,0.0,0.0,0.0,0.0,0.0,0.0,0.0
2030-10-26 15:00:00,0.0,441.733435393493,0.0,0.0,0.0,0.0,0.0,0.0,89.53467864351956,2070.0,0.0,0.0
2030-10-26 16:00:00,1297.0,1644.1,0.0,3199.99,0.0,0.0,0.0,0.0,4154.380397192261,0.0,0.0,0.0
2030-10-26 17:00:00,1297.0,1644.1,0.0,2688.0192000000015,4194.611162556641,0.0,0.0,0.0,5038.601130994469,0.0,0.0,0.0
2030-10-26 18:00:00,1297.0,1644.1,0.0,0.0,5178.561802692318,0.0,0.0,394.80000000000047,5385.81155324929,0.0,0.0,0.0
2030-10-26 19:00:00,1297.0,1644.1,0.0,0.0,687.4280863839376,0.0,0.0,470.0000000000005,5092.82185465013,0.0,0.0,0.0
2030-10-26 20:00:00,0.0,0.0,0.0,0.0,0.0,0.0,0.0,0.0,4852.881545392201,0.0,0.0,0.0
2030-10-26 21:00:00,0.0,0.0,0.0,0.0,0.0,0.0,0.0,0.0,0.0,0.0,0.0,0.0
2030-10-26 22:00:00,0.0,0.0,0.0,0.0,0.0,0.0,0.0,425.1862085289249,4426.785456657024,0.0,0.0,0.0
2030-10-26 23:00:00,0.0,0.0,0.0,0.0,0.0,0.0,0.0,0.0,0.0,0.0,0.0,0.0
2030-10-27 00:00:00,0.0,0.0,0.0,0.0,0.0,0.0,0.0,0.0,0.0,0.0,0.0,0.0
2030-10-27 01:00:00,0.0,0.0,0.0,0.0,0.0,0.0,0.0,0.0,4144.283263000727,0.0,0.0,0.0
2030-10-27 02:00:00,1297.0,1644.1,0.0,0.0,0.0,0.0,0.0,0.0,6374.63374779252,0.0,0.0,0.0
2030-10-27 03:00:00,1297.0,1644.1,0.0,2387.906437271795,0.0,0.0,0.0,0.0,6154.963553837641,0.0,0.0,0.0
2030-10-27 04:00:00,1297.0,1644.1,5899.2128593421,3199.99,0.0,0.0,0.0,0.0,6010.144290125211,0.0,0.0,0.0
2030-10-27 05:00:00,1297.0,1644.1,7381.64,300.11276272820686,0.0,0.0,0.0,0.0,5871.103721928171,0.0,0.0,0.0
2030-10-27 06:00:00,1297.0,1644.1,7381.64,0.0,0.0,0.0,0.0,0.0,5912.13793047756,0.0,0.0,0.0
2030-10-27 07:00:00,1297.0,1644.1,7381.64,0.0,0.0,0.0,0.0,0.0,5684.6151048404645,0.0,0.0,0.0
2030-10-27 08:00:00,1297.0,1644.1,0.0,0.0,0.0,0.0,0.0,0.0,5305.96429641995,0.0,0.0,0.0
2030-10-27 09:00:00,1297.0,1644.1,0.0,0.0,0.0,0.0,0.0,0.0,4824.142871371493,0.0,0.0,0.0
2030-10-27 10:00:00,1297.0,1644.1,0.0,0.0,0.0,0.0,0.0,0.0,4409.914019593278,0.0,0.0,0.0
2030-10-27 11:00:00,1297.0,1644.1,0.0,0.0,0.0,0.0,0.0,0.0,3682.083532730624,0.0,0.0,0.0
2030-10-27 12:00:00,1297.0,1644.1,0.0,0.0,0.0,0.0,0.0,0.0,3226.12061649902,0.0,0.0,0.0
2030-10-27 13:00:00,1297.0,1644.1,0.0,0.0,0.0,0.0,0.0,0.0,3771.5892640051343,0.0,0.0,0.0
2030-10-27 14:00:00,1297.0,1644.1,0.0,3199.99,0.0,0.0,0.0,0.0,4913.448835871955,0.0,0.0,0.0
2030-10-27 15:00:00,1297.0,1644.1,7381.64,0.0,0.0,0.0,0.0,0.0,3684.969462030219,2070.0,0.0,0.0
2030-10-27 16:00:00,1297.0,1644.1,0.0,2688.0192000000015,0.0,0.0,0.0,0.0,4428.761754384532,2070.0,0.0,0.0
2030-10-27 17:00:00,1297.0,1644.1,0.0,0.0,0.0,0.0,0.0,0.0,7039.670287114939,0.0,0.0,0.0
2030-10-27 18:00:00,1297.0,1644.1,7381.64,0.0,0.0,0.0,0.0,0.0,7279.9509102158245,0.0,0.0,0.0
2030-10-27 19:00:00,1297.0,1644.1,7381.64,0.0,0.0,0.0,0.0,0.0,4849.5094999215335,2070.0,0.0,0.0
2030-10-27 20:00:00,1297.0,1644.1,0.0,0.0,0.0,0.0,0.0,0.0,4579.56227034446,2070.0,0.0,0.0
2030-10-27 21:00:00,1297.0,1644.1,7381.64,0.0,0.0,0.0,0.0,0.0,6606.5568387273415,0.0,0.0,0.0
2030-10-27 22:00:00,1297.0,1644.1,0.0,0.0,0.0,0.0,0.0,0.0,6722.571543765134,0.0,0.0,0.0
2030-10-27 23:00:00,1297.0,1644.1,7381.64,0.0,0.0,0.0,0.0,0.0,6566.4152660261425,0.0,0.0,0.0
2030-10-28 00:00:00,1297.0,1644.1,0.0,0.0,0.0,0.0,0.0,0.0,8530.0,486.81730136707756,0.0,0.0
2030-10-28 01:00:00,1297.0,1644.1,0.0,0.0,0.0,0.0,0.0,0.0,8530.0,614.006323803922,0.0,0.0
2030-10-28 02:00:00,1297.0,1644.1,5433.74873954105,0.0,0.0,0.0,0.0,0.0,7086.239438272305,2070.0,0.0,0.0
2030-10-28 03:00:00,1297.0,1644.1,0.0,0.0,0.0,0.0,0.0,0.0,8530.0,773.9263412246005,0.0,0.0
2030-10-28 04:00:00,1297.0,1644.1,0.0,0.0,0.0,0.0,0.0,0.0,7228.490642827403,2070.0,0.0,0.0
2030-10-28 05:00:00,0.0,1117.091736331713,0.0,0.0,0.0,0.0,0.0,0.0,6737.514064945724,2070.0,0.0,0.0
2030-10-28 06:00:00,0.0,1220.8466179610186,0.0,0.0,0.0,0.0,0.0,0.0,6080.940728350669,2070.0,0.0,0.0
2030-10-28 07:00:00,0.0,0.0,0.0,0.0,0.0,0.0,0.0,0.0,4914.435947491401,2070.0,0.0,561.2
2030-10-28 08:00:00,0.0,0.0,0.0,0.0,0.0,0.0,0.0,0.0,1109.8992802445837,0.0,0.0,0.0
2030-10-28 09:00:00,0.0,0.0,0.0,0.0,0.0,0.0,0.0,0.0,0.0,0.0,0.0,0.0
2030-10-28 10:00:00,0.0,0.0,0.0,0.0,0.0,0.0,0.0,0.0,0.0,0.0,0.0,0.0
2030-10-28 11:00:00,0.0,0.0,0.0,0.0,0.0,0.0,0.0,0.0,0.0,0.0,0.0,0.0
2030-10-28 12:00:00,0.0,0.0,0.0,0.0,0.0,0.0,0.0,0.0,0.0,0.0,0.0,0.0
2030-10-28 13:00:00,0.0,0.0,0.0,0.0,0.0,0.0,0.0,0.0,0.0,0.0,0.0,0.0
2030-10-28 14:00:00,0.0,0.0,0.0,0.0,0.0,0.0,0.0,0.0,0.0,0.0,0.0,0.0
2030-10-28 15:00:00,0.0,0.0,0.0,0.0,0.0,0.0,0.0,0.0,0.0,0.0,0.0,0.0
2030-10-28 16:00:00,0.0,0.0,0.0,0.0,0.0,0.0,0.0,0.0,1977.2357887064882,0.0,0.0,0.0
2030-10-28 17:00:00,0.0,0.0,0.0,0.0,0.0,0.0,0.0,0.0,6508.200809876622,0.0,0.0,0.0
2030-10-28 18:00:00,705.2961534612914,1644.1,0.0,0.0,0.0,0.0,0.0,0.0,8509.712481835535,0.0,0.0,0.0
2030-10-28 19:00:00,1297.0,1644.1,0.0,0.0,0.0,0.0,0.0,0.0,8278.43598207275,0.0,0.0,0.0
2030-10-28 20:00:00,1297.0,1644.1,0.0,0.0,0.0,0.0,0.0,0.0,8124.84942143278,0.0,0.0,0.0
2030-10-28 21:00:00,1297.0,1644.1,0.0,0.0,0.0,0.0,0.0,0.0,8080.437634718508,0.0,0.0,0.0
2030-10-28 22:00:00,1297.0,1644.1,5085.8523355784855,0.0,0.0,0.0,0.0,0.0,8303.603381755587,0.0,0.0,0.0
2030-10-28 23:00:00,1297.0,1644.1,0.0,0.0,0.0,0.0,0.0,0.0,8254.722367064698,0.0,0.0,0.0
2030-10-29 00:00:00,1297.0,1644.1,0.0,0.0,0.0,0.0,0.0,0.0,8530.0,93.9714939491605,0.0,0.0
2030-10-29 01:00:00,1297.0,1644.1,0.0,0.0,0.0,0.0,0.0,0.0,8530.0,266.7961935249907,0.0,0.0
2030-10-29 02:00:00,1297.0,1644.1,0.0,0.0,0.0,0.0,0.0,0.0,8530.0,327.1211831548053,0.0,0.0
2030-10-29 03:00:00,1297.0,1644.1,2151.5098312409714,0.0,0.0,0.0,0.0,0.0,8530.0,856.9521976263463,0.0,0.0
2030-10-29 04:00:00,1297.0,1644.1,2050.083554462217,0.0,0.0,0.0,0.0,0.0,8530.0,1389.5294222339262,0.0,0.0
2030-10-29 05:00:00,1297.0,1644.1,7381.64,2728.5224724000227,0.0,0.0,0.0,0.0,8530.0,1336.778472564832,0.0,0.0
2030-10-29 06:00:00,1297.0,1644.1,7381.64,0.0,2699.562234835801,0.0,0.0,394.80000000000047,8530.0,833.7154629584293,0.0,0.0
2030-10-29 07:00:00,1297.0,1644.1,7381.64,3159.4867275999786,4165.476708151917,0.0,0.0,470.0000000000005,8530.0,105.49782399444348,0.0,0.0
2030-10-29 08:00:00,1297.0,1644.1,0.0,0.0,0.0,0.0,0.0,0.0,7831.789660602104,0.0,0.0,0.0
2030-10-29 09:00:00,1297.0,1644.1,7381.64,0.0,0.0,0.0,0.0,0.0,7087.49206194581,0.0,0.0,0.0
2030-10-29 10:00:00,1297.0,1644.1,7325.256987852183,0.0,0.0,0.0,0.0,0.0,6570.963148165218,0.0,0.0,0.0
2030-10-29 11:00:00,1297.0,1644.1,1551.0153217671905,0.0,0.0,0.0,0.0,0.0,6087.357436302041,0.0,0.0,0.0
2030-10-29 12:00:00,1297.0,1644.1,0.0,0.0,0.0,0.0,0.0,0.0,5675.238760936579,0.0,0.0,0.0
2030-10-29 13:00:00,1297.0,1644.1,7381.64,0.0,0.0,0.0,0.0,0.0,5857.369815487124,0.0,0.0,0.0
2030-10-29 14:00:00,1297.0,1644.1,7381.64,0.0,0.0,0.0,0.0,0.0,6216.0235613353725,0.0,0.0,0.0
2030-10-29 15:00:00,1297.0,1644.1,7381.64,0.0,0.0,0.0,0.0,0.0,6821.891349882953,0.0,0.0,0.0
2030-10-29 16:00:00,1297.0,1644.1,7381.64,3199.99,2341.7858691121364,0.0,0.0,0.0,7527.523592915788,0.0,0.0,0.0
2030-10-29 17:00:00,1297.0,1644.1,7381.64,2688.0192000000015,9847.0,0.0,1100.764962873669,470.0000000000005,8099.787134285256,0.0,0.0,0.0
2030-10-29 18:00:00,1297.0,1644.1,7381.64,0.0,9588.43645584854,0.0,0.0,0.0,8530.0,42.72745190084697,0.0,0.0
2030-10-29 19:00:00,1297.0,1644.1,7381.64,0.0,4686.22639666684,0.0,0.0,0.0,8394.367497976895,0.0,0.0,0.0
2030-10-29 20:00:00,1297.0,1644.1,7381.64,0.0,2740.821486072942,0.0,0.0,0.0,8266.280206319187,0.0,0.0,0.0
2030-10-29 21:00:00,1297.0,1644.1,7381.64,0.0,5503.868792440546,0.0,0.0,0.0,8125.852236304752,0.0,0.0,0.0
2030-10-29 22:00:00,1297.0,1644.1,0.0,0.0,6682.39313933134,0.0,0.0,0.0,8304.387685279475,0.0,0.0,0.0
2030-10-29 23:00:00,1297.0,1644.1,3345.1556099897025,0.0,5221.898721547121,0.0,0.0,0.0,8288.7507668841,0.0,0.0,0.0
2030-10-30 00:00:00,1297.0,1644.1,182.67869626385072,0.0,6450.41803505845,0.0,0.0,0.0,8395.761488580945,0.0,0.0,0.0
2030-10-30 01:00:00,0.0,404.8985501387506,0.0,0.0,4607.652917905034,0.0,0.0,0.0,8530.0,41.08953080991682,0.0,0.0
2030-10-30 02:00:00,0.0,0.0,0.0,0.0,4180.682876649211,0.0,0.0,0.0,7791.435803908583,0.0,0.0,0.0
2030-10-30 03:00:00,0.0,0.0,0.0,0.0,678.2671843196877,0.0,0.0,0.0,6667.508293111749,0.0,0.0,0.0
2030-10-30 04:00:00,0.0,0.0,0.0,0.0,0.0,0.0,0.0,0.0,8530.0,0.0,0.0,0.0
2030-10-30 05:00:00,0.0,1585.3509334772752,0.0,0.0,2554.0303251715595,0.0,0.0,322.6080000000005,8530.0,39.93353981327368,0.0,561.2
2030-10-30 06:00:00,1297.0,1644.1,0.0,1392.2081285427412,7715.862463275873,0.0,0.0,470.0000000000005,8530.0,196.09467852971557,0.0,0.0
2030-10-30 07:00:00,0.0,0.0,0.0,0.0,8506.009485962728,0.0,0.0,0.0,3691.865917857991,0.0,0.0,0.0
2030-10-30 08:00:00,0.0,0.0,0.0,0.0,3024.8997682404442,0.0,0.0,0.0,0.0,0.0,0.0,0.0
2030-10-30 09:00:00,0.0,0.0,0.0,0.0,0.0,0.0,0.0,0.0,0.0,0.0,0.0,0.0
2030-10-30 10:00:00,0.0,0.0,0.0,0.0,0.0,0.0,0.0,0.0,0.0,0.0,0.0,0.0
2030-10-30 11:00:00,0.0,0.0,0.0,0.0,0.0,0.0,0.0,0.0,0.0,0.0,0.0,0.0
2030-10-30 12:00:00,0.0,0.0,0.0,0.0,0.0,0.0,0.0,0.0,0.0,0.0,0.0,0.0
2030-10-30 13:00:00,0.0,0.0,0.0,0.0,0.0,0.0,0.0,0.0,0.0,0.0,0.0,0.0
2030-10-30 14:00:00,0.0,0.0,0.0,0.0,0.0,0.0,0.0,0.0,0.0,0.0,0.0,0.0
2030-10-30 15:00:00,0.0,0.0,0.0,0.0,0.0,0.0,0.0,0.0,0.0,0.0,0.0,0.0
2030-10-30 16:00:00,0.0,0.0,0.0,3199.99,9847.0,0.0,352.25136608019966,0.0,0.0,0.0,0.0,0.0
2030-10-30 17:00:00,0.0,0.0,0.0,2688.0192000000015,9847.0,1850.0,1950.0,470.0000000000005,0.0,469.9582770549182,0.0,0.0
2030-10-30 18:00:00,0.0,0.0,0.0,0.0,9847.0,1850.0,1950.0,394.80000000000047,0.0,854.2458591862946,0.0,0.0
2030-10-30 19:00:00,0.0,0.0,0.0,0.0,9847.0,0.0,616.0495651272286,0.0,527.9418199837273,0.0,0.0,0.0
2030-10-30 20:00:00,0.0,0.0,0.0,0.0,8863.809386726483,0.0,0.0,0.0,0.0,283.49911711983873,0.0,0.0
2030-10-30 21:00:00,0.0,0.0,0.0,0.0,9486.91223850775,0.0,0.0,0.0,0.0,186.22224159131997,0.0,0.0
2030-10-30 22:00:00,0.0,0.0,0.0,0.0,9847.0,0.0,311.3183804891669,0.0,0.0,325.22399143480334,0.0,0.0
2030-10-30 23:00:00,0.0,0.0,0.0,0.0,2998.7560744210236,0.0,0.0,0.0,0.0,258.2042048399835,0.0,0.0
2030-10-31 00:00:00,0.0,0.0,0.0,0.0,0.0,0.0,0.0,0.0,0.0,475.40376027844195,0.0,0.0
2030-10-31 01:00:00,0.0,0.0,0.0,0.0,0.0,0.0,0.0,0.0,0.0,631.3213921884817,0.0,0.0
2030-10-31 02:00:00,0.0,0.0,0.0,0.0,0.0,0.0,0.0,0.0,0.0,691.5511723809736,0.0,0.0
2030-10-31 03:00:00,0.0,0.0,0.0,0.0,929.9263994487483,0.0,0.0,0.0,0.0,997.8782106668882,0.0,0.0
2030-10-31 04:00:00,0.0,0.0,0.0,0.0,0.0,0.0,0.0,0.0,0.0,1355.5635933879762,0.0,0.0
2030-10-31 05:00:00,0.0,0.0,0.0,0.0,2410.53510108131,0.0,0.0,0.0,0.0,1285.6747939259171,0.0,0.0
2030-10-31 06:00:00,0.0,0.0,0.0,0.0,5361.812122335308,0.0,0.0,470.0000000000005,0.0,912.6040102882439,0.0,0.0
2030-10-31 07:00:00,0.0,0.0,0.0,3199.99,6355.5376332856695,0.0,0.0,251.42386237333886,0.0,97.3436880362874,0.0,561.2
2030-10-31 08:00:00,0.0,0.0,0.0,0.0,1821.236196504804,0.0,0.0,0.0,0.0,0.0,0.0,0.0
2030-10-31 09:00:00,0.0,0.0,0.0,0.0,0.0,0.0,0.0,0.0,0.0,0.0,0.0,0.0
2030-10-31 10:00:00,0.0,0.0,0.0,0.0,0.0,0.0,0.0,0.0,0.0,0.0,0.0,0.0
2030-10-31 11:00:00,0.0,0.0,0.0,0.0,0.0,0.0,0.0,0.0,0.0,0.0,0.0,0.0
2030-10-31 12:00:00,0.0,0.0,0.0,0.0,0.0,0.0,0.0,0.0,0.0,0.0,0.0,0.0
2030-10-31 13:00:00,0.0,0.0,0.0,0.0,0.0,0.0,0.0,0.0,0.0,0.0,0.0,0.0
2030-10-31 14:00:00,0.0,0.0,7348.224424717286,0.0,0.0,0.0,0.0,0.0,2657.8009457980497,0.0,0.0,0.0
2030-10-31 15:00:00,1297.0,1644.1,7381.64,2688.0192000000015,0.0,0.0,0.0,0.0,4660.311063657677,0.0,0.0,0.0
2030-10-31 16:00:00,1297.0,1644.1,7381.64,3199.99,6286.638674583461,0.0,0.0,0.0,7148.894271283756,0.0,0.0,0.0
2030-10-31 17:00:00,1297.0,1644.1,7381.64,0.0,9847.0,0.0,1863.3238889432614,470.0000000000005,7748.316857382355,0.0,0.0,0.0
2030-10-31 18:00:00,1297.0,1644.1,7381.64,0.0,9303.019111902147,0.0,0.0,0.0,8087.983594218551,0.0,0.0,0.0
2030-10-31 19:00:00,1297.0,1644.1,7381.64,0.0,5932.454092638116,0.0,0.0,0.0,5641.105244882539,2070.0,0.0,0.0
2030-10-31 20:00:00,1297.0,1644.1,7381.64,0.0,4237.625569892996,0.0,0.0,0.0,7324.533256412629,102.17731266833297,0.0,0.0
2030-10-31 21:00:00,1297.0,1644.1,7381.64,0.0,6001.082146670342,0.0,0.0,394.80000000000047,7335.368826771266,0.0,0.0,0.0
2030-10-31 22:00:00,1297.0,1644.1,7381.64,0.0,7602.045892049064,0.0,0.0,0.0,7471.91828884033,0.0,0.0,0.0
2030-10-31 23:00:00,0.0,0.0,6335.1557928173315,0.0,5560.436482569079,0.0,0.0,0.0,7395.097606269446,0.0,0.0,0.0
2030-11-01 00:00:00,0.0,0.0,2104.912621854455,0.0,4970.434741693796,0.0,0.0,0.0,7303.400659120633,0.0,0.0,0.0
2030-11-01 01:00:00,0.0,0.0,0.0,0.0,1945.5848172132828,0.0,0.0,0.0,6228.196576405282,0.0,0.0,0.0
2030-11-01 02:00:00,0.0,0.0,0.0,0.0,0.0,0.0,0.0,0.0,4434.614683093773,0.0,0.0,0.0
2030-11-01 03:00:00,0.0,0.0,0.0,0.0,0.0,0.0,0.0,0.0,2921.8619534934096,0.0,0.0,0.0
2030-11-01 04:00:00,0.0,0.0,0.0,0.0,0.0,0.0,0.0,0.0,2242.598424484372,0.0,0.0,0.0
2030-11-01 05:00:00,0.0,0.0,619.4445259663553,0.0,0.0,0.0,0.0,0.0,0.0,919.5958140149968,1681.3317769537823,52.89943466343283
2030-11-01 06:00:00,0.0,0.0,4654.857947400269,0.0,0.0,0.0,0.0,0.0,0.0,0.0,0.0,508.30056533656716
2030-11-01 07:00:00,0.0,0.0,0.0,0.0,0.0,0.0,0.0,0.0,0.0,0.0,0.0,0.0
2030-11-01 08:00:00,0.0,0.0,0.0,0.0,0.0,0.0,0.0,0.0,0.0,0.0,0.0,0.0
2030-11-01 09:00:00,0.0,0.0,0.0,0.0,0.0,0.0,0.0,0.0,0.0,0.0,0.0,0.0
2030-11-01 10:00:00,0.0,0.0,0.0,0.0,0.0,0.0,0.0,0.0,0.0,0.0,0.0,0.0
2030-11-01 11:00:00,0.0,0.0,0.0,0.0,0.0,0.0,0.0,0.0,0.0,0.0,0.0,0.0
2030-11-01 12:00:00,0.0,0.0,0.0,0.0,0.0,0.0,0.0,0.0,0.0,0.0,0.0,0.0
2030-11-01 13:00:00,0.0,0.0,0.0,0.0,0.0,0.0,0.0,0.0,0.0,0.0,0.0,0.0
2030-11-01 14:00:00,0.0,0.0,0.0,0.0,0.0,0.0,0.0,0.0,0.0,0.0,0.0,0.0
2030-11-01 15:00:00,0.0,0.0,0.0,2688.0192000000015,0.0,0.0,0.0,0.0,0.0,0.0,0.0,0.0
2030-11-01 16:00:00,0.0,0.0,0.0,3199.99,0.0,0.0,0.0,0.0,0.0,0.0,0.0,0.0
2030-11-01 17:00:00,0.0,0.0,0.0,0.0,0.0,0.0,0.0,0.0,0.0,0.0,0.0,0.0
2030-11-01 18:00:00,0.0,0.0,0.0,0.0,0.0,0.0,0.0,0.0,0.0,0.0,0.0,0.0
2030-11-01 19:00:00,0.0,0.0,0.0,0.0,0.0,0.0,0.0,0.0,0.0,0.0,0.0,0.0
2030-11-01 20:00:00,0.0,0.0,0.0,0.0,0.0,0.0,0.0,0.0,0.0,0.0,0.0,0.0
2030-11-01 21:00:00,0.0,0.0,0.0,0.0,0.0,0.0,0.0,0.0,0.0,0.0,0.0,0.0
2030-11-01 22:00:00,0.0,0.0,0.0,0.0,0.0,0.0,0.0,0.0,0.0,0.0,0.0,0.0
2030-11-01 23:00:00,0.0,0.0,0.0,0.0,0.0,0.0,0.0,0.0,0.0,0.0,0.0,0.0
2030-11-02 00:00:00,0.0,0.0,0.0,0.0,0.0,0.0,0.0,0.0,0.0,0.0,0.0,0.0
2030-11-02 01:00:00,0.0,0.0,0.0,0.0,0.0,0.0,0.0,0.0,0.0,0.0,0.0,0.0
2030-11-02 02:00:00,0.0,0.0,0.0,0.0,0.0,0.0,0.0,0.0,0.0,0.0,0.0,0.0
2030-11-02 03:00:00,0.0,0.0,0.0,0.0,0.0,0.0,0.0,0.0,0.0,0.0,0.0,0.0
2030-11-02 04:00:00,0.0,0.0,0.0,0.0,0.0,0.0,0.0,0.0,0.0,0.0,0.0,0.0
2030-11-02 05:00:00,0.0,0.0,0.0,1316.5390060205318,0.0,0.0,0.0,0.0,0.0,0.0,0.0,0.0
2030-11-02 06:00:00,0.0,0.0,0.0,3199.99,0.0,0.0,0.0,0.0,0.0,0.0,0.0,0.0
2030-11-02 07:00:00,0.0,0.0,0.0,1371.48019397947,0.0,0.0,0.0,0.0,0.0,0.0,0.0,0.0
2030-11-02 08:00:00,0.0,0.0,0.0,0.0,0.0,0.0,0.0,0.0,0.0,0.0,0.0,0.0
2030-11-02 09:00:00,0.0,0.0,0.0,0.0,0.0,0.0,0.0,0.0,0.0,0.0,0.0,0.0
2030-11-02 10:00:00,0.0,0.0,0.0,0.0,0.0,0.0,0.0,0.0,0.0,0.0,0.0,0.0
2030-11-02 11:00:00,0.0,0.0,0.0,0.0,0.0,0.0,0.0,0.0,0.0,0.0,0.0,0.0
2030-11-02 12:00:00,0.0,0.0,0.0,0.0,0.0,0.0,0.0,0.0,0.0,0.0,0.0,0.0
2030-11-02 13:00:00,0.0,0.0,0.0,0.0,0.0,0.0,0.0,0.0,0.0,0.0,0.0,0.0
2030-11-02 14:00:00,0.0,0.0,0.0,0.0,0.0,0.0,0.0,0.0,0.0,0.0,0.0,0.0
2030-11-02 15:00:00,0.0,0.0,0.0,0.0,0.0,0.0,0.0,0.0,0.0,0.0,0.0,0.0
2030-11-02 16:00:00,0.0,0.0,0.0,0.0,0.0,0.0,0.0,0.0,0.0,0.0,0.0,0.0
2030-11-02 17:00:00,0.0,0.0,0.0,0.0,0.0,0.0,0.0,0.0,0.0,0.0,0.0,0.0
2030-11-02 18:00:00,0.0,0.0,0.0,0.0,0.0,0.0,0.0,0.0,0.0,0.0,0.0,0.0
2030-11-02 19:00:00,0.0,0.0,0.0,0.0,0.0,0.0,0.0,0.0,0.0,0.0,0.0,0.0
2030-11-02 20:00:00,0.0,0.0,0.0,0.0,0.0,0.0,0.0,0.0,0.0,0.0,0.0,0.0
2030-11-02 21:00:00,0.0,0.0,0.0,0.0,0.0,0.0,0.0,0.0,0.0,0.0,0.0,0.0
2030-11-02 22:00:00,0.0,0.0,0.0,0.0,0.0,0.0,0.0,0.0,0.0,0.0,0.0,0.0
2030-11-02 23:00:00,0.0,0.0,0.0,0.0,0.0,0.0,0.0,0.0,0.0,0.0,0.0,0.0
2030-11-03 00:00:00,0.0,0.0,0.0,0.0,0.0,0.0,0.0,0.0,0.0,0.0,0.0,0.0
2030-11-03 01:00:00,0.0,0.0,0.0,0.0,0.0,0.0,0.0,0.0,0.0,0.0,0.0,0.0
2030-11-03 02:00:00,0.0,0.0,0.0,0.0,0.0,0.0,0.0,0.0,0.0,0.0,0.0,0.0
2030-11-03 03:00:00,0.0,0.0,0.0,0.0,0.0,0.0,0.0,0.0,0.0,0.0,0.0,0.0
2030-11-03 04:00:00,0.0,0.0,0.0,0.0,0.0,0.0,0.0,0.0,0.0,0.0,0.0,0.0
2030-11-03 05:00:00,0.0,0.0,0.0,0.0,0.0,0.0,0.0,0.0,0.0,0.0,0.0,0.0
2030-11-03 06:00:00,0.0,0.0,0.0,0.0,0.0,0.0,0.0,0.0,0.0,0.0,0.0,0.0
2030-11-03 07:00:00,0.0,0.0,0.0,0.0,0.0,0.0,0.0,0.0,0.0,0.0,0.0,0.0
2030-11-03 08:00:00,0.0,0.0,0.0,0.0,0.0,0.0,0.0,0.0,0.0,0.0,0.0,0.0
2030-11-03 09:00:00,0.0,0.0,0.0,0.0,0.0,0.0,0.0,0.0,0.0,0.0,0.0,0.0
2030-11-03 10:00:00,0.0,0.0,0.0,0.0,0.0,0.0,0.0,0.0,0.0,0.0,0.0,0.0
2030-11-03 11:00:00,0.0,0.0,0.0,0.0,0.0,0.0,0.0,0.0,0.0,0.0,0.0,0.0
2030-11-03 12:00:00,0.0,0.0,0.0,0.0,0.0,0.0,0.0,0.0,0.0,0.0,0.0,0.0
2030-11-03 13:00:00,0.0,0.0,0.0,0.0,0.0,0.0,0.0,0.0,0.0,0.0,0.0,0.0
2030-11-03 14:00:00,0.0,0.0,0.0,0.0,0.0,0.0,0.0,0.0,0.0,0.0,0.0,0.0
2030-11-03 15:00:00,0.0,0.0,0.0,0.0,0.0,0.0,0.0,0.0,0.0,0.0,0.0,0.0
2030-11-03 16:00:00,0.0,0.0,0.0,3199.99,0.0,0.0,0.0,0.0,0.0,0.0,0.0,0.0
2030-11-03 17:00:00,0.0,0.0,0.0,0.0,0.0,0.0,0.0,0.0,0.0,0.0,0.0,0.0
2030-11-03 18:00:00,0.0,0.0,0.0,0.0,0.0,0.0,0.0,0.0,0.0,0.0,0.0,0.0
2030-11-03 19:00:00,0.0,0.0,0.0,0.0,0.0,0.0,0.0,0.0,0.0,0.0,0.0,0.0
2030-11-03 20:00:00,0.0,0.0,0.0,0.0,0.0,0.0,0.0,0.0,0.0,0.0,0.0,0.0
2030-11-03 21:00:00,0.0,0.0,0.0,0.0,0.0,0.0,0.0,0.0,0.0,0.0,0.0,0.0
2030-11-03 22:00:00,0.0,0.0,0.0,0.0,0.0,0.0,0.0,0.0,0.0,0.0,0.0,0.0
2030-11-03 23:00:00,0.0,0.0,0.0,0.0,0.0,0.0,0.0,0.0,0.0,0.0,0.0,0.0
2030-11-04 00:00:00,0.0,0.0,0.0,0.0,0.0,0.0,0.0,0.0,0.0,0.0,0.0,0.0
2030-11-04 01:00:00,0.0,0.0,0.0,0.0,0.0,0.0,0.0,0.0,0.0,0.0,0.0,0.0
2030-11-04 02:00:00,0.0,0.0,0.0,0.0,0.0,0.0,0.0,0.0,0.0,0.0,0.0,0.0
2030-11-04 03:00:00,0.0,0.0,0.0,0.0,0.0,0.0,0.0,0.0,0.0,0.0,0.0,0.0
2030-11-04 04:00:00,0.0,0.0,0.0,0.0,0.0,0.0,0.0,0.0,0.0,0.0,0.0,0.0
2030-11-04 05:00:00,0.0,0.0,0.0,0.0,0.0,0.0,0.0,0.0,0.0,0.0,0.0,0.0
2030-11-04 06:00:00,0.0,0.0,0.0,0.0,0.0,0.0,0.0,0.0,0.0,0.0,0.0,0.0
2030-11-04 07:00:00,0.0,0.0,0.0,1687.9581482914218,0.0,0.0,0.0,0.0,0.0,0.0,0.0,0.0
2030-11-04 08:00:00,0.0,0.0,0.0,0.0,0.0,0.0,0.0,0.0,0.0,0.0,0.0,0.0
2030-11-04 09:00:00,0.0,0.0,0.0,0.0,0.0,0.0,0.0,0.0,0.0,0.0,0.0,0.0
2030-11-04 10:00:00,0.0,0.0,0.0,0.0,0.0,0.0,0.0,0.0,0.0,0.0,0.0,0.0
2030-11-04 11:00:00,0.0,0.0,0.0,0.0,0.0,0.0,0.0,0.0,0.0,0.0,0.0,0.0
2030-11-04 12:00:00,0.0,0.0,0.0,0.0,0.0,0.0,0.0,0.0,0.0,0.0,0.0,0.0
2030-11-04 13:00:00,0.0,0.0,0.0,0.0,0.0,0.0,0.0,0.0,0.0,0.0,0.0,0.0
2030-11-04 14:00:00,0.0,0.0,0.0,0.0,0.0,0.0,0.0,0.0,0.0,0.0,0.0,0.0
2030-11-04 15:00:00,0.0,0.0,0.0,0.0,0.0,0.0,0.0,0.0,0.0,0.0,0.0,0.0
2030-11-04 16:00:00,0.0,0.0,0.0,0.0,0.0,0.0,0.0,0.0,0.0,0.0,0.0,0.0
2030-11-04 17:00:00,0.0,0.0,0.0,0.0,0.0,0.0,0.0,0.0,0.0,0.0,0.0,0.0
2030-11-04 18:00:00,0.0,0.0,0.0,644.0358089507075,0.0,0.0,0.0,0.0,0.0,0.0,0.0,0.0
2030-11-04 19:00:00,0.0,0.0,0.0,2172.2074018454514,0.0,0.0,0.0,0.0,0.0,0.0,0.0,0.0
2030-11-04 20:00:00,0.0,0.0,0.0,2238.642407674517,0.0,0.0,0.0,0.0,0.0,0.0,0.0,0.0
2030-11-04 21:00:00,0.0,0.0,0.0,833.1235815293257,0.0,0.0,0.0,0.0,0.0,0.0,0.0,0.0
2030-11-04 22:00:00,0.0,0.0,0.0,0.0,130.32530149859667,0.0,0.0,0.0,0.0,0.0,0.0,0.0
2030-11-04 23:00:00,0.0,0.0,0.0,0.0,2398.825008777014,0.0,0.0,0.0,0.0,0.0,0.0,0.0
2030-11-05 00:00:00,0.0,0.0,0.0,0.0,3857.601491828655,0.0,0.0,90.60427982125599,0.0,0.0,0.0,0.0
2030-11-05 01:00:00,0.0,0.0,0.0,0.0,926.3224635625957,0.0,0.0,470.0000000000005,0.0,0.0,0.0,0.0
2030-11-05 02:00:00,0.0,0.0,0.0,0.0,0.0,0.0,0.0,304.1957201787445,0.0,0.0,0.0,0.0
2030-11-05 03:00:00,0.0,0.0,0.0,0.0,0.0,0.0,0.0,0.0,0.0,0.0,0.0,0.0
2030-11-05 04:00:00,0.0,0.0,0.0,0.0,0.0,0.0,0.0,0.0,0.0,0.0,0.0,0.0
2030-11-05 05:00:00,0.0,0.0,7381.64,0.0,0.0,0.0,0.0,0.0,0.0,0.0,0.0,0.0
2030-11-05 06:00:00,0.0,0.0,7381.64,23.712997504091618,0.0,0.0,0.0,0.0,0.0,0.0,0.0,0.0
2030-11-05 07:00:00,0.0,0.0,7381.64,979.0503136548737,0.0,0.0,0.0,0.0,0.0,0.0,0.0,0.0
2030-11-05 08:00:00,0.0,0.0,7381.64,0.0,0.0,0.0,0.0,0.0,0.0,0.0,0.0,0.0
2030-11-05 09:00:00,0.0,0.0,4349.411470726709,0.0,0.0,0.0,0.0,0.0,0.0,0.0,0.0,0.0
2030-11-05 10:00:00,0.0,0.0,7381.64,0.0,0.0,0.0,0.0,0.0,0.0,0.0,0.0,0.0
2030-11-05 11:00:00,0.0,0.0,7381.64,0.0,0.0,0.0,0.0,0.0,0.0,0.0,0.0,0.0
2030-11-05 12:00:00,0.0,0.0,7381.64,0.0,0.0,0.0,0.0,0.0,0.0,0.0,0.0,0.0
2030-11-05 13:00:00,0.0,0.0,7381.64,0.0,0.0,0.0,0.0,0.0,0.0,0.0,0.0,0.0
2030-11-05 14:00:00,1297.0,786.7404268463133,7381.64,3185.2940989125354,0.0,0.0,0.0,0.0,2067.0507421178536,2070.0,0.0,0.0
2030-11-05 15:00:00,1297.0,1644.1,7381.64,2702.715101087466,0.0,0.0,0.0,0.0,2913.0967855723993,2070.0,0.0,0.0
2030-11-05 16:00:00,489.03059620505115,1580.3233260690727,7381.64,0.0,0.0,0.0,0.0,0.0,2764.803843149157,2070.0,0.0,561.2
2030-11-05 17:00:00,0.0,0.0,7381.64,0.0,5376.495009951017,0.0,0.0,0.0,0.0,1217.219660923813,0.0,0.0
2030-11-05 18:00:00,0.0,0.0,773.9417330160895,0.0,5104.289256420467,0.0,0.0,470.0000000000005,0.0,0.0,0.0,0.0
2030-11-05 19:00:00,0.0,0.0,0.0,0.0,1546.8510054318292,0.0,0.0,13.325489036669026,0.0,0.0,0.0,0.0
2030-11-05 20:00:00,0.0,0.0,0.0,0.0,0.0,0.0,0.0,0.0,0.0,0.0,0.0,0.0
2030-11-05 21:00:00,0.0,0.0,0.0,0.0,99.2775837670415,0.0,0.0,470.0000000000005,0.0,0.0,0.0,0.0
2030-11-05 22:00:00,0.0,0.0,0.0,0.0,0.0,0.0,0.0,237.09051096333133,0.0,0.0,0.0,0.0
2030-11-05 23:00:00,0.0,0.0,0.0,0.0,0.0,0.0,0.0,0.0,0.0,0.0,0.0,0.0
2030-11-06 00:00:00,0.0,0.0,0.0,0.0,105.3938582300907,0.0,0.0,470.0000000000005,0.0,0.0,0.0,0.0
2030-11-06 01:00:00,0.0,0.0,0.0,0.0,0.0,0.0,0.0,0.0,0.0,0.0,0.0,0.0
2030-11-06 02:00:00,0.0,0.0,0.0,0.0,0.0,0.0,0.0,0.0,0.0,0.0,0.0,0.0
2030-11-06 03:00:00,0.0,0.0,0.0,0.0,0.0,0.0,0.0,0.0,0.0,0.0,0.0,0.0
2030-11-06 04:00:00,0.0,0.0,0.0,0.0,0.0,0.0,0.0,0.0,0.0,0.0,0.0,197.67695057366222
2030-11-06 05:00:00,0.0,0.0,0.0,2688.0192000000015,0.0,0.0,0.0,0.0,0.0,0.0,0.0,205.00753802635177
2030-11-06 06:00:00,0.0,0.0,0.0,3199.99,4621.47321138742,0.0,0.0,470.0000000000005,0.0,0.0,0.0,0.0
2030-11-06 07:00:00,0.0,0.0,5421.111510347994,0.0,5376.912146945062,0.0,0.0,394.80000000000047,0.0,0.0,0.0,0.0
2030-11-06 08:00:00,0.0,0.0,0.0,0.0,754.2000468556507,0.0,0.0,0.0,0.0,0.0,0.0,0.0
2030-11-06 09:00:00,0.0,0.0,0.0,0.0,0.0,0.0,0.0,0.0,0.0,0.0,0.0,0.0
2030-11-06 10:00:00,0.0,0.0,0.0,119.70395716982603,0.0,0.0,0.0,0.0,0.0,0.0,0.0,0.0
2030-11-06 11:00:00,0.0,0.0,0.0,0.0,0.0,0.0,0.0,0.0,0.0,0.0,0.0,0.0
2030-11-06 12:00:00,0.0,0.0,0.0,0.0,0.0,0.0,0.0,0.0,0.0,0.0,0.0,0.0
2030-11-06 13:00:00,0.0,0.0,0.0,0.0,0.0,0.0,0.0,0.0,0.0,0.0,0.0,0.0
2030-11-06 14:00:00,0.0,0.0,0.0,0.0,0.0,0.0,0.0,0.0,0.0,0.0,0.0,0.0
2030-11-06 15:00:00,0.0,0.0,7381.64,0.0,0.0,0.0,0.0,0.0,0.0,0.0,0.0,0.0
2030-11-06 16:00:00,1297.0,1644.1,7381.64,1442.6625032906304,5037.992027498927,0.0,0.0,0.0,4274.113334042477,2070.0,0.0,0.0
2030-11-06 17:00:00,1297.0,1644.1,7381.64,3199.99,9847.0,1850.0,153.25790162743215,0.0,4244.803709173043,2070.0,0.0,561.2
2030-11-06 18:00:00,1297.0,1576.4097456521715,7381.64,1245.356696709371,9847.0,1850.0,345.34711573335517,0.0,5116.560402839003,2070.0,0.0,0.0
2030-11-06 19:00:00,0.0,0.0,7381.64,0.0,9136.833287355606,0.0,0.0,0.0,0.0,476.403312665424,0.0,0.0
2030-11-06 20:00:00,0.0,0.0,0.0,0.0,7295.397076723326,0.0,0.0,0.0,0.0,0.0,0.0,0.0
2030-11-06 21:00:00,0.0,0.0,6869.599201436898,0.0,9847.0,966.6358877586608,0.0,0.0,0.0,0.0,0.0,0.0
2030-11-06 22:00:00,0.0,0.0,0.0,0.0,9847.0,1850.0,1592.4564835586207,394.80000000000047,0.0,0.0,0.0,0.0
2030-11-06 23:00:00,0.0,0.0,0.0,0.0,9847.0,1713.5547863439497,0.0,0.0,0.0,0.0,0.0,0.0
2030-11-07 00:00:00,0.0,0.0,0.0,0.0,9847.0,1850.0,339.7803282501045,470.0000000000005,0.0,0.0,0.0,0.0
2030-11-07 01:00:00,0.0,0.0,1234.0901948282844,0.0,9847.0,139.29882413783344,0.0,0.0,0.0,0.0,0.0,0.0
2030-11-07 02:00:00,0.0,0.0,0.0,0.0,8788.44259272606,0.0,0.0,0.0,0.0,0.0,0.0,0.0
2030-11-07 03:00:00,0.0,0.0,7381.64,0.0,4769.721049396765,0.0,0.0,0.0,0.0,231.46285904586784,0.0,0.0
2030-11-07 04:00:00,0.0,0.0,4452.657953475857,0.0,793.3317639808811,0.0,0.0,0.0,0.0,659.8587162785534,0.0,0.0
2030-11-07 05:00:00,0.0,0.0,7381.64,0.0,6549.464540463829,0.0,0.0,0.0,762.5730524622327,2070.0,0.0,561.2
2030-11-07 06:00:00,1297.0,1192.4713759111983,7381.64,2688.0192000000015,9847.0,1850.0,307.985749380794,0.0,5810.133464026368,2070.0,0.0,0.0
2030-11-07 07:00:00,1297.0,1644.1,7381.64,3199.99,9847.0,1850.0,1273.8757927079496,0.0,5242.167592013316,2070.0,0.0,0.0
2030-11-07 08:00:00,0.0,0.0,7381.64,0.0,8189.747462226966,0.0,0.0,0.0,0.0,1346.1155421082412,0.0,0.0
2030-11-07 09:00:00,0.0,0.0,7155.545710078993,0.0,1448.7929914678462,0.0,0.0,0.0,0.0,0.0,0.0,0.0
2030-11-07 10:00:00,0.0,0.0,7381.64,0.0,0.0,0.0,0.0,0.0,0.0,0.0,0.0,0.0
2030-11-07 11:00:00,0.0,0.0,0.0,0.0,0.0,0.0,0.0,0.0,0.0,0.0,0.0,0.0
2030-11-07 12:00:00,0.0,0.0,0.0,0.0,0.0,0.0,0.0,0.0,0.0,0.0,0.0,0.0
2030-11-07 13:00:00,0.0,0.0,0.0,0.0,0.0,0.0,0.0,0.0,0.0,0.0,0.0,0.0
2030-11-07 14:00:00,0.0,0.0,0.0,0.0,0.0,0.0,0.0,0.0,0.0,0.0,0.0,0.0
2030-11-07 15:00:00,0.0,0.0,0.0,858.6654376863884,0.0,0.0,0.0,244.5037932809355,0.0,0.0,0.0,0.0
2030-11-07 16:00:00,0.0,0.0,0.0,2588.817163765445,7816.434034078763,0.0,0.0,150.2962067190649,0.0,0.0,0.0,0.0
2030-11-07 17:00:00,0.0,0.0,0.0,0.0,9847.0,1850.0,577.8066982654636,470.0000000000005,0.0,0.0,0.0,0.0
2030-11-07 18:00:00,0.0,0.0,0.0,0.0,2689.15324362088,0.0,0.0,0.0,0.0,0.0,0.0,0.0
2030-11-07 19:00:00,0.0,0.0,0.0,0.0,0.0,0.0,0.0,0.0,0.0,0.0,0.0,0.0
2030-11-07 20:00:00,0.0,0.0,0.0,0.0,0.0,0.0,0.0,0.0,0.0,0.0,0.0,0.0
2030-11-07 21:00:00,0.0,0.0,0.0,0.0,0.0,0.0,0.0,0.0,0.0,0.0,0.0,0.0
2030-11-07 22:00:00,0.0,0.0,0.0,0.0,0.0,0.0,0.0,0.0,0.0,0.0,0.0,0.0
2030-11-07 23:00:00,0.0,0.0,0.0,0.0,0.0,0.0,0.0,0.0,0.0,0.0,0.0,0.0
2030-11-08 00:00:00,0.0,0.0,0.0,0.0,0.0,0.0,0.0,0.0,0.0,0.0,0.0,0.0
2030-11-08 01:00:00,0.0,0.0,0.0,0.0,0.0,0.0,0.0,0.0,0.0,0.0,0.0,0.0
2030-11-08 02:00:00,0.0,0.0,0.0,0.0,0.0,0.0,0.0,0.0,0.0,0.0,0.0,0.0
2030-11-08 03:00:00,0.0,0.0,0.0,0.0,0.0,0.0,0.0,0.0,0.0,28.062856548723403,0.0,0.0
2030-11-08 04:00:00,0.0,0.0,0.0,0.0,0.0,0.0,0.0,0.0,0.0,0.0,0.0,469.25026789655294
2030-11-08 05:00:00,0.0,0.0,0.0,0.0,0.0,0.0,0.0,0.0,0.0,440.150775204213,0.0,11.772962197068837
2030-11-08 06:00:00,0.0,0.0,0.0,0.0,784.0298929674391,0.0,0.0,394.80000000000047,0.0,0.0,0.0,80.17676990637824
2030-11-08 07:00:00,0.0,0.0,0.0,0.0,1869.6430187499136,0.0,0.0,470.0000000000005,0.0,0.0,0.0,0.0
2030-11-08 08:00:00,0.0,0.0,0.0,0.0,0.0,0.0,0.0,0.0,0.0,0.0,0.0,0.0
2030-11-08 09:00:00,0.0,0.0,0.0,0.0,0.0,0.0,0.0,0.0,0.0,0.0,0.0,0.0
2030-11-08 10:00:00,0.0,0.0,0.0,0.0,0.0,0.0,0.0,0.0,0.0,0.0,0.0,0.0
2030-11-08 11:00:00,0.0,0.0,0.0,0.0,0.0,0.0,0.0,0.0,0.0,0.0,0.0,0.0
2030-11-08 12:00:00,0.0,0.0,0.0,0.0,0.0,0.0,0.0,0.0,0.0,0.0,0.0,0.0
2030-11-08 13:00:00,0.0,0.0,0.0,0.0,0.0,0.0,0.0,0.0,0.0,0.0,0.0,0.0
2030-11-08 14:00:00,0.0,0.0,0.0,0.0,0.0,0.0,0.0,0.0,0.0,0.0,0.0,0.0
2030-11-08 15:00:00,0.0,0.0,0.0,0.0,0.0,0.0,0.0,0.0,0.0,0.0,0.0,0.0
2030-11-08 16:00:00,0.0,0.0,0.0,0.0,4316.621244456001,0.0,0.0,0.0,0.0,0.0,0.0,0.0
2030-11-08 17:00:00,0.0,0.0,0.0,0.0,9751.985974030336,0.0,0.0,0.0,0.0,0.0,0.0,0.0
2030-11-08 18:00:00,0.0,0.0,0.0,0.0,8224.69715738557,0.0,0.0,0.0,0.0,0.0,0.0,0.0
2030-11-08 19:00:00,0.0,0.0,0.0,0.0,3362.933528938738,0.0,0.0,470.0000000000005,0.0,0.0,0.0,0.0
2030-11-08 20:00:00,0.0,0.0,0.0,0.0,1514.7894381900842,0.0,0.0,0.0,0.0,0.0,0.0,0.0
2030-11-08 21:00:00,0.0,0.0,0.0,0.0,4706.01885982597,0.0,0.0,0.0,0.0,0.0,0.0,0.0
2030-11-08 22:00:00,0.0,0.0,0.0,0.0,5763.212014525139,0.0,0.0,0.0,0.0,0.0,0.0,0.0
2030-11-08 23:00:00,0.0,0.0,0.0,0.0,4337.868167365508,0.0,0.0,0.0,0.0,0.0,0.0,0.0
2030-11-09 00:00:00,0.0,0.0,0.0,0.0,6164.859061043215,0.0,0.0,0.0,0.0,0.0,0.0,0.0
2030-11-09 01:00:00,0.0,0.0,0.0,0.0,3986.665768973937,0.0,0.0,0.0,0.0,0.0,0.0,0.0
2030-11-09 02:00:00,0.0,0.0,0.0,0.0,2946.0297390060587,0.0,0.0,394.80000000000047,0.0,0.0,0.0,0.0
2030-11-09 03:00:00,0.0,0.0,0.0,0.0,0.0,0.0,0.0,0.0,0.0,0.0,0.0,0.0
2030-11-09 04:00:00,0.0,0.0,0.0,0.0,0.0,0.0,0.0,0.0,0.0,0.0,0.0,0.0
2030-11-09 05:00:00,0.0,0.0,0.0,0.0,240.17068333573116,0.0,0.0,470.0000000000005,0.0,0.0,0.0,0.0
2030-11-09 06:00:00,0.0,0.0,0.0,1488.8584107833885,5608.861627706596,0.0,0.0,325.61600000000044,0.0,0.0,0.0,0.0
2030-11-09 07:00:00,0.0,0.0,0.0,3199.99,7105.855360112924,0.0,0.0,0.0,0.0,0.0,0.0,0.0
2030-11-09 08:00:00,0.0,0.0,0.0,0.0,2204.70464907118,0.0,0.0,0.0,0.0,0.0,0.0,0.0
2030-11-09 09:00:00,0.0,0.0,0.0,0.0,0.0,0.0,0.0,0.0,0.0,0.0,0.0,0.0
2030-11-09 10:00:00,0.0,0.0,0.0,0.0,0.0,0.0,0.0,0.0,0.0,0.0,0.0,0.0
2030-11-09 11:00:00,0.0,0.0,0.0,0.0,0.0,0.0,0.0,0.0,0.0,0.0,0.0,0.0
2030-11-09 12:00:00,0.0,0.0,0.0,0.0,0.0,0.0,0.0,0.0,0.0,0.0,0.0,0.0
2030-11-09 13:00:00,0.0,0.0,0.0,0.0,0.0,0.0,0.0,0.0,0.0,0.0,0.0,0.0
2030-11-09 14:00:00,0.0,0.0,0.0,0.0,0.0,0.0,0.0,0.0,0.0,0.0,0.0,0.0
2030-11-09 15:00:00,0.0,0.0,0.0,0.0,5223.615900044271,0.0,0.0,0.0,0.0,0.0,0.0,0.0
2030-11-09 16:00:00,0.0,0.0,0.0,2727.4375220692705,9847.0,1850.0,92.93330447030894,0.0,0.0,0.0,0.0,0.0
2030-11-09 17:00:00,0.0,0.0,0.0,2907.966393518447,9847.0,1850.0,1950.0,394.80000000000047,0.0,0.0,0.0,0.0
2030-11-09 18:00:00,0.0,0.0,4296.948701099871,0.0,9847.0,1850.0,1950.0,470.0000000000005,0.0,0.0,0.0,0.0
2030-11-09 19:00:00,0.0,0.0,0.0,0.0,9847.0,1452.1652872668928,0.0,0.0,0.0,0.0,0.0,0.0
2030-11-09 20:00:00,0.0,0.0,0.0,0.0,9539.192487790686,0.0,0.0,0.0,0.0,0.0,0.0,0.0
2030-11-09 21:00:00,0.0,0.0,0.0,0.0,9847.0,1850.0,930.1499983944523,0.0,0.0,0.0,0.0,0.0
2030-11-09 22:00:00,0.0,0.0,0.0,0.0,9847.0,1850.0,1646.5219772578712,0.0,0.0,0.0,0.0,0.0
2030-11-09 23:00:00,0.0,0.0,0.0,0.0,8036.716959194222,0.0,0.0,0.0,0.0,0.0,0.0,0.0
2030-11-10 00:00:00,0.0,0.0,0.0,0.0,8495.84828566658,0.0,0.0,0.0,0.0,0.0,0.0,0.0
2030-11-10 01:00:00,0.0,0.0,0.0,0.0,6199.214631967312,0.0,0.0,0.0,0.0,0.0,0.0,0.0
2030-11-10 02:00:00,0.0,0.0,3998.6034792766527,0.0,4545.545073256071,0.0,0.0,0.0,0.0,0.0,0.0,0.0
2030-11-10 03:00:00,0.0,0.0,0.0,0.0,973.9624066859687,0.0,0.0,0.0,0.0,0.0,0.0,0.0
2030-11-10 04:00:00,0.0,0.0,7381.64,0.0,0.0,0.0,0.0,0.0,0.0,0.0,0.0,0.0
2030-11-10 05:00:00,0.0,0.0,7381.64,0.0,0.0,0.0,0.0,0.0,0.0,0.0,0.0,0.0
2030-11-10 06:00:00,0.0,0.0,7381.64,2688.0192000000015,739.3397542007297,0.0,0.0,325.61600000000044,2887.1362267716977,0.0,0.0,0.0
2030-11-10 07:00:00,131.75655741101218,1644.1,7381.64,3199.99,1512.9081255727506,0.0,0.0,470.0000000000005,939.9759752516711,2070.0,0.0,561.2
2030-11-10 08:00:00,0.0,0.0,7381.64,0.0,0.0,0.0,0.0,0.0,0.0,0.0,0.0,0.0
2030-11-10 09:00:00,0.0,0.0,7381.64,0.0,0.0,0.0,0.0,0.0,0.0,0.0,0.0,0.0
2030-11-10 10:00:00,0.0,0.0,7381.64,0.0,0.0,0.0,0.0,0.0,0.0,0.0,0.0,0.0
2030-11-10 11:00:00,0.0,0.0,7381.64,0.0,0.0,0.0,0.0,0.0,0.0,0.0,0.0,0.0
2030-11-10 12:00:00,0.0,0.0,0.0,0.0,0.0,0.0,0.0,0.0,0.0,0.0,0.0,0.0
2030-11-10 13:00:00,0.0,0.0,7381.64,0.0,0.0,0.0,0.0,0.0,0.0,0.0,0.0,0.0
2030-11-10 14:00:00,0.0,0.0,7381.64,0.0,0.0,0.0,0.0,0.0,0.0,0.0,0.0,0.0
2030-11-10 15:00:00,1297.0,1644.1,7381.64,2722.301572608987,0.0,0.0,0.0,0.0,461.87043803484585,2070.0,0.0,0.0
2030-11-10 16:00:00,1297.0,1644.1,7381.64,3165.7076273910143,0.0,0.0,0.0,0.0,2520.110738196745,2070.0,0.0,0.0
2030-11-10 17:00:00,0.0,333.95453524979894,7381.64,0.0,0.0,0.0,0.0,189.7314768537035,2562.1121478645728,2070.0,0.0,561.2
2030-11-10 18:00:00,0.0,0.0,7381.64,0.0,0.0,0.0,0.0,0.0,0.0,0.0,0.0,0.0
2030-11-10 19:00:00,0.0,0.0,865.1947638434102,0.0,0.0,0.0,0.0,0.0,0.0,0.0,0.0,0.0
2030-11-10 20:00:00,0.0,0.0,0.0,0.0,0.0,0.0,0.0,0.0,0.0,0.0,0.0,0.0
2030-11-10 21:00:00,0.0,0.0,0.0,0.0,0.0,0.0,0.0,0.0,0.0,0.0,0.0,0.0
2030-11-10 22:00:00,0.0,0.0,0.0,0.0,0.0,0.0,0.0,0.0,0.0,0.0,0.0,0.0
2030-11-10 23:00:00,0.0,0.0,0.0,0.0,0.0,0.0,0.0,0.0,0.0,0.0,0.0,0.0
2030-11-11 00:00:00,0.0,0.0,0.0,0.0,0.0,0.0,0.0,0.0,0.0,0.0,0.0,0.0
2030-11-11 01:00:00,0.0,0.0,0.0,0.0,0.0,0.0,0.0,0.0,0.0,0.0,0.0,0.0
2030-11-11 02:00:00,0.0,0.0,0.0,0.0,0.0,0.0,0.0,0.0,0.0,0.0,0.0,0.0
2030-11-11 03:00:00,0.0,0.0,0.0,0.0,0.0,0.0,0.0,0.0,0.0,0.0,0.0,0.0
2030-11-11 04:00:00,0.0,0.0,0.0,0.0,0.0,0.0,0.0,0.0,0.0,0.0,0.0,0.0
2030-11-11 05:00:00,0.0,0.0,0.0,0.0,0.0,0.0,0.0,0.0,0.0,0.0,0.0,0.0
2030-11-11 06:00:00,0.0,0.0,0.0,600.0743581136128,0.0,0.0,0.0,0.0,0.0,0.0,0.0,0.0
2030-11-11 07:00:00,0.0,0.0,0.0,0.0,0.0,0.0,0.0,0.0,0.0,0.0,0.0,0.0
2030-11-11 08:00:00,0.0,0.0,0.0,0.0,0.0,0.0,0.0,0.0,0.0,0.0,0.0,0.0
2030-11-11 09:00:00,0.0,0.0,0.0,0.0,0.0,0.0,0.0,0.0,0.0,0.0,0.0,0.0
2030-11-11 10:00:00,0.0,0.0,0.0,0.0,0.0,0.0,0.0,0.0,0.0,0.0,0.0,0.0
2030-11-11 11:00:00,0.0,0.0,0.0,0.0,0.0,0.0,0.0,0.0,0.0,0.0,0.0,0.0
2030-11-11 12:00:00,0.0,0.0,0.0,0.0,0.0,0.0,0.0,0.0,0.0,0.0,0.0,0.0
2030-11-11 13:00:00,0.0,0.0,0.0,0.0,0.0,0.0,0.0,0.0,0.0,0.0,0.0,0.0
2030-11-11 14:00:00,0.0,0.0,0.0,0.0,0.0,0.0,0.0,0.0,0.0,0.0,0.0,0.0
2030-11-11 15:00:00,0.0,0.0,0.0,3199.99,0.0,0.0,0.0,0.0,0.0,0.0,0.0,0.0
2030-11-11 16:00:00,0.0,0.0,0.0,2688.0192000000015,0.0,0.0,0.0,0.0,0.0,0.0,0.0,0.0
2030-11-11 17:00:00,0.0,0.0,0.0,0.0,0.0,0.0,0.0,0.0,0.0,0.0,0.0,0.0
2030-11-11 18:00:00,0.0,0.0,0.0,0.0,0.0,0.0,0.0,0.0,0.0,0.0,0.0,0.0
2030-11-11 19:00:00,0.0,0.0,0.0,0.0,0.0,0.0,0.0,0.0,0.0,0.0,0.0,0.0
2030-11-11 20:00:00,0.0,0.0,0.0,0.0,0.0,0.0,0.0,0.0,0.0,0.0,0.0,0.0
2030-11-11 21:00:00,0.0,0.0,0.0,0.0,1611.5981622663603,0.0,0.0,0.0,0.0,0.0,0.0,0.0
2030-11-11 22:00:00,0.0,0.0,0.0,0.0,6299.6170191156925,0.0,0.0,0.0,0.0,0.0,0.0,0.0
2030-11-11 23:00:00,0.0,0.0,0.0,0.0,6309.97006759957,0.0,0.0,0.0,0.0,0.0,0.0,0.0
2030-11-12 00:00:00,0.0,0.0,0.0,0.0,8626.269621225987,0.0,0.0,0.0,0.0,0.0,0.0,0.0
2030-11-12 01:00:00,0.0,0.0,0.0,0.0,9847.0,0.0,0.0,0.0,0.0,0.0,0.0,0.0
2030-11-12 02:00:00,0.0,0.0,0.0,0.0,9690.759424612057,0.0,0.0,0.0,0.0,0.0,0.0,0.0
2030-11-12 03:00:00,0.0,0.0,0.0,0.0,6286.088561074044,0.0,0.0,0.0,0.0,0.0,0.0,0.0
2030-11-12 04:00:00,0.0,0.0,0.0,0.0,2287.643298548719,0.0,0.0,0.0,0.0,0.0,0.0,0.0
2030-11-12 05:00:00,28.401265661497312,854.8223806314927,0.0,0.0,8516.7933250012,0.0,0.0,0.0,7114.706344070835,91.6221411393436,0.0,0.0
2030-11-12 06:00:00,1297.0,1644.1,0.0,0.0,9847.0,1850.0,1950.0,0.0,6697.818468641382,274.86642341803076,0.0,0.0
2030-11-12 07:00:00,1297.0,1644.1,0.0,0.0,9847.0,1850.0,1950.0,470.0000000000005,7136.682319926327,0.0,0.0,0.0
2030-11-12 08:00:00,1297.0,1644.1,0.0,0.0,9847.0,1850.0,1950.0,394.80000000000047,6511.157190782192,0.0,0.0,0.0
2030-11-12 09:00:00,1297.0,1644.1,0.0,0.0,9847.0,0.0,518.212511586331,0.0,5741.014079316692,458.11070569671796,0.0,0.0
2030-11-12 10:00:00,1297.0,1644.1,0.0,0.0,9847.0,0.0,0.0,0.0,5845.3645491670495,0.0,0.0,0.0
2030-11-12 11:00:00,1297.0,1644.1,0.0,0.0,9847.0,0.0,0.0,0.0,5429.570354391562,0.0,0.0,0.0
2030-11-12 12:00:00,1297.0,1644.1,0.0,0.0,8518.683310135892,0.0,0.0,0.0,5201.372334835378,0.0,0.0,0.0
2030-11-12 13:00:00,1297.0,1644.1,0.0,0.0,9637.157493530438,0.0,0.0,0.0,5196.851363884442,0.0,0.0,0.0
2030-11-12 14:00:00,1297.0,1644.1,0.0,0.0,9602.030038879922,0.0,0.0,0.0,3648.272123337626,1626.9953580160445,0.0,0.0
2030-11-12 15:00:00,1297.0,1644.1,0.0,0.0,8570.55396383458,0.0,0.0,0.0,5537.167470160143,0.0,0.0,0.0
2030-11-12 16:00:00,1297.0,1644.1,1732.6212319757906,0.0,9847.0,1850.0,1950.0,0.0,5897.991094890408,0.0,0.0,0.0
2030-11-12 17:00:00,1297.0,1644.1,34.06549803989765,0.0,9847.0,1850.0,1950.0,470.0000000000005,8530.0,480.31388818885443,0.0,0.0
2030-11-12 18:00:00,1297.0,1644.1,0.0,0.0,9847.0,1850.0,1950.0,394.80000000000047,8524.474298826124,0.0,0.0,0.0
2030-11-12 19:00:00,1297.0,1644.1,0.0,0.0,9847.0,1850.0,0.0,0.0,6270.488192111061,0.0,0.0,0.0
2030-11-12 20:00:00,1297.0,1644.1,0.0,0.0,9847.0,1483.6094726184965,0.0,0.0,5960.550744830525,0.0,0.0,0.0
2030-11-12 21:00:00,1297.0,1644.1,0.0,0.0,9847.0,1850.0,419.7601134296933,0.0,5790.4593428631115,0.0,0.0,0.0
2030-11-12 22:00:00,1297.0,1644.1,0.0,0.0,9847.0,1850.0,910.1159994366681,0.0,5869.08907714099,0.0,0.0,0.0
2030-11-12 23:00:00,1297.0,1644.1,0.0,0.0,9847.0,1850.0,0.0,0.0,5744.32860803063,0.0,0.0,0.0
2030-11-13 00:00:00,1297.0,1644.1,0.0,0.0,9847.0,1850.0,1030.4257622544246,0.0,6276.069138747513,0.0,0.0,0.0
2030-11-13 01:00:00,1297.0,1644.1,0.0,0.0,9847.0,1850.0,0.0,0.0,6389.664094636087,0.0,0.0,0.0
2030-11-13 02:00:00,1297.0,1644.1,0.0,0.0,9847.0,1850.0,0.0,0.0,6398.000958777163,0.0,0.0,0.0
2030-11-13 03:00:00,1297.0,1644.1,0.0,0.0,9847.0,0.0,0.0,0.0,6724.035816746684,0.0,0.0,0.0
2030-11-13 04:00:00,1297.0,1644.1,0.0,0.0,8424.31313851745,0.0,0.0,0.0,7204.6276637343835,0.0,0.0,0.0
2030-11-13 05:00:00,1297.0,1644.1,0.0,0.0,9847.0,520.2696020408112,0.0,0.0,7283.902553520189,0.0,0.0,0.0
2030-11-13 06:00:00,1297.0,1644.1,0.0,0.0,9847.0,1850.0,1310.575546213331,325.61600000000044,7055.13988126937,0.0,0.0,0.0
2030-11-13 07:00:00,1297.0,1644.1,0.0,0.0,9847.0,1850.0,1526.1333557939724,470.0000000000005,6734.507475068396,0.0,0.0,0.0
2030-11-13 08:00:00,1297.0,1644.1,0.0,0.0,9847.0,1616.6459723947264,0.0,0.0,6201.46130586748,0.0,0.0,0.0
2030-11-13 09:00:00,1297.0,1644.1,0.0,0.0,8695.17408960611,0.0,0.0,0.0,5574.6316327502445,0.0,0.0,0.0
2030-11-13 10:00:00,1297.0,1644.1,0.0,0.0,3280.965289894928,0.0,0.0,0.0,4987.364421402239,0.0,0.0,0.0
2030-11-13 11:00:00,1297.0,1644.1,0.0,0.0,0.0,0.0,0.0,0.0,4646.871822773597,0.0,0.0,0.0
2030-11-13 12:00:00,1297.0,1644.1,0.0,0.0,0.0,0.0,0.0,0.0,4650.277995033206,0.0,0.0,0.0
2030-11-13 13:00:00,1297.0,1644.1,0.0,0.0,0.0,0.0,0.0,0.0,4659.912056224586,91.6221411393436,0.0,0.0
2030-11-13 14:00:00,1297.0,1644.1,0.0,0.0,0.0,0.0,0.0,0.0,2938.013916220052,2070.0,0.0,0.0
2030-11-13 15:00:00,1297.0,1644.1,0.0,0.0,4289.132518386333,0.0,0.0,0.0,5470.445592963974,0.0,0.0,0.0
2030-11-13 16:00:00,1297.0,1644.1,3965.3958721499366,0.0,9847.0,0.0,1025.4936698661477,0.0,5980.31059335931,0.0,0.0,0.0
2030-11-13 17:00:00,1297.0,1644.1,4486.471286176835,0.0,9847.0,1850.0,1950.0,470.0000000000005,6493.739304866959,0.0,0.0,0.0
2030-11-13 18:00:00,1297.0,1644.1,375.9485784371136,0.0,9847.0,0.0,1950.0,394.80000000000047,6764.759367592811,0.0,0.0,0.0
2030-11-13 19:00:00,1297.0,1644.1,0.0,0.0,9847.0,0.0,0.0,0.0,6363.3269874458465,0.0,0.0,0.0
2030-11-13 20:00:00,1297.0,1644.1,0.0,0.0,9847.0,0.0,0.0,0.0,6054.466294792957,0.0,0.0,0.0
2030-11-13 21:00:00,1297.0,1644.1,0.0,0.0,9847.0,60.55998973490932,0.0,0.0,5893.479429525139,0.0,0.0,0.0
2030-11-13 22:00:00,1297.0,1644.1,3036.9754533265404,0.0,9847.0,375.0423173196832,1950.0,0.0,5979.137498024101,0.0,0.0,0.0
2030-11-13 23:00:00,1297.0,1644.1,0.0,0.0,9847.0,0.0,559.0162358946618,0.0,5853.1108642576055,0.0,0.0,0.0
2030-11-14 00:00:00,1297.0,1644.1,0.0,0.0,9847.0,1003.9442602681374,1950.0,256.4320000000004,6531.330898393603,0.0,0.0,0.0
2030-11-14 01:00:00,1297.0,1644.1,0.0,0.0,9847.0,1399.3858789245496,0.0,0.0,6659.270485402421,0.0,0.0,0.0
2030-11-14 02:00:00,1297.0,1644.1,0.0,0.0,9847.0,791.5213484562191,0.0,470.0000000000005,6687.482734679044,0.0,0.0,0.0
2030-11-14 03:00:00,1297.0,1644.1,0.0,0.0,9847.0,0.0,0.0,0.0,7045.081468970891,0.0,0.0,0.0
2030-11-14 04:00:00,1297.0,1644.1,0.0,0.0,7985.048958491694,0.0,0.0,0.0,7521.767722581231,0.0,0.0,0.0
2030-11-14 05:00:00,1297.0,1644.1,0.0,0.0,9847.0,349.53161564355105,0.0,0.0,7565.4674077851305,0.0,0.0,0.0
2030-11-14 06:00:00,1297.0,1644.1,0.0,0.0,9847.0,1850.0,1950.0,470.0000000000005,7314.43561414742,0.0,0.0,0.0
2030-11-14 07:00:00,1297.0,1644.1,0.0,0.0,9847.0,1850.0,1950.0,394.80000000000047,8510.008605902405,0.0,0.0,0.0
2030-11-14 08:00:00,1297.0,1644.1,0.0,0.0,9847.0,1850.0,0.0,0.0,4655.597436905588,1278.8973931647024,0.0,0.0
2030-11-14 09:00:00,1297.0,1644.1,0.0,0.0,9847.0,0.0,0.0,0.0,4828.71500202121,0.0,0.0,0.0
2030-11-14 10:00:00,1297.0,1644.1,0.0,0.0,6586.6701984968095,0.0,0.0,0.0,3887.1333256782655,0.0,0.0,0.0
2030-11-14 11:00:00,1297.0,1644.1,0.0,0.0,3235.704280115453,0.0,0.0,0.0,2755.739131245691,0.0,0.0,0.0
2030-11-14 12:00:00,1297.0,1644.1,0.0,0.0,1871.2365475385013,0.0,0.0,0.0,2296.776084354185,0.0,0.0,0.0
2030-11-14 13:00:00,1297.0,1644.1,0.0,0.0,4.999109005209334,0.0,0.0,0.0,2559.3113259235806,0.0,0.0,0.0
2030-11-14 14:00:00,1297.0,1644.1,0.0,0.0,3376.652311730657,0.0,0.0,0.0,3292.8392825509727,0.0,0.0,0.0
2030-11-14 15:00:00,1297.0,1644.1,0.0,0.0,9847.0,0.0,0.0,0.0,4638.575952890857,0.0,0.0,0.0
2030-11-14 16:00:00,1297.0,1644.1,516.1410591649183,0.0,9847.0,1850.0,1950.0,0.0,6362.630032493523,0.0,0.0,0.0
2030-11-14 17:00:00,1297.0,1644.1,0.0,0.0,9847.0,1850.0,1950.0,470.0000000000005,8530.0,1232.209663802481,0.0,0.0
2030-11-14 18:00:00,1297.0,1644.1,0.0,0.0,9847.0,1850.0,1950.0,394.80000000000047,8068.667113044343,0.0,0.0,0.0
2030-11-14 19:00:00,1297.0,1644.1,0.0,0.0,9847.0,1850.0,888.4475590584843,0.0,6581.069984654601,0.0,0.0,0.0
2030-11-14 20:00:00,1297.0,1644.1,0.0,0.0,9847.0,0.0,0.0,0.0,6267.117722901212,0.0,0.0,0.0
2030-11-14 21:00:00,1297.0,1644.1,0.0,0.0,9847.0,1850.0,0.0,233.45956281587792,6100.028450899097,0.0,0.0,0.0
2030-11-14 22:00:00,1297.0,1644.1,0.0,0.0,9847.0,1850.0,0.0,0.0,6200.361002035747,0.0,0.0,0.0
2030-11-14 23:00:00,1297.0,1644.1,0.0,0.0,9847.0,1681.6781654967199,0.0,0.0,6086.221293118936,0.0,0.0,0.0
2030-11-15 00:00:00,1297.0,1644.1,0.0,0.0,9847.0,1850.0,1762.29593488769,0.0,6920.349777307252,0.0,0.0,0.0
2030-11-15 01:00:00,1297.0,1644.1,0.0,0.0,9847.0,1850.0,199.25650605382543,0.0,7058.820529412822,0.0,0.0,0.0
2030-11-15 02:00:00,1297.0,1644.1,0.0,0.0,9847.0,1608.7951442436606,0.0,0.0,7087.589693983904,0.0,0.0,0.0
2030-11-15 03:00:00,1297.0,1644.1,0.0,0.0,9847.0,0.0,0.0,0.0,7394.880740172595,0.0,0.0,0.0
2030-11-15 04:00:00,1297.0,1644.1,0.0,0.0,7447.744872641721,0.0,0.0,0.0,7813.584344089311,0.0,0.0,0.0
2030-11-15 05:00:00,1297.0,1644.1,0.0,0.0,9847.0,0.0,0.0,0.0,7839.571058549665,0.0,0.0,0.0
2030-11-15 06:00:00,1297.0,1644.1,0.0,0.0,9847.0,1850.0,1535.6646594682306,394.80000000000047,7572.627006662398,0.0,0.0,0.0
2030-11-15 07:00:00,1297.0,1644.1,0.0,0.0,9847.0,1850.0,1950.0,470.0000000000005,6814.018623304777,0.0,0.0,0.0
2030-11-15 08:00:00,1297.0,1644.1,0.0,0.0,9847.0,996.1999372136925,0.0,0.0,5171.873023116885,0.0,0.0,0.0
2030-11-15 09:00:00,1297.0,1644.1,0.0,0.0,8490.94405477462,0.0,0.0,0.0,3442.693649337184,0.0,0.0,0.0
2030-11-15 10:00:00,1297.0,1644.1,0.0,0.0,4352.161231526085,0.0,0.0,0.0,2153.7062749795696,0.0,0.0,0.0
2030-11-15 11:00:00,1297.0,1644.1,0.0,0.0,1915.234393625571,0.0,0.0,0.0,1221.6303413411856,0.0,0.0,0.0
2030-11-15 12:00:00,1297.0,1644.1,0.0,0.0,0.0,0.0,0.0,0.0,901.8629597406916,0.0,0.0,0.0
2030-11-15 13:00:00,1297.0,1644.1,0.0,0.0,0.0,0.0,0.0,0.0,1403.5340921284119,0.0,0.0,0.0
2030-11-15 14:00:00,1297.0,1644.1,0.0,0.0,2556.9423113878656,0.0,0.0,0.0,2601.438868482058,0.0,0.0,0.0
2030-11-15 15:00:00,1297.0,1644.1,7381.64,3199.99,8501.346432460356,0.0,0.0,0.0,4438.300599129423,0.0,0.0,0.0
2030-11-15 16:00:00,1297.0,1644.1,7381.64,0.0,9847.0,1850.0,0.0,0.0,8530.0,1851.7253511058007,0.0,0.0
2030-11-15 17:00:00,1297.0,1644.1,7381.64,2688.0192000000015,9847.0,1850.0,1950.0,470.0000000000005,8530.0,2070.0,513.8007276756402,561.2
2030-11-15 18:00:00,1297.0,1644.1,7381.64,0.0,9847.0,1850.0,1600.511726958459,0.0,8530.0,2070.0,1379.4137321922858,0.0
2030-11-15 19:00:00,1297.0,1644.1,5545.312312145747,0.0,9847.0,1850.0,0.0,0.0,8530.0,708.6563596571841,0.0,0.0
2030-11-15 20:00:00,1297.0,1644.1,7381.64,0.0,9847.0,1850.0,0.0,0.0,7074.466410037889,0.0,0.0,0.0
2030-11-15 21:00:00,1297.0,1644.1,0.0,0.0,9847.0,1850.0,0.0,0.0,8530.0,1814.3592998437998,0.0,0.0
2030-11-15 22:00:00,1297.0,1644.1,0.0,0.0,9847.0,1850.0,1238.0352292477764,0.0,8530.0,2070.0,618.0426438726113,0.0
2030-11-15 23:00:00,1297.0,1644.1,0.0,0.0,9847.0,1850.0,72.44442827136663,0.0,8530.0,2070.0,507.6852423841324,0.0
2030-11-16 00:00:00,1297.0,1644.1,0.0,0.0,9847.0,1850.0,1950.0,394.80000000000047,8530.0,2070.0,1123.5533988652473,0.0
2030-11-16 01:00:00,1297.0,1644.1,0.0,0.0,9847.0,1850.0,1074.6908255624076,0.0,8530.0,2070.0,1264.191024930852,0.0
2030-11-16 02:00:00,1297.0,1644.1,0.0,0.0,9847.0,1850.0,746.9167136996693,0.0,8530.0,2070.0,1293.493722629586,0.0
2030-11-16 03:00:00,1297.0,1644.1,2593.9946048749844,0.0,9847.0,1850.0,0.0,0.0,8530.0,574.3766723169838,0.0,0.0
2030-11-16 04:00:00,1297.0,1644.1,7381.64,1364.6533195969823,9847.0,1850.0,0.0,0.0,7915.214189052451,0.0,0.0,0.0
2030-11-16 05:00:00,1297.0,1644.1,7381.64,3199.99,9847.0,1850.0,0.0,0.0,8530.0,2070.0,952.8520920925052,0.0
2030-11-16 06:00:00,1297.0,1644.1,7381.64,0.0,9847.0,1850.0,0.0,397.80800000000045,8530.0,2070.0,1779.0170772754805,0.0
2030-11-16 07:00:00,1297.0,1644.1,7381.64,0.0,9847.0,1850.0,1543.356076260322,0.0,8530.0,2070.0,1265.0834738332387,0.0
2030-11-16 08:00:00,1297.0,1644.1,7381.64,0.0,9847.0,1850.0,0.0,0.0,8530.0,1988.1410907706986,0.0,0.0
2030-11-16 09:00:00,1297.0,1644.1,7381.64,1323.3658804030192,9847.0,1850.0,0.0,0.0,5296.263813806522,0.0,0.0,0.0
2030-11-16 10:00:00,1297.0,1644.1,4424.8722889317005,0.0,9847.0,1850.0,0.0,0.0,3141.249677637049,0.0,0.0,0.0
2030-11-16 11:00:00,1297.0,1644.1,0.0,0.0,9847.0,0.0,0.0,0.0,2166.505859219563,0.0,0.0,0.0
2030-11-16 12:00:00,1297.0,1644.1,1855.7863194654492,0.0,9777.681702140006,0.0,0.0,0.0,1910.433598764068,0.0,0.0,0.0
2030-11-16 13:00:00,1297.0,1644.1,7069.648001249698,0.0,9235.999214308264,0.0,0.0,0.0,2441.3647169533183,0.0,0.0,0.0
2030-11-16 14:00:00,1297.0,1644.1,7381.64,2688.0192000000015,9847.0,0.0,0.0,0.0,3573.2205001493494,0.0,0.0,0.0
2030-11-16 15:00:00,1297.0,1644.1,7381.64,3199.99,9847.0,1850.0,0.0,0.0,5058.011457605843,0.0,0.0,0.0
2030-11-16 16:00:00,1297.0,1644.1,7381.64,0.0,9847.0,1850.0,1950.0,0.0,8530.0,2070.0,642.4915032118415,0.0
2030-11-16 17:00:00,1297.0,1644.1,7381.64,0.0,9847.0,1850.0,1950.0,470.0000000000005,8530.0,2070.0,1236.7770261037485,0.0
2030-11-16 18:00:00,1297.0,1644.1,7381.64,0.0,9847.0,1850.0,1950.0,394.80000000000047,8530.0,2070.0,1546.3144679616485,0.0
2030-11-16 19:00:00,1297.0,1644.1,7381.64,0.0,9847.0,1850.0,0.0,0.0,8530.0,2070.0,729.7373881270396,0.0
2030-11-16 20:00:00,1297.0,1644.1,7381.64,0.0,9847.0,1850.0,0.0,0.0,8530.0,526.1621277720433,0.0,0.0
2030-11-16 21:00:00,1297.0,1644.1,7381.64,0.0,9847.0,1850.0,899.9999999999998,0.0,8530.0,2070.0,426.60251268706577,0.0
2030-11-16 22:00:00,1297.0,1644.1,7381.64,0.0,9847.0,1850.0,1950.0,0.0,8530.0,2070.0,751.843306739574,0.0
2030-11-16 23:00:00,1297.0,1644.1,7381.64,0.0,9847.0,1850.0,0.0,0.0,6916.396650959495,0.0,0.0,0.0
2030-11-17 00:00:00,1297.0,1644.1,7381.64,0.0,9847.0,1850.0,0.0,0.0,7919.952881388521,0.0,0.0,0.0
2030-11-17 01:00:00,1297.0,1644.1,7381.64,0.0,9847.0,1850.0,0.0,0.0,6979.056636518475,0.0,0.0,0.0
2030-11-17 02:00:00,1297.0,1644.1,7381.64,0.0,9847.0,1285.808459881191,0.0,0.0,6918.434753053789,0.0,0.0,0.0
2030-11-17 03:00:00,1297.0,1644.1,7381.64,0.0,9847.0,0.0,0.0,0.0,6691.0349139519185,0.0,0.0,0.0
2030-11-17 04:00:00,1297.0,1644.1,7381.64,0.0,8612.393677842236,0.0,0.0,0.0,6455.49170163761,0.0,0.0,0.0
2030-11-17 05:00:00,1297.0,1644.1,7381.64,345.02769158063165,9847.0,0.0,0.0,0.0,6173.1202091112345,0.0,0.0,0.0
2030-11-17 06:00:00,1297.0,1644.1,7381.64,0.0,9847.0,0.0,845.1267942933118,0.0,6053.540780300188,0.0,0.0,0.0
2030-11-17 07:00:00,1297.0,1644.1,7381.64,151.94387422188095,9847.0,0.0,1286.604831608849,470.0000000000005,5931.924202695113,0.0,0.0,0.0
2030-11-17 08:00:00,1297.0,1644.1,6729.219528489084,0.0,9847.0,0.0,0.0,394.80000000000047,4143.1741303170475,0.0,0.0,0.0
2030-11-17 09:00:00,1297.0,1644.1,0.0,0.0,5337.293613929112,0.0,0.0,0.0,2363.6526375100652,0.0,0.0,0.0
2030-11-17 10:00:00,1297.0,1644.1,0.0,0.0,1185.7666810335359,0.0,0.0,0.0,968.9470846842278,0.0,0.0,0.0
2030-11-17 11:00:00,1297.0,1644.1,0.0,0.0,0.0,0.0,0.0,0.0,0.0,0.0,0.0,0.0
2030-11-17 12:00:00,1297.0,1644.1,0.0,0.0,0.0,0.0,0.0,0.0,0.0,0.0,0.0,0.0
2030-11-17 13:00:00,1297.0,1644.1,0.0,0.0,0.0,0.0,0.0,0.0,548.2111548760186,0.0,0.0,0.0
2030-11-17 14:00:00,1297.0,1644.1,0.0,0.0,0.0,0.0,0.0,0.0,1926.760066392943,0.0,0.0,0.0
2030-11-17 15:00:00,1297.0,1644.1,7381.64,0.0,0.0,0.0,0.0,0.0,3979.305500583413,0.0,0.0,0.0
2030-11-17 16:00:00,1297.0,1644.1,7381.64,2688.0192000000015,7833.133925993374,0.0,0.0,0.0,6180.752184539328,0.0,0.0,0.0
2030-11-17 17:00:00,1297.0,1644.1,7381.64,3199.99,9297.091260357687,0.0,0.0,0.0,6967.939654344251,0.0,0.0,0.0
2030-11-17 18:00:00,1297.0,1644.1,7381.64,0.0,6235.699168366453,0.0,0.0,0.0,7306.471522759359,0.0,0.0,0.0
2030-11-17 19:00:00,1297.0,1644.1,6730.716501854622,0.0,1909.9470088755916,0.0,0.0,397.80800000000045,6852.2208494431525,0.0,0.0,0.0
2030-11-17 20:00:00,1297.0,1644.1,2366.4342202279004,0.0,0.0,0.0,0.0,0.0,6523.2577926820695,0.0,0.0,0.0
2030-11-17 21:00:00,1297.0,1644.1,0.0,0.0,1494.3089356860582,0.0,0.0,0.0,6533.7569624667485,0.0,0.0,0.0
2030-11-17 22:00:00,1297.0,1644.1,0.0,0.0,2051.046378850515,0.0,0.0,0.0,6610.929210480619,0.0,0.0,0.0
2030-11-17 23:00:00,1297.0,1644.1,0.0,0.0,192.78335123507713,0.0,0.0,470.0000000000005,6469.390188238509,0.0,0.0,0.0
2030-11-18 00:00:00,1297.0,1644.1,0.0,0.0,998.2006270409765,0.0,0.0,394.80000000000047,6696.167616562532,0.0,0.0,0.0
2030-11-18 01:00:00,1297.0,1644.1,7381.64,0.0,0.0,0.0,0.0,0.0,6789.86629356208,0.0,0.0,0.0
2030-11-18 02:00:00,1297.0,1644.1,0.0,0.0,0.0,0.0,0.0,0.0,6757.467789564576,0.0,0.0,0.0
2030-11-18 03:00:00,1297.0,1644.1,0.0,0.0,0.0,0.0,0.0,0.0,6947.03012184866,0.0,0.0,0.0
2030-11-18 04:00:00,1297.0,1644.1,0.0,0.0,0.0,0.0,0.0,0.0,7053.778704571863,0.0,0.0,0.0
2030-11-18 05:00:00,1297.0,1644.1,0.0,0.0,0.0,0.0,0.0,0.0,6635.327007164433,0.0,0.0,0.0
2030-11-18 06:00:00,1297.0,1644.1,0.0,0.0,0.0,0.0,0.0,0.0,6016.157855877598,0.0,0.0,0.0
2030-11-18 07:00:00,1297.0,1644.1,0.0,0.0,0.0,0.0,0.0,0.0,5400.637890836367,0.0,0.0,175.0047566668632
2030-11-18 08:00:00,355.34154931372905,1644.1,0.0,0.0,0.0,0.0,0.0,0.0,3597.784344060503,0.0,0.0,0.0
2030-11-18 09:00:00,0.0,0.0,0.0,0.0,0.0,0.0,0.0,0.0,0.0,0.0,0.0,0.0
2030-11-18 10:00:00,0.0,0.0,0.0,0.0,0.0,0.0,0.0,0.0,0.0,0.0,0.0,0.0
2030-11-18 11:00:00,0.0,0.0,0.0,0.0,0.0,0.0,0.0,0.0,0.0,0.0,0.0,0.0
2030-11-18 12:00:00,0.0,0.0,0.0,0.0,0.0,0.0,0.0,0.0,0.0,0.0,0.0,0.0
2030-11-18 13:00:00,0.0,0.0,0.0,0.0,0.0,0.0,0.0,0.0,0.0,0.0,0.0,0.0
2030-11-18 14:00:00,1297.0,1644.1,0.0,0.0,0.0,0.0,0.0,0.0,1542.4765603342867,0.0,0.0,0.0
2030-11-18 15:00:00,1297.0,1644.1,0.0,0.0,0.0,0.0,0.0,0.0,3595.653595634605,0.0,0.0,0.0
2030-11-18 16:00:00,1297.0,1644.1,0.0,0.0,3912.4199071841867,0.0,0.0,0.0,5540.1001279401635,0.0,0.0,0.0
2030-11-18 17:00:00,1297.0,1644.1,0.0,0.0,6935.092321392294,0.0,0.0,0.0,6338.706242141129,0.0,0.0,0.0
2030-11-18 18:00:00,1297.0,1644.1,0.0,0.0,5810.893334816428,0.0,0.0,0.0,6887.539771867943,0.0,0.0,0.0
2030-11-18 19:00:00,1297.0,1644.1,0.0,0.0,3407.827605621169,0.0,0.0,0.0,6618.720499356006,0.0,0.0,0.0
2030-11-18 20:00:00,1297.0,1644.1,0.0,0.0,1224.1053127876366,0.0,0.0,0.0,6416.652461590493,0.0,0.0,0.0
2030-11-18 21:00:00,1297.0,1644.1,0.0,0.0,4065.4599389648065,0.0,0.0,0.0,6270.703113169974,0.0,0.0,0.0
2030-11-18 22:00:00,1297.0,1644.1,0.0,0.0,5654.940480577294,0.0,0.0,0.0,6360.1149590070045,0.0,0.0,0.0
2030-11-18 23:00:00,1297.0,1644.1,0.0,0.0,9323.731350939008,0.0,0.0,0.0,6256.924563385497,0.0,0.0,0.0
2030-11-19 00:00:00,1297.0,1644.1,0.0,0.0,9847.0,0.0,1606.8981359582394,470.0000000000005,7223.21574731663,0.0,0.0,0.0
2030-11-19 01:00:00,1297.0,1644.1,0.0,0.0,9847.0,0.0,0.0,12.819796151903574,7360.164823008332,0.0,0.0,0.0
2030-11-19 02:00:00,0.0,1644.1,0.0,0.0,9847.0,0.0,0.0,0.0,7396.8684576583455,0.0,0.0,0.0
2030-11-19 03:00:00,0.0,1644.1,0.0,0.0,8882.579552069568,0.0,0.0,0.0,7667.710903298805,0.0,0.0,0.0
2030-11-19 04:00:00,0.0,1644.1,0.0,0.0,3389.445210339228,0.0,0.0,0.0,8050.963220016907,0.0,0.0,0.0
2030-11-19 05:00:00,1027.3158026313736,1644.1,4692.109694504312,0.0,9847.0,0.0,0.0,0.0,8070.252955279146,0.0,0.0,0.0
2030-11-19 06:00:00,1297.0,1644.1,7381.64,2512.42601685151,9847.0,1850.0,1950.0,394.80000000000047,7816.945358626917,0.0,0.0,0.0
2030-11-19 07:00:00,1297.0,1644.1,7381.64,2052.7386266350304,9847.0,1850.0,1950.0,470.0000000000005,7982.2240462717255,0.0,0.0,0.0
2030-11-19 08:00:00,1297.0,1644.1,7381.64,1322.8445565134607,9847.0,1850.0,1950.0,0.0,5900.149425966771,0.0,0.0,0.0
2030-11-19 09:00:00,0.0,1644.1,5149.371211186532,0.0,9847.0,1850.0,815.3338384596982,0.0,4501.042702490973,0.0,0.0,0.0
2030-11-19 10:00:00,0.0,1644.1,7381.64,0.0,9847.0,1633.6096748175855,0.0,0.0,3384.822254982714,0.0,0.0,0.0
2030-11-19 11:00:00,0.0,1644.1,6185.7205588764045,0.0,9847.0,1594.6791419978981,0.0,0.0,2553.787785238532,0.0,0.0,0.0
2030-11-19 12:00:00,0.0,1644.1,5575.2968204730205,0.0,9847.0,0.0,0.0,0.0,2341.2449529153946,0.0,0.0,0.0
2030-11-19 13:00:00,0.0,1644.1,5443.007179932845,0.0,9847.0,1177.3933361346135,0.0,0.0,2545.184411672717,0.0,0.0,0.0
2030-11-19 14:00:00,1297.0,1644.1,7381.64,1634.1019669809466,9847.0,1850.0,0.0,0.0,1453.6404435298718,2070.0,0.0,0.0
2030-11-19 15:00:00,1297.0,1644.1,7381.64,3199.99,9847.0,1850.0,0.0,0.0,3021.1634437819203,2070.0,0.0,0.0
2030-11-19 16:00:00,1297.0,1644.1,7381.64,1053.917233019055,9847.0,1850.0,1058.3765383080827,0.0,8530.0,2070.0,809.8482791537585,0.0
2030-11-19 17:00:00,1297.0,1644.1,7381.64,0.0,9847.0,1850.0,1950.0,470.0000000000005,8530.0,2070.0,1365.1996992264594,0.0
2030-11-19 18:00:00,1297.0,1644.1,7381.64,0.0,9847.0,1850.0,1950.0,394.80000000000047,8530.0,2070.0,1652.6675693348334,0.0
2030-11-19 19:00:00,1297.0,1644.1,7381.64,0.0,9847.0,1850.0,0.0,0.0,8490.957650090211,2070.0,0.0,0.0
2030-11-19 20:00:00,1297.0,1644.1,7381.64,0.0,9847.0,1850.0,0.0,0.0,7809.788113177277,0.0,0.0,0.0
2030-11-19 21:00:00,1297.0,1644.1,7381.64,0.0,9847.0,1850.0,0.0,0.0,8530.0,2070.0,98.10517517976359,0.0
2030-11-19 22:00:00,1297.0,1644.1,7381.64,0.0,9847.0,1850.0,184.027891455371,0.0,8530.0,2070.0,950.5336562207785,0.0
2030-11-19 23:00:00,1297.0,1644.1,7381.64,0.0,9847.0,1850.0,0.0,0.0,8530.0,2070.0,0.0,13.20110371596411
2030-11-20 00:00:00,1297.0,1644.1,7381.64,0.0,9847.0,1850.0,1258.193068917455,0.0,8530.0,2070.0,1014.9093607966222,547.9988962840359
2030-11-20 01:00:00,1297.0,1644.1,7381.64,0.0,9847.0,1850.0,619.2256337355902,0.0,8530.0,2070.0,0.0,0.0
2030-11-20 02:00:00,1297.0,1644.1,7381.64,0.0,9847.0,1850.0,0.0,0.0,8530.0,2070.0,10.003417855350563,0.0
2030-11-20 03:00:00,1297.0,1644.1,7381.64,0.0,9847.0,1850.0,0.0,0.0,7922.567267013219,0.0,0.0,0.0
2030-11-20 04:00:00,1297.0,1644.1,7381.64,62.49224127901107,9847.0,843.8198924853641,0.0,0.0,6256.278398586182,2070.0,0.0,0.0
2030-11-20 05:00:00,1297.0,1644.1,7381.64,3199.99,9847.0,1850.0,0.0,0.0,6421.482341098457,2070.0,0.0,0.0
2030-11-20 06:00:00,1297.0,1644.1,7381.64,2625.5269587209905,9847.0,1850.0,1664.57637390811,325.61600000000044,8530.0,2070.0,1599.983156731596,0.0
2030-11-20 07:00:00,1297.0,1644.1,7381.64,0.0,9847.0,1850.0,1950.0,470.0000000000005,8530.0,2070.0,1819.9099437207578,0.0
2030-11-20 08:00:00,1297.0,1644.1,7381.64,0.0,9847.0,1850.0,0.0,0.0,8530.0,1995.46568392677,0.0,0.0
2030-11-20 09:00:00,0.0,1644.1,1152.7511246079594,0.0,9847.0,1850.0,0.0,0.0,4306.829912759834,0.0,0.0,0.0
2030-11-20 10:00:00,0.0,1644.1,0.0,0.0,9847.0,817.1218502835472,0.0,0.0,2910.6855793615023,0.0,0.0,0.0
2030-11-20 11:00:00,0.0,1644.1,0.0,0.0,9847.0,0.0,0.0,0.0,2002.3884511532333,0.0,0.0,0.0
2030-11-20 12:00:00,0.0,1644.1,0.0,0.0,8412.821399823762,0.0,0.0,0.0,1726.4458956343396,0.0,0.0,0.0
2030-11-20 13:00:00,0.0,1644.1,0.0,0.0,8387.170891719172,0.0,0.0,0.0,2008.6453531578709,0.0,0.0,0.0
2030-11-20 14:00:00,0.0,1644.1,0.0,0.0,9537.006072253716,0.0,0.0,0.0,3186.210757597052,0.0,0.0,0.0
2030-11-20 15:00:00,0.0,1644.1,3916.748585077825,0.0,9847.0,1850.0,0.0,0.0,5012.06943577994,0.0,0.0,0.0
2030-11-20 16:00:00,0.0,1644.1,2625.077541268489,0.0,9847.0,1850.0,1950.0,394.80000000000047,8128.330489150163,0.0,0.0,0.0
2030-11-20 17:00:00,0.0,1644.1,0.0,0.0,9847.0,1850.0,1950.0,470.0000000000005,8530.0,2070.0,558.6939110867347,0.0
2030-11-20 18:00:00,0.0,1644.1,0.0,0.0,9847.0,1850.0,1950.0,0.0,8530.0,1573.7476559083952,0.0,0.0
2030-11-20 19:00:00,0.0,1644.1,0.0,0.0,9847.0,1850.0,4.11391021189047,0.0,7421.951092205543,0.0,0.0,0.0
2030-11-20 20:00:00,0.0,1644.1,0.0,0.0,9847.0,1850.0,0.0,0.0,7113.932190879785,0.0,0.0,0.0
2030-11-20 21:00:00,0.0,1644.1,0.0,0.0,9847.0,1850.0,200.70606571694952,397.80800000000045,6986.357701954661,0.0,0.0,0.0
2030-11-20 22:00:00,0.0,1644.1,0.0,0.0,9847.0,1850.0,1548.075762151937,0.0,7077.820010599522,0.0,0.0,0.0
2030-11-20 23:00:00,0.0,1644.1,0.0,0.0,9847.0,1850.0,0.0,0.0,6975.3105269466105,0.0,0.0,0.0
2030-11-21 00:00:00,0.0,1644.1,0.0,0.0,9847.0,1850.0,1301.6727438290927,175.57191595103902,7463.747776337899,0.0,0.0,0.0
2030-11-21 01:00:00,0.0,1644.1,0.0,0.0,9847.0,1850.0,0.0,0.0,7610.885138238671,0.0,0.0,0.0
2030-11-21 02:00:00,0.0,1644.1,0.0,0.0,9847.0,1850.0,0.0,0.0,7670.121541379211,0.0,0.0,0.0
2030-11-21 03:00:00,0.0,1644.1,0.0,0.0,9847.0,0.0,0.0,0.0,7972.295920250675,0.0,0.0,0.0
2030-11-21 04:00:00,0.0,1644.1,0.0,0.0,6875.955273839718,0.0,0.0,0.0,8394.640594261344,0.0,0.0,0.0
2030-11-21 05:00:00,0.0,1644.1,0.0,0.0,9847.0,31.79902531534026,0.0,0.0,8404.408130096132,0.0,0.0,0.0
2030-11-21 06:00:00,0.0,1644.1,2873.9278066570114,0.0,9847.0,1850.0,1950.0,394.80000000000047,8104.182499979088,0.0,0.0,0.0
2030-11-21 07:00:00,0.0,1644.1,6302.347626042596,0.0,9847.0,1850.0,1950.0,470.0000000000005,7711.064630698849,0.0,0.0,0.0
2030-11-21 08:00:00,0.0,1644.1,156.0416045201855,0.0,9847.0,1268.4418172740407,0.0,0.0,5614.96513001307,0.0,0.0,0.0
2030-11-21 09:00:00,0.0,1644.1,0.0,0.0,9242.512194418508,0.0,0.0,0.0,3668.6449237516053,0.0,0.0,0.0
2030-11-21 10:00:00,0.0,1644.1,0.0,0.0,7065.914993825354,0.0,0.0,0.0,2125.1287864672095,0.0,0.0,0.0
2030-11-21 11:00:00,0.0,1644.1,0.0,0.0,3806.9354323201333,0.0,0.0,0.0,1108.7572573288599,0.0,0.0,0.0
2030-11-21 12:00:00,0.0,1644.1,0.0,0.0,1422.250338904967,0.0,0.0,0.0,939.1246072734716,0.0,0.0,0.0
2030-11-21 13:00:00,0.0,1644.1,0.0,0.0,0.0,0.0,0.0,0.0,1547.7908580440062,0.0,0.0,0.0
2030-11-21 14:00:00,0.0,1644.1,0.0,0.0,1718.1373651985195,0.0,0.0,0.0,2892.8364581386068,0.0,0.0,0.0
2030-11-21 15:00:00,0.0,1644.1,6374.898229857179,0.0,9359.431950504888,0.0,0.0,0.0,4826.346282565605,0.0,0.0,0.0
2030-11-21 16:00:00,1297.0,1644.1,7381.64,1145.395396247026,9847.0,1850.0,1950.0,394.80000000000047,6801.552972038435,0.0,0.0,0.0
2030-11-21 17:00:00,0.0,1644.1,6355.073794697295,0.0,9847.0,1850.0,1950.0,470.0000000000005,7841.167206958058,0.0,0.0,0.0
2030-11-21 18:00:00,51.30082135084587,1644.1,905.8073720707325,0.0,9847.0,1850.0,1950.0,0.0,7701.7572108167915,0.0,0.0,0.0
2030-11-21 19:00:00,25.650410675422936,1644.1,0.0,0.0,9847.0,0.0,0.0,0.0,7282.628033139714,0.0,0.0,0.0
2030-11-21 20:00:00,25.650410675422936,1644.1,0.0,0.0,6566.1256284136325,0.0,0.0,0.0,6966.817483820614,0.0,0.0,0.0
2030-11-21 21:00:00,0.0,1644.1,0.0,0.0,9257.777815681126,0.0,0.0,0.0,6854.937809785983,0.0,0.0,0.0
2030-11-21 22:00:00,51.30082135084587,1644.1,0.0,0.0,9847.0,0.0,299.0455379720006,470.0000000000005,6948.791974351407,0.0,0.0,0.0
2030-11-21 23:00:00,25.650410675422936,432.1515103405751,0.0,0.0,7652.875593568257,0.0,0.0,0.0,6848.013919874829,0.0,0.0,0.0
2030-11-22 00:00:00,25.650410675422936,0.0,0.0,0.0,8883.85993843709,0.0,0.0,0.0,7020.466850562403,0.0,0.0,0.0
2030-11-22 01:00:00,25.650410675422936,0.0,0.0,0.0,5811.515180475515,0.0,0.0,0.0,7158.160665032732,0.0,0.0,0.0
2030-11-22 02:00:00,0.0,138.24447915539722,0.0,0.0,3974.649855845375,0.0,0.0,0.0,7199.633619152084,0.0,0.0,0.0
2030-11-22 03:00:00,51.30082135084587,46.08149305179908,0.0,0.0,0.0,0.0,0.0,0.0,7569.090019543513,0.0,0.0,0.0
2030-11-22 04:00:00,25.650410675422936,46.08149305179908,0.0,0.0,0.0,0.0,0.0,0.0,8079.439186423131,0.0,0.0,0.0
2030-11-22 05:00:00,0.0,46.08149305179908,0.0,0.0,0.0,0.0,0.0,0.0,8128.468483024009,0.0,0.0,0.0
2030-11-22 06:00:00,51.30082135084587,46.08149305179908,0.0,0.0,5063.435467594827,0.0,0.0,0.0,7813.358156407137,0.0,0.0,0.0
2030-11-22 07:00:00,0.0,46.08149305179908,0.0,0.0,7232.581993807573,0.0,0.0,0.0,7463.754754149582,0.0,0.0,0.0
2030-11-22 08:00:00,51.30082135084587,46.08149305179908,0.0,0.0,4477.817606908058,0.0,0.0,0.0,5535.977474834883,0.0,0.0,0.0
2030-11-22 09:00:00,0.0,0.0,0.0,0.0,238.23054021447751,0.0,0.0,0.0,3777.041941757426,0.0,0.0,0.0
2030-11-22 10:00:00,0.0,0.0,0.0,0.0,481.5476023465744,0.0,0.0,0.0,293.75952991659915,0.0,0.0,0.0
2030-11-22 11:00:00,0.0,0.0,0.0,0.0,0.0,0.0,0.0,0.0,0.0,0.0,0.0,0.0
2030-11-22 12:00:00,0.0,0.0,0.0,0.0,0.0,0.0,0.0,0.0,0.0,0.0,0.0,0.0
2030-11-22 13:00:00,0.0,0.0,0.0,0.0,0.0,0.0,0.0,0.0,0.0,0.0,0.0,0.0
2030-11-22 14:00:00,0.0,0.0,0.0,0.0,0.0,0.0,0.0,0.0,0.0,0.0,0.0,0.0
2030-11-22 15:00:00,0.0,0.0,0.0,0.0,1250.4997275986389,0.0,0.0,0.0,0.0,0.0,0.0,0.0
2030-11-22 16:00:00,0.0,0.0,0.0,0.0,9847.0,167.51247809496272,0.0,0.0,0.0,0.0,0.0,0.0
2030-11-22 17:00:00,0.0,0.0,0.0,0.0,9847.0,1850.0,1950.0,470.0000000000005,0.0,0.0,0.0,0.0
2030-11-22 18:00:00,0.0,0.0,0.0,0.0,9847.0,1850.0,1931.547551110627,394.80000000000047,0.0,0.0,0.0,0.0
2030-11-22 19:00:00,0.0,0.0,0.0,0.0,9847.0,700.8023171529494,0.0,0.0,0.0,0.0,0.0,0.0
2030-11-22 20:00:00,0.0,0.0,0.0,0.0,5951.859372387462,0.0,0.0,0.0,0.0,0.0,0.0,0.0
2030-11-22 21:00:00,0.0,0.0,0.0,0.0,8405.751382076502,0.0,0.0,0.0,0.0,0.0,0.0,0.0
2030-11-22 22:00:00,0.0,0.0,0.0,599.8285066294338,9847.0,0.0,0.0,470.0000000000005,0.0,0.0,0.0,0.0
2030-11-22 23:00:00,0.0,0.0,0.0,0.0,7994.618480385713,0.0,0.0,0.0,0.0,0.0,0.0,0.0
2030-11-23 00:00:00,0.0,0.0,0.0,0.0,9352.656919549903,0.0,0.0,0.0,0.0,0.0,0.0,0.0
2030-11-23 01:00:00,0.0,0.0,0.0,0.0,5048.668471710655,0.0,0.0,0.0,0.0,0.0,0.0,0.0
2030-11-23 02:00:00,0.0,0.0,0.0,0.0,9847.0,0.0,0.0,0.0,0.0,0.0,0.0,0.0
2030-11-23 03:00:00,0.0,0.0,0.0,0.0,5223.6079314759045,0.0,0.0,0.0,0.0,0.0,0.0,0.0
2030-11-23 04:00:00,0.0,0.0,0.0,0.0,3168.916352186563,0.0,0.0,0.0,47.80123038505576,0.0,0.0,0.0
2030-11-23 05:00:00,0.0,0.0,0.0,0.0,8726.254596877581,0.0,0.0,0.0,129.31299253724546,0.0,0.0,0.0
2030-11-23 06:00:00,0.0,0.0,0.0,3199.99,9847.0,1850.0,1950.0,470.0000000000005,1457.9776606333985,0.0,0.0,561.2
2030-11-23 07:00:00,0.0,0.0,0.0,1571.663450610562,9847.0,1850.0,1950.0,394.80000000000047,7131.959123049162,0.0,0.0,0.0
2030-11-23 08:00:00,0.0,0.0,0.0,1116.3557493894396,9847.0,1850.0,618.9847956930316,0.0,1979.830022323371,0.0,0.0,0.0
2030-11-23 09:00:00,0.0,0.0,0.0,0.0,6306.597563563628,0.0,0.0,0.0,0.0,0.0,0.0,0.0
2030-11-23 10:00:00,0.0,0.0,0.0,0.0,1451.753566720523,0.0,0.0,0.0,0.0,0.0,0.0,0.0
2030-11-23 11:00:00,0.0,0.0,0.0,0.0,0.0,0.0,0.0,0.0,0.0,0.0,0.0,0.0
2030-11-23 12:00:00,0.0,0.0,0.0,0.0,0.0,0.0,0.0,0.0,0.0,0.0,0.0,0.0
2030-11-23 13:00:00,0.0,0.0,0.0,0.0,0.0,0.0,0.0,0.0,4320.480658713834,0.0,0.0,0.0
2030-11-23 14:00:00,1297.0,1644.1,0.0,0.0,0.0,0.0,0.0,0.0,5039.437738683586,0.0,0.0,0.0
2030-11-23 15:00:00,1297.0,1644.1,0.0,2688.0192000000015,1441.0960693123343,0.0,0.0,0.0,5568.537729093014,0.0,0.0,0.0
2030-11-23 16:00:00,1297.0,1644.1,0.0,0.0,9847.0,0.0,0.0,191.17700501812942,6107.858301952656,0.0,0.0,0.0
2030-11-23 17:00:00,1297.0,1644.1,0.0,3199.99,9847.0,0.0,633.4389724904468,470.0000000000005,6722.741964424402,0.0,0.0,0.0
2030-11-23 18:00:00,1297.0,1644.1,0.0,0.0,7914.951722304609,0.0,0.0,203.62299498187105,7035.350283097261,0.0,0.0,0.0
2030-11-23 19:00:00,0.0,104.47106900950166,0.0,0.0,3596.3617830569783,0.0,0.0,0.0,6496.3909802933495,0.0,0.0,97.34569488207555
2030-11-23 20:00:00,0.0,0.0,0.0,0.0,1487.197492132269,0.0,0.0,0.0,0.0,0.0,0.0,463.85430511792447
2030-11-23 21:00:00,0.0,0.0,0.0,0.0,4488.4427798704055,0.0,0.0,0.0,0.0,0.0,0.0,0.0
2030-11-23 22:00:00,0.0,0.0,0.0,0.0,4080.0374010894957,0.0,0.0,0.0,0.0,0.0,0.0,0.0
2030-11-23 23:00:00,0.0,0.0,0.0,0.0,0.0,0.0,0.0,0.0,0.0,0.0,0.0,0.0
2030-11-24 00:00:00,0.0,0.0,0.0,0.0,0.0,0.0,0.0,0.0,0.0,0.0,0.0,0.0
2030-11-24 01:00:00,0.0,0.0,0.0,0.0,0.0,0.0,0.0,0.0,0.0,0.0,0.0,0.0
2030-11-24 02:00:00,0.0,0.0,0.0,0.0,0.0,0.0,0.0,0.0,0.0,0.0,0.0,0.0
2030-11-24 03:00:00,0.0,0.0,0.0,0.0,0.0,0.0,0.0,0.0,0.0,0.0,0.0,0.0
2030-11-24 04:00:00,0.0,0.0,0.0,0.0,0.0,0.0,0.0,0.0,0.0,0.0,0.0,0.0
2030-11-24 05:00:00,0.0,0.0,0.0,0.0,0.0,0.0,0.0,0.0,0.0,0.0,0.0,0.0
2030-11-24 06:00:00,0.0,0.0,0.0,0.0,0.0,0.0,0.0,0.0,0.0,0.0,0.0,0.0
2030-11-24 07:00:00,0.0,0.0,0.0,0.0,0.0,0.0,0.0,0.0,0.0,0.0,0.0,0.0
2030-11-24 08:00:00,0.0,0.0,0.0,0.0,0.0,0.0,0.0,0.0,0.0,0.0,0.0,0.0
2030-11-24 09:00:00,0.0,0.0,0.0,0.0,0.0,0.0,0.0,0.0,0.0,0.0,0.0,0.0
2030-11-24 10:00:00,0.0,0.0,0.0,0.0,0.0,0.0,0.0,0.0,0.0,0.0,0.0,0.0
2030-11-24 11:00:00,0.0,0.0,0.0,0.0,0.0,0.0,0.0,0.0,0.0,0.0,0.0,0.0
2030-11-24 12:00:00,0.0,0.0,0.0,0.0,0.0,0.0,0.0,0.0,0.0,0.0,0.0,0.0
2030-11-24 13:00:00,0.0,0.0,0.0,0.0,0.0,0.0,0.0,0.0,0.0,0.0,0.0,0.0
2030-11-24 14:00:00,0.0,0.0,0.0,0.0,0.0,0.0,0.0,0.0,0.0,0.0,0.0,0.0
2030-11-24 15:00:00,0.0,0.0,0.0,0.0,0.0,0.0,0.0,0.0,0.0,0.0,0.0,0.0
2030-11-24 16:00:00,0.0,0.0,0.0,0.0,267.4696949250647,0.0,0.0,394.80000000000047,0.0,0.0,0.0,0.0
2030-11-24 17:00:00,0.0,0.0,0.0,0.0,1175.081031762602,0.0,0.0,470.0000000000005,1342.2174934059324,0.0,0.0,0.0
2030-11-24 18:00:00,0.0,0.0,0.0,0.0,0.0,0.0,0.0,0.0,3332.4302698591664,0.0,0.0,0.0
2030-11-24 19:00:00,0.0,0.0,0.0,0.0,0.0,0.0,0.0,0.0,1702.0797925377874,0.0,0.0,0.0
2030-11-24 20:00:00,0.0,0.0,0.0,0.0,0.0,0.0,0.0,0.0,2132.0866622307067,0.0,0.0,0.0
2030-11-24 21:00:00,0.0,0.0,0.0,0.0,0.0,0.0,0.0,0.0,4337.200819835172,0.0,0.0,0.0
2030-11-24 22:00:00,1297.0,1644.1,0.0,3199.99,638.8085771748956,0.0,0.0,470.0000000000005,5416.5609842223685,0.0,0.0,0.0
2030-11-24 23:00:00,1297.0,1644.1,0.0,1307.592872475314,0.0,0.0,0.0,0.0,5249.098730080524,0.0,0.0,0.0
2030-11-25 00:00:00,1297.0,1644.1,0.0,1380.4263275246878,0.0,0.0,0.0,0.0,5204.062938759724,0.0,0.0,0.0
2030-11-25 01:00:00,1297.0,1644.1,0.0,0.0,0.0,0.0,0.0,0.0,5264.944335275683,0.0,0.0,0.0
2030-11-25 02:00:00,1297.0,1644.1,0.0,0.0,0.0,0.0,0.0,0.0,5208.133233445553,0.0,0.0,0.0
2030-11-25 03:00:00,1297.0,1644.1,0.0,0.0,0.0,0.0,0.0,0.0,5370.609572815467,0.0,0.0,0.0
2030-11-25 04:00:00,1297.0,1644.1,0.0,0.0,0.0,0.0,0.0,0.0,5516.937826551374,0.0,0.0,0.0
2030-11-25 05:00:00,1297.0,1644.1,0.0,0.0,0.0,0.0,0.0,0.0,5215.374544285652,0.0,0.0,0.0
2030-11-25 06:00:00,1297.0,1644.1,0.0,0.0,0.0,0.0,0.0,0.0,4746.86218709679,0.0,0.0,0.0
2030-11-25 07:00:00,1297.0,1644.1,0.0,0.0,0.0,0.0,0.0,0.0,4521.691414371384,0.0,0.0,0.0
2030-11-25 08:00:00,1297.0,1644.1,0.0,0.0,0.0,0.0,0.0,0.0,3042.1441375697023,0.0,0.0,0.0
2030-11-25 09:00:00,1297.0,1644.1,0.0,0.0,0.0,0.0,0.0,0.0,1697.6489915087232,0.0,0.0,0.0
2030-11-25 10:00:00,1297.0,1644.1,0.0,0.0,0.0,0.0,0.0,0.0,1058.4614059701053,0.0,0.0,0.0
2030-11-25 11:00:00,1297.0,1644.1,0.0,0.0,0.0,0.0,0.0,0.0,1095.1668209967042,0.0,0.0,0.0
2030-11-25 12:00:00,1297.0,1644.1,0.0,0.0,0.0,0.0,0.0,0.0,1412.9961525246417,0.0,0.0,0.0
2030-11-25 13:00:00,1297.0,1644.1,0.0,0.0,0.0,0.0,0.0,0.0,2167.018891335209,0.0,0.0,0.0
2030-11-25 14:00:00,1297.0,1644.1,0.0,0.0,0.0,0.0,0.0,0.0,2985.839405262812,0.0,0.0,0.0
2030-11-25 15:00:00,1297.0,1644.1,0.0,0.0,0.0,0.0,0.0,0.0,3680.0107649351976,0.0,0.0,0.0
2030-11-25 16:00:00,1297.0,1644.1,0.0,0.0,0.0,0.0,0.0,0.0,4381.286798027007,0.0,0.0,0.0
2030-11-25 17:00:00,1297.0,1644.1,0.0,0.0,0.0,0.0,0.0,0.0,5049.815059984247,0.0,0.0,0.0
2030-11-25 18:00:00,1297.0,1644.1,0.0,0.0,0.0,0.0,0.0,0.0,5489.07843125442,0.0,0.0,0.0
2030-11-25 19:00:00,241.01799200469802,529.7332495302653,0.0,0.0,0.0,0.0,0.0,0.0,5198.369369513036,0.0,0.0,0.0
2030-11-25 20:00:00,25.650410675422936,46.08149305179908,0.0,0.0,0.0,0.0,0.0,0.0,4967.185342480127,0.0,0.0,0.0
2030-11-25 21:00:00,0.0,0.0,0.0,0.0,0.0,0.0,0.0,0.0,1249.5134011114994,0.0,0.0,561.2
2030-11-25 22:00:00,0.0,0.0,0.0,0.0,0.0,0.0,0.0,0.0,0.0,0.0,0.0,0.0
2030-11-25 23:00:00,0.0,0.0,0.0,0.0,0.0,0.0,0.0,0.0,0.0,0.0,0.0,0.0
2030-11-26 00:00:00,0.0,0.0,0.0,0.0,0.0,0.0,0.0,0.0,0.0,0.0,0.0,0.0
2030-11-26 01:00:00,0.0,0.0,0.0,0.0,0.0,0.0,0.0,0.0,0.0,0.0,0.0,0.0
2030-11-26 02:00:00,0.0,0.0,0.0,0.0,0.0,0.0,0.0,0.0,0.0,0.0,0.0,0.0
2030-11-26 03:00:00,0.0,0.0,0.0,0.0,0.0,0.0,0.0,0.0,0.0,0.0,0.0,0.0
2030-11-26 04:00:00,0.0,0.0,0.0,0.0,0.0,0.0,0.0,0.0,0.0,0.0,0.0,0.0
2030-11-26 05:00:00,0.0,0.0,0.0,0.0,0.0,0.0,0.0,0.0,0.0,0.0,0.0,0.0
2030-11-26 06:00:00,0.0,0.0,0.0,0.0,0.0,0.0,0.0,0.0,0.0,0.0,0.0,0.0
2030-11-26 07:00:00,0.0,0.0,0.0,0.0,0.0,0.0,0.0,0.0,0.0,0.0,0.0,0.0
2030-11-26 08:00:00,0.0,0.0,0.0,0.0,0.0,0.0,0.0,0.0,0.0,0.0,0.0,0.0
2030-11-26 09:00:00,0.0,0.0,0.0,0.0,0.0,0.0,0.0,0.0,0.0,0.0,0.0,0.0
2030-11-26 10:00:00,0.0,0.0,0.0,0.0,0.0,0.0,0.0,0.0,0.0,0.0,0.0,0.0
2030-11-26 11:00:00,0.0,0.0,0.0,0.0,0.0,0.0,0.0,0.0,0.0,0.0,0.0,0.0
2030-11-26 12:00:00,0.0,0.0,0.0,0.0,0.0,0.0,0.0,0.0,0.0,0.0,0.0,0.0
2030-11-26 13:00:00,0.0,0.0,0.0,0.0,0.0,0.0,0.0,0.0,0.0,0.0,0.0,0.0
2030-11-26 14:00:00,0.0,0.0,0.0,0.0,0.0,0.0,0.0,0.0,0.0,0.0,0.0,0.0
2030-11-26 15:00:00,0.0,0.0,0.0,0.0,0.0,0.0,0.0,0.0,0.0,0.0,0.0,0.0
2030-11-26 16:00:00,0.0,0.0,0.0,0.0,0.0,0.0,0.0,0.0,0.0,0.0,0.0,0.0
2030-11-26 17:00:00,0.0,0.0,0.0,2944.3247588732047,0.0,0.0,0.0,0.0,0.0,0.0,0.0,0.0
2030-11-26 18:00:00,0.0,0.0,0.0,1656.9215091123042,0.0,0.0,0.0,0.0,0.0,0.0,0.0,0.0
2030-11-26 19:00:00,0.0,0.0,0.0,0.0,0.0,0.0,0.0,0.0,0.0,0.0,0.0,0.0
2030-11-26 20:00:00,0.0,0.0,0.0,0.0,0.0,0.0,0.0,0.0,0.0,0.0,0.0,0.0
2030-11-26 21:00:00,0.0,0.0,0.0,0.0,0.0,0.0,0.0,0.0,0.0,0.0,0.0,0.0
2030-11-26 22:00:00,0.0,0.0,0.0,0.0,0.0,0.0,0.0,0.0,0.0,0.0,0.0,0.0
2030-11-26 23:00:00,0.0,0.0,0.0,0.0,0.0,0.0,0.0,0.0,0.0,0.0,0.0,0.0
2030-11-27 00:00:00,0.0,0.0,0.0,0.0,0.0,0.0,0.0,0.0,0.0,0.0,0.0,0.0
2030-11-27 01:00:00,0.0,0.0,0.0,0.0,0.0,0.0,0.0,0.0,0.0,0.0,0.0,0.0
2030-11-27 02:00:00,0.0,0.0,0.0,0.0,0.0,0.0,0.0,0.0,0.0,0.0,0.0,0.0
2030-11-27 03:00:00,0.0,0.0,0.0,0.0,0.0,0.0,0.0,0.0,0.0,0.0,0.0,0.0
2030-11-27 04:00:00,0.0,0.0,0.0,0.0,0.0,0.0,0.0,0.0,0.0,62.04040005408481,0.0,187.39619028107538
2030-11-27 05:00:00,0.0,0.0,0.0,0.0,0.0,0.0,0.0,0.0,0.0,0.0,0.0,309.36038693110754
2030-11-27 06:00:00,0.0,0.0,0.0,0.0,0.0,0.0,0.0,0.0,0.0,0.0,0.0,64.4434227878171
2030-11-27 07:00:00,0.0,0.0,0.0,2812.9938118117407,0.0,0.0,0.0,0.0,0.0,0.0,0.0,0.0
2030-11-27 08:00:00,0.0,0.0,0.0,0.0,0.0,0.0,0.0,0.0,0.0,0.0,0.0,0.0
2030-11-27 09:00:00,0.0,0.0,0.0,0.0,0.0,0.0,0.0,0.0,0.0,0.0,0.0,0.0
2030-11-27 10:00:00,0.0,0.0,0.0,0.0,0.0,0.0,0.0,0.0,0.0,0.0,0.0,0.0
2030-11-27 11:00:00,0.0,0.0,0.0,0.0,0.0,0.0,0.0,0.0,513.2490660704616,78.51044702482643,0.0,0.0
2030-11-27 12:00:00,0.0,0.0,0.0,0.0,0.0,0.0,0.0,0.0,4577.502469519373,1099.14625834757,0.0,0.0
2030-11-27 13:00:00,0.0,0.0,0.0,0.0,0.0,0.0,0.0,0.0,5713.261603986001,0.0,0.0,0.0
2030-11-27 14:00:00,0.0,0.0,0.0,0.0,0.0,0.0,0.0,0.0,5928.7750729988675,0.0,0.0,0.0
2030-11-27 15:00:00,0.0,0.0,0.0,0.0,0.0,0.0,0.0,0.0,6335.933730930295,0.0,0.0,0.0
2030-11-27 16:00:00,0.0,0.0,0.0,0.0,7652.567498076518,0.0,0.0,0.0,6634.060754022412,0.0,0.0,0.0
2030-11-27 17:00:00,0.0,0.0,0.0,0.0,9847.0,810.9564810893353,0.0,470.0000000000005,7114.317565961101,0.0,0.0,0.0
2030-11-27 18:00:00,0.0,0.0,0.0,0.0,9847.0,0.0,866.6975444519921,394.80000000000047,7390.226814524944,0.0,0.0,0.0
2030-11-27 19:00:00,0.0,0.0,0.0,0.0,9846.737326341938,0.0,0.0,0.0,7034.634505356758,0.0,0.0,0.0
2030-11-27 20:00:00,0.0,0.0,0.0,0.0,5470.756978346399,0.0,0.0,0.0,6758.228331465196,0.0,0.0,0.0
2030-11-27 21:00:00,0.0,0.0,0.0,0.0,8128.975959034724,0.0,0.0,0.0,6604.446217355506,0.0,0.0,0.0
2030-11-27 22:00:00,0.0,0.0,0.0,0.0,9847.0,0.0,0.0,0.0,6699.509710207429,0.0,0.0,0.0
2030-11-27 23:00:00,0.0,0.0,0.0,0.0,8862.604263291578,0.0,0.0,0.0,6598.648377656145,0.0,0.0,0.0
2030-11-28 00:00:00,0.0,0.0,0.0,0.0,9847.0,0.0,0.0,207.89891412539873,7717.373318784283,0.0,0.0,0.0
2030-11-28 01:00:00,0.0,0.0,0.0,0.0,8137.999434244528,0.0,0.0,0.0,7842.844931202633,0.0,0.0,0.0
2030-11-28 02:00:00,0.0,0.0,0.0,0.0,7971.673268498838,0.0,0.0,0.0,6975.592318152894,886.2888199899313,0.0,0.0
2030-11-28 03:00:00,0.0,0.0,0.0,0.0,4833.66480784208,0.0,0.0,0.0,8186.3286552955215,0.0,0.0,0.0
2030-11-28 04:00:00,0.0,0.0,0.0,0.0,387.6316473847837,0.0,0.0,0.0,8530.0,96.30761254310983,0.0,0.0
2030-11-28 05:00:00,0.0,0.0,0.0,0.0,7263.176670342349,0.0,0.0,0.0,8530.0,116.54982581453464,0.0,0.0
2030-11-28 06:00:00,0.0,0.0,65.89141830803419,0.0,9847.0,1850.0,0.0,0.0,8358.191151895604,0.0,0.0,0.0
2030-11-28 07:00:00,0.0,0.0,3875.7338817083,0.0,9847.0,1850.0,1950.0,421.9450508308655,8072.428739062683,0.0,0.0,0.0
2030-11-28 08:00:00,0.0,0.0,360.6684089761693,0.0,9847.0,1850.0,1950.0,442.85494916913547,7922.703792165377,0.0,0.0,0.0
2030-11-28 09:00:00,0.0,0.0,0.0,0.0,9847.0,1850.0,0.0,0.0,7551.5784263698715,0.0,0.0,0.0
2030-11-28 10:00:00,0.0,0.0,0.0,0.0,9847.0,1850.0,0.0,0.0,7236.636298483887,0.0,0.0,0.0
2030-11-28 11:00:00,0.0,0.0,507.5224724337095,0.0,9847.0,1850.0,0.0,0.0,6952.742837238713,0.0,0.0,0.0
2030-11-28 12:00:00,0.0,0.0,4454.541005635161,0.0,9847.0,1850.0,0.0,0.0,6810.458762567592,0.0,0.0,0.0
2030-11-28 13:00:00,1297.0,1644.1,7381.64,0.0,9847.0,1850.0,0.0,0.0,6764.823556666421,0.0,0.0,0.0
2030-11-28 14:00:00,1297.0,1644.1,7381.64,3199.99,9847.0,1850.0,0.0,0.0,6817.374916572684,0.0,0.0,0.0
2030-11-28 15:00:00,1297.0,1644.1,7381.64,0.0,9847.0,1850.0,1043.395658351291,0.0,7568.402307955539,0.0,0.0,0.0
2030-11-28 16:00:00,1297.0,1644.1,7381.64,2688.0192000000015,9847.0,1850.0,1950.0,368.7030168763158,8530.0,2070.0,1418.4784405145529,0.0
2030-11-28 17:00:00,1297.0,1644.1,7381.64,0.0,9847.0,1850.0,1950.0,26.09698312368462,8530.0,2070.0,1925.2569779649289,0.0
2030-11-28 18:00:00,1297.0,1644.1,7381.64,0.0,9847.0,1850.0,1950.0,470.0000000000005,8530.0,2070.0,2222.507696841875,0.0
2030-11-28 19:00:00,1297.0,1644.1,7381.64,0.0,9847.0,1850.0,1806.6043416487082,0.0,7750.778008602263,0.0,0.0,0.0
2030-11-28 20:00:00,1297.0,1644.1,7381.64,0.0,9847.0,1850.0,0.0,0.0,7464.8953322558555,0.0,0.0,0.0
2030-11-28 21:00:00,1297.0,1644.1,7381.64,0.0,9847.0,1850.0,0.0,0.0,7324.34172271928,0.0,0.0,0.0
2030-11-28 22:00:00,1297.0,1644.1,7381.64,0.0,9847.0,1850.0,0.0,0.0,7435.949885964601,0.0,0.0,0.0
2030-11-28 23:00:00,1297.0,1644.1,7381.64,0.0,9847.0,1850.0,0.0,0.0,7332.196921470168,0.0,0.0,0.0
2030-11-29 00:00:00,1297.0,1644.1,7381.64,0.0,9847.0,1850.0,0.0,0.0,8530.0,133.53279604898785,0.0,0.0
2030-11-29 01:00:00,1297.0,1644.1,7381.64,0.0,9847.0,0.0,0.0,0.0,8530.0,255.65858499828732,0.0,0.0
2030-11-29 02:00:00,1297.0,1644.1,7381.64,0.0,6661.5508185336075,0.0,0.0,0.0,8530.0,278.80528769214243,0.0,0.0
2030-11-29 03:00:00,1297.0,1644.1,7381.64,0.0,929.535012647704,0.0,0.0,0.0,8530.0,562.5228444714539,0.0,0.0
2030-11-29 04:00:00,1297.0,1644.1,7381.64,364.86261177896813,0.0,0.0,0.0,0.0,8530.0,901.8435014035399,0.0,0.0
2030-11-29 05:00:00,1297.0,1644.1,7381.64,3199.99,0.0,0.0,0.0,0.0,8530.0,846.1850881349819,0.0,0.0
2030-11-29 06:00:00,1297.0,1644.1,7381.64,2323.1565882210334,2911.0022615327835,0.0,0.0,0.0,8530.0,512.8787941452692,0.0,0.0
2030-11-29 07:00:00,1297.0,1644.1,7381.64,0.0,4025.8201115316333,0.0,0.0,0.0,8530.0,216.54352648387226,0.0,0.0
2030-11-29 08:00:00,1297.0,1644.1,7381.64,0.0,1611.1527687362832,0.0,0.0,397.80800000000045,8530.0,45.26310989474109,0.0,0.0
2030-11-29 09:00:00,1297.0,1644.1,7381.64,0.0,0.0,0.0,0.0,0.0,8278.437108269802,0.0,0.0,0.0
2030-11-29 10:00:00,1297.0,1644.1,7381.64,0.0,0.0,0.0,0.0,0.0,7990.863429318142,0.0,0.0,0.0
2030-11-29 11:00:00,1297.0,1644.1,7381.64,0.0,0.0,0.0,0.0,0.0,7650.115216082166,0.0,0.0,0.0
2030-11-29 12:00:00,1297.0,1644.1,7381.64,0.0,0.0,0.0,0.0,0.0,7487.910049061697,0.0,0.0,0.0
2030-11-29 13:00:00,1297.0,1644.1,7381.64,0.0,0.0,0.0,0.0,0.0,7428.91159323819,0.0,0.0,0.0
2030-11-29 14:00:00,1297.0,1644.1,7381.64,0.0,0.0,0.0,0.0,0.0,7455.310090461784,0.0,0.0,0.0
2030-11-29 15:00:00,1297.0,1644.1,7381.64,588.9614849343316,0.0,0.0,0.0,0.0,7647.369613289924,0.0,0.0,0.0
2030-11-29 16:00:00,34.337526731482974,1600.059288317243,7381.64,0.0,397.85451971671137,0.0,0.0,0.0,7927.115618323825,0.0,0.0,0.0
2030-11-29 17:00:00,34.337526731482974,51.20872741474476,4098.876802961102,0.0,2130.6411798072513,0.0,0.0,470.0000000000005,8418.520917302429,0.0,0.0,0.0
2030-11-29 18:00:00,34.337526731482974,0.0,0.0,0.0,978.0644182276592,0.0,0.0,394.80000000000047,8530.0,207.31181886128002,0.0,0.0
2030-11-29 19:00:00,0.0,102.41745482948951,0.0,0.0,0.0,0.0,0.0,0.0,8434.884436964496,0.0,0.0,0.0
2030-11-29 20:00:00,68.67505346296595,0.0,0.0,0.0,0.0,0.0,0.0,0.0,8209.247334265989,0.0,0.0,0.0
2030-11-29 21:00:00,34.337526731482974,102.41745482948951,0.0,0.0,0.0,0.0,0.0,0.0,8108.692875664459,0.0,0.0,0.0
2030-11-29 22:00:00,34.337526731482974,0.0,0.0,0.0,0.0,0.0,0.0,470.0000000000005,8231.44195504002,0.0,0.0,0.0
2030-11-29 23:00:00,0.0,0.0,0.0,0.0,0.0,0.0,0.0,0.0,4226.9638958417,0.0,0.0,0.0
2030-11-30 00:00:00,0.0,0.0,0.0,0.0,0.0,0.0,0.0,470.0000000000005,1577.7993405889474,0.0,0.0,0.0
2030-11-30 01:00:00,0.0,0.0,0.0,0.0,0.0,0.0,0.0,0.0,1732.3690668451754,0.0,0.0,0.0
2030-11-30 02:00:00,0.0,0.0,0.0,0.0,0.0,0.0,0.0,0.0,1798.6055435005492,0.0,0.0,0.0
2030-11-30 03:00:00,0.0,0.0,0.0,0.0,0.0,0.0,0.0,0.0,2073.6761067588814,0.0,0.0,0.0
2030-11-30 04:00:00,0.0,0.0,0.0,0.0,0.0,0.0,0.0,0.0,2365.364612014202,0.0,0.0,0.0
2030-11-30 05:00:00,0.0,0.0,0.0,0.0,0.0,0.0,0.0,0.0,2272.779670186245,0.0,0.0,0.0
2030-11-30 06:00:00,0.0,0.0,0.0,0.0,3923.140788517958,0.0,0.0,0.0,1957.4493307808725,0.0,0.0,0.0
2030-11-30 07:00:00,0.0,0.0,0.0,2688.0192000000015,6811.16544473503,0.0,0.0,394.80000000000047,1685.602250682905,0.0,0.0,0.0
2030-11-30 08:00:00,0.0,0.0,0.0,3199.99,6948.912909325765,0.0,0.0,0.0,1519.0200754982643,0.0,0.0,0.0
2030-11-30 09:00:00,0.0,0.0,0.0,0.0,1158.0678069440473,0.0,0.0,470.0000000000005,1222.3637800382799,0.0,0.0,0.0
2030-11-30 10:00:00,0.0,0.0,0.0,0.0,0.0,0.0,0.0,0.0,928.9059755726867,0.0,0.0,0.0
2030-11-30 11:00:00,0.0,0.0,0.0,0.0,0.0,0.0,0.0,0.0,333.8275900289509,0.0,0.0,0.0
2030-11-30 12:00:00,0.0,0.0,0.0,0.0,0.0,0.0,0.0,0.0,3.411068968275231,0.0,0.0,0.0
2030-11-30 13:00:00,0.0,0.0,0.0,0.0,0.0,0.0,0.0,0.0,18.576869098122415,0.0,0.0,0.0
2030-11-30 14:00:00,0.0,0.0,0.0,0.0,0.0,0.0,0.0,0.0,154.67475792108098,0.0,0.0,0.0
2030-11-30 15:00:00,0.0,0.0,0.0,0.0,2271.787519282145,0.0,0.0,0.0,569.8396331688286,0.0,0.0,0.0
2030-11-30 16:00:00,0.0,0.0,0.0,0.0,9847.0,1850.0,1262.4211627276018,0.0,8492.097731783299,0.0,0.0,0.0
2030-11-30 17:00:00,0.0,0.0,0.0,0.0,9847.0,1850.0,1950.0,470.0000000000005,8530.0,618.8807939567064,0.0,0.0
2030-11-30 18:00:00,0.0,0.0,0.0,0.0,9847.0,1850.0,1950.0,322.60800000000046,8530.0,937.3371247082478,0.0,0.0
2030-11-30 19:00:00,0.0,0.0,0.0,0.0,9847.0,1850.0,547.8530418309674,0.0,8530.0,629.2345505443327,0.0,0.0
2030-11-30 20:00:00,0.0,0.0,0.0,0.0,9847.0,1850.0,0.0,0.0,8530.0,414.93478803089874,0.0,0.0
2030-11-30 21:00:00,0.0,0.0,0.0,0.0,9847.0,1850.0,1447.4112670808759,0.0,8530.0,343.7424530697972,0.0,0.0
2030-11-30 22:00:00,0.0,0.0,0.0,0.0,9847.0,1850.0,1950.0,470.0000000000005,8530.0,1018.7266438655024,0.0,0.0
2030-11-30 23:00:00,0.0,0.0,0.0,0.0,9847.0,1850.0,0.0,0.0,8530.0,401.52983622886813,0.0,0.0
2030-12-01 00:00:00,0.0,0.0,0.0,0.0,9847.0,1850.0,0.0,0.0,8530.0,1968.1279865866873,0.0,0.0
2030-12-01 01:00:00,0.0,0.0,0.0,0.0,9847.0,1513.7094932500695,0.0,0.0,8530.0,2043.0729862813323,0.0,0.0
2030-12-01 02:00:00,0.0,0.0,0.0,0.0,9847.0,663.6841302362009,0.0,0.0,8530.0,2006.7070220668875,0.0,0.0
2030-12-01 03:00:00,0.0,0.0,0.0,0.0,9847.0,0.0,0.0,0.0,8530.0,1675.5069761316227,0.0,0.0
2030-12-01 04:00:00,0.0,0.0,0.0,0.0,7705.416870031448,0.0,0.0,0.0,8530.0,1170.9936474391502,0.0,0.0
2030-12-01 05:00:00,0.0,0.0,0.0,0.0,9847.0,0.0,0.0,0.0,8530.0,645.2596200140129,0.0,0.0
2030-12-01 06:00:00,0.0,0.0,1510.4973503677902,0.0,9847.0,0.0,0.0,0.0,8530.0,384.46991019895927,0.0,0.0
2030-12-01 07:00:00,1206.9043522555635,1045.1651602812585,7381.64,0.0,9847.0,1303.7599248981571,1773.6185285222816,394.80000000000047,8530.0,389.70897948708534,0.0,0.0
2030-12-01 08:00:00,1162.8548486093496,0.0,7381.64,0.0,9847.0,0.0,1690.0413745236583,470.0000000000005,8076.113912334615,0.0,0.0,0.0
2030-12-01 09:00:00,0.0,0.0,206.30352683783713,0.0,9847.0,0.0,0.0,0.0,6854.296841057709,0.0,0.0,0.0
2030-12-01 10:00:00,0.0,0.0,0.0,0.0,6892.850717513982,0.0,0.0,0.0,5894.040492247182,0.0,0.0,0.0
2030-12-01 11:00:00,0.0,0.0,0.0,0.0,6098.49728356643,0.0,0.0,0.0,5650.678546047561,0.0,0.0,0.0
2030-12-01 12:00:00,0.0,0.0,0.0,0.0,4606.105674182836,0.0,0.0,0.0,6002.900651651329,0.0,0.0,0.0
2030-12-01 13:00:00,0.0,0.0,0.0,0.0,3051.589644774678,0.0,0.0,0.0,6171.830668446611,0.0,0.0,0.0
2030-12-01 14:00:00,0.0,0.0,1315.9490419827998,0.0,4366.67706335173,0.0,0.0,0.0,6974.753325283062,0.0,0.0,0.0
2030-12-01 15:00:00,1297.0,1644.1,7381.64,3199.99,7300.910352162868,0.0,0.0,0.0,8123.70267901893,0.0,0.0,0.0
2030-12-01 16:00:00,1297.0,1644.1,7381.64,2688.0192000000015,9847.0,1850.0,0.0,0.0,8530.0,712.5405263742223,0.0,0.0
2030-12-01 17:00:00,1297.0,1644.1,7381.64,0.0,9847.0,1850.0,1288.866187522799,470.0000000000005,8530.0,1288.2011612478827,0.0,0.0
2030-12-01 18:00:00,1297.0,1644.1,7381.64,0.0,9847.0,1850.0,1181.8853334586966,394.80000000000047,8530.0,1625.2882976084438,0.0,0.0
2030-12-01 19:00:00,1297.0,1644.1,7381.64,0.0,9847.0,1850.0,0.0,0.0,8530.0,1360.7013417689318,0.0,0.0
2030-12-01 20:00:00,1297.0,1644.1,7381.64,0.0,9847.0,1850.0,0.0,0.0,8530.0,1197.0089548244973,0.0,0.0
2030-12-01 21:00:00,1297.0,1139.2130893143112,7381.64,0.0,9847.0,1850.0,0.0,0.0,8530.0,1348.0983864328368,0.0,0.0
2030-12-01 22:00:00,0.0,0.0,2337.9227914462026,0.0,9847.0,1850.0,1950.0,394.80000000000047,8530.0,2064.9084074160273,0.0,0.0
2030-12-01 23:00:00,0.0,0.0,0.0,0.0,9847.0,1850.0,1950.0,0.0,8530.0,1604.4419029450246,0.0,0.0
2030-12-02 00:00:00,0.0,0.0,0.0,0.0,9847.0,1850.0,1950.0,470.0000000000005,8530.0,2070.0,801.0869997098762,0.0
2030-12-02 01:00:00,0.0,0.0,0.0,0.0,9847.0,1850.0,1341.7380493437086,0.0,8530.0,2070.0,86.95516382863684,0.0
2030-12-02 02:00:00,0.0,0.0,0.0,0.0,9847.0,1850.0,0.0,0.0,8530.0,2070.0,85.56141899151658,0.0
2030-12-02 03:00:00,0.0,0.0,0.0,0.0,9847.0,95.94776547972288,0.0,0.0,8530.0,2070.0,202.42757987199366,0.0
2030-12-02 04:00:00,0.0,0.0,0.0,0.0,9339.117659924945,0.0,0.0,0.0,8530.0,2070.0,107.81814801209316,0.0
2030-12-02 05:00:00,0.0,0.0,0.0,0.0,9847.0,0.0,0.0,0.0,8530.0,1561.5817759036017,0.0,0.0
2030-12-02 06:00:00,0.0,0.0,0.0,0.0,9847.0,0.0,0.0,0.0,8530.0,806.5511974844785,0.0,0.0
2030-12-02 07:00:00,0.0,0.0,0.0,0.0,9847.0,0.0,990.6082401578824,470.0000000000005,8530.0,456.32977478281146,0.0,0.0
2030-12-02 08:00:00,0.0,0.0,0.0,0.0,9847.0,0.0,0.0,0.0,8141.013275664294,0.0,0.0,0.0
2030-12-02 09:00:00,0.0,0.0,0.0,0.0,9434.428545698494,0.0,0.0,0.0,7097.810641287384,0.0,0.0,0.0
2030-12-02 10:00:00,0.0,0.0,0.0,0.0,3008.497724503497,0.0,0.0,0.0,5964.485904545543,0.0,0.0,0.0
2030-12-02 11:00:00,0.0,0.0,0.0,0.0,3296.139141040991,0.0,0.0,0.0,4819.907246079295,0.0,0.0,0.0
2030-12-02 12:00:00,0.0,0.0,0.0,0.0,0.0,0.0,0.0,0.0,4673.2238090965575,0.0,0.0,0.0
2030-12-02 13:00:00,0.0,0.0,0.0,0.0,0.0,0.0,0.0,0.0,5053.036461958463,0.0,0.0,0.0
2030-12-02 14:00:00,0.0,0.0,0.0,0.0,0.0,0.0,0.0,0.0,5856.938026792822,0.0,0.0,0.0
2030-12-02 15:00:00,0.0,0.0,4474.440223615558,0.0,2978.0141245989653,0.0,0.0,0.0,7506.737946852625,0.0,0.0,0.0
2030-12-02 16:00:00,0.0,0.0,5303.214482316202,0.0,9847.0,0.0,0.0,281.25611865682004,8530.0,437.573299443477,0.0,0.0
2030-12-02 17:00:00,0.0,0.0,2434.132139508045,0.0,9847.0,0.0,1322.9625429862426,470.0000000000005,8530.0,1197.9385555395343,0.0,0.0
2030-12-02 18:00:00,0.0,0.0,0.0,0.0,9847.0,0.0,0.0,29.46409967620275,8530.0,1777.2980596213279,0.0,0.0
2030-12-02 19:00:00,0.0,0.0,0.0,0.0,9847.0,0.0,0.0,0.0,8530.0,1579.9154276216295,0.0,0.0
2030-12-02 20:00:00,0.0,0.0,0.0,0.0,6265.913136615937,0.0,0.0,0.0,8530.0,1435.6156726035238,0.0,0.0
2030-12-02 21:00:00,0.0,0.0,0.0,0.0,7162.1483743759745,0.0,0.0,0.0,8530.0,1378.240545360712,0.0,0.0
2030-12-02 22:00:00,0.0,0.0,0.0,0.0,9847.0,0.0,0.0,0.0,8530.0,1555.9090402920583,0.0,0.0
2030-12-02 23:00:00,0.0,0.0,0.0,0.0,9847.0,1200.5840174594923,0.0,394.80000000000047,8530.0,1405.769844213583,0.0,0.0
2030-12-03 00:00:00,0.0,0.0,0.0,0.0,9847.0,1850.0,1950.0,470.0000000000005,8530.0,690.6852284194215,0.0,0.0
2030-12-03 01:00:00,0.0,0.0,0.0,0.0,9847.0,744.5033345969348,1450.321199131031,0.0,7511.42622414373,0.0,0.0,0.0
2030-12-03 02:00:00,0.0,0.0,0.0,0.0,9847.0,0.0,1626.0240237257894,0.0,4835.393205771318,0.0,0.0,0.0
2030-12-03 03:00:00,0.0,0.0,0.0,0.0,9847.0,0.0,0.0,0.0,3502.5015510409503,0.0,0.0,0.0
2030-12-03 04:00:00,0.0,0.0,0.0,0.0,6869.34302591547,0.0,0.0,0.0,5181.488951098163,0.0,0.0,0.0
2030-12-03 05:00:00,0.0,0.0,0.0,0.0,9847.0,0.0,0.0,0.0,8530.0,2070.0,616.3954690368028,0.0
2030-12-03 06:00:00,0.0,0.0,0.0,0.0,9847.0,1850.0,1950.0,394.80000000000047,8530.0,2070.0,233.14495408312746,0.0
2030-12-03 07:00:00,0.0,0.0,0.0,0.0,9847.0,1850.0,1950.0,470.0000000000005,8530.0,2070.0,1517.242891781113,0.0
2030-12-03 08:00:00,0.0,0.0,0.0,0.0,9847.0,1850.0,1950.0,0.0,8530.0,1340.225815056153,0.0,0.0
2030-12-03 09:00:00,0.0,0.0,0.0,0.0,9847.0,1139.4902018357534,0.0,0.0,8530.0,546.2464056703411,0.0,0.0
2030-12-03 10:00:00,0.0,0.0,0.0,0.0,9847.0,0.0,0.0,0.0,8239.16245539181,0.0,0.0,0.0
2030-12-03 11:00:00,0.0,0.0,0.0,0.0,9847.0,0.0,0.0,0.0,6851.467860921433,0.0,0.0,0.0
2030-12-03 12:00:00,0.0,0.0,0.0,0.0,8931.143890055508,0.0,0.0,0.0,6096.0460596322,0.0,0.0,0.0
2030-12-03 13:00:00,0.0,0.0,0.0,0.0,7975.772049845625,0.0,0.0,0.0,6368.80907139701,0.0,0.0,0.0
2030-12-03 14:00:00,0.0,0.0,0.0,0.0,9847.0,0.0,0.0,0.0,7305.86542950377,0.0,0.0,0.0
2030-12-03 15:00:00,1297.0,1644.1,7381.64,169.1341795228509,9847.0,1179.5699190122032,0.0,0.0,8432.823084154621,0.0,0.0,0.0
2030-12-03 16:00:00,1297.0,1644.1,7381.64,3199.99,9847.0,1850.0,1950.0,394.80000000000047,8530.0,1208.9930493642441,2290.0,0.0
2030-12-03 17:00:00,1297.0,1644.1,7381.64,2285.1681697594904,9847.0,1850.0,1950.0,470.0000000000005,8530.0,2070.0,2290.0,561.2
2030-12-03 18:00:00,216.6544960653482,1644.1,7381.64,0.0,9847.0,1850.0,1950.0,0.0,8530.0,2070.0,1790.2760195645187,0.0
2030-12-03 19:00:00,38.81612460690916,63.243819132037665,3917.124879713054,0.0,9847.0,1850.0,0.0,0.0,8530.0,1492.7301114701017,0.0,0.0
2030-12-03 20:00:00,0.0,63.243819132037665,0.0,0.0,9847.0,1850.0,0.0,0.0,8530.0,1232.498643059624,0.0,0.0
2030-12-03 21:00:00,77.63224921381833,0.0,0.0,0.0,9847.0,1850.0,656.1147367941664,0.0,8530.0,1207.8792192629153,0.0,0.0
2030-12-03 22:00:00,38.81612460690916,126.48763826407533,0.0,0.0,9847.0,1850.0,512.3541432551356,0.0,8530.0,1392.6238009530844,0.0,0.0
2030-12-03 23:00:00,38.81612460690916,63.243819132037665,0.0,0.0,9847.0,1850.0,0.0,0.0,8530.0,1333.3873936860937,0.0,0.0
2030-12-04 00:00:00,0.0,63.243819132037665,0.0,0.0,9847.0,1850.0,1681.5311199506978,0.0,8530.0,409.69129247289675,0.0,0.0
2030-12-04 01:00:00,77.63224921381833,0.0,0.0,0.0,9847.0,1850.0,0.0,0.0,8530.0,463.4188378460871,87.30667863148716,0.0
2030-12-04 02:00:00,38.81612460690916,126.48763826407533,0.0,0.0,9847.0,1076.4577184405134,0.0,0.0,8530.0,213.97696275059297,0.0,0.0
2030-12-04 03:00:00,38.81612460690916,63.243819132037665,0.0,0.0,7486.063470771274,0.0,0.0,0.0,8530.0,0.0,0.0,0.0
2030-12-04 04:00:00,38.81612460690916,63.243819132037665,0.0,0.0,1121.9766849543214,0.0,0.0,0.0,8530.0,0.0,0.0,0.0
2030-12-04 05:00:00,0.0,63.243819132037665,0.0,0.0,5204.230525451938,0.0,0.0,0.0,8530.0,0.0,0.0,0.0
2030-12-04 06:00:00,77.63224921381833,0.0,0.0,0.0,9847.0,0.0,0.0,0.0,8530.0,0.0,0.0,0.0
2030-12-04 07:00:00,0.0,126.48763826407533,0.0,0.0,9847.0,0.0,0.0,40.60795287817018,8530.0,0.0,0.0,0.0
2030-12-04 08:00:00,0.0,0.0,0.0,0.0,9148.711357455846,0.0,0.0,0.0,7749.572600133268,0.0,0.0,0.0
2030-12-04 09:00:00,116.44837382072748,126.48763826407533,0.0,0.0,5072.632366268757,0.0,0.0,0.0,6748.781626731579,0.0,0.0,0.0
2030-12-04 10:00:00,38.81612460690916,63.243819132037665,0.0,0.0,4113.029226179206,0.0,0.0,0.0,6523.980222418183,0.0,0.0,0.0
2030-12-04 11:00:00,38.81612460690916,63.243819132037665,0.0,0.0,3058.251151598117,0.0,0.0,0.0,6731.233125006102,0.0,0.0,0.0
2030-12-04 12:00:00,0.0,0.0,0.0,0.0,1920.010307667224,0.0,0.0,0.0,6692.12276564937,0.0,0.0,0.0
2030-12-04 13:00:00,0.0,0.0,0.0,0.0,1083.1011347807362,0.0,0.0,0.0,7022.887201995927,0.0,0.0,0.0
2030-12-04 14:00:00,0.0,0.0,0.0,0.0,222.68987815561172,0.0,0.0,0.0,6562.059287229065,0.0,0.0,0.0
2030-12-04 15:00:00,0.0,0.0,0.0,0.0,3795.996786288335,0.0,0.0,0.0,6419.665129363057,0.0,0.0,0.0
2030-12-04 16:00:00,0.0,0.0,0.0,0.0,9362.496318059682,0.0,0.0,0.0,3632.4177048148767,0.0,0.0,0.0
2030-12-04 17:00:00,0.0,0.0,0.0,0.0,9847.0,0.0,0.0,212.30795892552123,1144.5489648037237,0.0,0.0,0.0
2030-12-04 18:00:00,0.0,0.0,0.0,0.0,8140.70311897216,0.0,0.0,0.0,1504.5084369358578,0.0,0.0,0.0
2030-12-04 19:00:00,0.0,0.0,0.0,0.0,5883.173076191284,0.0,0.0,0.0,1160.3442774270566,0.0,0.0,0.0
2030-12-04 20:00:00,0.0,0.0,0.0,0.0,3385.62021581718,0.0,0.0,0.0,895.83919243331,0.0,0.0,0.0
2030-12-04 21:00:00,0.0,0.0,0.0,0.0,4022.1911302608205,0.0,0.0,0.0,758.5524425075582,0.0,0.0,0.0
2030-12-04 22:00:00,0.0,0.0,0.0,0.0,3040.3551334382937,0.0,0.0,0.0,884.200943133691,0.0,0.0,0.0
2030-12-04 23:00:00,0.0,0.0,0.0,0.0,0.0,0.0,0.0,0.0,782.7451953768864,0.0,0.0,0.0
2030-12-05 00:00:00,0.0,0.0,0.0,0.0,0.0,0.0,0.0,0.0,1256.6988624883606,0.0,0.0,0.0
2030-12-05 01:00:00,0.0,0.0,0.0,0.0,0.0,0.0,0.0,0.0,1403.773872665241,0.0,0.0,0.0
2030-12-05 02:00:00,0.0,0.0,0.0,0.0,0.0,0.0,0.0,0.0,1432.0124781576624,0.0,0.0,0.0
2030-12-05 03:00:00,0.0,0.0,0.0,0.0,0.0,0.0,0.0,0.0,1686.9802916984527,0.0,0.0,0.0
2030-12-05 04:00:00,0.0,0.0,0.0,0.0,0.0,0.0,0.0,0.0,1984.2325062047794,0.0,0.0,0.0
2030-12-05 05:00:00,0.0,0.0,0.0,0.0,39.50551171829284,0.0,0.0,0.0,1888.1946710935867,0.0,0.0,0.0
2030-12-05 06:00:00,0.0,0.0,0.0,1818.3615375703662,6117.138206345786,0.0,0.0,0.0,4230.27059924692,0.0,0.0,0.0
2030-12-05 07:00:00,0.0,0.0,0.0,3199.99,8111.630980766029,0.0,0.0,0.0,6542.6739900107805,0.0,0.0,0.0
2030-12-05 08:00:00,0.0,0.0,0.0,869.6576624296358,7239.567801468947,0.0,0.0,470.0000000000005,4010.6320015588744,0.0,0.0,0.0
2030-12-05 09:00:00,0.0,0.0,0.0,0.0,3302.014290798157,0.0,0.0,0.0,0.0,0.0,0.0,0.0
2030-12-05 10:00:00,0.0,0.0,0.0,0.0,258.51255943066644,0.0,0.0,394.80000000000047,0.0,0.0,0.0,0.0
2030-12-05 11:00:00,0.0,0.0,0.0,0.0,0.0,0.0,0.0,0.0,0.0,0.0,0.0,0.0
2030-12-05 12:00:00,0.0,0.0,0.0,0.0,0.0,0.0,0.0,0.0,0.0,0.0,0.0,0.0
2030-12-05 13:00:00,0.0,0.0,0.0,0.0,0.0,0.0,0.0,0.0,0.0,0.0,0.0,0.0
2030-12-05 14:00:00,0.0,0.0,0.0,0.0,0.0,0.0,0.0,0.0,0.0,0.0,0.0,0.0
2030-12-05 15:00:00,0.0,0.0,0.0,0.0,0.0,0.0,0.0,0.0,166.03270363937418,0.0,0.0,0.0
2030-12-05 16:00:00,0.0,0.0,0.0,0.0,8244.253260201207,0.0,0.0,0.0,603.5133252261212,0.0,0.0,0.0
2030-12-05 17:00:00,0.0,0.0,0.0,0.0,9847.0,506.33804179902756,870.9876923705731,325.61600000000044,1098.7404766088393,0.0,0.0,0.0
2030-12-05 18:00:00,0.0,0.0,0.0,0.0,9847.0,0.0,266.18240332185627,470.0000000000005,1426.722623743954,0.0,0.0,0.0
2030-12-05 19:00:00,0.0,0.0,0.0,0.0,9847.0,0.0,0.0,0.0,1144.8037804851901,0.0,0.0,0.0
2030-12-05 20:00:00,0.0,0.0,0.0,0.0,9847.0,0.0,0.0,0.0,920.6104546586557,0.0,0.0,0.0
2030-12-05 21:00:00,0.0,0.0,0.0,0.0,9847.0,1850.0,0.0,0.0,824.6867374112685,0.0,0.0,0.0
2030-12-05 22:00:00,0.0,0.0,0.0,0.0,9847.0,1850.0,110.64328960558487,0.0,969.8299852013633,0.0,0.0,0.0
2030-12-05 23:00:00,0.0,0.0,0.0,0.0,9847.0,1850.0,230.16933621445787,0.0,911.3693527884393,0.0,0.0,0.0
2030-12-06 00:00:00,0.0,0.0,0.0,0.0,9847.0,1850.0,1950.0,470.0000000000005,2354.2095023613942,0.0,0.0,0.0
2030-12-06 01:00:00,0.0,0.0,0.0,0.0,9847.0,1850.0,1019.3458924353399,0.0,2461.423105939067,0.0,0.0,0.0
2030-12-06 02:00:00,0.0,0.0,0.0,0.0,9847.0,1850.0,345.6702212333694,394.80000000000047,4200.951975108925,0.0,0.0,0.0
2030-12-06 03:00:00,0.0,1094.9757417696321,0.0,0.0,9847.0,1850.0,0.0,0.0,8530.0,0.0,0.0,0.0
2030-12-06 04:00:00,0.0,0.0,0.0,0.0,9847.0,0.0,0.0,0.0,8530.0,0.0,0.0,0.0
2030-12-06 05:00:00,0.0,0.0,0.0,0.0,9847.0,1850.0,0.0,0.0,8530.0,0.0,0.0,0.0
2030-12-06 06:00:00,0.0,0.0,0.0,0.0,9847.0,1850.0,1950.0,0.0,8530.0,0.0,0.0,0.0
2030-12-06 07:00:00,1297.0,1644.1,2742.3312177438006,0.0,9847.0,1850.0,1950.0,394.80000000000047,8530.0,0.0,0.0,0.0
2030-12-06 08:00:00,1297.0,1644.1,1509.8718934145672,0.0,9847.0,1850.0,1950.0,470.0000000000005,8530.0,0.0,0.0,0.0
2030-12-06 09:00:00,0.0,0.0,0.0,0.0,9847.0,1850.0,1024.3385141666222,0.0,8330.356618415663,0.0,0.0,0.0
2030-12-06 10:00:00,0.0,0.0,0.0,0.0,9847.0,205.13756424198073,0.0,0.0,7852.465679403409,0.0,0.0,0.0
2030-12-06 11:00:00,0.0,0.0,0.0,0.0,9847.0,0.0,0.0,0.0,7245.327158264405,0.0,0.0,0.0
2030-12-06 12:00:00,0.0,0.0,0.0,0.0,9847.0,0.0,0.0,0.0,7041.456077275312,0.0,0.0,0.0
2030-12-06 13:00:00,0.0,0.0,0.0,0.0,9847.0,0.0,0.0,0.0,7264.792586567388,0.0,0.0,0.0
2030-12-06 14:00:00,0.0,0.0,0.0,0.0,9847.0,0.0,0.0,0.0,7464.994691951628,0.0,0.0,0.0
2030-12-06 15:00:00,1297.0,1644.1,7381.64,2688.0192000000015,9847.0,433.72588927888137,0.0,0.0,8210.209011986786,0.0,0.0,0.0
2030-12-06 16:00:00,1297.0,1644.1,7381.64,3199.99,9847.0,1850.0,1950.0,394.80000000000047,8530.0,0.0,0.0,260.3568750055829
2030-12-06 17:00:00,1182.3531201316034,1644.1,7381.64,0.0,9847.0,1850.0,1950.0,470.0000000000005,8530.0,0.0,0.0,300.84312499441717
2030-12-06 18:00:00,0.0,0.0,5274.190826002408,0.0,9847.0,1850.0,1950.0,0.0,8530.0,0.0,0.0,0.0
2030-12-06 19:00:00,0.0,0.0,0.0,0.0,9847.0,1850.0,0.0,0.0,8530.0,0.0,0.0,0.0
2030-12-06 20:00:00,0.0,0.0,0.0,0.0,9847.0,1239.0948255556868,0.0,0.0,8530.0,0.0,0.0,0.0
2030-12-06 21:00:00,0.0,0.0,0.0,0.0,9847.0,1850.0,197.5342418532091,0.0,8530.0,0.0,0.0,0.0
2030-12-06 22:00:00,0.0,0.0,0.0,0.0,9847.0,1850.0,332.5815391895439,413.8497034140756,8530.0,0.0,0.0,0.0
2030-12-06 23:00:00,0.0,0.0,0.0,0.0,9847.0,1850.0,719.6894760426658,0.0,8530.0,0.0,0.0,0.0
2030-12-07 00:00:00,0.0,0.0,0.0,0.0,9847.0,1850.0,1950.0,381.7662965859254,8530.0,0.0,0.0,0.0
2030-12-07 01:00:00,0.0,0.0,0.0,0.0,9847.0,1850.0,0.0,0.0,4474.637775803963,0.0,0.0,0.0
2030-12-07 02:00:00,0.0,0.0,0.0,0.0,9847.0,1850.0,0.0,0.0,3927.9518361732225,0.0,0.0,0.0
2030-12-07 03:00:00,0.0,0.0,0.0,0.0,9847.0,1850.0,0.0,0.0,4021.685766245414,0.0,0.0,0.0
2030-12-07 04:00:00,0.0,0.0,0.0,0.0,9847.0,0.0,0.0,0.0,4054.8519439667243,0.0,0.0,0.0
2030-12-07 05:00:00,0.0,0.0,0.0,0.0,9847.0,1850.0,124.78649659338065,394.80000000000047,8530.0,0.0,0.0,0.0
2030-12-07 06:00:00,0.0,0.0,0.0,0.0,9847.0,1850.0,0.0,0.0,8530.0,0.0,0.0,0.0
2030-12-07 07:00:00,0.0,0.0,0.0,0.0,9847.0,1850.0,0.0,470.0000000000005,8530.0,0.0,0.0,0.0
2030-12-07 08:00:00,0.0,0.0,0.0,0.0,9847.0,1850.0,1950.0,0.0,8530.0,0.0,0.0,0.0
2030-12-07 09:00:00,0.0,0.0,0.0,0.0,9847.0,1850.0,1934.3606727431916,0.0,8530.0,0.0,0.0,0.0
2030-12-07 10:00:00,0.0,0.0,0.0,0.0,9847.0,1850.0,0.0,0.0,7578.091432093921,0.0,0.0,0.0
2030-12-07 11:00:00,0.0,0.0,0.0,0.0,9847.0,0.0,0.0,0.0,1549.6592167152812,0.0,0.0,0.0
2030-12-07 12:00:00,0.0,0.0,0.0,0.0,9847.0,0.0,0.0,0.0,787.6396218063478,0.0,0.0,0.0
2030-12-07 13:00:00,0.0,0.0,0.0,0.0,9847.0,229.2902218409581,0.0,0.0,6697.882386450374,0.0,0.0,0.0
2030-12-07 14:00:00,0.0,0.0,0.0,0.0,9847.0,0.0,0.0,0.0,8255.936339360704,0.0,0.0,0.0
2030-12-07 15:00:00,0.0,0.0,0.0,0.0,9847.0,1850.0,373.04362115392723,0.0,8530.0,0.0,0.0,0.0
2030-12-07 16:00:00,0.0,0.0,816.0352214059121,0.0,9847.0,1850.0,1950.0,0.0,8530.0,0.0,0.0,0.0
2030-12-07 17:00:00,0.0,0.0,375.8715775776873,3199.99,9847.0,1850.0,627.652152762409,470.0000000000005,8530.0,0.0,0.0,0.0
2030-12-07 18:00:00,0.0,0.0,151.95617562546704,2688.0192000000015,9847.0,1850.0,1950.0,394.80000000000047,8530.0,0.0,0.0,0.0
2030-12-07 19:00:00,0.0,0.0,0.0,0.0,9847.0,1850.0,1950.0,0.0,8530.0,0.0,0.0,0.0
2030-12-07 20:00:00,0.0,0.0,0.0,0.0,9847.0,1850.0,0.0,0.0,8530.0,0.0,0.0,0.0
2030-12-07 21:00:00,0.0,0.0,0.0,0.0,9847.0,1850.0,0.0,121.72585863438337,8530.0,0.0,0.0,0.0
2030-12-07 22:00:00,0.0,0.0,0.0,0.0,9847.0,1850.0,0.0,0.0,8530.0,0.0,0.0,0.0
2030-12-07 23:00:00,0.0,0.0,0.0,0.0,9847.0,0.0,0.0,0.0,8530.0,0.0,0.0,0.0
2030-12-08 00:00:00,0.0,0.0,0.0,0.0,9847.0,0.0,0.0,0.0,7894.839589895706,0.0,0.0,0.0
2030-12-08 01:00:00,0.0,0.0,0.0,0.0,8151.213626853132,0.0,0.0,0.0,8157.084732245014,0.0,0.0,0.0
2030-12-08 02:00:00,0.0,0.0,0.0,0.0,5478.114653293669,0.0,0.0,0.0,8378.641365271622,0.0,0.0,0.0
2030-12-08 03:00:00,0.0,0.0,0.0,0.0,508.67796026215365,0.0,0.0,0.0,6516.559507027241,0.0,0.0,0.0
2030-12-08 04:00:00,0.0,0.0,0.0,0.0,0.0,0.0,0.0,0.0,2320.4255356110143,0.0,0.0,0.0
2030-12-08 05:00:00,0.0,0.0,0.0,0.0,0.0,0.0,0.0,0.0,1023.1166186980772,0.0,0.0,0.0
2030-12-08 06:00:00,0.0,0.0,0.0,0.0,0.0,0.0,0.0,0.0,3009.099468074557,0.0,0.0,0.0
2030-12-08 07:00:00,0.0,0.0,0.0,0.0,3040.2511555163437,0.0,0.0,0.0,3291.3366413964077,0.0,0.0,0.0
2030-12-08 08:00:00,0.0,0.0,0.0,0.0,4729.797178706605,0.0,0.0,0.0,0.0,0.0,0.0,0.0
2030-12-08 09:00:00,0.0,0.0,0.0,0.0,2218.1081579476304,0.0,0.0,470.0000000000005,0.0,0.0,0.0,0.0
2030-12-08 10:00:00,0.0,0.0,0.0,0.0,1806.9397576749834,0.0,0.0,394.80000000000047,0.0,0.0,0.0,0.0
2030-12-08 11:00:00,0.0,0.0,0.0,0.0,1682.1722685522254,0.0,0.0,0.0,0.0,0.0,0.0,0.0
2030-12-08 12:00:00,0.0,0.0,0.0,0.0,0.0,0.0,0.0,0.0,1043.5909702866793,0.0,0.0,0.0
2030-12-08 13:00:00,0.0,0.0,0.0,0.0,0.0,0.0,0.0,0.0,2984.232533310901,0.0,0.0,0.0
2030-12-08 14:00:00,0.0,0.0,0.0,0.0,0.0,0.0,0.0,0.0,3087.335457334583,0.0,0.0,0.0
2030-12-08 15:00:00,0.0,0.0,0.0,0.0,0.0,0.0,0.0,0.0,3383.28442365089,0.0,0.0,0.0
2030-12-08 16:00:00,0.0,0.0,2579.037759376006,0.0,3176.7682236565743,0.0,0.0,0.0,3645.3287342704225,0.0,0.0,0.0
2030-12-08 17:00:00,1297.0,20.422747491829796,7381.64,0.0,4119.087910913633,0.0,0.0,124.93867219418055,3816.0155648333703,0.0,0.0,0.0
2030-12-08 18:00:00,1297.0,1644.1,7381.64,2473.9626145783477,2690.3847752389556,0.0,0.0,0.0,3799.031930841994,0.0,0.0,0.0
2030-12-08 19:00:00,1297.0,1644.1,7381.64,214.056585421654,0.0,0.0,0.0,272.8693278058199,3543.1826886253693,0.0,0.0,0.0
2030-12-08 20:00:00,1297.0,1644.1,7381.64,3199.99,0.0,0.0,0.0,0.0,4222.749160010996,0.0,0.0,0.0
2030-12-08 21:00:00,1297.0,1644.1,7381.64,0.0,1622.0426923082268,0.0,0.0,0.0,5328.393055537491,0.0,0.0,0.0
2030-12-08 22:00:00,1297.0,1644.1,7381.64,0.0,4491.536978259988,0.0,0.0,0.0,6642.0428738944975,0.0,0.0,0.0
2030-12-08 23:00:00,1297.0,1644.1,7381.64,0.0,4957.548511600449,0.0,0.0,0.0,7276.020848100514,0.0,0.0,0.0
2030-12-09 00:00:00,1297.0,1644.1,7381.64,0.0,5899.210707967693,0.0,0.0,470.0000000000005,8530.0,0.0,2290.0,111.41034723239727
2030-12-09 01:00:00,0.0,0.0,7381.64,0.0,4668.166176750543,0.0,0.0,0.0,8530.0,0.0,1652.3855439183446,243.58669637419436
2030-12-09 02:00:00,0.0,0.0,7381.64,0.0,3027.484178419443,0.0,0.0,394.80000000000047,8530.0,0.0,0.0,0.0
2030-12-09 03:00:00,0.0,0.0,4482.493329484401,0.0,233.13080792369146,0.0,0.0,0.0,8530.0,0.0,0.0,0.0
2030-12-09 04:00:00,0.0,0.0,5933.065656361399,0.0,0.0,0.0,0.0,0.0,8530.0,0.0,0.0,0.0
2030-12-09 05:00:00,0.0,0.0,7381.64,0.0,0.0,0.0,0.0,0.0,8530.0,0.0,0.0,0.0
2030-12-09 06:00:00,1016.6866224246114,1644.1,7381.64,0.0,0.0,0.0,0.0,0.0,8530.0,0.0,1179.6486011261477,0.0
2030-12-09 07:00:00,1297.0,1644.1,7381.64,3199.99,3727.363598688891,0.0,0.0,0.0,8530.0,0.0,774.3887051944221,0.0
2030-12-09 08:00:00,1297.0,1644.1,7381.64,2060.4695332126284,4212.067788658715,0.0,0.0,470.0000000000005,8530.0,0.0,0.0,206.20295639340839
2030-12-09 09:00:00,0.0,0.0,2301.0421489940636,0.0,985.9139310591709,0.0,0.0,394.80000000000047,8114.784446981585,0.0,0.0,0.0
2030-12-09 10:00:00,0.0,0.0,0.0,0.0,0.0,0.0,0.0,0.0,6785.709484343855,0.0,0.0,0.0
2030-12-09 11:00:00,0.0,0.0,0.0,0.0,0.0,0.0,0.0,0.0,5528.696284653116,0.0,0.0,0.0
2030-12-09 12:00:00,0.0,0.0,0.0,0.0,0.0,0.0,0.0,0.0,5510.958865161812,0.0,0.0,0.0
2030-12-09 13:00:00,0.0,0.0,0.0,0.0,0.0,0.0,0.0,0.0,6127.959336206412,0.0,0.0,0.0
2030-12-09 14:00:00,0.0,0.0,0.0,0.0,0.0,0.0,0.0,0.0,6952.602360252076,0.0,0.0,0.0
2030-12-09 15:00:00,1297.0,1644.1,7381.64,1214.2365650557622,2873.026619138436,0.0,0.0,0.0,8337.01090428397,0.0,0.0,0.0
2030-12-09 16:00:00,1297.0,1644.1,7381.64,1228.6832427658228,9847.0,0.0,0.0,0.0,8530.0,0.0,497.21935443558823,0.0
2030-12-09 17:00:00,0.0,1499.5267171766682,7381.64,0.0,9847.0,951.6503900132811,0.0,0.0,8530.0,0.0,1282.0685792469762,0.0
2030-12-09 18:00:00,0.0,0.0,7381.64,0.0,9847.0,632.8401232433671,675.7769767435174,0.0,8530.0,0.0,1133.0603626219481,0.0
2030-12-09 19:00:00,0.0,0.0,4103.052691935256,0.0,9847.0,1850.0,0.0,0.0,8530.0,0.0,0.0,0.0
2030-12-09 20:00:00,0.0,0.0,1140.0849330352403,0.0,9847.0,0.0,0.0,0.0,8530.0,0.0,0.0,0.0
2030-12-09 21:00:00,0.0,0.0,0.0,0.0,9847.0,1390.611228330336,0.0,0.0,8530.0,0.0,0.0,0.0
2030-12-09 22:00:00,0.0,0.0,0.0,0.0,9847.0,1850.0,224.22302325648343,0.0,8530.0,0.0,0.0,0.0
2030-12-09 23:00:00,0.0,0.0,0.0,0.0,9847.0,1850.0,1950.0,306.2771739102967,8530.0,0.0,0.0,0.0
2030-12-10 00:00:00,0.0,0.0,0.0,0.0,9847.0,1850.0,1950.0,470.0000000000005,8530.0,0.0,0.0,0.0
2030-12-10 01:00:00,0.0,0.0,0.0,0.0,9847.0,1850.0,1950.0,88.52282608970381,8530.0,0.0,0.0,0.0
2030-12-10 02:00:00,0.0,0.0,0.0,0.0,9847.0,1850.0,1950.0,0.0,3264.422427673777,0.0,0.0,0.0
2030-12-10 03:00:00,0.0,0.0,0.0,0.0,9847.0,21.003379558773304,0.0,0.0,3121.369164521063,0.0,0.0,0.0
2030-12-10 04:00:00,0.0,0.0,0.0,0.0,9847.0,0.0,0.0,0.0,3454.1431577206813,0.0,0.0,0.0
2030-12-10 05:00:00,0.0,0.0,0.0,0.0,9847.0,0.0,1475.9550000000002,42.98744372841204,3327.9038479367546,0.0,0.0,0.0
2030-12-10 06:00:00,0.0,0.0,0.0,0.0,9847.0,0.0,0.0,354.82055627158843,2906.9525763735473,0.0,0.0,0.0
2030-12-10 07:00:00,0.0,0.0,0.0,0.0,9847.0,1850.0,0.0,0.0,2534.1388319362077,0.0,0.0,0.0
2030-12-10 08:00:00,0.0,0.0,0.0,0.0,9137.745914796335,0.0,0.0,0.0,1163.5194858400769,0.0,0.0,0.0
2030-12-10 09:00:00,0.0,0.0,0.0,0.0,1437.0102639571705,0.0,0.0,0.0,0.0,0.0,0.0,0.0
2030-12-10 10:00:00,0.0,0.0,0.0,0.0,0.0,0.0,0.0,0.0,0.0,0.0,0.0,0.0
2030-12-10 11:00:00,0.0,0.0,0.0,0.0,0.0,0.0,0.0,0.0,0.0,0.0,0.0,0.0
2030-12-10 12:00:00,0.0,0.0,0.0,0.0,0.0,0.0,0.0,0.0,0.0,0.0,0.0,0.0
2030-12-10 13:00:00,0.0,0.0,0.0,0.0,0.0,0.0,0.0,0.0,0.0,0.0,0.0,0.0
2030-12-10 14:00:00,0.0,0.0,0.0,0.0,0.0,0.0,0.0,0.0,166.06795888122952,0.0,0.0,0.0
2030-12-10 15:00:00,0.0,0.0,0.0,0.0,0.0,0.0,0.0,0.0,1098.6600323930343,0.0,0.0,0.0
2030-12-10 16:00:00,0.0,0.0,0.0,0.0,9847.0,0.0,1452.573730539043,0.0,1623.3610621517032,0.0,0.0,0.0
2030-12-10 17:00:00,0.0,0.0,0.0,3199.99,9847.0,0.0,1950.0,470.0000000000005,2165.850450652166,0.0,0.0,0.0
2030-12-10 18:00:00,0.0,0.0,0.0,2688.0192000000015,9847.0,0.0,1950.0,394.80000000000047,2509.393063178635,0.0,0.0,0.0
2030-12-10 19:00:00,0.0,0.0,0.0,0.0,9847.0,0.0,0.0,0.0,2174.192075959243,0.0,0.0,0.0
2030-12-10 20:00:00,0.0,0.0,0.0,0.0,9847.0,0.0,0.0,0.0,1919.9928691942127,0.0,0.0,0.0
2030-12-10 21:00:00,0.0,0.0,0.0,0.0,9847.0,0.0,0.0,0.0,1820.3449440098589,0.0,0.0,0.0
2030-12-10 22:00:00,0.0,0.0,0.0,787.6641125106398,9847.0,0.0,0.0,470.0000000000005,1983.1555217016362,0.0,0.0,0.0
2030-12-10 23:00:00,0.0,0.0,0.0,0.0,9847.0,0.0,0.0,0.0,1899.2572764096303,0.0,0.0,0.0
2030-12-11 00:00:00,0.0,0.0,0.0,0.0,9847.0,0.0,0.0,0.0,2754.522780129112,0.0,0.0,0.0
2030-12-11 01:00:00,0.0,0.0,0.0,0.0,7376.737134405514,0.0,0.0,0.0,2859.1533577633,0.0,0.0,0.0
2030-12-11 02:00:00,0.0,0.0,0.0,0.0,7723.6326547649805,0.0,0.0,0.0,2861.3485445123115,0.0,0.0,0.0
2030-12-11 03:00:00,0.0,0.0,0.0,0.0,9394.165010896564,0.0,0.0,0.0,3060.7715089952044,0.0,0.0,0.0
2030-12-11 04:00:00,0.0,0.0,0.0,0.0,3330.3058351902437,0.0,0.0,0.0,3257.987320239449,0.0,0.0,0.0
2030-12-11 05:00:00,0.0,0.0,0.0,0.0,9847.0,0.0,0.0,0.0,3096.6839720205226,0.0,0.0,0.0
2030-12-11 06:00:00,0.0,0.0,0.0,0.0,9847.0,0.0,1708.606012769509,0.0,2780.298890620462,0.0,0.0,0.0
2030-12-11 07:00:00,0.0,0.0,0.0,3199.99,9847.0,1850.0,1950.0,470.0000000000005,2577.527238185845,0.0,0.0,0.0
2030-12-11 08:00:00,0.0,0.0,0.0,2688.0192000000015,9847.0,704.6662416653271,1950.0,394.80000000000047,2001.1307717551517,0.0,0.0,0.0
2030-12-11 09:00:00,0.0,0.0,0.0,0.0,9847.0,0.0,0.0,0.0,515.9877277963753,0.0,0.0,530.7461496354533
2030-12-11 10:00:00,0.0,0.0,0.0,0.0,9847.0,0.0,0.0,0.0,0.0,0.0,0.0,30.453850364546724
2030-12-11 11:00:00,0.0,0.0,0.0,0.0,9847.0,0.0,0.0,0.0,0.0,0.0,0.0,0.0
2030-12-11 12:00:00,0.0,0.0,0.0,0.0,9847.0,0.0,0.0,0.0,0.0,0.0,0.0,0.0
2030-12-11 13:00:00,0.0,0.0,0.0,0.0,9847.0,0.0,0.0,0.0,27.398029757152017,0.0,0.0,0.0
2030-12-11 14:00:00,0.0,0.0,0.0,0.0,9847.0,0.0,0.0,0.0,405.65883884495406,0.0,0.0,0.0
2030-12-11 15:00:00,0.0,0.0,0.0,0.0,9847.0,0.0,0.0,0.0,1901.2687705365697,0.0,0.0,0.0
2030-12-11 16:00:00,0.0,0.0,0.0,161.53691897221086,9847.0,0.0,0.0,1.6000285612515064,8530.0,0.0,0.0,0.0
2030-12-11 17:00:00,0.0,0.0,0.0,0.0,9847.0,1850.0,0.0,0.0,8530.0,0.0,0.0,0.0
2030-12-11 18:00:00,0.0,0.0,0.0,0.0,9847.0,0.0,0.0,0.0,8530.0,0.0,0.0,0.0
2030-12-11 19:00:00,0.0,0.0,0.0,0.0,9847.0,1850.0,0.0,0.0,8530.0,0.0,0.0,0.0
2030-12-11 20:00:00,0.0,0.0,0.0,0.0,9847.0,0.0,0.0,0.0,8530.0,0.0,0.0,0.0
2030-12-11 21:00:00,0.0,0.0,0.0,0.0,9847.0,1850.0,0.0,0.0,8530.0,0.0,0.0,0.0
2030-12-11 22:00:00,0.0,0.0,0.0,0.0,9847.0,0.0,0.0,0.0,8530.0,0.0,0.0,0.0
2030-12-11 23:00:00,0.0,0.0,0.0,0.0,9847.0,1056.1804852211558,0.0,0.0,8530.0,0.0,0.0,0.0
2030-12-12 00:00:00,0.0,0.0,0.0,0.0,9847.0,1850.0,0.0,0.0,8530.0,0.0,0.0,0.0
2030-12-12 01:00:00,0.0,0.0,0.0,0.0,9847.0,0.0,0.0,0.0,8530.0,0.0,0.0,0.0
2030-12-12 02:00:00,0.0,0.0,0.0,0.0,9847.0,0.0,0.0,0.0,8530.0,0.0,0.0,0.0
2030-12-12 03:00:00,0.0,0.0,0.0,0.0,9847.0,1850.0,0.0,0.0,8530.0,0.0,0.0,0.0
2030-12-12 04:00:00,0.0,0.0,0.0,0.0,9847.0,0.0,0.0,0.0,8530.0,0.0,0.0,0.0
2030-12-12 05:00:00,0.0,0.0,0.0,0.0,9847.0,1850.0,0.0,0.0,8530.0,0.0,0.0,0.0
2030-12-12 06:00:00,0.0,0.0,0.0,0.0,9847.0,1850.0,0.0,0.0,8530.0,0.0,0.0,0.0
2030-12-12 07:00:00,0.0,0.0,0.0,0.0,9847.0,1850.0,0.0,0.0,8530.0,0.0,0.0,0.0
2030-12-12 08:00:00,0.0,0.0,0.0,0.0,9847.0,1850.0,0.0,0.0,8530.0,0.0,0.0,0.0
2030-12-12 09:00:00,0.0,0.0,0.0,0.0,9847.0,1850.0,0.0,0.0,8530.0,0.0,0.0,0.0
2030-12-12 10:00:00,0.0,0.0,0.0,0.0,9847.0,1833.0194317830974,0.0,0.0,8530.0,0.0,0.0,0.0
2030-12-12 11:00:00,0.0,0.0,0.0,0.0,9847.0,713.2518062605975,0.0,0.0,8530.0,0.0,0.0,0.0
2030-12-12 12:00:00,0.0,0.0,0.0,0.0,9847.0,0.0,0.0,0.0,8051.97672115053,0.0,0.0,0.0
2030-12-12 13:00:00,0.0,0.0,0.0,0.0,9847.0,181.39850133343134,0.0,0.0,8530.0,0.0,0.0,0.0
2030-12-12 14:00:00,0.0,0.0,0.0,0.0,9847.0,0.0,0.0,0.0,8530.0,0.0,0.0,0.0
2030-12-12 15:00:00,0.0,0.0,2360.4846025133224,0.0,9847.0,1850.0,0.0,0.0,8530.0,0.0,0.0,0.0
2030-12-12 16:00:00,1297.0,1644.1,7381.64,0.0,9847.0,1850.0,0.0,0.0,8530.0,2070.0,2290.0,0.0
2030-12-12 17:00:00,1297.0,1644.1,7381.64,3109.885055471714,9847.0,1850.0,0.0,394.80000000000047,8530.0,2070.0,2290.0,561.2
2030-12-12 18:00:00,1297.0,1644.1,7381.64,2778.124144528287,9847.0,1850.0,308.84439554567916,470.0000000000005,8530.0,2070.0,2290.0,0.0
2030-12-12 19:00:00,1297.0,1644.1,7381.64,0.0,9847.0,1850.0,0.0,0.0,8530.0,2070.0,2290.0,0.0
2030-12-12 20:00:00,1297.0,1644.1,7381.64,0.0,9847.0,1850.0,0.0,0.0,8530.0,2070.0,2290.0,0.0
2030-12-12 21:00:00,1297.0,1644.1,7381.64,0.0,9847.0,1850.0,0.0,0.0,8530.0,2070.0,2290.0,0.0
2030-12-12 22:00:00,1297.0,1644.1,7381.64,1616.9671690902096,9847.0,1850.0,227.16894941456394,470.0000000000005,8530.0,2070.0,2290.0,0.0
2030-12-12 23:00:00,1297.0,1644.1,7381.64,0.0,9847.0,1850.0,0.0,0.0,8530.0,2070.0,2290.0,0.0
2030-12-13 00:00:00,1297.0,1644.1,7381.64,0.0,9847.0,1850.0,441.5742535984564,0.0,8530.0,2070.0,2290.0,188.32791773062314
2030-12-13 01:00:00,1297.0,1644.1,7381.64,0.0,9847.0,1850.0,0.0,0.0,8530.0,2070.0,2290.0,0.0
2030-12-13 02:00:00,1297.0,1644.1,7381.64,1493.4491291840186,9847.0,1850.0,1321.3925554356551,394.80000000000047,8530.0,2070.0,2290.0,0.0
2030-12-13 03:00:00,1297.0,1644.1,7381.64,415.5277976970174,9847.0,1850.0,1323.4482862316838,0.0,8530.0,2070.0,2290.0,17.430782698435234
2030-12-13 04:00:00,1297.0,1644.1,7381.64,1785.1414453743419,9847.0,1850.0,0.0,0.0,8530.0,2070.0,2290.0,443.2063477903275
2030-12-13 05:00:00,1297.0,1644.1,7381.64,2193.890827744623,9847.0,1850.0,1950.0,397.80800000000045,8530.0,2070.0,2290.0,100.5628695112373
2030-12-13 06:00:00,1297.0,1644.1,7381.64,0.0,9847.0,1850.0,1950.0,0.0,8530.0,2070.0,2290.0,0.0
2030-12-13 07:00:00,1297.0,1644.1,7381.64,0.0,9847.0,1850.0,1950.0,0.0,8530.0,2070.0,2290.0,0.0
2030-12-13 08:00:00,1297.0,1644.1,7381.64,0.0,9847.0,1850.0,0.0,0.0,8530.0,2070.0,2290.0,0.0
2030-12-13 09:00:00,1297.0,1644.1,7381.64,0.0,9847.0,833.2595306673466,0.0,0.0,8530.0,0.0,504.21372383712696,0.0
2030-12-13 10:00:00,349.4253555820406,1232.8440620266183,7381.64,0.0,9847.0,0.0,0.0,0.0,8530.0,0.0,0.0,0.0
2030-12-13 11:00:00,559.601383534784,0.0,7381.64,0.0,9847.0,0.0,0.0,0.0,8530.0,0.0,0.0,0.0
2030-12-13 12:00:00,1297.0,179.9450390001657,7381.64,0.0,9847.0,0.0,0.0,0.0,8530.0,0.0,0.0,0.0
2030-12-13 13:00:00,1297.0,1644.1,7381.64,1505.851308404628,9847.0,929.6619203766954,0.0,0.0,8530.0,0.0,0.0,0.0
2030-12-13 14:00:00,1297.0,1644.1,7381.64,3199.99,9847.0,0.0,0.0,0.0,8530.0,0.0,0.0,0.0
2030-12-13 15:00:00,1297.0,1644.1,7381.64,0.0,9847.0,1850.0,0.0,0.0,8530.0,0.0,955.4288489305145,0.0
2030-12-13 16:00:00,1297.0,1644.1,7381.64,0.0,9847.0,1850.0,1950.0,470.0000000000005,8530.0,2070.0,2290.0,0.0
2030-12-13 17:00:00,1297.0,1644.1,7381.64,1182.1678915953732,9847.0,1850.0,1950.0,394.80000000000047,8530.0,2070.0,2290.0,561.2
2030-12-13 18:00:00,1297.0,1644.1,7381.64,0.0,9847.0,1850.0,192.5977395258542,0.0,8530.0,2070.0,2290.0,0.0
2030-12-13 19:00:00,1297.0,1644.1,7381.64,0.0,9847.0,1850.0,0.0,0.0,8530.0,994.5878994483705,2290.0,0.0
2030-12-13 20:00:00,1297.0,1644.1,7381.64,0.0,9847.0,1850.0,0.0,0.0,8530.0,805.5926587209055,2290.0,0.0
2030-12-13 21:00:00,1297.0,1644.1,7381.64,0.0,9847.0,1850.0,0.0,0.0,8530.0,897.2933635180661,2290.0,0.0
2030-12-13 22:00:00,1297.0,1644.1,7381.64,0.0,9847.0,1850.0,0.0,0.0,8530.0,1161.777646626459,2290.0,0.0
2030-12-13 23:00:00,1297.0,1644.1,7381.64,0.0,9847.0,1850.0,0.0,0.0,8530.0,1151.886562234623,2290.0,0.0
2030-12-14 00:00:00,1297.0,1644.1,7381.64,0.0,9847.0,0.0,0.0,0.0,8530.0,0.0,1423.0308051060665,0.0
2030-12-14 01:00:00,217.97581735452218,0.0,7381.64,0.0,9847.0,1850.0,0.0,0.0,8530.0,130.61600792137787,1470.4497029048584,0.0
2030-12-14 02:00:00,0.0,0.0,7381.64,0.0,9847.0,0.0,0.0,0.0,8530.0,14.032462486211113,1666.3108101158512,0.0
2030-12-14 03:00:00,0.0,0.0,7381.64,0.0,9847.0,16.509790179989068,0.0,0.0,8530.0,0.0,1426.9875734267034,0.0
2030-12-14 04:00:00,0.0,0.0,7381.64,0.0,9847.0,0.0,0.0,0.0,8530.0,181.8915493958557,2290.0,0.0
2030-12-14 05:00:00,1297.0,1644.1,7381.64,2560.6900674185817,9847.0,105.03829886897438,0.0,0.0,8530.0,63.51631728145685,2290.0,0.0
2030-12-14 06:00:00,1297.0,1644.1,7381.64,127.32913258141997,9847.0,1850.0,0.0,397.80800000000045,8530.0,67.09969063992102,1785.6564095865956,0.0
2030-12-14 07:00:00,1297.0,1644.1,7381.64,3199.99,9847.0,1850.0,1475.9550000000002,0.0,8530.0,0.0,1401.0652047361687,0.0
2030-12-14 08:00:00,1297.0,1644.1,7381.64,0.0,9847.0,0.0,0.0,0.0,8530.0,130.61600792137787,190.08131190980976,0.0
2030-12-14 09:00:00,55.820943880749255,62.489089401799816,4775.455300212612,0.0,9847.0,31.94523530868082,0.0,0.0,8530.0,65.30800396068894,0.0,0.0
2030-12-14 10:00:00,0.0,0.0,0.0,0.0,9847.0,0.0,0.0,0.0,7074.861089504997,0.0,0.0,0.0
2030-12-14 11:00:00,0.0,0.0,0.0,0.0,9847.0,0.0,0.0,0.0,6183.317703251514,0.0,0.0,0.0
2030-12-14 12:00:00,0.0,0.0,0.0,0.0,9847.0,0.0,0.0,0.0,6467.407743746694,0.0,0.0,0.0
2030-12-14 13:00:00,0.0,0.0,0.0,0.0,9847.0,0.0,0.0,0.0,7364.702913942625,0.0,0.0,0.0
2030-12-14 14:00:00,0.0,0.0,0.0,0.0,9847.0,0.0,0.0,0.0,8291.090603382601,0.0,0.0,0.0
2030-12-14 15:00:00,334.92566328449556,374.9345364107989,1425.8848283593397,0.0,9847.0,0.0,0.0,0.0,8530.0,0.0,0.0,0.0
2030-12-14 16:00:00,55.820943880749255,0.0,0.0,0.0,9847.0,0.0,0.0,132.06927645811416,8530.0,0.0,0.0,0.0
2030-12-14 17:00:00,55.820943880749255,124.97817880359963,0.0,0.0,9847.0,0.0,99.62457667305513,470.0000000000005,8530.0,522.4640316855115,0.0,0.0
2030-12-14 18:00:00,0.0,62.489089401799816,0.0,0.0,9847.0,0.0,0.0,0.0,8530.0,0.0,0.0,0.0
2030-12-14 19:00:00,0.0,62.489089401799816,0.0,0.0,8848.473475036404,0.0,0.0,0.0,8530.0,0.0,0.0,0.0
2030-12-14 20:00:00,167.46283164224775,0.0,0.0,0.0,7084.900512541091,0.0,0.0,0.0,8530.0,195.9240118820668,0.0,0.0
2030-12-14 21:00:00,55.820943880749255,124.97817880359963,0.0,0.0,9847.0,0.0,366.00671475676063,394.80000000000047,8530.0,65.30800396068894,0.0,0.0
2030-12-14 22:00:00,0.0,0.0,0.0,0.0,9847.0,0.0,978.6470260240385,470.0000000000005,4278.779784932962,0.0,0.0,0.0
2030-12-14 23:00:00,0.0,0.0,0.0,0.0,3281.129196660244,0.0,0.0,0.0,2115.420746575498,0.0,0.0,0.0
2030-12-15 00:00:00,0.0,0.0,0.0,0.0,1985.3158789739973,0.0,0.0,0.0,0.0,0.0,0.0,0.0
2030-12-15 01:00:00,0.0,0.0,0.0,0.0,0.0,0.0,0.0,0.0,0.0,0.0,0.0,0.0
2030-12-15 02:00:00,0.0,0.0,0.0,0.0,0.0,0.0,0.0,0.0,0.0,0.0,0.0,0.0
2030-12-15 03:00:00,0.0,0.0,0.0,0.0,0.0,0.0,0.0,0.0,0.0,0.0,0.0,0.0
2030-12-15 04:00:00,0.0,0.0,0.0,0.0,0.0,0.0,0.0,0.0,0.0,0.0,0.0,0.0
2030-12-15 05:00:00,0.0,0.0,0.0,0.0,0.0,0.0,0.0,0.0,0.0,0.0,0.0,0.0
2030-12-15 06:00:00,0.0,0.0,0.0,1495.156691050809,0.0,0.0,0.0,0.0,0.0,0.0,0.0,0.0
2030-12-15 07:00:00,0.0,0.0,0.0,3199.99,0.0,0.0,0.0,0.0,0.0,0.0,0.0,0.0
2030-12-15 08:00:00,0.0,0.0,0.0,988.4617617151229,0.0,0.0,0.0,0.0,0.0,0.0,0.0,0.0
2030-12-15 09:00:00,0.0,0.0,0.0,0.0,0.0,0.0,0.0,0.0,0.0,0.0,0.0,0.0
2030-12-15 10:00:00,0.0,0.0,0.0,0.0,0.0,0.0,0.0,0.0,0.0,0.0,0.0,0.0
2030-12-15 11:00:00,0.0,0.0,0.0,0.0,0.0,0.0,0.0,0.0,0.0,0.0,0.0,0.0
2030-12-15 12:00:00,0.0,0.0,0.0,0.0,0.0,0.0,0.0,0.0,0.0,0.0,0.0,0.0
2030-12-15 13:00:00,0.0,0.0,0.0,0.0,0.0,0.0,0.0,0.0,0.0,0.0,0.0,0.0
2030-12-15 14:00:00,0.0,0.0,0.0,0.0,0.0,0.0,0.0,0.0,0.0,0.0,0.0,0.0
2030-12-15 15:00:00,0.0,0.0,0.0,0.0,0.0,0.0,0.0,0.0,0.0,0.0,0.0,0.0
2030-12-15 16:00:00,0.0,0.0,0.0,0.0,0.0,0.0,0.0,0.0,0.0,0.0,0.0,0.0
2030-12-15 17:00:00,0.0,0.0,0.0,0.0,0.0,0.0,0.0,0.0,0.0,0.0,0.0,0.0
2030-12-15 18:00:00,0.0,0.0,0.0,0.0,0.0,0.0,0.0,0.0,0.0,0.0,0.0,0.0
2030-12-15 19:00:00,0.0,0.0,0.0,0.0,0.0,0.0,0.0,0.0,0.0,0.0,0.0,0.0
2030-12-15 20:00:00,0.0,0.0,0.0,0.0,0.0,0.0,0.0,0.0,0.0,0.0,0.0,0.0
2030-12-15 21:00:00,0.0,0.0,0.0,0.0,0.0,0.0,0.0,0.0,0.0,0.0,0.0,0.0
2030-12-15 22:00:00,0.0,0.0,0.0,0.0,0.0,0.0,0.0,0.0,0.0,0.0,0.0,0.0
2030-12-15 23:00:00,0.0,0.0,0.0,0.0,0.0,0.0,0.0,0.0,0.0,0.0,0.0,0.0
2030-12-16 00:00:00,0.0,0.0,0.0,0.0,0.0,0.0,0.0,0.0,0.0,0.0,0.0,0.0
2030-12-16 01:00:00,0.0,0.0,0.0,0.0,0.0,0.0,0.0,0.0,0.0,0.0,0.0,0.0
2030-12-16 02:00:00,0.0,0.0,0.0,0.0,0.0,0.0,0.0,0.0,0.0,0.0,0.0,0.0
2030-12-16 03:00:00,0.0,0.0,0.0,0.0,0.0,0.0,0.0,0.0,0.0,0.0,0.0,0.0
2030-12-16 04:00:00,0.0,0.0,0.0,0.0,0.0,0.0,0.0,0.0,0.0,0.0,0.0,0.0
2030-12-16 05:00:00,0.0,0.0,0.0,0.0,0.0,0.0,0.0,0.0,0.0,0.0,0.0,0.0
2030-12-16 06:00:00,0.0,0.0,0.0,0.0,0.0,0.0,0.0,0.0,0.0,0.0,0.0,0.0
2030-12-16 07:00:00,0.0,0.0,0.0,0.0,0.0,0.0,0.0,0.0,0.0,0.0,0.0,0.0
2030-12-16 08:00:00,0.0,0.0,0.0,0.0,0.0,0.0,0.0,0.0,0.0,0.0,0.0,0.0
2030-12-16 09:00:00,0.0,0.0,0.0,0.0,0.0,0.0,0.0,0.0,0.0,0.0,0.0,0.0
2030-12-16 10:00:00,0.0,0.0,0.0,0.0,0.0,0.0,0.0,0.0,0.0,0.0,0.0,0.0
2030-12-16 11:00:00,0.0,0.0,0.0,0.0,0.0,0.0,0.0,0.0,0.0,0.0,0.0,0.0
2030-12-16 12:00:00,0.0,0.0,0.0,0.0,0.0,0.0,0.0,0.0,0.0,0.0,0.0,0.0
2030-12-16 13:00:00,0.0,0.0,0.0,0.0,0.0,0.0,0.0,0.0,0.0,0.0,0.0,0.0
2030-12-16 14:00:00,0.0,0.0,0.0,0.0,0.0,0.0,0.0,0.0,0.0,0.0,0.0,0.0
2030-12-16 15:00:00,0.0,0.0,0.0,105.64407360106998,0.0,0.0,0.0,0.0,0.0,0.0,0.0,0.0
2030-12-16 16:00:00,0.0,0.0,0.0,2518.2934854485793,0.0,0.0,0.0,0.0,0.0,0.0,0.0,0.0
2030-12-16 17:00:00,0.0,0.0,0.0,2479.608637146346,0.0,0.0,0.0,0.0,0.0,0.0,0.0,0.0
2030-12-16 18:00:00,0.0,0.0,0.0,784.463003804006,0.0,0.0,0.0,0.0,0.0,0.0,0.0,0.0
2030-12-16 19:00:00,0.0,0.0,0.0,0.0,0.0,0.0,0.0,0.0,0.0,0.0,0.0,0.0
2030-12-16 20:00:00,0.0,0.0,0.0,0.0,0.0,0.0,0.0,0.0,0.0,0.0,0.0,0.0
2030-12-16 21:00:00,0.0,0.0,0.0,0.0,0.0,0.0,0.0,0.0,0.0,0.0,0.0,0.0
2030-12-16 22:00:00,0.0,0.0,0.0,0.0,0.0,0.0,0.0,0.0,0.0,0.0,0.0,0.0
2030-12-16 23:00:00,0.0,0.0,0.0,0.0,0.0,0.0,0.0,0.0,0.0,0.0,0.0,0.0
2030-12-17 00:00:00,0.0,0.0,0.0,0.0,0.0,0.0,0.0,0.0,0.0,0.0,0.0,0.0
2030-12-17 01:00:00,0.0,0.0,0.0,0.0,0.0,0.0,0.0,0.0,33.33726576916274,0.0,0.0,0.0
2030-12-17 02:00:00,0.0,0.0,0.0,0.0,0.0,0.0,0.0,0.0,62.9100345557722,0.0,0.0,0.0
2030-12-17 03:00:00,0.0,0.0,0.0,0.0,0.0,0.0,0.0,0.0,393.13398466894324,0.0,0.0,3.2065007414618734
2030-12-17 04:00:00,0.0,0.0,0.0,0.0,0.0,0.0,0.0,0.0,833.8338448217887,0.0,0.0,0.0
2030-12-17 05:00:00,0.0,0.0,0.0,0.0,0.0,0.0,0.0,0.0,852.9327423015316,0.0,0.0,0.0
2030-12-17 06:00:00,0.0,0.0,0.0,0.0,0.0,0.0,0.0,0.0,0.0,0.0,0.0,557.9934992585381
2030-12-17 07:00:00,0.0,0.0,0.0,1624.4727579912214,174.75238496746897,0.0,0.0,470.0000000000005,259.0851971975994,0.0,0.0,0.0
2030-12-17 08:00:00,0.0,0.0,0.0,1612.3165093587722,0.0,0.0,0.0,257.05447698973876,0.0,0.0,0.0,0.0
2030-12-17 09:00:00,0.0,0.0,0.0,0.0,0.0,0.0,0.0,0.0,0.0,0.0,0.0,0.0
2030-12-17 10:00:00,0.0,0.0,0.0,0.0,0.0,0.0,0.0,0.0,0.0,0.0,0.0,0.0
2030-12-17 11:00:00,0.0,0.0,0.0,0.0,0.0,0.0,0.0,0.0,0.0,0.0,0.0,0.0
2030-12-17 12:00:00,0.0,0.0,0.0,0.0,0.0,0.0,0.0,0.0,0.0,0.0,0.0,0.0
2030-12-17 13:00:00,0.0,0.0,0.0,0.0,0.0,0.0,0.0,0.0,634.6142204284001,0.0,0.0,0.0
2030-12-17 14:00:00,1297.0,1644.1,0.0,0.0,0.0,0.0,0.0,0.0,5162.314173956291,0.0,0.0,0.0
2030-12-17 15:00:00,1297.0,1644.1,0.0,0.0,0.0,0.0,0.0,0.0,6160.903159297162,0.0,0.0,0.0
2030-12-17 16:00:00,0.0,0.0,0.0,0.0,4504.028349273169,0.0,0.0,397.80800000000045,7050.375609402674,0.0,0.0,0.0
2030-12-17 17:00:00,0.0,1064.8586135824328,0.0,0.0,6477.545178054381,0.0,0.0,0.0,7600.881553888485,0.0,0.0,0.0
2030-12-17 18:00:00,0.0,0.0,0.0,0.0,5295.362078263206,0.0,0.0,0.0,7915.228536934272,0.0,0.0,0.0
2030-12-17 19:00:00,0.0,0.0,0.0,0.0,1933.7309011629404,0.0,0.0,0.0,7550.309145946525,0.0,0.0,0.0
2030-12-17 20:00:00,0.0,0.0,0.0,0.0,0.0,0.0,0.0,0.0,7261.084528381054,0.0,0.0,0.0
2030-12-17 21:00:00,0.0,0.0,0.0,0.0,2199.897958472531,0.0,0.0,0.0,7113.752758483672,0.0,0.0,0.0
2030-12-17 22:00:00,0.0,0.0,0.0,0.0,2055.719232914096,0.0,0.0,0.0,7212.919377518256,0.0,0.0,0.0
2030-12-17 23:00:00,0.0,0.0,0.0,0.0,1470.6995367784475,0.0,0.0,394.80000000000047,7100.100315645213,0.0,0.0,0.0
2030-12-18 00:00:00,0.0,0.0,0.0,0.0,2611.8631479385076,0.0,0.0,470.0000000000005,8145.552403288215,0.0,0.0,0.0
2030-12-18 01:00:00,0.0,0.0,0.0,0.0,0.0,0.0,0.0,0.0,8276.984834846973,0.0,0.0,0.0
2030-12-18 02:00:00,0.0,0.0,0.0,0.0,0.0,0.0,0.0,0.0,8291.834711491849,0.0,0.0,0.0
2030-12-18 03:00:00,0.0,0.0,0.0,0.0,0.0,0.0,0.0,0.0,8530.0,42.74199327728411,0.0,0.0
2030-12-18 04:00:00,0.0,0.0,0.0,0.0,0.0,0.0,0.0,0.0,8530.0,413.0369190659874,0.0,0.0
2030-12-18 05:00:00,0.0,263.45221033424605,0.0,0.0,0.0,0.0,0.0,0.0,8530.0,390.2542150378242,0.0,0.0
2030-12-18 06:00:00,1297.0,1644.1,2668.852339906982,0.0,0.0,0.0,0.0,0.0,8530.0,101.16931441726979,0.0,0.0
2030-12-18 07:00:00,69.07029716100413,1644.1,5987.474168736702,0.0,402.2629644719709,0.0,0.0,470.0000000000005,8350.684334175008,0.0,0.0,0.0
2030-12-18 08:00:00,0.0,1644.1,4536.840088789919,0.0,0.0,0.0,0.0,0.0,7740.544183334088,0.0,0.0,0.0
2030-12-18 09:00:00,0.0,71.83627351431642,0.0,0.0,0.0,0.0,0.0,0.0,6832.228921173482,0.0,0.0,0.0
2030-12-18 10:00:00,0.0,0.0,0.0,0.0,0.0,0.0,0.0,0.0,6137.963596634121,0.0,0.0,0.0
2030-12-18 11:00:00,0.0,0.0,0.0,0.0,0.0,0.0,0.0,0.0,5449.121505888272,0.0,0.0,0.0
2030-12-18 12:00:00,0.0,0.0,0.0,0.0,0.0,0.0,0.0,0.0,5518.012995112064,0.0,0.0,0.0
2030-12-18 13:00:00,0.0,0.0,0.0,0.0,0.0,0.0,0.0,0.0,6065.203314770288,0.0,0.0,0.0
2030-12-18 14:00:00,0.0,0.0,0.0,0.0,0.0,0.0,0.0,0.0,6511.860893730447,0.0,0.0,0.0
2030-12-18 15:00:00,0.0,0.0,6803.108986829015,0.0,0.0,0.0,0.0,0.0,7111.984778301245,0.0,0.0,0.0
2030-12-18 16:00:00,765.0786015158519,1644.1,7381.64,0.0,235.88962071169226,0.0,0.0,0.0,7600.313089203079,0.0,0.0,0.0
2030-12-18 17:00:00,0.0,47.12026226771559,7381.64,0.0,3445.4566045875545,0.0,0.0,397.80800000000045,8092.871005656727,0.0,0.0,0.0
2030-12-18 18:00:00,0.0,0.0,105.8889163799904,0.0,4204.980703534253,0.0,0.0,0.0,8370.74823129609,0.0,0.0,0.0
2030-12-18 19:00:00,0.0,0.0,0.0,0.0,746.5132381010189,0.0,0.0,0.0,8022.1819024934375,0.0,0.0,0.0
2030-12-18 20:00:00,0.0,0.0,0.0,0.0,0.0,0.0,0.0,0.0,7763.104187196961,0.0,0.0,0.0
2030-12-18 21:00:00,0.0,0.0,0.0,0.0,1035.4007520243758,0.0,0.0,0.0,7652.165911512364,0.0,0.0,0.0
2030-12-18 22:00:00,0.0,0.0,0.0,0.0,892.6537580521108,0.0,0.0,0.0,7788.82754073166,0.0,0.0,0.0
2030-12-18 23:00:00,0.0,0.0,0.0,0.0,441.08087073932256,0.0,0.0,325.61600000000044,7707.41389121015,0.0,0.0,0.0
2030-12-19 00:00:00,0.0,0.0,0.0,0.0,3885.45871425746,0.0,0.0,0.0,8530.0,204.28648241322367,0.0,0.0
2030-12-19 01:00:00,0.0,0.0,0.0,0.0,1626.9422905257743,0.0,0.0,470.0000000000005,8530.0,356.48783067132536,0.0,0.0
2030-12-19 02:00:00,0.0,0.0,0.0,0.0,2015.9378037261922,0.0,0.0,0.0,8530.0,0.0,391.2199487031337,0.0
2030-12-19 03:00:00,0.0,0.0,0.0,0.0,0.0,0.0,0.0,0.0,8530.0,0.0,687.7260922980008,0.0
2030-12-19 04:00:00,0.0,0.0,0.0,0.0,0.0,0.0,0.0,0.0,8530.0,0.0,1058.6157023566325,0.0
2030-12-19 05:00:00,0.0,0.0,0.0,0.0,959.8321437666891,0.0,0.0,0.0,8530.0,85.2694361424933,923.413912062837,0.0
2030-12-19 06:00:00,516.2101565061021,0.0,7381.64,0.0,8576.035731001408,0.0,0.0,0.0,8530.0,0.0,685.9893754532218,0.0
2030-12-19 07:00:00,1297.0,1644.1,7381.64,1670.4855000459283,9847.0,1850.0,315.0376184336128,394.80000000000047,8530.0,0.0,394.98848347621015,0.0
2030-12-19 08:00:00,1297.0,1644.1,7381.64,2794.3037843263446,9847.0,1850.0,283.2987211213622,470.0000000000005,8312.680302855855,0.0,0.0,0.0
2030-12-19 09:00:00,1297.0,1644.1,7381.64,0.0,8188.995493229959,0.0,0.0,0.0,7362.881257785644,0.0,0.0,0.0
2030-12-19 10:00:00,1297.0,1644.1,7381.64,0.0,7528.754620634187,0.0,0.0,0.0,6664.205544386537,0.0,0.0,0.0
2030-12-19 11:00:00,1297.0,1644.1,7381.64,0.0,3083.1672496763567,0.0,0.0,0.0,6239.082616118084,0.0,0.0,0.0
2030-12-19 12:00:00,1297.0,1644.1,7381.64,0.0,2183.965741339198,0.0,0.0,0.0,6376.863411386137,0.0,0.0,0.0
2030-12-19 13:00:00,1297.0,1644.1,7381.64,0.0,2172.913601940556,0.0,0.0,0.0,6829.819173345231,0.0,0.0,0.0
2030-12-19 14:00:00,1297.0,1644.1,7381.64,0.0,5981.156792873924,0.0,0.0,0.0,7202.06139800464,0.0,0.0,0.0
2030-12-19 15:00:00,1297.0,1644.1,7381.64,3199.99,9847.0,1850.0,0.0,0.0,7671.942537895005,0.0,0.0,0.0
2030-12-19 16:00:00,1297.0,1644.1,7381.64,0.0,9847.0,1850.0,1493.964520586349,0.0,8530.0,2067.744212208904,2290.0,0.0
2030-12-19 17:00:00,1297.0,1644.1,7381.64,2246.4008791466485,9847.0,1850.0,1950.0,470.0000000000005,8530.0,2070.0,2290.0,49.390353367404714
2030-12-19 18:00:00,1297.0,1644.1,7381.64,0.0,9847.0,1850.0,1950.0,0.0,8530.0,2070.0,2290.0,511.8096466325953
2030-12-19 19:00:00,1297.0,1644.1,7381.64,0.0,9847.0,1850.0,880.0838684742744,0.0,8530.0,2070.0,2290.0,0.0
2030-12-19 20:00:00,1297.0,1644.1,7381.64,0.0,9847.0,1850.0,0.0,0.0,8530.0,305.64436162084985,2290.0,0.0
2030-12-19 21:00:00,1297.0,1644.1,7381.64,0.0,9847.0,1850.0,514.7028089289815,394.80000000000047,8530.0,2070.0,2290.0,0.0
2030-12-19 22:00:00,1297.0,1644.1,7381.64,0.0,9847.0,1850.0,0.0,0.0,8530.0,2070.0,2290.0,0.0
2030-12-19 23:00:00,1297.0,1644.1,7381.64,0.0,9847.0,1850.0,1166.752187251317,0.0,8530.0,916.3944354099544,2290.0,0.0
2030-12-20 00:00:00,1297.0,1644.1,7381.64,0.0,9847.0,1850.0,744.4966147590784,0.0,8530.0,2070.0,2290.0,0.0
2030-12-20 01:00:00,1297.0,1131.6194083996597,7381.64,0.0,9847.0,1850.0,0.0,0.0,8530.0,2070.0,2290.0,0.0
2030-12-20 02:00:00,1297.0,268.2271982772754,7381.64,0.0,9847.0,1850.0,0.0,0.0,8530.0,1107.1501999887987,2290.0,0.0
2030-12-20 03:00:00,1297.0,846.0050672584839,7381.64,0.0,9847.0,1850.0,0.0,0.0,8530.0,0.0,1908.8001737202721,0.0
2030-12-20 04:00:00,1297.0,1644.1,7381.64,3199.99,7546.0903321032965,0.0,0.0,0.0,8530.0,0.0,2179.5925879532647,0.0
2030-12-20 05:00:00,1297.0,1644.1,7381.64,2688.0192000000015,9847.0,1850.0,0.0,0.0,8530.0,0.0,2080.162241601481,0.0
2030-12-20 06:00:00,1297.0,1644.1,7381.64,0.0,9847.0,1850.0,923.1618020107226,394.80000000000047,8530.0,0.0,2290.0,0.0
2030-12-20 07:00:00,1297.0,1644.1,7381.64,0.0,9847.0,1850.0,1950.0,470.0000000000005,8530.0,293.52996771553154,2290.0,0.0
2030-12-20 08:00:00,1297.0,1644.1,7381.64,0.0,9847.0,1850.0,1554.7031979892777,0.0,8530.0,58.70599354310631,1442.7547862578458,0.0
2030-12-20 09:00:00,1297.0,1644.1,7381.64,0.0,9847.0,1850.0,0.0,0.0,8090.720991817605,0.0,0.0,0.0
2030-12-20 10:00:00,1297.0,1644.1,7381.64,0.0,9847.0,132.24491809360916,0.0,0.0,6882.603023357899,0.0,0.0,0.0
2030-12-20 11:00:00,1297.0,1644.1,7381.64,0.0,9830.257227268317,0.0,0.0,0.0,5488.164045455071,0.0,0.0,0.0
2030-12-20 12:00:00,1297.0,1644.1,7381.64,0.0,8921.729103915015,0.0,0.0,0.0,5099.068755758375,0.0,0.0,0.0
2030-12-20 13:00:00,1297.0,1644.1,7381.64,0.0,6337.070015374018,0.0,0.0,0.0,5600.830467925164,0.0,0.0,0.0
2030-12-20 14:00:00,1297.0,1644.1,7381.64,0.0,6811.467080434653,0.0,0.0,0.0,6274.064400433677,0.0,0.0,0.0
2030-12-20 15:00:00,1297.0,1644.1,7381.64,0.0,8773.95464063072,0.0,0.0,0.0,7447.217036465952,0.0,0.0,0.0
2030-12-20 16:00:00,1297.0,1644.1,7381.64,0.0,9847.0,1850.0,976.4514936925989,470.0000000000005,8530.0,0.0,535.893515291028,0.0
2030-12-20 17:00:00,1297.0,1644.1,7381.64,0.0,9847.0,1850.0,1797.935986039384,15.269135979903993,8530.0,0.0,1025.370516109198,0.0
2030-12-20 18:00:00,1297.0,1644.1,7381.64,0.0,9847.0,1850.0,0.0,379.5308640200965,8530.0,0.0,1311.4960234023938,0.0
2030-12-20 19:00:00,1297.0,1644.1,7381.64,0.0,6909.02306582965,0.0,0.0,0.0,8530.0,0.0,971.6370235693389,0.0
2030-12-20 20:00:00,1297.0,1644.1,7381.64,0.0,3550.486707714066,0.0,0.0,0.0,8530.0,533.8527989682763,184.49433875764305,0.0
2030-12-20 21:00:00,1297.0,778.939886657121,7381.64,0.0,5668.690048280456,0.0,0.0,0.0,8530.0,0.0,674.0293467151523,0.0
2030-12-20 22:00:00,24.131220060869385,69.0190180625271,2751.5245925855634,0.0,7807.179503125284,0.0,0.0,0.0,8530.0,288.0311106352119,0.0,0.0
2030-12-20 23:00:00,24.131220060869385,69.0190180625271,0.0,0.0,5009.875709431333,0.0,0.0,0.0,8530.0,58.70599354310631,0.0,0.0
2030-12-21 00:00:00,0.0,0.0,0.0,0.0,5970.858537123408,0.0,0.0,0.0,8530.0,58.70599354310631,0.0,0.0
2030-12-21 01:00:00,48.26244012173877,138.0380361250542,0.0,0.0,2362.507108842183,0.0,0.0,0.0,8530.0,0.0,0.0,0.0
2030-12-21 02:00:00,24.131220060869385,69.0190180625271,0.0,0.0,769.3431774233322,0.0,0.0,0.0,8530.0,0.0,0.0,0.0
2030-12-21 03:00:00,24.131220060869385,69.0190180625271,0.0,0.0,0.0,0.0,0.0,0.0,8530.0,0.0,0.0,0.0
2030-12-21 04:00:00,0.0,0.0,0.0,0.0,0.0,0.0,0.0,0.0,8530.0,234.82397417242524,0.0,0.0
2030-12-21 05:00:00,48.26244012173877,138.0380361250542,0.0,0.0,0.0,0.0,0.0,0.0,8530.0,58.70599354310631,0.0,0.0
2030-12-21 06:00:00,24.131220060869385,69.0190180625271,0.0,0.0,0.0,0.0,0.0,0.0,8530.0,58.70599354310631,0.0,0.0
2030-12-21 07:00:00,24.131220060869385,0.0,0.0,0.0,1367.7135946720955,0.0,0.0,394.80000000000047,8530.0,58.70599354310631,0.0,0.0
2030-12-21 08:00:00,24.131220060869385,138.0380361250542,0.0,0.0,702.904529932799,0.0,0.0,470.0000000000005,8530.0,58.70599354310631,0.0,0.0
2030-12-21 09:00:00,0.0,0.0,0.0,0.0,0.0,0.0,0.0,0.0,7715.569621298069,0.0,0.0,0.0
2030-12-21 10:00:00,0.0,0.0,0.0,0.0,0.0,0.0,0.0,0.0,7076.4214074938045,0.0,0.0,0.0
2030-12-21 11:00:00,0.0,0.0,0.0,0.0,0.0,0.0,0.0,0.0,5208.800666478699,0.0,0.0,0.0
2030-12-21 12:00:00,0.0,0.0,0.0,0.0,0.0,0.0,0.0,0.0,6120.386110457238,0.0,0.0,0.0
2030-12-21 13:00:00,0.0,345.0950903126355,0.0,0.0,0.0,0.0,0.0,0.0,7242.229086456382,0.0,0.0,0.0
2030-12-21 14:00:00,144.78732036521632,0.0,0.0,0.0,0.0,0.0,0.0,0.0,7332.4230003241955,0.0,0.0,0.0
2030-12-21 15:00:00,24.131220060869385,138.0380361250542,0.0,0.0,0.0,0.0,0.0,0.0,7558.562609732089,0.0,0.0,0.0
2030-12-21 16:00:00,24.131220060869385,0.0,0.0,0.0,0.0,0.0,0.0,0.0,7911.187638415673,0.0,0.0,0.0
2030-12-21 17:00:00,24.131220060869385,138.0380361250542,0.0,0.0,492.47821084781026,0.0,0.0,470.0000000000005,8527.863536749093,0.0,0.0,0.0
2030-12-21 18:00:00,0.0,0.0,0.0,0.0,0.0,0.0,0.0,0.0,8085.283054530992,0.0,0.0,0.0
2030-12-21 19:00:00,0.0,0.0,0.0,0.0,0.0,0.0,0.0,0.0,4223.3529779041155,0.0,0.0,0.0
2030-12-21 20:00:00,0.0,0.0,0.0,0.0,0.0,0.0,0.0,0.0,3022.1981676734667,0.0,0.0,0.0
2030-12-21 21:00:00,0.0,0.0,0.0,0.0,0.0,0.0,0.0,0.0,2729.3787924415183,0.0,0.0,0.0
2030-12-21 22:00:00,0.0,0.0,0.0,0.0,3132.497356066895,0.0,0.0,470.0000000000005,7319.163152315271,0.0,0.0,0.0
2030-12-21 23:00:00,0.0,0.0,0.0,0.0,0.0,0.0,0.0,0.0,1822.793858689789,0.0,0.0,0.0
2030-12-22 00:00:00,0.0,0.0,0.0,0.0,87.72985776457062,0.0,0.0,470.0000000000005,18.92485827429823,0.0,0.0,0.0
2030-12-22 01:00:00,0.0,0.0,0.0,0.0,0.0,0.0,0.0,0.0,50.81615254172016,0.0,0.0,0.0
2030-12-22 02:00:00,0.0,0.0,0.0,0.0,0.0,0.0,0.0,0.0,0.0,0.0,0.0,0.0
2030-12-22 03:00:00,0.0,0.0,0.0,0.0,0.0,0.0,0.0,0.0,0.0,0.0,0.0,0.0
2030-12-22 04:00:00,0.0,0.0,0.0,0.0,0.0,0.0,0.0,0.0,0.0,0.0,0.0,0.0
2030-12-22 05:00:00,0.0,0.0,0.0,0.0,0.0,0.0,0.0,0.0,0.0,0.0,0.0,0.0
2030-12-22 06:00:00,0.0,0.0,0.0,0.0,1868.9706957742965,0.0,0.0,0.0,0.0,0.0,0.0,0.0
2030-12-22 07:00:00,0.0,0.0,0.0,0.0,6358.931567046369,0.0,0.0,0.0,3935.4109070471523,0.0,0.0,0.0
2030-12-22 08:00:00,0.0,0.0,0.0,0.0,8446.503968224482,0.0,0.0,0.0,6395.315642693904,0.0,0.0,0.0
2030-12-22 09:00:00,0.0,0.0,0.0,592.0870881882292,6401.552704924718,0.0,0.0,0.0,5991.030628188169,0.0,0.0,0.0
2030-12-22 10:00:00,0.0,0.0,0.0,0.0,4680.633369322859,0.0,0.0,394.80000000000047,4676.113650985151,0.0,0.0,0.0
2030-12-22 11:00:00,0.0,0.0,0.0,505.96094634717156,4381.471414504369,0.0,0.0,470.0000000000005,3856.750805732555,0.0,0.0,0.0
2030-12-22 12:00:00,0.0,1311.361343188015,0.0,95.54635695385878,1774.6770414156854,0.0,0.0,0.0,2189.4195121238204,1643.7678192069761,0.0,0.0
2030-12-22 13:00:00,482.6244012173879,69.0190180625271,0.0,1494.4248085107422,0.0,0.0,0.0,0.0,4287.086639497981,0.0,0.0,0.0
2030-12-22 14:00:00,24.131220060869385,69.0190180625271,0.0,3199.99,0.0,0.0,0.0,0.0,5004.120252506229,0.0,0.0,0.0
2030-12-22 15:00:00,0.0,0.0,0.0,0.0,0.0,0.0,0.0,0.0,6202.73429707241,0.0,0.0,0.0
2030-12-22 16:00:00,48.26244012173877,138.0380361250542,0.0,0.0,5039.2381656004,0.0,0.0,0.0,7162.386794061036,0.0,0.0,0.0
2030-12-22 17:00:00,24.131220060869385,0.0,7381.64,0.0,5342.159106269661,0.0,0.0,470.0000000000005,7873.751078750865,0.0,0.0,0.0
2030-12-22 18:00:00,24.131220060869385,0.0,7381.64,0.0,4033.980258759948,0.0,0.0,0.0,7801.215293619016,352.2359612586378,0.0,0.0
2030-12-22 19:00:00,0.0,0.0,0.0,0.0,117.38984460722713,0.0,0.0,394.80000000000047,7702.277802494471,0.0,0.0,0.0
2030-12-22 20:00:00,48.26244012173877,276.0760722501084,610.2128274260338,0.0,0.0,0.0,0.0,0.0,7262.240836637611,117.41198708621262,0.0,0.0
2030-12-22 21:00:00,0.0,0.0,7381.64,0.0,0.0,0.0,0.0,0.0,7409.217016606164,0.0,0.0,0.0
2030-12-22 22:00:00,48.26244012173877,138.0380361250542,0.0,0.0,304.2819848315703,0.0,0.0,470.0000000000005,6964.547408159486,0.0,0.0,561.2
2030-12-22 23:00:00,24.131220060869385,69.0190180625271,5697.278778261447,0.0,0.0,0.0,0.0,0.0,7355.156452373098,0.0,0.0,0.0
2030-12-23 00:00:00,24.131220060869385,69.0190180625271,0.0,0.0,0.0,0.0,0.0,0.0,5192.7782694027,197.69076400158065,0.0,0.0
2030-12-23 01:00:00,24.131220060869385,0.0,0.0,0.0,0.0,0.0,0.0,0.0,2308.5932380785007,0.0,0.0,0.0
2030-12-23 02:00:00,24.131220060869385,138.0380361250542,0.0,0.0,0.0,0.0,0.0,0.0,0.0,154.54519725705723,0.0,0.0
2030-12-23 03:00:00,24.131220060869385,69.0190180625271,0.0,0.0,0.0,0.0,0.0,0.0,0.0,0.0,0.0,0.0
2030-12-23 04:00:00,0.0,0.0,0.0,0.0,0.0,0.0,0.0,0.0,0.0,0.0,0.0,0.0
2030-12-23 05:00:00,0.0,0.0,0.0,0.0,0.0,0.0,0.0,0.0,0.0,0.0,0.0,0.0
2030-12-23 06:00:00,0.0,0.0,0.0,0.0,0.0,0.0,0.0,0.0,0.0,0.0,0.0,0.0
2030-12-23 07:00:00,96.52488024347754,0.0,0.0,2199.2913492595726,0.0,0.0,0.0,0.0,0.0,0.0,0.0,0.0
2030-12-23 08:00:00,24.131220060869385,345.0950903126355,0.0,1730.1129500580137,0.0,0.0,0.0,0.0,0.0,0.0,0.0,0.0
2030-12-23 09:00:00,0.0,0.0,0.0,0.0,0.0,0.0,0.0,0.0,0.0,0.0,0.0,0.0
2030-12-23 10:00:00,0.0,0.0,0.0,0.0,0.0,0.0,0.0,0.0,0.0,0.0,0.0,0.0
2030-12-23 11:00:00,0.0,0.0,0.0,0.0,0.0,0.0,0.0,0.0,0.0,0.0,0.0,0.0
2030-12-23 12:00:00,0.0,0.0,0.0,0.0,0.0,0.0,0.0,0.0,0.0,0.0,0.0,0.0
2030-12-23 13:00:00,0.0,0.0,0.0,0.0,0.0,0.0,0.0,0.0,0.0,0.0,0.0,0.0
2030-12-23 14:00:00,0.0,0.0,0.0,681.2280165715747,0.0,0.0,0.0,0.0,0.0,0.0,0.0,0.0
2030-12-23 15:00:00,168.91854042608568,483.1331264376896,0.0,313.066305040149,0.0,0.0,0.0,0.0,0.0,0.0,0.0,0.0
2030-12-23 16:00:00,24.131220060869385,69.0190180625271,0.0,0.0,0.0,0.0,0.0,0.0,0.0,0.0,0.0,0.0
2030-12-23 17:00:00,24.131220060869385,69.0190180625271,0.0,0.0,0.0,0.0,0.0,0.0,0.0,0.0,0.0,0.0
2030-12-23 18:00:00,24.131220060869385,69.0190180625271,0.0,0.0,0.0,0.0,0.0,0.0,0.0,0.0,0.0,0.0
2030-12-23 19:00:00,0.0,0.0,0.0,0.0,0.0,0.0,0.0,0.0,0.0,0.0,0.0,0.0
2030-12-23 20:00:00,0.0,69.0190180625271,0.0,0.0,0.0,0.0,0.0,0.0,0.0,0.0,0.0,0.0
2030-12-23 21:00:00,0.0,0.0,0.0,0.0,0.0,0.0,0.0,0.0,0.0,0.0,0.0,0.0
2030-12-23 22:00:00,0.0,0.0,0.0,0.0,0.0,0.0,0.0,0.0,0.0,0.0,0.0,0.0
2030-12-23 23:00:00,0.0,0.0,0.0,0.0,0.0,0.0,0.0,0.0,0.0,0.0,0.0,0.0
2030-12-24 00:00:00,0.0,0.0,0.0,0.0,0.0,0.0,0.0,0.0,0.0,0.0,0.0,0.0
2030-12-24 01:00:00,0.0,0.0,0.0,0.0,0.0,0.0,0.0,0.0,0.0,0.0,0.0,0.0
2030-12-24 02:00:00,0.0,0.0,0.0,0.0,0.0,0.0,0.0,0.0,0.0,0.0,0.0,0.0
2030-12-24 03:00:00,0.0,0.0,0.0,0.0,0.0,0.0,0.0,0.0,0.0,0.0,0.0,0.0
2030-12-24 04:00:00,0.0,0.0,0.0,0.0,0.0,0.0,0.0,0.0,0.0,0.0,0.0,145.73332142473419
2030-12-24 05:00:00,0.0,0.0,0.0,0.0,0.0,0.0,0.0,0.0,0.0,0.0,0.0,227.71468234448957
2030-12-24 06:00:00,0.0,0.0,0.0,0.0,0.0,0.0,0.0,0.0,0.0,0.0,0.0,0.0
2030-12-24 07:00:00,0.0,0.0,0.0,0.0,0.0,0.0,0.0,0.0,0.0,0.0,0.0,0.0
2030-12-24 08:00:00,0.0,0.0,0.0,0.0,0.0,0.0,0.0,0.0,0.0,0.0,0.0,0.0
2030-12-24 09:00:00,0.0,0.0,0.0,0.0,0.0,0.0,0.0,0.0,0.0,0.0,0.0,0.0
2030-12-24 10:00:00,0.0,0.0,0.0,0.0,0.0,0.0,0.0,0.0,0.0,0.0,0.0,0.0
2030-12-24 11:00:00,0.0,0.0,0.0,0.0,0.0,0.0,0.0,0.0,0.0,0.0,0.0,0.0
2030-12-24 12:00:00,0.0,0.0,0.0,0.0,0.0,0.0,0.0,0.0,0.0,0.0,0.0,0.0
2030-12-24 13:00:00,0.0,0.0,0.0,0.0,0.0,0.0,0.0,0.0,0.0,0.0,0.0,0.0
2030-12-24 14:00:00,0.0,0.0,0.0,0.0,0.0,0.0,0.0,0.0,0.0,0.0,0.0,0.0
2030-12-24 15:00:00,0.0,0.0,0.0,0.0,0.0,0.0,0.0,0.0,0.0,0.0,0.0,0.0
2030-12-24 16:00:00,0.0,0.0,0.0,0.0,0.0,0.0,0.0,0.0,0.0,0.0,0.0,0.0
2030-12-24 17:00:00,0.0,0.0,0.0,0.0,0.0,0.0,0.0,0.0,0.0,0.0,0.0,0.0
2030-12-24 18:00:00,0.0,0.0,0.0,0.0,0.0,0.0,0.0,0.0,0.0,0.0,0.0,0.0
2030-12-24 19:00:00,0.0,0.0,0.0,0.0,0.0,0.0,0.0,0.0,0.0,0.0,0.0,0.0
2030-12-24 20:00:00,0.0,0.0,0.0,0.0,0.0,0.0,0.0,0.0,0.0,0.0,0.0,0.0
2030-12-24 21:00:00,0.0,0.0,0.0,0.0,0.0,0.0,0.0,0.0,0.0,0.0,0.0,0.0
2030-12-24 22:00:00,0.0,0.0,0.0,0.0,0.0,0.0,0.0,0.0,0.0,0.0,0.0,0.0
2030-12-24 23:00:00,0.0,0.0,0.0,0.0,0.0,0.0,0.0,0.0,0.0,0.0,0.0,0.0
2030-12-25 00:00:00,0.0,0.0,0.0,0.0,0.0,0.0,0.0,0.0,0.0,0.0,0.0,0.0
2030-12-25 01:00:00,0.0,0.0,0.0,0.0,0.0,0.0,0.0,0.0,0.0,0.0,0.0,0.0
2030-12-25 02:00:00,0.0,0.0,0.0,0.0,0.0,0.0,0.0,0.0,0.0,0.0,0.0,0.0
2030-12-25 03:00:00,0.0,0.0,0.0,0.0,0.0,0.0,0.0,0.0,0.0,0.0,0.0,0.0
2030-12-25 04:00:00,0.0,0.0,0.0,0.0,0.0,0.0,0.0,0.0,0.0,0.0,0.0,0.0
2030-12-25 05:00:00,0.0,0.0,0.0,0.0,0.0,0.0,0.0,0.0,0.0,0.0,0.0,0.0
2030-12-25 06:00:00,0.0,0.0,0.0,0.0,0.0,0.0,0.0,0.0,0.0,0.0,0.0,0.0
2030-12-25 07:00:00,0.0,0.0,0.0,0.0,0.0,0.0,0.0,0.0,0.0,0.0,0.0,0.0
2030-12-25 08:00:00,16.53046422097347,0.0,0.0,0.0,0.0,0.0,0.0,0.0,0.0,0.0,0.0,0.0
2030-12-25 09:00:00,0.0,0.0,0.0,0.0,0.0,0.0,0.0,0.0,0.0,0.0,0.0,0.0
2030-12-25 10:00:00,33.06092844194694,0.0,5099.173958303225,0.0,0.0,0.0,0.0,0.0,0.0,0.0,0.0,0.0
2030-12-25 11:00:00,0.0,0.0,0.0,0.0,0.0,0.0,0.0,0.0,0.0,0.0,0.0,0.0
2030-12-25 12:00:00,0.0,0.0,0.0,0.0,0.0,0.0,0.0,0.0,0.0,0.0,0.0,0.0
2030-12-25 13:00:00,0.0,106.2385994587627,0.0,0.0,0.0,0.0,0.0,0.0,0.0,0.0,0.0,0.0
2030-12-25 14:00:00,0.0,0.0,0.0,0.0,0.0,0.0,0.0,0.0,0.0,0.0,0.0,0.0
2030-12-25 15:00:00,0.0,0.0,0.0,0.0,0.0,0.0,0.0,0.0,0.0,0.0,0.0,0.0
2030-12-25 16:00:00,0.0,0.0,0.0,0.0,0.0,0.0,0.0,0.0,0.0,0.0,0.0,0.0
2030-12-25 17:00:00,0.0,0.0,0.0,0.0,0.0,0.0,0.0,0.0,0.0,0.0,0.0,0.0
2030-12-25 18:00:00,0.0,0.0,0.0,0.0,0.0,0.0,0.0,0.0,0.0,0.0,0.0,0.0
2030-12-25 19:00:00,0.0,0.0,0.0,0.0,0.0,0.0,0.0,0.0,0.0,0.0,0.0,0.0
2030-12-25 20:00:00,0.0,0.0,0.0,0.0,0.0,0.0,0.0,0.0,0.0,0.0,0.0,0.0
2030-12-25 21:00:00,0.0,0.0,0.0,0.0,0.0,0.0,0.0,0.0,0.0,0.0,0.0,0.0
2030-12-25 22:00:00,0.0,0.0,0.0,0.0,0.0,0.0,0.0,0.0,0.0,0.0,0.0,0.0
2030-12-25 23:00:00,0.0,0.0,0.0,0.0,0.0,0.0,0.0,0.0,0.0,0.0,0.0,0.0
2030-12-26 00:00:00,0.0,0.0,0.0,0.0,0.0,0.0,0.0,0.0,0.0,0.0,0.0,0.0
2030-12-26 01:00:00,0.0,0.0,0.0,0.0,0.0,0.0,0.0,0.0,0.0,0.0,0.0,0.0
2030-12-26 02:00:00,0.0,0.0,0.0,0.0,0.0,0.0,0.0,0.0,0.0,0.0,0.0,0.0
2030-12-26 03:00:00,0.0,0.0,0.0,0.0,0.0,0.0,0.0,0.0,0.0,0.0,0.0,0.0
2030-12-26 04:00:00,0.0,0.0,0.0,0.0,0.0,0.0,0.0,0.0,0.0,0.0,0.0,0.0
2030-12-26 05:00:00,0.0,0.0,0.0,0.0,0.0,0.0,0.0,0.0,0.0,0.0,0.0,0.0
2030-12-26 06:00:00,0.0,0.0,0.0,0.0,0.0,0.0,0.0,0.0,0.0,0.0,0.0,0.0
2030-12-26 07:00:00,0.0,0.0,0.0,0.0,0.0,0.0,0.0,0.0,0.0,0.0,0.0,0.0
2030-12-26 08:00:00,0.0,0.0,0.0,0.0,0.0,0.0,0.0,0.0,0.0,0.0,0.0,0.0
2030-12-26 09:00:00,0.0,0.0,0.0,0.0,0.0,0.0,0.0,0.0,0.0,0.0,0.0,0.0
2030-12-26 10:00:00,0.0,0.0,0.0,0.0,0.0,0.0,0.0,0.0,0.0,0.0,0.0,0.0
2030-12-26 11:00:00,0.0,0.0,0.0,0.0,0.0,0.0,0.0,0.0,0.0,0.0,0.0,0.0
2030-12-26 12:00:00,0.0,0.0,0.0,0.0,0.0,0.0,0.0,0.0,0.0,0.0,0.0,0.0
2030-12-26 13:00:00,0.0,0.0,0.0,0.0,0.0,0.0,0.0,0.0,0.0,0.0,0.0,0.0
2030-12-26 14:00:00,0.0,0.0,0.0,0.0,0.0,0.0,0.0,0.0,0.0,0.0,0.0,0.0
2030-12-26 15:00:00,0.0,0.0,0.0,0.0,0.0,0.0,0.0,0.0,0.0,0.0,0.0,0.0
2030-12-26 16:00:00,0.0,0.0,0.0,0.0,0.0,0.0,0.0,0.0,0.0,0.0,0.0,0.0
2030-12-26 17:00:00,0.0,0.0,0.0,0.0,0.0,0.0,0.0,0.0,0.0,0.0,0.0,0.0
2030-12-26 18:00:00,0.0,0.0,0.0,0.0,0.0,0.0,0.0,0.0,0.0,0.0,0.0,0.0
2030-12-26 19:00:00,0.0,0.0,0.0,0.0,0.0,0.0,0.0,0.0,0.0,0.0,0.0,0.0
2030-12-26 20:00:00,0.0,0.0,0.0,0.0,0.0,0.0,0.0,0.0,0.0,0.0,0.0,0.0
2030-12-26 21:00:00,0.0,0.0,0.0,0.0,0.0,0.0,0.0,0.0,0.0,0.0,0.0,0.0
2030-12-26 22:00:00,0.0,0.0,0.0,0.0,0.0,0.0,0.0,0.0,0.0,0.0,0.0,0.0
2030-12-26 23:00:00,0.0,0.0,0.0,0.0,0.0,0.0,0.0,0.0,0.0,0.0,0.0,0.0
2030-12-27 00:00:00,0.0,0.0,0.0,0.0,0.0,0.0,0.0,0.0,0.0,0.0,0.0,0.0
2030-12-27 01:00:00,0.0,0.0,0.0,0.0,0.0,0.0,0.0,0.0,0.0,0.0,0.0,0.0
2030-12-27 02:00:00,0.0,0.0,0.0,0.0,0.0,0.0,0.0,0.0,0.0,0.0,0.0,169.96380801497298
2030-12-27 03:00:00,0.0,0.0,0.0,0.0,0.0,0.0,0.0,0.0,0.0,0.0,0.0,0.0
2030-12-27 04:00:00,0.0,0.0,0.0,0.0,0.0,0.0,0.0,0.0,0.0,0.0,0.0,0.0
2030-12-27 05:00:00,0.0,0.0,0.0,0.0,0.0,0.0,0.0,0.0,0.0,0.0,0.0,0.0
2030-12-27 06:00:00,0.0,0.0,0.0,0.0,0.0,0.0,0.0,0.0,0.0,0.0,0.0,0.0
2030-12-27 07:00:00,0.0,0.0,0.0,0.0,0.0,0.0,0.0,0.0,0.0,0.0,0.0,0.0
2030-12-27 08:00:00,0.0,0.0,0.0,0.0,0.0,0.0,0.0,0.0,0.0,0.0,0.0,0.0
2030-12-27 09:00:00,0.0,0.0,0.0,0.0,0.0,0.0,0.0,0.0,0.0,0.0,0.0,0.0
2030-12-27 10:00:00,0.0,0.0,0.0,0.0,0.0,0.0,0.0,0.0,0.0,0.0,0.0,0.0
2030-12-27 11:00:00,0.0,0.0,0.0,0.0,0.0,0.0,0.0,0.0,0.0,0.0,0.0,0.0
2030-12-27 12:00:00,0.0,0.0,0.0,0.0,0.0,0.0,0.0,0.0,0.0,0.0,0.0,0.0
2030-12-27 13:00:00,0.0,0.0,0.0,0.0,0.0,0.0,0.0,0.0,0.0,0.0,0.0,0.0
2030-12-27 14:00:00,0.0,0.0,0.0,0.0,0.0,0.0,0.0,0.0,0.0,0.0,0.0,0.0
2030-12-27 15:00:00,0.0,0.0,0.0,0.0,0.0,0.0,0.0,0.0,0.0,0.0,0.0,0.0
2030-12-27 16:00:00,0.0,0.0,0.0,0.0,0.0,0.0,0.0,0.0,0.0,0.0,0.0,0.0
2030-12-27 17:00:00,0.0,0.0,0.0,0.0,0.0,0.0,0.0,0.0,0.0,0.0,0.0,0.0
2030-12-27 18:00:00,0.0,0.0,0.0,0.0,0.0,0.0,0.0,0.0,0.0,0.0,0.0,0.0
2030-12-27 19:00:00,0.0,0.0,0.0,0.0,0.0,0.0,0.0,0.0,0.0,0.0,0.0,0.0
2030-12-27 20:00:00,0.0,0.0,0.0,0.0,0.0,0.0,0.0,0.0,0.0,0.0,0.0,0.0
2030-12-27 21:00:00,0.0,0.0,0.0,0.0,0.0,0.0,0.0,0.0,0.0,0.0,0.0,0.0
2030-12-27 22:00:00,0.0,0.0,0.0,0.0,0.0,0.0,0.0,0.0,0.0,0.0,0.0,0.0
2030-12-27 23:00:00,0.0,0.0,0.0,0.0,0.0,0.0,0.0,0.0,0.0,0.0,0.0,0.0
2030-12-28 00:00:00,0.0,0.0,0.0,0.0,0.0,0.0,0.0,0.0,0.0,12.781994876322187,0.0,0.0
2030-12-28 01:00:00,0.0,0.0,0.0,0.0,0.0,0.0,0.0,0.0,0.0,0.0,0.0,252.30257241713343
2030-12-28 02:00:00,0.0,0.0,0.0,0.0,0.0,0.0,0.0,0.0,0.0,115.34844227034978,0.0,308.8974275828666
2030-12-28 03:00:00,0.0,0.0,0.0,0.0,0.0,0.0,0.0,0.0,0.0,0.0,0.0,0.0
2030-12-28 04:00:00,0.0,0.0,0.0,0.0,0.0,0.0,0.0,0.0,0.0,0.0,0.0,0.0
2030-12-28 05:00:00,0.0,0.0,0.0,0.0,0.0,0.0,0.0,0.0,0.0,0.0,0.0,0.0
2030-12-28 06:00:00,0.0,0.0,0.0,0.0,0.0,0.0,0.0,0.0,0.0,0.0,0.0,0.0
2030-12-28 07:00:00,0.0,0.0,0.0,0.0,0.0,0.0,0.0,0.0,0.0,0.0,0.0,0.0
2030-12-28 08:00:00,0.0,0.0,0.0,0.0,0.0,0.0,0.0,0.0,0.0,0.0,0.0,0.0
2030-12-28 09:00:00,0.0,0.0,0.0,0.0,0.0,0.0,0.0,0.0,0.0,0.0,0.0,0.0
2030-12-28 10:00:00,0.0,0.0,0.0,0.0,0.0,0.0,0.0,0.0,0.0,0.0,0.0,0.0
2030-12-28 11:00:00,0.0,0.0,0.0,0.0,0.0,0.0,0.0,0.0,0.0,0.0,0.0,0.0
2030-12-28 12:00:00,0.0,0.0,0.0,0.0,0.0,0.0,0.0,0.0,0.0,0.0,0.0,0.0
2030-12-28 13:00:00,0.0,0.0,0.0,0.0,0.0,0.0,0.0,0.0,0.0,0.0,0.0,0.0
2030-12-28 14:00:00,0.0,0.0,1743.190064598166,0.0,0.0,0.0,0.0,0.0,0.0,0.0,0.0,0.0
2030-12-28 15:00:00,1297.0,1644.1,7381.64,1347.671509122636,0.0,0.0,0.0,0.0,0.0,0.0,0.0,0.0
2030-12-28 16:00:00,1297.0,1644.1,7381.64,1340.3476908773653,0.0,0.0,0.0,0.0,0.0,0.0,0.0,0.0
2030-12-28 17:00:00,1297.0,1644.1,7381.64,3199.99,0.0,0.0,0.0,0.0,0.0,0.0,0.0,0.0
2030-12-28 18:00:00,1297.0,1644.1,7381.64,0.0,0.0,0.0,0.0,0.0,0.0,0.0,0.0,0.0
2030-12-28 19:00:00,1297.0,1644.1,7381.64,0.0,0.0,0.0,0.0,0.0,0.0,0.0,0.0,0.0
2030-12-28 20:00:00,0.0,0.0,7381.64,0.0,0.0,0.0,0.0,0.0,0.0,0.0,0.0,0.0
2030-12-28 21:00:00,0.0,0.0,7381.64,0.0,0.0,0.0,0.0,0.0,0.0,0.0,0.0,0.0
2030-12-28 22:00:00,0.0,0.0,7381.64,0.0,0.0,0.0,0.0,0.0,0.0,0.0,0.0,0.0
2030-12-28 23:00:00,513.2656589146245,0.0,7381.64,0.0,0.0,0.0,0.0,0.0,0.0,0.0,0.0,0.0
2030-12-29 00:00:00,1297.0,702.1962349305686,7381.64,0.0,0.0,0.0,0.0,0.0,0.0,148.64330443782387,0.0,0.0
2030-12-29 01:00:00,1297.0,333.6055009043848,7381.64,0.0,0.0,0.0,0.0,0.0,0.0,450.99975928951335,0.0,0.0
2030-12-29 02:00:00,1297.0,488.33447037615406,7381.64,0.0,0.0,0.0,0.0,0.0,158.85223775269992,0.0,0.0,561.2
2030-12-29 03:00:00,1297.0,857.3365384775243,7381.64,0.0,0.0,0.0,0.0,0.0,0.0,0.0,0.0,0.0
2030-12-29 04:00:00,1297.0,1644.1,7381.64,0.0,0.0,0.0,0.0,0.0,0.0,0.0,0.0,0.0
2030-12-29 05:00:00,1297.0,1644.1,7381.64,0.0,0.0,0.0,0.0,0.0,0.0,0.0,0.0,0.0
2030-12-29 06:00:00,1297.0,1644.1,7381.64,2688.0192000000015,0.0,0.0,0.0,0.0,0.0,2070.0,703.8665561875141,0.0
2030-12-29 07:00:00,1297.0,1644.1,7381.64,3199.99,0.0,0.0,0.0,0.0,393.581594146915,2070.0,0.0,561.2
2030-12-29 08:00:00,1297.0,1644.1,7381.64,0.0,0.0,0.0,0.0,0.0,923.7042712708235,2070.0,0.0,0.0
2030-12-29 09:00:00,1297.0,1644.1,7381.64,0.0,0.0,0.0,0.0,0.0,501.73624904313965,2070.0,0.0,0.0
2030-12-29 10:00:00,1297.0,1644.1,7381.64,0.0,0.0,0.0,0.0,0.0,0.0,0.0,0.0,0.0
2030-12-29 11:00:00,1297.0,1644.1,7381.64,0.0,0.0,0.0,0.0,0.0,0.0,0.0,0.0,0.0
2030-12-29 12:00:00,1297.0,1644.1,7381.64,0.0,0.0,0.0,0.0,0.0,0.0,0.0,0.0,0.0
2030-12-29 13:00:00,1297.0,1644.1,7381.64,0.0,0.0,0.0,0.0,0.0,0.0,0.0,0.0,0.0
2030-12-29 14:00:00,1297.0,1644.1,7381.64,792.6211329337613,0.0,0.0,0.0,0.0,0.0,0.0,0.0,0.0
2030-12-29 15:00:00,1297.0,1644.1,7381.64,0.0,0.0,0.0,0.0,0.0,0.0,0.0,0.0,0.0
2030-12-29 16:00:00,1297.0,1644.1,7381.64,0.0,0.0,0.0,0.0,0.0,0.0,0.0,0.0,0.0
2030-12-29 17:00:00,1297.0,1478.0527276447465,7381.64,0.0,0.0,0.0,0.0,0.0,0.0,0.0,0.0,0.0
2030-12-29 18:00:00,0.0,0.0,3368.450656305984,0.0,0.0,0.0,0.0,0.0,0.0,0.0,0.0,0.0
2030-12-29 19:00:00,0.0,0.0,0.0,0.0,0.0,0.0,0.0,0.0,0.0,0.0,0.0,0.0
2030-12-29 20:00:00,0.0,0.0,0.0,0.0,0.0,0.0,0.0,0.0,0.0,0.0,0.0,0.0
2030-12-29 21:00:00,0.0,0.0,0.0,0.0,0.0,0.0,0.0,0.0,0.0,0.0,0.0,0.0
2030-12-29 22:00:00,0.0,0.0,0.0,0.0,0.0,0.0,0.0,0.0,0.0,0.0,0.0,0.0
2030-12-29 23:00:00,0.0,0.0,0.0,0.0,0.0,0.0,0.0,0.0,0.0,0.0,0.0,0.0
2030-12-30 00:00:00,0.0,0.0,0.0,0.0,0.0,0.0,0.0,0.0,0.0,77.60278877697988,0.0,0.0
2030-12-30 01:00:00,0.0,0.0,0.0,0.0,0.0,0.0,0.0,0.0,0.0,325.40436165687015,0.0,16.0697054732875
2030-12-30 02:00:00,0.0,0.0,0.0,0.0,0.0,0.0,0.0,0.0,0.0,0.0,0.0,545.1302945267125
2030-12-30 03:00:00,0.0,0.0,0.0,0.0,0.0,0.0,0.0,0.0,0.0,0.0,0.0,0.0
2030-12-30 04:00:00,0.0,0.0,0.0,0.0,0.0,0.0,0.0,0.0,0.0,0.0,0.0,0.0
2030-12-30 05:00:00,0.0,0.0,0.0,0.0,0.0,0.0,0.0,0.0,0.0,0.0,0.0,0.0
2030-12-30 06:00:00,0.0,0.0,0.0,0.0,0.0,0.0,0.0,0.0,0.0,0.0,0.0,0.0
2030-12-30 07:00:00,0.0,0.0,0.0,0.0,0.0,0.0,0.0,0.0,0.0,0.0,0.0,0.0
2030-12-30 08:00:00,0.0,0.0,0.0,0.0,0.0,0.0,0.0,0.0,0.0,0.0,0.0,0.0
2030-12-30 09:00:00,0.0,0.0,0.0,0.0,0.0,0.0,0.0,0.0,0.0,0.0,0.0,0.0
2030-12-30 10:00:00,0.0,0.0,0.0,0.0,0.0,0.0,0.0,0.0,0.0,0.0,0.0,0.0
2030-12-30 11:00:00,0.0,0.0,0.0,0.0,0.0,0.0,0.0,0.0,0.0,0.0,0.0,0.0
2030-12-30 12:00:00,0.0,0.0,0.0,0.0,0.0,0.0,0.0,0.0,0.0,0.0,0.0,0.0
2030-12-30 13:00:00,0.0,0.0,0.0,0.0,0.0,0.0,0.0,0.0,0.0,0.0,0.0,0.0
2030-12-30 14:00:00,0.0,0.0,0.0,0.0,0.0,0.0,0.0,0.0,0.0,0.0,0.0,0.0
2030-12-30 15:00:00,0.0,0.0,0.0,0.0,0.0,0.0,0.0,0.0,0.0,0.0,0.0,0.0
2030-12-30 16:00:00,0.0,0.0,0.0,0.0,0.0,0.0,0.0,0.0,0.0,0.0,0.0,0.0
2030-12-30 17:00:00,0.0,0.0,0.0,0.0,0.0,0.0,0.0,0.0,0.0,0.0,0.0,0.0
2030-12-30 18:00:00,0.0,0.0,0.0,0.0,0.0,0.0,0.0,0.0,0.0,0.0,0.0,0.0
2030-12-30 19:00:00,0.0,0.0,0.0,0.0,0.0,0.0,0.0,0.0,0.0,0.0,0.0,0.0
2030-12-30 20:00:00,0.0,0.0,0.0,0.0,0.0,0.0,0.0,0.0,0.0,0.0,0.0,0.0
2030-12-30 21:00:00,0.0,0.0,0.0,0.0,0.0,0.0,0.0,0.0,0.0,0.0,0.0,0.0
2030-12-30 22:00:00,0.0,0.0,0.0,0.0,0.0,0.0,0.0,0.0,0.0,0.0,0.0,0.0
2030-12-30 23:00:00,0.0,0.0,0.0,0.0,0.0,0.0,0.0,0.0,0.0,0.0,0.0,0.0
2030-12-31 00:00:00,0.0,0.0,0.0,0.0,0.0,0.0,0.0,0.0,0.0,248.02056446648612,0.0,0.0
2030-12-31 01:00:00,0.0,0.0,0.0,0.0,0.0,0.0,0.0,0.0,0.0,0.0,0.0,548.6969557965117
2030-12-31 02:00:00,0.0,0.0,0.0,0.0,0.0,0.0,0.0,0.0,0.0,791.626790145928,0.0,12.503044203488363
2030-12-31 03:00:00,0.0,0.0,0.0,0.0,0.0,0.0,0.0,0.0,0.0,0.0,0.0,0.0
2030-12-31 04:00:00,0.0,0.0,0.0,0.0,0.0,0.0,0.0,0.0,0.0,0.0,0.0,0.0
2030-12-31 05:00:00,0.0,0.0,0.0,0.0,0.0,0.0,0.0,0.0,0.0,0.0,0.0,0.0
2030-12-31 06:00:00,0.0,0.0,0.0,0.0,0.0,0.0,0.0,0.0,0.0,0.0,0.0,0.0
2030-12-31 07:00:00,0.0,0.0,0.0,0.0,0.0,0.0,0.0,0.0,0.0,0.0,0.0,0.0
2030-12-31 08:00:00,0.0,0.0,0.0,0.0,0.0,0.0,0.0,0.0,0.0,0.0,0.0,0.0
2030-12-31 09:00:00,0.0,0.0,0.0,0.0,0.0,0.0,0.0,0.0,0.0,0.0,0.0,0.0
2030-12-31 10:00:00,0.0,0.0,0.0,0.0,0.0,0.0,0.0,0.0,0.0,0.0,0.0,0.0
2030-12-31 11:00:00,0.0,0.0,0.0,0.0,0.0,0.0,0.0,0.0,0.0,0.0,0.0,0.0
2030-12-31 12:00:00,0.0,0.0,0.0,0.0,0.0,0.0,0.0,0.0,0.0,0.0,0.0,0.0
2030-12-31 13:00:00,0.0,0.0,0.0,0.0,0.0,0.0,0.0,0.0,0.0,0.0,0.0,0.0
2030-12-31 14:00:00,0.0,0.0,0.0,0.0,0.0,0.0,0.0,0.0,0.0,0.0,0.0,0.0
2030-12-31 15:00:00,0.0,0.0,0.0,0.0,0.0,0.0,0.0,0.0,0.0,0.0,0.0,0.0
2030-12-31 16:00:00,0.0,0.0,0.0,0.0,0.0,0.0,0.0,0.0,0.0,0.0,0.0,0.0
2030-12-31 17:00:00,0.0,0.0,0.0,0.0,0.0,0.0,0.0,0.0,0.0,0.0,0.0,0.0
2030-12-31 18:00:00,0.0,0.0,0.0,0.0,0.0,0.0,0.0,0.0,0.0,0.0,0.0,0.0
2030-12-31 19:00:00,0.0,0.0,0.0,0.0,0.0,0.0,0.0,0.0,0.0,0.0,0.0,0.0
2030-12-31 20:00:00,0.0,0.0,0.0,0.0,0.0,0.0,0.0,0.0,0.0,0.0,0.0,0.0
2030-12-31 21:00:00,0.0,0.0,0.0,0.0,0.0,0.0,0.0,0.0,0.0,0.0,0.0,0.0
2030-12-31 22:00:00,0.0,0.0,0.0,0.0,0.0,0.0,0.0,0.0,0.0,0.0,0.0,0.0
2030-12-31 23:00:00,0.0,0.0,0.0,0.0,0.0,0.0,0.0,0.0,0.0,0.0,0.0,0.0
