snapshot,Link_CH_to_DE,Link_CH_to_FR,Link_DE_to_CH,Link_FR_to_CH,Link_DE_to_FR,Link_FR_to_DE
2030-01-01 00:00:00,0.0,0.0,3300.0,3348.960949988582,4800.0,0.0
2030-01-01 01:00:00,0.0,0.0,3300.0,3348.960949988582,4800.0,0.0
2030-01-01 02:00:00,0.0,0.0,3300.0,3348.960949988582,4800.0,0.0
2030-01-01 03:00:00,0.0,0.0,3300.0,3348.960949988582,4800.0,0.0
2030-01-01 04:00:00,0.0,0.0,3300.0,3348.960949988582,4800.0,0.0
2030-01-01 05:00:00,0.0,0.0,3300.0,3348.960949988582,4800.0,0.0
2030-01-01 06:00:00,0.0,0.0,3300.0,3348.960949988582,4800.0,0.0
2030-01-01 07:00:00,0.0,0.0,3300.0,3348.960949988582,4800.0,0.0
2030-01-01 08:00:00,0.0,0.0,3300.0,3348.960949988582,4800.0,0.0
2030-01-01 09:00:00,0.0,0.0,3300.0,3348.960949988582,4800.0,0.0
2030-01-01 10:00:00,0.0,0.0,3300.0,3348.960949988582,4800.0,0.0
2030-01-01 11:00:00,0.0,0.0,3300.0,3348.960949988582,4800.0,0.0
2030-01-01 12:00:00,0.0,0.0,3300.0,3348.960949988582,4800.0,0.0
2030-01-01 13:00:00,0.0,0.0,3300.0,3348.960949988582,4800.0,0.0
2030-01-01 14:00:00,0.0,0.0,3300.0,3348.960949988582,4800.0,0.0
2030-01-01 15:00:00,0.0,0.0,3300.0,3348.960949988582,4800.0,0.0
2030-01-01 16:00:00,0.0,0.0,3300.0,3348.960949988582,4800.0,0.0
2030-01-01 17:00:00,0.0,0.0,3300.0,3348.960949988582,4800.0,0.0
2030-01-01 18:00:00,0.0,0.0,3300.0,3348.960949988582,4800.0,0.0
2030-01-01 19:00:00,0.0,0.0,3300.0,3348.960949988582,4800.0,0.0
2030-01-01 20:00:00,0.0,0.0,3300.0,3348.960949988582,4800.0,0.0
2030-01-01 21:00:00,0.0,0.0,3300.0,3348.960949988582,4800.0,0.0
2030-01-01 22:00:00,0.0,0.0,3300.0,3348.960949988582,4800.0,0.0
2030-01-01 23:00:00,0.0,0.0,3300.0,3348.960949988582,4800.0,0.0
2030-01-02 00:00:00,0.0,0.0,3300.0,3348.960949988582,4800.0,0.0
2030-01-02 01:00:00,0.0,0.0,3300.0,3348.960949988582,4800.0,0.0
2030-01-02 02:00:00,0.0,0.0,3300.0,3348.960949988582,4800.0,0.0
2030-01-02 03:00:00,0.0,0.0,3300.0,3348.960949988582,4800.0,0.0
2030-01-02 04:00:00,0.0,0.0,3300.0,3348.960949988582,4800.0,0.0
2030-01-02 05:00:00,0.0,0.0,3300.0,3348.960949988582,4800.0,0.0
2030-01-02 06:00:00,0.0,0.0,3300.0,3348.960949988582,4800.0,0.0
2030-01-02 07:00:00,0.0,0.0,3300.0,3348.960949988582,4800.0,0.0
2030-01-02 08:00:00,0.0,0.0,3300.0,3348.960949988582,4800.0,0.0
2030-01-02 09:00:00,0.0,0.0,3300.0,3348.960949988582,4800.0,0.0
2030-01-02 10:00:00,0.0,0.0,3300.0,3348.960949988582,4800.0,2835.125972724032
2030-01-02 11:00:00,0.0,0.0,3300.0,3348.960949988582,4800.0,2381.505581123394
2030-01-02 12:00:00,0.0,0.0,3300.0,3348.960949988582,4800.0,0.0
2030-01-02 13:00:00,0.0,0.0,3300.0,3348.960949988582,4800.0,0.0
2030-01-02 14:00:00,0.0,0.0,3300.0,3348.960949988582,4800.0,0.0
2030-01-02 15:00:00,0.0,0.0,3300.0,3348.960949988582,0.0,104.87219317184031
2030-01-02 16:00:00,0.0,0.0,3300.0,3348.960949988582,4800.0,3853.078986534165
2030-01-02 17:00:00,0.0,0.0,3300.0,3348.960949988582,4800.0,0.0
2030-01-02 18:00:00,0.0,0.0,3300.0,3348.960949988582,4800.0,0.0
2030-01-02 19:00:00,0.0,0.0,3300.0,3348.960949988582,4800.0,0.0
2030-01-02 20:00:00,0.0,0.0,3300.0,3348.960949988582,4800.0,0.0
2030-01-02 21:00:00,0.0,0.0,3300.0,3348.960949988582,4800.0,0.0
2030-01-02 22:00:00,0.0,0.0,3300.0,3348.960949988582,4800.0,0.0
2030-01-02 23:00:00,0.0,0.0,3300.0,3348.960949988582,4800.0,0.0
2030-01-03 00:00:00,0.0,0.0,3300.0,3348.960949988582,4800.0,0.0
2030-01-03 01:00:00,0.0,0.0,3300.0,3348.960949988582,4800.0,0.0
2030-01-03 02:00:00,0.0,0.0,3300.0,3348.960949988582,4800.0,0.0
2030-01-03 03:00:00,0.0,0.0,3300.0,3348.960949988582,4800.0,0.0
2030-01-03 04:00:00,0.0,0.0,3300.0,3348.960949988582,4800.0,0.0
2030-01-03 05:00:00,0.0,0.0,3300.0,3348.960949988582,4800.0,0.0
2030-01-03 06:00:00,0.0,0.0,3300.0,3348.960949988582,4800.0,0.0
2030-01-03 07:00:00,0.0,0.0,3300.0,3348.960949988582,4800.0,0.0
2030-01-03 08:00:00,0.0,0.0,3300.0,3348.960949988582,4800.0,0.0
2030-01-03 09:00:00,0.0,0.0,3300.0,3348.960949988582,4800.0,0.0
2030-01-03 10:00:00,0.0,0.0,3300.0,3348.960949988582,4800.0,0.0
2030-01-03 11:00:00,0.0,0.0,3300.0,3348.960949988582,4800.0,0.0
2030-01-03 12:00:00,0.0,0.0,3300.0,3348.960949988582,4800.0,0.0
2030-01-03 13:00:00,0.0,0.0,3300.0,3348.960949988582,4800.0,0.0
2030-01-03 14:00:00,0.0,0.0,3300.0,3348.960949988582,4800.0,0.0
2030-01-03 15:00:00,0.0,0.0,3300.0,3348.960949988582,4800.0,0.0
2030-01-03 16:00:00,0.0,0.0,3300.0,3348.960949988582,4800.0,0.0
2030-01-03 17:00:00,0.0,0.0,3300.0,3348.960949988582,4800.0,0.0
2030-01-03 18:00:00,0.0,0.0,3300.0,3348.960949988582,4800.0,0.0
2030-01-03 19:00:00,0.0,0.0,3300.0,3348.960949988582,4800.0,0.0
2030-01-03 20:00:00,0.0,0.0,3300.0,3348.960949988582,4800.0,0.0
2030-01-03 21:00:00,0.0,0.0,3300.0,3348.960949988582,4800.0,0.0
2030-01-03 22:00:00,0.0,0.0,3300.0,3348.960949988582,4800.0,0.0
2030-01-03 23:00:00,0.0,0.0,3300.0,3348.960949988582,4800.0,0.0
2030-01-04 00:00:00,0.0,0.0,3300.0,3348.960949988582,4800.0,0.0
2030-01-04 01:00:00,0.0,0.0,3300.0,3348.960949988582,4800.0,0.0
2030-01-04 02:00:00,0.0,0.0,3300.0,3348.960949988582,4800.0,0.0
2030-01-04 03:00:00,0.0,0.0,3300.0,3348.960949988582,4800.0,0.0
2030-01-04 04:00:00,0.0,0.0,3300.0,3348.960949988582,4800.0,0.0
2030-01-04 05:00:00,0.0,0.0,3300.0,3348.960949988582,4800.0,0.0
2030-01-04 06:00:00,0.0,0.0,3300.0,3348.960949988582,4800.0,0.0
2030-01-04 07:00:00,0.0,0.0,3300.0,3348.960949988582,4800.0,0.0
2030-01-04 08:00:00,0.0,0.0,3300.0,3348.960949988582,4800.0,0.0
2030-01-04 09:00:00,0.0,0.0,3300.0,3348.960949988582,4800.0,0.0
2030-01-04 10:00:00,0.0,0.0,3300.0,3348.960949988582,4800.0,0.0
2030-01-04 11:00:00,0.0,0.0,3300.0,3348.960949988582,4800.0,0.0
2030-01-04 12:00:00,0.0,0.0,3300.0,3348.960949988582,4800.0,0.0
2030-01-04 13:00:00,0.0,0.0,3300.0,3348.960949988582,4800.0,0.0
2030-01-04 14:00:00,0.0,0.0,3300.0,3348.960949988582,4800.0,0.0
2030-01-04 15:00:00,0.0,0.0,3300.0,3348.960949988582,4800.0,0.0
2030-01-04 16:00:00,0.0,0.0,3300.0,3348.960949988582,4800.0,0.0
2030-01-04 17:00:00,0.0,0.0,3300.0,3348.960949988582,4800.0,0.0
2030-01-04 18:00:00,0.0,0.0,3300.0,3348.960949988582,4800.0,0.0
2030-01-04 19:00:00,0.0,0.0,3300.0,3348.960949988582,4800.0,0.0
2030-01-04 20:00:00,0.0,0.0,3300.0,3348.960949988582,4800.0,0.0
2030-01-04 21:00:00,0.0,0.0,3300.0,3348.960949988582,4800.0,0.0
2030-01-04 22:00:00,0.0,0.0,3300.0,3348.960949988582,4800.0,0.0
2030-01-04 23:00:00,0.0,0.0,3300.0,3348.960949988582,4800.0,0.0
2030-01-05 00:00:00,0.0,0.0,3300.0,3348.960949988582,4800.0,0.0
2030-01-05 01:00:00,0.0,0.0,3300.0,3348.960949988582,4800.0,0.0
2030-01-05 02:00:00,0.0,0.0,3300.0,3348.960949988582,4800.0,0.0
2030-01-05 03:00:00,0.0,0.0,3300.0,3348.960949988582,4800.0,0.0
2030-01-05 04:00:00,0.0,0.0,3300.0,3348.960949988582,4800.0,0.0
2030-01-05 05:00:00,0.0,0.0,3300.0,3348.960949988582,4800.0,0.0
2030-01-05 06:00:00,0.0,0.0,3300.0,3348.960949988582,4800.0,0.0
2030-01-05 07:00:00,0.0,0.0,3300.0,3348.960949988582,4800.0,0.0
2030-01-05 08:00:00,0.0,0.0,3300.0,3348.960949988582,4800.0,0.0
2030-01-05 09:00:00,0.0,0.0,3300.0,3348.960949988582,4800.0,0.0
2030-01-05 10:00:00,0.0,0.0,3300.0,3348.960949988582,4800.0,0.0
2030-01-05 11:00:00,0.0,0.0,3300.0,3348.960949988582,4800.0,0.0
2030-01-05 12:00:00,0.0,0.0,3300.0,3348.960949988582,4800.0,0.0
2030-01-05 13:00:00,0.0,0.0,3300.0,3348.960949988582,4800.0,0.0
2030-01-05 14:00:00,0.0,0.0,3300.0,3348.960949988582,4800.0,0.0
2030-01-05 15:00:00,0.0,0.0,3300.0,3348.960949988582,4800.0,0.0
2030-01-05 16:00:00,0.0,0.0,3300.0,3348.960949988582,4800.0,0.0
2030-01-05 17:00:00,0.0,0.0,3300.0,3348.960949988582,4800.0,0.0
2030-01-05 18:00:00,0.0,0.0,3300.0,3348.960949988582,4800.0,0.0
2030-01-05 19:00:00,0.0,0.0,3300.0,3348.960949988582,4800.0,0.0
2030-01-05 20:00:00,0.0,0.0,3300.0,3348.960949988582,4800.0,0.0
2030-01-05 21:00:00,0.0,0.0,3300.0,3348.960949988582,4800.0,0.0
2030-01-05 22:00:00,0.0,0.0,3300.0,3348.960949988582,4800.0,0.0
2030-01-05 23:00:00,0.0,0.0,3300.0,3348.960949988582,4800.0,0.0
2030-01-06 00:00:00,0.0,0.0,3300.0,3348.960949988582,4800.0,0.0
2030-01-06 01:00:00,0.0,0.0,3300.0,3348.960949988582,4800.0,0.0
2030-01-06 02:00:00,0.0,0.0,3300.0,3348.960949988582,4800.0,0.0
2030-01-06 03:00:00,0.0,0.0,3300.0,3348.960949988582,4800.0,0.0
2030-01-06 04:00:00,0.0,0.0,3300.0,3348.960949988582,4800.0,0.0
2030-01-06 05:00:00,0.0,0.0,3300.0,3348.960949988582,4800.0,0.0
2030-01-06 06:00:00,0.0,0.0,3300.0,3348.960949988582,4800.0,0.0
2030-01-06 07:00:00,0.0,0.0,3300.0,3348.960949988582,4800.0,0.0
2030-01-06 08:00:00,0.0,0.0,3300.0,3348.960949988582,4800.0,0.0
2030-01-06 09:00:00,0.0,0.0,3300.0,3348.960949988582,4800.0,0.0
2030-01-06 10:00:00,0.0,0.0,3300.0,3348.960949988582,4800.0,0.0
2030-01-06 11:00:00,0.0,0.0,3300.0,3348.960949988582,4800.0,0.0
2030-01-06 12:00:00,0.0,0.0,3300.0,3348.960949988582,4800.0,0.0
2030-01-06 13:00:00,0.0,0.0,3300.0,3348.960949988582,4800.0,0.0
2030-01-06 14:00:00,0.0,0.0,3300.0,3348.960949988582,4800.0,0.0
2030-01-06 15:00:00,0.0,0.0,3300.0,3348.960949988582,4800.0,0.0
2030-01-06 16:00:00,0.0,0.0,3300.0,3348.960949988582,4800.0,0.0
2030-01-06 17:00:00,0.0,0.0,3300.0,3348.960949988582,4800.0,0.0
2030-01-06 18:00:00,0.0,0.0,3300.0,3348.960949988582,4800.0,0.0
2030-01-06 19:00:00,0.0,0.0,3300.0,3348.960949988582,4800.0,0.0
2030-01-06 20:00:00,0.0,0.0,3300.0,3348.960949988582,4800.0,0.0
2030-01-06 21:00:00,0.0,0.0,3300.0,3348.960949988582,4800.0,0.0
2030-01-06 22:00:00,0.0,0.0,3300.0,3348.960949988582,4800.0,0.0
2030-01-06 23:00:00,0.0,0.0,3300.0,3348.960949988582,4800.0,0.0
2030-01-07 00:00:00,0.0,0.0,3300.0,3348.960949988582,4800.0,0.0
2030-01-07 01:00:00,0.0,0.0,3300.0,3348.960949988582,4800.0,0.0
2030-01-07 02:00:00,0.0,0.0,3300.0,3348.960949988582,4800.0,0.0
2030-01-07 03:00:00,0.0,0.0,3300.0,3348.960949988582,4800.0,0.0
2030-01-07 04:00:00,0.0,0.0,3300.0,3348.960949988582,4800.0,0.0
2030-01-07 05:00:00,0.0,0.0,3300.0,3348.960949988582,4800.0,0.0
2030-01-07 06:00:00,0.0,0.0,3300.0,3348.960949988582,4800.0,0.0
2030-01-07 07:00:00,0.0,0.0,3300.0,3348.960949988582,4800.0,0.0
2030-01-07 08:00:00,0.0,0.0,3300.0,3348.960949988582,4800.0,0.0
2030-01-07 09:00:00,0.0,0.0,3300.0,3348.960949988582,4800.0,0.0
2030-01-07 10:00:00,0.0,0.0,3300.0,3348.960949988582,4800.0,0.0
2030-01-07 11:00:00,0.0,0.0,3300.0,3348.960949988582,4800.0,0.0
2030-01-07 12:00:00,0.0,0.0,3300.0,3348.960949988582,4800.0,0.0
2030-01-07 13:00:00,0.0,0.0,3300.0,3348.960949988582,4800.0,0.0
2030-01-07 14:00:00,0.0,0.0,3300.0,3348.960949988582,4800.0,0.0
2030-01-07 15:00:00,0.0,0.0,3300.0,3348.960949988582,4800.0,0.0
2030-01-07 16:00:00,0.0,0.0,3300.0,3348.960949988582,4800.0,0.0
2030-01-07 17:00:00,0.0,0.0,3300.0,3348.960949988582,4800.0,0.0
2030-01-07 18:00:00,0.0,0.0,3300.0,3348.960949988582,4800.0,0.0
2030-01-07 19:00:00,0.0,0.0,3300.0,3348.960949988582,4800.0,0.0
2030-01-07 20:00:00,0.0,0.0,3300.0,3348.960949988582,4800.0,0.0
2030-01-07 21:00:00,0.0,0.0,3300.0,3348.960949988582,4800.0,0.0
2030-01-07 22:00:00,0.0,0.0,3300.0,3348.960949988582,4800.0,0.0
2030-01-07 23:00:00,0.0,0.0,3300.0,3348.960949988582,4800.0,0.0
2030-01-08 00:00:00,0.0,0.0,3300.0,3348.960949988582,4800.0,0.0
2030-01-08 01:00:00,0.0,0.0,3300.0,3348.960949988582,4800.0,0.0
2030-01-08 02:00:00,0.0,0.0,3300.0,3348.960949988582,4800.0,0.0
2030-01-08 03:00:00,0.0,0.0,3300.0,3348.960949988582,4800.0,0.0
2030-01-08 04:00:00,0.0,0.0,3300.0,3348.960949988582,4800.0,0.0
2030-01-08 05:00:00,0.0,0.0,3300.0,3348.960949988582,4800.0,0.0
2030-01-08 06:00:00,0.0,0.0,3300.0,3348.960949988582,4800.0,0.0
2030-01-08 07:00:00,0.0,0.0,3300.0,3348.960949988582,4800.0,0.0
2030-01-08 08:00:00,0.0,0.0,3300.0,3348.960949988582,4800.0,0.0
2030-01-08 09:00:00,0.0,0.0,3300.0,3348.960949988582,4800.0,0.0
2030-01-08 10:00:00,0.0,0.0,3300.0,3348.960949988582,4800.0,0.0
2030-01-08 11:00:00,0.0,0.0,3300.0,3348.960949988582,4800.0,0.0
2030-01-08 12:00:00,0.0,0.0,3300.0,3348.960949988582,4800.0,0.0
2030-01-08 13:00:00,0.0,0.0,3300.0,3348.960949988582,4800.0,0.0
2030-01-08 14:00:00,0.0,0.0,3300.0,3348.960949988582,4800.0,0.0
2030-01-08 15:00:00,0.0,0.0,3300.0,3348.960949988582,4800.0,0.0
2030-01-08 16:00:00,0.0,0.0,3300.0,3348.960949988582,0.0,147.79176874244877
2030-01-08 17:00:00,0.0,0.0,3300.0,3348.960949988582,0.0,4800.0
2030-01-08 18:00:00,0.0,0.0,3300.0,3348.960949988582,0.0,4800.0
2030-01-08 19:00:00,0.0,0.0,3300.0,3348.960949988582,0.0,4800.0
2030-01-08 20:00:00,0.0,0.0,3300.0,3348.960949988582,0.0,4800.0
2030-01-08 21:00:00,0.0,0.0,3300.0,3348.960949988582,0.0,4800.0
2030-01-08 22:00:00,0.0,0.0,3300.0,3348.960949988582,0.0,4800.0
2030-01-08 23:00:00,0.0,0.0,3300.0,3348.960949988582,0.0,4800.0
2030-01-09 00:00:00,0.0,0.0,3300.0,3348.960949988582,0.0,4800.0
2030-01-09 01:00:00,0.0,0.0,3300.0,3348.960949988582,0.0,4800.0
2030-01-09 02:00:00,0.0,0.0,3188.8247308920836,3348.960949988582,0.0,4800.0
2030-01-09 03:00:00,2820.360864795148,0.0,3300.0,3348.960949988582,0.0,4800.0
2030-01-09 04:00:00,4303.585293445993,0.0,0.0,3348.960949988582,0.0,4800.0
2030-01-09 05:00:00,4303.585293445993,0.0,0.0,3348.960949988582,0.0,4800.0
2030-01-09 06:00:00,4303.585293445993,0.0,0.0,3348.960949988582,0.0,4800.0
2030-01-09 07:00:00,4303.585293445993,0.0,0.0,3348.960949988582,0.0,4800.0
2030-01-09 08:00:00,4303.585293445993,0.0,0.0,3348.960949988582,0.0,4800.0
2030-01-09 09:00:00,4303.585293445993,0.0,0.0,3348.960949988582,0.0,4800.0
2030-01-09 10:00:00,4303.585293445993,0.0,0.0,3348.960949988582,0.0,4800.0
2030-01-09 11:00:00,4303.585293445993,0.0,0.0,3348.960949988582,0.0,4800.0
2030-01-09 12:00:00,0.0,0.0,656.1438240649368,3348.960949988582,0.0,4800.0
2030-01-09 13:00:00,0.0,0.0,3300.0,3348.960949988582,0.0,4800.0
2030-01-09 14:00:00,0.0,0.0,3300.0,3348.960949988582,0.0,4800.0
2030-01-09 15:00:00,0.0,0.0,3300.0,3348.960949988582,0.0,4800.0
2030-01-09 16:00:00,0.0,0.0,3300.0,3348.960949988582,521.9391537730262,4800.0
2030-01-09 17:00:00,0.0,0.0,3300.0,3348.960949988582,4800.0,1810.9557733611728
2030-01-09 18:00:00,0.0,0.0,3300.0,3348.960949988582,4800.0,0.0
2030-01-09 19:00:00,0.0,0.0,3300.0,3348.960949988582,4800.0,0.0
2030-01-09 20:00:00,0.0,0.0,3300.0,3348.960949988582,4800.0,0.0
2030-01-09 21:00:00,0.0,0.0,3300.0,3348.960949988582,4800.0,0.0
2030-01-09 22:00:00,0.0,0.0,3300.0,3348.960949988582,4800.0,0.0
2030-01-09 23:00:00,0.0,0.0,3300.0,3348.960949988582,4800.0,0.0
2030-01-10 00:00:00,0.0,0.0,3300.0,3348.960949988582,4800.0,0.0
2030-01-10 01:00:00,0.0,0.0,3300.0,3348.960949988582,4800.0,0.0
2030-01-10 02:00:00,0.0,0.0,3300.0,3348.960949988582,4800.0,0.0
2030-01-10 03:00:00,0.0,0.0,3300.0,3348.960949988582,4800.0,0.0
2030-01-10 04:00:00,0.0,0.0,3300.0,3348.960949988582,4800.0,0.0
2030-01-10 05:00:00,0.0,0.0,3300.0,3348.960949988582,4800.0,0.0
2030-01-10 06:00:00,0.0,0.0,3300.0,3348.960949988582,4800.0,0.0
2030-01-10 07:00:00,0.0,0.0,3300.0,3348.960949988582,956.1003626673846,0.0
2030-01-10 08:00:00,0.0,0.0,3300.0,3348.960949988582,4186.831723688355,4800.0
2030-01-10 09:00:00,0.0,0.0,3300.0,3348.960949988582,0.0,4800.0
2030-01-10 10:00:00,0.0,0.0,3300.0,3348.960949988582,0.0,4800.0
2030-01-10 11:00:00,0.0,0.0,3300.0,3348.960949988582,0.0,4800.0
2030-01-10 12:00:00,0.0,0.0,1930.3206203691589,3348.960949988582,0.0,4800.0
2030-01-10 13:00:00,4303.585293445993,0.0,1975.2155599038379,3348.960949988582,0.0,4800.0
2030-01-10 14:00:00,4303.585293445993,0.0,0.0,3348.960949988582,0.0,4800.0
2030-01-10 15:00:00,4303.585293445993,0.0,0.0,3348.960949988582,0.0,4800.0
2030-01-10 16:00:00,4303.585293445993,0.0,0.0,3348.960949988582,0.0,4800.0
2030-01-10 17:00:00,4303.585293445993,0.0,0.0,1505.3434929423674,0.0,4800.0
2030-01-10 18:00:00,4303.585293445993,559.6690666370196,0.0,3348.960949988582,0.0,4800.0
2030-01-10 19:00:00,186.02469899956486,0.0,3300.0,3348.960949988582,0.0,4800.0
2030-01-10 20:00:00,0.0,0.0,3300.0,3348.960949988582,0.0,4800.0
2030-01-10 21:00:00,0.0,0.0,3300.0,3348.960949988582,0.0,688.072585458598
2030-01-10 22:00:00,0.0,0.0,3300.0,3348.960949988582,629.6032102364992,0.0
2030-01-10 23:00:00,0.0,0.0,3300.0,3348.960949988582,4800.0,0.0
2030-01-11 00:00:00,0.0,0.0,3300.0,3348.960949988582,4800.0,0.0
2030-01-11 01:00:00,0.0,0.0,3300.0,3348.960949988582,4800.0,0.0
2030-01-11 02:00:00,0.0,0.0,3300.0,3348.960949988582,4800.0,0.0
2030-01-11 03:00:00,0.0,0.0,3300.0,3348.960949988582,4800.0,0.0
2030-01-11 04:00:00,0.0,0.0,3300.0,3348.960949988582,4800.0,0.0
2030-01-11 05:00:00,0.0,0.0,3300.0,3348.960949988582,4800.0,0.0
2030-01-11 06:00:00,0.0,0.0,3300.0,3348.960949988582,4800.0,0.0
2030-01-11 07:00:00,0.0,0.0,3300.0,3348.960949988582,4800.0,0.0
2030-01-11 08:00:00,0.0,0.0,3300.0,3348.960949988582,4800.0,0.0
2030-01-11 09:00:00,0.0,0.0,3300.0,3348.960949988582,4800.0,0.0
2030-01-11 10:00:00,0.0,0.0,3300.0,3348.960949988582,4800.0,0.0
2030-01-11 11:00:00,0.0,0.0,3300.0,3348.960949988582,4800.0,0.0
2030-01-11 12:00:00,0.0,0.0,3300.0,3348.960949988582,4800.0,0.0
2030-01-11 13:00:00,0.0,0.0,3300.0,3348.960949988582,4800.0,0.0
2030-01-11 14:00:00,0.0,0.0,3300.0,3348.960949988582,4800.0,1838.7479271018456
2030-01-11 15:00:00,0.0,0.0,3300.0,3348.960949988582,0.0,4800.0
2030-01-11 16:00:00,0.0,0.0,2678.21949827786,3348.960949988582,415.05130252957315,0.0
2030-01-11 17:00:00,0.0,1349.8515642840832,3300.0,927.7998210402002,1183.198791333998,0.0
2030-01-11 18:00:00,0.0,0.0,3300.0,3348.960949988582,4800.0,0.0
2030-01-11 19:00:00,0.0,0.0,3300.0,3348.960949988582,4800.0,0.0
2030-01-11 20:00:00,0.0,0.0,3300.0,3348.960949988582,4800.0,552.4204390780869
2030-01-11 21:00:00,0.0,0.0,3300.0,3348.960949988582,4800.0,0.0
2030-01-11 22:00:00,0.0,0.0,3300.0,3348.960949988582,4800.0,0.0
2030-01-11 23:00:00,0.0,0.0,3300.0,3348.960949988582,4800.0,0.0
2030-01-12 00:00:00,0.0,590.1884930267915,3300.0,3348.960949988582,4800.0,0.0
2030-01-12 01:00:00,0.0,0.0,3300.0,3348.960949988582,4800.0,0.0
2030-01-12 02:00:00,0.0,0.0,3300.0,3348.960949988582,4800.0,0.0
2030-01-12 03:00:00,0.0,0.0,3300.0,3348.960949988582,4800.0,0.0
2030-01-12 04:00:00,0.0,0.0,3300.0,3348.960949988582,4800.0,0.0
2030-01-12 05:00:00,0.0,0.0,3300.0,3348.960949988582,4800.0,0.0
2030-01-12 06:00:00,0.0,151.3007772119745,3300.0,3348.960949988582,4800.0,0.0
2030-01-12 07:00:00,0.0,1349.8515642840832,3300.0,2588.0878198195423,4800.0,0.0
2030-01-12 08:00:00,0.0,0.0,3300.0,3348.960949988582,4800.0,0.0
2030-01-12 09:00:00,0.0,0.0,3300.0,3348.960949988582,4800.0,0.0
2030-01-12 10:00:00,0.0,0.0,3300.0,3348.960949988582,4800.0,0.0
2030-01-12 11:00:00,0.0,0.0,3300.0,3348.960949988582,4800.0,0.0
2030-01-12 12:00:00,0.0,0.0,3300.0,3348.960949988582,4800.0,0.0
2030-01-12 13:00:00,0.0,0.0,3300.0,3348.960949988582,4800.0,0.0
2030-01-12 14:00:00,0.0,0.0,3300.0,3348.960949988582,4800.0,0.0
2030-01-12 15:00:00,0.0,0.0,3300.0,3348.960949988582,4800.0,0.0
2030-01-12 16:00:00,0.0,0.0,3300.0,3348.960949988582,4800.0,0.0
2030-01-12 17:00:00,0.0,0.0,3300.0,3348.960949988582,4800.0,0.0
2030-01-12 18:00:00,0.0,0.0,3300.0,3348.960949988582,4800.0,0.0
2030-01-12 19:00:00,0.0,0.0,3300.0,3348.960949988582,4800.0,0.0
2030-01-12 20:00:00,0.0,0.0,3300.0,3348.960949988582,4800.0,0.0
2030-01-12 21:00:00,0.0,0.0,3300.0,3348.960949988582,4800.0,0.0
2030-01-12 22:00:00,0.0,0.0,3300.0,3348.960949988582,4800.0,0.0
2030-01-12 23:00:00,0.0,0.0,3300.0,3348.960949988582,4800.0,0.0
2030-01-13 00:00:00,0.0,0.0,3300.0,3348.960949988582,4800.0,0.0
2030-01-13 01:00:00,0.0,0.0,3300.0,3348.960949988582,4800.0,0.0
2030-01-13 02:00:00,0.0,0.0,3300.0,3348.960949988582,4800.0,0.0
2030-01-13 03:00:00,0.0,0.0,3300.0,3348.960949988582,4800.0,0.0
2030-01-13 04:00:00,0.0,0.0,3300.0,3348.960949988582,4800.0,0.0
2030-01-13 05:00:00,0.0,0.0,3300.0,3348.960949988582,4800.0,0.0
2030-01-13 06:00:00,0.0,0.0,3300.0,3348.960949988582,4800.0,0.0
2030-01-13 07:00:00,0.0,0.0,3300.0,3348.960949988582,4800.0,0.0
2030-01-13 08:00:00,0.0,0.0,3300.0,3348.960949988582,4800.0,0.0
2030-01-13 09:00:00,0.0,0.0,3300.0,3348.960949988582,4800.0,0.0
2030-01-13 10:00:00,0.0,0.0,3300.0,3348.960949988582,4800.0,0.0
2030-01-13 11:00:00,0.0,0.0,3300.0,3348.960949988582,4800.0,0.0
2030-01-13 12:00:00,0.0,0.0,3300.0,3348.960949988582,4800.0,0.0
2030-01-13 13:00:00,0.0,0.0,3300.0,3348.960949988582,4800.0,0.0
2030-01-13 14:00:00,0.0,0.0,3300.0,3348.960949988582,4800.0,0.0
2030-01-13 15:00:00,0.0,0.0,3300.0,3348.960949988582,4800.0,0.0
2030-01-13 16:00:00,0.0,0.0,3300.0,3348.960949988582,4800.0,0.0
2030-01-13 17:00:00,0.0,0.0,3300.0,3348.960949988582,4800.0,0.0
2030-01-13 18:00:00,0.0,0.0,3300.0,3348.960949988582,4800.0,0.0
2030-01-13 19:00:00,0.0,0.0,3300.0,3348.960949988582,4800.0,0.0
2030-01-13 20:00:00,0.0,0.0,3300.0,3348.960949988582,4800.0,0.0
2030-01-13 21:00:00,0.0,0.0,3300.0,3348.960949988582,4800.0,0.0
2030-01-13 22:00:00,0.0,0.0,3300.0,3348.960949988582,4800.0,0.0
2030-01-13 23:00:00,0.0,0.0,3300.0,3348.960949988582,4800.0,0.0
2030-01-14 00:00:00,0.0,0.0,3300.0,3348.960949988582,4800.0,0.0
2030-01-14 01:00:00,0.0,0.0,3300.0,3348.960949988582,4800.0,0.0
2030-01-14 02:00:00,0.0,0.0,3300.0,3348.960949988582,4800.0,0.0
2030-01-14 03:00:00,0.0,0.0,3300.0,3348.960949988582,4800.0,0.0
2030-01-14 04:00:00,0.0,0.0,3300.0,3348.960949988582,4800.0,0.0
2030-01-14 05:00:00,0.0,0.0,3300.0,3348.960949988582,4800.0,0.0
2030-01-14 06:00:00,0.0,0.0,3300.0,3348.960949988582,4800.0,0.0
2030-01-14 07:00:00,0.0,0.0,3300.0,3348.960949988582,4800.0,0.0
2030-01-14 08:00:00,0.0,0.0,3300.0,3348.960949988582,4800.0,0.0
2030-01-14 09:00:00,0.0,0.0,3300.0,3348.960949988582,4800.0,0.0
2030-01-14 10:00:00,0.0,0.0,3300.0,3348.960949988582,4800.0,0.0
2030-01-14 11:00:00,0.0,0.0,3300.0,3348.960949988582,4800.0,0.0
2030-01-14 12:00:00,0.0,0.0,3300.0,3348.960949988582,4800.0,0.0
2030-01-14 13:00:00,0.0,0.0,3300.0,3348.960949988582,4800.0,0.0
2030-01-14 14:00:00,0.0,0.0,3300.0,3348.960949988582,4800.0,4247.585237740488
2030-01-14 15:00:00,0.0,0.0,3300.0,3348.960949988582,0.0,4800.0
2030-01-14 16:00:00,2868.723897596632,0.0,3300.0,3348.960949988582,0.0,4800.0
2030-01-14 17:00:00,3313.799324392545,71.31508624533669,0.0,3348.960949988582,0.0,4800.0
2030-01-14 18:00:00,4303.585293445993,0.0,0.0,3348.960949988582,0.0,4800.0
2030-01-14 19:00:00,4303.585293445993,0.0,0.0,3348.960949988582,0.0,4800.0
2030-01-14 20:00:00,4303.585293445993,0.0,0.0,3348.960949988582,0.0,4800.0
2030-01-14 21:00:00,4303.585293445993,0.0,0.0,3254.260176607597,0.0,4800.0
2030-01-14 22:00:00,4303.585293445993,0.0,0.0,1211.0384290101792,0.0,4800.0
2030-01-14 23:00:00,4303.585293445993,0.0,0.0,0.0,0.0,4800.0
2030-01-15 00:00:00,4303.585293445993,1349.8515642840832,1511.0333236839642,0.0,0.0,4800.0
2030-01-15 01:00:00,3990.413137596081,0.0,0.0,0.0,0.0,4800.0
2030-01-15 02:00:00,4303.585293445993,0.0,0.0,355.11630619065704,4800.0,4800.0
2030-01-15 03:00:00,4303.585293445993,982.079407234663,3300.0,0.0,0.0,4800.0
2030-01-15 04:00:00,4303.585293445993,0.0,0.0,2858.5177646642333,0.0,4800.0
2030-01-15 05:00:00,4303.585293445993,0.0,0.0,653.2532869916313,0.0,4800.0
2030-01-15 06:00:00,4303.585293445993,250.66710075710535,0.0,0.0,0.0,4800.0
2030-01-15 07:00:00,4303.585293445993,1349.8515642840832,0.0,3087.0780803914968,0.0,4800.0
2030-01-15 08:00:00,4303.585293445993,1349.8515642840832,0.0,0.0,0.0,4800.0
2030-01-15 09:00:00,4303.585293445993,58.038406644336646,0.0,0.0,0.0,4800.0
2030-01-15 10:00:00,4303.585293445993,0.0,0.0,3348.960949988582,0.0,4800.0
2030-01-15 11:00:00,4303.585293445993,0.0,0.0,3348.960949988582,0.0,4800.0
2030-01-15 12:00:00,4303.585293445993,0.0,0.0,3348.960949988582,0.0,4800.0
2030-01-15 13:00:00,4303.585293445993,0.0,0.0,3348.960949988582,0.0,4800.0
2030-01-15 14:00:00,4303.585293445993,0.0,0.0,3348.960949988582,0.0,4800.0
2030-01-15 15:00:00,4303.585293445993,0.0,0.0,2362.740677058202,0.0,4800.0
2030-01-15 16:00:00,4303.585293445993,1349.8515642840832,0.0,2787.8365089564286,0.0,4800.0
2030-01-15 17:00:00,4303.585293445993,830.0126034959603,0.0,0.0,0.0,4800.0
2030-01-15 18:00:00,4303.585293445993,0.0,0.0,0.0,0.0,4800.0
2030-01-15 19:00:00,4303.585293445993,1349.8515642840832,0.0,2856.0616519418454,0.0,4800.0
2030-01-15 20:00:00,4303.585293445993,0.0,0.0,1282.120473976006,0.0,4800.0
2030-01-15 21:00:00,4303.585293445993,0.0,0.0,1263.8279978627238,0.0,4800.0
2030-01-15 22:00:00,4303.585293445993,1349.8515642840832,0.0,3348.960949988582,0.0,4800.0
2030-01-15 23:00:00,4303.585293445993,1349.8515642840832,0.0,526.2607039112436,0.0,4800.0
2030-01-16 00:00:00,4303.585293445993,172.74922082836747,0.0,0.0,0.0,4800.0
2030-01-16 01:00:00,4303.585293445993,0.0,0.0,2511.533717390077,0.0,4800.0
2030-01-16 02:00:00,4303.585293445993,0.0,0.0,2322.345662215478,0.0,4800.0
2030-01-16 03:00:00,4303.585293445993,0.0,0.0,240.16283754485812,0.0,4800.0
2030-01-16 04:00:00,4303.585293445993,0.0,0.0,1583.2822595921025,0.0,4800.0
2030-01-16 05:00:00,4303.585293445993,0.0,0.0,256.34227128109114,0.0,4800.0
2030-01-16 06:00:00,4303.585293445993,0.0,0.0,0.0,0.0,4800.0
2030-01-16 07:00:00,4303.585293445993,379.4063374227487,0.0,0.0,0.0,4800.0
2030-01-16 08:00:00,4303.585293445993,1349.8515642840832,0.0,627.8167034428029,0.0,4800.0
2030-01-16 09:00:00,4303.585293445993,1238.6645924538957,0.0,0.0,0.0,4800.0
2030-01-16 10:00:00,4303.585293445993,0.0,0.0,1955.8926185990058,0.0,4800.0
2030-01-16 11:00:00,4303.585293445993,0.0,0.0,3348.960949988582,0.0,4800.0
2030-01-16 12:00:00,4303.585293445993,0.0,0.0,3348.960949988582,0.0,4800.0
2030-01-16 13:00:00,4303.585293445993,0.0,0.0,3348.960949988582,0.0,4800.0
2030-01-16 14:00:00,4303.585293445993,0.0,0.0,3348.960949988582,0.0,4800.0
2030-01-16 15:00:00,4303.585293445993,1349.8515642840832,0.0,2034.5479215734913,0.0,4800.0
2030-01-16 16:00:00,4303.585293445993,1349.8515642840832,0.0,2944.583323787587,0.0,4800.0
2030-01-16 17:00:00,4303.585293445993,1349.8515642840832,0.0,170.47861858794977,0.0,4800.0
2030-01-16 18:00:00,4303.585293445993,1349.8515642840832,0.0,1078.528837329714,0.0,4800.0
2030-01-16 19:00:00,4303.585293445993,0.0,0.0,1512.0895777692517,0.0,4800.0
2030-01-16 20:00:00,4303.585293445993,0.0,0.0,1310.9379536840906,0.0,4800.0
2030-01-16 21:00:00,4303.585293445993,1349.8515642840832,2648.655034473685,0.0,2403.2418399474527,4800.0
2030-01-16 22:00:00,3200.0118961195985,1349.8515642840832,0.0,3348.960949988582,898.5929150723096,0.0
2030-01-16 23:00:00,2474.3187349903064,1349.8515642840832,3300.0,0.0,0.0,2802.3613093753083
2030-01-17 00:00:00,1275.9995724820687,1349.8515642840832,0.0,0.0,4800.0,3784.617356681323
2030-01-17 01:00:00,2112.179829908464,1349.8515642840832,3300.0,0.0,4800.0,4800.0
2030-01-17 02:00:00,0.0,928.2405699720548,843.9583721726676,0.0,0.0,0.0
2030-01-17 03:00:00,1479.9296000111317,0.0,0.0,0.0,1341.2101747837442,4800.0
2030-01-17 04:00:00,3816.8158954380924,0.0,0.0,1870.946534492798,0.0,4800.0
2030-01-17 05:00:00,4303.585293445993,15.181524373778302,0.0,0.0,0.0,4800.0
2030-01-17 06:00:00,4303.585293445993,1349.8515642840832,1015.7589368327708,0.0,1486.2076156015974,0.0
2030-01-17 07:00:00,4303.585293445993,1143.257961807467,0.0,0.0,4800.0,0.0
2030-01-17 08:00:00,4303.585293445993,1349.8515642840832,0.0,0.0,1476.7467624035198,0.0
2030-01-17 09:00:00,4303.585293445993,1269.168383306227,0.0,0.0,840.8867686886806,4800.0
2030-01-17 10:00:00,4303.585293445993,406.2815984542008,0.0,0.0,0.0,0.0
2030-01-17 11:00:00,4303.585293445993,1349.8515642840832,0.0,0.0,0.0,4800.0
2030-01-17 12:00:00,4303.585293445993,1349.8515642840832,0.0,0.0,2619.7897711725964,4800.0
2030-01-17 13:00:00,4303.585293445993,1349.8515642840832,0.0,0.0,0.0,4800.0
2030-01-17 14:00:00,4303.585293445993,1349.8515642840832,0.0,0.0,0.0,2360.383930694108
2030-01-17 15:00:00,4303.585293445993,1349.8515642840832,0.0,1674.5932210626738,0.0,4800.0
2030-01-17 16:00:00,4303.585293445993,1349.8515642840832,0.0,0.0,0.0,3526.4552722545923
2030-01-17 17:00:00,4303.585293445993,1349.8515642840832,0.0,0.0,821.6621421519376,0.0
2030-01-17 18:00:00,4303.585293445993,1349.8515642840832,0.0,0.0,0.0,1310.9366113881842
2030-01-17 19:00:00,4303.585293445993,943.1924625762451,0.0,0.0,0.0,4800.0
2030-01-17 20:00:00,4303.585293445993,1160.7043371780883,0.0,0.0,0.0,4800.0
2030-01-17 21:00:00,4303.585293445993,1349.8515642840832,0.0,171.30276273638947,0.0,4508.514497725824
2030-01-17 22:00:00,1384.3101342384543,1349.8515642840832,0.0,0.0,2951.51316243528,4800.0
2030-01-17 23:00:00,4303.585293445993,0.0,1042.189028428089,0.0,2958.407492509519,4800.0
2030-01-18 00:00:00,2417.456753104067,1349.8515642840832,0.0,0.0,4504.126068518497,4800.0
2030-01-18 01:00:00,4303.585293445993,0.0,3300.0,0.0,0.0,1241.439619353725
2030-01-18 02:00:00,4303.585293445993,1349.8515642840832,3300.0,1694.7874484465415,2653.719753249649,4800.0
2030-01-18 03:00:00,3225.014567385987,0.0,0.0,0.0,0.0,4800.0
2030-01-18 04:00:00,4303.585293445993,0.0,0.0,1346.06013133556,0.0,4800.0
2030-01-18 05:00:00,1741.9950152591289,1349.8515642840832,0.0,0.0,4800.0,215.4339097522825
2030-01-18 06:00:00,3214.8785885267243,1349.8515642840832,3300.0,0.0,1689.4531485139887,4800.0
2030-01-18 07:00:00,4303.585293445993,1349.8515642840832,1749.7302378002946,0.0,3221.7263748848636,4800.0
2030-01-18 08:00:00,1912.9456528528415,1349.8515642840832,0.0,0.0,0.0,2348.508431637024
2030-01-18 09:00:00,0.0,495.05327550129005,3300.0,3348.960949988582,4800.0,0.0
2030-01-18 10:00:00,0.0,0.0,3300.0,3348.960949988582,4800.0,1308.4835590042712
2030-01-18 11:00:00,0.0,0.0,3300.0,3348.960949988582,4800.0,0.0
2030-01-18 12:00:00,0.0,0.0,3300.0,3348.960949988582,4800.0,0.0
2030-01-18 13:00:00,0.0,0.0,3300.0,3348.960949988582,4800.0,0.0
2030-01-18 14:00:00,0.0,0.0,3300.0,3348.960949988582,4800.0,0.0
2030-01-18 15:00:00,0.0,0.0,3300.0,3348.960949988582,3913.144250844334,4800.0
2030-01-18 16:00:00,0.0,0.0,3300.0,3348.960949988582,4800.0,2328.614419503443
2030-01-18 17:00:00,0.0,0.0,3300.0,3348.960949988582,4800.0,0.0
2030-01-18 18:00:00,0.0,0.0,3300.0,3348.960949988582,4800.0,0.0
2030-01-18 19:00:00,0.0,0.0,3300.0,3348.960949988582,4800.0,0.0
2030-01-18 20:00:00,0.0,0.0,3300.0,3348.960949988582,4800.0,0.0
2030-01-18 21:00:00,0.0,0.0,3300.0,3348.960949988582,4800.0,0.0
2030-01-18 22:00:00,0.0,0.0,3300.0,3348.960949988582,4800.0,0.0
2030-01-18 23:00:00,0.0,0.0,3300.0,3348.960949988582,4800.0,0.0
2030-01-19 00:00:00,0.0,0.0,3300.0,3348.960949988582,4800.0,0.0
2030-01-19 01:00:00,0.0,0.0,3300.0,3348.960949988582,4800.0,0.0
2030-01-19 02:00:00,0.0,0.0,3300.0,3348.960949988582,4800.0,0.0
2030-01-19 03:00:00,0.0,0.0,3300.0,3348.960949988582,4800.0,0.0
2030-01-19 04:00:00,0.0,0.0,3300.0,3348.960949988582,4800.0,0.0
2030-01-19 05:00:00,0.0,0.0,3300.0,3348.960949988582,4800.0,0.0
2030-01-19 06:00:00,0.0,0.0,3300.0,3348.960949988582,203.74603158478567,0.0
2030-01-19 07:00:00,0.0,0.0,3300.0,3348.960949988582,1979.6944867980783,4800.0
2030-01-19 08:00:00,0.0,0.0,3300.0,3348.960949988582,3911.5627558425767,4800.0
2030-01-19 09:00:00,0.0,0.0,3300.0,3348.960949988582,2857.5780741685876,0.0
2030-01-19 10:00:00,0.0,0.0,3300.0,3348.960949988582,4800.0,4614.628460743945
2030-01-19 11:00:00,0.0,0.0,3300.0,3348.960949988582,0.0,495.32579745156545
2030-01-19 12:00:00,0.0,0.0,3300.0,3348.960949988582,658.1973546629742,0.0
2030-01-19 13:00:00,0.0,0.0,3300.0,3348.960949988582,4783.852690247586,0.0
2030-01-19 14:00:00,0.0,0.0,3300.0,3348.960949988582,4800.0,0.0
2030-01-19 15:00:00,0.0,0.0,3300.0,3348.960949988582,4800.0,0.0
2030-01-19 16:00:00,0.0,0.0,3300.0,3348.960949988582,4800.0,0.0
2030-01-19 17:00:00,0.0,0.0,3300.0,3348.960949988582,4800.0,0.0
2030-01-19 18:00:00,0.0,0.0,3300.0,3348.960949988582,4800.0,0.0
2030-01-19 19:00:00,0.0,0.0,3300.0,3348.960949988582,4800.0,0.0
2030-01-19 20:00:00,0.0,0.0,3300.0,3348.960949988582,4800.0,0.0
2030-01-19 21:00:00,0.0,0.0,3300.0,3348.960949988582,4800.0,0.0
2030-01-19 22:00:00,0.0,0.0,3300.0,3348.960949988582,4800.0,0.0
2030-01-19 23:00:00,0.0,0.0,3300.0,3348.960949988582,4800.0,0.0
2030-01-20 00:00:00,0.0,0.0,3300.0,3348.960949988582,4800.0,0.0
2030-01-20 01:00:00,0.0,0.0,3300.0,3348.960949988582,4800.0,0.0
2030-01-20 02:00:00,0.0,0.0,3300.0,3348.960949988582,4800.0,0.0
2030-01-20 03:00:00,0.0,0.0,3300.0,3348.960949988582,4800.0,0.0
2030-01-20 04:00:00,0.0,0.0,3300.0,3348.960949988582,4800.0,0.0
2030-01-20 05:00:00,0.0,0.0,3300.0,3348.960949988582,4800.0,0.0
2030-01-20 06:00:00,0.0,0.0,3300.0,3348.960949988582,4800.0,0.0
2030-01-20 07:00:00,0.0,0.0,3300.0,3348.960949988582,4800.0,0.0
2030-01-20 08:00:00,0.0,0.0,3300.0,3348.960949988582,4800.0,0.0
2030-01-20 09:00:00,0.0,0.0,3300.0,3348.960949988582,4800.0,0.0
2030-01-20 10:00:00,0.0,0.0,3300.0,3348.960949988582,4800.0,0.0
2030-01-20 11:00:00,0.0,0.0,3300.0,3348.960949988582,4800.0,0.0
2030-01-20 12:00:00,0.0,0.0,3300.0,3348.960949988582,4800.0,0.0
2030-01-20 13:00:00,0.0,0.0,3300.0,3348.960949988582,4800.0,0.0
2030-01-20 14:00:00,0.0,0.0,3300.0,3348.960949988582,4800.0,0.0
2030-01-20 15:00:00,0.0,0.0,3300.0,3348.960949988582,4800.0,0.0
2030-01-20 16:00:00,0.0,0.0,3300.0,3348.960949988582,0.0,4800.0
2030-01-20 17:00:00,0.0,0.0,3300.0,3348.960949988582,0.0,4800.0
2030-01-20 18:00:00,0.0,0.0,3300.0,3348.960949988582,0.0,4800.0
2030-01-20 19:00:00,0.0,0.0,3300.0,3348.960949988582,0.0,4800.0
2030-01-20 20:00:00,0.0,0.0,3300.0,3348.960949988582,0.0,4800.0
2030-01-20 21:00:00,0.0,0.0,3300.0,3348.960949988582,0.0,4800.0
2030-01-20 22:00:00,0.0,0.0,3300.0,3348.960949988582,0.0,4800.0
2030-01-20 23:00:00,0.0,0.0,3300.0,3348.960949988582,0.0,4800.0
2030-01-21 00:00:00,0.0,0.0,3300.0,3348.960949988582,0.0,4800.0
2030-01-21 01:00:00,0.0,0.0,3300.0,3348.960949988582,0.0,4800.0
2030-01-21 02:00:00,0.0,0.0,3300.0,3348.960949988582,0.0,4800.0
2030-01-21 03:00:00,0.0,0.0,3300.0,3348.960949988582,0.0,4800.0
2030-01-21 04:00:00,0.0,0.0,3300.0,3348.960949988582,0.0,4800.0
2030-01-21 05:00:00,0.0,0.0,3300.0,3348.960949988582,0.0,4800.0
2030-01-21 06:00:00,0.0,0.0,3300.0,3348.960949988582,0.0,4800.0
2030-01-21 07:00:00,0.0,0.0,3300.0,3348.960949988582,163.7463905851182,0.0
2030-01-21 08:00:00,0.0,0.0,3300.0,3348.960949988582,4800.0,0.0
2030-01-21 09:00:00,0.0,0.0,3300.0,3348.960949988582,4800.0,0.0
2030-01-21 10:00:00,0.0,0.0,3300.0,3348.960949988582,4800.0,0.0
2030-01-21 11:00:00,0.0,0.0,3300.0,3348.960949988582,4800.0,0.0
2030-01-21 12:00:00,0.0,0.0,3300.0,3348.960949988582,4800.0,0.0
2030-01-21 13:00:00,0.0,0.0,3300.0,3348.960949988582,4800.0,0.0
2030-01-21 14:00:00,0.0,0.0,3300.0,3348.960949988582,4800.0,0.0
2030-01-21 15:00:00,0.0,0.0,3300.0,3348.960949988582,4800.0,0.0
2030-01-21 16:00:00,0.0,0.0,3300.0,3348.960949988582,4800.0,0.0
2030-01-21 17:00:00,0.0,0.0,3300.0,3348.960949988582,4800.0,0.0
2030-01-21 18:00:00,0.0,0.0,3300.0,3348.960949988582,4800.0,0.0
2030-01-21 19:00:00,0.0,0.0,3300.0,3348.960949988582,4800.0,0.0
2030-01-21 20:00:00,0.0,0.0,3300.0,3348.960949988582,4800.0,0.0
2030-01-21 21:00:00,0.0,0.0,3300.0,3348.960949988582,4800.0,0.0
2030-01-21 22:00:00,0.0,0.0,3300.0,3348.960949988582,4800.0,0.0
2030-01-21 23:00:00,0.0,0.0,3300.0,3348.960949988582,4800.0,0.0
2030-01-22 00:00:00,0.0,0.0,3300.0,3348.960949988582,4800.0,0.0
2030-01-22 01:00:00,0.0,0.0,3300.0,3348.960949988582,4800.0,0.0
2030-01-22 02:00:00,0.0,0.0,3300.0,3348.960949988582,4800.0,0.0
2030-01-22 03:00:00,0.0,0.0,3300.0,3348.960949988582,4800.0,0.0
2030-01-22 04:00:00,0.0,0.0,3300.0,3348.960949988582,4800.0,0.0
2030-01-22 05:00:00,0.0,0.0,3300.0,3348.960949988582,4800.0,0.0
2030-01-22 06:00:00,0.0,0.0,3300.0,3348.960949988582,4800.0,0.0
2030-01-22 07:00:00,0.0,0.0,3300.0,3348.960949988582,4800.0,0.0
2030-01-22 08:00:00,0.0,0.0,3300.0,3348.960949988582,4800.0,0.0
2030-01-22 09:00:00,0.0,0.0,3300.0,3348.960949988582,4800.0,0.0
2030-01-22 10:00:00,0.0,0.0,3300.0,3348.960949988582,4800.0,0.0
2030-01-22 11:00:00,0.0,0.0,3300.0,3348.960949988582,4800.0,0.0
2030-01-22 12:00:00,0.0,0.0,3300.0,3348.960949988582,4800.0,0.0
2030-01-22 13:00:00,0.0,0.0,3300.0,3348.960949988582,4800.0,0.0
2030-01-22 14:00:00,0.0,0.0,3300.0,3348.960949988582,2948.0767219341215,4800.0
2030-01-22 15:00:00,0.0,0.0,3300.0,3348.960949988582,0.0,4800.0
2030-01-22 16:00:00,0.0,0.0,3300.0,3348.960949988582,0.0,4800.0
2030-01-22 17:00:00,0.0,0.0,3300.0,3348.960949988582,0.0,4800.0
2030-01-22 18:00:00,0.0,0.0,3300.0,3348.960949988582,0.0,4800.0
2030-01-22 19:00:00,0.0,0.0,3300.0,3348.960949988582,1331.4733487777412,4800.0
2030-01-22 20:00:00,0.0,0.0,3300.0,3348.960949988582,1891.7689931491086,0.0
2030-01-22 21:00:00,0.0,0.0,3300.0,3348.960949988582,4353.411631478535,0.0
2030-01-22 22:00:00,0.0,0.0,3300.0,3348.960949988582,4800.0,0.0
2030-01-22 23:00:00,0.0,0.0,3300.0,3348.960949988582,4800.0,0.0
2030-01-23 00:00:00,0.0,0.0,3300.0,3348.960949988582,4800.0,0.0
2030-01-23 01:00:00,0.0,0.0,3300.0,3348.960949988582,3177.4561402988184,0.0
2030-01-23 02:00:00,0.0,0.0,3300.0,3348.960949988582,0.0,3072.0425758456695
2030-01-23 03:00:00,0.0,0.0,3300.0,3348.960949988582,0.0,4800.0
2030-01-23 04:00:00,0.0,0.0,3300.0,3348.960949988582,0.0,4800.0
2030-01-23 05:00:00,0.0,0.0,945.4240789310425,3348.960949988582,0.0,4800.0
2030-01-23 06:00:00,4303.585293445993,0.0,0.0,3348.960949988582,0.0,4800.0
2030-01-23 07:00:00,4303.585293445993,0.0,0.0,3348.960949988582,0.0,4800.0
2030-01-23 08:00:00,4303.585293445993,0.0,0.0,3348.960949988582,0.0,4800.0
2030-01-23 09:00:00,4303.585293445993,0.0,0.0,3348.960949988582,0.0,4800.0
2030-01-23 10:00:00,4303.585293445993,0.0,0.0,3348.960949988582,0.0,4800.0
2030-01-23 11:00:00,4121.844146884359,0.0,0.0,3348.960949988582,0.0,4800.0
2030-01-23 12:00:00,4303.585293445993,0.0,1728.9844505894207,3348.960949988582,0.0,4800.0
2030-01-23 13:00:00,4303.585293445993,0.0,0.0,3348.960949988582,0.0,4800.0
2030-01-23 14:00:00,4303.585293445993,0.0,0.0,3348.960949988582,0.0,4800.0
2030-01-23 15:00:00,4303.585293445993,0.0,0.0,3348.960949988582,0.0,4800.0
2030-01-23 16:00:00,4303.585293445993,0.0,0.0,3348.960949988582,0.0,4800.0
2030-01-23 17:00:00,4303.585293445993,0.0,0.0,3348.960949988582,0.0,4800.0
2030-01-23 18:00:00,4303.585293445993,0.0,0.0,3348.960949988582,0.0,4800.0
2030-01-23 19:00:00,4303.585293445993,0.0,0.0,3348.960949988582,0.0,4800.0
2030-01-23 20:00:00,4303.585293445993,0.0,0.0,3348.960949988582,0.0,4800.0
2030-01-23 21:00:00,4303.585293445993,0.0,0.0,3348.960949988582,0.0,4800.0
2030-01-23 22:00:00,4303.585293445993,0.0,0.0,3348.960949988582,0.0,4800.0
2030-01-23 23:00:00,4303.585293445993,0.0,0.0,3348.960949988582,0.0,4800.0
2030-01-24 00:00:00,4303.585293445993,0.0,0.0,3348.960949988582,0.0,4800.0
2030-01-24 01:00:00,4303.585293445993,0.0,0.0,3348.960949988582,0.0,4800.0
2030-01-24 02:00:00,4303.585293445993,0.0,0.0,3348.960949988582,0.0,4800.0
2030-01-24 03:00:00,4303.585293445993,0.0,0.0,3348.960949988582,0.0,4800.0
2030-01-24 04:00:00,4303.585293445993,0.0,0.0,3348.960949988582,0.0,4800.0
2030-01-24 05:00:00,4303.585293445993,0.0,0.0,3348.960949988582,0.0,4800.0
2030-01-24 06:00:00,4303.585293445993,0.0,0.0,3348.960949988582,0.0,4800.0
2030-01-24 07:00:00,4303.585293445993,1349.8515642840832,0.0,2543.5973839081635,0.0,4800.0
2030-01-24 08:00:00,4303.585293445993,0.0,0.0,2372.300126553746,0.0,4800.0
2030-01-24 09:00:00,4303.585293445993,0.0,0.0,3348.960949988582,0.0,4800.0
2030-01-24 10:00:00,4303.585293445993,0.0,0.0,3348.960949988582,0.0,4800.0
2030-01-24 11:00:00,4303.585293445993,0.0,0.0,3348.960949988582,0.0,4800.0
2030-01-24 12:00:00,4303.585293445993,0.0,0.0,3348.960949988582,0.0,4800.0
2030-01-24 13:00:00,4303.585293445993,0.0,0.0,3348.960949988582,0.0,4800.0
2030-01-24 14:00:00,4303.585293445993,0.0,0.0,3348.960949988582,0.0,4800.0
2030-01-24 15:00:00,4303.585293445993,0.0,0.0,3348.960949988582,0.0,4800.0
2030-01-24 16:00:00,4303.585293445993,0.0,0.0,3348.960949988582,0.0,4800.0
2030-01-24 17:00:00,4303.585293445993,0.0,0.0,3348.960949988582,0.0,4800.0
2030-01-24 18:00:00,4303.585293445993,0.0,0.0,3348.960949988582,0.0,4800.0
2030-01-24 19:00:00,4303.585293445993,0.0,0.0,3348.960949988582,0.0,4800.0
2030-01-24 20:00:00,4303.585293445993,0.0,0.0,3348.960949988582,0.0,4800.0
2030-01-24 21:00:00,4303.585293445993,0.0,0.0,3348.960949988582,0.0,4800.0
2030-01-24 22:00:00,4303.585293445993,0.0,0.0,1763.1189782767906,0.0,4800.0
2030-01-24 23:00:00,4303.585293445993,0.0,0.0,2363.745544522426,0.0,4800.0
2030-01-25 00:00:00,4303.585293445993,1349.8515642840832,0.0,1775.3043059362121,0.0,4800.0
2030-01-25 01:00:00,4303.585293445993,0.0,0.0,683.2834727093168,0.0,4800.0
2030-01-25 02:00:00,4303.585293445993,1349.8515642840832,0.0,2375.1364221282533,0.0,4800.0
2030-01-25 03:00:00,4303.585293445993,0.0,0.0,3348.960949988582,0.0,4800.0
2030-01-25 04:00:00,4303.585293445993,0.0,0.0,3348.960949988582,0.0,4800.0
2030-01-25 05:00:00,4303.585293445993,0.0,0.0,2135.69655063509,0.0,4800.0
2030-01-25 06:00:00,4303.585293445993,1349.8515642840832,0.0,0.0,0.0,4800.0
2030-01-25 07:00:00,4303.585293445993,1349.8515642840832,0.0,0.0,0.0,4800.0
2030-01-25 08:00:00,4303.585293445993,1349.8515642840832,0.0,0.0,0.0,4800.0
2030-01-25 09:00:00,4303.585293445993,1349.8515642840832,0.0,31.73284277869243,0.0,4800.0
2030-01-25 10:00:00,4303.585293445993,1349.8515642840832,0.0,846.4395512362753,0.0,4800.0
2030-01-25 11:00:00,4303.585293445993,0.0,0.0,943.2005935404595,0.0,4800.0
2030-01-25 12:00:00,4303.585293445993,410.35737860341885,0.0,3348.960949988582,0.0,4800.0
2030-01-25 13:00:00,4303.585293445993,0.0,0.0,3348.960949988582,0.0,4800.0
2030-01-25 14:00:00,4303.585293445993,0.0,0.0,3348.960949988582,0.0,4800.0
2030-01-25 15:00:00,4303.585293445993,0.0,0.0,3348.960949988582,0.0,4800.0
2030-01-25 16:00:00,4303.585293445993,1349.8515642840832,0.0,916.1432418284894,0.0,4800.0
2030-01-25 17:00:00,4303.585293445993,1349.8515642840832,0.0,0.0,0.0,4800.0
2030-01-25 18:00:00,4303.585293445993,1349.8515642840832,0.0,0.0,0.0,4800.0
2030-01-25 19:00:00,4303.585293445993,1349.8515642840832,0.0,2024.2976144435597,0.0,4800.0
2030-01-25 20:00:00,4303.585293445993,0.0,0.0,3348.960949988582,0.0,4800.0
2030-01-25 21:00:00,4303.585293445993,0.0,0.0,1052.4244211055047,0.0,4800.0
2030-01-25 22:00:00,4303.585293445993,1349.8515642840832,0.0,782.5555456253205,0.0,4800.0
2030-01-25 23:00:00,4303.585293445993,1349.8515642840832,0.0,1583.9145842601138,0.0,4800.0
2030-01-26 00:00:00,4303.585293445993,1349.8515642840832,0.0,0.0,0.0,4800.0
2030-01-26 01:00:00,4303.585293445993,0.0,0.0,959.2751602755525,0.0,4800.0
2030-01-26 02:00:00,4303.585293445993,0.0,0.0,2169.5877585599956,0.0,4800.0
2030-01-26 03:00:00,4303.585293445993,0.0,0.0,3348.960949988582,0.0,4800.0
2030-01-26 04:00:00,4303.585293445993,0.0,0.0,3348.960949988582,0.0,4800.0
2030-01-26 05:00:00,4303.585293445993,0.0,0.0,3348.960949988582,0.0,4800.0
2030-01-26 06:00:00,4303.585293445993,429.43287606364925,0.0,3348.960949988582,0.0,4800.0
2030-01-26 07:00:00,4303.585293445993,0.0,0.0,514.7015583252191,0.0,4800.0
2030-01-26 08:00:00,4303.585293445993,0.0,0.0,3348.960949988582,0.0,4800.0
2030-01-26 09:00:00,4303.585293445993,0.0,0.0,3348.960949988582,0.0,4800.0
2030-01-26 10:00:00,4303.585293445993,0.0,1512.6493761204506,3348.960949988582,0.0,4800.0
2030-01-26 11:00:00,0.0,0.0,3300.0,3348.960949988582,0.0,4800.0
2030-01-26 12:00:00,0.0,0.0,3300.0,3348.960949988582,0.0,4800.0
2030-01-26 13:00:00,0.0,0.0,3300.0,3348.960949988582,0.0,4800.0
2030-01-26 14:00:00,4303.585293445993,0.0,1898.066823816851,3348.960949988582,0.0,4800.0
2030-01-26 15:00:00,4303.585293445993,0.0,0.0,3348.960949988582,0.0,4800.0
2030-01-26 16:00:00,4303.585293445993,0.0,0.0,3348.960949988582,0.0,4800.0
2030-01-26 17:00:00,4303.585293445993,395.5656874137203,0.0,0.0,0.0,4800.0
2030-01-26 18:00:00,4232.204345917962,0.0,3300.0,468.70686376362573,0.0,4800.0
2030-01-26 19:00:00,0.0,0.0,1028.3255410538477,3348.960949988582,3874.8260852564927,4800.0
2030-01-26 20:00:00,0.0,0.0,1405.6319534468416,3348.960949988582,3265.798497846081,4800.0
2030-01-26 21:00:00,2666.818649033038,0.0,3300.0,3348.960949988582,4800.0,2708.1789350578692
2030-01-26 22:00:00,4303.585293445993,1349.8515642840832,1123.8883276456108,3348.960949988582,0.0,1936.916327485109
2030-01-26 23:00:00,0.0,0.0,329.0948541305115,3348.960949988582,0.0,4800.0
2030-01-27 00:00:00,0.0,0.0,679.2955998772236,3348.960949988582,0.0,2475.1160326962495
2030-01-27 01:00:00,2590.914234270648,0.0,3300.0,3348.960949988582,0.0,3558.3659090750507
2030-01-27 02:00:00,4203.406497113203,0.0,3300.0,3348.960949988582,0.0,4800.0
2030-01-27 03:00:00,3228.152315471845,0.0,0.0,3348.960949988582,0.0,4800.0
2030-01-27 04:00:00,4303.585293445993,0.0,0.0,3348.960949988582,0.0,4800.0
2030-01-27 05:00:00,4303.585293445993,0.0,0.0,3348.960949988582,0.0,4800.0
2030-01-27 06:00:00,4303.585293445993,0.0,0.0,3348.960949988582,0.0,4800.0
2030-01-27 07:00:00,4303.585293445993,0.0,0.0,3348.960949988582,0.0,4800.0
2030-01-27 08:00:00,4303.585293445993,0.0,0.0,3348.960949988582,0.0,4800.0
2030-01-27 09:00:00,4303.585293445993,0.0,0.0,3348.960949988582,0.0,4800.0
2030-01-27 10:00:00,4303.585293445993,0.0,0.0,3348.960949988582,0.0,4800.0
2030-01-27 11:00:00,4303.585293445993,0.0,0.0,3348.960949988582,0.0,4800.0
2030-01-27 12:00:00,4303.585293445993,0.0,0.0,3348.960949988582,0.0,4800.0
2030-01-27 13:00:00,4303.585293445993,0.0,0.0,3348.960949988582,0.0,4800.0
2030-01-27 14:00:00,4303.585293445993,0.0,0.0,3348.960949988582,0.0,4800.0
2030-01-27 15:00:00,4303.585293445993,0.0,0.0,3348.960949988582,0.0,4800.0
2030-01-27 16:00:00,4303.585293445993,0.0,0.0,3348.960949988582,0.0,4800.0
2030-01-27 17:00:00,4303.585293445993,0.0,0.0,3348.960949988582,0.0,4800.0
2030-01-27 18:00:00,4303.585293445993,0.0,0.0,3348.960949988582,0.0,4800.0
2030-01-27 19:00:00,4303.585293445993,0.0,0.0,3348.960949988582,0.0,4800.0
2030-01-27 20:00:00,4303.585293445993,0.0,0.0,3348.960949988582,0.0,4800.0
2030-01-27 21:00:00,4303.585293445993,0.0,0.0,3348.960949988582,0.0,4800.0
2030-01-27 22:00:00,4303.585293445993,0.0,0.0,3348.960949988582,0.0,4800.0
2030-01-27 23:00:00,4303.585293445993,0.0,0.0,3348.960949988582,0.0,4800.0
2030-01-28 00:00:00,4303.585293445993,0.0,0.0,3348.960949988582,0.0,4800.0
2030-01-28 01:00:00,4303.585293445993,0.0,0.0,3348.960949988582,0.0,4800.0
2030-01-28 02:00:00,4303.585293445993,0.0,0.0,3348.960949988582,0.0,4800.0
2030-01-28 03:00:00,4303.585293445993,0.0,0.0,3348.960949988582,0.0,4800.0
2030-01-28 04:00:00,4303.585293445993,0.0,0.0,3348.960949988582,0.0,4800.0
2030-01-28 05:00:00,4303.585293445993,0.0,0.0,3348.960949988582,0.0,4800.0
2030-01-28 06:00:00,4303.585293445993,0.0,0.0,3348.960949988582,0.0,4800.0
2030-01-28 07:00:00,4303.585293445993,0.0,0.0,3348.960949988582,0.0,4800.0
2030-01-28 08:00:00,4303.585293445993,0.0,0.0,3348.960949988582,0.0,4800.0
2030-01-28 09:00:00,4303.585293445993,0.0,0.0,3348.960949988582,0.0,4800.0
2030-01-28 10:00:00,4303.585293445993,0.0,0.0,3348.960949988582,0.0,4800.0
2030-01-28 11:00:00,4303.585293445993,0.0,0.0,3348.960949988582,0.0,4800.0
2030-01-28 12:00:00,4303.585293445993,0.0,0.0,3348.960949988582,0.0,4800.0
2030-01-28 13:00:00,4303.585293445993,0.0,0.0,3348.960949988582,0.0,4800.0
2030-01-28 14:00:00,4303.585293445993,0.0,0.0,3348.960949988582,0.0,4800.0
2030-01-28 15:00:00,4303.585293445993,0.0,0.0,3348.960949988582,0.0,4800.0
2030-01-28 16:00:00,4303.585293445993,0.0,0.0,3348.960949988582,0.0,4800.0
2030-01-28 17:00:00,4303.585293445993,0.0,0.0,3348.960949988582,0.0,4800.0
2030-01-28 18:00:00,4303.585293445993,0.0,0.0,3348.960949988582,0.0,4800.0
2030-01-28 19:00:00,4303.585293445993,0.0,0.0,3348.960949988582,0.0,4800.0
2030-01-28 20:00:00,4303.585293445993,0.0,0.0,3348.960949988582,0.0,4800.0
2030-01-28 21:00:00,4303.585293445993,0.0,0.0,3348.960949988582,0.0,4800.0
2030-01-28 22:00:00,4303.585293445993,0.0,0.0,3348.960949988582,0.0,4800.0
2030-01-28 23:00:00,4303.585293445993,0.0,0.0,3348.960949988582,0.0,4800.0
2030-01-29 00:00:00,4303.585293445993,0.0,0.0,3348.960949988582,0.0,4800.0
2030-01-29 01:00:00,4303.585293445993,0.0,0.0,3348.960949988582,0.0,4800.0
2030-01-29 02:00:00,4303.585293445993,0.0,0.0,3348.960949988582,0.0,4800.0
2030-01-29 03:00:00,4303.585293445993,0.0,0.0,3348.960949988582,0.0,4800.0
2030-01-29 04:00:00,4303.585293445993,0.0,0.0,3348.960949988582,0.0,4800.0
2030-01-29 05:00:00,4303.585293445993,0.0,0.0,3348.960949988582,0.0,4800.0
2030-01-29 06:00:00,4303.585293445993,0.0,0.0,3348.960949988582,0.0,4800.0
2030-01-29 07:00:00,4303.585293445993,1349.8515642840832,0.0,2419.5150171668647,0.0,4800.0
2030-01-29 08:00:00,4303.585293445993,1349.8515642840832,0.0,2996.3049627835717,0.0,4800.0
2030-01-29 09:00:00,4303.585293445993,0.0,0.0,3348.960949988582,0.0,4800.0
2030-01-29 10:00:00,4303.585293445993,0.0,0.0,3348.960949988582,0.0,4800.0
2030-01-29 11:00:00,4303.585293445993,0.0,0.0,3348.960949988582,0.0,4800.0
2030-01-29 12:00:00,4303.585293445993,0.0,0.0,3348.960949988582,0.0,4800.0
2030-01-29 13:00:00,4303.585293445993,0.0,0.0,3348.960949988582,0.0,4800.0
2030-01-29 14:00:00,4303.585293445993,0.0,0.0,3348.960949988582,0.0,4800.0
2030-01-29 15:00:00,4303.585293445993,0.0,0.0,3348.960949988582,0.0,4800.0
2030-01-29 16:00:00,4303.585293445993,1349.8515642840832,0.16368375527235912,0.0,0.0,4800.0
2030-01-29 17:00:00,4234.429484371535,1349.8515642840832,0.0,0.0,4800.0,4800.0
2030-01-29 18:00:00,3374.829034041157,1349.8515642840832,0.0,0.0,0.0,0.0
2030-01-29 19:00:00,4303.585293445993,1349.8515642840832,1329.5645290984194,845.3908517825766,0.0,0.0
2030-01-29 20:00:00,4303.585293445993,1349.8515642840832,3300.0,0.0,0.0,4800.0
2030-01-29 21:00:00,4303.585293445993,1349.8515642840832,0.0,1880.1587412208414,0.0,4800.0
2030-01-29 22:00:00,1722.3837970376724,0.0,3300.0,3348.960949988582,896.7817569837352,4800.0
2030-01-29 23:00:00,0.0,0.0,1353.4079132320226,0.0,0.0,4800.0
2030-01-30 00:00:00,0.0,0.0,3300.0,2415.320338448396,2705.5026564607133,4800.0
2030-01-30 01:00:00,0.0,0.0,3300.0,2546.1124445286187,4800.0,4800.0
2030-01-30 02:00:00,0.0,0.0,3300.0,2572.902249299871,0.0,3424.40438811243
2030-01-30 03:00:00,541.0332013549214,0.0,3300.0,3348.960949988582,149.65018703839633,4800.0
2030-01-30 04:00:00,0.0,0.0,3025.3400433500055,3348.960949988582,0.0,4800.0
2030-01-30 05:00:00,0.0,0.0,3300.0,2958.181271912694,0.0,4800.0
2030-01-30 06:00:00,0.0,0.0,2578.816265272585,3348.960949988582,0.0,938.9657263745175
2030-01-30 07:00:00,0.0,995.9832083787078,3300.0,3348.960949988582,4800.0,4106.035263717586
2030-01-30 08:00:00,0.0,0.0,3300.0,1865.3444853610717,0.0,0.0
2030-01-30 09:00:00,0.0,1349.8515642840832,3300.0,2302.5768721659315,0.0,4800.0
2030-01-30 10:00:00,0.0,0.0,252.2447498990182,3348.960949988582,4596.34920666469,4800.0
2030-01-30 11:00:00,0.0,1349.8515642840832,3300.0,1613.516431231219,3268.156149072169,4800.0
2030-01-30 12:00:00,0.0,1349.8515642840832,3300.0,969.40794009614,0.0,2132.48008287447
2030-01-30 13:00:00,0.0,0.0,3300.0,78.57049219452438,3395.927517020292,4800.0
2030-01-30 14:00:00,0.0,0.0,2352.858816345931,1434.186815062436,0.0,0.0
2030-01-30 15:00:00,0.0,1349.8515642840832,3300.0,2349.453893263354,4800.0,4800.0
2030-01-30 16:00:00,0.0,0.0,3300.0,1675.6217696821636,0.0,0.0
2030-01-30 17:00:00,0.0,1159.1263297552375,3300.0,3348.960949988582,4800.0,0.0
2030-01-30 18:00:00,0.0,0.0,3300.0,2495.8897355460385,4800.0,2912.250076202673
2030-01-30 19:00:00,0.0,0.0,2155.866454678324,3348.960949988582,4800.0,0.0
2030-01-30 20:00:00,0.0,0.0,1935.4347565791995,3348.960949988582,0.0,0.0
2030-01-30 21:00:00,0.0,0.0,1861.7110002605345,3348.960949988582,4800.0,0.0
2030-01-30 22:00:00,1262.2051805403642,0.0,3300.0,3348.960949988582,4800.0,971.8420128582948
2030-01-30 23:00:00,1217.9301127423578,111.48924609810416,3300.0,3348.960949988582,4800.0,0.0
2030-01-31 00:00:00,0.0,0.0,3300.0,3164.1982922315765,4800.0,0.0
2030-01-31 01:00:00,0.0,0.0,3233.297176243267,3348.960949988582,4800.0,3309.0346132379673
2030-01-31 02:00:00,0.0,0.0,3230.340344449164,3348.960949988582,4800.0,0.0
2030-01-31 03:00:00,0.0,0.0,3300.0,3348.960949988582,0.0,0.0
2030-01-31 04:00:00,0.0,0.0,3300.0,3348.960949988582,2051.371347823326,4800.0
2030-01-31 05:00:00,0.0,0.0,3300.0,3348.960949988582,2562.4470650642033,4800.0
2030-01-31 06:00:00,184.11618566956304,0.0,3300.0,3348.960949988582,1551.7075175164791,0.0
2030-01-31 07:00:00,0.0,0.0,3300.0,2896.98727824831,4800.0,3679.675879693318
2030-01-31 08:00:00,0.0,0.0,3300.0,2471.7512377952417,4800.0,3326.1876515343392
2030-01-31 09:00:00,0.0,0.0,3300.0,1821.2665749561365,4800.0,0.0
2030-01-31 10:00:00,0.0,0.0,3300.0,1286.3850758035492,4800.0,0.0
2030-01-31 11:00:00,0.0,0.0,3300.0,3348.960949988582,4800.0,0.0
2030-01-31 12:00:00,0.0,0.0,3300.0,3348.960949988582,4800.0,0.0
2030-01-31 13:00:00,0.0,0.0,3300.0,3348.960949988582,4800.0,0.0
2030-01-31 14:00:00,0.0,0.0,3300.0,3348.960949988582,4800.0,0.0
2030-01-31 15:00:00,0.0,0.0,3300.0,2128.4799419388,0.0,1390.3642471516068
2030-01-31 16:00:00,0.0,0.0,3300.0,2222.957821234282,888.795376361486,4800.0
2030-01-31 17:00:00,0.0,0.0,3300.0,2760.4282315703404,4800.0,3354.500375451689
2030-01-31 18:00:00,0.0,0.0,3042.0692649652647,3348.960949988582,4800.0,0.0
2030-01-31 19:00:00,0.0,489.1953100403164,3300.0,3348.960949988582,4800.0,0.0
2030-01-31 20:00:00,0.0,659.7117328616198,3300.0,3348.960949988582,4800.0,2124.595982717049
2030-01-31 21:00:00,0.0,0.0,3300.0,2651.6654246245516,4800.0,0.0
2030-01-31 22:00:00,507.96455932653294,0.0,3300.0,3348.960949988582,4800.0,0.0
2030-01-31 23:00:00,0.0,566.7386647581363,3300.0,3348.960949988582,0.0,0.0
2030-02-01 00:00:00,0.0,0.0,3300.0,3348.960949988582,4800.0,0.0
2030-02-01 01:00:00,0.0,0.0,3300.0,3348.960949988582,4800.0,900.5369397103277
2030-02-01 02:00:00,0.0,0.0,3300.0,3348.960949988582,4800.0,17.597541909148276
2030-02-01 03:00:00,0.0,0.0,3300.0,3348.960949988582,4800.0,1220.6261765605304
2030-02-01 04:00:00,0.0,0.0,3300.0,3348.960949988582,2291.406668199299,4800.0
2030-02-01 05:00:00,0.0,0.0,3300.0,3348.960949988582,2829.022862087513,0.0
2030-02-01 06:00:00,0.0,0.0,3300.0,3348.960949988582,4800.0,0.0
2030-02-01 07:00:00,0.0,0.0,3300.0,3348.960949988582,14.609160421088745,0.0
2030-02-01 08:00:00,0.0,0.0,3300.0,2762.1665849861674,4800.0,0.0
2030-02-01 09:00:00,0.0,0.0,3300.0,3348.960949988582,4800.0,1233.9363860492886
2030-02-01 10:00:00,0.0,0.0,3300.0,3348.960949988582,4800.0,4515.412749928051
2030-02-01 11:00:00,0.0,0.0,3300.0,3348.960949988582,4800.0,0.0
2030-02-01 12:00:00,0.0,0.0,3300.0,3348.960949988582,4800.0,0.0
2030-02-01 13:00:00,0.0,0.0,3300.0,3348.960949988582,4800.0,0.0
2030-02-01 14:00:00,0.0,0.0,3300.0,3348.960949988582,4800.0,0.0
2030-02-01 15:00:00,0.0,0.0,3300.0,3348.960949988582,0.0,4800.0
2030-02-01 16:00:00,0.0,0.0,3300.0,3348.960949988582,0.0,3864.311642002074
2030-02-01 17:00:00,0.0,0.0,3300.0,3348.960949988582,4800.0,0.0
2030-02-01 18:00:00,0.0,0.0,3300.0,3348.960949988582,4800.0,2819.607684020535
2030-02-01 19:00:00,0.0,0.0,3300.0,3348.960949988582,3506.3707941531247,4800.0
2030-02-01 20:00:00,0.0,0.0,3300.0,3348.960949988582,3394.1076174653936,4800.0
2030-02-01 21:00:00,0.0,0.0,3300.0,3348.960949988582,4544.769933445146,4800.0
2030-02-01 22:00:00,0.0,0.0,3300.0,3348.960949988582,4800.0,1337.5328183127422
2030-02-01 23:00:00,0.0,0.0,3300.0,3348.960949988582,4800.0,4800.0
2030-02-02 00:00:00,0.0,0.0,3300.0,3348.960949988582,0.0,2001.8908235333583
2030-02-02 01:00:00,0.0,0.0,3300.0,3348.960949988582,0.0,4800.0
2030-02-02 02:00:00,0.0,0.0,3300.0,3348.960949988582,0.0,4800.0
2030-02-02 03:00:00,0.0,0.0,3300.0,3348.960949988582,0.0,4800.0
2030-02-02 04:00:00,0.0,0.0,3300.0,3348.960949988582,0.0,4800.0
2030-02-02 05:00:00,0.0,0.0,3300.0,3348.960949988582,984.6025956418162,4800.0
2030-02-02 06:00:00,0.0,0.0,3300.0,3348.960949988582,3220.1874968016054,4800.0
2030-02-02 07:00:00,658.0336459870523,0.0,0.0,3348.960949988582,0.0,4800.0
2030-02-02 08:00:00,0.0,0.0,3300.0,3348.960949988582,0.0,115.07717052685621
2030-02-02 09:00:00,0.0,0.0,3300.0,3348.960949988582,0.0,4800.0
2030-02-02 10:00:00,0.0,0.0,2304.0441309300377,3348.960949988582,0.0,4800.0
2030-02-02 11:00:00,0.0,0.0,2074.7890117894995,3348.960949988582,0.0,4800.0
2030-02-02 12:00:00,0.0,0.0,1719.8828859303685,3348.960949988582,0.0,4800.0
2030-02-02 13:00:00,0.0,0.0,2670.3480607180354,3348.960949988582,0.0,4800.0
2030-02-02 14:00:00,0.0,0.0,2688.666766787969,3348.960949988582,0.0,4800.0
2030-02-02 15:00:00,0.0,0.0,3300.0,3348.960949988582,0.0,4800.0
2030-02-02 16:00:00,4303.585293445993,0.0,0.0,3348.960949988582,0.0,4800.0
2030-02-02 17:00:00,4303.585293445993,0.0,0.0,3348.960949988582,0.0,4800.0
2030-02-02 18:00:00,4303.585293445993,0.0,1129.9475148117558,3348.960949988582,0.0,4800.0
2030-02-02 19:00:00,3306.866557039969,0.0,0.0,3348.960949988582,0.0,4800.0
2030-02-02 20:00:00,3397.458738114565,0.0,0.0,3348.960949988582,0.0,4800.0
2030-02-02 21:00:00,3355.1868739211914,0.0,0.0,3348.960949988582,0.0,4800.0
2030-02-02 22:00:00,4303.585293445993,0.0,0.0,3348.960949988582,0.0,4800.0
2030-02-02 23:00:00,4303.585293445993,0.0,0.0,3348.960949988582,0.0,4800.0
2030-02-03 00:00:00,4303.585293445993,0.0,310.2008997321391,3348.960949988582,0.0,4800.0
2030-02-03 01:00:00,4303.585293445993,0.0,0.0,3348.960949988582,0.0,4800.0
2030-02-03 02:00:00,4303.585293445993,0.0,0.0,3348.960949988582,0.0,4800.0
2030-02-03 03:00:00,4303.585293445993,0.0,0.0,3348.960949988582,0.0,4800.0
2030-02-03 04:00:00,4303.585293445993,0.0,0.0,3348.960949988582,0.0,4800.0
2030-02-03 05:00:00,4303.585293445993,0.0,0.0,3348.960949988582,0.0,4800.0
2030-02-03 06:00:00,4303.585293445993,0.0,0.0,3348.960949988582,0.0,4800.0
2030-02-03 07:00:00,4303.585293445993,0.0,0.0,3348.960949988582,0.0,4800.0
2030-02-03 08:00:00,4303.585293445993,0.0,0.0,3348.960949988582,0.0,4800.0
2030-02-03 09:00:00,4303.585293445993,0.0,0.0,3348.960949988582,0.0,4800.0
2030-02-03 10:00:00,0.0,0.0,3300.0,3348.960949988582,0.0,4800.0
2030-02-03 11:00:00,0.0,0.0,3300.0,3348.960949988582,0.0,4800.0
2030-02-03 12:00:00,0.0,0.0,3300.0,3348.960949988582,0.0,4800.0
2030-02-03 13:00:00,0.0,0.0,3300.0,3348.960949988582,0.0,4800.0
2030-02-03 14:00:00,2457.2468013039106,0.0,0.0,3348.960949988582,0.0,4800.0
2030-02-03 15:00:00,4303.585293445993,0.0,0.0,3348.960949988582,0.0,4800.0
2030-02-03 16:00:00,4303.585293445993,0.0,0.0,3348.960949988582,0.0,4800.0
2030-02-03 17:00:00,4303.585293445993,0.0,0.0,3348.960949988582,0.0,4800.0
2030-02-03 18:00:00,4303.585293445993,0.0,0.0,3348.960949988582,0.0,4800.0
2030-02-03 19:00:00,4303.585293445993,0.0,0.0,3348.960949988582,0.0,4800.0
2030-02-03 20:00:00,4303.585293445993,0.0,0.0,3348.960949988582,0.0,4800.0
2030-02-03 21:00:00,4303.585293445993,0.0,0.0,3348.960949988582,0.0,4800.0
2030-02-03 22:00:00,4303.585293445993,0.0,0.0,3348.960949988582,0.0,4800.0
2030-02-03 23:00:00,4303.585293445993,0.0,0.0,3348.960949988582,0.0,4800.0
2030-02-04 00:00:00,4303.585293445993,0.0,3300.0,3348.960949988582,554.4289061468444,4800.0
2030-02-04 01:00:00,4303.585293445993,0.0,3300.0,3348.960949988582,0.0,4800.0
2030-02-04 02:00:00,4062.464860657209,0.0,3300.0,3348.960949988582,0.0,4800.0
2030-02-04 03:00:00,4303.585293445993,0.0,3164.909387809052,3348.960949988582,0.0,4800.0
2030-02-04 04:00:00,4303.585293445993,0.0,2872.2915287249125,3348.960949988582,0.0,4800.0
2030-02-04 05:00:00,4303.585293445993,0.0,1757.1322243796035,3348.960949988582,0.0,4800.0
2030-02-04 06:00:00,4303.585293445993,0.0,700.0806298982275,3348.960949988582,0.0,4800.0
2030-02-04 07:00:00,4303.585293445993,0.0,0.0,3348.960949988582,0.0,4800.0
2030-02-04 08:00:00,4303.585293445993,0.0,0.0,3348.960949988582,0.0,4800.0
2030-02-04 09:00:00,4303.585293445993,0.0,2615.356094791624,3348.960949988582,0.0,4800.0
2030-02-04 10:00:00,0.0,0.0,863.7820609327314,3348.960949988582,0.0,4800.0
2030-02-04 11:00:00,0.0,0.0,3300.0,3348.960949988582,0.0,4800.0
2030-02-04 12:00:00,0.0,0.0,3300.0,3348.960949988582,0.0,4800.0
2030-02-04 13:00:00,0.0,0.0,3300.0,3348.960949988582,0.0,4800.0
2030-02-04 14:00:00,4303.585293445993,0.0,0.0,3348.960949988582,0.0,4800.0
2030-02-04 15:00:00,4303.585293445993,0.0,0.0,3348.960949988582,0.0,4800.0
2030-02-04 16:00:00,2339.6513577456376,0.0,0.0,3348.960949988582,0.0,4800.0
2030-02-04 17:00:00,4303.585293445993,0.0,1316.5976337948869,3348.960949988582,0.0,1650.7537663120102
2030-02-04 18:00:00,4303.585293445993,1333.0938447521835,3300.0,3348.960949988582,0.0,4800.0
2030-02-04 19:00:00,4303.585293445993,0.0,3300.0,2087.247365088575,0.0,4800.0
2030-02-04 20:00:00,4303.585293445993,0.0,2132.5880400411806,3348.960949988582,0.0,4800.0
2030-02-04 21:00:00,4303.585293445993,0.0,2350.769935780061,3348.960949988582,0.0,4555.048923096067
2030-02-04 22:00:00,3401.2637445857345,1349.8515642840832,3300.0,3348.960949988582,267.65405258924875,4800.0
2030-02-04 23:00:00,4303.585293445993,680.5823914705106,3300.0,3348.960949988582,0.0,0.0
2030-02-05 00:00:00,4303.585293445993,0.0,3300.0,0.0,0.0,209.0819658737164
2030-02-05 01:00:00,4303.585293445993,0.0,1120.025045253636,3348.960949988582,0.0,4800.0
2030-02-05 02:00:00,4196.671982222714,0.0,3300.0,3348.960949988582,0.0,170.92713386828837
2030-02-05 03:00:00,4303.585293445993,0.0,944.4889891557468,3348.960949988582,0.0,4800.0
2030-02-05 04:00:00,3698.4686566581568,0.0,0.0,3348.960949988582,0.0,4800.0
2030-02-05 05:00:00,4303.585293445993,0.0,160.70551360065656,3348.960949988582,0.0,3475.5759939856625
2030-02-05 06:00:00,4303.585293445993,0.0,3255.1221361328317,0.0,0.0,0.0
2030-02-05 07:00:00,4303.585293445993,0.0,3182.215723043172,0.0,4800.0,0.0
2030-02-05 08:00:00,4303.585293445993,582.5080256367219,1886.1179651568964,0.0,4800.0,0.0
2030-02-05 09:00:00,4303.585293445993,0.0,0.0,0.0,3701.065643404043,0.0
2030-02-05 10:00:00,4303.585293445993,1349.8515642840832,992.7435812713084,2014.655998547998,4800.0,0.0
2030-02-05 11:00:00,0.0,1349.8515642840832,1772.1598125476835,0.0,4800.0,1633.0930027051945
2030-02-05 12:00:00,0.0,0.0,3300.0,1501.6700991691323,3509.862530924147,0.0
2030-02-05 13:00:00,707.6183847848345,0.0,3300.0,539.5091499708942,0.0,0.0
2030-02-05 14:00:00,2038.570253982362,1349.8515642840832,0.0,3348.960949988582,0.0,654.5895340452844
2030-02-05 15:00:00,4303.585293445993,1349.8515642840832,0.0,299.75170437766064,0.0,4800.0
2030-02-05 16:00:00,4303.585293445993,0.0,3300.0,827.4300722882131,3885.182944681141,0.0
2030-02-05 17:00:00,4303.585293445993,0.0,3300.0,73.28601651718964,0.0,0.0
2030-02-05 18:00:00,4303.585293445993,0.0,3300.0,0.0,0.0,0.0
2030-02-05 19:00:00,4303.585293445993,1349.8515642840832,3300.0,0.0,4800.0,0.0
2030-02-05 20:00:00,1849.8488617495777,0.0,3300.0,0.0,3864.973182896996,0.0
2030-02-05 21:00:00,3940.3603592307245,0.0,3300.0,0.0,0.0,0.0
2030-02-05 22:00:00,1202.8370114340967,0.0,3300.0,0.0,0.0,0.0
2030-02-05 23:00:00,4303.585293445993,0.0,3300.0,0.0,0.0,0.0
2030-02-06 00:00:00,3145.6035602648835,0.0,3300.0,0.0,0.0,0.0
2030-02-06 01:00:00,4303.585293445993,0.0,3300.0,1240.779148548715,0.0,0.0
2030-02-06 02:00:00,4303.585293445993,0.0,3300.0,3348.960949988582,0.0,0.0
2030-02-06 03:00:00,1503.3868140220347,0.0,3300.0,0.0,3489.7700524457905,0.0
2030-02-06 04:00:00,4303.585293445993,0.0,3300.0,0.0,0.0,0.0
2030-02-06 05:00:00,4303.585293445993,0.0,3300.0,0.0,4800.0,0.0
2030-02-06 06:00:00,4303.585293445993,0.0,3300.0,0.0,0.0,0.0
2030-02-06 07:00:00,4303.585293445993,0.0,3300.0,0.0,0.0,0.0
2030-02-06 08:00:00,0.0,1349.8515642840832,0.0,0.0,4800.0,0.0
2030-02-06 09:00:00,4303.585293445993,1349.8515642840832,0.0,0.0,0.0,2142.672666600687
2030-02-06 10:00:00,4303.585293445993,0.0,3300.0,0.0,0.0,4800.0
2030-02-06 11:00:00,2254.999391847525,606.234319319643,0.0,3348.960949988582,0.0,4800.0
2030-02-06 12:00:00,3523.946658689958,0.0,3300.0,3348.960949988582,0.0,4800.0
2030-02-06 13:00:00,2474.4663977901796,0.0,0.0,3348.960949988582,0.0,4800.0
2030-02-06 14:00:00,4303.585293445993,0.0,0.0,3348.960949988582,0.0,4800.0
2030-02-06 15:00:00,4303.585293445993,0.0,0.0,3348.960949988582,0.0,4800.0
2030-02-06 16:00:00,4303.585293445993,0.0,768.3856723333174,3348.960949988582,0.0,4800.0
2030-02-06 17:00:00,4303.585293445993,0.0,3300.0,191.988556163843,0.0,0.0
2030-02-06 18:00:00,1869.826796623892,0.0,3300.0,0.0,4800.0,0.0
2030-02-06 19:00:00,4303.585293445993,0.0,3300.0,0.0,2817.449209692859,0.0
2030-02-06 20:00:00,4303.585293445993,0.0,3300.0,0.0,0.0,0.0
2030-02-06 21:00:00,1784.0770016271726,0.0,3300.0,0.0,2121.1162508908747,0.0
2030-02-06 22:00:00,1434.5673634771006,0.0,3300.0,0.0,4800.0,0.0
2030-02-06 23:00:00,0.0,0.0,3300.0,0.0,4800.0,0.0
2030-02-07 00:00:00,4127.867625490297,0.0,3300.0,3348.960949988582,0.0,0.0
2030-02-07 01:00:00,4303.585293445993,317.6533509061305,3300.0,0.0,4800.0,0.0
2030-02-07 02:00:00,4303.585293445993,760.5378276821139,3300.0,0.0,4800.0,0.0
2030-02-07 03:00:00,4303.585293445993,0.0,3300.0,0.0,0.0,0.0
2030-02-07 04:00:00,4303.585293445993,0.0,3300.0,3008.6671850996254,0.0,4800.0
2030-02-07 05:00:00,1695.208385163748,0.0,3300.0,0.0,0.0,365.29762879958434
2030-02-07 06:00:00,3254.4808286577,0.0,3300.0,671.230917144916,4800.0,0.0
2030-02-07 07:00:00,2083.9283963269454,0.0,3300.0,0.0,0.0,0.0
2030-02-07 08:00:00,4303.585293445993,1349.8515642840832,3300.0,0.0,0.0,4800.0
2030-02-07 09:00:00,2450.7013690042468,0.0,3300.0,2151.2566559737816,0.0,4800.0
2030-02-07 10:00:00,1790.3239560955117,0.0,3300.0,3348.960949988582,0.0,4800.0
2030-02-07 11:00:00,0.0,0.0,3300.0,3348.960949988582,0.0,4800.0
2030-02-07 12:00:00,0.0,0.0,3300.0,3348.960949988582,0.0,4800.0
2030-02-07 13:00:00,0.0,0.0,3300.0,3348.960949988582,0.0,4800.0
2030-02-07 14:00:00,0.0,0.0,3300.0,3348.960949988582,0.0,4800.0
2030-02-07 15:00:00,0.0,0.0,3300.0,3348.960949988582,0.0,4800.0
2030-02-07 16:00:00,0.0,0.0,3300.0,3348.960949988582,0.0,4800.0
2030-02-07 17:00:00,0.0,0.0,3300.0,3348.960949988582,4800.0,1087.3472068726842
2030-02-07 18:00:00,0.0,0.0,3300.0,3348.960949988582,4800.0,1596.3624055823602
2030-02-07 19:00:00,0.0,0.0,3300.0,3348.960949988582,0.0,0.0
2030-02-07 20:00:00,0.0,0.0,3300.0,3348.960949988582,0.0,2210.6598401599476
2030-02-07 21:00:00,0.0,0.0,3300.0,3348.960949988582,4800.0,3872.4578946560796
2030-02-07 22:00:00,0.0,0.0,3300.0,3348.960949988582,4800.0,0.0
2030-02-07 23:00:00,0.0,0.0,3300.0,3348.960949988582,4800.0,0.0
2030-02-08 00:00:00,0.0,0.0,3300.0,3348.960949988582,4800.0,0.0
2030-02-08 01:00:00,0.0,0.0,3300.0,3348.960949988582,4800.0,0.0
2030-02-08 02:00:00,0.0,0.0,3300.0,3348.960949988582,4800.0,0.0
2030-02-08 03:00:00,0.0,0.0,3300.0,3348.960949988582,2038.302875278034,0.0
2030-02-08 04:00:00,0.0,0.0,3300.0,3348.960949988582,4800.0,4800.0
2030-02-08 05:00:00,0.0,0.0,3300.0,3348.960949988582,4800.0,1318.9072039245075
2030-02-08 06:00:00,0.0,0.0,3300.0,1772.9747486362448,4800.0,0.0
2030-02-08 07:00:00,0.0,354.7873791757447,3300.0,0.0,4800.0,0.0
2030-02-08 08:00:00,0.0,0.0,3300.0,2005.5051777071876,4800.0,54.683847730868365
2030-02-08 09:00:00,0.0,0.0,3300.0,3348.960949988582,3991.4984161366738,4800.0
2030-02-08 10:00:00,0.0,0.0,3300.0,3348.960949988582,1503.419896905616,4800.0
2030-02-08 11:00:00,0.0,0.0,3300.0,3348.960949988582,0.0,4800.0
2030-02-08 12:00:00,0.0,0.0,3300.0,3348.960949988582,0.0,4800.0
2030-02-08 13:00:00,0.0,0.0,3300.0,3348.960949988582,0.0,4800.0
2030-02-08 14:00:00,1814.8523820305854,0.0,3300.0,3348.960949988582,0.0,4800.0
2030-02-08 15:00:00,4303.585293445993,0.0,0.0,3348.960949988582,0.0,4800.0
2030-02-08 16:00:00,2160.987302586591,1349.8515642840832,0.0,0.0,0.0,2147.358837584863
2030-02-08 17:00:00,4303.585293445993,0.0,2010.416085283803,0.0,0.0,0.0
2030-02-08 18:00:00,4303.585293445993,0.0,2886.533468299397,0.0,0.0,0.0
2030-02-08 19:00:00,4303.585293445993,0.0,2763.175916009647,0.0,4800.0,0.0
2030-02-08 20:00:00,2622.5531382519057,0.0,3300.0,0.0,2425.0490382313583,0.0
2030-02-08 21:00:00,4303.585293445993,0.0,2787.2393888055685,0.0,4800.0,0.0
2030-02-08 22:00:00,4303.585293445993,0.0,3124.7333035957345,0.0,0.0,0.0
2030-02-08 23:00:00,4303.585293445993,0.0,3135.1888127377697,0.0,0.0,0.0
2030-02-09 00:00:00,4303.585293445993,0.0,2647.018207086672,0.0,0.0,0.0
2030-02-09 01:00:00,4303.585293445993,0.0,0.0,0.0,3020.973401550502,4800.0
2030-02-09 02:00:00,4303.585293445993,1349.8515642840832,816.7053737357269,3348.960949988582,4800.0,3245.513989012026
2030-02-09 03:00:00,4133.530663485399,1349.8515642840832,3300.0,746.924254792074,4800.0,0.0
2030-02-09 04:00:00,4303.585293445993,221.3820033709203,3300.0,0.0,4800.0,4800.0
2030-02-09 05:00:00,4303.585293445993,0.0,3300.0,0.0,4800.0,0.0
2030-02-09 06:00:00,4303.585293445993,1349.8515642840832,89.53223051846726,3348.960949988582,0.0,4800.0
2030-02-09 07:00:00,4303.585293445993,0.0,518.2361864525706,3348.960949988582,4800.0,0.0
2030-02-09 08:00:00,0.0,1349.8515642840832,840.1626108997634,0.0,4800.0,0.0
2030-02-09 09:00:00,0.0,321.7668010554771,3300.0,0.0,4800.0,0.0
2030-02-09 10:00:00,0.0,0.0,3300.0,3348.960949988582,1214.283219770412,0.0
2030-02-09 11:00:00,0.0,0.0,3300.0,3348.960949988582,0.0,4800.0
2030-02-09 12:00:00,0.0,0.0,3300.0,3348.960949988582,4800.0,4800.0
2030-02-09 13:00:00,0.0,0.0,3300.0,3348.960949988582,4800.0,4800.0
2030-02-09 14:00:00,0.0,0.0,3300.0,3348.960949988582,1827.018205640954,0.0
2030-02-09 15:00:00,0.0,0.0,3300.0,3348.960949988582,0.0,4643.053015519283
2030-02-09 16:00:00,0.0,0.0,3300.0,3348.960949988582,4399.2916640440235,0.0
2030-02-09 17:00:00,0.0,0.0,3300.0,0.0,4800.0,0.0
2030-02-09 18:00:00,0.0,0.0,3300.0,935.9014493988207,4800.0,0.0
2030-02-09 19:00:00,0.0,0.0,3300.0,2784.1388000896677,4800.0,0.0
2030-02-09 20:00:00,0.0,0.0,3300.0,3328.170067197565,4800.0,0.0
2030-02-09 21:00:00,0.0,0.0,3300.0,2180.7693414528912,4800.0,0.0
2030-02-09 22:00:00,1406.657641488538,0.0,3300.0,2374.2858059675054,4800.0,0.0
2030-02-09 23:00:00,0.0,0.0,3300.0,978.4634413721219,4800.0,4423.963081424423
2030-02-10 00:00:00,0.0,467.78987064869216,3300.0,0.0,4800.0,4800.0
2030-02-10 01:00:00,379.09929829683165,0.0,3300.0,0.0,0.0,3087.0075452421297
2030-02-10 02:00:00,0.0,396.81828794708895,3300.0,0.0,446.45451389623486,4800.0
2030-02-10 03:00:00,775.0033151774551,0.0,3300.0,1823.8928924477805,0.0,4800.0
2030-02-10 04:00:00,0.0,0.0,0.0,3348.960949988582,0.0,4800.0
2030-02-10 05:00:00,3260.6944508753804,0.0,0.0,3348.960949988582,0.0,4800.0
2030-02-10 06:00:00,4303.585293445993,0.0,0.0,3050.018422571069,0.0,4800.0
2030-02-10 07:00:00,4303.585293445993,0.0,0.0,0.0,0.0,4800.0
2030-02-10 08:00:00,1307.985795322813,0.0,0.0,184.9224292592903,0.0,4800.0
2030-02-10 09:00:00,3506.7413090657647,0.0,3300.0,3348.960949988582,0.0,4800.0
2030-02-10 10:00:00,0.0,0.0,3300.0,3348.960949988582,0.0,4800.0
2030-02-10 11:00:00,0.0,0.0,3300.0,3348.960949988582,0.0,4800.0
2030-02-10 12:00:00,0.0,0.0,3300.0,3348.960949988582,0.0,4800.0
2030-02-10 13:00:00,0.0,0.0,3300.0,3348.960949988582,0.0,4800.0
2030-02-10 14:00:00,0.0,0.0,3300.0,3348.960949988582,0.0,4800.0
2030-02-10 15:00:00,4303.585293445993,0.0,440.16333732262865,3348.960949988582,0.0,4800.0
2030-02-10 16:00:00,4303.585293445993,0.0,0.0,3348.960949988582,0.0,4800.0
2030-02-10 17:00:00,4303.585293445993,0.0,0.0,2139.681935860799,0.0,4800.0
2030-02-10 18:00:00,4303.585293445993,0.0,0.0,2481.5944056151347,0.0,4800.0
2030-02-10 19:00:00,4303.585293445993,0.0,0.0,3348.960949988582,0.0,4800.0
2030-02-10 20:00:00,3684.215756713864,0.0,0.0,3348.960949988582,0.0,4800.0
2030-02-10 21:00:00,1568.22698014271,0.0,0.0,1994.9348553066375,0.0,4800.0
2030-02-10 22:00:00,4303.585293445993,0.0,366.47726054967643,3220.7459425837296,0.0,4800.0
2030-02-10 23:00:00,946.3607834904687,0.0,0.0,0.0,0.0,4472.100280651794
2030-02-11 00:00:00,4303.585293445993,0.0,3300.0,461.55857570458465,0.0,4710.57867340315
2030-02-11 01:00:00,4303.585293445993,0.0,3300.0,3089.552425265807,0.0,4800.0
2030-02-11 02:00:00,4303.585293445993,0.0,401.3020291777066,3348.960949988582,0.0,4800.0
2030-02-11 03:00:00,4303.585293445993,754.7497974020662,0.0,3348.960949988582,0.0,4800.0
2030-02-11 04:00:00,4303.585293445993,0.0,0.0,3348.960949988582,0.0,4800.0
2030-02-11 05:00:00,4303.585293445993,0.0,3300.0,3348.960949988582,0.0,4800.0
2030-02-11 06:00:00,4303.585293445993,0.0,0.0,3348.960949988582,0.0,4800.0
2030-02-11 07:00:00,4303.585293445993,0.0,0.0,3348.960949988582,0.0,4800.0
2030-02-11 08:00:00,1269.45571087188,0.0,0.0,3348.960949988582,0.0,4800.0
2030-02-11 09:00:00,2638.8240173125096,0.0,3300.0,3348.960949988582,0.0,4800.0
2030-02-11 10:00:00,0.0,0.0,3300.0,3348.960949988582,0.0,4800.0
2030-02-11 11:00:00,0.0,0.0,3300.0,3348.960949988582,0.0,4800.0
2030-02-11 12:00:00,0.0,0.0,3300.0,3348.960949988582,0.0,4800.0
2030-02-11 13:00:00,0.0,0.0,3300.0,3348.960949988582,0.0,4800.0
2030-02-11 14:00:00,0.0,0.0,3300.0,3348.960949988582,0.0,4800.0
2030-02-11 15:00:00,3109.769726322549,0.0,3300.0,3348.960949988582,0.0,4800.0
2030-02-11 16:00:00,4303.585293445993,0.0,1829.835341310461,3348.960949988582,0.0,4800.0
2030-02-11 17:00:00,4303.585293445993,0.0,3300.0,3348.960949988582,0.0,4800.0
2030-02-11 18:00:00,4303.585293445993,0.0,1812.2026580639013,3348.960949988582,0.0,4800.0
2030-02-11 19:00:00,4303.585293445993,0.0,3300.0,3348.960949988582,0.0,4800.0
2030-02-11 20:00:00,4303.585293445993,0.0,2374.275855168577,3348.960949988582,0.0,4800.0
2030-02-11 21:00:00,4303.585293445993,0.0,3300.0,3348.960949988582,0.0,4800.0
2030-02-11 22:00:00,4303.585293445993,0.0,3300.0,3348.960949988582,4800.0,4341.433623430319
2030-02-11 23:00:00,4303.585293445993,0.0,3300.0,0.0,1853.1101512594905,0.0
2030-02-12 00:00:00,4303.585293445993,1349.8515642840832,3300.0,0.0,4800.0,0.0
2030-02-12 01:00:00,4303.585293445993,1349.8515642840832,3300.0,0.0,4800.0,0.0
2030-02-12 02:00:00,1398.15685890452,0.0,3300.0,0.0,4800.0,0.0
2030-02-12 03:00:00,2017.567971411332,0.0,3300.0,0.0,0.0,0.0
2030-02-12 04:00:00,0.0,0.0,0.0,3348.960949988582,0.0,4800.0
2030-02-12 05:00:00,2095.455611001296,0.0,3300.0,0.0,3501.3058867731584,0.0
2030-02-12 06:00:00,2383.0119482209566,0.0,3300.0,0.0,0.0,0.0
2030-02-12 07:00:00,3629.3803956651254,0.0,3300.0,3348.960949988582,0.0,0.0
2030-02-12 08:00:00,4303.585293445993,1349.8515642840832,0.0,0.0,0.0,0.0
2030-02-12 09:00:00,802.1034676248019,1349.8515642840832,3300.0,1803.6410075162098,0.0,0.0
2030-02-12 10:00:00,0.0,0.0,3300.0,3348.960949988582,0.0,0.0
2030-02-12 11:00:00,0.0,0.0,3300.0,3348.960949988582,4800.0,4800.0
2030-02-12 12:00:00,0.0,0.0,3300.0,3348.960949988582,0.0,4800.0
2030-02-12 13:00:00,0.0,0.0,3300.0,3348.960949988582,0.0,4800.0
2030-02-12 14:00:00,0.0,0.0,3300.0,3348.960949988582,0.0,4800.0
2030-02-12 15:00:00,0.0,0.0,131.62213323581818,3348.960949988582,0.0,4800.0
2030-02-12 16:00:00,4303.585293445993,0.0,0.0,1783.821236102216,0.0,4800.0
2030-02-12 17:00:00,4303.585293445993,0.0,3300.0,0.0,4800.0,0.0
2030-02-12 18:00:00,4303.585293445993,0.0,3300.0,299.25854697376826,4637.710569629111,0.0
2030-02-12 19:00:00,4303.585293445993,0.0,3300.0,212.78370852103626,3.0121538148837317,0.0
2030-02-12 20:00:00,4303.585293445993,0.0,0.0,0.0,0.0,4800.0
2030-02-12 21:00:00,4303.585293445993,0.0,0.0,0.0,0.0,4800.0
2030-02-12 22:00:00,4303.585293445993,0.0,0.0,0.0,0.0,4800.0
2030-02-12 23:00:00,4303.585293445993,0.0,0.0,0.0,0.0,4800.0
2030-02-13 00:00:00,4303.585293445993,0.0,0.0,0.0,2527.8128907701685,4800.0
2030-02-13 01:00:00,4303.585293445993,0.0,0.0,0.0,1498.5970568412522,4800.0
2030-02-13 02:00:00,4303.585293445993,1349.8515642840832,0.0,0.0,4800.0,4800.0
2030-02-13 03:00:00,1410.9955521828742,0.0,3300.0,0.0,0.0,4800.0
2030-02-13 04:00:00,4303.585293445993,0.0,0.0,0.0,0.0,4800.0
2030-02-13 05:00:00,4303.585293445993,0.0,3300.0,0.0,4800.0,0.0
2030-02-13 06:00:00,71.3289624330846,0.0,3300.0,0.0,0.0,0.0
2030-02-13 07:00:00,431.60709201224313,0.0,3300.0,0.0,0.0,0.0
2030-02-13 08:00:00,62.650993744404786,1349.8515642840832,0.0,0.0,4800.0,0.0
2030-02-13 09:00:00,4303.585293445993,1349.8515642840832,2790.497761128543,0.0,0.0,218.31032851489726
2030-02-13 10:00:00,4303.585293445993,1007.9986862866062,2920.5226995993125,0.0,0.0,4800.0
2030-02-13 11:00:00,4303.585293445993,1349.8515642840832,0.0,2702.7585345825364,0.0,4800.0
2030-02-13 12:00:00,4303.585293445993,1349.8515642840832,0.0,3348.960949988582,0.0,4800.0
2030-02-13 13:00:00,4303.585293445993,0.0,0.0,3348.960949988582,0.0,4800.0
2030-02-13 14:00:00,4303.585293445993,0.0,0.0,3348.960949988582,0.0,4800.0
2030-02-13 15:00:00,4303.585293445993,0.0,0.0,3348.960949988582,0.0,4800.0
2030-02-13 16:00:00,4303.585293445993,0.0,0.0,1697.8797676363465,0.0,4800.0
2030-02-13 17:00:00,4303.585293445993,0.0,3300.0,0.0,0.0,677.2151023865445
2030-02-13 18:00:00,4303.585293445993,0.0,3300.0,1759.4052894718138,0.0,4800.0
2030-02-13 19:00:00,2317.416526776365,0.0,0.0,2972.8299271211145,0.0,4800.0
2030-02-13 20:00:00,4303.585293445993,0.0,3300.0,3348.960949988582,0.0,4800.0
2030-02-13 21:00:00,4303.585293445993,0.0,0.0,3348.960949988582,1556.3441358070704,4800.0
2030-02-13 22:00:00,4303.585293445993,0.0,0.0,2433.0741467074236,0.0,4800.0
2030-02-13 23:00:00,4303.585293445993,0.0,3300.0,2020.712510257511,0.0,3795.6127457797675
2030-02-14 00:00:00,4303.585293445993,0.0,3300.0,0.0,1792.646378980251,4800.0
2030-02-14 01:00:00,0.0,0.0,0.0,1622.3087715331644,0.0,4800.0
2030-02-14 02:00:00,4303.585293445993,0.0,560.9189670689448,3348.960949988582,0.0,4800.0
2030-02-14 03:00:00,4303.585293445993,0.0,0.0,3348.960949988582,0.0,4800.0
2030-02-14 04:00:00,4303.585293445993,0.0,3109.302797063563,3348.960949988582,0.0,4800.0
2030-02-14 05:00:00,4303.585293445993,0.0,612.5969031665427,3348.960949988582,0.0,4800.0
2030-02-14 06:00:00,4303.585293445993,0.0,2431.751859865687,3348.960949988582,0.0,4800.0
2030-02-14 07:00:00,4303.585293445993,0.0,2940.818315198778,0.0,0.0,4800.0
2030-02-14 08:00:00,4303.585293445993,0.0,0.0,840.6550068105134,0.0,4800.0
2030-02-14 09:00:00,0.0,0.0,1952.012000769595,3348.960949988582,0.0,4800.0
2030-02-14 10:00:00,2798.930863050137,0.0,3300.0,3348.960949988582,3413.437093096276,4800.0
2030-02-14 11:00:00,3399.0757331784644,0.0,3300.0,3348.960949988582,0.0,4800.0
2030-02-14 12:00:00,2863.5659938811073,0.0,3300.0,3348.960949988582,0.0,4800.0
2030-02-14 13:00:00,0.0,0.0,1379.8712135542182,3348.960949988582,0.0,4800.0
2030-02-14 14:00:00,0.0,0.0,2402.4166332731575,3348.960949988582,0.0,4800.0
2030-02-14 15:00:00,0.0,0.0,3300.0,3348.960949988582,0.0,4800.0
2030-02-14 16:00:00,0.0,0.0,3300.0,3348.960949988582,0.0,4800.0
2030-02-14 17:00:00,0.0,0.0,3300.0,3348.960949988582,0.0,0.0
2030-02-14 18:00:00,0.0,0.0,3300.0,3348.960949988582,4800.0,0.0
2030-02-14 19:00:00,0.0,0.0,3300.0,3348.960949988582,4800.0,0.0
2030-02-14 20:00:00,0.0,0.0,3300.0,3348.960949988582,4800.0,0.0
2030-02-14 21:00:00,0.0,0.0,3300.0,3348.960949988582,4800.0,0.0
2030-02-14 22:00:00,0.0,0.0,3300.0,3348.960949988582,4800.0,0.0
2030-02-14 23:00:00,0.0,0.0,3300.0,3348.960949988582,4800.0,0.0
2030-02-15 00:00:00,0.0,0.0,3300.0,3348.960949988582,4800.0,0.0
2030-02-15 01:00:00,0.0,0.0,3300.0,3348.960949988582,4800.0,0.0
2030-02-15 02:00:00,0.0,0.0,3300.0,3348.960949988582,4800.0,0.0
2030-02-15 03:00:00,0.0,0.0,3300.0,3348.960949988582,4800.0,0.0
2030-02-15 04:00:00,0.0,0.0,3300.0,3348.960949988582,4800.0,0.0
2030-02-15 05:00:00,0.0,0.0,3300.0,3348.960949988582,4800.0,0.0
2030-02-15 06:00:00,0.0,0.0,3300.0,3348.960949988582,4800.0,0.0
2030-02-15 07:00:00,0.0,0.0,3300.0,3348.960949988582,4800.0,0.0
2030-02-15 08:00:00,0.0,0.0,3300.0,3348.960949988582,4800.0,0.0
2030-02-15 09:00:00,0.0,0.0,3300.0,3348.960949988582,4800.0,0.0
2030-02-15 10:00:00,0.0,0.0,3300.0,3348.960949988582,4800.0,0.0
2030-02-15 11:00:00,0.0,0.0,3300.0,3348.960949988582,4800.0,0.0
2030-02-15 12:00:00,0.0,0.0,3300.0,3348.960949988582,4800.0,0.0
2030-02-15 13:00:00,0.0,0.0,3300.0,3348.960949988582,4800.0,0.0
2030-02-15 14:00:00,0.0,0.0,3300.0,3348.960949988582,4800.0,0.0
2030-02-15 15:00:00,0.0,0.0,3300.0,3348.960949988582,4800.0,0.0
2030-02-15 16:00:00,0.0,0.0,3300.0,3348.960949988582,4800.0,0.0
2030-02-15 17:00:00,0.0,0.0,3300.0,3348.960949988582,4800.0,0.0
2030-02-15 18:00:00,0.0,0.0,3300.0,3348.960949988582,4800.0,0.0
2030-02-15 19:00:00,0.0,0.0,3300.0,3348.960949988582,4800.0,0.0
2030-02-15 20:00:00,0.0,0.0,3300.0,3348.960949988582,4800.0,0.0
2030-02-15 21:00:00,0.0,0.0,3300.0,3348.960949988582,4800.0,0.0
2030-02-15 22:00:00,0.0,0.0,3300.0,3348.960949988582,3284.6727778524946,4800.0
2030-02-15 23:00:00,0.0,0.0,3300.0,3348.960949988582,0.0,0.0
2030-02-16 00:00:00,0.0,0.0,3300.0,3348.960949988582,2671.4654754289368,0.0
2030-02-16 01:00:00,0.0,0.0,3300.0,3348.960949988582,4800.0,3585.4065614082647
2030-02-16 02:00:00,0.0,0.0,3300.0,3348.960949988582,0.0,0.0
2030-02-16 03:00:00,0.0,0.0,3300.0,3348.960949988582,0.0,4800.0
2030-02-16 04:00:00,0.0,0.0,3300.0,3348.960949988582,0.0,4800.0
2030-02-16 05:00:00,0.0,0.0,3300.0,3348.960949988582,0.0,4800.0
2030-02-16 06:00:00,0.0,0.0,3300.0,3348.960949988582,0.0,4800.0
2030-02-16 07:00:00,0.0,0.0,3300.0,3348.960949988582,0.0,4800.0
2030-02-16 08:00:00,0.0,0.0,3300.0,2879.841728517222,0.0,440.9435487192204
2030-02-16 09:00:00,1676.2052862215464,0.0,3300.0,3348.960949988582,0.0,4800.0
2030-02-16 10:00:00,3457.6385382606204,0.0,3300.0,3348.960949988582,0.0,4800.0
2030-02-16 11:00:00,3129.999924913951,0.0,3300.0,3348.960949988582,0.0,4800.0
2030-02-16 12:00:00,1195.5824951264149,0.0,3300.0,3348.960949988582,0.0,4800.0
2030-02-16 13:00:00,351.6532503988674,0.0,3300.0,3348.960949988582,0.0,4800.0
2030-02-16 14:00:00,0.0,0.0,806.6389206873368,3348.960949988582,0.0,4800.0
2030-02-16 15:00:00,0.0,0.0,1089.3591294986923,3348.960949988582,0.0,4800.0
2030-02-16 16:00:00,911.7435881735839,0.0,3300.0,3348.960949988582,0.0,4800.0
2030-02-16 17:00:00,1462.9295902054662,0.0,3300.0,3348.960949988582,0.0,4800.0
2030-02-16 18:00:00,0.0,0.0,3300.0,3348.960949988582,470.4081800628628,0.0
2030-02-16 19:00:00,0.0,0.0,3300.0,3348.960949988582,4351.444342657465,0.0
2030-02-16 20:00:00,0.0,0.0,3300.0,3348.960949988582,2693.653607448774,0.0
2030-02-16 21:00:00,0.0,0.0,3300.0,3348.960949988582,4800.0,0.0
2030-02-16 22:00:00,0.0,0.0,3300.0,3348.960949988582,4800.0,0.0
2030-02-16 23:00:00,0.0,0.0,3300.0,3348.960949988582,4800.0,0.0
2030-02-17 00:00:00,0.0,0.0,3300.0,3348.960949988582,4800.0,0.0
2030-02-17 01:00:00,0.0,0.0,3300.0,3348.960949988582,4800.0,0.0
2030-02-17 02:00:00,0.0,0.0,3300.0,3348.960949988582,4800.0,0.0
2030-02-17 03:00:00,0.0,0.0,3300.0,3348.960949988582,4800.0,0.0
2030-02-17 04:00:00,0.0,0.0,3300.0,3348.960949988582,4800.0,0.0
2030-02-17 05:00:00,0.0,0.0,3300.0,3348.960949988582,4800.0,0.0
2030-02-17 06:00:00,0.0,0.0,3300.0,3348.960949988582,4800.0,0.0
2030-02-17 07:00:00,0.0,0.0,3300.0,3348.960949988582,4800.0,0.0
2030-02-17 08:00:00,0.0,0.0,3300.0,3348.960949988582,4800.0,0.0
2030-02-17 09:00:00,0.0,0.0,3300.0,3348.960949988582,4800.0,0.0
2030-02-17 10:00:00,0.0,0.0,3300.0,3348.960949988582,4800.0,0.0
2030-02-17 11:00:00,0.0,0.0,3300.0,3348.960949988582,4800.0,0.0
2030-02-17 12:00:00,0.0,0.0,3300.0,3348.960949988582,4800.0,0.0
2030-02-17 13:00:00,0.0,0.0,3300.0,3348.960949988582,4800.0,0.0
2030-02-17 14:00:00,0.0,0.0,3300.0,3348.960949988582,4800.0,0.0
2030-02-17 15:00:00,0.0,0.0,3300.0,3348.960949988582,4800.0,3272.994623730374
2030-02-17 16:00:00,0.0,0.0,3300.0,3348.960949988582,0.0,4800.0
2030-02-17 17:00:00,0.0,0.0,3300.0,3348.960949988582,4800.0,2855.1148286393945
2030-02-17 18:00:00,0.0,0.0,3300.0,3348.960949988582,0.0,0.0
2030-02-17 19:00:00,0.0,0.0,3300.0,3348.960949988582,0.0,1046.7864823228824
2030-02-17 20:00:00,0.0,0.0,3300.0,3348.960949988582,0.0,573.0962037882055
2030-02-17 21:00:00,0.0,0.0,3300.0,3348.960949988582,0.0,0.0
2030-02-17 22:00:00,0.0,0.0,3300.0,3348.960949988582,0.0,244.82170685117308
2030-02-17 23:00:00,0.0,0.0,3300.0,3348.960949988582,0.0,364.3108945189015
2030-02-18 00:00:00,0.0,0.0,3300.0,3348.960949988582,2886.052571261731,0.0
2030-02-18 01:00:00,0.0,0.0,3300.0,3348.960949988582,0.0,0.0
2030-02-18 02:00:00,0.0,0.0,3300.0,3348.960949988582,4800.0,1352.490158385197
2030-02-18 03:00:00,0.0,0.0,3300.0,3348.960949988582,1765.5219170157143,4800.0
2030-02-18 04:00:00,0.0,0.0,3300.0,3348.960949988582,0.0,4800.0
2030-02-18 05:00:00,0.0,0.0,3300.0,3348.960949988582,516.2464563397691,4800.0
2030-02-18 06:00:00,0.0,0.0,3300.0,3348.960949988582,128.96131692857307,4800.0
2030-02-18 07:00:00,0.0,0.0,3300.0,3348.960949988582,0.0,2845.7387425401903
2030-02-18 08:00:00,0.0,0.0,3300.0,3348.960949988582,4489.309578589644,4800.0
2030-02-18 09:00:00,0.0,0.0,3300.0,3348.960949988582,4800.0,0.0
2030-02-18 10:00:00,0.0,0.0,3300.0,3348.960949988582,4800.0,0.0
2030-02-18 11:00:00,0.0,0.0,3300.0,3348.960949988582,4800.0,0.0
2030-02-18 12:00:00,0.0,0.0,3300.0,3348.960949988582,4800.0,0.0
2030-02-18 13:00:00,0.0,0.0,3300.0,3348.960949988582,4800.0,0.0
2030-02-18 14:00:00,0.0,0.0,3300.0,3348.960949988582,4800.0,0.0
2030-02-18 15:00:00,0.0,0.0,3300.0,3348.960949988582,4800.0,0.0
2030-02-18 16:00:00,0.0,0.0,3300.0,3348.960949988582,4800.0,0.0
2030-02-18 17:00:00,0.0,0.0,3300.0,3348.960949988582,4800.0,0.0
2030-02-18 18:00:00,0.0,0.0,3300.0,3348.960949988582,4800.0,0.0
2030-02-18 19:00:00,0.0,0.0,3300.0,3348.960949988582,4800.0,0.0
2030-02-18 20:00:00,0.0,0.0,3300.0,3348.960949988582,4800.0,0.0
2030-02-18 21:00:00,0.0,0.0,3300.0,3348.960949988582,4800.0,0.0
2030-02-18 22:00:00,0.0,0.0,3300.0,3348.960949988582,4800.0,0.0
2030-02-18 23:00:00,0.0,0.0,3300.0,3348.960949988582,4800.0,0.0
2030-02-19 00:00:00,0.0,0.0,3300.0,3348.960949988582,4800.0,0.0
2030-02-19 01:00:00,0.0,0.0,3300.0,3348.960949988582,4800.0,0.0
2030-02-19 02:00:00,0.0,0.0,3300.0,3348.960949988582,4800.0,0.0
2030-02-19 03:00:00,0.0,0.0,3300.0,3348.960949988582,4800.0,0.0
2030-02-19 04:00:00,0.0,0.0,3300.0,3348.960949988582,4800.0,0.0
2030-02-19 05:00:00,0.0,0.0,3300.0,3348.960949988582,4800.0,0.0
2030-02-19 06:00:00,0.0,0.0,3300.0,3348.960949988582,4800.0,0.0
2030-02-19 07:00:00,0.0,0.0,3300.0,3348.960949988582,4800.0,0.0
2030-02-19 08:00:00,0.0,0.0,3300.0,3348.960949988582,4800.0,0.0
2030-02-19 09:00:00,0.0,0.0,3300.0,3348.960949988582,4800.0,0.0
2030-02-19 10:00:00,0.0,0.0,3300.0,3348.960949988582,4800.0,0.0
2030-02-19 11:00:00,0.0,0.0,3300.0,3348.960949988582,4800.0,0.0
2030-02-19 12:00:00,0.0,0.0,3300.0,3348.960949988582,4800.0,0.0
2030-02-19 13:00:00,0.0,0.0,3300.0,3348.960949988582,4800.0,0.0
2030-02-19 14:00:00,0.0,0.0,3300.0,3348.960949988582,4800.0,0.0
2030-02-19 15:00:00,0.0,0.0,3300.0,3348.960949988582,4800.0,0.0
2030-02-19 16:00:00,0.0,0.0,3300.0,3348.960949988582,0.0,4800.0
2030-02-19 17:00:00,0.0,0.0,3300.0,3348.960949988582,4800.0,0.0
2030-02-19 18:00:00,0.0,0.0,3300.0,3348.960949988582,2509.9894871353026,0.0
2030-02-19 19:00:00,0.0,0.0,3300.0,3348.960949988582,2904.100608064342,0.0
2030-02-19 20:00:00,0.0,0.0,3300.0,3348.960949988582,3144.95265819451,4800.0
2030-02-19 21:00:00,0.0,0.0,3300.0,3348.960949988582,3009.9851558562805,0.0
2030-02-19 22:00:00,0.0,0.0,3300.0,3348.960949988582,4800.0,0.0
2030-02-19 23:00:00,0.0,542.3421887678342,3300.0,3348.960949988582,4800.0,0.0
2030-02-20 00:00:00,0.0,224.24956341034704,3300.0,0.0,4800.0,0.0
2030-02-20 01:00:00,0.0,1349.8515642840832,3300.0,2343.305655101241,4800.0,0.0
2030-02-20 02:00:00,0.0,0.0,3300.0,2999.6209447158835,4800.0,0.0
2030-02-20 03:00:00,0.0,0.0,3300.0,3348.960949988582,4595.187719828944,0.0
2030-02-20 04:00:00,0.0,0.0,3300.0,3348.960949988582,0.0,2048.9237180569326
2030-02-20 05:00:00,1882.7032965356634,0.0,3300.0,3348.960949988582,0.0,4800.0
2030-02-20 06:00:00,2540.141645196102,1349.8515642840832,3300.0,3348.960949988582,69.28107158515195,4800.0
2030-02-20 07:00:00,0.0,0.0,570.7308756594516,3348.960949988582,4800.0,0.0
2030-02-20 08:00:00,1973.377348127225,0.0,3300.0,3348.960949988582,0.0,4800.0
2030-02-20 09:00:00,0.0,0.0,3300.0,3348.960949988582,0.0,3142.7036313474237
2030-02-20 10:00:00,0.0,0.0,3300.0,3348.960949988582,0.0,4800.0
2030-02-20 11:00:00,0.0,0.0,3300.0,3348.960949988582,0.0,4800.0
2030-02-20 12:00:00,0.0,0.0,3300.0,3348.960949988582,0.0,4800.0
2030-02-20 13:00:00,0.0,0.0,3300.0,3348.960949988582,0.0,4800.0
2030-02-20 14:00:00,0.0,0.0,3300.0,3348.960949988582,0.0,4800.0
2030-02-20 15:00:00,0.0,0.0,3300.0,3348.960949988582,0.0,4800.0
2030-02-20 16:00:00,4303.585293445993,0.0,0.0,3348.960949988582,0.0,4800.0
2030-02-20 17:00:00,4081.0196311478176,0.0,3300.0,3348.960949988582,0.0,0.0
2030-02-20 18:00:00,4303.585293445993,0.0,3300.0,3348.4260270967884,1601.939173903663,4800.0
2030-02-20 19:00:00,0.0,0.0,0.0,0.0,0.0,1342.8419971197363
2030-02-20 20:00:00,0.0,1349.8515642840832,3300.0,2768.877833097933,696.1110667756802,0.0
2030-02-20 21:00:00,0.0,1349.8515642840832,3300.0,2558.9237647027394,4800.0,0.0
2030-02-20 22:00:00,0.0,1349.8515642840832,3300.0,2816.124048867896,4800.0,0.0
2030-02-20 23:00:00,0.0,0.0,3300.0,3348.960949988582,4800.0,0.0
2030-02-21 00:00:00,0.0,0.0,3300.0,3348.960949988582,4800.0,0.0
2030-02-21 01:00:00,0.0,0.0,3300.0,3348.960949988582,4800.0,0.0
2030-02-21 02:00:00,0.0,0.0,3300.0,3348.960949988582,4800.0,0.0
2030-02-21 03:00:00,0.0,0.0,3300.0,3348.960949988582,4800.0,0.0
2030-02-21 04:00:00,0.0,0.0,3300.0,3081.3778162924136,4800.0,0.0
2030-02-21 05:00:00,0.0,0.0,3300.0,2607.5039337896633,4800.0,0.0
2030-02-21 06:00:00,0.0,0.0,3300.0,3348.960949988582,4800.0,0.0
2030-02-21 07:00:00,0.0,0.0,3300.0,2637.7320068291883,4800.0,0.0
2030-02-21 08:00:00,0.0,1339.6751333751542,3300.0,3348.960949988582,4800.0,0.0
2030-02-21 09:00:00,0.0,0.0,3300.0,3348.960949988582,4800.0,0.0
2030-02-21 10:00:00,0.0,0.0,3300.0,3348.960949988582,4800.0,0.0
2030-02-21 11:00:00,0.0,0.0,3300.0,3348.960949988582,4800.0,0.0
2030-02-21 12:00:00,0.0,0.0,3300.0,3348.960949988582,4800.0,0.0
2030-02-21 13:00:00,0.0,0.0,3300.0,3348.960949988582,4800.0,0.0
2030-02-21 14:00:00,0.0,0.0,3300.0,3348.960949988582,4800.0,0.0
2030-02-21 15:00:00,0.0,0.0,3300.0,3348.960949988582,0.0,4800.0
2030-02-21 16:00:00,0.0,0.0,3300.0,3348.960949988582,0.0,1079.6428493107305
2030-02-21 17:00:00,0.0,1349.8515642840832,3300.0,0.0,4800.0,0.0
2030-02-21 18:00:00,0.0,1349.8515642840832,3300.0,1140.443568044013,4800.0,0.0
2030-02-21 19:00:00,0.0,1349.8515642840832,3300.0,2084.3466481085843,4800.0,0.0
2030-02-21 20:00:00,0.0,0.0,3300.0,1133.8396132152047,4800.0,0.0
2030-02-21 21:00:00,0.0,1349.8515642840832,3300.0,0.0,4800.0,0.0
2030-02-21 22:00:00,0.0,279.37476418086885,3300.0,3348.960949988582,4800.0,0.0
2030-02-21 23:00:00,0.0,0.0,3300.0,3348.960949988582,4800.0,0.0
2030-02-22 00:00:00,0.0,0.0,3300.0,3348.960949988582,4800.0,0.0
2030-02-22 01:00:00,0.0,0.0,3300.0,3348.960949988582,4800.0,0.0
2030-02-22 02:00:00,0.0,0.0,3300.0,3348.960949988582,4800.0,0.0
2030-02-22 03:00:00,0.0,1349.8515642840832,3300.0,3348.960949988582,4800.0,0.0
2030-02-22 04:00:00,0.0,0.0,3300.0,3348.960949988582,4800.0,0.0
2030-02-22 05:00:00,0.0,0.0,3300.0,3006.302749402228,4800.0,0.0
2030-02-22 06:00:00,0.0,0.0,3300.0,2830.1547192465114,4800.0,0.0
2030-02-22 07:00:00,0.0,214.5584232601541,3300.0,3348.960949988582,4800.0,0.0
2030-02-22 08:00:00,0.0,1349.8515642840832,3300.0,3331.5718197535316,4800.0,0.0
2030-02-22 09:00:00,0.0,0.0,3300.0,3348.960949988582,4800.0,0.0
2030-02-22 10:00:00,0.0,0.0,3300.0,3348.960949988582,4800.0,0.0
2030-02-22 11:00:00,0.0,0.0,3300.0,3348.960949988582,4800.0,0.0
2030-02-22 12:00:00,0.0,0.0,3300.0,3348.960949988582,4800.0,0.0
2030-02-22 13:00:00,0.0,0.0,3300.0,3348.960949988582,4800.0,0.0
2030-02-22 14:00:00,0.0,0.0,3300.0,3348.960949988582,4800.0,0.0
2030-02-22 15:00:00,0.0,0.0,3300.0,3348.960949988582,4800.0,0.0
2030-02-22 16:00:00,0.0,0.0,3300.0,3348.960949988582,0.0,4800.0
2030-02-22 17:00:00,0.0,0.0,3300.0,3348.960949988582,4800.0,0.0
2030-02-22 18:00:00,0.0,0.0,3300.0,3348.960949988582,4800.0,0.0
2030-02-22 19:00:00,0.0,0.0,3300.0,3348.960949988582,0.0,664.2574327171897
2030-02-22 20:00:00,0.0,0.0,3300.0,3348.960949988582,4800.0,0.0
2030-02-22 21:00:00,0.0,0.0,3300.0,3348.960949988582,4800.0,0.0
2030-02-22 22:00:00,0.0,0.0,3300.0,3348.960949988582,4800.0,0.0
2030-02-22 23:00:00,0.0,0.0,3300.0,3348.960949988582,4800.0,0.0
2030-02-23 00:00:00,0.0,0.0,3300.0,3348.960949988582,4800.0,0.0
2030-02-23 01:00:00,0.0,0.0,3300.0,3348.960949988582,4800.0,0.0
2030-02-23 02:00:00,0.0,0.0,3300.0,3348.960949988582,4800.0,0.0
2030-02-23 03:00:00,0.0,0.0,3300.0,3348.960949988582,4800.0,0.0
2030-02-23 04:00:00,0.0,0.0,3300.0,3348.960949988582,4800.0,0.0
2030-02-23 05:00:00,0.0,0.0,3300.0,3348.960949988582,4800.0,0.0
2030-02-23 06:00:00,0.0,0.0,3300.0,3348.960949988582,4800.0,0.0
2030-02-23 07:00:00,0.0,0.0,3300.0,3348.960949988582,4800.0,0.0
2030-02-23 08:00:00,0.0,0.0,3300.0,3348.960949988582,4800.0,0.0
2030-02-23 09:00:00,0.0,0.0,3300.0,3348.960949988582,4800.0,0.0
2030-02-23 10:00:00,0.0,0.0,3300.0,3348.960949988582,4800.0,0.0
2030-02-23 11:00:00,0.0,0.0,3300.0,3348.960949988582,4800.0,0.0
2030-02-23 12:00:00,0.0,0.0,3300.0,3348.960949988582,4800.0,0.0
2030-02-23 13:00:00,0.0,0.0,3300.0,3348.960949988582,4800.0,0.0
2030-02-23 14:00:00,0.0,0.0,3300.0,3348.960949988582,4800.0,0.0
2030-02-23 15:00:00,0.0,0.0,3300.0,3348.960949988582,4800.0,0.0
2030-02-23 16:00:00,0.0,0.0,3300.0,3348.960949988582,941.3654108456599,0.0
2030-02-23 17:00:00,0.0,0.0,3300.0,3348.960949988582,4800.0,2287.5064961629105
2030-02-23 18:00:00,0.0,0.0,3300.0,3348.960949988582,4800.0,0.0
2030-02-23 19:00:00,0.0,0.0,3300.0,3348.960949988582,4800.0,0.0
2030-02-23 20:00:00,0.0,0.0,3300.0,3348.960949988582,4800.0,0.0
2030-02-23 21:00:00,0.0,0.0,3300.0,3348.960949988582,4800.0,0.0
2030-02-23 22:00:00,0.0,0.0,3300.0,3348.960949988582,4800.0,0.0
2030-02-23 23:00:00,0.0,0.0,3300.0,3348.960949988582,4800.0,0.0
2030-02-24 00:00:00,0.0,0.0,3300.0,3348.960949988582,4800.0,0.0
2030-02-24 01:00:00,0.0,0.0,3300.0,3348.960949988582,4800.0,0.0
2030-02-24 02:00:00,0.0,0.0,3300.0,3348.960949988582,4800.0,0.0
2030-02-24 03:00:00,0.0,0.0,3300.0,3348.960949988582,4800.0,0.0
2030-02-24 04:00:00,0.0,0.0,3300.0,3348.960949988582,4800.0,0.0
2030-02-24 05:00:00,0.0,0.0,3300.0,3348.960949988582,4800.0,0.0
2030-02-24 06:00:00,0.0,0.0,3300.0,3348.960949988582,4800.0,0.0
2030-02-24 07:00:00,0.0,0.0,3300.0,3348.960949988582,4800.0,0.0
2030-02-24 08:00:00,0.0,0.0,3300.0,3348.960949988582,4800.0,0.0
2030-02-24 09:00:00,0.0,0.0,3300.0,3348.960949988582,4800.0,0.0
2030-02-24 10:00:00,0.0,0.0,3300.0,3348.960949988582,4800.0,0.0
2030-02-24 11:00:00,0.0,0.0,3300.0,3348.960949988582,4800.0,0.0
2030-02-24 12:00:00,0.0,0.0,3300.0,3348.960949988582,4800.0,0.0
2030-02-24 13:00:00,0.0,0.0,3300.0,3348.960949988582,4800.0,0.0
2030-02-24 14:00:00,0.0,0.0,3300.0,3348.960949988582,4800.0,0.0
2030-02-24 15:00:00,0.0,0.0,3300.0,3348.960949988582,4800.0,0.0
2030-02-24 16:00:00,0.0,0.0,3300.0,3348.960949988582,4800.0,0.0
2030-02-24 17:00:00,0.0,0.0,3300.0,3348.960949988582,4800.0,0.0
2030-02-24 18:00:00,0.0,0.0,3300.0,3348.960949988582,4800.0,0.0
2030-02-24 19:00:00,0.0,0.0,3300.0,3348.960949988582,4800.0,0.0
2030-02-24 20:00:00,0.0,0.0,3300.0,3348.960949988582,4800.0,0.0
2030-02-24 21:00:00,0.0,0.0,3300.0,3348.960949988582,4800.0,0.0
2030-02-24 22:00:00,0.0,0.0,3300.0,3348.960949988582,4800.0,0.0
2030-02-24 23:00:00,0.0,0.0,3300.0,3348.960949988582,4800.0,0.0
2030-02-25 00:00:00,0.0,0.0,3300.0,3348.960949988582,4800.0,0.0
2030-02-25 01:00:00,0.0,0.0,3300.0,3348.960949988582,4800.0,0.0
2030-02-25 02:00:00,0.0,0.0,3300.0,3348.960949988582,4800.0,0.0
2030-02-25 03:00:00,0.0,0.0,3300.0,3348.960949988582,4800.0,0.0
2030-02-25 04:00:00,0.0,0.0,3300.0,3348.960949988582,4800.0,0.0
2030-02-25 05:00:00,0.0,0.0,3300.0,3348.960949988582,4800.0,0.0
2030-02-25 06:00:00,0.0,0.0,3300.0,3348.960949988582,4800.0,0.0
2030-02-25 07:00:00,0.0,0.0,3300.0,3348.960949988582,4800.0,0.0
2030-02-25 08:00:00,0.0,0.0,3300.0,3348.960949988582,4800.0,0.0
2030-02-25 09:00:00,0.0,0.0,3300.0,3348.960949988582,4800.0,0.0
2030-02-25 10:00:00,0.0,0.0,3300.0,3348.960949988582,4800.0,0.0
2030-02-25 11:00:00,0.0,0.0,3300.0,3348.960949988582,4800.0,0.0
2030-02-25 12:00:00,0.0,0.0,3300.0,3348.960949988582,4800.0,0.0
2030-02-25 13:00:00,0.0,0.0,3300.0,3348.960949988582,4800.0,0.0
2030-02-25 14:00:00,0.0,0.0,3300.0,3348.960949988582,4800.0,0.0
2030-02-25 15:00:00,0.0,0.0,3300.0,3348.960949988582,4800.0,0.0
2030-02-25 16:00:00,0.0,0.0,3300.0,3348.960949988582,4800.0,0.0
2030-02-25 17:00:00,0.0,0.0,3300.0,3348.960949988582,4800.0,0.0
2030-02-25 18:00:00,0.0,0.0,3300.0,3348.960949988582,4800.0,0.0
2030-02-25 19:00:00,0.0,0.0,3300.0,3348.960949988582,4800.0,0.0
2030-02-25 20:00:00,0.0,0.0,3300.0,3348.960949988582,4800.0,0.0
2030-02-25 21:00:00,0.0,0.0,3300.0,3348.960949988582,4800.0,0.0
2030-02-25 22:00:00,0.0,0.0,3300.0,3348.960949988582,4800.0,3523.0891160072424
2030-02-25 23:00:00,0.0,0.0,3300.0,3348.960949988582,4800.0,3858.7797411064166
2030-02-26 00:00:00,0.0,0.0,3300.0,3348.960949988582,0.0,3621.706191937388
2030-02-26 01:00:00,0.0,0.0,3300.0,3348.960949988582,0.0,4800.0
2030-02-26 02:00:00,0.0,0.0,3300.0,3348.960949988582,0.0,4800.0
2030-02-26 03:00:00,0.0,0.0,3300.0,3348.960949988582,0.0,4800.0
2030-02-26 04:00:00,0.0,0.0,3300.0,3348.960949988582,0.0,4800.0
2030-02-26 05:00:00,0.0,0.0,3300.0,3348.960949988582,0.0,4800.0
2030-02-26 06:00:00,3514.882620170174,0.0,0.0,3348.960949988582,0.0,4800.0
2030-02-26 07:00:00,4303.585293445993,0.0,0.0,3348.960949988582,0.0,4800.0
2030-02-26 08:00:00,1019.9925703800072,0.0,3300.0,3348.960949988582,0.0,4800.0
2030-02-26 09:00:00,1671.127184906895,0.0,3300.0,3348.960949988582,0.0,4800.0
2030-02-26 10:00:00,3761.7589746489593,0.0,3300.0,3348.960949988582,0.0,4800.0
2030-02-26 11:00:00,1058.1773783007702,0.0,0.0,3348.960949988582,0.0,4800.0
2030-02-26 12:00:00,0.0,0.0,3300.0,3348.960949988582,0.0,4800.0
2030-02-26 13:00:00,0.0,0.0,3300.0,3348.960949988582,0.0,4800.0
2030-02-26 14:00:00,0.0,0.0,3300.0,3348.960949988582,0.0,4800.0
2030-02-26 15:00:00,4303.585293445993,0.0,1910.7819511912494,3348.960949988582,0.0,4800.0
2030-02-26 16:00:00,4303.585293445993,0.0,0.0,3348.960949988582,0.0,4800.0
2030-02-26 17:00:00,4303.585293445993,0.0,0.0,3348.960949988582,0.0,4800.0
2030-02-26 18:00:00,4303.585293445993,0.0,0.0,3348.960949988582,0.0,4800.0
2030-02-26 19:00:00,4303.585293445993,0.0,0.0,3348.960949988582,0.0,4800.0
2030-02-26 20:00:00,4303.585293445993,0.0,0.0,3348.960949988582,0.0,4800.0
2030-02-26 21:00:00,4303.585293445993,183.12841782037867,0.0,3348.960949988582,0.0,4800.0
2030-02-26 22:00:00,0.0,0.0,2779.9169036057065,639.6058703494382,0.0,4800.0
2030-02-26 23:00:00,0.0,0.0,1843.4951291767502,3348.960949988582,0.0,4800.0
2030-02-27 00:00:00,0.0,0.0,1849.7545330476205,3348.960949988582,0.0,4800.0
2030-02-27 01:00:00,808.0513522661058,0.0,3300.0,3348.960949988582,0.0,4800.0
2030-02-27 02:00:00,0.0,1349.8515642840832,2224.336092422047,3241.982473726028,0.0,4800.0
2030-02-27 03:00:00,0.0,0.0,448.4898275688902,3348.960949988582,0.0,4800.0
2030-02-27 04:00:00,4303.585293445993,0.0,1111.8882040607568,3348.960949988582,0.0,4800.0
2030-02-27 05:00:00,4303.585293445993,0.0,0.0,3348.960949988582,0.0,4800.0
2030-02-27 06:00:00,4303.585293445993,0.0,0.0,3348.960949988582,0.0,4800.0
2030-02-27 07:00:00,4303.585293445993,0.0,0.0,3348.960949988582,0.0,4800.0
2030-02-27 08:00:00,0.0,1349.8515642840832,1129.2031182849578,3348.960949988582,0.0,4800.0
2030-02-27 09:00:00,4303.585293445993,0.0,1775.6908383351933,3348.960949988582,0.0,4800.0
2030-02-27 10:00:00,4303.585293445993,0.0,0.0,3348.960949988582,0.0,4800.0
2030-02-27 11:00:00,4303.585293445993,0.0,0.0,3348.960949988582,0.0,4800.0
2030-02-27 12:00:00,3872.628658813437,0.0,0.0,3348.960949988582,0.0,4800.0
2030-02-27 13:00:00,4303.585293445993,0.0,282.7022547980066,3348.960949988582,0.0,4800.0
2030-02-27 14:00:00,4303.585293445993,0.0,1141.4549330323425,3348.960949988582,0.0,4800.0
2030-02-27 15:00:00,4303.585293445993,0.0,556.414108579253,3348.960949988582,0.0,4800.0
2030-02-27 16:00:00,230.56386869511857,0.0,0.0,3348.960949988582,0.0,4800.0
2030-02-27 17:00:00,0.0,0.0,160.45834911624505,3348.960949988582,0.0,4800.0
2030-02-27 18:00:00,0.0,0.0,3300.0,2392.6556802971872,962.2315980714384,0.0
2030-02-27 19:00:00,2827.830240266016,0.0,3300.0,3348.960949988582,0.0,4800.0
2030-02-27 20:00:00,0.0,0.0,2566.4203056628367,3348.960949988582,0.0,4800.0
2030-02-27 21:00:00,0.0,0.0,3300.0,754.8313521423146,0.0,2914.472442206752
2030-02-27 22:00:00,0.0,78.69636440242084,0.0,3348.960949988582,1887.5692966966176,0.0
2030-02-27 23:00:00,1162.3770508574244,0.0,3300.0,3348.960949988582,2591.4040762222876,0.0
2030-02-28 00:00:00,0.0,1349.8515642840832,3300.0,3348.960949988582,4800.0,0.0
2030-02-28 01:00:00,0.0,0.0,3300.0,3348.960949988582,4800.0,0.0
2030-02-28 02:00:00,0.0,0.0,3300.0,3348.960949988582,4800.0,0.0
2030-02-28 03:00:00,0.0,0.0,3300.0,3348.960949988582,4800.0,0.0
2030-02-28 04:00:00,0.0,0.0,3300.0,3348.960949988582,4800.0,4097.933162152425
2030-02-28 05:00:00,0.0,0.0,3300.0,3348.960949988582,2874.97904794442,0.0
2030-02-28 06:00:00,0.0,0.0,3300.0,1798.8780892142486,4800.0,0.0
2030-02-28 07:00:00,0.0,0.0,3300.0,2044.1300517049035,4800.0,0.0
2030-02-28 08:00:00,0.0,0.0,3300.0,3348.960949988582,4800.0,1686.9364460478319
2030-02-28 09:00:00,0.0,0.0,3300.0,3348.960949988582,4800.0,3090.9902987275527
2030-02-28 10:00:00,0.0,0.0,3300.0,3348.960949988582,0.0,4800.0
2030-02-28 11:00:00,0.0,0.0,3300.0,3348.960949988582,0.0,4800.0
2030-02-28 12:00:00,0.0,0.0,3300.0,3348.960949988582,0.0,1658.0309863226694
2030-02-28 13:00:00,0.0,0.0,3300.0,3348.960949988582,0.0,210.40754398926947
2030-02-28 14:00:00,0.0,0.0,3300.0,3348.960949988582,0.0,148.73581784750422
2030-02-28 15:00:00,0.0,0.0,3300.0,3348.960949988582,0.0,4518.074242221279
2030-02-28 16:00:00,0.0,0.0,3300.0,3348.960949988582,0.0,2520.1044252835927
2030-02-28 17:00:00,0.0,0.0,3300.0,3348.960949988582,4800.0,0.0
2030-02-28 18:00:00,0.0,0.0,3300.0,3348.960949988582,4800.0,0.0
2030-02-28 19:00:00,0.0,0.0,3300.0,3348.960949988582,4800.0,0.0
2030-02-28 20:00:00,0.0,0.0,3300.0,3348.960949988582,3759.4483507406394,0.0
2030-02-28 21:00:00,0.0,0.0,3300.0,3348.960949988582,4800.0,0.0
2030-02-28 22:00:00,0.0,0.0,3300.0,3348.960949988582,4800.0,0.0
2030-02-28 23:00:00,0.0,0.0,3300.0,3348.960949988582,4800.0,0.0
2030-03-01 00:00:00,0.0,0.0,3300.0,2176.594787344671,4800.0,0.0
2030-03-01 01:00:00,0.0,0.0,3300.0,2647.1491272096027,4800.0,0.0
2030-03-01 02:00:00,720.3393741580423,34.451666332366585,3300.0,3348.960949988582,4800.0,0.0
2030-03-01 03:00:00,161.2054595880147,0.0,3300.0,3348.960949988582,920.5908886718826,0.0
2030-03-01 04:00:00,0.0,0.0,1308.6400495518465,3348.960949988582,0.0,4800.0
2030-03-01 05:00:00,4303.585293445993,0.0,0.0,20.316955635370505,1207.235891224016,4800.0
2030-03-01 06:00:00,0.0,1349.8515642840832,0.0,0.0,0.0,4800.0
2030-03-01 07:00:00,3320.926784747485,1349.8515642840832,0.0,0.0,0.0,4800.0
2030-03-01 08:00:00,4303.585293445993,0.0,1337.4570053707494,830.4652662429944,0.0,4800.0
2030-03-01 09:00:00,2514.023765875839,0.0,0.0,3348.960949988582,0.0,4800.0
2030-03-01 10:00:00,4149.623828160919,0.0,0.0,3348.960949988582,0.0,4800.0
2030-03-01 11:00:00,4303.585293445993,0.0,0.0,3348.960949988582,0.0,4800.0
2030-03-01 12:00:00,4303.585293445993,0.0,0.0,3348.960949988582,0.0,4800.0
2030-03-01 13:00:00,4303.585293445993,0.0,0.0,3348.960949988582,0.0,4800.0
2030-03-01 14:00:00,4303.585293445993,0.0,0.0,3348.960949988582,0.0,4800.0
2030-03-01 15:00:00,4303.585293445993,0.0,0.0,3348.960949988582,0.0,4800.0
2030-03-01 16:00:00,749.1598446116022,0.0,0.0,3348.960949988582,0.0,4800.0
2030-03-01 17:00:00,3098.1963359598094,0.0,3300.0,0.0,0.0,4800.0
2030-03-01 18:00:00,0.0,1349.8515642840832,3300.0,728.4703077805043,0.0,4800.0
2030-03-01 19:00:00,0.0,0.0,1786.3052763892947,879.5010572171595,0.0,4800.0
2030-03-01 20:00:00,0.0,0.0,684.8070435293157,3348.960949988582,0.0,4768.355378011555
2030-03-01 21:00:00,0.0,0.0,859.406214292153,3348.960949988582,0.0,2798.2119075302544
2030-03-01 22:00:00,0.0,1349.8515642840832,1741.8660789025425,3348.960949988582,0.0,4800.0
2030-03-01 23:00:00,1039.7736988636993,0.0,3300.0,0.0,0.0,4800.0
2030-03-02 00:00:00,0.0,1349.8515642840832,1749.2663761712324,3348.960949988582,4800.0,4800.0
2030-03-02 01:00:00,4303.585293445993,55.79719983476525,3300.0,3348.960949988582,0.0,4800.0
2030-03-02 02:00:00,1547.9908982885008,1349.8515642840832,3300.0,3348.960949988582,0.0,4800.0
2030-03-02 03:00:00,3897.102910213269,0.0,3300.0,3348.960949988582,2941.2371805756047,4800.0
2030-03-02 04:00:00,4012.3010761329374,0.0,3300.0,3348.960949988582,0.0,4800.0
2030-03-02 05:00:00,0.0,0.0,3300.0,27.721208529910655,0.0,4800.0
2030-03-02 06:00:00,0.0,0.0,1207.0631556856274,3348.960949988582,0.0,4800.0
2030-03-02 07:00:00,1948.9543911199085,0.0,3300.0,0.0,0.0,4800.0
2030-03-02 08:00:00,0.0,158.61327123995693,0.0,0.0,0.0,3881.4735688610535
2030-03-02 09:00:00,3280.512186052072,0.0,0.0,3348.960949988582,0.0,4800.0
2030-03-02 10:00:00,4303.585293445993,0.0,0.0,3348.960949988582,0.0,4800.0
2030-03-02 11:00:00,4303.585293445993,0.0,0.0,3348.960949988582,0.0,4800.0
2030-03-02 12:00:00,4303.585293445993,0.0,1302.231369778494,3348.960949988582,0.0,4800.0
2030-03-02 13:00:00,4188.860071889023,0.0,3300.0,3348.960949988582,0.0,4800.0
2030-03-02 14:00:00,2754.5821088424673,0.0,0.0,3348.960949988582,0.0,4800.0
2030-03-02 15:00:00,4303.585293445993,0.0,1054.908392270942,3348.960949988582,0.0,4800.0
2030-03-02 16:00:00,4303.585293445993,0.0,0.0,3348.960949988582,0.0,4800.0
2030-03-02 17:00:00,0.0,1349.8515642840832,1679.2118039756308,3348.960949988582,0.0,4800.0
2030-03-02 18:00:00,2395.5496345886804,0.0,3300.0,3348.960949988582,0.0,4800.0
2030-03-02 19:00:00,1420.6076438710988,1349.8515642840832,0.0,3348.960949988582,0.0,4800.0
2030-03-02 20:00:00,0.0,0.0,534.3443752662802,3348.960949988582,0.0,4800.0
2030-03-02 21:00:00,0.0,0.0,3300.0,360.3219781516286,0.0,4800.0
2030-03-02 22:00:00,0.0,1349.8515642840832,1632.563480453674,3348.960949988582,2199.8121375586416,4800.0
2030-03-02 23:00:00,3039.5822154311068,0.0,3300.0,3348.960949988582,0.0,4800.0
2030-03-03 00:00:00,1092.1552507746853,1349.8515642840832,3300.0,3348.960949988582,0.0,4800.0
2030-03-03 01:00:00,0.0,0.0,0.0,3348.960949988582,0.0,4800.0
2030-03-03 02:00:00,3489.3990197251674,0.0,3300.0,3348.960949988582,0.0,4800.0
2030-03-03 03:00:00,2955.546042964017,0.0,3300.0,3348.960949988582,0.0,4800.0
2030-03-03 04:00:00,0.0,0.0,222.30649418514895,3348.960949988582,0.0,4800.0
2030-03-03 05:00:00,4303.585293445993,0.0,2379.112338978238,3348.960949988582,0.0,4800.0
2030-03-03 06:00:00,1510.0304889642157,0.0,0.0,3348.960949988582,0.0,4800.0
2030-03-03 07:00:00,2046.4548326123772,0.0,0.0,3348.960949988582,0.0,4800.0
2030-03-03 08:00:00,4303.585293445993,0.0,0.0,3348.960949988582,0.0,4800.0
2030-03-03 09:00:00,4303.585293445993,0.0,0.0,3348.960949988582,0.0,4800.0
2030-03-03 10:00:00,4303.585293445993,0.0,0.0,3348.960949988582,0.0,4800.0
2030-03-03 11:00:00,4303.585293445993,0.0,0.0,3348.960949988582,0.0,4800.0
2030-03-03 12:00:00,4303.585293445993,0.0,0.0,3348.960949988582,0.0,4800.0
2030-03-03 13:00:00,4303.585293445993,0.0,0.0,3348.960949988582,0.0,4800.0
2030-03-03 14:00:00,4303.585293445993,0.0,0.0,3348.960949988582,0.0,4800.0
2030-03-03 15:00:00,3752.4192875900517,0.0,0.0,3348.960949988582,0.0,4800.0
2030-03-03 16:00:00,1189.6940294633507,0.0,0.0,3348.960949988582,0.0,4800.0
2030-03-03 17:00:00,2827.8392006842405,0.0,0.0,3348.960949988582,0.0,4800.0
2030-03-03 18:00:00,4303.585293445993,0.0,78.88804779324528,3348.960949988582,0.0,4800.0
2030-03-03 19:00:00,0.0,0.0,0.0,3348.960949988582,0.0,4800.0
2030-03-03 20:00:00,3323.6865521862305,0.0,3300.0,3348.960949988582,0.0,4800.0
2030-03-03 21:00:00,2897.5062285316417,0.0,0.0,3348.960949988582,0.0,4800.0
2030-03-03 22:00:00,4197.206680244755,0.0,3300.0,3348.960949988582,0.0,4800.0
2030-03-03 23:00:00,2291.2378544934672,0.0,3300.0,3348.960949988582,0.0,4800.0
2030-03-04 00:00:00,0.0,0.0,1952.9355859384764,3348.960949988582,0.0,4800.0
2030-03-04 01:00:00,990.4065455337623,0.0,3300.0,3348.960949988582,0.0,4800.0
2030-03-04 02:00:00,1291.4524703462457,0.0,3300.0,3348.960949988582,0.0,4800.0
2030-03-04 03:00:00,1057.4744535346206,0.0,3300.0,3348.960949988582,0.0,4800.0
2030-03-04 04:00:00,0.0,0.0,2385.169185997422,3348.960949988582,0.0,4800.0
2030-03-04 05:00:00,1321.5727712150506,0.0,3300.0,3348.960949988582,0.0,4800.0
2030-03-04 06:00:00,1946.625774988703,0.0,3300.0,3348.960949988582,0.0,4800.0
2030-03-04 07:00:00,1712.784746631689,0.0,3300.0,3348.960949988582,0.0,4800.0
2030-03-04 08:00:00,0.0,0.0,3300.0,3348.960949988582,0.0,4800.0
2030-03-04 09:00:00,0.0,0.0,3300.0,3348.960949988582,0.0,4800.0
2030-03-04 10:00:00,0.0,0.0,3300.0,3348.960949988582,4800.0,369.5943046205539
2030-03-04 11:00:00,0.0,0.0,3300.0,3348.960949988582,4800.0,0.0
2030-03-04 12:00:00,0.0,0.0,3300.0,3348.960949988582,4800.0,0.0
2030-03-04 13:00:00,0.0,0.0,3300.0,3348.960949988582,4800.0,0.0
2030-03-04 14:00:00,0.0,0.0,3300.0,3348.960949988582,902.0868468251319,0.0
2030-03-04 15:00:00,0.0,0.0,3300.0,3348.960949988582,0.0,4800.0
2030-03-04 16:00:00,3780.0742934823943,0.0,3300.0,3348.960949988582,0.0,4800.0
2030-03-04 17:00:00,3600.7414886820734,0.0,0.0,3348.960949988582,0.0,4800.0
2030-03-04 18:00:00,1723.3780687029466,0.0,0.0,3348.960949988582,0.0,4800.0
2030-03-04 19:00:00,0.0,0.0,1067.229692025252,3348.960949988582,0.0,4800.0
2030-03-04 20:00:00,1611.8690580528528,0.0,3300.0,3348.960949988582,0.0,4800.0
2030-03-04 21:00:00,2067.7586569007144,0.0,3300.0,3348.960949988582,0.0,4800.0
2030-03-04 22:00:00,2976.122077380147,0.0,3300.0,3348.960949988582,0.0,4800.0
2030-03-04 23:00:00,2129.415477077855,0.0,3300.0,3348.960949988582,0.0,4800.0
2030-03-05 00:00:00,4282.101493205835,0.0,0.0,3348.960949988582,0.0,4800.0
2030-03-05 01:00:00,4303.585293445993,0.0,0.0,3348.960949988582,0.0,4800.0
2030-03-05 02:00:00,4303.585293445993,0.0,0.0,3348.960949988582,0.0,4800.0
2030-03-05 03:00:00,2030.91659380092,0.0,0.0,3348.960949988582,0.0,4800.0
2030-03-05 04:00:00,4303.585293445993,0.0,3300.0,3348.960949988582,0.0,4800.0
2030-03-05 05:00:00,0.0,0.0,1400.8494089828419,3348.960949988582,0.0,4800.0
2030-03-05 06:00:00,2344.2667045639037,0.0,3300.0,3348.960949988582,0.0,4800.0
2030-03-05 07:00:00,4064.2849402864636,0.0,3300.0,3348.960949988582,0.0,4024.5660289449515
2030-03-05 08:00:00,2737.7571625881096,0.0,3300.0,3348.960949988582,0.0,4800.0
2030-03-05 09:00:00,456.3792716443652,0.0,0.0,3348.960949988582,0.0,4800.0
2030-03-05 10:00:00,4303.585293445993,0.0,2382.414786384593,3348.960949988582,0.0,4800.0
2030-03-05 11:00:00,4303.585293445993,0.0,0.0,3348.960949988582,0.0,4800.0
2030-03-05 12:00:00,4303.585293445993,0.0,2400.208033463835,3348.960949988582,0.0,4800.0
2030-03-05 13:00:00,4303.585293445993,0.0,0.0,3348.960949988582,0.0,4800.0
2030-03-05 14:00:00,4303.585293445993,0.0,3060.081071961823,3348.960949988582,0.0,4800.0
2030-03-05 15:00:00,0.0,0.0,91.72393638642598,3348.960949988582,0.0,4800.0
2030-03-05 16:00:00,2124.900932932086,0.0,3300.0,3348.960949988582,0.0,4800.0
2030-03-05 17:00:00,1461.531361933533,0.0,3300.0,3348.960949988582,0.0,4800.0
2030-03-05 18:00:00,624.3980752438831,0.0,3300.0,3348.960949988582,0.0,4800.0
2030-03-05 19:00:00,3121.267932003389,0.0,3300.0,3348.960949988582,0.0,4800.0
2030-03-05 20:00:00,0.0,0.0,2805.906459858019,3348.960949988582,0.0,4800.0
2030-03-05 21:00:00,0.0,0.0,3300.0,3348.960949988582,0.0,4800.0
2030-03-05 22:00:00,0.0,0.0,3300.0,3348.960949988582,0.0,4800.0
2030-03-05 23:00:00,0.0,0.0,3300.0,3348.960949988582,0.0,4800.0
2030-03-06 00:00:00,0.0,0.0,3300.0,3348.960949988582,0.0,4800.0
2030-03-06 01:00:00,0.0,0.0,3300.0,3348.960949988582,0.0,4800.0
2030-03-06 02:00:00,0.0,0.0,3300.0,3348.960949988582,0.0,4800.0
2030-03-06 03:00:00,0.0,0.0,3300.0,3348.960949988582,0.0,4800.0
2030-03-06 04:00:00,0.0,0.0,3300.0,3348.960949988582,0.0,4800.0
2030-03-06 05:00:00,0.0,0.0,3300.0,3348.960949988582,0.0,4800.0
2030-03-06 06:00:00,0.0,0.0,3300.0,3348.960949988582,0.0,4800.0
2030-03-06 07:00:00,0.0,0.0,3300.0,3348.960949988582,0.0,4800.0
2030-03-06 08:00:00,0.0,0.0,3300.0,3348.960949988582,0.0,905.7628353529435
2030-03-06 09:00:00,0.0,0.0,3300.0,3348.960949988582,4800.0,0.0
2030-03-06 10:00:00,0.0,0.0,3300.0,3348.960949988582,4800.0,0.0
2030-03-06 11:00:00,0.0,0.0,3300.0,3348.960949988582,4800.0,0.0
2030-03-06 12:00:00,0.0,0.0,3300.0,3348.960949988582,4800.0,0.0
2030-03-06 13:00:00,0.0,0.0,3300.0,3348.960949988582,4800.0,0.0
2030-03-06 14:00:00,0.0,0.0,3300.0,3348.960949988582,4800.0,3808.2244321705293
2030-03-06 15:00:00,0.0,0.0,3300.0,3348.960949988582,0.0,4800.0
2030-03-06 16:00:00,852.0740784243367,0.0,0.0,3348.960949988582,0.0,4800.0
2030-03-06 17:00:00,4303.585293445993,0.0,0.0,3348.960949988582,0.0,4800.0
2030-03-06 18:00:00,0.0,0.0,1120.5635318313489,3348.960949988582,0.0,4800.0
2030-03-06 19:00:00,1221.4955601351269,0.0,3300.0,3348.960949988582,0.0,4800.0
2030-03-06 20:00:00,0.0,0.0,2647.639508551293,3348.960949988582,0.0,4800.0
2030-03-06 21:00:00,0.0,0.0,0.0,3348.960949988582,0.0,4800.0
2030-03-06 22:00:00,1038.9802702163743,0.0,3300.0,3348.960949988582,0.0,4800.0
2030-03-06 23:00:00,0.0,0.0,357.4495188788751,3348.960949988582,0.0,4800.0
2030-03-07 00:00:00,226.06891464481646,0.0,0.0,3348.960949988582,0.0,4800.0
2030-03-07 01:00:00,506.7523529554355,0.0,3300.0,3348.960949988582,0.0,4800.0
2030-03-07 02:00:00,0.0,0.0,2858.746968059304,3348.960949988582,0.0,4800.0
2030-03-07 03:00:00,76.13179178835617,0.0,3300.0,3348.960949988582,0.0,4800.0
2030-03-07 04:00:00,0.0,0.0,3300.0,3348.960949988582,0.0,4800.0
2030-03-07 05:00:00,2035.8735203737658,0.0,3300.0,3348.960949988582,0.0,4800.0
2030-03-07 06:00:00,2510.08773705185,0.0,0.0,3348.960949988582,0.0,4800.0
2030-03-07 07:00:00,2885.9601658743222,1349.8515642840832,3300.0,3348.960949988582,1115.0088628207013,4800.0
2030-03-07 08:00:00,3863.9246512975715,0.0,3300.0,3348.960949988582,0.0,4800.0
2030-03-07 09:00:00,1187.9020885463,0.0,0.0,3348.960949988582,0.0,4800.0
2030-03-07 10:00:00,0.0,0.0,3300.0,3348.960949988582,0.0,4800.0
2030-03-07 11:00:00,0.0,0.0,3300.0,3348.960949988582,0.0,4800.0
2030-03-07 12:00:00,0.0,0.0,3300.0,3348.960949988582,0.0,4800.0
2030-03-07 13:00:00,0.0,0.0,3300.0,3348.960949988582,0.0,4800.0
2030-03-07 14:00:00,2941.7316092095452,0.0,0.0,3348.960949988582,0.0,4800.0
2030-03-07 15:00:00,4303.585293445993,0.0,0.0,3348.960949988582,0.0,4800.0
2030-03-07 16:00:00,4303.585293445993,0.0,0.0,3348.960949988582,0.0,4800.0
2030-03-07 17:00:00,4303.585293445993,0.0,1431.2253921463998,768.0513111941546,0.0,4800.0
2030-03-07 18:00:00,0.0,1349.8515642840832,1394.6990999542904,3348.960949988582,0.0,4800.0
2030-03-07 19:00:00,0.0,0.0,1774.9237421729003,3348.960949988582,0.0,4800.0
2030-03-07 20:00:00,0.0,0.0,387.2385832651032,3348.960949988582,0.0,4800.0
2030-03-07 21:00:00,2143.5467595904834,0.0,3300.0,1912.4918298258563,0.0,4800.0
2030-03-07 22:00:00,4303.585293445993,0.0,3300.0,3027.070764891767,0.0,4800.0
2030-03-07 23:00:00,928.6845388533739,0.0,3300.0,752.0173917228458,0.0,4800.0
2030-03-08 00:00:00,72.5830571553879,0.0,3300.0,0.0,0.0,4800.0
2030-03-08 01:00:00,0.0,1349.8515642840832,2135.139281399278,3348.960949988582,1154.271337436774,4800.0
2030-03-08 02:00:00,209.9565706035064,0.0,3300.0,3348.960949988582,0.0,4800.0
2030-03-08 03:00:00,0.0,0.0,1719.146896418365,3348.960949988582,0.0,4800.0
2030-03-08 04:00:00,4191.13247484095,0.0,3300.0,3348.960949988582,0.0,4800.0
2030-03-08 05:00:00,2186.19178096775,0.0,3300.0,3348.960949988582,0.0,4800.0
2030-03-08 06:00:00,0.0,0.0,3300.0,948.2964055269921,0.0,4800.0
2030-03-08 07:00:00,4303.585293445993,0.0,3300.0,3348.960949988582,2542.0824655973156,4800.0
2030-03-08 08:00:00,0.0,0.0,3300.0,3348.960949988582,0.0,4800.0
2030-03-08 09:00:00,0.0,0.0,3300.0,3348.960949988582,4800.0,4319.919299245583
2030-03-08 10:00:00,0.0,0.0,3300.0,3348.960949988582,4800.0,0.0
2030-03-08 11:00:00,0.0,0.0,3300.0,3348.960949988582,4800.0,0.0
2030-03-08 12:00:00,0.0,0.0,3300.0,3348.960949988582,4800.0,0.0
2030-03-08 13:00:00,0.0,0.0,3300.0,3348.960949988582,4800.0,0.0
2030-03-08 14:00:00,0.0,0.0,3300.0,3348.960949988582,4800.0,0.0
2030-03-08 15:00:00,0.0,0.0,3300.0,3348.960949988582,1811.8982584520272,4800.0
2030-03-08 16:00:00,0.0,0.0,3300.0,3348.960949988582,0.0,4800.0
2030-03-08 17:00:00,0.0,0.0,3300.0,3348.960949988582,0.0,4800.0
2030-03-08 18:00:00,0.0,0.0,3300.0,3348.960949988582,0.0,4800.0
2030-03-08 19:00:00,0.0,0.0,3300.0,3348.960949988582,0.0,4800.0
2030-03-08 20:00:00,0.0,0.0,3300.0,3348.960949988582,0.0,4800.0
2030-03-08 21:00:00,0.0,0.0,3300.0,3348.960949988582,0.0,4800.0
2030-03-08 22:00:00,0.0,0.0,3300.0,3348.960949988582,0.0,4800.0
2030-03-08 23:00:00,0.0,0.0,3300.0,3348.960949988582,0.0,4800.0
2030-03-09 00:00:00,0.0,0.0,3300.0,3348.960949988582,0.0,4800.0
2030-03-09 01:00:00,0.0,0.0,3300.0,3348.960949988582,0.0,4800.0
2030-03-09 02:00:00,0.0,0.0,3300.0,3348.960949988582,0.0,4800.0
2030-03-09 03:00:00,0.0,0.0,3300.0,3348.960949988582,0.0,4800.0
2030-03-09 04:00:00,0.0,0.0,3300.0,3348.960949988582,0.0,4800.0
2030-03-09 05:00:00,0.0,0.0,3300.0,3348.960949988582,0.0,4800.0
2030-03-09 06:00:00,0.0,0.0,3300.0,3348.960949988582,0.0,4800.0
2030-03-09 07:00:00,0.0,0.0,3300.0,3348.960949988582,0.0,4800.0
2030-03-09 08:00:00,0.0,0.0,3300.0,3348.960949988582,0.0,4800.0
2030-03-09 09:00:00,0.0,0.0,3300.0,3348.960949988582,4800.0,0.0
2030-03-09 10:00:00,0.0,0.0,3300.0,3348.960949988582,2676.0501271694825,4800.0
2030-03-09 11:00:00,0.0,0.0,3300.0,3348.960949988582,4800.0,0.0
2030-03-09 12:00:00,0.0,0.0,3300.0,3348.960949988582,4800.0,0.0
2030-03-09 13:00:00,0.0,0.0,3300.0,3348.960949988582,4800.0,0.0
2030-03-09 14:00:00,0.0,0.0,3300.0,3348.960949988582,4800.0,0.0
2030-03-09 15:00:00,0.0,0.0,3300.0,3348.960949988582,0.0,4691.908296266294
2030-03-09 16:00:00,0.0,0.0,3300.0,3348.960949988582,0.0,4800.0
2030-03-09 17:00:00,4303.585293445993,0.0,0.0,3348.960949988582,0.0,4800.0
2030-03-09 18:00:00,4303.585293445993,0.0,0.0,3348.960949988582,0.0,4800.0
2030-03-09 19:00:00,4303.585293445993,0.0,0.0,3348.960949988582,0.0,4800.0
2030-03-09 20:00:00,4303.585293445993,0.0,0.0,3348.960949988582,0.0,4800.0
2030-03-09 21:00:00,4303.585293445993,0.0,0.0,3348.960949988582,0.0,4800.0
2030-03-09 22:00:00,4303.585293445993,0.0,0.0,3348.960949988582,0.0,4800.0
2030-03-09 23:00:00,4303.585293445993,0.0,0.0,3348.960949988582,0.0,4800.0
2030-03-10 00:00:00,3591.780721350038,0.0,0.0,3348.960949988582,0.0,4800.0
2030-03-10 01:00:00,1113.093449206106,0.0,0.0,3348.960949988582,0.0,4800.0
2030-03-10 02:00:00,4303.585293445993,0.0,0.0,3348.960949988582,0.0,4800.0
2030-03-10 03:00:00,4303.585293445993,0.0,66.09418349846965,3348.960949988582,0.0,4800.0
2030-03-10 04:00:00,1439.4374457641284,0.0,0.0,3348.960949988582,0.0,4800.0
2030-03-10 05:00:00,3027.8691675265436,0.0,3300.0,3348.960949988582,0.0,4800.0
2030-03-10 06:00:00,963.1955934788924,0.0,3300.0,3348.960949988582,0.0,4800.0
2030-03-10 07:00:00,2033.0718042518047,0.0,3300.0,3348.960949988582,0.0,4800.0
2030-03-10 08:00:00,0.0,0.0,3300.0,3348.960949988582,0.0,1305.413068384365
2030-03-10 09:00:00,0.0,0.0,3300.0,3348.960949988582,4800.0,0.0
2030-03-10 10:00:00,0.0,0.0,3300.0,3348.960949988582,4800.0,0.0
2030-03-10 11:00:00,0.0,0.0,3300.0,3348.960949988582,4800.0,0.0
2030-03-10 12:00:00,0.0,0.0,3300.0,3348.960949988582,4800.0,0.0
2030-03-10 13:00:00,0.0,0.0,3300.0,3348.960949988582,4800.0,0.0
2030-03-10 14:00:00,0.0,0.0,3300.0,3348.960949988582,4800.0,0.0
2030-03-10 15:00:00,0.0,0.0,3300.0,3348.960949988582,4800.0,0.0
2030-03-10 16:00:00,0.0,0.0,551.0714153129484,3348.960949988582,0.0,4800.0
2030-03-10 17:00:00,417.06914090403984,0.0,3300.0,3348.960949988582,0.0,4800.0
2030-03-10 18:00:00,0.0,0.0,3300.0,3348.960949988582,0.0,4800.0
2030-03-10 19:00:00,0.0,0.0,3300.0,3348.960949988582,0.0,4800.0
2030-03-10 20:00:00,0.0,0.0,3300.0,3348.960949988582,0.0,4800.0
2030-03-10 21:00:00,0.0,0.0,3300.0,3348.960949988582,0.0,4800.0
2030-03-10 22:00:00,0.0,0.0,3300.0,3348.960949988582,4800.0,2048.757378213544
2030-03-10 23:00:00,0.0,0.0,3300.0,3348.960949988582,4800.0,0.0
2030-03-11 00:00:00,0.0,0.0,3300.0,3348.960949988582,4800.0,0.0
2030-03-11 01:00:00,0.0,0.0,3300.0,3348.960949988582,4800.0,0.0
2030-03-11 02:00:00,0.0,0.0,3300.0,3348.960949988582,4800.0,0.0
2030-03-11 03:00:00,0.0,0.0,3300.0,3348.960949988582,4800.0,0.0
2030-03-11 04:00:00,0.0,0.0,3300.0,3348.960949988582,4800.0,0.0
2030-03-11 05:00:00,0.0,0.0,3300.0,3348.960949988582,4800.0,0.0
2030-03-11 06:00:00,0.0,0.0,3300.0,3348.960949988582,4800.0,0.0
2030-03-11 07:00:00,0.0,0.0,3300.0,3348.960949988582,4800.0,0.0
2030-03-11 08:00:00,0.0,0.0,3300.0,3348.960949988582,4800.0,0.0
2030-03-11 09:00:00,0.0,0.0,3300.0,3348.960949988582,4800.0,0.0
2030-03-11 10:00:00,0.0,0.0,3300.0,3348.960949988582,4800.0,0.0
2030-03-11 11:00:00,0.0,0.0,3300.0,3348.960949988582,4800.0,0.0
2030-03-11 12:00:00,0.0,0.0,3300.0,3348.960949988582,4800.0,0.0
2030-03-11 13:00:00,0.0,0.0,3300.0,3348.960949988582,4800.0,0.0
2030-03-11 14:00:00,0.0,0.0,3300.0,3348.960949988582,4800.0,0.0
2030-03-11 15:00:00,0.0,0.0,3300.0,3348.960949988582,4800.0,0.0
2030-03-11 16:00:00,0.0,0.0,3300.0,3348.960949988582,761.7839816412306,0.0
2030-03-11 17:00:00,0.0,0.0,3300.0,3348.960949988582,0.0,4800.0
2030-03-11 18:00:00,0.0,0.0,3300.0,3348.960949988582,1970.1455048576909,4800.0
2030-03-11 19:00:00,0.0,0.0,3300.0,3348.960949988582,3511.668794937599,4800.0
2030-03-11 20:00:00,0.0,0.0,3300.0,3348.960949988582,2480.5140990482687,0.0
2030-03-11 21:00:00,0.0,0.0,3300.0,3348.960949988582,4800.0,0.0
2030-03-11 22:00:00,0.0,0.0,3300.0,3348.960949988582,4800.0,0.0
2030-03-11 23:00:00,0.0,0.0,3300.0,3348.960949988582,4800.0,0.0
2030-03-12 00:00:00,0.0,0.0,3300.0,3348.960949988582,4800.0,0.0
2030-03-12 01:00:00,0.0,0.0,3300.0,3348.960949988582,4800.0,0.0
2030-03-12 02:00:00,0.0,0.0,3300.0,3348.960949988582,4800.0,0.0
2030-03-12 03:00:00,0.0,0.0,3300.0,3348.960949988582,4800.0,0.0
2030-03-12 04:00:00,0.0,0.0,3300.0,3348.960949988582,4800.0,0.0
2030-03-12 05:00:00,0.0,0.0,3300.0,3348.960949988582,0.0,3641.3280971348577
2030-03-12 06:00:00,0.0,0.0,2610.8898865693336,3348.960949988582,0.0,4800.0
2030-03-12 07:00:00,0.0,0.0,1437.3434473557872,3348.960949988582,0.0,4800.0
2030-03-12 08:00:00,0.0,0.0,3060.8114877738717,3348.960949988582,0.0,4800.0
2030-03-12 09:00:00,0.0,0.0,3300.0,3348.960949988582,0.0,3139.016862008648
2030-03-12 10:00:00,0.0,0.0,2011.1070086117688,3348.960949988582,0.0,4800.0
2030-03-12 11:00:00,0.0,0.0,3300.0,3348.960949988582,0.0,4800.0
2030-03-12 12:00:00,0.0,0.0,3300.0,3348.960949988582,4376.201382020894,4800.0
2030-03-12 13:00:00,0.0,0.0,3300.0,3348.960949988582,4066.1192501976257,4800.0
2030-03-12 14:00:00,0.0,0.0,3300.0,3348.960949988582,0.0,4800.0
2030-03-12 15:00:00,3737.474978477526,0.0,3300.0,3348.960949988582,0.0,4800.0
2030-03-12 16:00:00,0.0,0.0,209.58851289329937,3348.960949988582,0.0,4800.0
2030-03-12 17:00:00,0.0,0.0,1537.1306729154776,3348.960949988582,0.0,4800.0
2030-03-12 18:00:00,0.0,0.0,2096.4645237473123,3348.960949988582,0.0,4800.0
2030-03-12 19:00:00,0.0,0.0,1784.6991693520363,3348.960949988582,0.0,4800.0
2030-03-12 20:00:00,0.0,0.0,1533.0739815328352,3348.960949988582,0.0,4800.0
2030-03-12 21:00:00,1962.811740451356,0.0,3300.0,3348.960949988582,0.0,4800.0
2030-03-12 22:00:00,0.0,0.0,1412.3088012441267,3348.960949988582,0.0,4800.0
2030-03-12 23:00:00,0.0,0.0,3300.0,3348.960949988582,0.0,4800.0
2030-03-13 00:00:00,0.0,0.0,3300.0,3348.960949988582,0.0,2271.4073562744043
2030-03-13 01:00:00,0.0,0.0,3300.0,3348.960949988582,0.0,3763.9372259324955
2030-03-13 02:00:00,0.0,0.0,3300.0,3348.960949988582,0.0,317.9415594761449
2030-03-13 03:00:00,0.0,0.0,3300.0,3348.960949988582,0.0,3327.19471698274
2030-03-13 04:00:00,0.0,0.0,3300.0,3348.960949988582,0.0,4800.0
2030-03-13 05:00:00,0.0,0.0,2260.13429480252,3348.960949988582,0.0,4800.0
2030-03-13 06:00:00,0.0,0.0,1900.113898956386,3348.960949988582,0.0,4800.0
2030-03-13 07:00:00,0.0,0.0,297.3854625851227,3348.960949988582,0.0,4800.0
2030-03-13 08:00:00,0.0,0.0,1351.7897016893507,3348.960949988582,0.0,4800.0
2030-03-13 09:00:00,0.0,0.0,3300.0,3348.960949988582,0.0,4800.0
2030-03-13 10:00:00,0.0,0.0,1034.992630629196,3348.960949988582,0.0,4800.0
2030-03-13 11:00:00,0.0,0.0,3300.0,3348.960949988582,653.4961081910119,0.0
2030-03-13 12:00:00,0.0,0.0,3300.0,3348.960949988582,2211.80103514286,0.0
2030-03-13 13:00:00,0.0,0.0,3300.0,3348.960949988582,4800.0,0.0
2030-03-13 14:00:00,0.0,0.0,3300.0,3348.960949988582,4800.0,4800.0
2030-03-13 15:00:00,119.54473869120557,0.0,0.0,3348.960949988582,0.0,4800.0
2030-03-13 16:00:00,4303.585293445993,0.0,3300.0,3348.960949988582,0.0,4800.0
2030-03-13 17:00:00,2580.398481716153,0.0,3300.0,3348.960949988582,0.0,4800.0
2030-03-13 18:00:00,1810.996535478801,0.0,3300.0,3348.960949988582,0.0,4800.0
2030-03-13 19:00:00,2095.16939813174,0.0,3300.0,3348.960949988582,0.0,4800.0
2030-03-13 20:00:00,2325.8464443692146,0.0,3300.0,3348.960949988582,0.0,4800.0
2030-03-13 21:00:00,0.0,0.0,761.9493439130001,3348.960949988582,0.0,4800.0
2030-03-13 22:00:00,2459.229777408409,0.0,3300.0,3348.960949988582,0.0,4800.0
2030-03-13 23:00:00,0.0,0.0,740.9540877997256,3348.960949988582,0.0,4800.0
2030-03-14 00:00:00,0.0,0.0,1118.723659334045,3348.960949988582,0.0,4800.0
2030-03-14 01:00:00,0.0,0.0,1250.9736218234893,3348.960949988582,0.0,4800.0
2030-03-14 02:00:00,0.0,0.0,1261.937343665571,3348.960949988582,0.0,4800.0
2030-03-14 03:00:00,1625.9687296459742,0.0,3300.0,3348.960949988582,0.0,4800.0
2030-03-14 04:00:00,4303.585293445993,0.0,0.0,3348.960949988582,0.0,4800.0
2030-03-14 05:00:00,4303.585293445993,0.0,0.0,3348.960949988582,0.0,4800.0
2030-03-14 06:00:00,4303.585293445993,0.0,0.0,3348.960949988582,0.0,4800.0
2030-03-14 07:00:00,4303.585293445993,0.0,0.0,3348.960949988582,0.0,4800.0
2030-03-14 08:00:00,4303.585293445993,0.0,0.0,3348.960949988582,0.0,4800.0
2030-03-14 09:00:00,4303.585293445993,0.0,0.0,3348.960949988582,0.0,4800.0
2030-03-14 10:00:00,4303.585293445993,0.0,0.0,3348.960949988582,0.0,4800.0
2030-03-14 11:00:00,4303.585293445993,0.0,0.0,3348.960949988582,0.0,4800.0
2030-03-14 12:00:00,4268.275420279556,0.0,0.0,3348.960949988582,0.0,4800.0
2030-03-14 13:00:00,3248.81619608254,0.0,0.0,3348.960949988582,0.0,4800.0
2030-03-14 14:00:00,3079.605456392664,0.0,0.0,3348.960949988582,0.0,4800.0
2030-03-14 15:00:00,3658.2759074935107,0.0,0.0,3348.960949988582,0.0,4800.0
2030-03-14 16:00:00,4303.585293445993,0.0,0.0,3348.960949988582,0.0,4800.0
2030-03-14 17:00:00,4303.585293445993,0.0,0.0,3348.960949988582,0.0,4800.0
2030-03-14 18:00:00,4303.585293445993,0.0,0.0,3348.960949988582,0.0,4800.0
2030-03-14 19:00:00,4303.585293445993,0.0,0.0,3348.960949988582,0.0,4800.0
2030-03-14 20:00:00,4303.585293445993,0.0,0.0,3348.960949988582,0.0,4800.0
2030-03-14 21:00:00,4303.585293445993,0.0,0.0,3348.960949988582,0.0,4800.0
2030-03-14 22:00:00,4303.585293445993,0.0,0.0,3348.960949988582,0.0,4800.0
2030-03-14 23:00:00,4303.585293445993,0.0,0.0,3348.960949988582,0.0,4800.0
2030-03-15 00:00:00,4303.585293445993,0.0,0.0,3348.960949988582,0.0,4800.0
2030-03-15 01:00:00,4303.585293445993,0.0,0.0,3348.960949988582,0.0,4800.0
2030-03-15 02:00:00,4303.585293445993,0.0,0.0,3348.960949988582,0.0,4800.0
2030-03-15 03:00:00,4303.585293445993,0.0,0.0,3348.960949988582,0.0,4800.0
2030-03-15 04:00:00,4303.585293445993,0.0,0.0,3348.960949988582,0.0,4800.0
2030-03-15 05:00:00,4303.585293445993,0.0,0.0,3348.960949988582,0.0,4800.0
2030-03-15 06:00:00,4303.585293445993,568.2365087643266,0.0,3348.960949988582,0.0,4800.0
2030-03-15 07:00:00,4303.585293445993,0.0,0.0,3348.960949988582,0.0,4800.0
2030-03-15 08:00:00,4303.585293445993,0.0,0.0,3348.960949988582,0.0,4800.0
2030-03-15 09:00:00,4303.585293445993,0.0,0.0,3348.960949988582,0.0,4800.0
2030-03-15 10:00:00,4303.585293445993,0.0,0.0,3348.960949988582,0.0,4800.0
2030-03-15 11:00:00,4303.585293445993,0.0,0.0,3348.960949988582,0.0,4800.0
2030-03-15 12:00:00,4303.585293445993,0.0,0.0,3348.960949988582,0.0,4800.0
2030-03-15 13:00:00,4303.585293445993,0.0,0.0,3348.960949988582,0.0,4800.0
2030-03-15 14:00:00,4303.585293445993,0.0,0.0,3348.960949988582,0.0,4800.0
2030-03-15 15:00:00,4303.585293445993,0.0,0.0,3348.960949988582,0.0,4800.0
2030-03-15 16:00:00,4303.585293445993,0.0,0.0,3348.960949988582,0.0,4800.0
2030-03-15 17:00:00,4303.585293445993,0.0,0.0,3348.960949988582,0.0,4800.0
2030-03-15 18:00:00,4303.585293445993,0.0,0.0,3348.960949988582,0.0,4800.0
2030-03-15 19:00:00,4303.585293445993,0.0,0.0,3348.960949988582,0.0,4800.0
2030-03-15 20:00:00,4303.585293445993,0.0,0.0,3348.960949988582,0.0,4800.0
2030-03-15 21:00:00,4303.585293445993,0.0,0.0,3348.960949988582,0.0,4800.0
2030-03-15 22:00:00,4303.585293445993,0.0,0.0,3348.960949988582,0.0,4800.0
2030-03-15 23:00:00,4303.585293445993,0.0,0.0,3348.960949988582,0.0,4800.0
2030-03-16 00:00:00,4303.585293445993,0.0,0.0,3348.960949988582,0.0,4800.0
2030-03-16 01:00:00,4303.585293445993,0.0,0.0,3348.960949988582,0.0,4800.0
2030-03-16 02:00:00,4303.585293445993,0.0,0.0,3348.960949988582,0.0,4800.0
2030-03-16 03:00:00,4303.585293445993,0.0,0.0,3348.960949988582,0.0,4800.0
2030-03-16 04:00:00,4303.585293445993,0.0,0.0,3348.960949988582,0.0,4800.0
2030-03-16 05:00:00,4303.585293445993,0.0,0.0,3348.960949988582,0.0,4800.0
2030-03-16 06:00:00,4303.585293445993,0.0,0.0,3348.960949988582,0.0,4800.0
2030-03-16 07:00:00,4303.585293445993,0.0,0.0,3348.960949988582,0.0,4800.0
2030-03-16 08:00:00,4303.585293445993,0.0,0.0,3348.960949988582,0.0,4800.0
2030-03-16 09:00:00,4303.585293445993,0.0,0.0,3348.960949988582,0.0,4800.0
2030-03-16 10:00:00,0.0,0.0,1162.575408895944,3348.960949988582,0.0,4800.0
2030-03-16 11:00:00,0.0,0.0,3300.0,3348.960949988582,4800.0,1372.441802364691
2030-03-16 12:00:00,0.0,0.0,3300.0,3348.960949988582,4800.0,0.0
2030-03-16 13:00:00,0.0,0.0,3300.0,3348.960949988582,4800.0,2174.4634818476893
2030-03-16 14:00:00,0.0,0.0,1607.5314331082668,3348.960949988582,0.0,4800.0
2030-03-16 15:00:00,4303.585293445993,0.0,0.0,3348.960949988582,0.0,4800.0
2030-03-16 16:00:00,4303.585293445993,0.0,0.0,3348.960949988582,0.0,4800.0
2030-03-16 17:00:00,4303.585293445993,0.0,0.0,3348.960949988582,0.0,4800.0
2030-03-16 18:00:00,4303.585293445993,0.0,0.0,3348.960949988582,0.0,4800.0
2030-03-16 19:00:00,4303.585293445993,0.0,0.0,3348.960949988582,0.0,4800.0
2030-03-16 20:00:00,4303.585293445993,0.0,0.0,3348.960949988582,0.0,4800.0
2030-03-16 21:00:00,4303.585293445993,0.0,0.0,3348.960949988582,0.0,4800.0
2030-03-16 22:00:00,4303.585293445993,0.0,0.0,3348.960949988582,0.0,4800.0
2030-03-16 23:00:00,4303.585293445993,0.0,0.0,3348.960949988582,0.0,4800.0
2030-03-17 00:00:00,4303.585293445993,0.0,0.0,3348.960949988582,0.0,4800.0
2030-03-17 01:00:00,4303.585293445993,0.0,0.0,3348.960949988582,0.0,4800.0
2030-03-17 02:00:00,4303.585293445993,0.0,0.0,3348.960949988582,0.0,4800.0
2030-03-17 03:00:00,4303.585293445993,0.0,0.0,3348.960949988582,0.0,4800.0
2030-03-17 04:00:00,4303.585293445993,0.0,0.0,3348.960949988582,0.0,4800.0
2030-03-17 05:00:00,4303.585293445993,0.0,0.0,3348.960949988582,0.0,4800.0
2030-03-17 06:00:00,4303.585293445993,0.0,0.0,3348.960949988582,0.0,4800.0
2030-03-17 07:00:00,4303.585293445993,0.0,3030.322356105873,3348.960949988582,0.0,4800.0
2030-03-17 08:00:00,0.0,0.0,3300.0,3348.960949988582,2632.820778694746,0.0
2030-03-17 09:00:00,0.0,0.0,3300.0,3348.960949988582,4800.0,0.0
2030-03-17 10:00:00,0.0,0.0,3300.0,3348.960949988582,4800.0,0.0
2030-03-17 11:00:00,0.0,0.0,3300.0,3348.960949988582,4800.0,0.0
2030-03-17 12:00:00,0.0,0.0,3300.0,3348.960949988582,4800.0,0.0
2030-03-17 13:00:00,0.0,0.0,3300.0,3348.960949988582,4800.0,0.0
2030-03-17 14:00:00,0.0,0.0,3300.0,3348.960949988582,4800.0,0.0
2030-03-17 15:00:00,0.0,0.0,3300.0,3348.960949988582,4800.0,4222.6502129440305
2030-03-17 16:00:00,1743.710649410339,0.0,0.0,3348.960949988582,0.0,4800.0
2030-03-17 17:00:00,4303.585293445993,0.0,0.0,3348.960949988582,0.0,4800.0
2030-03-17 18:00:00,4303.585293445993,0.0,0.0,3348.960949988582,0.0,4800.0
2030-03-17 19:00:00,4303.585293445993,0.0,0.0,3348.960949988582,0.0,4800.0
2030-03-17 20:00:00,3849.814686958791,0.0,0.0,3348.960949988582,0.0,4800.0
2030-03-17 21:00:00,1224.701632796401,0.0,0.0,3348.960949988582,0.0,4800.0
2030-03-17 22:00:00,2698.8717846259924,0.0,3300.0,3348.960949988582,0.0,4800.0
2030-03-17 23:00:00,2861.811645175892,0.0,3300.0,3348.960949988582,0.0,4800.0
2030-03-18 00:00:00,1289.665100128559,0.0,3300.0,3348.960949988582,0.0,4800.0
2030-03-18 01:00:00,1238.878970167774,0.0,3300.0,3348.960949988582,0.0,4800.0
2030-03-18 02:00:00,0.0,0.0,1992.379040167657,3348.960949988582,0.0,4800.0
2030-03-18 03:00:00,1127.3081684609588,0.0,3300.0,3348.960949988582,0.0,4800.0
2030-03-18 04:00:00,1042.836369552192,0.0,3300.0,3348.960949988582,0.0,4800.0
2030-03-18 05:00:00,0.0,0.0,1827.1286544858817,3348.960949988582,0.0,4800.0
2030-03-18 06:00:00,0.0,0.0,1133.466925675083,3348.960949988582,0.0,4800.0
2030-03-18 07:00:00,0.0,0.0,3300.0,3348.960949988582,0.0,284.7358404751503
2030-03-18 08:00:00,0.0,0.0,3300.0,3348.960949988582,4800.0,0.0
2030-03-18 09:00:00,0.0,0.0,3300.0,3348.960949988582,4800.0,0.0
2030-03-18 10:00:00,0.0,0.0,3300.0,3348.960949988582,4800.0,0.0
2030-03-18 11:00:00,0.0,0.0,3300.0,3348.960949988582,4800.0,0.0
2030-03-18 12:00:00,0.0,0.0,3300.0,3348.960949988582,4800.0,0.0
2030-03-18 13:00:00,0.0,0.0,3300.0,3348.960949988582,4800.0,0.0
2030-03-18 14:00:00,0.0,0.0,3300.0,3348.960949988582,4800.0,0.0
2030-03-18 15:00:00,0.0,0.0,3300.0,3348.960949988582,0.0,4207.586814203431
2030-03-18 16:00:00,4093.9607524602493,0.0,3300.0,3348.960949988582,0.0,4800.0
2030-03-18 17:00:00,4303.585293445993,0.0,0.0,3348.960949988582,0.0,4800.0
2030-03-18 18:00:00,4303.585293445993,0.0,0.0,3348.960949988582,0.0,4800.0
2030-03-18 19:00:00,4303.585293445993,0.0,0.0,3348.960949988582,0.0,4800.0
2030-03-18 20:00:00,4303.585293445993,0.0,0.0,3348.960949988582,0.0,4800.0
2030-03-18 21:00:00,4303.585293445993,0.0,0.0,3348.960949988582,0.0,4800.0
2030-03-18 22:00:00,4303.585293445993,0.0,0.0,3348.960949988582,0.0,4800.0
2030-03-18 23:00:00,4303.585293445993,0.0,0.0,3348.960949988582,0.0,4800.0
2030-03-19 00:00:00,4303.585293445993,0.0,0.0,3348.960949988582,0.0,4800.0
2030-03-19 01:00:00,4303.585293445993,0.0,0.0,3348.960949988582,0.0,4800.0
2030-03-19 02:00:00,4303.585293445993,0.0,0.0,3348.960949988582,0.0,4800.0
2030-03-19 03:00:00,4303.585293445993,0.0,0.0,3348.960949988582,0.0,4800.0
2030-03-19 04:00:00,4303.585293445993,0.0,0.0,3348.960949988582,0.0,4800.0
2030-03-19 05:00:00,4303.585293445993,0.0,0.0,3348.960949988582,0.0,4800.0
2030-03-19 06:00:00,4303.585293445993,0.0,0.0,3348.960949988582,0.0,4800.0
2030-03-19 07:00:00,4303.585293445993,0.0,0.0,3348.960949988582,0.0,4800.0
2030-03-19 08:00:00,4303.585293445993,0.0,2323.2833819504704,3348.960949988582,0.0,4800.0
2030-03-19 09:00:00,2570.9338348539977,0.0,3300.0,3348.960949988582,0.0,4800.0
2030-03-19 10:00:00,3135.0057986550405,0.0,3300.0,3348.960949988582,0.0,4800.0
2030-03-19 11:00:00,0.0,0.0,307.7274789639705,3348.960949988582,0.0,4800.0
2030-03-19 12:00:00,0.0,0.0,3300.0,3348.960949988582,0.0,4393.517062356172
2030-03-19 13:00:00,0.0,0.0,3300.0,3348.960949988582,3079.989011690486,0.0
2030-03-19 14:00:00,0.0,0.0,3300.0,3348.960949988582,4800.0,4129.686726325606
2030-03-19 15:00:00,0.0,0.0,2113.7719927637104,3348.960949988582,0.0,4800.0
2030-03-19 16:00:00,0.0,0.0,2569.165969306083,3348.960949988582,0.0,4800.0
2030-03-19 17:00:00,0.0,0.0,2065.293353257046,3348.960949988582,0.0,4800.0
2030-03-19 18:00:00,0.0,0.0,3300.0,3348.960949988582,0.0,4800.0
2030-03-19 19:00:00,37.91447740038939,0.0,3300.0,3348.960949988582,510.4096085063138,4800.0
2030-03-19 20:00:00,0.0,0.0,3300.0,3348.960949988582,0.0,4800.0
2030-03-19 21:00:00,0.0,0.0,2894.03482139035,3348.960949988582,0.0,4800.0
2030-03-19 22:00:00,0.0,0.0,3016.222982355818,3348.960949988582,0.0,4800.0
2030-03-19 23:00:00,0.0,0.0,3300.0,3348.960949988582,0.0,4800.0
2030-03-20 00:00:00,953.3643781720635,0.0,3300.0,3348.960949988582,0.0,950.2913639901114
2030-03-20 01:00:00,0.0,0.0,2471.232422906097,3348.960949988582,1603.373741329895,4800.0
2030-03-20 02:00:00,0.0,0.0,2535.860538239984,3348.960949988582,0.0,1275.0432499561066
2030-03-20 03:00:00,0.0,0.0,2890.817218453327,3348.960949988582,0.0,4800.0
2030-03-20 04:00:00,0.0,0.0,360.3344710680892,3348.960949988582,0.0,4800.0
2030-03-20 05:00:00,4303.585293445993,0.0,0.0,3348.960949988582,0.0,4800.0
2030-03-20 06:00:00,4303.585293445993,0.0,0.0,1594.4868158401368,0.0,4800.0
2030-03-20 07:00:00,0.0,0.0,3300.0,2075.447312967181,0.0,4800.0
2030-03-20 08:00:00,0.0,0.0,2894.5987424496197,3348.960949988582,0.0,4800.0
2030-03-20 09:00:00,0.0,0.0,3300.0,3348.960949988582,4800.0,0.0
2030-03-20 10:00:00,0.0,0.0,3300.0,3348.960949988582,4800.0,0.0
2030-03-20 11:00:00,0.0,0.0,3300.0,3348.960949988582,4800.0,0.0
2030-03-20 12:00:00,0.0,0.0,3300.0,3348.960949988582,4800.0,0.0
2030-03-20 13:00:00,0.0,0.0,3300.0,3348.960949988582,4800.0,0.0
2030-03-20 14:00:00,0.0,0.0,3300.0,3348.960949988582,4800.0,0.0
2030-03-20 15:00:00,0.0,0.0,3300.0,3348.960949988582,3084.1494062932215,0.0
2030-03-20 16:00:00,0.0,0.0,839.1648535240561,3348.960949988582,0.0,4800.0
2030-03-20 17:00:00,4303.585293445993,0.0,0.0,3348.960949988582,0.0,4800.0
2030-03-20 18:00:00,4303.585293445993,0.0,0.0,3348.960949988582,0.0,4800.0
2030-03-20 19:00:00,4303.585293445993,0.0,0.0,3348.960949988582,0.0,4800.0
2030-03-20 20:00:00,1318.6527446474283,0.0,0.0,3348.960949988582,0.0,4800.0
2030-03-20 21:00:00,2026.4174826305098,0.0,3300.0,3348.960949988582,0.0,4800.0
2030-03-20 22:00:00,0.0,0.0,1909.1998310358358,3348.960949988582,0.0,4800.0
2030-03-20 23:00:00,1481.6019511194268,0.0,3300.0,3348.960949988582,0.0,4520.613608364191
2030-03-21 00:00:00,1816.8675107023723,0.0,3300.0,3348.960949988582,0.0,3750.0797111907377
2030-03-21 01:00:00,1674.266825905577,0.0,3300.0,3348.960949988582,0.0,4800.0
2030-03-21 02:00:00,1661.6288622594566,0.0,3300.0,3348.960949988582,0.0,4736.005088516191
2030-03-21 03:00:00,0.0,0.0,2076.1204047664796,3348.960949988582,0.0,4800.0
2030-03-21 04:00:00,727.6872206965207,0.0,3300.0,3348.960949988582,0.0,4800.0
2030-03-21 05:00:00,0.0,0.0,2535.1026959827077,3348.960949988582,0.0,4800.0
2030-03-21 06:00:00,0.0,0.0,1949.3888110687058,3348.960949988582,0.0,137.92931889295323
2030-03-21 07:00:00,0.0,0.0,1423.1451342458968,3348.960949988582,3891.144892901357,4800.0
2030-03-21 08:00:00,0.0,0.0,3300.0,3348.960949988582,4800.0,0.0
2030-03-21 09:00:00,0.0,0.0,3300.0,3348.960949988582,4800.0,0.0
2030-03-21 10:00:00,0.0,0.0,3300.0,3348.960949988582,4800.0,0.0
2030-03-21 11:00:00,0.0,0.0,3300.0,3348.960949988582,4800.0,0.0
2030-03-21 12:00:00,0.0,0.0,3300.0,3348.960949988582,4800.0,0.0
2030-03-21 13:00:00,0.0,0.0,3300.0,3348.960949988582,4800.0,0.0
2030-03-21 14:00:00,0.0,0.0,3300.0,3348.960949988582,4800.0,0.0
2030-03-21 15:00:00,0.0,0.0,3300.0,3348.960949988582,4800.0,0.0
2030-03-21 16:00:00,4303.585293445993,0.0,2560.2850515695945,3348.960949988582,0.0,4800.0
2030-03-21 17:00:00,4303.585293445993,0.0,0.0,3348.960949988582,0.0,4800.0
2030-03-21 18:00:00,4303.585293445993,0.0,114.35635368620206,3348.960949988582,0.0,4800.0
2030-03-21 19:00:00,3998.6151381291975,0.0,3300.0,3348.960949988582,0.0,4800.0
2030-03-21 20:00:00,0.0,0.0,1202.2080616646117,3348.960949988582,0.0,4800.0
2030-03-21 21:00:00,2308.332504463925,0.0,3300.0,3348.960949988582,0.0,4800.0
2030-03-21 22:00:00,2208.88384085241,0.0,3300.0,3348.960949988582,0.0,4800.0
2030-03-21 23:00:00,0.0,0.0,1691.2228721084757,3348.960949988582,0.0,4800.0
2030-03-22 00:00:00,2333.739129405996,0.0,3300.0,3348.960949988582,0.0,4800.0
2030-03-22 01:00:00,0.0,0.0,1086.5074995238197,3348.960949988582,0.0,4800.0
2030-03-22 02:00:00,2200.7260196925404,0.0,3300.0,3348.960949988582,0.0,4800.0
2030-03-22 03:00:00,4164.020585774371,0.0,3300.0,3348.960949988582,0.0,4800.0
2030-03-22 04:00:00,4303.585293445993,0.0,0.0,3348.960949988582,0.0,4800.0
2030-03-22 05:00:00,4303.585293445993,0.0,0.0,3348.960949988582,0.0,4800.0
2030-03-22 06:00:00,4303.585293445993,0.0,0.0,3348.960949988582,0.0,4800.0
2030-03-22 07:00:00,4303.585293445993,0.0,875.1106325482833,3348.960949988582,0.0,4800.0
2030-03-22 08:00:00,4303.585293445993,0.0,1543.3414362744988,3348.960949988582,0.0,4800.0
2030-03-22 09:00:00,0.0,0.0,3300.0,3348.960949988582,278.5777630632274,0.0
2030-03-22 10:00:00,0.0,0.0,3300.0,3348.960949988582,4800.0,0.0
2030-03-22 11:00:00,0.0,0.0,3300.0,3348.960949988582,4800.0,0.0
2030-03-22 12:00:00,0.0,0.0,3300.0,3348.960949988582,4800.0,0.0
2030-03-22 13:00:00,0.0,0.0,3300.0,3348.960949988582,4800.0,0.0
2030-03-22 14:00:00,0.0,0.0,3300.0,3348.960949988582,4800.0,1182.541458383068
2030-03-22 15:00:00,4303.585293445993,0.0,0.0,3348.960949988582,0.0,4800.0
2030-03-22 16:00:00,4303.585293445993,0.0,0.0,3348.960949988582,0.0,4800.0
2030-03-22 17:00:00,4303.585293445993,0.0,0.0,3348.960949988582,0.0,4800.0
2030-03-22 18:00:00,4303.585293445993,0.0,0.0,3348.960949988582,0.0,4800.0
2030-03-22 19:00:00,4303.585293445993,0.0,0.0,3348.960949988582,0.0,4800.0
2030-03-22 20:00:00,4303.585293445993,0.0,0.0,3348.960949988582,0.0,4800.0
2030-03-22 21:00:00,4303.585293445993,0.0,0.0,3348.960949988582,0.0,4800.0
2030-03-22 22:00:00,4303.585293445993,0.0,0.0,3348.960949988582,0.0,4800.0
2030-03-22 23:00:00,4303.585293445993,0.0,0.0,3348.960949988582,0.0,4800.0
2030-03-23 00:00:00,4303.585293445993,0.0,0.0,3348.960949988582,0.0,4800.0
2030-03-23 01:00:00,4303.585293445993,0.0,0.0,3348.960949988582,0.0,4800.0
2030-03-23 02:00:00,4303.585293445993,0.0,0.0,3348.960949988582,0.0,4800.0
2030-03-23 03:00:00,4303.585293445993,0.0,0.0,3348.960949988582,0.0,4800.0
2030-03-23 04:00:00,4303.585293445993,0.0,0.0,3348.960949988582,0.0,4800.0
2030-03-23 05:00:00,4303.585293445993,0.0,0.0,3348.960949988582,0.0,4800.0
2030-03-23 06:00:00,4303.585293445993,0.0,0.0,3348.960949988582,0.0,4800.0
2030-03-23 07:00:00,4303.585293445993,0.0,0.0,3348.960949988582,0.0,4800.0
2030-03-23 08:00:00,3451.066017000682,0.0,0.0,3348.960949988582,0.0,4800.0
2030-03-23 09:00:00,0.0,0.0,1869.4299022935793,3348.960949988582,0.0,4800.0
2030-03-23 10:00:00,0.0,0.0,3300.0,3348.960949988582,4800.0,721.9878299361299
2030-03-23 11:00:00,0.0,0.0,3300.0,3348.960949988582,4800.0,0.0
2030-03-23 12:00:00,0.0,0.0,3300.0,3348.960949988582,4800.0,0.0
2030-03-23 13:00:00,0.0,0.0,3300.0,3348.960949988582,4800.0,0.0
2030-03-23 14:00:00,0.0,0.0,3300.0,3348.960949988582,1384.4278270509913,0.0
2030-03-23 15:00:00,4303.585293445993,0.0,0.0,3348.960949988582,0.0,4800.0
2030-03-23 16:00:00,4303.585293445993,0.0,0.0,3348.960949988582,0.0,4800.0
2030-03-23 17:00:00,4303.585293445993,0.0,0.0,3348.960949988582,0.0,4800.0
2030-03-23 18:00:00,4303.585293445993,0.0,0.0,3348.960949988582,0.0,4800.0
2030-03-23 19:00:00,4303.585293445993,0.0,0.0,3348.960949988582,0.0,4800.0
2030-03-23 20:00:00,4303.585293445993,0.0,0.0,3348.960949988582,0.0,4800.0
2030-03-23 21:00:00,4303.585293445993,0.0,0.0,3348.960949988582,0.0,4800.0
2030-03-23 22:00:00,4303.585293445993,0.0,0.0,3348.960949988582,0.0,4800.0
2030-03-23 23:00:00,4303.585293445993,0.0,0.0,3348.960949988582,0.0,4800.0
2030-03-24 00:00:00,4303.585293445993,0.0,0.0,3348.960949988582,0.0,4800.0
2030-03-24 01:00:00,4303.585293445993,0.0,0.0,3348.960949988582,0.0,4800.0
2030-03-24 02:00:00,4303.585293445993,0.0,0.0,3348.960949988582,0.0,4800.0
2030-03-24 03:00:00,4303.585293445993,0.0,0.0,3348.960949988582,0.0,4800.0
2030-03-24 04:00:00,4303.585293445993,0.0,0.0,3348.960949988582,0.0,4800.0
2030-03-24 05:00:00,4303.585293445993,0.0,0.0,3348.960949988582,0.0,4800.0
2030-03-24 06:00:00,4303.585293445993,0.0,0.0,3348.960949988582,0.0,4800.0
2030-03-24 07:00:00,4303.585293445993,0.0,0.0,3348.960949988582,0.0,4800.0
2030-03-24 08:00:00,4303.585293445993,0.0,0.0,3348.960949988582,0.0,4800.0
2030-03-24 09:00:00,0.0,0.0,3300.0,3348.960949988582,0.0,1624.7428407633322
2030-03-24 10:00:00,0.0,0.0,3300.0,3348.960949988582,4800.0,0.0
2030-03-24 11:00:00,0.0,0.0,3300.0,3348.960949988582,4800.0,0.0
2030-03-24 12:00:00,0.0,0.0,3300.0,3348.960949988582,4800.0,0.0
2030-03-24 13:00:00,0.0,0.0,3300.0,3348.960949988582,4800.0,0.0
2030-03-24 14:00:00,0.0,0.0,3300.0,3348.960949988582,704.8944152381132,4800.0
2030-03-24 15:00:00,4303.585293445993,0.0,0.0,3348.960949988582,0.0,4800.0
2030-03-24 16:00:00,4303.585293445993,0.0,0.0,3348.960949988582,0.0,4800.0
2030-03-24 17:00:00,4303.585293445993,0.0,0.0,3348.960949988582,0.0,4800.0
2030-03-24 18:00:00,4303.585293445993,0.0,0.0,3348.960949988582,0.0,4800.0
2030-03-24 19:00:00,4303.585293445993,0.0,0.0,3348.960949988582,0.0,4800.0
2030-03-24 20:00:00,4303.585293445993,0.0,0.0,3348.960949988582,0.0,4800.0
2030-03-24 21:00:00,4303.585293445993,0.0,0.0,3348.960949988582,0.0,4800.0
2030-03-24 22:00:00,4303.585293445993,0.0,0.0,3348.960949988582,0.0,4800.0
2030-03-24 23:00:00,4303.585293445993,0.0,0.0,3348.960949988582,0.0,4800.0
2030-03-25 00:00:00,4303.585293445993,0.0,0.0,3348.960949988582,0.0,4800.0
2030-03-25 01:00:00,4303.585293445993,0.0,0.0,3348.960949988582,0.0,4800.0
2030-03-25 02:00:00,4303.585293445993,0.0,0.0,3348.960949988582,0.0,4800.0
2030-03-25 03:00:00,4303.585293445993,0.0,0.0,3348.960949988582,0.0,4800.0
2030-03-25 04:00:00,4303.585293445993,0.0,0.0,3348.960949988582,0.0,4800.0
2030-03-25 05:00:00,4303.585293445993,0.0,0.0,3348.960949988582,0.0,4800.0
2030-03-25 06:00:00,4303.585293445993,0.0,0.0,3348.960949988582,0.0,4800.0
2030-03-25 07:00:00,4303.585293445993,0.0,0.0,3348.960949988582,0.0,4800.0
2030-03-25 08:00:00,4303.585293445993,0.0,153.20474453128554,3348.960949988582,0.0,4800.0
2030-03-25 09:00:00,0.0,0.0,3300.0,3348.960949988582,4800.0,493.872544853886
2030-03-25 10:00:00,0.0,0.0,3300.0,3348.960949988582,4800.0,0.0
2030-03-25 11:00:00,0.0,0.0,3300.0,3348.960949988582,4800.0,0.0
2030-03-25 12:00:00,0.0,0.0,3300.0,3348.960949988582,4800.0,0.0
2030-03-25 13:00:00,0.0,0.0,3300.0,3348.960949988582,4800.0,0.0
2030-03-25 14:00:00,0.0,0.0,3300.0,3348.960949988582,4800.0,0.0
2030-03-25 15:00:00,2641.224889747492,0.0,0.0,3348.960949988582,0.0,4800.0
2030-03-25 16:00:00,4303.585293445993,0.0,0.0,3348.960949988582,0.0,4800.0
2030-03-25 17:00:00,4303.585293445993,0.0,0.0,3348.960949988582,0.0,4800.0
2030-03-25 18:00:00,4303.585293445993,0.0,0.0,3348.960949988582,0.0,4800.0
2030-03-25 19:00:00,4303.585293445993,0.0,0.0,3348.960949988582,0.0,4800.0
2030-03-25 20:00:00,4303.585293445993,0.0,0.0,3348.960949988582,0.0,4800.0
2030-03-25 21:00:00,4303.585293445993,0.0,0.0,3348.960949988582,0.0,4800.0
2030-03-25 22:00:00,4303.585293445993,0.0,0.0,3348.960949988582,0.0,4800.0
2030-03-25 23:00:00,4303.585293445993,0.0,0.0,3348.960949988582,0.0,4800.0
2030-03-26 00:00:00,4303.585293445993,0.0,0.0,3348.960949988582,0.0,4800.0
2030-03-26 01:00:00,4303.585293445993,0.0,0.0,3348.960949988582,0.0,4800.0
2030-03-26 02:00:00,4303.585293445993,0.0,0.0,3348.960949988582,0.0,4800.0
2030-03-26 03:00:00,4303.585293445993,0.0,0.0,3348.960949988582,0.0,4800.0
2030-03-26 04:00:00,4303.585293445993,0.0,0.0,3348.960949988582,0.0,4800.0
2030-03-26 05:00:00,4303.585293445993,0.0,0.0,3348.960949988582,0.0,4800.0
2030-03-26 06:00:00,4303.585293445993,0.0,0.0,3348.960949988582,0.0,4800.0
2030-03-26 07:00:00,4303.585293445993,0.0,0.0,3348.960949988582,0.0,4800.0
2030-03-26 08:00:00,4003.3686056034376,0.0,0.0,3348.960949988582,0.0,4800.0
2030-03-26 09:00:00,0.0,0.0,3300.0,3348.960949988582,4800.0,0.0
2030-03-26 10:00:00,0.0,0.0,3300.0,3348.960949988582,4800.0,0.0
2030-03-26 11:00:00,0.0,0.0,3300.0,3348.960949988582,4800.0,0.0
2030-03-26 12:00:00,0.0,0.0,3300.0,3348.960949988582,4800.0,0.0
2030-03-26 13:00:00,0.0,0.0,3300.0,3348.960949988582,4800.0,0.0
2030-03-26 14:00:00,0.0,0.0,3300.0,3348.960949988582,4800.0,0.0
2030-03-26 15:00:00,89.03514236463889,0.0,0.0,3348.960949988582,0.0,4800.0
2030-03-26 16:00:00,4303.585293445993,0.0,0.0,3348.960949988582,0.0,4800.0
2030-03-26 17:00:00,4303.585293445993,0.0,0.0,3348.960949988582,0.0,4800.0
2030-03-26 18:00:00,4303.585293445993,0.0,0.0,3348.960949988582,0.0,4800.0
2030-03-26 19:00:00,4303.585293445993,0.0,0.0,3348.960949988582,0.0,4800.0
2030-03-26 20:00:00,4303.585293445993,0.0,0.0,3348.960949988582,0.0,4800.0
2030-03-26 21:00:00,4303.585293445993,0.0,0.0,3348.960949988582,0.0,4800.0
2030-03-26 22:00:00,4303.585293445993,0.0,1739.6185711796575,3348.960949988582,0.0,4800.0
2030-03-26 23:00:00,4303.585293445993,0.0,0.0,3348.960949988582,0.0,4800.0
2030-03-27 00:00:00,4303.585293445993,0.0,0.0,3348.960949988582,0.0,4800.0
2030-03-27 01:00:00,4303.585293445993,0.0,0.0,3348.960949988582,0.0,4800.0
2030-03-27 02:00:00,4303.585293445993,0.0,0.0,3348.960949988582,0.0,4800.0
2030-03-27 03:00:00,4303.585293445993,0.0,0.0,3348.960949988582,0.0,4800.0
2030-03-27 04:00:00,4303.585293445993,0.0,0.0,3348.960949988582,0.0,4800.0
2030-03-27 05:00:00,4303.585293445993,0.0,0.0,3348.960949988582,0.0,4800.0
2030-03-27 06:00:00,4303.585293445993,0.0,0.0,3348.960949988582,0.0,4800.0
2030-03-27 07:00:00,4303.585293445993,0.0,0.0,3348.960949988582,0.0,4800.0
2030-03-27 08:00:00,4303.585293445993,0.0,142.68678246411946,3348.960949988582,0.0,4800.0
2030-03-27 09:00:00,0.0,0.0,1431.5341356150666,3348.960949988582,0.0,4800.0
2030-03-27 10:00:00,0.0,0.0,3300.0,3348.960949988582,4800.0,0.0
2030-03-27 11:00:00,0.0,0.0,3300.0,3348.960949988582,4800.0,0.0
2030-03-27 12:00:00,0.0,0.0,3300.0,3348.960949988582,4800.0,0.0
2030-03-27 13:00:00,0.0,0.0,3300.0,3348.960949988582,4800.0,0.0
2030-03-27 14:00:00,0.0,0.0,3300.0,3348.960949988582,4800.0,0.0
2030-03-27 15:00:00,0.0,0.0,1048.3055960421589,3348.960949988582,0.0,4800.0
2030-03-27 16:00:00,4303.585293445993,0.0,0.0,3348.960949988582,0.0,4800.0
2030-03-27 17:00:00,4303.585293445993,0.0,0.0,3348.960949988582,0.0,4800.0
2030-03-27 18:00:00,4303.585293445993,0.0,0.0,3348.960949988582,0.0,4800.0
2030-03-27 19:00:00,4303.585293445993,0.0,0.0,3348.960949988582,0.0,4800.0
2030-03-27 20:00:00,4303.585293445993,0.0,0.0,3348.960949988582,0.0,4800.0
2030-03-27 21:00:00,4303.585293445993,0.0,0.0,3348.960949988582,0.0,4800.0
2030-03-27 22:00:00,4303.585293445993,0.0,0.0,3348.960949988582,0.0,4800.0
2030-03-27 23:00:00,4303.585293445993,0.0,0.0,3348.960949988582,0.0,4800.0
2030-03-28 00:00:00,4303.585293445993,0.0,0.0,3348.960949988582,0.0,4800.0
2030-03-28 01:00:00,302.3923354058662,0.0,0.0,3348.960949988582,0.0,4800.0
2030-03-28 02:00:00,4303.585293445993,0.0,0.0,3348.960949988582,0.0,4800.0
2030-03-28 03:00:00,4303.585293445993,0.0,0.0,3348.960949988582,0.0,4800.0
2030-03-28 04:00:00,4303.585293445993,0.0,0.0,3348.960949988582,0.0,4800.0
2030-03-28 05:00:00,4303.585293445993,0.0,0.0,3348.960949988582,0.0,4800.0
2030-03-28 06:00:00,4303.585293445993,0.0,0.0,3348.960949988582,0.0,4800.0
2030-03-28 07:00:00,0.0,0.0,875.712984939541,3348.960949988582,2780.01609826716,4800.0
2030-03-28 08:00:00,0.0,182.0619796933996,3300.0,0.0,4800.0,0.0
2030-03-28 09:00:00,0.0,1349.8515642840832,3300.0,0.0,4800.0,0.0
2030-03-28 10:00:00,0.0,1349.8515642840832,3300.0,0.0,4800.0,0.0
2030-03-28 11:00:00,0.0,1349.8515642840832,3300.0,0.0,4800.0,0.0
2030-03-28 12:00:00,0.0,1349.8515642840832,3300.0,0.0,4800.0,0.0
2030-03-28 13:00:00,0.0,1349.8515642840832,3300.0,0.0,4800.0,0.0
2030-03-28 14:00:00,0.0,1349.8515642840832,3300.0,0.0,4800.0,0.0
2030-03-28 15:00:00,0.0,1349.8515642840832,3300.0,0.0,4800.0,0.0
2030-03-28 16:00:00,0.0,1189.5799623214034,0.0,3348.960949988582,0.0,4800.0
2030-03-28 17:00:00,4303.585293445993,0.0,0.0,3348.960949988582,0.0,4800.0
2030-03-28 18:00:00,4303.585293445993,0.0,0.0,3348.960949988582,0.0,4800.0
2030-03-28 19:00:00,2440.0414786035835,0.0,3300.0,3348.960949988582,0.0,4800.0
2030-03-28 20:00:00,0.0,0.0,3038.7067355428553,3348.960949988582,2805.93070137197,4800.0
2030-03-28 21:00:00,0.0,0.0,2044.6075740864771,3348.960949988582,0.0,4424.789706327663
2030-03-28 22:00:00,0.0,0.0,2113.030053230741,3348.960949988582,0.0,0.0
2030-03-28 23:00:00,0.0,0.0,2048.273725070947,3348.960949988582,0.0,4800.0
2030-03-29 00:00:00,1624.025786391212,0.0,3300.0,3348.960949988582,0.0,4800.0
2030-03-29 01:00:00,4303.585293445993,0.0,2524.594751306715,3348.960949988582,0.0,4800.0
2030-03-29 02:00:00,4303.585293445993,0.0,46.763623800026835,3348.960949988582,0.0,4800.0
2030-03-29 03:00:00,1056.0927764580463,0.0,0.0,3348.960949988582,0.0,4800.0
2030-03-29 04:00:00,4303.585293445993,0.0,814.8763448632017,3348.960949988582,0.0,4800.0
2030-03-29 05:00:00,3959.831850292183,0.0,0.0,3348.960949988582,0.0,4800.0
2030-03-29 06:00:00,0.0,0.0,163.26929843927883,3348.960949988582,0.0,4800.0
2030-03-29 07:00:00,0.0,0.0,1955.2723136622685,3348.960949988582,3789.435125902882,4800.0
2030-03-29 08:00:00,0.0,0.0,3300.0,3348.960949988582,4800.0,0.0
2030-03-29 09:00:00,0.0,0.0,3300.0,3348.960949988582,4800.0,0.0
2030-03-29 10:00:00,0.0,0.0,3300.0,3348.960949988582,4800.0,0.0
2030-03-29 11:00:00,0.0,0.0,3300.0,3348.960949988582,4800.0,0.0
2030-03-29 12:00:00,0.0,0.0,3300.0,2811.933573048688,4800.0,0.0
2030-03-29 13:00:00,0.0,0.0,3300.0,3348.960949988582,4800.0,0.0
2030-03-29 14:00:00,0.0,0.0,3300.0,3348.960949988582,4800.0,0.0
2030-03-29 15:00:00,0.0,0.0,3300.0,3348.960949988582,4800.0,0.0
2030-03-29 16:00:00,0.0,0.0,3300.0,3348.960949988582,4800.0,0.0
2030-03-29 17:00:00,0.0,0.0,3300.0,3348.960949988582,4800.0,2681.4820335485347
2030-03-29 18:00:00,0.0,0.0,3300.0,3348.960949988582,4800.0,2711.9229364960047
2030-03-29 19:00:00,0.0,0.0,3300.0,3348.960949988582,4800.0,0.0
2030-03-29 20:00:00,0.0,0.0,3300.0,3348.960949988582,4800.0,0.0
2030-03-29 21:00:00,0.0,0.0,3300.0,3348.960949988582,4800.0,0.0
2030-03-29 22:00:00,0.0,0.0,3300.0,3348.960949988582,4800.0,0.0
2030-03-29 23:00:00,0.0,0.0,3300.0,3348.960949988582,4800.0,0.0
2030-03-30 00:00:00,0.0,0.0,3300.0,3348.960949988582,4800.0,0.0
2030-03-30 01:00:00,0.0,0.0,3300.0,3348.960949988582,4800.0,0.0
2030-03-30 02:00:00,0.0,0.0,3300.0,3348.960949988582,4800.0,0.0
2030-03-30 03:00:00,0.0,0.0,3300.0,3348.960949988582,4800.0,0.0
2030-03-30 04:00:00,0.0,0.0,3300.0,3348.960949988582,4800.0,0.0
2030-03-30 05:00:00,0.0,0.0,3300.0,3348.960949988582,4800.0,0.0
2030-03-30 06:00:00,0.0,0.0,3300.0,3348.960949988582,4800.0,0.0
2030-03-30 07:00:00,0.0,0.0,3300.0,3348.960949988582,4800.0,0.0
2030-03-30 08:00:00,0.0,0.0,3300.0,3348.960949988582,4800.0,0.0
2030-03-30 09:00:00,0.0,0.0,3300.0,3348.960949988582,4800.0,0.0
2030-03-30 10:00:00,0.0,0.0,3300.0,3348.960949988582,4800.0,0.0
2030-03-30 11:00:00,0.0,0.0,3300.0,3348.960949988582,4800.0,0.0
2030-03-30 12:00:00,0.0,0.0,3300.0,3348.960949988582,4800.0,0.0
2030-03-30 13:00:00,0.0,0.0,3300.0,3348.960949988582,4800.0,0.0
2030-03-30 14:00:00,0.0,0.0,3300.0,3348.960949988582,4800.0,0.0
2030-03-30 15:00:00,0.0,0.0,3300.0,3348.960949988582,4800.0,0.0
2030-03-30 16:00:00,0.0,0.0,3300.0,3348.960949988582,4800.0,0.0
2030-03-30 17:00:00,0.0,0.0,3300.0,3348.960949988582,4800.0,0.0
2030-03-30 18:00:00,0.0,0.0,3300.0,3348.960949988582,4800.0,0.0
2030-03-30 19:00:00,0.0,0.0,3300.0,3348.960949988582,4800.0,0.0
2030-03-30 20:00:00,0.0,0.0,3300.0,3348.960949988582,4800.0,0.0
2030-03-30 21:00:00,0.0,0.0,3300.0,3348.960949988582,4800.0,0.0
2030-03-30 22:00:00,0.0,0.0,3300.0,3348.960949988582,4800.0,0.0
2030-03-30 23:00:00,0.0,0.0,3300.0,3348.960949988582,4800.0,0.0
2030-03-31 00:00:00,0.0,0.0,3300.0,3348.960949988582,4800.0,0.0
2030-03-31 01:00:00,0.0,0.0,3300.0,3348.960949988582,4800.0,0.0
2030-03-31 02:00:00,0.0,0.0,3300.0,3348.960949988582,4800.0,0.0
2030-03-31 03:00:00,0.0,0.0,3300.0,3348.960949988582,4800.0,0.0
2030-03-31 04:00:00,0.0,0.0,3300.0,3348.960949988582,4800.0,0.0
2030-03-31 05:00:00,0.0,0.0,3300.0,3348.960949988582,4800.0,0.0
2030-03-31 06:00:00,0.0,0.0,3300.0,3348.960949988582,4800.0,0.0
2030-03-31 07:00:00,0.0,0.0,3300.0,3348.960949988582,4800.0,0.0
2030-03-31 08:00:00,0.0,0.0,3300.0,3348.960949988582,4800.0,0.0
2030-03-31 09:00:00,0.0,0.0,3300.0,3348.960949988582,4800.0,0.0
2030-03-31 10:00:00,0.0,0.0,3300.0,3348.960949988582,4800.0,0.0
2030-03-31 11:00:00,0.0,0.0,3300.0,3348.960949988582,4800.0,0.0
2030-03-31 12:00:00,0.0,0.0,3300.0,3348.960949988582,4800.0,0.0
2030-03-31 13:00:00,0.0,0.0,3300.0,3348.960949988582,4800.0,0.0
2030-03-31 14:00:00,0.0,0.0,3300.0,3348.960949988582,4800.0,0.0
2030-03-31 15:00:00,0.0,0.0,3300.0,3348.960949988582,4800.0,0.0
2030-03-31 16:00:00,0.0,0.0,3300.0,3348.960949988582,4800.0,0.0
2030-03-31 17:00:00,0.0,0.0,3300.0,3348.960949988582,4800.0,0.0
2030-03-31 18:00:00,0.0,0.0,3300.0,3348.960949988582,4800.0,0.0
2030-03-31 19:00:00,0.0,0.0,3300.0,3348.960949988582,4800.0,0.0
2030-03-31 20:00:00,0.0,0.0,3300.0,3348.960949988582,4800.0,0.0
2030-03-31 21:00:00,0.0,0.0,3300.0,3348.960949988582,4800.0,0.0
2030-03-31 22:00:00,0.0,0.0,3300.0,3348.960949988582,4800.0,0.0
2030-03-31 23:00:00,0.0,0.0,3300.0,3348.960949988582,4800.0,0.0
2030-04-01 00:00:00,0.0,0.0,3300.0,3348.960949988582,4800.0,0.0
2030-04-01 01:00:00,0.0,0.0,3300.0,3348.960949988582,4800.0,0.0
2030-04-01 02:00:00,0.0,0.0,3300.0,3348.960949988582,4800.0,0.0
2030-04-01 03:00:00,0.0,0.0,3300.0,3348.960949988582,4800.0,0.0
2030-04-01 04:00:00,0.0,0.0,3300.0,3348.960949988582,4800.0,0.0
2030-04-01 05:00:00,0.0,0.0,3300.0,3348.960949988582,4800.0,0.0
2030-04-01 06:00:00,0.0,0.0,3300.0,3348.960949988582,4800.0,0.0
2030-04-01 07:00:00,0.0,0.0,3300.0,3348.960949988582,4800.0,0.0
2030-04-01 08:00:00,0.0,0.0,3300.0,3348.960949988582,4800.0,0.0
2030-04-01 09:00:00,0.0,0.0,3300.0,3348.960949988582,4800.0,0.0
2030-04-01 10:00:00,0.0,0.0,3300.0,3348.960949988582,4800.0,0.0
2030-04-01 11:00:00,0.0,0.0,3300.0,3348.960949988582,4800.0,0.0
2030-04-01 12:00:00,0.0,0.0,3300.0,3348.960949988582,4800.0,0.0
2030-04-01 13:00:00,0.0,0.0,3300.0,3348.960949988582,4800.0,0.0
2030-04-01 14:00:00,0.0,0.0,3300.0,3348.960949988582,4800.0,0.0
2030-04-01 15:00:00,0.0,0.0,3300.0,3348.960949988582,4800.0,0.0
2030-04-01 16:00:00,0.0,0.0,3300.0,3348.960949988582,4800.0,0.0
2030-04-01 17:00:00,0.0,0.0,3300.0,3348.960949988582,4800.0,0.0
2030-04-01 18:00:00,0.0,0.0,3300.0,3348.960949988582,4800.0,0.0
2030-04-01 19:00:00,0.0,0.0,3300.0,3348.960949988582,4800.0,1270.6541370627965
2030-04-01 20:00:00,0.0,0.0,3300.0,3348.960949988582,4686.07287577344,4800.0
2030-04-01 21:00:00,0.0,0.0,801.062709700333,3348.960949988582,0.0,4800.0
2030-04-01 22:00:00,145.12994258163235,0.0,0.0,3348.960949988582,0.0,4800.0
2030-04-01 23:00:00,4303.585293445993,0.0,2873.5354450161612,3348.960949988582,0.0,4800.0
2030-04-02 00:00:00,4303.585293445993,0.0,0.0,3348.960949988582,0.0,4800.0
2030-04-02 01:00:00,4303.585293445993,0.0,0.0,3348.960949988582,0.0,4800.0
2030-04-02 02:00:00,4303.585293445993,0.0,0.0,3348.960949988582,0.0,4800.0
2030-04-02 03:00:00,4303.585293445993,0.0,0.0,3348.960949988582,0.0,4800.0
2030-04-02 04:00:00,4303.585293445993,0.0,0.0,3348.960949988582,0.0,4800.0
2030-04-02 05:00:00,4303.585293445993,0.0,0.0,3348.960949988582,0.0,4800.0
2030-04-02 06:00:00,4303.585293445993,0.0,0.0,3348.960949988582,0.0,4800.0
2030-04-02 07:00:00,0.0,0.0,1299.6094639381154,3348.960949988582,0.0,4800.0
2030-04-02 08:00:00,0.0,0.0,3300.0,3348.960949988582,4800.0,0.0
2030-04-02 09:00:00,0.0,0.0,3300.0,3348.960949988582,4800.0,0.0
2030-04-02 10:00:00,0.0,0.0,3300.0,3348.960949988582,4800.0,0.0
2030-04-02 11:00:00,0.0,0.0,3300.0,3348.960949988582,4800.0,0.0
2030-04-02 12:00:00,0.0,0.0,3300.0,3348.960949988582,4800.0,0.0
2030-04-02 13:00:00,0.0,0.0,3300.0,3348.960949988582,4800.0,0.0
2030-04-02 14:00:00,0.0,0.0,3300.0,3348.960949988582,4800.0,0.0
2030-04-02 15:00:00,0.0,0.0,3300.0,3348.960949988582,4800.0,0.0
2030-04-02 16:00:00,0.0,0.0,3300.0,3348.960949988582,4800.0,0.0
2030-04-02 17:00:00,0.0,0.0,3300.0,3348.960949988582,4800.0,0.0
2030-04-02 18:00:00,0.0,0.0,3300.0,3348.960949988582,4800.0,0.0
2030-04-02 19:00:00,0.0,0.0,3300.0,3348.960949988582,4800.0,0.0
2030-04-02 20:00:00,0.0,0.0,3300.0,3348.960949988582,4800.0,0.0
2030-04-02 21:00:00,0.0,0.0,3300.0,3348.960949988582,4800.0,0.0
2030-04-02 22:00:00,0.0,0.0,3300.0,3348.960949988582,4800.0,0.0
2030-04-02 23:00:00,0.0,0.0,3300.0,3348.960949988582,4800.0,0.0
2030-04-03 00:00:00,0.0,0.0,3300.0,3348.960949988582,4800.0,0.0
2030-04-03 01:00:00,0.0,0.0,3300.0,3348.960949988582,4800.0,0.0
2030-04-03 02:00:00,0.0,0.0,3300.0,3348.960949988582,4800.0,0.0
2030-04-03 03:00:00,0.0,0.0,3300.0,3348.960949988582,0.0,1272.5430396839656
2030-04-03 04:00:00,4303.585293445993,0.0,2838.301521410336,3348.960949988582,0.0,4800.0
2030-04-03 05:00:00,4303.585293445993,0.0,0.0,3348.960949988582,0.0,4800.0
2030-04-03 06:00:00,4303.585293445993,0.0,0.0,3348.960949988582,0.0,4800.0
2030-04-03 07:00:00,1176.7716524980092,0.0,0.0,3348.960949988582,0.0,4800.0
2030-04-03 08:00:00,0.0,0.0,3300.0,3348.960949988582,4800.0,4800.0
2030-04-03 09:00:00,0.0,0.0,3300.0,3348.960949988582,4800.0,0.0
2030-04-03 10:00:00,0.0,0.0,3300.0,3348.960949988582,4800.0,0.0
2030-04-03 11:00:00,0.0,0.0,3300.0,3348.960949988582,4800.0,0.0
2030-04-03 12:00:00,0.0,0.0,3300.0,3348.960949988582,4800.0,0.0
2030-04-03 13:00:00,0.0,0.0,3300.0,3348.960949988582,4800.0,0.0
2030-04-03 14:00:00,0.0,0.0,3300.0,3348.960949988582,3774.8321834447997,4800.0
2030-04-03 15:00:00,4303.585293445993,0.0,0.0,3348.960949988582,0.0,4800.0
2030-04-03 16:00:00,4303.585293445993,0.0,0.0,3348.960949988582,0.0,4800.0
2030-04-03 17:00:00,4303.585293445993,0.0,0.0,3348.960949988582,0.0,4800.0
2030-04-03 18:00:00,4303.585293445993,0.0,0.0,3348.960949988582,0.0,4800.0
2030-04-03 19:00:00,4303.585293445993,0.0,0.0,3348.960949988582,0.0,4800.0
2030-04-03 20:00:00,4303.585293445993,0.0,0.0,3348.960949988582,0.0,4800.0
2030-04-03 21:00:00,4303.585293445993,0.0,0.0,3348.960949988582,0.0,4800.0
2030-04-03 22:00:00,4303.585293445993,0.0,0.0,3348.960949988582,0.0,4800.0
2030-04-03 23:00:00,4303.585293445993,0.0,0.0,3348.960949988582,0.0,4800.0
2030-04-04 00:00:00,4303.585293445993,0.0,0.0,3348.960949988582,0.0,4800.0
2030-04-04 01:00:00,4303.585293445993,0.0,0.0,3348.960949988582,0.0,4800.0
2030-04-04 02:00:00,4303.585293445993,0.0,0.0,3348.960949988582,0.0,4800.0
2030-04-04 03:00:00,4303.585293445993,0.0,0.0,3348.960949988582,0.0,4800.0
2030-04-04 04:00:00,4303.585293445993,0.0,0.0,3348.960949988582,0.0,4800.0
2030-04-04 05:00:00,4303.585293445993,0.0,0.0,3348.960949988582,0.0,4800.0
2030-04-04 06:00:00,4303.585293445993,0.0,0.0,3348.960949988582,0.0,4800.0
2030-04-04 07:00:00,4303.585293445993,0.0,0.0,3348.960949988582,0.0,4800.0
2030-04-04 08:00:00,4303.585293445993,0.0,0.0,3348.960949988582,0.0,4800.0
2030-04-04 09:00:00,4303.585293445993,0.0,0.0,3348.960949988582,0.0,4800.0
2030-04-04 10:00:00,0.0,0.0,1566.1268596819577,3348.960949988582,0.0,4800.0
2030-04-04 11:00:00,0.0,0.0,3300.0,3348.960949988582,1012.5192399202488,4800.0
2030-04-04 12:00:00,0.0,0.0,3300.0,3348.960949988582,163.42004914405152,0.0
2030-04-04 13:00:00,0.0,0.0,3300.0,3348.960949988582,0.0,1555.673797401054
2030-04-04 14:00:00,4236.79150897189,0.0,0.0,3348.960949988582,0.0,4800.0
2030-04-04 15:00:00,4303.585293445993,0.0,0.0,3348.960949988582,0.0,4800.0
2030-04-04 16:00:00,4303.585293445993,0.0,0.0,3348.960949988582,0.0,4800.0
2030-04-04 17:00:00,4303.585293445993,0.0,0.0,3348.960949988582,0.0,4800.0
2030-04-04 18:00:00,4303.585293445993,0.0,0.0,3348.960949988582,0.0,4800.0
2030-04-04 19:00:00,4303.585293445993,0.0,0.0,3348.960949988582,0.0,4800.0
2030-04-04 20:00:00,4303.585293445993,0.0,0.0,3348.960949988582,0.0,4800.0
2030-04-04 21:00:00,4303.585293445993,0.0,0.0,3348.960949988582,0.0,4800.0
2030-04-04 22:00:00,4303.585293445993,0.0,0.0,3348.960949988582,0.0,4800.0
2030-04-04 23:00:00,3068.548813176996,0.0,0.0,3348.960949988582,0.0,4800.0
2030-04-05 00:00:00,876.8402269740295,0.0,0.0,3348.960949988582,0.0,4800.0
2030-04-05 01:00:00,0.0,0.0,171.69278641306687,3348.960949988582,0.0,4800.0
2030-04-05 02:00:00,0.0,0.0,1353.057509316307,3348.960949988582,0.0,4800.0
2030-04-05 03:00:00,88.50193149006122,0.0,0.0,3348.960949988582,0.0,4800.0
2030-04-05 04:00:00,4303.585293445993,0.0,0.0,3348.960949988582,0.0,4800.0
2030-04-05 05:00:00,4303.585293445993,0.0,0.0,3348.960949988582,0.0,4800.0
2030-04-05 06:00:00,4303.585293445993,0.0,0.0,3348.960949988582,0.0,4800.0
2030-04-05 07:00:00,4303.585293445993,0.0,0.0,3348.960949988582,0.0,4800.0
2030-04-05 08:00:00,0.0,0.0,830.7757095991292,2962.050188817703,0.0,0.0
2030-04-05 09:00:00,0.0,0.0,3300.0,3348.960949988582,4693.961174227676,0.0
2030-04-05 10:00:00,0.0,0.0,3300.0,3348.960949988582,1712.055787138528,0.0
2030-04-05 11:00:00,0.0,0.0,3300.0,3348.960949988582,4800.0,2987.7653217333063
2030-04-05 12:00:00,0.0,0.0,3300.0,3348.960949988582,439.91981967155516,4800.0
2030-04-05 13:00:00,364.1391904553311,0.0,0.0,3348.960949988582,0.0,4800.0
2030-04-05 14:00:00,4303.585293445993,0.0,0.0,3348.960949988582,0.0,4800.0
2030-04-05 15:00:00,4303.585293445993,0.0,0.0,3348.960949988582,0.0,4800.0
2030-04-05 16:00:00,4303.585293445993,0.0,0.0,3348.960949988582,0.0,4800.0
2030-04-05 17:00:00,4303.585293445993,0.0,0.0,3348.960949988582,0.0,4800.0
2030-04-05 18:00:00,4303.585293445993,0.0,0.0,3348.960949988582,0.0,4800.0
2030-04-05 19:00:00,4303.585293445993,0.0,0.0,3348.960949988582,0.0,4800.0
2030-04-05 20:00:00,4303.585293445993,0.0,0.0,3348.960949988582,0.0,4800.0
2030-04-05 21:00:00,4303.585293445993,0.0,0.0,3348.960949988582,0.0,4800.0
2030-04-05 22:00:00,4303.585293445993,0.0,0.0,3348.960949988582,0.0,4800.0
2030-04-05 23:00:00,4303.585293445993,0.0,0.0,3348.960949988582,0.0,4800.0
2030-04-06 00:00:00,4303.585293445993,0.0,0.0,3348.960949988582,0.0,4800.0
2030-04-06 01:00:00,4303.585293445993,0.0,0.0,3348.960949988582,0.0,4800.0
2030-04-06 02:00:00,4303.585293445993,0.0,0.0,3348.960949988582,0.0,4800.0
2030-04-06 03:00:00,4303.585293445993,0.0,0.0,3348.960949988582,0.0,4800.0
2030-04-06 04:00:00,4303.585293445993,0.0,0.0,3348.960949988582,0.0,4800.0
2030-04-06 05:00:00,4303.585293445993,0.0,0.0,3348.960949988582,0.0,4800.0
2030-04-06 06:00:00,4303.585293445993,0.0,0.0,3348.960949988582,0.0,4800.0
2030-04-06 07:00:00,4303.585293445993,0.0,0.0,3348.960949988582,0.0,4800.0
2030-04-06 08:00:00,4303.585293445993,0.0,0.0,3348.960949988582,0.0,4800.0
2030-04-06 09:00:00,4303.585293445993,0.0,0.0,3348.960949988582,0.0,4800.0
2030-04-06 10:00:00,4303.585293445993,0.0,0.0,3348.960949988582,0.0,4800.0
2030-04-06 11:00:00,4303.585293445993,0.0,0.0,3348.960949988582,0.0,4800.0
2030-04-06 12:00:00,4303.585293445993,0.0,0.0,3348.960949988582,0.0,4800.0
2030-04-06 13:00:00,4303.585293445993,0.0,0.0,3348.960949988582,0.0,4800.0
2030-04-06 14:00:00,4303.585293445993,0.0,0.0,3348.960949988582,0.0,4800.0
2030-04-06 15:00:00,4303.585293445993,0.0,0.0,3348.960949988582,0.0,4800.0
2030-04-06 16:00:00,4303.585293445993,0.0,0.0,3348.960949988582,0.0,4800.0
2030-04-06 17:00:00,4303.585293445993,0.0,0.0,3348.960949988582,0.0,4800.0
2030-04-06 18:00:00,4303.585293445993,0.0,0.0,3348.960949988582,0.0,4800.0
2030-04-06 19:00:00,4303.585293445993,0.0,0.0,3348.960949988582,0.0,4800.0
2030-04-06 20:00:00,4303.585293445993,0.0,0.0,3348.960949988582,0.0,4800.0
2030-04-06 21:00:00,4303.585293445993,0.0,0.0,3348.960949988582,0.0,4800.0
2030-04-06 22:00:00,4303.585293445993,0.0,0.0,3348.960949988582,0.0,4800.0
2030-04-06 23:00:00,4303.585293445993,0.0,0.0,3348.960949988582,0.0,4800.0
2030-04-07 00:00:00,4303.585293445993,0.0,0.0,3348.960949988582,0.0,4800.0
2030-04-07 01:00:00,4303.585293445993,0.0,0.0,3348.960949988582,0.0,4800.0
2030-04-07 02:00:00,4303.585293445993,0.0,0.0,3348.960949988582,0.0,4800.0
2030-04-07 03:00:00,4303.585293445993,0.0,0.0,3348.960949988582,0.0,4800.0
2030-04-07 04:00:00,4303.585293445993,0.0,0.0,3348.960949988582,0.0,4800.0
2030-04-07 05:00:00,4303.585293445993,0.0,0.0,3348.960949988582,0.0,4800.0
2030-04-07 06:00:00,4303.585293445993,0.0,0.0,3348.960949988582,0.0,4800.0
2030-04-07 07:00:00,4303.585293445993,0.0,0.0,3348.960949988582,0.0,4800.0
2030-04-07 08:00:00,4303.585293445993,0.0,0.0,3348.960949988582,0.0,4800.0
2030-04-07 09:00:00,4303.585293445993,0.0,0.0,3348.960949988582,0.0,4800.0
2030-04-07 10:00:00,4303.585293445993,0.0,0.0,3348.960949988582,0.0,4800.0
2030-04-07 11:00:00,4303.585293445993,0.0,0.0,3348.960949988582,0.0,4800.0
2030-04-07 12:00:00,4303.585293445993,0.0,0.0,3348.960949988582,0.0,4800.0
2030-04-07 13:00:00,4303.585293445993,0.0,0.0,3348.960949988582,0.0,4800.0
2030-04-07 14:00:00,4303.585293445993,0.0,0.0,3348.960949988582,0.0,4800.0
2030-04-07 15:00:00,4303.585293445993,0.0,0.0,3348.960949988582,0.0,4800.0
2030-04-07 16:00:00,4303.585293445993,0.0,0.0,3348.960949988582,0.0,4800.0
2030-04-07 17:00:00,4303.585293445993,0.0,0.0,3348.960949988582,0.0,4800.0
2030-04-07 18:00:00,4303.585293445993,0.0,0.0,3348.960949988582,0.0,4800.0
2030-04-07 19:00:00,4303.585293445993,0.0,0.0,3348.960949988582,0.0,4800.0
2030-04-07 20:00:00,4303.585293445993,0.0,0.0,3348.960949988582,0.0,4800.0
2030-04-07 21:00:00,4303.585293445993,0.0,0.0,3348.960949988582,0.0,4800.0
2030-04-07 22:00:00,4303.585293445993,0.0,0.0,3348.960949988582,0.0,4800.0
2030-04-07 23:00:00,4303.585293445993,0.0,0.0,3348.960949988582,0.0,4800.0
2030-04-08 00:00:00,4303.585293445993,0.0,0.0,3348.960949988582,0.0,4800.0
2030-04-08 01:00:00,4303.585293445993,0.0,0.0,3348.960949988582,0.0,4800.0
2030-04-08 02:00:00,4303.585293445993,0.0,0.0,3348.960949988582,0.0,4800.0
2030-04-08 03:00:00,4303.585293445993,0.0,0.0,3348.960949988582,0.0,4800.0
2030-04-08 04:00:00,4303.585293445993,0.0,0.0,3348.960949988582,0.0,4800.0
2030-04-08 05:00:00,4303.585293445993,0.0,0.0,3348.960949988582,0.0,4800.0
2030-04-08 06:00:00,4303.585293445993,0.0,0.0,3348.960949988582,0.0,4800.0
2030-04-08 07:00:00,0.0,0.0,3300.0,3348.960949988582,4800.0,0.0
2030-04-08 08:00:00,0.0,0.0,3300.0,3348.960949988582,4800.0,0.0
2030-04-08 09:00:00,0.0,0.0,3300.0,3348.960949988582,4800.0,0.0
2030-04-08 10:00:00,0.0,0.0,3300.0,3348.960949988582,4800.0,0.0
2030-04-08 11:00:00,0.0,0.0,3300.0,3348.960949988582,4800.0,0.0
2030-04-08 12:00:00,0.0,0.0,3300.0,3348.960949988582,4800.0,0.0
2030-04-08 13:00:00,0.0,0.0,3300.0,3348.960949988582,4800.0,0.0
2030-04-08 14:00:00,0.0,0.0,3300.0,3348.960949988582,4800.0,0.0
2030-04-08 15:00:00,0.0,0.0,3300.0,3348.960949988582,4800.0,0.0
2030-04-08 16:00:00,0.0,0.0,3300.0,3348.960949988582,4800.0,0.0
2030-04-08 17:00:00,4303.585293445993,0.0,0.0,3348.960949988582,0.0,4800.0
2030-04-08 18:00:00,4303.585293445993,0.0,0.0,3348.960949988582,0.0,4800.0
2030-04-08 19:00:00,4303.585293445993,0.0,0.0,3348.960949988582,0.0,4800.0
2030-04-08 20:00:00,4303.585293445993,0.0,0.0,3348.960949988582,0.0,4800.0
2030-04-08 21:00:00,4303.585293445993,0.0,0.0,3348.960949988582,0.0,4800.0
2030-04-08 22:00:00,4303.585293445993,0.0,0.0,3348.960949988582,0.0,4800.0
2030-04-08 23:00:00,4303.585293445993,0.0,0.0,3348.960949988582,0.0,4800.0
2030-04-09 00:00:00,4303.585293445993,0.0,0.0,3348.960949988582,0.0,4800.0
2030-04-09 01:00:00,4303.585293445993,0.0,0.0,3348.960949988582,0.0,4800.0
2030-04-09 02:00:00,4303.585293445993,0.0,0.0,3348.960949988582,0.0,4800.0
2030-04-09 03:00:00,4303.585293445993,0.0,0.0,3348.960949988582,0.0,4800.0
2030-04-09 04:00:00,4303.585293445993,0.0,0.0,3348.960949988582,0.0,4800.0
2030-04-09 05:00:00,4303.585293445993,0.0,0.0,3348.960949988582,0.0,4800.0
2030-04-09 06:00:00,4303.585293445993,0.0,0.0,3348.960949988582,0.0,4800.0
2030-04-09 07:00:00,4303.585293445993,0.0,0.0,3348.960949988582,0.0,4800.0
2030-04-09 08:00:00,4303.585293445993,0.0,0.0,3348.960949988582,0.0,4800.0
2030-04-09 09:00:00,0.0,0.0,3300.0,3348.960949988582,0.0,3030.0426014296936
2030-04-09 10:00:00,0.0,0.0,3300.0,3348.960949988582,2268.591938858186,0.0
2030-04-09 11:00:00,0.0,0.0,3300.0,3348.960949988582,4800.0,1343.7741085285488
2030-04-09 12:00:00,0.0,0.0,3300.0,3348.960949988582,0.0,1354.7521117883516
2030-04-09 13:00:00,0.0,0.0,2162.434688874093,3348.960949988582,0.0,4800.0
2030-04-09 14:00:00,4303.585293445993,0.0,0.0,3348.960949988582,0.0,4800.0
2030-04-09 15:00:00,4303.585293445993,0.0,0.0,3348.960949988582,0.0,4800.0
2030-04-09 16:00:00,4303.585293445993,0.0,0.0,3348.960949988582,0.0,4800.0
2030-04-09 17:00:00,4303.585293445993,0.0,0.0,3348.960949988582,0.0,4800.0
2030-04-09 18:00:00,4303.585293445993,0.0,0.0,3348.960949988582,0.0,4800.0
2030-04-09 19:00:00,4303.585293445993,0.0,0.0,3348.960949988582,0.0,4800.0
2030-04-09 20:00:00,4303.585293445993,0.0,0.0,3348.960949988582,0.0,4800.0
2030-04-09 21:00:00,4303.585293445993,0.0,0.0,3348.960949988582,0.0,4800.0
2030-04-09 22:00:00,0.0,0.0,319.6669168116059,3348.960949988582,0.0,4800.0
2030-04-09 23:00:00,0.0,0.0,3300.0,3348.960949988582,4800.0,0.0
2030-04-10 00:00:00,0.0,0.0,3300.0,3348.960949988582,4800.0,0.0
2030-04-10 01:00:00,0.0,0.0,3300.0,3348.960949988582,4800.0,0.0
2030-04-10 02:00:00,0.0,0.0,3300.0,3348.960949988582,4800.0,0.0
2030-04-10 03:00:00,0.0,0.0,3300.0,3348.960949988582,4800.0,0.0
2030-04-10 04:00:00,0.0,0.0,3300.0,3348.960949988582,4800.0,0.0
2030-04-10 05:00:00,0.0,0.0,3300.0,3348.960949988582,4800.0,0.0
2030-04-10 06:00:00,0.0,0.0,3300.0,3348.960949988582,4800.0,0.0
2030-04-10 07:00:00,0.0,0.0,3300.0,3348.960949988582,4800.0,0.0
2030-04-10 08:00:00,0.0,0.0,3300.0,3348.960949988582,4800.0,0.0
2030-04-10 09:00:00,0.0,0.0,3300.0,3348.960949988582,4800.0,0.0
2030-04-10 10:00:00,0.0,0.0,3300.0,3348.960949988582,4800.0,0.0
2030-04-10 11:00:00,0.0,0.0,3300.0,3348.960949988582,4800.0,0.0
2030-04-10 12:00:00,0.0,0.0,3300.0,3348.960949988582,4800.0,0.0
2030-04-10 13:00:00,0.0,0.0,3300.0,3348.960949988582,4800.0,0.0
2030-04-10 14:00:00,0.0,0.0,3300.0,3348.960949988582,4800.0,0.0
2030-04-10 15:00:00,0.0,0.0,3300.0,3348.960949988582,4800.0,0.0
2030-04-10 16:00:00,0.0,0.0,3300.0,3348.960949988582,4800.0,0.0
2030-04-10 17:00:00,0.0,0.0,3300.0,3348.960949988582,3147.0744219456974,0.0
2030-04-10 18:00:00,0.0,0.0,3300.0,3348.960949988582,3310.5959553934954,0.0
2030-04-10 19:00:00,0.0,0.0,3300.0,3348.960949988582,4800.0,0.0
2030-04-10 20:00:00,0.0,0.0,3300.0,3348.960949988582,4800.0,0.0
2030-04-10 21:00:00,0.0,0.0,3300.0,3348.960949988582,4800.0,0.0
2030-04-10 22:00:00,0.0,0.0,3300.0,3348.960949988582,4800.0,0.0
2030-04-10 23:00:00,0.0,0.0,3300.0,3348.960949988582,4800.0,0.0
2030-04-11 00:00:00,0.0,0.0,3300.0,3348.960949988582,4800.0,0.0
2030-04-11 01:00:00,0.0,0.0,3300.0,3348.960949988582,4800.0,0.0
2030-04-11 02:00:00,0.0,0.0,3300.0,3348.960949988582,4800.0,0.0
2030-04-11 03:00:00,0.0,0.0,3300.0,3348.960949988582,4800.0,0.0
2030-04-11 04:00:00,0.0,0.0,3300.0,3348.960949988582,4800.0,0.0
2030-04-11 05:00:00,0.0,0.0,3300.0,3348.960949988582,4800.0,0.0
2030-04-11 06:00:00,0.0,0.0,3300.0,3348.960949988582,4800.0,0.0
2030-04-11 07:00:00,0.0,0.0,3300.0,3348.960949988582,4800.0,0.0
2030-04-11 08:00:00,0.0,0.0,3300.0,3348.960949988582,4800.0,0.0
2030-04-11 09:00:00,0.0,0.0,3300.0,3348.960949988582,4800.0,0.0
2030-04-11 10:00:00,0.0,0.0,3300.0,3348.960949988582,4800.0,0.0
2030-04-11 11:00:00,0.0,0.0,3300.0,3348.960949988582,4800.0,0.0
2030-04-11 12:00:00,0.0,0.0,3300.0,3348.960949988582,4800.0,0.0
2030-04-11 13:00:00,0.0,0.0,3300.0,3348.960949988582,4800.0,0.0
2030-04-11 14:00:00,0.0,0.0,3300.0,3348.960949988582,4800.0,0.0
2030-04-11 15:00:00,0.0,0.0,3300.0,3348.960949988582,965.6100397664559,0.0
2030-04-11 16:00:00,4303.585293445993,0.0,0.0,3348.960949988582,0.0,4800.0
2030-04-11 17:00:00,4303.585293445993,0.0,0.0,3348.960949988582,0.0,4800.0
2030-04-11 18:00:00,4303.585293445993,0.0,0.0,3348.960949988582,0.0,4800.0
2030-04-11 19:00:00,4303.585293445993,0.0,0.0,3348.960949988582,0.0,4800.0
2030-04-11 20:00:00,4303.585293445993,0.0,0.0,3348.960949988582,0.0,4800.0
2030-04-11 21:00:00,4303.585293445993,0.0,0.0,3348.960949988582,0.0,4800.0
2030-04-11 22:00:00,4303.585293445993,0.0,0.0,3348.960949988582,0.0,4800.0
2030-04-11 23:00:00,4303.585293445993,0.0,0.0,3348.960949988582,0.0,4800.0
2030-04-12 00:00:00,4303.585293445993,0.0,0.0,3348.960949988582,0.0,4800.0
2030-04-12 01:00:00,4303.585293445993,0.0,0.0,3348.960949988582,0.0,4800.0
2030-04-12 02:00:00,4303.585293445993,0.0,0.0,3348.960949988582,0.0,4800.0
2030-04-12 03:00:00,4303.585293445993,0.0,0.0,3348.960949988582,0.0,4800.0
2030-04-12 04:00:00,4303.585293445993,0.0,0.0,3348.960949988582,0.0,4800.0
2030-04-12 05:00:00,4303.585293445993,0.0,0.0,3348.960949988582,0.0,4800.0
2030-04-12 06:00:00,4303.585293445993,0.0,0.0,3348.960949988582,0.0,4800.0
2030-04-12 07:00:00,4303.585293445993,0.0,0.0,3348.960949988582,0.0,4800.0
2030-04-12 08:00:00,4303.585293445993,0.0,0.0,3348.960949988582,0.0,4800.0
2030-04-12 09:00:00,4303.585293445993,0.0,0.0,3348.960949988582,0.0,4800.0
2030-04-12 10:00:00,4303.585293445993,0.0,0.0,3348.960949988582,0.0,4800.0
2030-04-12 11:00:00,4303.585293445993,0.0,0.0,3348.960949988582,0.0,4800.0
2030-04-12 12:00:00,4303.585293445993,0.0,0.0,3348.960949988582,0.0,4800.0
2030-04-12 13:00:00,4303.585293445993,0.0,0.0,3348.960949988582,0.0,4800.0
2030-04-12 14:00:00,4303.585293445993,0.0,0.0,3348.960949988582,0.0,4800.0
2030-04-12 15:00:00,4303.585293445993,0.0,0.0,3348.960949988582,0.0,4800.0
2030-04-12 16:00:00,4303.585293445993,0.0,0.0,3348.960949988582,0.0,4800.0
2030-04-12 17:00:00,4303.585293445993,0.0,0.0,3348.960949988582,0.0,4800.0
2030-04-12 18:00:00,4303.585293445993,0.0,0.0,3348.960949988582,0.0,4800.0
2030-04-12 19:00:00,4303.585293445993,0.0,0.0,3348.960949988582,0.0,4800.0
2030-04-12 20:00:00,4303.585293445993,0.0,0.0,3348.960949988582,0.0,4800.0
2030-04-12 21:00:00,4303.585293445993,0.0,0.0,3348.960949988582,0.0,4800.0
2030-04-12 22:00:00,4303.585293445993,0.0,0.0,3348.960949988582,0.0,4800.0
2030-04-12 23:00:00,4303.585293445993,0.0,0.0,3348.960949988582,0.0,4800.0
2030-04-13 00:00:00,4303.585293445993,0.0,0.0,3348.960949988582,0.0,4800.0
2030-04-13 01:00:00,4303.585293445993,0.0,0.0,3348.960949988582,0.0,4800.0
2030-04-13 02:00:00,4303.585293445993,0.0,0.0,3348.960949988582,0.0,4800.0
2030-04-13 03:00:00,4303.585293445993,0.0,0.0,3348.960949988582,0.0,4800.0
2030-04-13 04:00:00,4303.585293445993,0.0,0.0,3348.960949988582,0.0,4800.0
2030-04-13 05:00:00,4303.585293445993,0.0,0.0,3348.960949988582,0.0,4800.0
2030-04-13 06:00:00,4303.585293445993,277.19890538379695,0.0,3348.960949988582,0.0,4800.0
2030-04-13 07:00:00,4303.585293445993,0.0,0.0,3348.960949988582,0.0,4800.0
2030-04-13 08:00:00,4303.585293445993,0.0,0.0,3348.960949988582,0.0,4800.0
2030-04-13 09:00:00,4303.585293445993,0.0,0.0,3348.960949988582,0.0,4800.0
2030-04-13 10:00:00,4303.585293445993,0.0,0.0,3348.960949988582,0.0,4800.0
2030-04-13 11:00:00,3805.5856305401503,0.0,0.0,3348.960949988582,0.0,4800.0
2030-04-13 12:00:00,2728.4297488174334,0.0,0.0,3348.960949988582,0.0,4800.0
2030-04-13 13:00:00,4303.585293445993,0.0,0.0,3348.960949988582,0.0,4800.0
2030-04-13 14:00:00,4303.585293445993,0.0,0.0,3348.960949988582,0.0,4800.0
2030-04-13 15:00:00,4303.585293445993,0.0,0.0,3348.960949988582,0.0,4800.0
2030-04-13 16:00:00,4303.585293445993,0.0,0.0,3348.960949988582,0.0,4800.0
2030-04-13 17:00:00,4303.585293445993,0.0,0.0,3348.960949988582,0.0,4800.0
2030-04-13 18:00:00,4303.585293445993,0.0,0.0,3348.960949988582,0.0,4800.0
2030-04-13 19:00:00,4303.585293445993,0.0,0.0,3348.960949988582,0.0,4800.0
2030-04-13 20:00:00,4303.585293445993,0.0,0.0,3348.960949988582,0.0,4800.0
2030-04-13 21:00:00,4303.585293445993,0.0,0.0,3348.960949988582,0.0,4800.0
2030-04-13 22:00:00,4303.585293445993,0.0,0.0,3348.960949988582,0.0,4800.0
2030-04-13 23:00:00,4303.585293445993,0.0,0.0,3348.960949988582,0.0,4800.0
2030-04-14 00:00:00,4303.585293445993,0.0,0.0,3348.960949988582,0.0,4800.0
2030-04-14 01:00:00,4303.585293445993,0.0,0.0,3348.960949988582,0.0,4800.0
2030-04-14 02:00:00,4303.585293445993,0.0,0.0,3348.960949988582,0.0,4800.0
2030-04-14 03:00:00,4303.585293445993,0.0,0.0,3348.960949988582,0.0,4800.0
2030-04-14 04:00:00,4303.585293445993,0.0,0.0,3348.960949988582,0.0,4800.0
2030-04-14 05:00:00,4303.585293445993,0.0,0.0,3348.960949988582,0.0,4800.0
2030-04-14 06:00:00,4303.585293445993,0.0,0.0,3348.960949988582,0.0,4800.0
2030-04-14 07:00:00,4303.585293445993,0.0,0.0,3348.960949988582,0.0,4800.0
2030-04-14 08:00:00,4303.585293445993,0.0,0.0,3348.960949988582,0.0,4800.0
2030-04-14 09:00:00,0.0,0.0,3300.0,3348.960949988582,0.0,3591.380203142402
2030-04-14 10:00:00,0.0,0.0,3300.0,3348.960949988582,4800.0,0.0
2030-04-14 11:00:00,0.0,0.0,3300.0,3348.960949988582,4800.0,0.0
2030-04-14 12:00:00,0.0,0.0,3300.0,3348.960949988582,4800.0,0.0
2030-04-14 13:00:00,0.0,0.0,3300.0,3348.960949988582,4800.0,0.0
2030-04-14 14:00:00,0.0,0.0,3300.0,3348.960949988582,4800.0,0.0
2030-04-14 15:00:00,2321.248688002508,0.0,0.0,3348.960949988582,0.0,4800.0
2030-04-14 16:00:00,4303.585293445993,0.0,0.0,3348.960949988582,0.0,4800.0
2030-04-14 17:00:00,4303.585293445993,0.0,0.0,3348.960949988582,0.0,4800.0
2030-04-14 18:00:00,4303.585293445993,0.0,0.0,3348.960949988582,0.0,4800.0
2030-04-14 19:00:00,4303.585293445993,0.0,0.0,3348.960949988582,0.0,4800.0
2030-04-14 20:00:00,4303.585293445993,0.0,0.0,3348.960949988582,0.0,4800.0
2030-04-14 21:00:00,4303.585293445993,0.0,0.0,3348.960949988582,0.0,4800.0
2030-04-14 22:00:00,4303.585293445993,0.0,0.0,3348.960949988582,0.0,4800.0
2030-04-14 23:00:00,4303.585293445993,0.0,0.0,3348.960949988582,0.0,4800.0
2030-04-15 00:00:00,4303.585293445993,0.0,0.0,3348.960949988582,0.0,4800.0
2030-04-15 01:00:00,4303.585293445993,0.0,0.0,3348.960949988582,0.0,4800.0
2030-04-15 02:00:00,4303.585293445993,0.0,0.0,3348.960949988582,0.0,4800.0
2030-04-15 03:00:00,4303.585293445993,0.0,0.0,3348.960949988582,0.0,4800.0
2030-04-15 04:00:00,4303.585293445993,0.0,0.0,3348.960949988582,0.0,4800.0
2030-04-15 05:00:00,4303.585293445993,0.0,0.0,3348.960949988582,0.0,4800.0
2030-04-15 06:00:00,4303.585293445993,0.0,0.0,3348.960949988582,0.0,4800.0
2030-04-15 07:00:00,4303.585293445993,0.0,0.0,3348.960949988582,0.0,4800.0
2030-04-15 08:00:00,0.0,0.0,2215.5566439922004,3348.960949988582,0.0,4800.0
2030-04-15 09:00:00,0.0,0.0,3300.0,3348.960949988582,4800.0,0.0
2030-04-15 10:00:00,0.0,0.0,3300.0,3348.960949988582,4800.0,0.0
2030-04-15 11:00:00,0.0,0.0,3300.0,3348.960949988582,4800.0,0.0
2030-04-15 12:00:00,0.0,0.0,3300.0,3348.960949988582,4800.0,0.0
2030-04-15 13:00:00,0.0,0.0,3300.0,3348.960949988582,4800.0,0.0
2030-04-15 14:00:00,0.0,0.0,3300.0,3348.960949988582,2669.2367278937254,0.0
2030-04-15 15:00:00,4303.585293445993,0.0,0.0,3348.960949988582,0.0,4800.0
2030-04-15 16:00:00,4303.585293445993,0.0,0.0,3348.960949988582,0.0,4800.0
2030-04-15 17:00:00,4303.585293445993,0.0,0.0,3348.960949988582,0.0,4800.0
2030-04-15 18:00:00,4303.585293445993,0.0,0.0,3348.960949988582,0.0,4800.0
2030-04-15 19:00:00,4303.585293445993,0.0,0.0,3348.960949988582,0.0,4800.0
2030-04-15 20:00:00,4303.585293445993,0.0,0.0,3348.960949988582,0.0,4800.0
2030-04-15 21:00:00,4303.585293445993,0.0,0.0,3348.960949988582,0.0,4800.0
2030-04-15 22:00:00,4303.585293445993,0.0,0.0,3348.960949988582,0.0,4800.0
2030-04-15 23:00:00,4303.585293445993,0.0,0.0,3348.960949988582,0.0,4800.0
2030-04-16 00:00:00,4303.585293445993,0.0,0.0,3348.960949988582,0.0,4800.0
2030-04-16 01:00:00,4303.585293445993,0.0,0.0,3348.960949988582,0.0,4800.0
2030-04-16 02:00:00,4303.585293445993,0.0,0.0,3348.960949988582,0.0,4800.0
2030-04-16 03:00:00,4303.585293445993,0.0,0.0,3348.960949988582,0.0,4800.0
2030-04-16 04:00:00,4303.585293445993,0.0,0.0,3348.960949988582,0.0,4800.0
2030-04-16 05:00:00,4303.585293445993,0.0,0.0,3348.960949988582,0.0,4800.0
2030-04-16 06:00:00,4303.585293445993,0.0,0.0,3348.960949988582,0.0,4800.0
2030-04-16 07:00:00,3384.8112466433886,0.0,0.0,3348.960949988582,0.0,4800.0
2030-04-16 08:00:00,0.0,0.0,2420.891018579343,3348.960949988582,0.0,4800.0
2030-04-16 09:00:00,0.0,0.0,3300.0,3341.1970894011465,4800.0,0.0
2030-04-16 10:00:00,0.0,0.0,3300.0,2471.3104315899013,4800.0,0.0
2030-04-16 11:00:00,0.0,0.0,3300.0,3348.960949988582,4800.0,0.0
2030-04-16 12:00:00,0.0,0.0,3300.0,2183.947626542955,4800.0,0.0
2030-04-16 13:00:00,0.0,1008.4821604427123,3300.0,3348.960949988582,4800.0,0.0
2030-04-16 14:00:00,0.0,877.5354939265874,3300.0,3348.960949988582,4800.0,0.0
2030-04-16 15:00:00,0.0,633.4664038766097,3300.0,3348.960949988582,4800.0,0.0
2030-04-16 16:00:00,0.0,0.0,3300.0,3179.006894786912,4800.0,0.0
2030-04-16 17:00:00,1669.0402253779466,0.0,3300.0,3348.960949988582,0.0,4800.0
2030-04-16 18:00:00,1361.6758656432835,0.0,3300.0,3348.960949988582,0.0,4800.0
2030-04-16 19:00:00,0.0,0.0,1801.8460304050082,3348.960949988582,0.0,4800.0
2030-04-16 20:00:00,1618.5969390608686,0.0,3300.0,3348.960949988582,3442.106196735217,4800.0
2030-04-16 21:00:00,0.0,0.0,3300.0,3348.960949988582,4800.0,3187.458621704791
2030-04-16 22:00:00,0.0,0.0,3300.0,3348.960949988582,3044.6578430406225,4800.0
2030-04-16 23:00:00,0.0,0.0,3300.0,3348.960949988582,4800.0,4142.914815572236
2030-04-17 00:00:00,0.0,0.0,3300.0,3348.960949988582,2033.2021009175078,0.0
2030-04-17 01:00:00,0.0,0.0,3300.0,3348.960949988582,3943.3408539521333,0.0
2030-04-17 02:00:00,0.0,0.0,1216.7565589211817,3348.960949988582,3991.360625928405,0.0
2030-04-17 03:00:00,0.0,0.0,3300.0,3348.960949988582,2641.952627641498,4800.0
2030-04-17 04:00:00,0.0,0.0,2446.4254461584537,3348.960949988582,0.0,4800.0
2030-04-17 05:00:00,0.0,0.0,2462.71056283914,3348.960949988582,0.0,4800.0
2030-04-17 06:00:00,0.0,0.0,1778.8151429355876,3348.960949988582,0.0,4800.0
2030-04-17 07:00:00,0.0,0.0,3300.0,3056.970568012396,4800.0,0.0
2030-04-17 08:00:00,0.0,0.0,3300.0,1943.386780200462,4800.0,0.0
2030-04-17 09:00:00,0.0,1349.8515642840832,3300.0,3348.960949988582,4800.0,0.0
2030-04-17 10:00:00,0.0,0.0,3300.0,9.370906887678984,4800.0,0.0
2030-04-17 11:00:00,0.0,1349.8515642840832,3300.0,2288.2214645634467,4800.0,0.0
2030-04-17 12:00:00,0.0,0.0,3300.0,0.0,4800.0,0.0
2030-04-17 13:00:00,0.0,0.0,3300.0,0.0,4800.0,0.0
2030-04-17 14:00:00,0.0,0.0,3300.0,0.0,4800.0,0.0
2030-04-17 15:00:00,0.0,0.0,3300.0,388.9299984686904,4800.0,0.0
2030-04-17 16:00:00,0.0,1349.8515642840832,3300.0,2772.920790994586,4800.0,0.0
2030-04-17 17:00:00,4303.585293445993,0.0,361.5706746776559,3348.960949988582,0.0,4800.0
2030-04-17 18:00:00,4303.585293445993,0.0,0.0,3348.960949988582,0.0,4800.0
2030-04-17 19:00:00,4303.585293445993,0.0,0.0,3348.960949988582,0.0,4800.0
2030-04-17 20:00:00,4303.585293445993,0.0,0.0,3348.960949988582,0.0,4800.0
2030-04-17 21:00:00,4303.585293445993,0.0,0.0,3348.960949988582,0.0,4800.0
2030-04-17 22:00:00,4303.585293445993,0.0,0.0,3348.960949988582,0.0,4800.0
2030-04-17 23:00:00,4303.585293445993,0.0,0.0,3348.960949988582,0.0,4800.0
2030-04-18 00:00:00,4303.585293445993,0.0,0.0,3348.960949988582,0.0,4800.0
2030-04-18 01:00:00,4303.585293445993,0.0,0.0,3348.960949988582,0.0,4800.0
2030-04-18 02:00:00,4303.585293445993,0.0,0.0,3348.960949988582,0.0,4800.0
2030-04-18 03:00:00,4303.585293445993,0.0,0.0,3348.960949988582,0.0,4800.0
2030-04-18 04:00:00,4303.585293445993,0.0,0.0,3348.960949988582,0.0,4800.0
2030-04-18 05:00:00,4303.585293445993,0.0,0.0,3348.960949988582,0.0,4800.0
2030-04-18 06:00:00,4303.585293445993,0.0,0.0,3348.960949988582,0.0,4800.0
2030-04-18 07:00:00,3903.394652486661,0.0,3300.0,3348.960949988582,0.0,4800.0
2030-04-18 08:00:00,0.0,0.0,3300.0,704.2443527393841,4800.0,0.0
2030-04-18 09:00:00,0.0,795.9641142841626,3300.0,0.0,4800.0,0.0
2030-04-18 10:00:00,0.0,676.7842432741957,3300.0,0.0,4800.0,0.0
2030-04-18 11:00:00,0.0,1349.8515642840832,3300.0,0.0,4800.0,0.0
2030-04-18 12:00:00,0.0,1349.8515642840832,3300.0,898.6684234071034,4800.0,0.0
2030-04-18 13:00:00,0.0,1349.8515642840832,3300.0,0.0,4800.0,0.0
2030-04-18 14:00:00,0.0,1349.8515642840832,3300.0,1076.2274821264866,4800.0,0.0
2030-04-18 15:00:00,0.0,1349.8515642840832,3300.0,1772.9001237726238,4800.0,0.0
2030-04-18 16:00:00,4303.585293445993,0.0,2545.8122903446215,3348.960949988582,0.0,4800.0
2030-04-18 17:00:00,4303.585293445993,0.0,0.0,3348.960949988582,0.0,4800.0
2030-04-18 18:00:00,4303.585293445993,0.0,0.0,3348.960949988582,0.0,4800.0
2030-04-18 19:00:00,4303.585293445993,0.0,0.0,3348.960949988582,0.0,4800.0
2030-04-18 20:00:00,3524.867323406861,0.0,3300.0,3348.960949988582,0.0,4800.0
2030-04-18 21:00:00,0.0,0.0,3082.574928811002,3348.960949988582,0.0,4800.0
2030-04-18 22:00:00,0.0,0.0,3300.0,3348.960949988582,4800.0,0.0
2030-04-18 23:00:00,0.0,0.0,3300.0,3348.960949988582,4800.0,0.0
2030-04-19 00:00:00,0.0,0.0,3300.0,3348.960949988582,4800.0,0.0
2030-04-19 01:00:00,0.0,0.0,3300.0,3348.960949988582,4800.0,206.82010443468607
2030-04-19 02:00:00,0.0,0.0,3300.0,3348.960949988582,343.1672186585711,0.0
2030-04-19 03:00:00,0.0,0.0,1917.2900857307177,3348.960949988582,0.0,4405.015222609851
2030-04-19 04:00:00,0.0,0.0,1237.8733378042089,3348.960949988582,0.0,4800.0
2030-04-19 05:00:00,4303.585293445993,0.0,0.0,3348.960949988582,0.0,4800.0
2030-04-19 06:00:00,1826.7545077244213,0.0,3300.0,3348.960949988582,0.0,4800.0
2030-04-19 07:00:00,0.0,0.0,2496.51421729092,3348.960949988582,0.0,2555.623157275064
2030-04-19 08:00:00,0.0,1349.8515642840832,3300.0,2907.0530171378923,4800.0,0.0
2030-04-19 09:00:00,0.0,0.0,3300.0,675.1540185426654,4800.0,0.0
2030-04-19 10:00:00,0.0,1349.8515642840832,3300.0,1668.336078563295,4800.0,0.0
2030-04-19 11:00:00,0.0,853.6255214579371,3300.0,0.0,4800.0,0.0
2030-04-19 12:00:00,0.0,1349.8515642840832,3300.0,0.0,4800.0,0.0
2030-04-19 13:00:00,0.0,1349.8515642840832,3300.0,0.0,4800.0,0.0
2030-04-19 14:00:00,0.0,1349.8515642840832,3300.0,0.0,4800.0,0.0
2030-04-19 15:00:00,0.0,1086.6557509475795,3300.0,0.0,4800.0,0.0
2030-04-19 16:00:00,4303.585293445993,0.0,2522.6420880447195,3348.960949988582,0.0,4800.0
2030-04-19 17:00:00,4303.585293445993,0.0,0.0,3348.960949988582,0.0,4800.0
2030-04-19 18:00:00,4303.585293445993,0.0,0.0,3348.960949988582,0.0,4800.0
2030-04-19 19:00:00,4303.585293445993,0.0,0.0,3348.960949988582,0.0,4800.0
2030-04-19 20:00:00,0.0,0.0,975.3997585145216,3348.960949988582,2720.893161557932,4800.0
2030-04-19 21:00:00,0.0,0.0,3300.0,3348.960949988582,4800.0,0.0
2030-04-19 22:00:00,0.0,217.55364995465038,3300.0,3348.960949988582,4800.0,0.0
2030-04-19 23:00:00,0.0,0.0,3300.0,3348.960949988582,4800.0,0.0
2030-04-20 00:00:00,0.0,0.0,3300.0,3348.960949988582,4800.0,0.0
2030-04-20 01:00:00,0.0,0.0,3300.0,3348.960949988582,4800.0,0.0
2030-04-20 02:00:00,0.0,0.0,3300.0,3348.960949988582,4800.0,1315.1364097933474
2030-04-20 03:00:00,0.0,0.0,1861.7942315915943,3348.960949988582,1723.7425810492268,4800.0
2030-04-20 04:00:00,0.0,0.0,1939.6208082057092,3348.960949988582,0.0,4800.0
2030-04-20 05:00:00,4303.585293445993,0.0,2547.511330705478,3348.960949988582,0.0,4800.0
2030-04-20 06:00:00,0.0,0.0,1522.5562924742203,3348.960949988582,0.0,4800.0
2030-04-20 07:00:00,0.0,916.4337230936785,3300.0,3348.960949988582,4800.0,0.0
2030-04-20 08:00:00,0.0,0.0,3300.0,1492.0646721998737,4800.0,0.0
2030-04-20 09:00:00,0.0,1349.8515642840832,3300.0,1813.4819962187744,4800.0,0.0
2030-04-20 10:00:00,0.0,1349.8515642840832,3300.0,1317.8483281879867,4800.0,0.0
2030-04-20 11:00:00,0.0,1349.8515642840832,3300.0,0.0,4800.0,0.0
2030-04-20 12:00:00,0.0,1349.8515642840832,3300.0,977.1488684236853,4800.0,0.0
2030-04-20 13:00:00,0.0,1349.8515642840832,3300.0,201.56157138918252,4800.0,0.0
2030-04-20 14:00:00,0.0,89.9465982986377,3300.0,0.0,4800.0,0.0
2030-04-20 15:00:00,0.0,0.0,2917.0504570962357,0.0,0.0,4227.832573817738
2030-04-20 16:00:00,4303.585293445993,0.0,0.0,3348.960949988582,0.0,4800.0
2030-04-20 17:00:00,4303.585293445993,0.0,0.0,3348.960949988582,0.0,4800.0
2030-04-20 18:00:00,4303.585293445993,0.0,0.0,3348.960949988582,0.0,4800.0
2030-04-20 19:00:00,4303.585293445993,0.0,0.0,3348.960949988582,0.0,4800.0
2030-04-20 20:00:00,4303.585293445993,0.0,0.0,3348.960949988582,0.0,4800.0
2030-04-20 21:00:00,4303.585293445993,0.0,0.0,3348.960949988582,0.0,4800.0
2030-04-20 22:00:00,4303.585293445993,0.0,0.0,3348.960949988582,0.0,4800.0
2030-04-20 23:00:00,4303.585293445993,0.0,0.0,3348.960949988582,0.0,4800.0
2030-04-21 00:00:00,4303.585293445993,0.0,0.0,3348.960949988582,0.0,4800.0
2030-04-21 01:00:00,4303.585293445993,0.0,0.0,3348.960949988582,0.0,4800.0
2030-04-21 02:00:00,4303.585293445993,0.0,0.0,3348.960949988582,0.0,4800.0
2030-04-21 03:00:00,4303.585293445993,0.0,0.0,3348.960949988582,0.0,4800.0
2030-04-21 04:00:00,4303.585293445993,0.0,0.0,3348.960949988582,0.0,4800.0
2030-04-21 05:00:00,4303.585293445993,0.0,0.0,3348.960949988582,0.0,4800.0
2030-04-21 06:00:00,4303.585293445993,0.0,0.0,3348.960949988582,0.0,4800.0
2030-04-21 07:00:00,4303.585293445993,0.0,2585.945673149577,3348.960949988582,0.0,4800.0
2030-04-21 08:00:00,0.0,1349.8515642840832,1227.55084670329,3348.960949988582,4800.0,1974.505846592197
2030-04-21 09:00:00,0.0,1349.8515642840832,3300.0,1787.9202330180963,4800.0,0.0
2030-04-21 10:00:00,0.0,1349.8515642840832,3300.0,451.98198407882023,4800.0,0.0
2030-04-21 11:00:00,0.0,1349.8515642840832,3300.0,0.0,4800.0,0.0
2030-04-21 12:00:00,0.0,1349.8515642840832,3300.0,0.0,4800.0,0.0
2030-04-21 13:00:00,0.0,1349.8515642840832,3300.0,0.0,4800.0,0.0
2030-04-21 14:00:00,0.0,1349.8515642840832,3300.0,3348.960949988582,4800.0,0.0
2030-04-21 15:00:00,1045.5025386371854,0.0,0.0,3348.960949988582,0.0,4800.0
2030-04-21 16:00:00,4303.585293445993,0.0,0.0,3348.960949988582,0.0,4800.0
2030-04-21 17:00:00,4303.585293445993,0.0,0.0,3348.960949988582,0.0,4800.0
2030-04-21 18:00:00,4303.585293445993,0.0,0.0,3348.960949988582,0.0,4800.0
2030-04-21 19:00:00,4303.585293445993,0.0,0.0,3348.960949988582,0.0,4800.0
2030-04-21 20:00:00,4303.585293445993,0.0,0.0,3348.960949988582,0.0,4800.0
2030-04-21 21:00:00,4303.585293445993,0.0,0.0,3348.960949988582,0.0,4800.0
2030-04-21 22:00:00,4303.585293445993,0.0,0.0,3348.960949988582,0.0,4800.0
2030-04-21 23:00:00,4303.585293445993,0.0,0.0,3348.960949988582,0.0,4800.0
2030-04-22 00:00:00,4303.585293445993,0.0,0.0,3348.960949988582,0.0,4800.0
2030-04-22 01:00:00,4303.585293445993,0.0,0.0,3348.960949988582,0.0,4800.0
2030-04-22 02:00:00,4303.585293445993,0.0,0.0,3348.960949988582,0.0,4800.0
2030-04-22 03:00:00,4303.585293445993,0.0,0.0,3348.960949988582,0.0,4800.0
2030-04-22 04:00:00,4303.585293445993,0.0,0.0,3348.960949988582,0.0,4800.0
2030-04-22 05:00:00,4303.585293445993,0.0,2916.7724720055703,3348.960949988582,0.0,4800.0
2030-04-22 06:00:00,0.0,0.0,2084.518970499502,3348.960949988582,3507.132269968145,4800.0
2030-04-22 07:00:00,0.0,1349.8515642840832,3300.0,1334.2735803600917,4800.0,0.0
2030-04-22 08:00:00,0.0,1349.8515642840832,3300.0,440.84078399392115,4800.0,0.0
2030-04-22 09:00:00,0.0,1349.8515642840832,3300.0,0.0,4800.0,0.0
2030-04-22 10:00:00,0.0,1349.8515642840832,3300.0,0.0,4800.0,0.0
2030-04-22 11:00:00,0.0,1349.8515642840832,3300.0,0.0,4800.0,0.0
2030-04-22 12:00:00,0.0,1349.8515642840832,3300.0,0.0,4800.0,0.0
2030-04-22 13:00:00,0.0,1349.8515642840832,3300.0,0.0,4800.0,0.0
2030-04-22 14:00:00,0.0,0.0,3300.0,0.0,4800.0,0.0
2030-04-22 15:00:00,0.0,0.0,3300.0,2975.726132465925,4800.0,0.0
2030-04-22 16:00:00,1282.5221548547474,0.0,0.0,3348.960949988582,0.0,4800.0
2030-04-22 17:00:00,4303.585293445993,0.0,0.0,3348.960949988582,0.0,4800.0
2030-04-22 18:00:00,4303.585293445993,0.0,0.0,3348.960949988582,0.0,4800.0
2030-04-22 19:00:00,4303.585293445993,0.0,0.0,3348.960949988582,0.0,4800.0
2030-04-22 20:00:00,4303.585293445993,0.0,0.0,3348.960949988582,0.0,4800.0
2030-04-22 21:00:00,4303.585293445993,0.0,0.0,3348.960949988582,0.0,4800.0
2030-04-22 22:00:00,4303.585293445993,0.0,0.0,3348.960949988582,0.0,4800.0
2030-04-22 23:00:00,4303.585293445993,0.0,0.0,3348.960949988582,0.0,4800.0
2030-04-23 00:00:00,4303.585293445993,0.0,0.0,3348.960949988582,0.0,4800.0
2030-04-23 01:00:00,4303.585293445993,0.0,0.0,3348.960949988582,0.0,4800.0
2030-04-23 02:00:00,4303.585293445993,0.0,0.0,3348.960949988582,0.0,4800.0
2030-04-23 03:00:00,4303.585293445993,0.0,0.0,3348.960949988582,0.0,4800.0
2030-04-23 04:00:00,4303.585293445993,0.0,0.0,3348.960949988582,0.0,4800.0
2030-04-23 05:00:00,4303.585293445993,0.0,0.0,3348.960949988582,0.0,4800.0
2030-04-23 06:00:00,4303.585293445993,0.0,0.0,3348.960949988582,0.0,4800.0
2030-04-23 07:00:00,0.0,0.0,240.6616247043777,3348.960949988582,2474.8278881535234,4800.0
2030-04-23 08:00:00,0.0,0.0,2315.085162007169,3348.960949988582,4800.0,36.504257122832314
2030-04-23 09:00:00,0.0,203.50832544785624,3300.0,0.0,4800.0,0.0
2030-04-23 10:00:00,0.0,1349.8515642840832,3300.0,0.0,4800.0,0.0
2030-04-23 11:00:00,0.0,1349.8515642840832,3300.0,0.0,4800.0,0.0
2030-04-23 12:00:00,0.0,1349.8515642840832,3300.0,0.0,4800.0,0.0
2030-04-23 13:00:00,0.0,1349.8515642840832,3300.0,0.0,4800.0,0.0
2030-04-23 14:00:00,0.0,1349.8515642840832,3300.0,0.0,4800.0,0.0
2030-04-23 15:00:00,0.0,1301.2843406996703,0.0,3348.960949988582,3852.6052851019194,4800.0
2030-04-23 16:00:00,4303.585293445993,0.0,0.0,3348.960949988582,0.0,4800.0
2030-04-23 17:00:00,4303.585293445993,0.0,0.0,3348.960949988582,0.0,4800.0
2030-04-23 18:00:00,4303.585293445993,0.0,0.0,3348.960949988582,0.0,4800.0
2030-04-23 19:00:00,4303.585293445993,0.0,0.0,3348.960949988582,0.0,4800.0
2030-04-23 20:00:00,4303.585293445993,0.0,0.0,3348.960949988582,0.0,4800.0
2030-04-23 21:00:00,4303.585293445993,0.0,0.0,3348.960949988582,0.0,4800.0
2030-04-23 22:00:00,4303.585293445993,0.0,0.0,3348.960949988582,0.0,4800.0
2030-04-23 23:00:00,4303.585293445993,0.0,0.0,3348.960949988582,0.0,4800.0
2030-04-24 00:00:00,4303.585293445993,0.0,0.0,3348.960949988582,0.0,4800.0
2030-04-24 01:00:00,4303.585293445993,0.0,0.0,3348.960949988582,0.0,4800.0
2030-04-24 02:00:00,4303.585293445993,0.0,0.0,3348.960949988582,0.0,4800.0
2030-04-24 03:00:00,4303.585293445993,0.0,0.0,3348.960949988582,0.0,4800.0
2030-04-24 04:00:00,4303.585293445993,0.0,0.0,3348.960949988582,0.0,4800.0
2030-04-24 05:00:00,4303.585293445993,0.0,0.0,3348.960949988582,0.0,4800.0
2030-04-24 06:00:00,4303.585293445993,0.0,0.0,3348.960949988582,0.0,4800.0
2030-04-24 07:00:00,3775.871669355582,0.0,3300.0,3348.960949988582,0.0,4800.0
2030-04-24 08:00:00,0.0,0.0,3300.0,0.0,4800.0,0.0
2030-04-24 09:00:00,0.0,1349.8515642840832,3300.0,491.7513579895098,4800.0,0.0
2030-04-24 10:00:00,0.0,1349.8515642840832,3300.0,0.0,4800.0,0.0
2030-04-24 11:00:00,0.0,1349.8515642840832,3300.0,0.0,4800.0,0.0
2030-04-24 12:00:00,0.0,1349.8515642840832,3300.0,0.0,4800.0,0.0
2030-04-24 13:00:00,0.0,1349.8515642840832,3300.0,1540.5410146992972,4800.0,0.0
2030-04-24 14:00:00,0.0,1349.8515642840832,3300.0,0.0,4800.0,0.0
2030-04-24 15:00:00,609.3402475124076,0.0,0.0,3348.960949988582,0.0,4800.0
2030-04-24 16:00:00,4303.585293445993,0.0,0.0,3348.960949988582,0.0,4800.0
2030-04-24 17:00:00,4303.585293445993,0.0,0.0,3348.960949988582,0.0,4800.0
2030-04-24 18:00:00,4303.585293445993,0.0,0.0,3348.960949988582,0.0,4800.0
2030-04-24 19:00:00,4303.585293445993,0.0,0.0,3348.960949988582,0.0,4800.0
2030-04-24 20:00:00,4303.585293445993,0.0,0.0,3348.960949988582,0.0,4800.0
2030-04-24 21:00:00,4303.585293445993,0.0,0.0,3348.960949988582,0.0,4800.0
2030-04-24 22:00:00,4303.585293445993,0.0,0.0,3348.960949988582,0.0,4800.0
2030-04-24 23:00:00,4303.585293445993,0.0,0.0,3348.960949988582,0.0,4800.0
2030-04-25 00:00:00,4303.585293445993,0.0,0.0,3348.960949988582,0.0,4800.0
2030-04-25 01:00:00,4303.585293445993,0.0,0.0,3348.960949988582,0.0,4800.0
2030-04-25 02:00:00,4303.585293445993,0.0,0.0,3348.960949988582,0.0,4800.0
2030-04-25 03:00:00,4303.585293445993,0.0,0.0,3348.960949988582,0.0,4800.0
2030-04-25 04:00:00,4303.585293445993,0.0,0.0,3348.960949988582,0.0,4800.0
2030-04-25 05:00:00,4303.585293445993,0.0,0.0,3348.960949988582,0.0,4800.0
2030-04-25 06:00:00,4303.585293445993,0.0,0.0,3348.960949988582,0.0,4800.0
2030-04-25 07:00:00,4303.585293445993,0.0,0.0,3348.960949988582,0.0,4800.0
2030-04-25 08:00:00,0.0,0.0,0.0,795.1130429079353,2201.3896710253284,4800.0
2030-04-25 09:00:00,0.0,1349.8515642840832,0.0,0.0,4800.0,3115.831926965104
2030-04-25 10:00:00,0.0,0.0,0.0,210.15578551586373,4800.0,2420.984251127222
2030-04-25 11:00:00,0.0,1349.8515642840832,277.02475990378815,0.0,4800.0,0.0
2030-04-25 12:00:00,0.0,1349.8515642840832,323.2106946762178,0.0,4800.0,0.0
2030-04-25 13:00:00,0.0,1349.8515642840832,755.1003624703258,0.0,4800.0,0.0
2030-04-25 14:00:00,0.0,1349.8515642840832,1492.7403818973721,0.0,4800.0,0.0
2030-04-25 15:00:00,0.0,1349.8515642840832,0.0,2445.944727433148,4800.0,3264.4588649936304
2030-04-25 16:00:00,2497.750323833118,0.0,0.0,3348.960949988582,0.0,2179.97194491471
2030-04-25 17:00:00,4303.585293445993,0.0,0.0,3348.960949988582,0.0,4800.0
2030-04-25 18:00:00,4303.585293445993,0.0,0.0,3348.960949988582,0.0,4800.0
2030-04-25 19:00:00,4303.585293445993,0.0,0.0,3348.960949988582,0.0,4800.0
2030-04-25 20:00:00,4303.585293445993,0.0,0.0,3348.960949988582,0.0,4800.0
2030-04-25 21:00:00,4303.585293445993,0.0,0.0,3348.960949988582,0.0,4800.0
2030-04-25 22:00:00,4303.585293445993,0.0,0.0,3348.960949988582,0.0,4800.0
2030-04-25 23:00:00,1955.1520940917876,0.0,0.0,3348.960949988582,0.0,4168.611716158568
2030-04-26 00:00:00,0.0,0.0,2145.7044299323506,0.0,0.0,4800.0
2030-04-26 01:00:00,0.0,720.5978256580693,0.0,3348.960949988582,4800.0,3109.2918723578405
2030-04-26 02:00:00,0.0,1349.8515642840832,619.3987210041241,3348.960949988582,0.0,4800.0
2030-04-26 03:00:00,0.0,13.962228308475233,0.0,3348.960949988582,2543.161503186806,4800.0
2030-04-26 04:00:00,4303.585293445993,0.0,0.0,3348.960949988582,0.0,4800.0
2030-04-26 05:00:00,4303.585293445993,0.0,0.0,3348.960949988582,0.0,4800.0
2030-04-26 06:00:00,0.0,0.0,0.0,811.4652070104642,3147.0647483807916,0.0
2030-04-26 07:00:00,0.0,1349.8515642840832,3300.0,0.0,4800.0,0.0
2030-04-26 08:00:00,0.0,1349.8515642840832,3300.0,0.0,4800.0,0.0
2030-04-26 09:00:00,0.0,1349.8515642840832,3300.0,0.0,4800.0,0.0
2030-04-26 10:00:00,0.0,1349.8515642840832,3300.0,0.0,4800.0,0.0
2030-04-26 11:00:00,0.0,1349.8515642840832,3300.0,0.0,4800.0,0.0
2030-04-26 12:00:00,0.0,1349.8515642840832,3300.0,0.0,4800.0,0.0
2030-04-26 13:00:00,0.0,1349.8515642840832,3300.0,0.0,4800.0,0.0
2030-04-26 14:00:00,0.0,1349.8515642840832,3300.0,0.0,4800.0,0.0
2030-04-26 15:00:00,0.0,1349.8515642840832,3300.0,0.0,4800.0,0.0
2030-04-26 16:00:00,4303.585293445993,1349.8515642840832,0.0,0.0,4800.0,0.0
2030-04-26 17:00:00,4303.585293445993,1349.8515642840832,0.0,0.0,0.0,4800.0
2030-04-26 18:00:00,4303.585293445993,1349.8515642840832,0.0,0.0,0.0,4800.0
2030-04-26 19:00:00,4303.585293445993,0.0,0.0,3348.960949988582,396.70794751951325,4800.0
2030-04-26 20:00:00,0.0,1349.8515642840832,0.0,2147.303201192241,4800.0,1948.7581393663786
2030-04-26 21:00:00,0.0,1349.8515642840832,1936.7991396110447,0.0,4800.0,0.0
2030-04-26 22:00:00,0.0,1349.8515642840832,3300.0,0.0,4800.0,0.0
2030-04-26 23:00:00,0.0,1349.8515642840832,3300.0,0.0,4800.0,0.0
2030-04-27 00:00:00,0.0,1349.8515642840832,3300.0,0.0,4800.0,0.0
2030-04-27 01:00:00,0.0,1349.8515642840832,3300.0,0.0,4800.0,0.0
2030-04-27 02:00:00,0.0,1349.8515642840832,3300.0,0.0,4800.0,0.0
2030-04-27 03:00:00,0.0,1349.8515642840832,3300.0,0.0,4800.0,0.0
2030-04-27 04:00:00,0.0,1349.8515642840832,3300.0,0.0,4800.0,0.0
2030-04-27 05:00:00,0.0,1349.8515642840832,3300.0,0.0,4800.0,0.0
2030-04-27 06:00:00,0.0,1349.8515642840832,3300.0,0.0,4800.0,0.0
2030-04-27 07:00:00,0.0,1349.8515642840832,3300.0,0.0,4800.0,0.0
2030-04-27 08:00:00,0.0,1349.8515642840832,3300.0,0.0,4800.0,0.0
2030-04-27 09:00:00,0.0,1349.8515642840832,3300.0,0.0,4800.0,0.0
2030-04-27 10:00:00,0.0,1349.8515642840832,3300.0,0.0,4800.0,0.0
2030-04-27 11:00:00,0.0,1349.8515642840832,3300.0,0.0,4800.0,0.0
2030-04-27 12:00:00,0.0,1349.8515642840832,3300.0,0.0,4800.0,0.0
2030-04-27 13:00:00,0.0,1349.8515642840832,3300.0,0.0,4800.0,0.0
2030-04-27 14:00:00,0.0,1349.8515642840832,3300.0,0.0,4800.0,0.0
2030-04-27 15:00:00,0.0,1349.8515642840832,3300.0,0.0,4800.0,0.0
2030-04-27 16:00:00,0.0,1349.8515642840832,3300.0,0.0,4800.0,0.0
2030-04-27 17:00:00,4303.585293445993,1349.8515642840832,0.0,0.0,4800.0,0.0
2030-04-27 18:00:00,4303.585293445993,1349.8515642840832,0.0,0.0,0.0,1150.5779010696206
2030-04-27 19:00:00,4303.585293445993,1349.8515642840832,0.0,0.0,2579.1183563186178,4800.0
2030-04-27 20:00:00,4303.585293445993,1349.8515642840832,0.0,0.0,3625.1888960357537,0.0
2030-04-27 21:00:00,37.75666783884521,1349.8515642840832,0.0,0.0,4800.0,988.9114584348949
2030-04-27 22:00:00,0.0,977.5421254231077,0.0,0.0,4800.0,3382.907345114785
2030-04-27 23:00:00,960.4098853921195,1349.8515642840832,0.0,0.0,4800.0,0.0
2030-04-28 00:00:00,0.0,1349.8515642840832,0.0,0.0,4800.0,0.0
2030-04-28 01:00:00,0.0,1349.8515642840832,1330.6529645058008,0.0,4800.0,0.0
2030-04-28 02:00:00,0.0,1349.8515642840832,2136.888905077495,0.0,4800.0,0.0
2030-04-28 03:00:00,126.44257145074556,1349.8515642840832,0.0,0.0,4800.0,0.0
2030-04-28 04:00:00,716.844618766938,1349.8515642840832,0.0,0.0,4800.0,0.0
2030-04-28 05:00:00,347.58803907416234,1349.8515642840832,0.0,0.0,4800.0,0.0
2030-04-28 06:00:00,0.0,1349.8515642840832,3300.0,0.0,4800.0,0.0
2030-04-28 07:00:00,0.0,1349.8515642840832,3300.0,0.0,4800.0,0.0
2030-04-28 08:00:00,0.0,1349.8515642840832,3300.0,0.0,4800.0,0.0
2030-04-28 09:00:00,0.0,1349.8515642840832,3300.0,0.0,4800.0,0.0
2030-04-28 10:00:00,0.0,1349.8515642840832,3300.0,0.0,4800.0,0.0
2030-04-28 11:00:00,0.0,1349.8515642840832,3300.0,0.0,4800.0,0.0
2030-04-28 12:00:00,0.0,1349.8515642840832,3300.0,0.0,4800.0,0.0
2030-04-28 13:00:00,0.0,1349.8515642840832,3300.0,0.0,4800.0,0.0
2030-04-28 14:00:00,0.0,1349.8515642840832,3300.0,0.0,4800.0,0.0
2030-04-28 15:00:00,0.0,1349.8515642840832,930.2734739574771,0.0,4800.0,0.0
2030-04-28 16:00:00,4303.585293445993,1349.8515642840832,0.0,0.0,0.0,4800.0
2030-04-28 17:00:00,4303.585293445993,1349.8515642840832,0.0,0.0,0.0,4800.0
2030-04-28 18:00:00,4303.585293445993,1349.8515642840832,0.0,0.0,0.0,4800.0
2030-04-28 19:00:00,4303.585293445993,1349.8515642840832,0.0,0.0,0.0,4800.0
2030-04-28 20:00:00,4303.585293445993,1349.8515642840832,0.0,0.0,0.0,4800.0
2030-04-28 21:00:00,4303.585293445993,1349.8515642840832,0.0,0.0,0.0,4800.0
2030-04-28 22:00:00,4303.585293445993,1349.8515642840832,0.0,0.0,0.0,4800.0
2030-04-28 23:00:00,4303.585293445993,1349.8515642840832,0.0,2318.22304732413,0.0,4800.0
2030-04-29 00:00:00,4303.585293445993,0.0,0.0,0.0,0.0,4800.0
2030-04-29 01:00:00,4303.585293445993,0.0,0.0,3348.960949988582,0.0,4800.0
2030-04-29 02:00:00,4303.585293445993,1349.8515642840832,0.0,669.3979883392617,0.0,4800.0
2030-04-29 03:00:00,4303.585293445993,1349.8515642840832,0.0,3348.960949988582,0.0,4800.0
2030-04-29 04:00:00,4303.585293445993,0.0,0.0,927.2491894574914,0.0,4800.0
2030-04-29 05:00:00,391.5252697057087,1349.8515642840832,0.0,0.0,0.0,4800.0
2030-04-29 06:00:00,0.0,1349.8515642840832,3300.0,0.0,4800.0,0.0
2030-04-29 07:00:00,0.0,1349.8515642840832,3300.0,0.0,4800.0,0.0
2030-04-29 08:00:00,0.0,1349.8515642840832,3300.0,0.0,4800.0,0.0
2030-04-29 09:00:00,0.0,1349.8515642840832,3300.0,0.0,4800.0,0.0
2030-04-29 10:00:00,0.0,1349.8515642840832,3300.0,0.0,4800.0,0.0
2030-04-29 11:00:00,0.0,1349.8515642840832,3300.0,0.0,4800.0,0.0
2030-04-29 12:00:00,0.0,1349.8515642840832,3300.0,0.0,4800.0,0.0
2030-04-29 13:00:00,0.0,1349.8515642840832,3300.0,0.0,4800.0,0.0
2030-04-29 14:00:00,0.0,1349.8515642840832,3300.0,0.0,4800.0,0.0
2030-04-29 15:00:00,0.0,1349.8515642840832,3300.0,0.0,4800.0,0.0
2030-04-29 16:00:00,0.0,1349.8515642840832,3300.0,0.0,4800.0,0.0
2030-04-29 17:00:00,0.0,1349.8515642840832,3300.0,0.0,4800.0,0.0
2030-04-29 18:00:00,0.0,1349.8515642840832,3300.0,0.0,4800.0,0.0
2030-04-29 19:00:00,0.0,1349.8515642840832,3300.0,0.0,4800.0,0.0
2030-04-29 20:00:00,0.0,1349.8515642840832,3300.0,0.0,4800.0,0.0
2030-04-29 21:00:00,0.0,1349.8515642840832,3300.0,0.0,4800.0,0.0
2030-04-29 22:00:00,0.0,1349.8515642840832,3300.0,0.0,4800.0,0.0
2030-04-29 23:00:00,0.0,1349.8515642840832,3300.0,0.0,4800.0,0.0
2030-04-30 00:00:00,0.0,1349.8515642840832,3300.0,0.0,4800.0,0.0
2030-04-30 01:00:00,0.0,1349.8515642840832,3300.0,0.0,4800.0,0.0
2030-04-30 02:00:00,0.0,1349.8515642840832,3300.0,0.0,4800.0,0.0
2030-04-30 03:00:00,0.0,1349.8515642840832,3300.0,0.0,4800.0,0.0
2030-04-30 04:00:00,0.0,1349.8515642840832,3300.0,0.0,4800.0,0.0
2030-04-30 05:00:00,0.0,1349.8515642840832,3300.0,0.0,4800.0,0.0
2030-04-30 06:00:00,0.0,1349.8515642840832,3300.0,0.0,4800.0,0.0
2030-04-30 07:00:00,0.0,1349.8515642840832,3300.0,0.0,4800.0,0.0
2030-04-30 08:00:00,0.0,1349.8515642840832,3300.0,0.0,4800.0,0.0
2030-04-30 09:00:00,0.0,1349.8515642840832,3300.0,0.0,4800.0,0.0
2030-04-30 10:00:00,0.0,1349.8515642840832,3300.0,0.0,4800.0,0.0
2030-04-30 11:00:00,0.0,1349.8515642840832,3300.0,0.0,4800.0,0.0
2030-04-30 12:00:00,0.0,1349.8515642840832,3300.0,0.0,4800.0,0.0
2030-04-30 13:00:00,0.0,1349.8515642840832,3300.0,0.0,4800.0,0.0
2030-04-30 14:00:00,0.0,1349.8515642840832,3300.0,0.0,4800.0,0.0
2030-04-30 15:00:00,0.0,1349.8515642840832,3300.0,0.0,4800.0,0.0
2030-04-30 16:00:00,2305.7270465193687,1349.8515642840832,0.0,0.0,4800.0,0.0
2030-04-30 17:00:00,4303.585293445993,1349.8515642840832,0.0,0.0,0.0,4440.085425650759
2030-04-30 18:00:00,4303.585293445993,1349.8515642840832,0.0,0.0,0.0,4800.0
2030-04-30 19:00:00,4303.585293445993,1349.8515642840832,0.0,0.0,0.0,4800.0
2030-04-30 20:00:00,4303.585293445993,1349.8515642840832,0.0,0.0,0.0,4800.0
2030-04-30 21:00:00,4303.585293445993,1349.8515642840832,0.0,0.0,0.0,4800.0
2030-04-30 22:00:00,4303.585293445993,1349.8515642840832,0.0,0.0,0.0,4800.0
2030-04-30 23:00:00,4303.585293445993,1349.8515642840832,0.0,0.0,0.0,4800.0
2030-05-01 00:00:00,4303.585293445993,1349.8515642840832,0.0,0.0,855.9983832114776,4800.0
2030-05-01 01:00:00,4303.585293445993,1349.8515642840832,0.0,0.0,0.0,4800.0
2030-05-01 02:00:00,4303.585293445993,1349.8515642840832,0.0,0.0,0.0,4800.0
2030-05-01 03:00:00,4303.585293445993,1349.8515642840832,0.0,0.0,0.0,4800.0
2030-05-01 04:00:00,4303.585293445993,1349.8515642840832,0.0,0.0,0.0,4800.0
2030-05-01 05:00:00,4303.585293445993,1349.8515642840832,0.0,0.0,0.0,4800.0
2030-05-01 06:00:00,4303.585293445993,1349.8515642840832,0.0,1115.6848304541445,0.0,4800.0
2030-05-01 07:00:00,4087.526216899048,1349.8515642840832,0.0,0.0,3440.1034015728505,0.0
2030-05-01 08:00:00,0.0,1349.8515642840832,3300.0,0.0,4800.0,0.0
2030-05-01 09:00:00,0.0,1349.8515642840832,3300.0,0.0,4800.0,0.0
2030-05-01 10:00:00,0.0,1349.8515642840832,3300.0,0.0,4800.0,0.0
2030-05-01 11:00:00,0.0,1349.8515642840832,3300.0,0.0,4800.0,0.0
2030-05-01 12:00:00,0.0,1349.8515642840832,3300.0,0.0,4800.0,0.0
2030-05-01 13:00:00,0.0,1349.8515642840832,3300.0,0.0,4800.0,0.0
2030-05-01 14:00:00,0.0,1349.8515642840832,3300.0,0.0,4800.0,0.0
2030-05-01 15:00:00,0.0,1349.8515642840832,3300.0,0.0,4800.0,0.0
2030-05-01 16:00:00,0.0,1349.8515642840832,3300.0,0.0,4800.0,0.0
2030-05-01 17:00:00,0.0,1349.8515642840832,3300.0,0.0,4800.0,0.0
2030-05-01 18:00:00,0.0,1349.8515642840832,3300.0,0.0,4800.0,0.0
2030-05-01 19:00:00,0.0,1349.8515642840832,3300.0,0.0,4800.0,0.0
2030-05-01 20:00:00,0.0,1349.8515642840832,3300.0,0.0,4800.0,0.0
2030-05-01 21:00:00,0.0,1349.8515642840832,3300.0,0.0,4800.0,0.0
2030-05-01 22:00:00,0.0,1349.8515642840832,3300.0,0.0,4800.0,0.0
2030-05-01 23:00:00,0.0,1349.8515642840832,3300.0,0.0,4800.0,0.0
2030-05-02 00:00:00,0.0,1349.8515642840832,3300.0,0.0,4800.0,0.0
2030-05-02 01:00:00,0.0,1349.8515642840832,3300.0,0.0,4800.0,0.0
2030-05-02 02:00:00,0.0,1349.8515642840832,3300.0,0.0,4800.0,0.0
2030-05-02 03:00:00,0.0,1349.8515642840832,3300.0,0.0,4800.0,0.0
2030-05-02 04:00:00,2906.5840022982,1349.8515642840832,0.0,0.0,4800.0,0.0
2030-05-02 05:00:00,4303.585293445993,1349.8515642840832,0.0,0.0,4800.0,0.0
2030-05-02 06:00:00,0.0,1349.8515642840832,712.1119240419774,0.0,4800.0,0.0
2030-05-02 07:00:00,0.0,1349.8515642840832,3300.0,0.0,4800.0,0.0
2030-05-02 08:00:00,0.0,1349.8515642840832,3300.0,0.0,4800.0,0.0
2030-05-02 09:00:00,0.0,1349.8515642840832,3300.0,0.0,4800.0,0.0
2030-05-02 10:00:00,0.0,1349.8515642840832,3300.0,0.0,4800.0,0.0
2030-05-02 11:00:00,0.0,1349.8515642840832,3300.0,0.0,4800.0,0.0
2030-05-02 12:00:00,0.0,1349.8515642840832,3300.0,0.0,4800.0,0.0
2030-05-02 13:00:00,0.0,1349.8515642840832,3300.0,0.0,4800.0,0.0
2030-05-02 14:00:00,0.0,1349.8515642840832,3300.0,0.0,4800.0,0.0
2030-05-02 15:00:00,0.0,1349.8515642840832,1240.9126340796647,0.0,4800.0,0.0
2030-05-02 16:00:00,4303.585293445993,1349.8515642840832,0.0,0.0,0.0,788.989009276047
2030-05-02 17:00:00,4303.585293445993,1349.8515642840832,0.0,0.0,0.0,4800.0
2030-05-02 18:00:00,4303.585293445993,1349.8515642840832,0.0,0.0,0.0,4800.0
2030-05-02 19:00:00,4303.585293445993,1349.8515642840832,0.0,0.0,0.0,4800.0
2030-05-02 20:00:00,4303.585293445993,1349.8515642840832,0.0,0.0,0.0,4259.62432999946
2030-05-02 21:00:00,4303.585293445993,1349.8515642840832,0.0,0.0,1517.2504919633595,0.0
2030-05-02 22:00:00,3102.209433053051,1349.8515642840832,0.0,0.0,4800.0,0.0
2030-05-02 23:00:00,0.0,1349.8515642840832,0.0,0.0,4800.0,1491.9586727782234
2030-05-03 00:00:00,0.0,1349.8515642840832,0.0,278.62289163245026,3082.642845344126,0.0
2030-05-03 01:00:00,0.0,1303.6716668565036,0.0,0.0,4800.0,1763.7885125724642
2030-05-03 02:00:00,2182.0406000933535,1349.8515642840832,0.0,3348.960949988582,4800.0,1591.8198291237177
2030-05-03 03:00:00,4303.585293445993,1349.8515642840832,0.0,158.38779821381286,731.9423205182475,4800.0
2030-05-03 04:00:00,4303.585293445993,1349.8515642840832,0.0,3348.960949988582,0.0,4800.0
2030-05-03 05:00:00,4303.585293445993,0.0,0.0,3348.960949988582,0.0,4800.0
2030-05-03 06:00:00,1574.8929096531938,1349.8515642840832,0.0,1103.86412679669,0.0,4800.0
2030-05-03 07:00:00,1227.6730743992064,1349.8515642840832,0.0,0.0,4800.0,0.0
2030-05-03 08:00:00,0.0,1349.8515642840832,3300.0,0.0,4800.0,0.0
2030-05-03 09:00:00,0.0,1349.8515642840832,3300.0,0.0,4800.0,0.0
2030-05-03 10:00:00,0.0,1349.8515642840832,3300.0,0.0,4800.0,0.0
2030-05-03 11:00:00,0.0,1349.8515642840832,3300.0,0.0,4800.0,0.0
2030-05-03 12:00:00,0.0,1349.8515642840832,3300.0,0.0,4800.0,0.0
2030-05-03 13:00:00,0.0,1349.8515642840832,3300.0,0.0,4800.0,0.0
2030-05-03 14:00:00,0.0,1349.8515642840832,3300.0,0.0,4800.0,0.0
2030-05-03 15:00:00,0.0,1349.8515642840832,3300.0,0.0,4800.0,0.0
2030-05-03 16:00:00,4303.585293445993,1349.8515642840832,0.0,0.0,4800.0,0.0
2030-05-03 17:00:00,4303.585293445993,1349.8515642840832,0.0,0.0,0.0,4800.0
2030-05-03 18:00:00,4303.585293445993,1349.8515642840832,0.0,0.0,0.0,4800.0
2030-05-03 19:00:00,4303.585293445993,1349.8515642840832,0.0,0.0,0.0,4800.0
2030-05-03 20:00:00,4303.585293445993,1349.8515642840832,0.0,0.0,0.0,4800.0
2030-05-03 21:00:00,4303.585293445993,401.09557307880095,0.0,0.0,0.0,4800.0
2030-05-03 22:00:00,4303.585293445993,0.0,0.0,676.9647694847688,0.0,4800.0
2030-05-03 23:00:00,4303.585293445993,0.0,0.0,1075.092422315201,0.0,4800.0
2030-05-04 00:00:00,4303.585293445993,0.0,0.0,2762.5563010870687,0.0,4800.0
2030-05-04 01:00:00,4303.585293445993,1349.8515642840832,0.0,3185.128463748855,0.0,4800.0
2030-05-04 02:00:00,4303.585293445993,0.0,0.0,3348.960949988582,0.0,4800.0
2030-05-04 03:00:00,4303.585293445993,0.0,0.0,1648.5652559861328,0.0,4800.0
2030-05-04 04:00:00,4303.585293445993,0.0,0.0,3348.960949988582,0.0,4800.0
2030-05-04 05:00:00,4303.585293445993,652.4114476403859,0.0,3348.960949988582,0.0,4800.0
2030-05-04 06:00:00,4303.585293445993,0.0,0.0,3348.960949988582,0.0,4800.0
2030-05-04 07:00:00,4303.585293445993,1309.2880752608623,0.0,3348.960949988582,0.0,4800.0
2030-05-04 08:00:00,4303.585293445993,1349.8515642840832,0.0,0.0,0.0,4800.0
2030-05-04 09:00:00,4303.585293445993,424.7151769775474,0.0,0.0,0.0,196.65170331524308
2030-05-04 10:00:00,4276.376875270785,1349.8515642840832,0.0,0.0,0.0,0.0
2030-05-04 11:00:00,2803.2990942400784,1349.8515642840832,0.0,0.0,0.0,3531.3276247534386
2030-05-04 12:00:00,4303.585293445993,1349.8515642840832,0.0,1587.3997301142058,0.0,741.1866247856669
2030-05-04 13:00:00,1120.132391289708,1349.8515642840832,0.0,0.0,0.0,2944.0483145594844
2030-05-04 14:00:00,4303.585293445993,1349.8515642840832,0.0,2778.762500052771,0.0,4800.0
2030-05-04 15:00:00,4303.585293445993,1349.8515642840832,0.0,0.0,0.0,4800.0
2030-05-04 16:00:00,4303.585293445993,0.0,0.0,3348.960949988582,0.0,4800.0
2030-05-04 17:00:00,4303.585293445993,0.0,0.0,3348.960949988582,0.0,4800.0
2030-05-04 18:00:00,4303.585293445993,0.0,0.0,3348.960949988582,0.0,4800.0
2030-05-04 19:00:00,4303.585293445993,0.0,0.0,3348.960949988582,0.0,4800.0
2030-05-04 20:00:00,4303.585293445993,0.0,0.0,3348.960949988582,0.0,4800.0
2030-05-04 21:00:00,4303.585293445993,0.0,0.0,3348.960949988582,0.0,4800.0
2030-05-04 22:00:00,4303.585293445993,0.0,0.0,3348.960949988582,0.0,4800.0
2030-05-04 23:00:00,4303.585293445993,0.0,0.0,3348.960949988582,0.0,4800.0
2030-05-05 00:00:00,4303.585293445993,0.0,0.0,3348.960949988582,0.0,4800.0
2030-05-05 01:00:00,4303.585293445993,0.0,0.0,3348.960949988582,0.0,4800.0
2030-05-05 02:00:00,4303.585293445993,0.0,0.0,3348.960949988582,0.0,4800.0
2030-05-05 03:00:00,4303.585293445993,0.0,0.0,3348.960949988582,0.0,4800.0
2030-05-05 04:00:00,4303.585293445993,0.0,0.0,3348.960949988582,0.0,4800.0
2030-05-05 05:00:00,4303.585293445993,0.0,0.0,3348.960949988582,0.0,4800.0
2030-05-05 06:00:00,4303.585293445993,0.0,0.0,2795.018246640879,0.0,4800.0
2030-05-05 07:00:00,1007.9692876963618,1349.8515642840832,0.0,0.0,0.0,2001.0422328570512
2030-05-05 08:00:00,0.0,1349.8515642840832,3300.0,0.0,4800.0,0.0
2030-05-05 09:00:00,0.0,1349.8515642840832,3300.0,0.0,4800.0,0.0
2030-05-05 10:00:00,0.0,1349.8515642840832,3300.0,0.0,4800.0,0.0
2030-05-05 11:00:00,0.0,1349.8515642840832,3300.0,0.0,4800.0,0.0
2030-05-05 12:00:00,0.0,1349.8515642840832,3300.0,0.0,4800.0,0.0
2030-05-05 13:00:00,0.0,1349.8515642840832,3300.0,0.0,4800.0,0.0
2030-05-05 14:00:00,0.0,1349.8515642840832,3300.0,0.0,4800.0,0.0
2030-05-05 15:00:00,0.0,1349.8515642840832,3300.0,0.0,4800.0,0.0
2030-05-05 16:00:00,4303.585293445993,1349.8515642840832,0.0,0.0,0.0,4800.0
2030-05-05 17:00:00,4303.585293445993,1349.8515642840832,0.0,0.0,0.0,4800.0
2030-05-05 18:00:00,4303.585293445993,1349.8515642840832,0.0,0.0,0.0,4800.0
2030-05-05 19:00:00,4303.585293445993,1349.8515642840832,0.0,0.0,0.0,4800.0
2030-05-05 20:00:00,4303.585293445993,1349.8515642840832,0.0,0.0,0.0,4800.0
2030-05-05 21:00:00,4303.585293445993,1349.8515642840832,0.0,0.0,0.0,4800.0
2030-05-05 22:00:00,4303.585293445993,0.0,0.0,3348.960949988582,0.0,4800.0
2030-05-05 23:00:00,4303.585293445993,1349.8515642840832,0.0,3226.211661893776,0.0,4800.0
2030-05-06 00:00:00,4303.585293445993,0.0,0.0,3348.960949988582,0.0,4800.0
2030-05-06 01:00:00,4303.585293445993,0.0,0.0,3348.960949988582,0.0,4800.0
2030-05-06 02:00:00,4303.585293445993,0.0,0.0,3348.960949988582,0.0,4800.0
2030-05-06 03:00:00,4303.585293445993,0.0,0.0,3348.960949988582,0.0,4800.0
2030-05-06 04:00:00,4303.585293445993,0.0,0.0,3348.960949988582,0.0,4800.0
2030-05-06 05:00:00,4303.585293445993,0.0,0.0,3348.960949988582,0.0,4800.0
2030-05-06 06:00:00,4303.585293445993,0.0,0.0,3348.960949988582,0.0,4800.0
2030-05-06 07:00:00,4303.585293445993,0.0,0.0,3348.960949988582,0.0,4800.0
2030-05-06 08:00:00,4303.585293445993,0.0,0.0,2808.726450937224,0.0,4800.0
2030-05-06 09:00:00,4303.585293445993,0.0,0.0,3348.960949988582,0.0,4800.0
2030-05-06 10:00:00,4303.585293445993,1349.8515642840832,0.0,1247.8758553291404,0.0,4800.0
2030-05-06 11:00:00,4303.585293445993,305.4203805781067,0.0,0.0,4800.0,3156.3700026926635
2030-05-06 12:00:00,1442.6336006018948,1349.8515642840832,0.0,0.0,649.4315434018256,0.0
2030-05-06 13:00:00,1639.0954648635277,1349.8515642840832,0.0,0.0,3071.753513202385,0.0
2030-05-06 14:00:00,3476.0079870143677,0.0,0.0,0.0,0.0,3815.6537329749585
2030-05-06 15:00:00,4303.585293445993,0.0,0.0,2216.7404950127743,0.0,4800.0
2030-05-06 16:00:00,4303.585293445993,0.0,0.0,3348.960949988582,0.0,4800.0
2030-05-06 17:00:00,4303.585293445993,0.0,0.0,3348.960949988582,0.0,4800.0
2030-05-06 18:00:00,4303.585293445993,0.0,0.0,3348.960949988582,0.0,4800.0
2030-05-06 19:00:00,4303.585293445993,0.0,0.0,3348.960949988582,0.0,4800.0
2030-05-06 20:00:00,4303.585293445993,0.0,0.0,3348.960949988582,0.0,4800.0
2030-05-06 21:00:00,4303.585293445993,0.0,0.0,3348.960949988582,0.0,4800.0
2030-05-06 22:00:00,4303.585293445993,0.0,0.0,3348.960949988582,0.0,4800.0
2030-05-06 23:00:00,4303.585293445993,0.0,0.0,3348.960949988582,0.0,4800.0
2030-05-07 00:00:00,4303.585293445993,0.0,0.0,3348.960949988582,0.0,4800.0
2030-05-07 01:00:00,4303.585293445993,0.0,0.0,3348.960949988582,0.0,4800.0
2030-05-07 02:00:00,4303.585293445993,0.0,0.0,3348.960949988582,0.0,4800.0
2030-05-07 03:00:00,4303.585293445993,0.0,0.0,3348.960949988582,0.0,4800.0
2030-05-07 04:00:00,4303.585293445993,0.0,0.0,3348.960949988582,0.0,4800.0
2030-05-07 05:00:00,4303.585293445993,0.0,0.0,3348.960949988582,0.0,4800.0
2030-05-07 06:00:00,4303.585293445993,0.0,0.0,3348.960949988582,0.0,4800.0
2030-05-07 07:00:00,4303.585293445993,0.0,0.0,3348.960949988582,0.0,4800.0
2030-05-07 08:00:00,4303.585293445993,557.9602192549924,0.0,0.0,0.0,4800.0
2030-05-07 09:00:00,4303.585293445993,1349.8515642840832,0.0,3348.960949988582,0.0,4800.0
2030-05-07 10:00:00,4303.585293445993,1349.8515642840832,0.0,0.0,0.0,4800.0
2030-05-07 11:00:00,4303.585293445993,1349.8515642840832,0.0,0.0,0.0,4800.0
2030-05-07 12:00:00,4303.585293445993,1054.017310825529,0.0,3348.960949988582,0.0,4800.0
2030-05-07 13:00:00,4303.585293445993,1349.8515642840832,0.0,0.0,0.0,4800.0
2030-05-07 14:00:00,4303.585293445993,0.0,0.0,2014.4078296615453,0.0,4800.0
2030-05-07 15:00:00,4303.585293445993,0.0,0.0,0.0,0.0,4800.0
2030-05-07 16:00:00,4303.585293445993,0.0,0.0,3348.960949988582,0.0,4800.0
2030-05-07 17:00:00,4303.585293445993,0.0,0.0,3348.960949988582,0.0,4800.0
2030-05-07 18:00:00,4303.585293445993,0.0,0.0,3348.960949988582,0.0,4800.0
2030-05-07 19:00:00,4303.585293445993,0.0,0.0,3348.960949988582,0.0,4800.0
2030-05-07 20:00:00,4303.585293445993,0.0,0.0,3348.960949988582,0.0,4800.0
2030-05-07 21:00:00,4303.585293445993,0.0,0.0,3348.960949988582,0.0,4800.0
2030-05-07 22:00:00,4303.585293445993,0.0,0.0,3348.960949988582,0.0,4800.0
2030-05-07 23:00:00,4303.585293445993,0.0,0.0,3348.960949988582,0.0,4800.0
2030-05-08 00:00:00,4303.585293445993,0.0,0.0,3348.960949988582,0.0,4800.0
2030-05-08 01:00:00,4303.585293445993,0.0,0.0,3348.960949988582,0.0,4800.0
2030-05-08 02:00:00,4303.585293445993,0.0,0.0,3348.960949988582,0.0,4800.0
2030-05-08 03:00:00,4303.585293445993,0.0,0.0,3348.960949988582,0.0,4800.0
2030-05-08 04:00:00,4303.585293445993,0.0,0.0,3348.960949988582,0.0,4800.0
2030-05-08 05:00:00,4303.585293445993,0.0,0.0,3348.960949988582,0.0,4800.0
2030-05-08 06:00:00,4303.585293445993,0.0,0.0,3348.960949988582,0.0,4800.0
2030-05-08 07:00:00,4303.585293445993,0.0,0.0,2447.648036127375,0.0,4800.0
2030-05-08 08:00:00,4303.585293445993,1349.8515642840832,0.0,3348.960949988582,0.0,4800.0
2030-05-08 09:00:00,4303.585293445993,1349.8515642840832,0.0,0.0,0.0,4800.0
2030-05-08 10:00:00,4303.585293445993,0.0,0.0,0.0,0.0,4800.0
2030-05-08 11:00:00,4303.585293445993,1349.8515642840832,0.0,0.0,0.0,4800.0
2030-05-08 12:00:00,4303.585293445993,1349.8515642840832,0.0,0.0,0.0,4800.0
2030-05-08 13:00:00,4303.585293445993,1349.8515642840832,0.0,0.0,0.0,4800.0
2030-05-08 14:00:00,4303.585293445993,1349.8515642840832,0.0,0.0,0.0,4800.0
2030-05-08 15:00:00,4303.585293445993,846.2527954384334,0.0,3348.960949988582,0.0,4800.0
2030-05-08 16:00:00,4303.585293445993,1349.8515642840832,0.0,3348.960949988582,0.0,4800.0
2030-05-08 17:00:00,4303.585293445993,0.0,0.0,3348.960949988582,0.0,4800.0
2030-05-08 18:00:00,4303.585293445993,0.0,0.0,3348.960949988582,0.0,4800.0
2030-05-08 19:00:00,4303.585293445993,0.0,0.0,3348.960949988582,0.0,4800.0
2030-05-08 20:00:00,4303.585293445993,0.0,0.0,3348.960949988582,0.0,4800.0
2030-05-08 21:00:00,4303.585293445993,0.0,0.0,3348.960949988582,0.0,4800.0
2030-05-08 22:00:00,4303.585293445993,0.0,0.0,3348.960949988582,0.0,4800.0
2030-05-08 23:00:00,4303.585293445993,0.0,0.0,3348.960949988582,0.0,4800.0
2030-05-09 00:00:00,4303.585293445993,0.0,0.0,3348.960949988582,0.0,4800.0
2030-05-09 01:00:00,4303.585293445993,0.0,0.0,3348.960949988582,0.0,4800.0
2030-05-09 02:00:00,4303.585293445993,0.0,0.0,3348.960949988582,0.0,4800.0
2030-05-09 03:00:00,4303.585293445993,0.0,0.0,3348.960949988582,0.0,4800.0
2030-05-09 04:00:00,4303.585293445993,0.0,0.0,3348.960949988582,0.0,4800.0
2030-05-09 05:00:00,4303.585293445993,0.0,0.0,3348.960949988582,0.0,4800.0
2030-05-09 06:00:00,3074.134236997681,0.0,0.0,2026.127310427807,0.0,4800.0
2030-05-09 07:00:00,0.0,1349.8515642840832,2214.6084864063487,0.0,4800.0,0.0
2030-05-09 08:00:00,0.0,1349.8515642840832,3300.0,0.0,4800.0,0.0
2030-05-09 09:00:00,0.0,1349.8515642840832,3300.0,0.0,4800.0,0.0
2030-05-09 10:00:00,0.0,1349.8515642840832,3300.0,0.0,4800.0,0.0
2030-05-09 11:00:00,0.0,1349.8515642840832,3300.0,0.0,4800.0,0.0
2030-05-09 12:00:00,0.0,1349.8515642840832,3300.0,0.0,4800.0,0.0
2030-05-09 13:00:00,0.0,1349.8515642840832,3300.0,0.0,4800.0,0.0
2030-05-09 14:00:00,0.0,1349.8515642840832,3300.0,0.0,4800.0,0.0
2030-05-09 15:00:00,0.0,1349.8515642840832,65.4114194621834,0.0,4800.0,0.0
2030-05-09 16:00:00,4303.585293445993,1349.8515642840832,0.0,0.0,0.0,211.01470598004744
2030-05-09 17:00:00,4303.585293445993,1349.8515642840832,0.0,0.0,0.0,4800.0
2030-05-09 18:00:00,4303.585293445993,1349.8515642840832,0.0,0.0,0.0,4800.0
2030-05-09 19:00:00,4303.585293445993,1349.8515642840832,0.0,0.0,0.0,4800.0
2030-05-09 20:00:00,4303.585293445993,1349.8515642840832,0.0,0.0,4800.0,0.0
2030-05-09 21:00:00,1355.54947682919,1349.8515642840832,0.0,0.0,4800.0,0.0
2030-05-09 22:00:00,0.0,1349.8515642840832,3125.1537141399385,0.0,4800.0,0.0
2030-05-09 23:00:00,0.0,1349.8515642840832,3300.0,0.0,4800.0,0.0
2030-05-10 00:00:00,0.0,1349.8515642840832,3300.0,0.0,4800.0,0.0
2030-05-10 01:00:00,0.0,1349.8515642840832,3300.0,0.0,4800.0,0.0
2030-05-10 02:00:00,0.0,1349.8515642840832,3300.0,0.0,4800.0,0.0
2030-05-10 03:00:00,0.0,1349.8515642840832,3300.0,0.0,4800.0,0.0
2030-05-10 04:00:00,0.0,1349.8515642840832,3300.0,0.0,4800.0,0.0
2030-05-10 05:00:00,0.0,1349.8515642840832,3300.0,0.0,4800.0,0.0
2030-05-10 06:00:00,0.0,1349.8515642840832,3300.0,0.0,4800.0,0.0
2030-05-10 07:00:00,0.0,1349.8515642840832,3300.0,0.0,4800.0,0.0
2030-05-10 08:00:00,0.0,1349.8515642840832,3300.0,0.0,4800.0,0.0
2030-05-10 09:00:00,0.0,1349.8515642840832,3300.0,0.0,4800.0,0.0
2030-05-10 10:00:00,0.0,1349.8515642840832,3300.0,0.0,4800.0,0.0
2030-05-10 11:00:00,0.0,1349.8515642840832,3300.0,0.0,4800.0,0.0
2030-05-10 12:00:00,0.0,1349.8515642840832,3300.0,0.0,4800.0,0.0
2030-05-10 13:00:00,0.0,1349.8515642840832,3300.0,0.0,4800.0,0.0
2030-05-10 14:00:00,0.0,1349.8515642840832,3300.0,0.0,4800.0,0.0
2030-05-10 15:00:00,0.0,1349.8515642840832,3300.0,0.0,4800.0,0.0
2030-05-10 16:00:00,855.9401713890693,1349.8515642840832,0.0,0.0,4800.0,0.0
2030-05-10 17:00:00,4303.585293445993,1349.8515642840832,0.0,0.0,0.0,4800.0
2030-05-10 18:00:00,4303.585293445993,1349.8515642840832,0.0,0.0,0.0,4800.0
2030-05-10 19:00:00,4303.585293445993,1349.8515642840832,0.0,0.0,0.0,4800.0
2030-05-10 20:00:00,4303.585293445993,1349.8515642840832,0.0,0.0,0.0,4800.0
2030-05-10 21:00:00,4303.585293445993,1349.8515642840832,0.0,0.0,0.0,4800.0
2030-05-10 22:00:00,4303.585293445993,1349.8515642840832,0.0,0.0,0.0,4800.0
2030-05-10 23:00:00,4303.585293445993,1349.8515642840832,0.0,0.0,293.78186049433134,4800.0
2030-05-11 00:00:00,4303.585293445993,1349.8515642840832,0.0,0.0,0.0,4800.0
2030-05-11 01:00:00,4303.585293445993,1349.8515642840832,0.0,0.0,0.0,4800.0
2030-05-11 02:00:00,4303.585293445993,1349.8515642840832,0.0,0.0,0.0,4800.0
2030-05-11 03:00:00,4303.585293445993,1349.8515642840832,0.0,0.0,0.0,4800.0
2030-05-11 04:00:00,4303.585293445993,1349.8515642840832,0.0,0.0,0.0,4800.0
2030-05-11 05:00:00,4303.585293445993,1349.8515642840832,0.0,0.0,2133.040240571114,0.0
2030-05-11 06:00:00,0.0,1349.8515642840832,2377.65740246569,0.0,4800.0,0.0
2030-05-11 07:00:00,0.0,1349.8515642840832,3300.0,0.0,4800.0,0.0
2030-05-11 08:00:00,0.0,1349.8515642840832,3300.0,0.0,4800.0,0.0
2030-05-11 09:00:00,0.0,1349.8515642840832,3300.0,0.0,4800.0,0.0
2030-05-11 10:00:00,0.0,1349.8515642840832,3300.0,0.0,4800.0,0.0
2030-05-11 11:00:00,0.0,1349.8515642840832,3300.0,0.0,4800.0,0.0
2030-05-11 12:00:00,0.0,1349.8515642840832,3300.0,0.0,4800.0,0.0
2030-05-11 13:00:00,0.0,1349.8515642840832,3300.0,0.0,4800.0,0.0
2030-05-11 14:00:00,0.0,1349.8515642840832,3300.0,0.0,4800.0,0.0
2030-05-11 15:00:00,0.0,1349.8515642840832,3300.0,0.0,4800.0,0.0
2030-05-11 16:00:00,0.0,1349.8515642840832,3300.0,0.0,4800.0,0.0
2030-05-11 17:00:00,0.0,1349.8515642840832,3300.0,0.0,4800.0,0.0
2030-05-11 18:00:00,0.0,1349.8515642840832,3300.0,0.0,4800.0,0.0
2030-05-11 19:00:00,0.0,1349.8515642840832,3300.0,0.0,4800.0,0.0
2030-05-11 20:00:00,0.0,1349.8515642840832,3300.0,0.0,4800.0,0.0
2030-05-11 21:00:00,0.0,1349.8515642840832,3300.0,0.0,4800.0,0.0
2030-05-11 22:00:00,0.0,1349.8515642840832,3300.0,0.0,4800.0,0.0
2030-05-11 23:00:00,0.0,1349.8515642840832,3300.0,0.0,4800.0,0.0
2030-05-12 00:00:00,0.0,1349.8515642840832,3300.0,0.0,4800.0,0.0
2030-05-12 01:00:00,0.0,1349.8515642840832,3300.0,0.0,4800.0,0.0
2030-05-12 02:00:00,0.0,1349.8515642840832,3300.0,0.0,4800.0,0.0
2030-05-12 03:00:00,0.0,1349.8515642840832,3300.0,0.0,4800.0,0.0
2030-05-12 04:00:00,0.0,1349.8515642840832,3300.0,0.0,4800.0,0.0
2030-05-12 05:00:00,0.0,1349.8515642840832,3300.0,0.0,4800.0,0.0
2030-05-12 06:00:00,0.0,1349.8515642840832,3300.0,0.0,4800.0,0.0
2030-05-12 07:00:00,0.0,1349.8515642840832,3300.0,0.0,4800.0,0.0
2030-05-12 08:00:00,0.0,1349.8515642840832,3300.0,0.0,4800.0,0.0
2030-05-12 09:00:00,0.0,1349.8515642840832,3300.0,0.0,4800.0,0.0
2030-05-12 10:00:00,0.0,1349.8515642840832,3300.0,0.0,4800.0,0.0
2030-05-12 11:00:00,0.0,1349.8515642840832,3300.0,0.0,4800.0,0.0
2030-05-12 12:00:00,0.0,1349.8515642840832,3300.0,0.0,4800.0,0.0
2030-05-12 13:00:00,0.0,1349.8515642840832,3300.0,0.0,4800.0,0.0
2030-05-12 14:00:00,0.0,1349.8515642840832,3300.0,0.0,4800.0,0.0
2030-05-12 15:00:00,0.0,1349.8515642840832,3300.0,0.0,4800.0,0.0
2030-05-12 16:00:00,0.0,1349.8515642840832,3300.0,0.0,4800.0,0.0
2030-05-12 17:00:00,0.0,1349.8515642840832,3300.0,0.0,4800.0,0.0
2030-05-12 18:00:00,0.0,1349.8515642840832,3300.0,0.0,4800.0,0.0
2030-05-12 19:00:00,0.0,1349.8515642840832,3300.0,0.0,4800.0,0.0
2030-05-12 20:00:00,0.0,1349.8515642840832,3300.0,0.0,4800.0,0.0
2030-05-12 21:00:00,0.0,1349.8515642840832,3300.0,0.0,4800.0,0.0
2030-05-12 22:00:00,0.0,1349.8515642840832,3300.0,0.0,4800.0,0.0
2030-05-12 23:00:00,0.0,1349.8515642840832,3300.0,0.0,4800.0,0.0
2030-05-13 00:00:00,0.0,1349.8515642840832,3300.0,0.0,4800.0,0.0
2030-05-13 01:00:00,0.0,1349.8515642840832,3300.0,0.0,4800.0,0.0
2030-05-13 02:00:00,0.0,1349.8515642840832,3300.0,0.0,4800.0,0.0
2030-05-13 03:00:00,0.0,1349.8515642840832,3300.0,0.0,4800.0,0.0
2030-05-13 04:00:00,0.0,1349.8515642840832,3300.0,0.0,4800.0,0.0
2030-05-13 05:00:00,0.0,1349.8515642840832,3300.0,0.0,4800.0,0.0
2030-05-13 06:00:00,0.0,1349.8515642840832,3300.0,0.0,4800.0,0.0
2030-05-13 07:00:00,0.0,1349.8515642840832,3300.0,0.0,4800.0,0.0
2030-05-13 08:00:00,0.0,1349.8515642840832,3300.0,0.0,4800.0,0.0
2030-05-13 09:00:00,0.0,1349.8515642840832,3300.0,0.0,4800.0,0.0
2030-05-13 10:00:00,0.0,1349.8515642840832,3300.0,0.0,4800.0,0.0
2030-05-13 11:00:00,0.0,1349.8515642840832,3300.0,0.0,4800.0,0.0
2030-05-13 12:00:00,0.0,1349.8515642840832,3300.0,0.0,4800.0,0.0
2030-05-13 13:00:00,0.0,1349.8515642840832,3300.0,0.0,4800.0,0.0
2030-05-13 14:00:00,0.0,1349.8515642840832,3300.0,0.0,4800.0,0.0
2030-05-13 15:00:00,0.0,1349.8515642840832,3300.0,0.0,4800.0,0.0
2030-05-13 16:00:00,0.0,1349.8515642840832,3300.0,0.0,4800.0,0.0
2030-05-13 17:00:00,0.0,1349.8515642840832,3300.0,0.0,4800.0,0.0
2030-05-13 18:00:00,0.0,1349.8515642840832,3300.0,0.0,4800.0,0.0
2030-05-13 19:00:00,0.0,1349.8515642840832,3142.189534766301,0.0,4800.0,0.0
2030-05-13 20:00:00,705.3880080566305,1349.8515642840832,0.0,0.0,4800.0,0.0
2030-05-13 21:00:00,4281.421729736867,1349.8515642840832,0.0,0.0,4800.0,0.0
2030-05-13 22:00:00,4303.585293445993,1349.8515642840832,0.0,0.0,4800.0,0.0
2030-05-13 23:00:00,4303.585293445993,1349.8515642840832,0.0,0.0,4800.0,0.0
2030-05-14 00:00:00,4303.585293445993,1349.8515642840832,0.0,0.0,0.0,612.4654955061051
2030-05-14 01:00:00,4303.585293445993,1349.8515642840832,0.0,0.0,0.0,4647.279583241892
2030-05-14 02:00:00,4303.585293445993,1349.8515642840832,0.0,0.0,0.0,4800.0
2030-05-14 03:00:00,4303.585293445993,1349.8515642840832,0.0,0.0,0.0,4800.0
2030-05-14 04:00:00,4303.585293445993,1349.8515642840832,0.0,0.0,0.0,4800.0
2030-05-14 05:00:00,4303.585293445993,1349.8515642840832,0.0,0.0,0.0,4800.0
2030-05-14 06:00:00,4303.585293445993,1349.8515642840832,0.0,0.0,3565.8215786669934,4800.0
2030-05-14 07:00:00,2871.3015995386777,1349.8515642840832,0.0,0.0,4800.0,0.0
2030-05-14 08:00:00,0.0,1349.8515642840832,1781.1020744166021,0.0,4800.0,0.0
2030-05-14 09:00:00,0.0,1349.8515642840832,3300.0,0.0,4800.0,0.0
2030-05-14 10:00:00,0.0,1349.8515642840832,3300.0,0.0,4800.0,0.0
2030-05-14 11:00:00,0.0,1349.8515642840832,3300.0,0.0,4800.0,0.0
2030-05-14 12:00:00,0.0,1349.8515642840832,3300.0,0.0,4800.0,0.0
2030-05-14 13:00:00,0.0,1349.8515642840832,3300.0,0.0,4800.0,0.0
2030-05-14 14:00:00,0.0,1349.8515642840832,3300.0,0.0,4800.0,0.0
2030-05-14 15:00:00,244.64482140075785,1349.8515642840832,0.0,0.0,4800.0,0.0
2030-05-14 16:00:00,4303.585293445993,1349.8515642840832,0.0,0.0,3865.6268231863696,4800.0
2030-05-14 17:00:00,4303.585293445993,1349.8515642840832,0.0,0.0,0.0,4800.0
2030-05-14 18:00:00,4303.585293445993,1349.8515642840832,0.0,0.0,0.0,4800.0
2030-05-14 19:00:00,4303.585293445993,1349.8515642840832,0.0,0.0,0.0,4800.0
2030-05-14 20:00:00,4303.585293445993,1349.8515642840832,0.0,0.0,0.0,4800.0
2030-05-14 21:00:00,4303.585293445993,1349.8515642840832,0.0,0.0,0.0,4800.0
2030-05-14 22:00:00,4303.585293445993,1349.8515642840832,0.0,0.0,0.0,4800.0
2030-05-14 23:00:00,4303.585293445993,1349.8515642840832,0.0,0.0,0.0,4800.0
2030-05-15 00:00:00,4303.585293445993,1349.8515642840832,0.0,0.0,0.0,4800.0
2030-05-15 01:00:00,4303.585293445993,1349.8515642840832,0.0,0.0,0.0,4800.0
2030-05-15 02:00:00,4303.585293445993,1349.8515642840832,0.0,0.0,0.0,4800.0
2030-05-15 03:00:00,4303.585293445993,1349.8515642840832,0.0,0.0,0.0,4800.0
2030-05-15 04:00:00,4303.585293445993,1349.8515642840832,0.0,0.0,0.0,4800.0
2030-05-15 05:00:00,4303.585293445993,1349.8515642840832,0.0,0.0,0.0,4052.687312908525
2030-05-15 06:00:00,3188.4676846857437,1349.8515642840832,0.0,0.0,4800.0,0.0
2030-05-15 07:00:00,0.0,1349.8515642840832,3300.0,0.0,4800.0,0.0
2030-05-15 08:00:00,0.0,1349.8515642840832,3300.0,0.0,4800.0,0.0
2030-05-15 09:00:00,0.0,1349.8515642840832,3300.0,0.0,4800.0,0.0
2030-05-15 10:00:00,0.0,1349.8515642840832,3300.0,0.0,4800.0,0.0
2030-05-15 11:00:00,0.0,1349.8515642840832,3300.0,0.0,4800.0,0.0
2030-05-15 12:00:00,0.0,1349.8515642840832,3300.0,0.0,4800.0,0.0
2030-05-15 13:00:00,0.0,1349.8515642840832,3300.0,0.0,4800.0,0.0
2030-05-15 14:00:00,0.0,1349.8515642840832,3300.0,0.0,4800.0,0.0
2030-05-15 15:00:00,0.0,1349.8515642840832,682.2093648556693,0.0,4800.0,0.0
2030-05-15 16:00:00,4303.585293445993,1349.8515642840832,0.0,0.0,0.0,2862.088011573347
2030-05-15 17:00:00,4303.585293445993,1349.8515642840832,0.0,0.0,0.0,4800.0
2030-05-15 18:00:00,4303.585293445993,1349.8515642840832,0.0,0.0,0.0,4800.0
2030-05-15 19:00:00,4303.585293445993,1349.8515642840832,0.0,0.0,0.0,4800.0
2030-05-15 20:00:00,4303.585293445993,1349.8515642840832,0.0,0.0,0.0,4800.0
2030-05-15 21:00:00,4303.585293445993,1349.8515642840832,0.0,0.0,0.0,4800.0
2030-05-15 22:00:00,4303.585293445993,1349.8515642840832,0.0,0.0,0.0,4800.0
2030-05-15 23:00:00,4303.585293445993,1349.8515642840832,0.0,0.0,0.0,4800.0
2030-05-16 00:00:00,4303.585293445993,1349.8515642840832,0.0,0.0,0.0,4800.0
2030-05-16 01:00:00,4303.585293445993,1349.8515642840832,0.0,0.0,0.0,4800.0
2030-05-16 02:00:00,4303.585293445993,1349.8515642840832,0.0,0.0,0.0,4800.0
2030-05-16 03:00:00,4303.585293445993,1349.8515642840832,0.0,0.0,0.0,4800.0
2030-05-16 04:00:00,4303.585293445993,1349.8515642840832,0.0,0.0,0.0,4800.0
2030-05-16 05:00:00,4303.585293445993,1349.8515642840832,0.0,0.0,0.0,4800.0
2030-05-16 06:00:00,4303.585293445993,1349.8515642840832,0.0,0.0,2464.731819522596,0.0
2030-05-16 07:00:00,2477.934291889087,1349.8515642840832,0.0,0.0,4800.0,0.0
2030-05-16 08:00:00,0.0,1349.8515642840832,3300.0,0.0,4800.0,0.0
2030-05-16 09:00:00,0.0,1349.8515642840832,3300.0,0.0,4800.0,0.0
2030-05-16 10:00:00,0.0,1349.8515642840832,3300.0,0.0,4800.0,0.0
2030-05-16 11:00:00,0.0,1349.8515642840832,3300.0,0.0,4800.0,0.0
2030-05-16 12:00:00,0.0,1349.8515642840832,3300.0,0.0,4800.0,0.0
2030-05-16 13:00:00,0.0,1349.8515642840832,3300.0,0.0,4800.0,0.0
2030-05-16 14:00:00,0.0,1349.8515642840832,3300.0,0.0,4800.0,0.0
2030-05-16 15:00:00,0.0,1349.8515642840832,3300.0,0.0,4800.0,0.0
2030-05-16 16:00:00,2428.3665959170758,1349.8515642840832,0.0,0.0,4800.0,0.0
2030-05-16 17:00:00,4303.585293445993,1349.8515642840832,0.0,0.0,0.0,3286.952336428447
2030-05-16 18:00:00,4303.585293445993,1349.8515642840832,0.0,0.0,0.0,4800.0
2030-05-16 19:00:00,4303.585293445993,1349.8515642840832,0.0,0.0,0.0,4800.0
2030-05-16 20:00:00,4303.585293445993,1349.8515642840832,0.0,0.0,0.0,4800.0
2030-05-16 21:00:00,4303.585293445993,1349.8515642840832,0.0,0.0,3760.4250478128015,4800.0
2030-05-16 22:00:00,4303.585293445993,1349.8515642840832,0.0,0.0,4800.0,4424.115568312285
2030-05-16 23:00:00,4303.585293445993,1349.8515642840832,0.0,0.0,4800.0,4019.435378425129
2030-05-17 00:00:00,4303.585293445993,1349.8515642840832,0.0,0.0,2682.7080035039326,0.0
2030-05-17 01:00:00,4303.585293445993,1349.8515642840832,0.0,0.0,4800.0,479.2458029054105
2030-05-17 02:00:00,4303.585293445993,1349.8515642840832,0.0,0.0,4800.0,0.0
2030-05-17 03:00:00,4303.585293445993,1349.8515642840832,0.0,0.0,4800.0,0.0
2030-05-17 04:00:00,4303.585293445993,1349.8515642840832,0.0,0.0,4800.0,3035.281764599582
2030-05-17 05:00:00,4303.585293445993,1349.8515642840832,0.0,0.0,4800.0,0.0
2030-05-17 06:00:00,0.0,1349.8515642840832,3300.0,0.0,4800.0,0.0
2030-05-17 07:00:00,0.0,1349.8515642840832,3300.0,0.0,4800.0,0.0
2030-05-17 08:00:00,0.0,1349.8515642840832,3300.0,0.0,4800.0,0.0
2030-05-17 09:00:00,0.0,1349.8515642840832,3300.0,0.0,4800.0,0.0
2030-05-17 10:00:00,0.0,1349.8515642840832,3300.0,0.0,4800.0,0.0
2030-05-17 11:00:00,0.0,1349.8515642840832,3300.0,0.0,4800.0,0.0
2030-05-17 12:00:00,0.0,1349.8515642840832,3300.0,0.0,4800.0,0.0
2030-05-17 13:00:00,0.0,1349.8515642840832,3300.0,0.0,4800.0,0.0
2030-05-17 14:00:00,0.0,1349.8515642840832,3300.0,0.0,4800.0,0.0
2030-05-17 15:00:00,0.0,1349.8515642840832,3300.0,0.0,4800.0,0.0
2030-05-17 16:00:00,0.0,1349.8515642840832,3300.0,0.0,4800.0,0.0
2030-05-17 17:00:00,0.0,1349.8515642840832,3300.0,0.0,4800.0,0.0
2030-05-17 18:00:00,0.0,1349.8515642840832,3300.0,0.0,4800.0,0.0
2030-05-17 19:00:00,0.0,1349.8515642840832,3300.0,0.0,4800.0,0.0
2030-05-17 20:00:00,365.40891910091887,1349.8515642840832,0.0,0.0,4800.0,0.0
2030-05-17 21:00:00,3828.8408495368712,1349.8515642840832,0.0,0.0,4800.0,0.0
2030-05-17 22:00:00,886.6618884101861,1349.8515642840832,0.0,0.0,4800.0,0.0
2030-05-17 23:00:00,1509.4238765919654,1349.8515642840832,0.0,0.0,4800.0,0.0
2030-05-18 00:00:00,0.0,1349.8515642840832,0.0,0.0,4800.0,0.0
2030-05-18 01:00:00,1125.5540431508998,1349.8515642840832,0.0,0.0,4800.0,0.0
2030-05-18 02:00:00,2907.6136758006614,1349.8515642840832,0.0,0.0,4800.0,0.0
2030-05-18 03:00:00,4303.585293445993,1349.8515642840832,0.0,0.0,4800.0,0.0
2030-05-18 04:00:00,4303.585293445993,1349.8515642840832,0.0,0.0,4800.0,0.0
2030-05-18 05:00:00,4303.585293445993,1349.8515642840832,0.0,0.0,4800.0,0.0
2030-05-18 06:00:00,0.0,1349.8515642840832,3300.0,0.0,4800.0,0.0
2030-05-18 07:00:00,0.0,1349.8515642840832,3300.0,0.0,4800.0,0.0
2030-05-18 08:00:00,0.0,1349.8515642840832,3300.0,0.0,4800.0,0.0
2030-05-18 09:00:00,0.0,1349.8515642840832,3300.0,0.0,4800.0,0.0
2030-05-18 10:00:00,0.0,1349.8515642840832,3300.0,0.0,4800.0,0.0
2030-05-18 11:00:00,0.0,1349.8515642840832,3300.0,0.0,4800.0,0.0
2030-05-18 12:00:00,0.0,1349.8515642840832,3300.0,0.0,4800.0,0.0
2030-05-18 13:00:00,0.0,1349.8515642840832,3300.0,0.0,4800.0,0.0
2030-05-18 14:00:00,0.0,1349.8515642840832,3300.0,0.0,4800.0,0.0
2030-05-18 15:00:00,0.0,1349.8515642840832,3300.0,0.0,4800.0,0.0
2030-05-18 16:00:00,2059.73324035545,1349.8515642840832,0.0,0.0,4800.0,0.0
2030-05-18 17:00:00,4303.585293445993,1349.8515642840832,0.0,0.0,0.0,4800.0
2030-05-18 18:00:00,4303.585293445993,1349.8515642840832,0.0,0.0,0.0,4800.0
2030-05-18 19:00:00,4303.585293445993,1349.8515642840832,0.0,0.0,0.0,4800.0
2030-05-18 20:00:00,4303.585293445993,1349.8515642840832,0.0,0.0,0.0,4800.0
2030-05-18 21:00:00,4303.585293445993,1349.8515642840832,0.0,0.0,4469.170853406431,4800.0
2030-05-18 22:00:00,4303.585293445993,1349.8515642840832,0.0,0.0,4800.0,0.0
2030-05-18 23:00:00,4158.540476166032,1349.8515642840832,0.0,0.0,4800.0,0.0
2030-05-19 00:00:00,0.0,1349.8515642840832,587.8961769231901,0.0,4800.0,0.0
2030-05-19 01:00:00,0.0,1349.8515642840832,916.007520019557,0.0,4800.0,0.0
2030-05-19 02:00:00,0.0,1349.8515642840832,2645.7688832688364,0.0,4800.0,0.0
2030-05-19 03:00:00,0.0,1349.8515642840832,2516.2609976720996,0.0,4800.0,0.0
2030-05-19 04:00:00,0.0,1349.8515642840832,3234.0667391498464,0.0,4800.0,0.0
2030-05-19 05:00:00,0.0,1349.8515642840832,2795.2506427929616,0.0,4800.0,0.0
2030-05-19 06:00:00,0.0,1349.8515642840832,3300.0,0.0,4800.0,0.0
2030-05-19 07:00:00,0.0,1349.8515642840832,3300.0,0.0,4800.0,0.0
2030-05-19 08:00:00,0.0,1349.8515642840832,3300.0,0.0,4800.0,0.0
2030-05-19 09:00:00,0.0,1349.8515642840832,3300.0,0.0,4800.0,0.0
2030-05-19 10:00:00,0.0,1349.8515642840832,3300.0,0.0,4800.0,0.0
2030-05-19 11:00:00,0.0,1349.8515642840832,3300.0,0.0,4800.0,0.0
2030-05-19 12:00:00,0.0,1349.8515642840832,3300.0,0.0,4800.0,0.0
2030-05-19 13:00:00,0.0,1349.8515642840832,3300.0,0.0,4800.0,0.0
2030-05-19 14:00:00,0.0,1349.8515642840832,3300.0,0.0,4800.0,0.0
2030-05-19 15:00:00,0.0,1349.8515642840832,3300.0,0.0,4800.0,0.0
2030-05-19 16:00:00,0.0,1349.8515642840832,3047.4218733395464,0.0,4800.0,0.0
2030-05-19 17:00:00,4303.585293445993,1349.8515642840832,0.0,0.0,4800.0,0.0
2030-05-19 18:00:00,4303.585293445993,1349.8515642840832,0.0,0.0,462.65707876403485,0.0
2030-05-19 19:00:00,4303.585293445993,1349.8515642840832,0.0,0.0,4800.0,4800.0
2030-05-19 20:00:00,4303.585293445993,1349.8515642840832,0.0,0.0,4800.0,0.0
2030-05-19 21:00:00,4303.585293445993,1349.8515642840832,0.0,0.0,4800.0,0.0
2030-05-19 22:00:00,4303.585293445993,1349.8515642840832,0.0,0.0,4800.0,0.0
2030-05-19 23:00:00,4303.585293445993,1349.8515642840832,0.0,0.0,4800.0,0.0
2030-05-20 00:00:00,4303.585293445993,1349.8515642840832,0.0,0.0,4800.0,0.0
2030-05-20 01:00:00,4303.585293445993,1349.8515642840832,0.0,0.0,4800.0,0.0
2030-05-20 02:00:00,4303.585293445993,1349.8515642840832,0.0,0.0,0.0,178.65296165211112
2030-05-20 03:00:00,4303.585293445993,1349.8515642840832,0.0,0.0,0.0,4500.171647897685
2030-05-20 04:00:00,4303.585293445993,1349.8515642840832,0.0,0.0,0.0,4800.0
2030-05-20 05:00:00,4303.585293445993,1349.8515642840832,0.0,0.0,0.0,1434.5486100761445
2030-05-20 06:00:00,4303.585293445993,1349.8515642840832,0.0,0.0,4800.0,0.0
2030-05-20 07:00:00,0.0,1349.8515642840832,858.3791928626342,0.0,4800.0,0.0
2030-05-20 08:00:00,0.0,1349.8515642840832,3300.0,0.0,4800.0,0.0
2030-05-20 09:00:00,0.0,1349.8515642840832,3300.0,0.0,4800.0,0.0
2030-05-20 10:00:00,0.0,1349.8515642840832,3300.0,0.0,4800.0,0.0
2030-05-20 11:00:00,0.0,1349.8515642840832,3300.0,0.0,4800.0,0.0
2030-05-20 12:00:00,0.0,1349.8515642840832,3300.0,0.0,4800.0,0.0
2030-05-20 13:00:00,0.0,1349.8515642840832,3300.0,0.0,4800.0,0.0
2030-05-20 14:00:00,0.0,1349.8515642840832,3300.0,0.0,4800.0,0.0
2030-05-20 15:00:00,0.0,1349.8515642840832,3300.0,0.0,4800.0,0.0
2030-05-20 16:00:00,4303.585293445993,1349.8515642840832,0.0,0.0,4800.0,0.0
2030-05-20 17:00:00,4303.585293445993,1349.8515642840832,0.0,0.0,0.0,4800.0
2030-05-20 18:00:00,4303.585293445993,1349.8515642840832,0.0,0.0,0.0,4800.0
2030-05-20 19:00:00,4303.585293445993,1349.8515642840832,0.0,0.0,0.0,4800.0
2030-05-20 20:00:00,4303.585293445993,1349.8515642840832,0.0,0.0,0.0,4800.0
2030-05-20 21:00:00,4303.585293445993,1349.8515642840832,0.0,0.0,0.0,4800.0
2030-05-20 22:00:00,4303.585293445993,1349.8515642840832,0.0,0.0,0.0,4800.0
2030-05-20 23:00:00,4303.585293445993,1349.8515642840832,0.0,0.0,827.2197259404784,4800.0
2030-05-21 00:00:00,4303.585293445993,1349.8515642840832,0.0,0.0,0.0,4800.0
2030-05-21 01:00:00,4303.585293445993,1349.8515642840832,0.0,0.0,0.0,4800.0
2030-05-21 02:00:00,4303.585293445993,1349.8515642840832,0.0,0.0,0.0,4800.0
2030-05-21 03:00:00,4303.585293445993,1349.8515642840832,0.0,0.0,0.0,4800.0
2030-05-21 04:00:00,4303.585293445993,1349.8515642840832,0.0,0.0,0.0,4800.0
2030-05-21 05:00:00,4303.585293445993,1349.8515642840832,0.0,0.0,0.0,4800.0
2030-05-21 06:00:00,4303.585293445993,1349.8515642840832,0.0,0.0,4800.0,0.0
2030-05-21 07:00:00,271.73100101056116,1349.8515642840832,0.0,0.0,4800.0,0.0
2030-05-21 08:00:00,0.0,1349.8515642840832,3300.0,0.0,4800.0,0.0
2030-05-21 09:00:00,0.0,1349.8515642840832,3300.0,0.0,4800.0,0.0
2030-05-21 10:00:00,0.0,1349.8515642840832,3300.0,0.0,4800.0,0.0
2030-05-21 11:00:00,0.0,1349.8515642840832,3300.0,0.0,4800.0,0.0
2030-05-21 12:00:00,0.0,1349.8515642840832,3300.0,0.0,4800.0,0.0
2030-05-21 13:00:00,0.0,1349.8515642840832,3300.0,0.0,4800.0,0.0
2030-05-21 14:00:00,0.0,1349.8515642840832,3300.0,0.0,4800.0,0.0
2030-05-21 15:00:00,0.0,1349.8515642840832,3300.0,0.0,4800.0,0.0
2030-05-21 16:00:00,0.0,1349.8515642840832,1436.3502703169709,0.0,4800.0,0.0
2030-05-21 17:00:00,4303.585293445993,1349.8515642840832,0.0,0.0,4800.0,0.0
2030-05-21 18:00:00,4303.585293445993,1349.8515642840832,0.0,0.0,4800.0,0.0
2030-05-21 19:00:00,4303.585293445993,1349.8515642840832,0.0,0.0,4800.0,0.0
2030-05-21 20:00:00,0.0,1349.8515642840832,146.2532775013533,0.0,4800.0,0.0
2030-05-21 21:00:00,0.0,1349.8515642840832,3300.0,0.0,4800.0,0.0
2030-05-21 22:00:00,0.0,1349.8515642840832,3300.0,0.0,4800.0,0.0
2030-05-21 23:00:00,0.0,1349.8515642840832,3300.0,0.0,4800.0,0.0
2030-05-22 00:00:00,910.5105839560492,1349.8515642840832,0.0,0.0,4800.0,0.0
2030-05-22 01:00:00,2532.25667856996,1349.8515642840832,0.0,0.0,4800.0,0.0
2030-05-22 02:00:00,4303.585293445993,1349.8515642840832,0.0,0.0,4800.0,0.0
2030-05-22 03:00:00,4303.585293445993,1349.8515642840832,0.0,0.0,4800.0,0.0
2030-05-22 04:00:00,4303.585293445993,1349.8515642840832,0.0,0.0,4800.0,0.0
2030-05-22 05:00:00,4303.585293445993,1349.8515642840832,0.0,0.0,4800.0,0.0
2030-05-22 06:00:00,0.0,1349.8515642840832,2096.270397455628,0.0,4800.0,0.0
2030-05-22 07:00:00,0.0,1349.8515642840832,3300.0,0.0,4800.0,0.0
2030-05-22 08:00:00,0.0,1349.8515642840832,3300.0,0.0,4800.0,0.0
2030-05-22 09:00:00,0.0,1349.8515642840832,3300.0,0.0,4800.0,0.0
2030-05-22 10:00:00,0.0,1349.8515642840832,3300.0,0.0,4800.0,0.0
2030-05-22 11:00:00,0.0,1349.8515642840832,3300.0,0.0,4800.0,0.0
2030-05-22 12:00:00,0.0,1349.8515642840832,3300.0,0.0,4800.0,0.0
2030-05-22 13:00:00,0.0,1349.8515642840832,3300.0,0.0,4800.0,0.0
2030-05-22 14:00:00,0.0,1349.8515642840832,3300.0,0.0,4800.0,0.0
2030-05-22 15:00:00,0.0,1349.8515642840832,3300.0,0.0,4800.0,0.0
2030-05-22 16:00:00,0.0,1349.8515642840832,3300.0,0.0,4800.0,0.0
2030-05-22 17:00:00,0.0,1349.8515642840832,1255.5706307973014,0.0,4800.0,0.0
2030-05-22 18:00:00,227.84376470115194,1349.8515642840832,0.0,0.0,4800.0,0.0
2030-05-22 19:00:00,0.0,1349.8515642840832,2123.4322264921652,0.0,4800.0,0.0
2030-05-22 20:00:00,0.0,1349.8515642840832,3300.0,0.0,4800.0,0.0
2030-05-22 21:00:00,0.0,1349.8515642840832,3300.0,0.0,4800.0,0.0
2030-05-22 22:00:00,0.0,1349.8515642840832,3300.0,0.0,4800.0,0.0
2030-05-22 23:00:00,0.0,1349.8515642840832,3300.0,0.0,4800.0,0.0
2030-05-23 00:00:00,0.0,1349.8515642840832,3300.0,0.0,4800.0,0.0
2030-05-23 01:00:00,0.0,1349.8515642840832,3300.0,0.0,4800.0,0.0
2030-05-23 02:00:00,0.0,1349.8515642840832,550.8323055859073,0.0,4800.0,0.0
2030-05-23 03:00:00,2813.1553274791804,1349.8515642840832,0.0,0.0,4800.0,0.0
2030-05-23 04:00:00,4303.585293445993,1349.8515642840832,0.0,0.0,4800.0,0.0
2030-05-23 05:00:00,4303.585293445993,1349.8515642840832,0.0,0.0,4800.0,0.0
2030-05-23 06:00:00,117.66169386145702,1349.8515642840832,0.0,0.0,4800.0,0.0
2030-05-23 07:00:00,0.0,1349.8515642840832,2770.3472827002697,0.0,4800.0,0.0
2030-05-23 08:00:00,0.0,1349.8515642840832,3300.0,0.0,4800.0,0.0
2030-05-23 09:00:00,0.0,1349.8515642840832,3300.0,0.0,4800.0,0.0
2030-05-23 10:00:00,0.0,1349.8515642840832,3300.0,0.0,4800.0,0.0
2030-05-23 11:00:00,0.0,1349.8515642840832,3300.0,0.0,4800.0,0.0
2030-05-23 12:00:00,0.0,1349.8515642840832,3300.0,0.0,4800.0,0.0
2030-05-23 13:00:00,0.0,1349.8515642840832,3300.0,0.0,4800.0,0.0
2030-05-23 14:00:00,0.0,1349.8515642840832,3300.0,0.0,4800.0,0.0
2030-05-23 15:00:00,0.0,1349.8515642840832,1510.7228103880734,0.0,4800.0,0.0
2030-05-23 16:00:00,4303.585293445993,1349.8515642840832,0.0,0.0,4800.0,0.0
2030-05-23 17:00:00,4303.585293445993,1349.8515642840832,0.0,0.0,0.0,4800.0
2030-05-23 18:00:00,4303.585293445993,1349.8515642840832,0.0,0.0,0.0,4800.0
2030-05-23 19:00:00,4303.585293445993,1349.8515642840832,0.0,0.0,0.0,4800.0
2030-05-23 20:00:00,4303.585293445993,1349.8515642840832,0.0,0.0,4800.0,2455.4083396459173
2030-05-23 21:00:00,4303.585293445993,1349.8515642840832,0.0,0.0,4800.0,0.0
2030-05-23 22:00:00,4303.585293445993,1349.8515642840832,0.0,0.0,4800.0,0.0
2030-05-23 23:00:00,4303.585293445993,1349.8515642840832,0.0,0.0,4800.0,0.0
2030-05-24 00:00:00,4303.585293445993,1349.8515642840832,0.0,0.0,4800.0,0.0
2030-05-24 01:00:00,4303.585293445993,1349.8515642840832,0.0,0.0,4800.0,302.8051875028759
2030-05-24 02:00:00,4303.585293445993,1349.8515642840832,0.0,0.0,1218.809232440708,0.0
2030-05-24 03:00:00,4303.585293445993,1349.8515642840832,0.0,0.0,0.0,2282.9838409270196
2030-05-24 04:00:00,4303.585293445993,1349.8515642840832,0.0,0.0,0.0,4800.0
2030-05-24 05:00:00,4303.585293445993,1349.8515642840832,0.0,0.0,0.0,557.8516879506533
2030-05-24 06:00:00,4303.585293445993,1349.8515642840832,0.0,0.0,4800.0,0.0
2030-05-24 07:00:00,0.0,1349.8515642840832,3214.0866365426814,0.0,4800.0,0.0
2030-05-24 08:00:00,0.0,1349.8515642840832,3300.0,0.0,4800.0,0.0
2030-05-24 09:00:00,0.0,1349.8515642840832,3300.0,0.0,4800.0,0.0
2030-05-24 10:00:00,0.0,1349.8515642840832,3300.0,0.0,4800.0,0.0
2030-05-24 11:00:00,0.0,1349.8515642840832,3300.0,0.0,4800.0,0.0
2030-05-24 12:00:00,0.0,1349.8515642840832,3300.0,0.0,4800.0,0.0
2030-05-24 13:00:00,0.0,1349.8515642840832,3300.0,0.0,4800.0,0.0
2030-05-24 14:00:00,0.0,1349.8515642840832,3300.0,0.0,4800.0,0.0
2030-05-24 15:00:00,0.0,1349.8515642840832,3300.0,0.0,4800.0,0.0
2030-05-24 16:00:00,0.0,1349.8515642840832,3300.0,0.0,4800.0,0.0
2030-05-24 17:00:00,0.0,1349.8515642840832,2504.6882570934067,0.0,4800.0,0.0
2030-05-24 18:00:00,0.0,1349.8515642840832,820.8039271141315,0.0,4800.0,0.0
2030-05-24 19:00:00,0.0,1349.8515642840832,569.3922488838798,0.0,4800.0,0.0
2030-05-24 20:00:00,0.0,1349.8515642840832,3300.0,0.0,4800.0,0.0
2030-05-24 21:00:00,0.0,1349.8515642840832,3300.0,0.0,4800.0,0.0
2030-05-24 22:00:00,0.0,1349.8515642840832,3300.0,0.0,4800.0,0.0
2030-05-24 23:00:00,0.0,1349.8515642840832,3300.0,0.0,4800.0,0.0
2030-05-25 00:00:00,0.0,1349.8515642840832,3300.0,0.0,4800.0,0.0
2030-05-25 01:00:00,0.0,1349.8515642840832,3300.0,0.0,4800.0,0.0
2030-05-25 02:00:00,0.0,1349.8515642840832,3113.133319480364,0.0,4800.0,0.0
2030-05-25 03:00:00,0.0,1349.8515642840832,3276.9787172622437,0.0,4800.0,0.0
2030-05-25 04:00:00,0.0,1349.8515642840832,2319.6957075288956,0.0,4800.0,0.0
2030-05-25 05:00:00,0.0,1349.8515642840832,3300.0,0.0,4800.0,0.0
2030-05-25 06:00:00,0.0,1349.8515642840832,3300.0,0.0,4800.0,0.0
2030-05-25 07:00:00,0.0,1349.8515642840832,3300.0,0.0,4800.0,0.0
2030-05-25 08:00:00,0.0,1349.8515642840832,3300.0,0.0,4800.0,0.0
2030-05-25 09:00:00,0.0,1349.8515642840832,3300.0,0.0,4800.0,0.0
2030-05-25 10:00:00,0.0,1349.8515642840832,3300.0,0.0,4800.0,0.0
2030-05-25 11:00:00,0.0,1349.8515642840832,3300.0,0.0,4800.0,0.0
2030-05-25 12:00:00,0.0,1349.8515642840832,3300.0,0.0,4800.0,0.0
2030-05-25 13:00:00,0.0,1349.8515642840832,3300.0,0.0,4800.0,0.0
2030-05-25 14:00:00,0.0,1349.8515642840832,3300.0,0.0,4800.0,0.0
2030-05-25 15:00:00,0.0,1349.8515642840832,3300.0,0.0,4800.0,0.0
2030-05-25 16:00:00,0.0,1349.8515642840832,3300.0,0.0,4800.0,0.0
2030-05-25 17:00:00,0.0,1349.8515642840832,3300.0,0.0,4800.0,0.0
2030-05-25 18:00:00,0.0,1349.8515642840832,3300.0,0.0,4800.0,0.0
2030-05-25 19:00:00,0.0,1349.8515642840832,3300.0,0.0,4800.0,0.0
2030-05-25 20:00:00,0.0,1349.8515642840832,3300.0,0.0,4800.0,0.0
2030-05-25 21:00:00,0.0,1349.8515642840832,3300.0,0.0,4800.0,0.0
2030-05-25 22:00:00,0.0,1349.8515642840832,3300.0,0.0,4800.0,0.0
2030-05-25 23:00:00,0.0,1349.8515642840832,3300.0,0.0,4800.0,0.0
2030-05-26 00:00:00,0.0,1349.8515642840832,3300.0,0.0,4800.0,0.0
2030-05-26 01:00:00,0.0,1349.8515642840832,3300.0,0.0,4800.0,0.0
2030-05-26 02:00:00,0.0,1349.8515642840832,2649.153953655986,0.0,4800.0,0.0
2030-05-26 03:00:00,0.0,1349.8515642840832,2631.294866370159,0.0,4800.0,0.0
2030-05-26 04:00:00,0.0,1349.8515642840832,2166.0098608570393,0.0,4800.0,0.0
2030-05-26 05:00:00,0.0,1349.8515642840832,2418.2537357016527,0.0,4800.0,0.0
2030-05-26 06:00:00,0.0,1349.8515642840832,3300.0,0.0,4800.0,0.0
2030-05-26 07:00:00,0.0,1349.8515642840832,3300.0,0.0,4800.0,0.0
2030-05-26 08:00:00,0.0,1349.8515642840832,3300.0,0.0,4800.0,0.0
2030-05-26 09:00:00,0.0,1349.8515642840832,3300.0,0.0,4800.0,0.0
2030-05-26 10:00:00,0.0,1349.8515642840832,3300.0,0.0,4800.0,0.0
2030-05-26 11:00:00,0.0,1349.8515642840832,3300.0,0.0,4800.0,0.0
2030-05-26 12:00:00,0.0,1349.8515642840832,3300.0,0.0,4800.0,0.0
2030-05-26 13:00:00,0.0,1349.8515642840832,3300.0,0.0,4800.0,0.0
2030-05-26 14:00:00,0.0,1349.8515642840832,3300.0,0.0,4800.0,0.0
2030-05-26 15:00:00,0.0,1349.8515642840832,3300.0,0.0,4800.0,0.0
2030-05-26 16:00:00,0.0,1349.8515642840832,3300.0,0.0,4800.0,0.0
2030-05-26 17:00:00,0.0,1349.8515642840832,3300.0,0.0,4800.0,0.0
2030-05-26 18:00:00,0.0,1349.8515642840832,2970.5541059334782,0.0,4800.0,0.0
2030-05-26 19:00:00,0.0,1349.8515642840832,2459.2979032871904,0.0,4800.0,0.0
2030-05-26 20:00:00,0.0,1349.8515642840832,2912.336120903225,0.0,4800.0,0.0
2030-05-26 21:00:00,0.0,1349.8515642840832,3300.0,0.0,4800.0,0.0
2030-05-26 22:00:00,0.0,1349.8515642840832,3300.0,0.0,4800.0,0.0
2030-05-26 23:00:00,0.0,1349.8515642840832,3300.0,0.0,4800.0,0.0
2030-05-27 00:00:00,0.0,1349.8515642840832,3300.0,0.0,4800.0,0.0
2030-05-27 01:00:00,0.0,1349.8515642840832,3300.0,0.0,4800.0,0.0
2030-05-27 02:00:00,191.62999628493708,1349.8515642840832,0.0,0.0,4800.0,0.0
2030-05-27 03:00:00,4303.585293445993,1349.8515642840832,0.0,0.0,4800.0,0.0
2030-05-27 04:00:00,4303.585293445993,1349.8515642840832,0.0,0.0,4800.0,0.0
2030-05-27 05:00:00,1903.2879996568454,1349.8515642840832,0.0,0.0,4800.0,0.0
2030-05-27 06:00:00,0.0,1349.8515642840832,1511.6097602088844,0.0,4800.0,0.0
2030-05-27 07:00:00,0.0,1349.8515642840832,3300.0,0.0,4800.0,0.0
2030-05-27 08:00:00,0.0,1349.8515642840832,3300.0,0.0,4800.0,0.0
2030-05-27 09:00:00,0.0,1349.8515642840832,3300.0,0.0,4800.0,0.0
2030-05-27 10:00:00,0.0,1349.8515642840832,3300.0,0.0,4800.0,0.0
2030-05-27 11:00:00,0.0,1349.8515642840832,3300.0,0.0,4800.0,0.0
2030-05-27 12:00:00,0.0,1349.8515642840832,3300.0,0.0,4800.0,0.0
2030-05-27 13:00:00,0.0,1349.8515642840832,3300.0,0.0,4800.0,0.0
2030-05-27 14:00:00,0.0,1349.8515642840832,3300.0,0.0,4800.0,0.0
2030-05-27 15:00:00,0.0,1349.8515642840832,3300.0,0.0,4800.0,0.0
2030-05-27 16:00:00,0.0,1349.8515642840832,3300.0,0.0,4800.0,0.0
2030-05-27 17:00:00,4303.585293445993,1349.8515642840832,0.0,0.0,2093.8926500849157,4800.0
2030-05-27 18:00:00,4303.585293445993,1349.8515642840832,0.0,0.0,0.0,4800.0
2030-05-27 19:00:00,4303.585293445993,1349.8515642840832,0.0,0.0,0.0,4800.0
2030-05-27 20:00:00,4303.585293445993,1349.8515642840832,0.0,0.0,0.0,4800.0
2030-05-27 21:00:00,4303.585293445993,1349.8515642840832,0.0,0.0,0.0,4800.0
2030-05-27 22:00:00,4303.585293445993,1349.8515642840832,0.0,0.0,0.0,4800.0
2030-05-27 23:00:00,4303.585293445993,1349.8515642840832,0.0,0.0,0.0,4800.0
2030-05-28 00:00:00,4303.585293445993,1349.8515642840832,0.0,0.0,0.0,4800.0
2030-05-28 01:00:00,4303.585293445993,1349.8515642840832,0.0,0.0,0.0,4800.0
2030-05-28 02:00:00,4303.585293445993,1349.8515642840832,0.0,0.0,0.0,4800.0
2030-05-28 03:00:00,4303.585293445993,1349.8515642840832,0.0,0.0,0.0,4800.0
2030-05-28 04:00:00,4303.585293445993,1349.8515642840832,0.0,0.0,0.0,4800.0
2030-05-28 05:00:00,4303.585293445993,1349.8515642840832,0.0,0.0,0.0,4800.0
2030-05-28 06:00:00,4303.585293445993,1349.8515642840832,0.0,0.0,0.0,4800.0
2030-05-28 07:00:00,4303.585293445993,1349.8515642840832,0.0,0.0,0.0,4800.0
2030-05-28 08:00:00,4303.585293445993,1349.8515642840832,0.0,0.0,4800.0,4426.161727944153
2030-05-28 09:00:00,0.0,1349.8515642840832,3162.792165174209,0.0,4800.0,0.0
2030-05-28 10:00:00,0.0,1349.8515642840832,3300.0,0.0,4800.0,0.0
2030-05-28 11:00:00,0.0,1349.8515642840832,3300.0,0.0,4800.0,0.0
2030-05-28 12:00:00,0.0,1349.8515642840832,3300.0,0.0,4800.0,0.0
2030-05-28 13:00:00,0.0,1349.8515642840832,3300.0,0.0,4800.0,0.0
2030-05-28 14:00:00,4303.585293445993,1349.8515642840832,0.0,0.0,4800.0,868.3505803415878
2030-05-28 15:00:00,4303.585293445993,1349.8515642840832,0.0,0.0,0.0,4378.084676214494
2030-05-28 16:00:00,4303.585293445993,1349.8515642840832,0.0,0.0,0.0,4800.0
2030-05-28 17:00:00,4303.585293445993,1349.8515642840832,0.0,0.0,0.0,4800.0
2030-05-28 18:00:00,4303.585293445993,1349.8515642840832,0.0,0.0,0.0,4800.0
2030-05-28 19:00:00,4303.585293445993,1349.8515642840832,0.0,0.0,0.0,4800.0
2030-05-28 20:00:00,4303.585293445993,1349.8515642840832,0.0,0.0,0.0,4800.0
2030-05-28 21:00:00,4303.585293445993,1349.8515642840832,0.0,0.0,0.0,4800.0
2030-05-28 22:00:00,4303.585293445993,1349.8515642840832,0.0,0.0,0.0,4800.0
2030-05-28 23:00:00,4303.585293445993,1349.8515642840832,0.0,0.0,0.0,4800.0
2030-05-29 00:00:00,4303.585293445993,1349.8515642840832,0.0,0.0,0.0,4800.0
2030-05-29 01:00:00,4303.585293445993,1349.8515642840832,0.0,0.0,0.0,4800.0
2030-05-29 02:00:00,4303.585293445993,1349.8515642840832,0.0,0.0,0.0,4800.0
2030-05-29 03:00:00,4303.585293445993,1349.8515642840832,0.0,0.0,0.0,4800.0
2030-05-29 04:00:00,4303.585293445993,1349.8515642840832,0.0,0.0,0.0,4800.0
2030-05-29 05:00:00,4303.585293445993,1349.8515642840832,0.0,0.0,0.0,4800.0
2030-05-29 06:00:00,4303.585293445993,1349.8515642840832,0.0,0.0,0.0,4800.0
2030-05-29 07:00:00,4303.585293445993,1349.8515642840832,0.0,0.0,2988.9180189617364,4800.0
2030-05-29 08:00:00,1679.2929318559127,1349.8515642840832,0.0,0.0,4800.0,0.0
2030-05-29 09:00:00,0.0,1349.8515642840832,3300.0,0.0,4800.0,0.0
2030-05-29 10:00:00,0.0,1349.8515642840832,3300.0,0.0,4800.0,0.0
2030-05-29 11:00:00,0.0,1349.8515642840832,3300.0,0.0,4800.0,0.0
2030-05-29 12:00:00,0.0,1349.8515642840832,3300.0,0.0,4800.0,0.0
2030-05-29 13:00:00,0.0,1349.8515642840832,3300.0,0.0,4800.0,0.0
2030-05-29 14:00:00,0.0,1349.8515642840832,3300.0,0.0,4800.0,0.0
2030-05-29 15:00:00,0.0,1349.8515642840832,2149.4135402984557,0.0,4800.0,0.0
2030-05-29 16:00:00,4303.585293445993,1349.8515642840832,0.0,0.0,4800.0,0.0
2030-05-29 17:00:00,4303.585293445993,1349.8515642840832,0.0,0.0,0.0,4800.0
2030-05-29 18:00:00,4303.585293445993,1349.8515642840832,0.0,0.0,0.0,4800.0
2030-05-29 19:00:00,4303.585293445993,1349.8515642840832,0.0,0.0,0.0,4800.0
2030-05-29 20:00:00,4303.585293445993,1349.8515642840832,0.0,0.0,0.0,4800.0
2030-05-29 21:00:00,4303.585293445993,1349.8515642840832,0.0,0.0,0.0,4800.0
2030-05-29 22:00:00,4303.585293445993,1349.8515642840832,0.0,0.0,0.0,4800.0
2030-05-29 23:00:00,4303.585293445993,1349.8515642840832,0.0,0.0,0.0,4800.0
2030-05-30 00:00:00,4303.585293445993,1349.8515642840832,0.0,0.0,0.0,4800.0
2030-05-30 01:00:00,4303.585293445993,1349.8515642840832,0.0,0.0,0.0,4800.0
2030-05-30 02:00:00,4303.585293445993,1349.8515642840832,0.0,0.0,3650.3852200738547,4800.0
2030-05-30 03:00:00,4303.585293445993,1349.8515642840832,0.0,0.0,0.0,4800.0
2030-05-30 04:00:00,4303.585293445993,1349.8515642840832,0.0,0.0,0.0,1268.6050806990097
2030-05-30 05:00:00,4303.585293445993,1349.8515642840832,0.0,0.0,0.0,3288.5994683537137
2030-05-30 06:00:00,2883.3549392499153,1349.8515642840832,0.0,0.0,4800.0,0.0
2030-05-30 07:00:00,0.0,1349.8515642840832,3300.0,0.0,4800.0,0.0
2030-05-30 08:00:00,0.0,1349.8515642840832,3300.0,0.0,4800.0,0.0
2030-05-30 09:00:00,0.0,1349.8515642840832,3300.0,0.0,4800.0,0.0
2030-05-30 10:00:00,0.0,1349.8515642840832,3300.0,0.0,4800.0,0.0
2030-05-30 11:00:00,0.0,1349.8515642840832,3300.0,0.0,4800.0,0.0
2030-05-30 12:00:00,0.0,1349.8515642840832,3300.0,0.0,4800.0,0.0
2030-05-30 13:00:00,0.0,1349.8515642840832,3300.0,0.0,4800.0,0.0
2030-05-30 14:00:00,0.0,1349.8515642840832,3300.0,0.0,4800.0,0.0
2030-05-30 15:00:00,0.0,1349.8515642840832,3300.0,0.0,4800.0,0.0
2030-05-30 16:00:00,1873.981438693525,1349.8515642840832,0.0,0.0,4800.0,0.0
2030-05-30 17:00:00,4303.585293445993,1349.8515642840832,0.0,0.0,0.0,4800.0
2030-05-30 18:00:00,4303.585293445993,1349.8515642840832,0.0,0.0,0.0,4800.0
2030-05-30 19:00:00,4303.585293445993,1349.8515642840832,0.0,0.0,0.0,4800.0
2030-05-30 20:00:00,4303.585293445993,1349.8515642840832,0.0,0.0,0.0,4800.0
2030-05-30 21:00:00,4303.585293445993,1349.8515642840832,0.0,0.0,0.0,4800.0
2030-05-30 22:00:00,4303.585293445993,1349.8515642840832,0.0,0.0,0.0,4800.0
2030-05-30 23:00:00,4303.585293445993,1349.8515642840832,0.0,0.0,0.0,4800.0
2030-05-31 00:00:00,4303.585293445993,1349.8515642840832,0.0,0.0,0.0,4800.0
2030-05-31 01:00:00,4303.585293445993,1349.8515642840832,0.0,0.0,0.0,4800.0
2030-05-31 02:00:00,4303.585293445993,1349.8515642840832,0.0,0.0,0.0,4800.0
2030-05-31 03:00:00,4303.585293445993,1349.8515642840832,0.0,0.0,0.0,4800.0
2030-05-31 04:00:00,4303.585293445993,1349.8515642840832,0.0,0.0,0.0,4800.0
2030-05-31 05:00:00,4303.585293445993,1349.8515642840832,0.0,0.0,0.0,4800.0
2030-05-31 06:00:00,4303.585293445993,1349.8515642840832,0.0,0.0,0.0,4800.0
2030-05-31 07:00:00,4303.585293445993,1349.8515642840832,0.0,0.0,0.0,2159.7793101662846
2030-05-31 08:00:00,3785.5896896789473,1349.8515642840832,0.0,0.0,4800.0,0.0
2030-05-31 09:00:00,0.0,1349.8515642840832,3300.0,0.0,4800.0,0.0
2030-05-31 10:00:00,0.0,1349.8515642840832,3300.0,0.0,4800.0,0.0
2030-05-31 11:00:00,0.0,1349.8515642840832,3300.0,0.0,4800.0,0.0
2030-05-31 12:00:00,0.0,1349.8515642840832,3300.0,0.0,4800.0,0.0
2030-05-31 13:00:00,0.0,1349.8515642840832,3300.0,0.0,4800.0,0.0
2030-05-31 14:00:00,0.0,1349.8515642840832,3300.0,0.0,4800.0,0.0
2030-05-31 15:00:00,4303.585293445993,1349.8515642840832,0.0,0.0,4800.0,0.0
2030-05-31 16:00:00,4303.585293445993,1349.8515642840832,0.0,0.0,0.0,3730.312719456251
2030-05-31 17:00:00,4303.585293445993,1349.8515642840832,0.0,0.0,0.0,4800.0
2030-05-31 18:00:00,4303.585293445993,1349.8515642840832,0.0,0.0,0.0,4800.0
2030-05-31 19:00:00,4303.585293445993,1349.8515642840832,0.0,0.0,0.0,4800.0
2030-05-31 20:00:00,4303.585293445993,1349.8515642840832,0.0,0.0,0.0,4800.0
2030-05-31 21:00:00,4303.585293445993,1349.8515642840832,0.0,0.0,0.0,4800.0
2030-05-31 22:00:00,4303.585293445993,1349.8515642840832,0.0,0.0,0.0,4800.0
2030-05-31 23:00:00,4303.585293445993,1349.8515642840832,0.0,0.0,0.0,4800.0
2030-06-01 00:00:00,4303.585293445993,1349.8515642840832,0.0,0.0,0.0,4800.0
2030-06-01 01:00:00,4303.585293445993,1349.8515642840832,0.0,0.0,0.0,4800.0
2030-06-01 02:00:00,4303.585293445993,1349.8515642840832,0.0,0.0,0.0,4800.0
2030-06-01 03:00:00,4303.585293445993,1349.8515642840832,0.0,0.0,0.0,4800.0
2030-06-01 04:00:00,4303.585293445993,1349.8515642840832,0.0,0.0,0.0,4800.0
2030-06-01 05:00:00,4303.585293445993,1349.8515642840832,0.0,0.0,0.0,4800.0
2030-06-01 06:00:00,4303.585293445993,1349.8515642840832,0.0,0.0,0.0,4800.0
2030-06-01 07:00:00,4303.585293445993,1349.8515642840832,0.0,0.0,0.0,4800.0
2030-06-01 08:00:00,4303.585293445993,1349.8515642840832,0.0,0.0,0.0,4588.603115143878
2030-06-01 09:00:00,4303.585293445993,1349.8515642840832,0.0,0.0,4800.0,0.0
2030-06-01 10:00:00,4303.585293445993,1349.8515642840832,0.0,0.0,4800.0,0.0
2030-06-01 11:00:00,4303.585293445993,1349.8515642840832,0.0,0.0,4800.0,0.0
2030-06-01 12:00:00,3754.1984977045886,1349.8515642840832,0.0,0.0,4800.0,0.0
2030-06-01 13:00:00,4303.585293445993,1349.8515642840832,0.0,0.0,4800.0,0.0
2030-06-01 14:00:00,4303.585293445993,1349.8515642840832,0.0,0.0,2215.290500811837,4800.0
2030-06-01 15:00:00,4303.585293445993,1349.8515642840832,0.0,0.0,0.0,4800.0
2030-06-01 16:00:00,4303.585293445993,1349.8515642840832,0.0,0.0,0.0,4800.0
2030-06-01 17:00:00,4303.585293445993,1349.8515642840832,0.0,0.0,0.0,4800.0
2030-06-01 18:00:00,4303.585293445993,1349.8515642840832,0.0,0.0,0.0,4800.0
2030-06-01 19:00:00,4303.585293445993,1349.8515642840832,0.0,0.0,0.0,4800.0
2030-06-01 20:00:00,4303.585293445993,1349.8515642840832,0.0,0.0,3420.7566880736485,4800.0
2030-06-01 21:00:00,4303.585293445993,1349.8515642840832,0.0,0.0,4800.0,0.0
2030-06-01 22:00:00,0.0,1349.8515642840832,283.9108109270601,0.0,4800.0,0.0
2030-06-01 23:00:00,0.0,1349.8515642840832,3300.0,0.0,4800.0,0.0
2030-06-02 00:00:00,0.0,1349.8515642840832,3300.0,0.0,4800.0,0.0
2030-06-02 01:00:00,0.0,1349.8515642840832,3300.0,0.0,4800.0,0.0
2030-06-02 02:00:00,0.0,1349.8515642840832,3300.0,0.0,4800.0,0.0
2030-06-02 03:00:00,0.0,1349.8515642840832,3300.0,0.0,4800.0,0.0
2030-06-02 04:00:00,0.0,1349.8515642840832,3300.0,0.0,4800.0,0.0
2030-06-02 05:00:00,0.0,1349.8515642840832,3300.0,0.0,4800.0,0.0
2030-06-02 06:00:00,0.0,1349.8515642840832,3300.0,0.0,4800.0,0.0
2030-06-02 07:00:00,0.0,1349.8515642840832,3300.0,0.0,4800.0,0.0
2030-06-02 08:00:00,0.0,1349.8515642840832,3300.0,0.0,4800.0,0.0
2030-06-02 09:00:00,0.0,1349.8515642840832,3300.0,0.0,4800.0,0.0
2030-06-02 10:00:00,0.0,1349.8515642840832,3300.0,0.0,4800.0,0.0
2030-06-02 11:00:00,0.0,1349.8515642840832,3300.0,0.0,4800.0,0.0
2030-06-02 12:00:00,0.0,1349.8515642840832,3300.0,0.0,4800.0,0.0
2030-06-02 13:00:00,0.0,1349.8515642840832,3300.0,0.0,4800.0,0.0
2030-06-02 14:00:00,0.0,1349.8515642840832,3300.0,0.0,4800.0,0.0
2030-06-02 15:00:00,0.0,1349.8515642840832,3300.0,0.0,4800.0,0.0
2030-06-02 16:00:00,0.0,1349.8515642840832,3300.0,0.0,4800.0,0.0
2030-06-02 17:00:00,0.0,1349.8515642840832,3300.0,0.0,4800.0,0.0
2030-06-02 18:00:00,0.0,1349.8515642840832,3300.0,0.0,4800.0,0.0
2030-06-02 19:00:00,4303.585293445993,1349.8515642840832,0.0,0.0,4800.0,0.0
2030-06-02 20:00:00,4303.585293445993,1349.8515642840832,0.0,0.0,4800.0,442.8622714624071
2030-06-02 21:00:00,4303.585293445993,1349.8515642840832,0.0,0.0,4800.0,0.0
2030-06-02 22:00:00,4303.585293445993,1349.8515642840832,0.0,0.0,4800.0,0.0
2030-06-02 23:00:00,4303.585293445993,1349.8515642840832,0.0,0.0,4800.0,0.0
2030-06-03 00:00:00,4303.585293445993,1349.8515642840832,0.0,0.0,4800.0,0.0
2030-06-03 01:00:00,4303.585293445993,1349.8515642840832,0.0,0.0,966.1761694060187,0.0
2030-06-03 02:00:00,4303.585293445993,1349.8515642840832,0.0,0.0,4800.0,4800.0
2030-06-03 03:00:00,4303.585293445993,1349.8515642840832,0.0,0.0,0.0,4800.0
2030-06-03 04:00:00,4303.585293445993,1349.8515642840832,0.0,0.0,0.0,1080.0851608357798
2030-06-03 05:00:00,4303.585293445993,1349.8515642840832,0.0,0.0,4800.0,0.0
2030-06-03 06:00:00,0.0,1349.8515642840832,3300.0,0.0,4800.0,0.0
2030-06-03 07:00:00,0.0,1349.8515642840832,3300.0,0.0,4800.0,0.0
2030-06-03 08:00:00,0.0,1349.8515642840832,3300.0,0.0,4800.0,0.0
2030-06-03 09:00:00,0.0,1349.8515642840832,3300.0,0.0,4800.0,0.0
2030-06-03 10:00:00,0.0,1349.8515642840832,3300.0,0.0,4800.0,0.0
2030-06-03 11:00:00,0.0,1349.8515642840832,3300.0,0.0,4800.0,0.0
2030-06-03 12:00:00,0.0,1349.8515642840832,3300.0,0.0,4800.0,0.0
2030-06-03 13:00:00,0.0,1349.8515642840832,3300.0,0.0,4800.0,0.0
2030-06-03 14:00:00,0.0,1349.8515642840832,3300.0,0.0,4800.0,0.0
2030-06-03 15:00:00,0.0,1349.8515642840832,3300.0,0.0,4800.0,0.0
2030-06-03 16:00:00,0.0,1349.8515642840832,3300.0,0.0,4800.0,0.0
2030-06-03 17:00:00,4303.585293445993,1349.8515642840832,0.0,0.0,4800.0,2741.4939896227515
2030-06-03 18:00:00,4303.585293445993,1349.8515642840832,0.0,0.0,0.0,4800.0
2030-06-03 19:00:00,4303.585293445993,1349.8515642840832,0.0,0.0,0.0,4800.0
2030-06-03 20:00:00,4303.585293445993,1349.8515642840832,0.0,0.0,0.0,4800.0
2030-06-03 21:00:00,4303.585293445993,1349.8515642840832,0.0,0.0,0.0,4800.0
2030-06-03 22:00:00,4303.585293445993,1349.8515642840832,0.0,0.0,0.0,4800.0
2030-06-03 23:00:00,4303.585293445993,1349.8515642840832,0.0,0.0,0.0,4800.0
2030-06-04 00:00:00,4303.585293445993,1349.8515642840832,0.0,0.0,0.0,4800.0
2030-06-04 01:00:00,4303.585293445993,1349.8515642840832,0.0,0.0,0.0,4800.0
2030-06-04 02:00:00,4303.585293445993,1349.8515642840832,0.0,0.0,0.0,4800.0
2030-06-04 03:00:00,4303.585293445993,1349.8515642840832,0.0,0.0,0.0,4800.0
2030-06-04 04:00:00,4303.585293445993,1349.8515642840832,0.0,0.0,0.0,4800.0
2030-06-04 05:00:00,4303.585293445993,1349.8515642840832,0.0,0.0,0.0,4800.0
2030-06-04 06:00:00,4303.585293445993,1349.8515642840832,0.0,0.0,0.0,4800.0
2030-06-04 07:00:00,4303.585293445993,1349.8515642840832,0.0,0.0,0.0,4800.0
2030-06-04 08:00:00,4303.585293445993,1349.8515642840832,0.0,0.0,0.0,4800.0
2030-06-04 09:00:00,4303.585293445993,1349.8515642840832,0.0,0.0,0.0,4800.0
2030-06-04 10:00:00,4303.585293445993,1349.8515642840832,0.0,0.0,0.0,4800.0
2030-06-04 11:00:00,4303.585293445993,1349.8515642840832,0.0,0.0,0.0,1403.4164550914818
2030-06-04 12:00:00,4303.585293445993,1349.8515642840832,0.0,0.0,0.0,4800.0
2030-06-04 13:00:00,4303.585293445993,1349.8515642840832,0.0,0.0,0.0,4800.0
2030-06-04 14:00:00,4303.585293445993,1349.8515642840832,0.0,0.0,0.0,2125.3805778221576
2030-06-04 15:00:00,4303.585293445993,1349.8515642840832,0.0,0.0,0.0,4800.0
2030-06-04 16:00:00,4303.585293445993,1349.8515642840832,0.0,0.0,0.0,4800.0
2030-06-04 17:00:00,4303.585293445993,1349.8515642840832,0.0,0.0,0.0,4800.0
2030-06-04 18:00:00,4303.585293445993,1349.8515642840832,0.0,0.0,0.0,4800.0
2030-06-04 19:00:00,4303.585293445993,1349.8515642840832,0.0,0.0,0.0,4800.0
2030-06-04 20:00:00,4303.585293445993,1349.8515642840832,0.0,0.0,0.0,4800.0
2030-06-04 21:00:00,4303.585293445993,1349.8515642840832,0.0,0.0,0.0,4800.0
2030-06-04 22:00:00,4303.585293445993,1349.8515642840832,0.0,0.0,0.0,4800.0
2030-06-04 23:00:00,4303.585293445993,1349.8515642840832,0.0,0.0,0.0,4800.0
2030-06-05 00:00:00,4303.585293445993,1349.8515642840832,0.0,0.0,0.0,4800.0
2030-06-05 01:00:00,4303.585293445993,1349.8515642840832,0.0,0.0,0.0,4800.0
2030-06-05 02:00:00,4303.585293445993,1349.8515642840832,0.0,0.0,0.0,4800.0
2030-06-05 03:00:00,4303.585293445993,1349.8515642840832,0.0,0.0,0.0,4800.0
2030-06-05 04:00:00,4303.585293445993,1349.8515642840832,0.0,0.0,0.0,4800.0
2030-06-05 05:00:00,4303.585293445993,1349.8515642840832,0.0,0.0,0.0,4800.0
2030-06-05 06:00:00,4303.585293445993,1349.8515642840832,0.0,0.0,0.0,4800.0
2030-06-05 07:00:00,4303.585293445993,1349.8515642840832,0.0,0.0,0.0,4800.0
2030-06-05 08:00:00,4303.585293445993,1349.8515642840832,0.0,0.0,0.0,4800.0
2030-06-05 09:00:00,4303.585293445993,1349.8515642840832,0.0,0.0,0.0,4800.0
2030-06-05 10:00:00,4303.585293445993,1349.8515642840832,0.0,0.0,0.0,1259.448722556277
2030-06-05 11:00:00,4303.585293445993,1349.8515642840832,0.0,0.0,0.0,925.9179363762287
2030-06-05 12:00:00,4303.585293445993,1349.8515642840832,0.0,0.0,1820.057800374294,0.0
2030-06-05 13:00:00,4303.585293445993,1349.8515642840832,0.0,0.0,4800.0,0.0
2030-06-05 14:00:00,4284.904168620153,1349.8515642840832,0.0,0.0,4800.0,0.0
2030-06-05 15:00:00,4303.585293445993,1349.8515642840832,0.0,0.0,1386.9095327880448,0.0
2030-06-05 16:00:00,4303.585293445993,1349.8515642840832,0.0,0.0,0.0,4800.0
2030-06-05 17:00:00,4303.585293445993,1349.8515642840832,0.0,0.0,0.0,4800.0
2030-06-05 18:00:00,4303.585293445993,1349.8515642840832,0.0,0.0,0.0,4800.0
2030-06-05 19:00:00,4303.585293445993,1349.8515642840832,0.0,0.0,0.0,4800.0
2030-06-05 20:00:00,4303.585293445993,1349.8515642840832,0.0,0.0,0.0,4800.0
2030-06-05 21:00:00,4303.585293445993,1349.8515642840832,0.0,0.0,4800.0,442.2079323142316
2030-06-05 22:00:00,4303.585293445993,1349.8515642840832,0.0,0.0,4800.0,0.0
2030-06-05 23:00:00,4303.585293445993,1349.8515642840832,0.0,0.0,4800.0,0.0
2030-06-06 00:00:00,4303.585293445993,1349.8515642840832,0.0,0.0,4800.0,0.0
2030-06-06 01:00:00,4180.642630712602,1349.8515642840832,0.0,0.0,4800.0,0.0
2030-06-06 02:00:00,4303.585293445993,1349.8515642840832,0.0,0.0,4800.0,0.0
2030-06-06 03:00:00,4303.585293445993,1349.8515642840832,0.0,0.0,4800.0,3368.8195276894185
2030-06-06 04:00:00,4303.585293445993,1349.8515642840832,0.0,0.0,0.0,4800.0
2030-06-06 05:00:00,4303.585293445993,1349.8515642840832,0.0,0.0,0.0,4700.875751477099
2030-06-06 06:00:00,4303.585293445993,1349.8515642840832,0.0,0.0,4800.0,0.0
2030-06-06 07:00:00,0.0,1349.8515642840832,3300.0,0.0,4800.0,0.0
2030-06-06 08:00:00,0.0,1349.8515642840832,3300.0,0.0,4800.0,0.0
2030-06-06 09:00:00,0.0,1349.8515642840832,3300.0,0.0,4800.0,0.0
2030-06-06 10:00:00,0.0,1349.8515642840832,3300.0,0.0,4800.0,0.0
2030-06-06 11:00:00,0.0,1349.8515642840832,3300.0,0.0,4800.0,0.0
2030-06-06 12:00:00,0.0,1349.8515642840832,3300.0,0.0,4800.0,0.0
2030-06-06 13:00:00,0.0,1349.8515642840832,3300.0,0.0,4800.0,0.0
2030-06-06 14:00:00,0.0,1349.8515642840832,3300.0,0.0,4800.0,0.0
2030-06-06 15:00:00,4303.585293445993,1349.8515642840832,0.0,0.0,3846.1860106814092,0.0
2030-06-06 16:00:00,4303.585293445993,1349.8515642840832,0.0,0.0,0.0,4800.0
2030-06-06 17:00:00,4303.585293445993,1349.8515642840832,0.0,0.0,0.0,4800.0
2030-06-06 18:00:00,4303.585293445993,1349.8515642840832,0.0,0.0,0.0,4800.0
2030-06-06 19:00:00,4303.585293445993,1349.8515642840832,0.0,0.0,0.0,4800.0
2030-06-06 20:00:00,4303.585293445993,1349.8515642840832,0.0,0.0,0.0,4800.0
2030-06-06 21:00:00,4303.585293445993,1349.8515642840832,0.0,0.0,0.0,4800.0
2030-06-06 22:00:00,4303.585293445993,1349.8515642840832,0.0,0.0,0.0,4800.0
2030-06-06 23:00:00,4303.585293445993,1349.8515642840832,0.0,0.0,0.0,4800.0
2030-06-07 00:00:00,4303.585293445993,1349.8515642840832,0.0,0.0,0.0,4800.0
2030-06-07 01:00:00,4303.585293445993,1349.8515642840832,0.0,0.0,0.0,4800.0
2030-06-07 02:00:00,4303.585293445993,1349.8515642840832,0.0,0.0,0.0,4800.0
2030-06-07 03:00:00,4303.585293445993,1349.8515642840832,0.0,0.0,0.0,4800.0
2030-06-07 04:00:00,4303.585293445993,1349.8515642840832,0.0,0.0,0.0,4800.0
2030-06-07 05:00:00,4303.585293445993,1349.8515642840832,0.0,0.0,0.0,4800.0
2030-06-07 06:00:00,4303.585293445993,1349.8515642840832,0.0,0.0,0.0,4800.0
2030-06-07 07:00:00,4303.585293445993,1349.8515642840832,0.0,0.0,0.0,4800.0
2030-06-07 08:00:00,4303.585293445993,1349.8515642840832,0.0,0.0,0.0,4800.0
2030-06-07 09:00:00,4303.585293445993,1349.8515642840832,0.0,0.0,4800.0,3571.897039989395
2030-06-07 10:00:00,4303.585293445993,1349.8515642840832,0.0,0.0,4800.0,0.0
2030-06-07 11:00:00,4303.585293445993,1349.8515642840832,0.0,0.0,4800.0,0.0
2030-06-07 12:00:00,4303.585293445993,1349.8515642840832,0.0,0.0,4800.0,0.0
2030-06-07 13:00:00,4303.585293445993,1349.8515642840832,0.0,0.0,4800.0,0.0
2030-06-07 14:00:00,4303.585293445993,1349.8515642840832,0.0,0.0,4800.0,0.0
2030-06-07 15:00:00,4303.585293445993,1349.8515642840832,0.0,0.0,0.0,1264.6197722782235
2030-06-07 16:00:00,4303.585293445993,1349.8515642840832,0.0,0.0,0.0,4800.0
2030-06-07 17:00:00,4303.585293445993,1349.8515642840832,0.0,0.0,0.0,4800.0
2030-06-07 18:00:00,4303.585293445993,1349.8515642840832,0.0,0.0,0.0,4800.0
2030-06-07 19:00:00,4303.585293445993,1349.8515642840832,0.0,0.0,0.0,4800.0
2030-06-07 20:00:00,4303.585293445993,1349.8515642840832,0.0,0.0,0.0,4800.0
2030-06-07 21:00:00,4303.585293445993,1349.8515642840832,0.0,0.0,0.0,4800.0
2030-06-07 22:00:00,4303.585293445993,1349.8515642840832,0.0,0.0,0.0,4800.0
2030-06-07 23:00:00,4303.585293445993,1349.8515642840832,0.0,0.0,0.0,4800.0
2030-06-08 00:00:00,4303.585293445993,1349.8515642840832,0.0,0.0,0.0,4800.0
2030-06-08 01:00:00,4303.585293445993,1349.8515642840832,0.0,0.0,0.0,4800.0
2030-06-08 02:00:00,4303.585293445993,1349.8515642840832,0.0,0.0,0.0,4800.0
2030-06-08 03:00:00,4303.585293445993,1349.8515642840832,0.0,0.0,0.0,4800.0
2030-06-08 04:00:00,4303.585293445993,1349.8515642840832,0.0,0.0,0.0,4800.0
2030-06-08 05:00:00,4303.585293445993,1349.8515642840832,0.0,0.0,0.0,4800.0
2030-06-08 06:00:00,4303.585293445993,1349.8515642840832,0.0,0.0,0.0,4800.0
2030-06-08 07:00:00,4303.585293445993,1349.8515642840832,0.0,0.0,0.0,4800.0
2030-06-08 08:00:00,4303.585293445993,1349.8515642840832,0.0,0.0,0.0,4800.0
2030-06-08 09:00:00,4303.585293445993,1349.8515642840832,0.0,0.0,0.0,4800.0
2030-06-08 10:00:00,4303.585293445993,1349.8515642840832,0.0,0.0,0.0,4800.0
2030-06-08 11:00:00,4303.585293445993,1349.8515642840832,0.0,0.0,4800.0,0.0
2030-06-08 12:00:00,4303.585293445993,1349.8515642840832,0.0,0.0,4800.0,0.0
2030-06-08 13:00:00,4303.585293445993,1349.8515642840832,0.0,0.0,755.5283356411851,0.0
2030-06-08 14:00:00,4303.585293445993,1349.8515642840832,0.0,0.0,0.0,4313.69391085511
2030-06-08 15:00:00,4303.585293445993,1349.8515642840832,0.0,0.0,0.0,4800.0
2030-06-08 16:00:00,4303.585293445993,1349.8515642840832,0.0,0.0,0.0,4800.0
2030-06-08 17:00:00,4303.585293445993,1349.8515642840832,0.0,0.0,0.0,4800.0
2030-06-08 18:00:00,4303.585293445993,1349.8515642840832,0.0,0.0,0.0,4800.0
2030-06-08 19:00:00,4303.585293445993,1349.8515642840832,0.0,0.0,0.0,4800.0
2030-06-08 20:00:00,4303.585293445993,1349.8515642840832,0.0,0.0,0.0,4800.0
2030-06-08 21:00:00,4303.585293445993,1349.8515642840832,0.0,0.0,4800.0,2549.255765291615
2030-06-08 22:00:00,4303.585293445993,1349.8515642840832,0.0,0.0,1245.793912748406,0.0
2030-06-08 23:00:00,3211.988217492486,1349.8515642840832,0.0,0.0,4800.0,0.0
2030-06-09 00:00:00,0.0,1349.8515642840832,2372.52977338872,0.0,4800.0,0.0
2030-06-09 01:00:00,0.0,1349.8515642840832,2794.9930459776297,0.0,4800.0,0.0
2030-06-09 02:00:00,0.0,1349.8515642840832,275.44319195843127,0.0,4800.0,0.0
2030-06-09 03:00:00,271.2838544205006,1349.8515642840832,0.0,0.0,4800.0,0.0
2030-06-09 04:00:00,3682.0697050642993,1349.8515642840832,0.0,0.0,4800.0,0.0
2030-06-09 05:00:00,2439.9309801587733,1349.8515642840832,0.0,0.0,4800.0,0.0
2030-06-09 06:00:00,0.0,1349.8515642840832,3300.0,0.0,4800.0,0.0
2030-06-09 07:00:00,0.0,1349.8515642840832,3300.0,0.0,4800.0,0.0
2030-06-09 08:00:00,0.0,1349.8515642840832,3300.0,0.0,4800.0,0.0
2030-06-09 09:00:00,0.0,1349.8515642840832,3300.0,0.0,4800.0,0.0
2030-06-09 10:00:00,0.0,1349.8515642840832,3300.0,0.0,4800.0,0.0
2030-06-09 11:00:00,0.0,1349.8515642840832,3300.0,0.0,4800.0,0.0
2030-06-09 12:00:00,0.0,1349.8515642840832,3300.0,0.0,4800.0,0.0
2030-06-09 13:00:00,0.0,1349.8515642840832,3300.0,0.0,4800.0,0.0
2030-06-09 14:00:00,0.0,1349.8515642840832,3300.0,0.0,4800.0,0.0
2030-06-09 15:00:00,0.0,1349.8515642840832,3300.0,0.0,4800.0,0.0
2030-06-09 16:00:00,0.0,1349.8515642840832,3300.0,0.0,4800.0,0.0
2030-06-09 17:00:00,0.0,1349.8515642840832,3300.0,0.0,4800.0,0.0
2030-06-09 18:00:00,3510.4094446210074,1349.8515642840832,0.0,0.0,4800.0,0.0
2030-06-09 19:00:00,4303.585293445993,1349.8515642840832,0.0,0.0,1918.7553445192132,4800.0
2030-06-09 20:00:00,4303.585293445993,1349.8515642840832,0.0,0.0,954.3622134274337,4800.0
2030-06-09 21:00:00,4303.585293445993,1349.8515642840832,0.0,0.0,1308.3502185342732,0.0
2030-06-09 22:00:00,0.0,1349.8515642840832,3300.0,0.0,4800.0,0.0
2030-06-09 23:00:00,0.0,1349.8515642840832,2852.5712981440333,0.0,4800.0,0.0
2030-06-10 00:00:00,0.0,1349.8515642840832,2424.1960664713115,0.0,4800.0,0.0
2030-06-10 01:00:00,0.0,1349.8515642840832,2039.9244290604402,0.0,4800.0,0.0
2030-06-10 02:00:00,0.0,1349.8515642840832,1131.0121485734562,0.0,4800.0,0.0
2030-06-10 03:00:00,0.0,1349.8515642840832,3300.0,0.0,4800.0,0.0
2030-06-10 04:00:00,0.0,1349.8515642840832,3300.0,0.0,4800.0,0.0
2030-06-10 05:00:00,0.0,1349.8515642840832,3300.0,0.0,4800.0,0.0
2030-06-10 06:00:00,0.0,1349.8515642840832,3300.0,0.0,4800.0,0.0
2030-06-10 07:00:00,0.0,1349.8515642840832,3300.0,0.0,4800.0,0.0
2030-06-10 08:00:00,0.0,1349.8515642840832,3300.0,0.0,4800.0,0.0
2030-06-10 09:00:00,0.0,1349.8515642840832,3300.0,0.0,4800.0,0.0
2030-06-10 10:00:00,0.0,1349.8515642840832,3300.0,0.0,4800.0,0.0
2030-06-10 11:00:00,0.0,1349.8515642840832,3300.0,0.0,4800.0,0.0
2030-06-10 12:00:00,0.0,1349.8515642840832,3300.0,0.0,4800.0,0.0
2030-06-10 13:00:00,0.0,1349.8515642840832,3300.0,0.0,4800.0,0.0
2030-06-10 14:00:00,0.0,1349.8515642840832,3300.0,0.0,4800.0,0.0
2030-06-10 15:00:00,0.0,1349.8515642840832,3300.0,0.0,4800.0,0.0
2030-06-10 16:00:00,0.0,1349.8515642840832,3300.0,0.0,4800.0,0.0
2030-06-10 17:00:00,0.0,1349.8515642840832,3300.0,0.0,4800.0,0.0
2030-06-10 18:00:00,4303.585293445993,1349.8515642840832,0.0,0.0,0.0,4800.0
2030-06-10 19:00:00,4303.585293445993,1349.8515642840832,0.0,0.0,0.0,4800.0
2030-06-10 20:00:00,4303.585293445993,1349.8515642840832,0.0,0.0,0.0,4800.0
2030-06-10 21:00:00,4303.585293445993,1349.8515642840832,0.0,0.0,0.0,4800.0
2030-06-10 22:00:00,4303.585293445993,1349.8515642840832,0.0,0.0,0.0,4800.0
2030-06-10 23:00:00,4303.585293445993,1349.8515642840832,0.0,0.0,0.0,4800.0
2030-06-11 00:00:00,4303.585293445993,1349.8515642840832,0.0,0.0,0.0,4800.0
2030-06-11 01:00:00,4303.585293445993,1349.8515642840832,0.0,0.0,0.0,4800.0
2030-06-11 02:00:00,4303.585293445993,1349.8515642840832,0.0,0.0,0.0,4800.0
2030-06-11 03:00:00,4303.585293445993,1349.8515642840832,0.0,0.0,0.0,4800.0
2030-06-11 04:00:00,4303.585293445993,1349.8515642840832,0.0,0.0,0.0,4800.0
2030-06-11 05:00:00,4303.585293445993,1349.8515642840832,0.0,0.0,0.0,4800.0
2030-06-11 06:00:00,4303.585293445993,1349.8515642840832,0.0,0.0,0.0,4800.0
2030-06-11 07:00:00,4303.585293445993,1349.8515642840832,0.0,0.0,335.75384617918826,0.0
2030-06-11 08:00:00,0.0,1349.8515642840832,3300.0,0.0,4800.0,0.0
2030-06-11 09:00:00,0.0,1349.8515642840832,3300.0,0.0,4800.0,0.0
2030-06-11 10:00:00,0.0,1349.8515642840832,3300.0,0.0,4800.0,0.0
2030-06-11 11:00:00,0.0,1349.8515642840832,3300.0,0.0,4800.0,0.0
2030-06-11 12:00:00,1096.0510169433437,1349.8515642840832,0.0,0.0,4800.0,0.0
2030-06-11 13:00:00,4303.585293445993,1349.8515642840832,0.0,0.0,4800.0,197.06012469280904
2030-06-11 14:00:00,4303.585293445993,1349.8515642840832,0.0,0.0,0.0,4800.0
2030-06-11 15:00:00,4303.585293445993,1349.8515642840832,0.0,0.0,0.0,4800.0
2030-06-11 16:00:00,4303.585293445993,1349.8515642840832,0.0,0.0,0.0,4800.0
2030-06-11 17:00:00,4303.585293445993,1349.8515642840832,0.0,0.0,0.0,4800.0
2030-06-11 18:00:00,4303.585293445993,1349.8515642840832,0.0,0.0,0.0,4800.0
2030-06-11 19:00:00,4303.585293445993,1349.8515642840832,0.0,0.0,0.0,4800.0
2030-06-11 20:00:00,4303.585293445993,1349.8515642840832,0.0,0.0,0.0,4800.0
2030-06-11 21:00:00,4303.585293445993,1349.8515642840832,0.0,0.0,0.0,4800.0
2030-06-11 22:00:00,4303.585293445993,1349.8515642840832,0.0,0.0,0.0,4800.0
2030-06-11 23:00:00,4303.585293445993,1349.8515642840832,0.0,0.0,0.0,4800.0
2030-06-12 00:00:00,4303.585293445993,1349.8515642840832,0.0,0.0,0.0,4800.0
2030-06-12 01:00:00,4303.585293445993,1349.8515642840832,0.0,0.0,0.0,4800.0
2030-06-12 02:00:00,4303.585293445993,1349.8515642840832,0.0,0.0,0.0,4800.0
2030-06-12 03:00:00,4303.585293445993,1349.8515642840832,0.0,0.0,0.0,4800.0
2030-06-12 04:00:00,4303.585293445993,1349.8515642840832,0.0,0.0,0.0,4800.0
2030-06-12 05:00:00,4303.585293445993,1349.8515642840832,0.0,0.0,0.0,4800.0
2030-06-12 06:00:00,4303.585293445993,1349.8515642840832,0.0,0.0,0.0,4800.0
2030-06-12 07:00:00,4303.585293445993,1349.8515642840832,0.0,0.0,0.0,4800.0
2030-06-12 08:00:00,4303.585293445993,1349.8515642840832,0.0,0.0,0.0,4800.0
2030-06-12 09:00:00,4303.585293445993,1349.8515642840832,0.0,0.0,0.0,4800.0
2030-06-12 10:00:00,4303.585293445993,1349.8515642840832,0.0,0.0,0.0,4800.0
2030-06-12 11:00:00,4303.585293445993,1349.8515642840832,0.0,0.0,0.0,4426.841253000258
2030-06-12 12:00:00,4303.585293445993,1349.8515642840832,0.0,0.0,0.0,3134.4949841083453
2030-06-12 13:00:00,4303.585293445993,1349.8515642840832,0.0,0.0,0.0,3449.3628605198373
2030-06-12 14:00:00,4303.585293445993,1349.8515642840832,0.0,0.0,0.0,4800.0
2030-06-12 15:00:00,4303.585293445993,1349.8515642840832,0.0,0.0,0.0,4800.0
2030-06-12 16:00:00,4303.585293445993,1349.8515642840832,0.0,0.0,0.0,4800.0
2030-06-12 17:00:00,4303.585293445993,1349.8515642840832,0.0,0.0,0.0,4800.0
2030-06-12 18:00:00,4303.585293445993,1349.8515642840832,0.0,0.0,0.0,4800.0
2030-06-12 19:00:00,4303.585293445993,1349.8515642840832,0.0,0.0,0.0,4800.0
2030-06-12 20:00:00,4303.585293445993,1349.8515642840832,0.0,0.0,0.0,4800.0
2030-06-12 21:00:00,4303.585293445993,1349.8515642840832,0.0,0.0,0.0,4800.0
2030-06-12 22:00:00,4303.585293445993,1349.8515642840832,0.0,0.0,0.0,4800.0
2030-06-12 23:00:00,4303.585293445993,1349.8515642840832,0.0,0.0,0.0,4800.0
2030-06-13 00:00:00,4303.585293445993,1349.8515642840832,0.0,0.0,0.0,4800.0
2030-06-13 01:00:00,4303.585293445993,1349.8515642840832,0.0,0.0,0.0,4800.0
2030-06-13 02:00:00,4303.585293445993,1349.8515642840832,0.0,0.0,0.0,4800.0
2030-06-13 03:00:00,4303.585293445993,1349.8515642840832,0.0,0.0,0.0,4800.0
2030-06-13 04:00:00,4303.585293445993,1349.8515642840832,0.0,0.0,0.0,4800.0
2030-06-13 05:00:00,4303.585293445993,1349.8515642840832,0.0,0.0,0.0,4800.0
2030-06-13 06:00:00,4303.585293445993,1349.8515642840832,0.0,0.0,0.0,4800.0
2030-06-13 07:00:00,4303.585293445993,1349.8515642840832,0.0,0.0,0.0,4800.0
2030-06-13 08:00:00,4303.585293445993,1349.8515642840832,0.0,0.0,0.0,4800.0
2030-06-13 09:00:00,4303.585293445993,1349.8515642840832,0.0,0.0,0.0,4800.0
2030-06-13 10:00:00,4303.585293445993,1349.8515642840832,0.0,0.0,0.0,4800.0
2030-06-13 11:00:00,4303.585293445993,1349.8515642840832,0.0,0.0,0.0,4800.0
2030-06-13 12:00:00,4303.585293445993,1349.8515642840832,0.0,0.0,0.0,4800.0
2030-06-13 13:00:00,4303.585293445993,1349.8515642840832,0.0,0.0,0.0,4800.0
2030-06-13 14:00:00,4303.585293445993,1349.8515642840832,0.0,0.0,0.0,4800.0
2030-06-13 15:00:00,4303.585293445993,1349.8515642840832,0.0,0.0,0.0,4800.0
2030-06-13 16:00:00,4303.585293445993,1349.8515642840832,0.0,0.0,0.0,4800.0
2030-06-13 17:00:00,4303.585293445993,1349.8515642840832,0.0,0.0,0.0,4800.0
2030-06-13 18:00:00,4303.585293445993,1349.8515642840832,0.0,0.0,0.0,4800.0
2030-06-13 19:00:00,4303.585293445993,1349.8515642840832,0.0,0.0,0.0,4800.0
2030-06-13 20:00:00,4303.585293445993,1349.8515642840832,0.0,0.0,0.0,4800.0
2030-06-13 21:00:00,4303.585293445993,1349.8515642840832,0.0,0.0,0.0,4800.0
2030-06-13 22:00:00,4303.585293445993,1349.8515642840832,0.0,0.0,0.0,4800.0
2030-06-13 23:00:00,4303.585293445993,1349.8515642840832,0.0,0.0,0.0,4800.0
2030-06-14 00:00:00,4303.585293445993,1349.8515642840832,0.0,0.0,0.0,4800.0
2030-06-14 01:00:00,4303.585293445993,1349.8515642840832,0.0,0.0,0.0,4800.0
2030-06-14 02:00:00,4303.585293445993,1349.8515642840832,0.0,0.0,0.0,4800.0
2030-06-14 03:00:00,4303.585293445993,1349.8515642840832,0.0,0.0,0.0,4800.0
2030-06-14 04:00:00,4303.585293445993,1349.8515642840832,0.0,0.0,0.0,4800.0
2030-06-14 05:00:00,4303.585293445993,1349.8515642840832,0.0,0.0,0.0,4800.0
2030-06-14 06:00:00,4303.585293445993,1349.8515642840832,0.0,0.0,0.0,4800.0
2030-06-14 07:00:00,4303.585293445993,1349.8515642840832,0.0,0.0,0.0,4800.0
2030-06-14 08:00:00,4303.585293445993,1349.8515642840832,0.0,0.0,0.0,4800.0
2030-06-14 09:00:00,4303.585293445993,1349.8515642840832,0.0,0.0,0.0,4800.0
2030-06-14 10:00:00,4303.585293445993,1349.8515642840832,0.0,0.0,382.99354601887535,4800.0
2030-06-14 11:00:00,4303.585293445993,1349.8515642840832,0.0,0.0,2118.5155734438085,0.0
2030-06-14 12:00:00,4303.585293445993,1349.8515642840832,0.0,0.0,4800.0,0.0
2030-06-14 13:00:00,4303.585293445993,1349.8515642840832,0.0,0.0,4800.0,0.0
2030-06-14 14:00:00,4303.585293445993,1349.8515642840832,0.0,0.0,4800.0,0.0
2030-06-14 15:00:00,4303.585293445993,1349.8515642840832,0.0,0.0,4800.0,3110.7593076605044
2030-06-14 16:00:00,4303.585293445993,1349.8515642840832,0.0,0.0,0.0,4800.0
2030-06-14 17:00:00,4303.585293445993,1349.8515642840832,0.0,0.0,0.0,4800.0
2030-06-14 18:00:00,4303.585293445993,1349.8515642840832,0.0,0.0,0.0,4800.0
2030-06-14 19:00:00,4303.585293445993,1349.8515642840832,0.0,0.0,0.0,4800.0
2030-06-14 20:00:00,4303.585293445993,1349.8515642840832,0.0,0.0,0.0,4800.0
2030-06-14 21:00:00,4303.585293445993,1349.8515642840832,0.0,0.0,0.0,4800.0
2030-06-14 22:00:00,4303.585293445993,1349.8515642840832,0.0,0.0,0.0,4800.0
2030-06-14 23:00:00,4303.585293445993,1349.8515642840832,0.0,0.0,0.0,4800.0
2030-06-15 00:00:00,4303.585293445993,1349.8515642840832,0.0,0.0,0.0,4800.0
2030-06-15 01:00:00,4303.585293445993,1349.8515642840832,0.0,0.0,0.0,4800.0
2030-06-15 02:00:00,4303.585293445993,1349.8515642840832,0.0,0.0,0.0,4800.0
2030-06-15 03:00:00,4303.585293445993,1349.8515642840832,0.0,0.0,0.0,4800.0
2030-06-15 04:00:00,4303.585293445993,1349.8515642840832,0.0,0.0,0.0,4800.0
2030-06-15 05:00:00,4303.585293445993,1349.8515642840832,0.0,0.0,0.0,4800.0
2030-06-15 06:00:00,4303.585293445993,1349.8515642840832,0.0,0.0,0.0,4800.0
2030-06-15 07:00:00,4303.585293445993,1349.8515642840832,0.0,0.0,0.0,4800.0
2030-06-15 08:00:00,4303.585293445993,1349.8515642840832,0.0,0.0,0.0,4800.0
2030-06-15 09:00:00,4303.585293445993,1349.8515642840832,0.0,0.0,0.0,4800.0
2030-06-15 10:00:00,4303.585293445993,1349.8515642840832,0.0,0.0,1109.2724224168483,0.0
2030-06-15 11:00:00,4303.585293445993,1349.8515642840832,0.0,0.0,4800.0,0.0
2030-06-15 12:00:00,2937.170748590428,1349.8515642840832,0.0,0.0,4800.0,0.0
2030-06-15 13:00:00,2176.4512755908395,1349.8515642840832,0.0,0.0,4800.0,0.0
2030-06-15 14:00:00,4303.585293445993,1349.8515642840832,0.0,0.0,2020.181142540468,0.0
2030-06-15 15:00:00,4303.585293445993,1349.8515642840832,0.0,0.0,0.0,4800.0
2030-06-15 16:00:00,4303.585293445993,1349.8515642840832,0.0,0.0,0.0,4800.0
2030-06-15 17:00:00,4303.585293445993,1349.8515642840832,0.0,0.0,0.0,4800.0
2030-06-15 18:00:00,4303.585293445993,1349.8515642840832,0.0,0.0,0.0,4800.0
2030-06-15 19:00:00,4303.585293445993,1349.8515642840832,0.0,0.0,0.0,4800.0
2030-06-15 20:00:00,4303.585293445993,1349.8515642840832,0.0,0.0,0.0,4800.0
2030-06-15 21:00:00,4303.585293445993,1349.8515642840832,0.0,0.0,0.0,4800.0
2030-06-15 22:00:00,4303.585293445993,1349.8515642840832,0.0,0.0,0.0,4800.0
2030-06-15 23:00:00,4303.585293445993,1349.8515642840832,0.0,0.0,0.0,4800.0
2030-06-16 00:00:00,4303.585293445993,1349.8515642840832,0.0,0.0,0.0,4800.0
2030-06-16 01:00:00,4303.585293445993,1349.8515642840832,0.0,0.0,0.0,4800.0
2030-06-16 02:00:00,4303.585293445993,1349.8515642840832,0.0,0.0,0.0,4800.0
2030-06-16 03:00:00,4303.585293445993,1349.8515642840832,0.0,0.0,0.0,4800.0
2030-06-16 04:00:00,4303.585293445993,1349.8515642840832,0.0,0.0,0.0,4800.0
2030-06-16 05:00:00,4303.585293445993,1349.8515642840832,0.0,0.0,0.0,4800.0
2030-06-16 06:00:00,4303.585293445993,1349.8515642840832,0.0,0.0,3723.338202189767,4800.0
2030-06-16 07:00:00,0.0,1349.8515642840832,3300.0,0.0,4800.0,0.0
2030-06-16 08:00:00,0.0,1349.8515642840832,3300.0,0.0,4800.0,0.0
2030-06-16 09:00:00,0.0,1349.8515642840832,3300.0,0.0,4800.0,0.0
2030-06-16 10:00:00,0.0,1349.8515642840832,3300.0,0.0,4800.0,0.0
2030-06-16 11:00:00,0.0,1349.8515642840832,3300.0,0.0,4800.0,0.0
2030-06-16 12:00:00,0.0,1349.8515642840832,3300.0,0.0,4800.0,0.0
2030-06-16 13:00:00,0.0,1349.8515642840832,3300.0,0.0,4800.0,0.0
2030-06-16 14:00:00,0.0,1349.8515642840832,3300.0,0.0,4800.0,0.0
2030-06-16 15:00:00,0.0,1349.8515642840832,3300.0,0.0,4800.0,0.0
2030-06-16 16:00:00,0.0,1349.8515642840832,3300.0,0.0,4800.0,0.0
2030-06-16 17:00:00,3289.689132958414,1349.8515642840832,0.0,0.0,4800.0,0.0
2030-06-16 18:00:00,4303.585293445993,1349.8515642840832,0.0,0.0,0.0,4800.0
2030-06-16 19:00:00,4303.585293445993,1349.8515642840832,0.0,0.0,0.0,4800.0
2030-06-16 20:00:00,4303.585293445993,1349.8515642840832,0.0,0.0,0.0,4800.0
2030-06-16 21:00:00,4303.585293445993,1349.8515642840832,0.0,0.0,0.0,4800.0
2030-06-16 22:00:00,4303.585293445993,1349.8515642840832,0.0,0.0,0.0,3661.772080232011
2030-06-16 23:00:00,4303.585293445993,1349.8515642840832,0.0,0.0,0.0,4800.0
2030-06-17 00:00:00,4303.585293445993,1349.8515642840832,0.0,0.0,0.0,4800.0
2030-06-17 01:00:00,4303.585293445993,1349.8515642840832,0.0,0.0,0.0,4800.0
2030-06-17 02:00:00,4303.585293445993,1349.8515642840832,0.0,0.0,0.0,4800.0
2030-06-17 03:00:00,4303.585293445993,1349.8515642840832,0.0,0.0,0.0,4800.0
2030-06-17 04:00:00,4303.585293445993,1349.8515642840832,0.0,0.0,0.0,4800.0
2030-06-17 05:00:00,4303.585293445993,1349.8515642840832,0.0,0.0,4800.0,0.0
2030-06-17 06:00:00,0.0,1349.8515642840832,3300.0,0.0,4800.0,0.0
2030-06-17 07:00:00,0.0,1349.8515642840832,3300.0,0.0,4800.0,0.0
2030-06-17 08:00:00,0.0,1349.8515642840832,3300.0,0.0,4800.0,0.0
2030-06-17 09:00:00,0.0,1349.8515642840832,3300.0,0.0,4800.0,0.0
2030-06-17 10:00:00,0.0,1349.8515642840832,3300.0,0.0,4800.0,0.0
2030-06-17 11:00:00,0.0,1349.8515642840832,3300.0,0.0,4800.0,0.0
2030-06-17 12:00:00,0.0,1349.8515642840832,3300.0,0.0,4800.0,0.0
2030-06-17 13:00:00,0.0,1349.8515642840832,3300.0,0.0,4800.0,0.0
2030-06-17 14:00:00,0.0,1349.8515642840832,3300.0,0.0,4800.0,0.0
2030-06-17 15:00:00,0.0,1349.8515642840832,3300.0,0.0,4800.0,0.0
2030-06-17 16:00:00,0.0,1349.8515642840832,3300.0,0.0,4800.0,0.0
2030-06-17 17:00:00,2635.549627400811,1349.8515642840832,0.0,0.0,4800.0,0.0
2030-06-17 18:00:00,4303.585293445993,1349.8515642840832,0.0,0.0,4800.0,0.0
2030-06-17 19:00:00,4303.585293445993,1349.8515642840832,0.0,0.0,4800.0,3102.6703456991086
2030-06-17 20:00:00,4303.585293445993,1349.8515642840832,0.0,0.0,4800.0,0.0
2030-06-17 21:00:00,1663.911360799415,1349.8515642840832,0.0,0.0,4800.0,0.0
2030-06-17 22:00:00,0.0,1349.8515642840832,3300.0,0.0,4800.0,0.0
2030-06-17 23:00:00,0.0,1349.8515642840832,3300.0,0.0,4800.0,0.0
2030-06-18 00:00:00,0.0,1349.8515642840832,3300.0,0.0,4800.0,0.0
2030-06-18 01:00:00,0.0,1349.8515642840832,3300.0,0.0,4800.0,0.0
2030-06-18 02:00:00,1166.3919040912224,1349.8515642840832,0.0,0.0,4800.0,0.0
2030-06-18 03:00:00,4303.585293445993,1349.8515642840832,0.0,0.0,4800.0,0.0
2030-06-18 04:00:00,4303.585293445993,1349.8515642840832,0.0,0.0,4800.0,0.0
2030-06-18 05:00:00,0.0,1349.8515642840832,1058.2910954525723,0.0,4800.0,0.0
2030-06-18 06:00:00,0.0,1349.8515642840832,3300.0,0.0,4800.0,0.0
2030-06-18 07:00:00,0.0,1349.8515642840832,3300.0,0.0,4800.0,0.0
2030-06-18 08:00:00,0.0,1349.8515642840832,3300.0,0.0,4800.0,0.0
2030-06-18 09:00:00,0.0,1349.8515642840832,3300.0,0.0,4800.0,0.0
2030-06-18 10:00:00,0.0,1349.8515642840832,3300.0,0.0,4800.0,0.0
2030-06-18 11:00:00,0.0,1349.8515642840832,3300.0,0.0,4800.0,0.0
2030-06-18 12:00:00,0.0,1349.8515642840832,3300.0,0.0,4800.0,0.0
2030-06-18 13:00:00,0.0,1349.8515642840832,3300.0,0.0,4800.0,0.0
2030-06-18 14:00:00,0.0,1349.8515642840832,3300.0,0.0,4800.0,0.0
2030-06-18 15:00:00,0.0,1349.8515642840832,3300.0,0.0,4800.0,0.0
2030-06-18 16:00:00,3956.25789597951,1349.8515642840832,0.0,0.0,4800.0,0.0
2030-06-18 17:00:00,4303.585293445993,1349.8515642840832,0.0,0.0,0.0,4800.0
2030-06-18 18:00:00,4303.585293445993,1349.8515642840832,0.0,0.0,0.0,4800.0
2030-06-18 19:00:00,4303.585293445993,1349.8515642840832,0.0,0.0,0.0,4800.0
2030-06-18 20:00:00,4303.585293445993,1349.8515642840832,0.0,0.0,0.0,4800.0
2030-06-18 21:00:00,4303.585293445993,1349.8515642840832,0.0,0.0,0.0,4800.0
2030-06-18 22:00:00,4303.585293445993,1349.8515642840832,0.0,0.0,0.0,4800.0
2030-06-18 23:00:00,4303.585293445993,1349.8515642840832,0.0,0.0,0.0,4800.0
2030-06-19 00:00:00,4303.585293445993,1349.8515642840832,0.0,0.0,0.0,4800.0
2030-06-19 01:00:00,4303.585293445993,1349.8515642840832,0.0,0.0,0.0,4800.0
2030-06-19 02:00:00,4303.585293445993,1349.8515642840832,0.0,0.0,0.0,4800.0
2030-06-19 03:00:00,4303.585293445993,1349.8515642840832,0.0,0.0,0.0,4800.0
2030-06-19 04:00:00,4303.585293445993,1349.8515642840832,0.0,0.0,0.0,4800.0
2030-06-19 05:00:00,4303.585293445993,1349.8515642840832,0.0,0.0,0.0,4800.0
2030-06-19 06:00:00,4303.585293445993,1349.8515642840832,0.0,0.0,3915.520045673824,0.0
2030-06-19 07:00:00,0.0,1349.8515642840832,3300.0,0.0,4800.0,0.0
2030-06-19 08:00:00,0.0,1349.8515642840832,3300.0,0.0,4800.0,0.0
2030-06-19 09:00:00,0.0,1349.8515642840832,3300.0,0.0,4800.0,0.0
2030-06-19 10:00:00,0.0,1349.8515642840832,3300.0,0.0,4800.0,0.0
2030-06-19 11:00:00,0.0,1349.8515642840832,3300.0,0.0,4800.0,0.0
2030-06-19 12:00:00,0.0,1349.8515642840832,3300.0,0.0,4800.0,0.0
2030-06-19 13:00:00,0.0,1349.8515642840832,3300.0,0.0,4800.0,0.0
2030-06-19 14:00:00,0.0,1349.8515642840832,3300.0,0.0,4800.0,0.0
2030-06-19 15:00:00,0.0,1349.8515642840832,3300.0,0.0,4800.0,0.0
2030-06-19 16:00:00,0.0,1349.8515642840832,3300.0,0.0,4800.0,0.0
2030-06-19 17:00:00,200.1356993851805,1349.8515642840832,0.0,0.0,4800.0,0.0
2030-06-19 18:00:00,4303.585293445993,1349.8515642840832,0.0,0.0,0.0,4800.0
2030-06-19 19:00:00,4303.585293445993,1349.8515642840832,0.0,0.0,0.0,4800.0
2030-06-19 20:00:00,4303.585293445993,1349.8515642840832,0.0,0.0,0.0,4800.0
2030-06-19 21:00:00,4303.585293445993,1349.8515642840832,0.0,0.0,0.0,4800.0
2030-06-19 22:00:00,4303.585293445993,1349.8515642840832,0.0,0.0,0.0,4800.0
2030-06-19 23:00:00,4303.585293445993,1349.8515642840832,0.0,0.0,0.0,4800.0
2030-06-20 00:00:00,4303.585293445993,1349.8515642840832,0.0,0.0,0.0,4800.0
2030-06-20 01:00:00,4303.585293445993,1349.8515642840832,0.0,0.0,0.0,4800.0
2030-06-20 02:00:00,4303.585293445993,1349.8515642840832,0.0,0.0,0.0,4800.0
2030-06-20 03:00:00,4303.585293445993,1349.8515642840832,0.0,0.0,0.0,4800.0
2030-06-20 04:00:00,4303.585293445993,1349.8515642840832,0.0,0.0,0.0,4800.0
2030-06-20 05:00:00,4303.585293445993,1349.8515642840832,0.0,0.0,0.0,4800.0
2030-06-20 06:00:00,4303.585293445993,1349.8515642840832,0.0,0.0,0.0,4800.0
2030-06-20 07:00:00,4303.585293445993,1349.8515642840832,0.0,0.0,0.0,4800.0
2030-06-20 08:00:00,4303.585293445993,1349.8515642840832,0.0,0.0,0.0,4800.0
2030-06-20 09:00:00,4303.585293445993,1349.8515642840832,0.0,0.0,4017.425360858262,0.0
2030-06-20 10:00:00,4303.585293445993,1349.8515642840832,0.0,0.0,4800.0,1871.2050792431369
2030-06-20 11:00:00,4303.585293445993,1349.8515642840832,0.0,0.0,1853.4632643765653,4800.0
2030-06-20 12:00:00,4303.585293445993,1349.8515642840832,0.0,0.0,0.0,4800.0
2030-06-20 13:00:00,4303.585293445993,1349.8515642840832,0.0,0.0,0.0,4800.0
2030-06-20 14:00:00,4303.585293445993,1349.8515642840832,0.0,0.0,0.0,4800.0
2030-06-20 15:00:00,4303.585293445993,1349.8515642840832,0.0,0.0,0.0,4800.0
2030-06-20 16:00:00,4303.585293445993,1349.8515642840832,0.0,0.0,0.0,4800.0
2030-06-20 17:00:00,4303.585293445993,1349.8515642840832,0.0,0.0,0.0,4800.0
2030-06-20 18:00:00,4303.585293445993,1349.8515642840832,0.0,0.0,0.0,4800.0
2030-06-20 19:00:00,4303.585293445993,1349.8515642840832,0.0,0.0,0.0,4800.0
2030-06-20 20:00:00,4303.585293445993,1349.8515642840832,0.0,0.0,0.0,4800.0
2030-06-20 21:00:00,4303.585293445993,1349.8515642840832,0.0,0.0,0.0,4800.0
2030-06-20 22:00:00,4303.585293445993,1349.8515642840832,0.0,0.0,0.0,4800.0
2030-06-20 23:00:00,4303.585293445993,1349.8515642840832,0.0,0.0,0.0,4800.0
2030-06-21 00:00:00,4303.585293445993,1349.8515642840832,0.0,0.0,0.0,4800.0
2030-06-21 01:00:00,4303.585293445993,1349.8515642840832,0.0,0.0,0.0,4800.0
2030-06-21 02:00:00,4303.585293445993,1349.8515642840832,0.0,0.0,0.0,4800.0
2030-06-21 03:00:00,4303.585293445993,1349.8515642840832,0.0,0.0,0.0,4800.0
2030-06-21 04:00:00,4303.585293445993,1349.8515642840832,0.0,0.0,0.0,4800.0
2030-06-21 05:00:00,4303.585293445993,1349.8515642840832,0.0,0.0,0.0,4800.0
2030-06-21 06:00:00,4303.585293445993,1349.8515642840832,0.0,0.0,0.0,4800.0
2030-06-21 07:00:00,4303.585293445993,1349.8515642840832,0.0,0.0,0.0,4800.0
2030-06-21 08:00:00,4303.585293445993,1349.8515642840832,0.0,0.0,0.0,4800.0
2030-06-21 09:00:00,4303.585293445993,1349.8515642840832,0.0,0.0,0.0,4800.0
2030-06-21 10:00:00,4303.585293445993,1349.8515642840832,0.0,0.0,0.0,4800.0
2030-06-21 11:00:00,4303.585293445993,1349.8515642840832,0.0,0.0,0.0,4800.0
2030-06-21 12:00:00,4303.585293445993,1349.8515642840832,0.0,0.0,0.0,4800.0
2030-06-21 13:00:00,4303.585293445993,1349.8515642840832,0.0,0.0,0.0,4800.0
2030-06-21 14:00:00,4303.585293445993,1349.8515642840832,0.0,0.0,0.0,4800.0
2030-06-21 15:00:00,4303.585293445993,1349.8515642840832,0.0,0.0,0.0,4800.0
2030-06-21 16:00:00,4303.585293445993,1349.8515642840832,0.0,0.0,0.0,4800.0
2030-06-21 17:00:00,4303.585293445993,1349.8515642840832,0.0,0.0,0.0,4800.0
2030-06-21 18:00:00,4303.585293445993,1349.8515642840832,0.0,0.0,0.0,4800.0
2030-06-21 19:00:00,4303.585293445993,1349.8515642840832,0.0,0.0,0.0,4800.0
2030-06-21 20:00:00,4303.585293445993,1349.8515642840832,0.0,0.0,0.0,4800.0
2030-06-21 21:00:00,4303.585293445993,1349.8515642840832,0.0,0.0,0.0,4800.0
2030-06-21 22:00:00,4303.585293445993,1349.8515642840832,0.0,0.0,0.0,4800.0
2030-06-21 23:00:00,4303.585293445993,1349.8515642840832,0.0,0.0,0.0,4800.0
2030-06-22 00:00:00,4303.585293445993,1349.8515642840832,0.0,0.0,0.0,4800.0
2030-06-22 01:00:00,4303.585293445993,1349.8515642840832,0.0,0.0,0.0,4800.0
2030-06-22 02:00:00,4303.585293445993,1349.8515642840832,0.0,0.0,0.0,4800.0
2030-06-22 03:00:00,4303.585293445993,1349.8515642840832,0.0,0.0,0.0,4800.0
2030-06-22 04:00:00,4303.585293445993,1349.8515642840832,0.0,0.0,0.0,4800.0
2030-06-22 05:00:00,4303.585293445993,1349.8515642840832,0.0,0.0,0.0,4800.0
2030-06-22 06:00:00,4303.585293445993,1349.8515642840832,0.0,0.0,0.0,4800.0
2030-06-22 07:00:00,4303.585293445993,1349.8515642840832,0.0,0.0,0.0,4800.0
2030-06-22 08:00:00,4303.585293445993,1349.8515642840832,0.0,0.0,0.0,4800.0
2030-06-22 09:00:00,4303.585293445993,1349.8515642840832,0.0,0.0,0.0,4800.0
2030-06-22 10:00:00,4303.585293445993,1349.8515642840832,0.0,0.0,0.0,4800.0
2030-06-22 11:00:00,4303.585293445993,1349.8515642840832,0.0,0.0,0.0,2882.618033925928
2030-06-22 12:00:00,4303.585293445993,1349.8515642840832,0.0,0.0,4800.0,4800.0
2030-06-22 13:00:00,4303.585293445993,1349.8515642840832,0.0,0.0,166.76726780936997,0.0
2030-06-22 14:00:00,4303.585293445993,1349.8515642840832,0.0,0.0,0.0,0.0
2030-06-22 15:00:00,4303.585293445993,1349.8515642840832,0.0,0.0,0.0,2721.3178199152608
2030-06-22 16:00:00,4303.585293445993,1349.8515642840832,0.0,0.0,0.0,4800.0
2030-06-22 17:00:00,4303.585293445993,1349.8515642840832,0.0,0.0,0.0,4800.0
2030-06-22 18:00:00,4303.585293445993,1349.8515642840832,0.0,0.0,0.0,4800.0
2030-06-22 19:00:00,4303.585293445993,1349.8515642840832,0.0,0.0,0.0,4800.0
2030-06-22 20:00:00,4303.585293445993,1349.8515642840832,0.0,0.0,0.0,4800.0
2030-06-22 21:00:00,4303.585293445993,1349.8515642840832,0.0,0.0,0.0,4800.0
2030-06-22 22:00:00,4303.585293445993,1349.8515642840832,0.0,0.0,0.0,4800.0
2030-06-22 23:00:00,4303.585293445993,1349.8515642840832,0.0,0.0,0.0,4214.781017283036
2030-06-23 00:00:00,4303.585293445993,1349.8515642840832,0.0,0.0,150.366224266465,0.0
2030-06-23 01:00:00,4303.585293445993,1349.8515642840832,0.0,0.0,1002.462036276838,0.0
2030-06-23 02:00:00,4303.585293445993,1349.8515642840832,0.0,0.0,2464.9749869442094,0.0
2030-06-23 03:00:00,4303.585293445993,1349.8515642840832,0.0,0.0,1644.9474211721317,0.0
2030-06-23 04:00:00,4303.585293445993,1349.8515642840832,0.0,0.0,799.6202705262403,0.0
2030-06-23 05:00:00,51.167659181963245,1349.8515642840832,0.0,0.0,4800.0,0.0
2030-06-23 06:00:00,0.0,1349.8515642840832,3300.0,0.0,4800.0,0.0
2030-06-23 07:00:00,0.0,1349.8515642840832,3300.0,0.0,4800.0,0.0
2030-06-23 08:00:00,0.0,1349.8515642840832,3300.0,0.0,4800.0,0.0
2030-06-23 09:00:00,0.0,1349.8515642840832,3300.0,0.0,4800.0,0.0
2030-06-23 10:00:00,0.0,1349.8515642840832,3300.0,0.0,4800.0,0.0
2030-06-23 11:00:00,0.0,1349.8515642840832,3300.0,0.0,4800.0,0.0
2030-06-23 12:00:00,0.0,1349.8515642840832,3300.0,0.0,4800.0,0.0
2030-06-23 13:00:00,0.0,1349.8515642840832,3300.0,0.0,4800.0,0.0
2030-06-23 14:00:00,0.0,1349.8515642840832,3300.0,0.0,4800.0,0.0
2030-06-23 15:00:00,0.0,1349.8515642840832,3300.0,0.0,4800.0,0.0
2030-06-23 16:00:00,0.0,1349.8515642840832,3300.0,0.0,4800.0,0.0
2030-06-23 17:00:00,0.0,1349.8515642840832,3300.0,0.0,4800.0,0.0
2030-06-23 18:00:00,4303.585293445993,1349.8515642840832,0.0,0.0,0.0,4800.0
2030-06-23 19:00:00,4303.585293445993,1349.8515642840832,0.0,0.0,0.0,4800.0
2030-06-23 20:00:00,4303.585293445993,1349.8515642840832,0.0,0.0,0.0,4800.0
2030-06-23 21:00:00,4303.585293445993,1349.8515642840832,0.0,0.0,0.0,4800.0
2030-06-23 22:00:00,4303.585293445993,1349.8515642840832,0.0,0.0,0.0,4800.0
2030-06-23 23:00:00,4303.585293445993,1349.8515642840832,0.0,0.0,0.0,2931.8949393342555
2030-06-24 00:00:00,4303.585293445993,1349.8515642840832,0.0,0.0,0.0,1475.719065250989
2030-06-24 01:00:00,4303.585293445993,1349.8515642840832,0.0,0.0,763.6267907131914,0.0
2030-06-24 02:00:00,4303.585293445993,1349.8515642840832,0.0,0.0,4179.032242995541,4800.0
2030-06-24 03:00:00,4303.585293445993,1349.8515642840832,0.0,0.0,0.0,1039.272092977677
2030-06-24 04:00:00,4303.585293445993,1349.8515642840832,0.0,0.0,3180.1903835295016,0.0
2030-06-24 05:00:00,0.0,1349.8515642840832,3300.0,0.0,4800.0,0.0
2030-06-24 06:00:00,0.0,1349.8515642840832,3300.0,0.0,4800.0,0.0
2030-06-24 07:00:00,0.0,1349.8515642840832,3300.0,0.0,4800.0,0.0
2030-06-24 08:00:00,0.0,1349.8515642840832,3300.0,0.0,4800.0,0.0
2030-06-24 09:00:00,0.0,1349.8515642840832,3300.0,0.0,4800.0,0.0
2030-06-24 10:00:00,0.0,1349.8515642840832,3300.0,0.0,4800.0,0.0
2030-06-24 11:00:00,0.0,1349.8515642840832,3300.0,0.0,4800.0,0.0
2030-06-24 12:00:00,0.0,1349.8515642840832,3300.0,0.0,4800.0,0.0
2030-06-24 13:00:00,0.0,1349.8515642840832,3300.0,0.0,4800.0,0.0
2030-06-24 14:00:00,0.0,1349.8515642840832,3300.0,0.0,4800.0,0.0
2030-06-24 15:00:00,0.0,1349.8515642840832,3300.0,0.0,4800.0,0.0
2030-06-24 16:00:00,0.0,1349.8515642840832,3300.0,0.0,4800.0,0.0
2030-06-24 17:00:00,4303.585293445993,1349.8515642840832,0.0,0.0,1534.1686535381996,4800.0
2030-06-24 18:00:00,4303.585293445993,1349.8515642840832,0.0,0.0,0.0,4800.0
2030-06-24 19:00:00,4303.585293445993,1349.8515642840832,0.0,0.0,0.0,4800.0
2030-06-24 20:00:00,4303.585293445993,1349.8515642840832,0.0,0.0,0.0,4800.0
2030-06-24 21:00:00,4303.585293445993,1349.8515642840832,0.0,0.0,0.0,4800.0
2030-06-24 22:00:00,4303.585293445993,1349.8515642840832,0.0,0.0,0.0,4800.0
2030-06-24 23:00:00,4303.585293445993,1349.8515642840832,0.0,0.0,0.0,4800.0
2030-06-25 00:00:00,4303.585293445993,1349.8515642840832,0.0,0.0,0.0,4800.0
2030-06-25 01:00:00,4303.585293445993,1349.8515642840832,0.0,0.0,0.0,4800.0
2030-06-25 02:00:00,4303.585293445993,1349.8515642840832,0.0,0.0,0.0,4800.0
2030-06-25 03:00:00,4303.585293445993,1349.8515642840832,0.0,0.0,0.0,4800.0
2030-06-25 04:00:00,4303.585293445993,1349.8515642840832,0.0,0.0,0.0,4800.0
2030-06-25 05:00:00,4303.585293445993,1349.8515642840832,0.0,0.0,0.0,4800.0
2030-06-25 06:00:00,4303.585293445993,1349.8515642840832,0.0,0.0,0.0,4800.0
2030-06-25 07:00:00,1697.257080968233,1349.8515642840832,0.0,0.0,4800.0,0.0
2030-06-25 08:00:00,0.0,1349.8515642840832,3300.0,0.0,4800.0,0.0
2030-06-25 09:00:00,0.0,1349.8515642840832,3300.0,0.0,4800.0,0.0
2030-06-25 10:00:00,0.0,1349.8515642840832,3300.0,0.0,4800.0,0.0
2030-06-25 11:00:00,0.0,1349.8515642840832,3300.0,0.0,4800.0,0.0
2030-06-25 12:00:00,0.0,1349.8515642840832,3300.0,0.0,4800.0,0.0
2030-06-25 13:00:00,0.0,1349.8515642840832,3300.0,0.0,4800.0,0.0
2030-06-25 14:00:00,0.0,1349.8515642840832,3300.0,0.0,4800.0,0.0
2030-06-25 15:00:00,0.0,1349.8515642840832,3300.0,0.0,4800.0,0.0
2030-06-25 16:00:00,0.0,1349.8515642840832,3300.0,0.0,4800.0,0.0
2030-06-25 17:00:00,0.0,1349.8515642840832,3300.0,0.0,4800.0,0.0
2030-06-25 18:00:00,0.0,1349.8515642840832,3300.0,0.0,4800.0,0.0
2030-06-25 19:00:00,0.0,1349.8515642840832,3300.0,0.0,4800.0,0.0
2030-06-25 20:00:00,0.0,1349.8515642840832,3300.0,0.0,4800.0,0.0
2030-06-25 21:00:00,0.0,1349.8515642840832,3300.0,0.0,4800.0,0.0
2030-06-25 22:00:00,0.0,1349.8515642840832,3300.0,0.0,4800.0,0.0
2030-06-25 23:00:00,0.0,1349.8515642840832,3300.0,0.0,4800.0,0.0
2030-06-26 00:00:00,0.0,1349.8515642840832,3300.0,0.0,4800.0,0.0
2030-06-26 01:00:00,0.0,1349.8515642840832,3300.0,0.0,4800.0,0.0
2030-06-26 02:00:00,0.0,1349.8515642840832,3300.0,0.0,4800.0,0.0
2030-06-26 03:00:00,0.0,1349.8515642840832,3300.0,0.0,4800.0,0.0
2030-06-26 04:00:00,0.0,1349.8515642840832,3300.0,0.0,4800.0,0.0
2030-06-26 05:00:00,0.0,1349.8515642840832,3300.0,0.0,4800.0,0.0
2030-06-26 06:00:00,0.0,1349.8515642840832,3300.0,0.0,4800.0,0.0
2030-06-26 07:00:00,0.0,1349.8515642840832,3300.0,0.0,4800.0,0.0
2030-06-26 08:00:00,0.0,1349.8515642840832,3300.0,0.0,4800.0,0.0
2030-06-26 09:00:00,0.0,1349.8515642840832,3300.0,0.0,4800.0,0.0
2030-06-26 10:00:00,0.0,1349.8515642840832,3300.0,0.0,4800.0,0.0
2030-06-26 11:00:00,0.0,1349.8515642840832,3300.0,0.0,4800.0,0.0
2030-06-26 12:00:00,0.0,1349.8515642840832,3300.0,0.0,4800.0,0.0
2030-06-26 13:00:00,0.0,1349.8515642840832,3300.0,0.0,4800.0,0.0
2030-06-26 14:00:00,0.0,1349.8515642840832,3300.0,0.0,4800.0,0.0
2030-06-26 15:00:00,0.0,1349.8515642840832,3300.0,0.0,4800.0,0.0
2030-06-26 16:00:00,0.0,1349.8515642840832,3300.0,0.0,4800.0,0.0
2030-06-26 17:00:00,0.0,1349.8515642840832,3300.0,0.0,4800.0,0.0
2030-06-26 18:00:00,0.0,1349.8515642840832,3300.0,0.0,4800.0,0.0
2030-06-26 19:00:00,0.0,1349.8515642840832,3300.0,0.0,4800.0,0.0
2030-06-26 20:00:00,0.0,1349.8515642840832,3300.0,0.0,4800.0,0.0
2030-06-26 21:00:00,0.0,1349.8515642840832,3300.0,0.0,4800.0,0.0
2030-06-26 22:00:00,0.0,1349.8515642840832,3300.0,0.0,4800.0,0.0
2030-06-26 23:00:00,0.0,1349.8515642840832,3300.0,0.0,4800.0,0.0
2030-06-27 00:00:00,0.0,1349.8515642840832,3300.0,0.0,4800.0,0.0
2030-06-27 01:00:00,0.0,1349.8515642840832,3300.0,0.0,4800.0,0.0
2030-06-27 02:00:00,0.0,1349.8515642840832,3300.0,0.0,4800.0,0.0
2030-06-27 03:00:00,0.0,1349.8515642840832,3300.0,0.0,4800.0,0.0
2030-06-27 04:00:00,0.0,1349.8515642840832,3300.0,0.0,4800.0,0.0
2030-06-27 05:00:00,0.0,1349.8515642840832,3300.0,0.0,4800.0,0.0
2030-06-27 06:00:00,0.0,1349.8515642840832,3300.0,0.0,4800.0,0.0
2030-06-27 07:00:00,0.0,1349.8515642840832,3300.0,0.0,4800.0,0.0
2030-06-27 08:00:00,0.0,1349.8515642840832,3300.0,0.0,4800.0,0.0
2030-06-27 09:00:00,0.0,1349.8515642840832,3300.0,0.0,4800.0,0.0
2030-06-27 10:00:00,0.0,1349.8515642840832,3300.0,0.0,4800.0,0.0
2030-06-27 11:00:00,0.0,1349.8515642840832,3300.0,0.0,4800.0,0.0
2030-06-27 12:00:00,0.0,1349.8515642840832,3300.0,0.0,4800.0,0.0
2030-06-27 13:00:00,0.0,1349.8515642840832,3300.0,0.0,4800.0,0.0
2030-06-27 14:00:00,0.0,1349.8515642840832,3300.0,0.0,4800.0,0.0
2030-06-27 15:00:00,0.0,1349.8515642840832,3300.0,0.0,4800.0,0.0
2030-06-27 16:00:00,0.0,1349.8515642840832,3300.0,0.0,4800.0,0.0
2030-06-27 17:00:00,4303.585293445993,1349.8515642840832,0.0,0.0,4800.0,4205.1424083099555
2030-06-27 18:00:00,4303.585293445993,1349.8515642840832,0.0,0.0,0.0,4800.0
2030-06-27 19:00:00,4303.585293445993,1349.8515642840832,0.0,0.0,0.0,4800.0
2030-06-27 20:00:00,4303.585293445993,1349.8515642840832,0.0,0.0,0.0,4800.0
2030-06-27 21:00:00,4303.585293445993,1349.8515642840832,0.0,0.0,0.0,4800.0
2030-06-27 22:00:00,4303.585293445993,1349.8515642840832,0.0,0.0,0.0,4800.0
2030-06-27 23:00:00,4303.585293445993,1349.8515642840832,0.0,0.0,0.0,4800.0
2030-06-28 00:00:00,4303.585293445993,1349.8515642840832,0.0,0.0,0.0,4800.0
2030-06-28 01:00:00,4303.585293445993,1349.8515642840832,0.0,0.0,0.0,4800.0
2030-06-28 02:00:00,4303.585293445993,1349.8515642840832,0.0,0.0,0.0,4800.0
2030-06-28 03:00:00,4303.585293445993,1349.8515642840832,0.0,0.0,0.0,4800.0
2030-06-28 04:00:00,4303.585293445993,1349.8515642840832,0.0,0.0,0.0,4800.0
2030-06-28 05:00:00,4303.585293445993,1349.8515642840832,0.0,0.0,0.0,4800.0
2030-06-28 06:00:00,4303.585293445993,1349.8515642840832,0.0,0.0,0.0,4800.0
2030-06-28 07:00:00,4303.585293445993,1349.8515642840832,0.0,0.0,0.0,1576.7538603027097
2030-06-28 08:00:00,4303.585293445993,1349.8515642840832,0.0,0.0,4800.0,0.0
2030-06-28 09:00:00,1869.0921853869731,1349.8515642840832,0.0,0.0,4800.0,0.0
2030-06-28 10:00:00,4303.585293445993,1349.8515642840832,0.0,0.0,0.0,3630.439062749416
2030-06-28 11:00:00,4303.585293445993,1349.8515642840832,0.0,0.0,3605.576960770906,4800.0
2030-06-28 12:00:00,4303.585293445993,1349.8515642840832,0.0,0.0,4800.0,352.7052968486496
2030-06-28 13:00:00,4303.585293445993,1349.8515642840832,0.0,0.0,4800.0,3277.0889419137625
2030-06-28 14:00:00,4303.585293445993,1349.8515642840832,0.0,0.0,785.0013489173616,4800.0
2030-06-28 15:00:00,4303.585293445993,1349.8515642840832,0.0,0.0,0.0,4800.0
2030-06-28 16:00:00,4303.585293445993,1349.8515642840832,0.0,0.0,0.0,4800.0
2030-06-28 17:00:00,4303.585293445993,1349.8515642840832,0.0,2104.3181052943182,0.0,4800.0
2030-06-28 18:00:00,4303.585293445993,1349.8515642840832,0.0,0.0,0.0,4800.0
2030-06-28 19:00:00,4303.585293445993,0.0,0.0,1375.0552780372964,0.0,4800.0
2030-06-28 20:00:00,4303.585293445993,0.0,0.0,2950.163427136722,0.0,4800.0
2030-06-28 21:00:00,4303.585293445993,0.0,0.0,2184.8923226728075,0.0,4800.0
2030-06-28 22:00:00,4303.585293445993,0.0,0.0,3348.960949988582,0.0,4800.0
2030-06-28 23:00:00,4303.585293445993,0.0,0.0,3348.960949988582,0.0,4800.0
2030-06-29 00:00:00,4303.585293445993,0.0,0.0,3348.960949988582,0.0,4800.0
2030-06-29 01:00:00,4303.585293445993,0.0,0.0,3348.960949988582,0.0,4800.0
2030-06-29 02:00:00,4303.585293445993,0.0,0.0,3348.960949988582,0.0,4800.0
2030-06-29 03:00:00,4303.585293445993,0.0,0.0,3348.960949988582,0.0,4800.0
2030-06-29 04:00:00,4303.585293445993,0.0,0.0,3348.960949988582,0.0,4800.0
2030-06-29 05:00:00,4303.585293445993,0.0,0.0,3348.960949988582,0.0,4800.0
2030-06-29 06:00:00,4303.585293445993,0.0,0.0,3348.960949988582,0.0,4800.0
2030-06-29 07:00:00,4303.585293445993,513.8598136602118,0.0,3348.960949988582,0.0,4800.0
2030-06-29 08:00:00,4303.585293445993,0.0,0.0,2995.370098957365,0.0,4800.0
2030-06-29 09:00:00,890.5784130583688,1349.8515642840832,0.0,0.0,0.0,568.1566172064659
2030-06-29 10:00:00,0.0,1349.8515642840832,3300.0,0.0,4800.0,0.0
2030-06-29 11:00:00,0.0,1349.8515642840832,3300.0,0.0,4800.0,0.0
2030-06-29 12:00:00,0.0,1349.8515642840832,3300.0,0.0,4800.0,0.0
2030-06-29 13:00:00,0.0,1349.8515642840832,3300.0,0.0,4800.0,0.0
2030-06-29 14:00:00,1672.0083460773285,935.7909029785887,0.0,0.0,4800.0,0.0
2030-06-29 15:00:00,4303.585293445993,0.0,0.0,2664.2619987868693,0.0,4800.0
2030-06-29 16:00:00,4303.585293445993,660.0916599364884,0.0,3348.960949988582,0.0,4800.0
2030-06-29 17:00:00,4303.585293445993,0.0,0.0,3348.960949988582,0.0,4800.0
2030-06-29 18:00:00,4303.585293445993,0.0,0.0,3348.960949988582,0.0,4800.0
2030-06-29 19:00:00,4303.585293445993,0.0,0.0,3348.960949988582,0.0,4800.0
2030-06-29 20:00:00,4303.585293445993,0.0,0.0,3348.960949988582,0.0,4800.0
2030-06-29 21:00:00,4303.585293445993,0.0,0.0,3348.960949988582,0.0,4800.0
2030-06-29 22:00:00,2722.5454294854644,0.0,0.0,3307.4589534987513,0.0,4800.0
2030-06-29 23:00:00,2810.9689733286923,0.0,0.0,3348.960949988582,3172.6586719319366,0.0
2030-06-30 00:00:00,0.0,1349.8515642840832,2643.3781274268476,0.0,4800.0,0.0
2030-06-30 01:00:00,0.0,1349.8515642840832,3300.0,0.0,4800.0,0.0
2030-06-30 02:00:00,0.0,1349.8515642840832,0.0,1379.0167249126775,4800.0,2035.6893256586918
2030-06-30 03:00:00,2496.8467510720666,1349.8515642840832,0.0,3348.960949988582,4800.0,21.441949333733646
2030-06-30 04:00:00,0.0,1349.8515642840832,0.0,1308.8864114860003,1897.9062818918464,0.0
2030-06-30 05:00:00,0.0,1349.8515642840832,3300.0,0.0,4800.0,0.0
2030-06-30 06:00:00,0.0,1349.8515642840832,3300.0,0.0,4800.0,0.0
2030-06-30 07:00:00,0.0,1349.8515642840832,3300.0,0.0,4800.0,0.0
2030-06-30 08:00:00,0.0,1349.8515642840832,3300.0,0.0,4800.0,0.0
2030-06-30 09:00:00,0.0,1349.8515642840832,3300.0,0.0,4800.0,0.0
2030-06-30 10:00:00,0.0,1349.8515642840832,3300.0,0.0,4800.0,0.0
2030-06-30 11:00:00,0.0,1349.8515642840832,3300.0,0.0,4800.0,0.0
2030-06-30 12:00:00,0.0,1349.8515642840832,3300.0,0.0,4800.0,0.0
2030-06-30 13:00:00,0.0,1349.8515642840832,3300.0,0.0,4800.0,0.0
2030-06-30 14:00:00,0.0,1349.8515642840832,3300.0,0.0,4800.0,0.0
2030-06-30 15:00:00,0.0,1349.8515642840832,3300.0,0.0,4800.0,0.0
2030-06-30 16:00:00,4303.585293445993,0.0,0.0,1998.6297728887084,0.0,4800.0
2030-06-30 17:00:00,4303.585293445993,0.0,0.0,3348.960949988582,0.0,4800.0
2030-06-30 18:00:00,4303.585293445993,0.0,0.0,3348.960949988582,0.0,4800.0
2030-06-30 19:00:00,4303.585293445993,0.0,0.0,3348.960949988582,0.0,4800.0
2030-06-30 20:00:00,4303.585293445993,0.0,0.0,3348.960949988582,0.0,4800.0
2030-06-30 21:00:00,4303.585293445993,0.0,0.0,3348.960949988582,0.0,4800.0
2030-06-30 22:00:00,4303.585293445993,0.0,0.0,3348.960949988582,0.0,4800.0
2030-06-30 23:00:00,4303.585293445993,0.0,0.0,3348.960949988582,0.0,4800.0
2030-07-01 00:00:00,4303.585293445993,0.0,0.0,3348.960949988582,0.0,4800.0
2030-07-01 01:00:00,4303.585293445993,0.0,0.0,3348.960949988582,0.0,4800.0
2030-07-01 02:00:00,4303.585293445993,0.0,0.0,3348.960949988582,0.0,4800.0
2030-07-01 03:00:00,4303.585293445993,0.0,0.0,3348.960949988582,0.0,4800.0
2030-07-01 04:00:00,4303.585293445993,0.0,0.0,3348.960949988582,0.0,4800.0
2030-07-01 05:00:00,4303.585293445993,0.0,0.0,3348.960949988582,0.0,4800.0
2030-07-01 06:00:00,4303.585293445993,0.0,0.0,3348.960949988582,0.0,4800.0
2030-07-01 07:00:00,812.5833827382493,1349.8515642840832,0.0,0.0,1590.682279050723,0.0
2030-07-01 08:00:00,0.0,1349.8515642840832,3300.0,0.0,4800.0,0.0
2030-07-01 09:00:00,0.0,1349.8515642840832,3300.0,0.0,4800.0,0.0
2030-07-01 10:00:00,0.0,1349.8515642840832,3300.0,0.0,4800.0,0.0
2030-07-01 11:00:00,0.0,1349.8515642840832,3300.0,0.0,4800.0,0.0
2030-07-01 12:00:00,0.0,1349.8515642840832,3300.0,0.0,4800.0,0.0
2030-07-01 13:00:00,0.0,1349.8515642840832,3300.0,0.0,4800.0,0.0
2030-07-01 14:00:00,0.0,1349.8515642840832,3300.0,0.0,4800.0,0.0
2030-07-01 15:00:00,0.0,1349.8515642840832,3300.0,0.0,4800.0,0.0
2030-07-01 16:00:00,4303.585293445993,0.0,0.0,1884.5704777814917,0.0,4800.0
2030-07-01 17:00:00,4303.585293445993,28.38401417977093,0.0,3348.960949988582,0.0,4800.0
2030-07-01 18:00:00,4303.585293445993,0.0,0.0,3348.960949988582,0.0,4800.0
2030-07-01 19:00:00,4303.585293445993,0.0,0.0,3348.960949988582,0.0,4800.0
2030-07-01 20:00:00,4303.585293445993,0.0,0.0,3348.960949988582,0.0,4800.0
2030-07-01 21:00:00,4303.585293445993,0.0,0.0,3348.960949988582,0.0,4800.0
2030-07-01 22:00:00,4303.585293445993,0.0,0.0,3348.960949988582,0.0,4800.0
2030-07-01 23:00:00,4303.585293445993,0.0,0.0,3348.960949988582,0.0,4800.0
2030-07-02 00:00:00,4303.585293445993,0.0,0.0,3348.960949988582,0.0,4800.0
2030-07-02 01:00:00,4303.585293445993,0.0,0.0,3348.960949988582,0.0,4800.0
2030-07-02 02:00:00,4303.585293445993,0.0,0.0,3348.960949988582,0.0,4800.0
2030-07-02 03:00:00,4303.585293445993,0.0,0.0,3348.960949988582,0.0,4800.0
2030-07-02 04:00:00,4303.585293445993,0.0,0.0,3348.960949988582,0.0,4800.0
2030-07-02 05:00:00,4303.585293445993,0.0,0.0,3348.960949988582,0.0,4800.0
2030-07-02 06:00:00,4303.585293445993,0.0,0.0,3348.960949988582,0.0,4800.0
2030-07-02 07:00:00,4303.585293445993,0.0,0.0,3348.960949988582,0.0,4800.0
2030-07-02 08:00:00,0.0,1349.8515642840832,1249.810409335063,1887.7736449226322,0.0,0.0
2030-07-02 09:00:00,0.0,1349.8515642840832,3300.0,0.0,4800.0,0.0
2030-07-02 10:00:00,0.0,1349.8515642840832,3300.0,0.0,4800.0,0.0
2030-07-02 11:00:00,0.0,1349.8515642840832,3300.0,0.0,4800.0,0.0
2030-07-02 12:00:00,0.0,1349.8515642840832,3300.0,0.0,4800.0,0.0
2030-07-02 13:00:00,0.0,1349.8515642840832,3300.0,0.0,4800.0,0.0
2030-07-02 14:00:00,0.0,1349.8515642840832,1560.8418752855614,0.0,4800.0,0.0
2030-07-02 15:00:00,440.15390966061443,0.0,0.0,0.0,3286.349146274239,4800.0
2030-07-02 16:00:00,4303.585293445993,0.0,0.0,3348.960949988582,0.0,4800.0
2030-07-02 17:00:00,4303.585293445993,0.0,0.0,3348.960949988582,0.0,4800.0
2030-07-02 18:00:00,4303.585293445993,0.0,0.0,3348.960949988582,0.0,4800.0
2030-07-02 19:00:00,4303.585293445993,0.0,0.0,3348.960949988582,0.0,4800.0
2030-07-02 20:00:00,4303.585293445993,0.0,0.0,3348.960949988582,0.0,4800.0
2030-07-02 21:00:00,4303.585293445993,0.0,0.0,3348.960949988582,0.0,4800.0
2030-07-02 22:00:00,4303.585293445993,0.0,0.0,3348.960949988582,0.0,4800.0
2030-07-02 23:00:00,4303.585293445993,0.0,0.0,3348.960949988582,0.0,4800.0
2030-07-03 00:00:00,4303.585293445993,0.0,0.0,3348.960949988582,0.0,4800.0
2030-07-03 01:00:00,4303.585293445993,0.0,0.0,3348.960949988582,0.0,4800.0
2030-07-03 02:00:00,4303.585293445993,0.0,0.0,3348.960949988582,0.0,4800.0
2030-07-03 03:00:00,4303.585293445993,0.0,0.0,3348.960949988582,0.0,4800.0
2030-07-03 04:00:00,4303.585293445993,0.0,0.0,3348.960949988582,0.0,4800.0
2030-07-03 05:00:00,4303.585293445993,0.0,0.0,3348.960949988582,0.0,4800.0
2030-07-03 06:00:00,4303.585293445993,0.0,0.0,3348.960949988582,0.0,4800.0
2030-07-03 07:00:00,4303.585293445993,0.0,0.0,3348.960949988582,0.0,4800.0
2030-07-03 08:00:00,4303.585293445993,0.0,0.0,3348.960949988582,0.0,4800.0
2030-07-03 09:00:00,4303.585293445993,0.0,0.0,3348.960949988582,0.0,2747.5445625514094
2030-07-03 10:00:00,2107.386967129887,0.0,0.0,622.7693918495643,0.0,4800.0
2030-07-03 11:00:00,3264.2833093626655,1349.8515642840832,0.0,3348.960949988582,0.0,3824.157193100123
2030-07-03 12:00:00,4303.585293445993,0.0,0.0,3182.931794260596,0.0,4800.0
2030-07-03 13:00:00,4303.585293445993,0.0,0.0,3251.074659313692,0.0,4800.0
2030-07-03 14:00:00,4303.585293445993,0.0,0.0,3181.029384250467,0.0,4800.0
2030-07-03 15:00:00,4303.585293445993,0.0,0.0,3207.419506823385,0.0,4800.0
2030-07-03 16:00:00,4303.585293445993,0.0,0.0,3348.960949988582,0.0,4800.0
2030-07-03 17:00:00,4303.585293445993,0.0,0.0,3348.960949988582,0.0,4800.0
2030-07-03 18:00:00,4303.585293445993,0.0,0.0,3348.960949988582,0.0,4800.0
2030-07-03 19:00:00,4303.585293445993,0.0,0.0,3348.960949988582,0.0,4800.0
2030-07-03 20:00:00,4303.585293445993,0.0,0.0,3348.960949988582,0.0,4800.0
2030-07-03 21:00:00,4303.585293445993,0.0,0.0,3348.960949988582,0.0,4800.0
2030-07-03 22:00:00,4303.585293445993,0.0,0.0,3348.960949988582,0.0,4800.0
2030-07-03 23:00:00,4303.585293445993,0.0,0.0,3348.960949988582,0.0,4800.0
2030-07-04 00:00:00,4303.585293445993,0.0,0.0,3348.960949988582,0.0,4800.0
2030-07-04 01:00:00,4303.585293445993,0.0,0.0,3348.960949988582,0.0,4800.0
2030-07-04 02:00:00,4303.585293445993,0.0,0.0,3348.960949988582,0.0,4800.0
2030-07-04 03:00:00,4303.585293445993,0.0,0.0,3348.960949988582,0.0,4800.0
2030-07-04 04:00:00,4303.585293445993,0.0,0.0,3348.960949988582,0.0,4800.0
2030-07-04 05:00:00,4303.585293445993,0.0,0.0,3348.960949988582,0.0,4800.0
2030-07-04 06:00:00,4303.585293445993,0.0,0.0,3348.960949988582,0.0,4800.0
2030-07-04 07:00:00,4303.585293445993,0.0,0.0,3348.960949988582,0.0,4800.0
2030-07-04 08:00:00,4303.585293445993,0.0,0.0,3348.960949988582,0.0,4800.0
2030-07-04 09:00:00,4303.585293445993,0.0,0.0,3348.960949988582,0.0,4800.0
2030-07-04 10:00:00,4303.585293445993,0.0,0.0,3348.960949988582,0.0,4800.0
2030-07-04 11:00:00,4303.585293445993,714.1518205277023,0.0,3348.960949988582,0.0,4800.0
2030-07-04 12:00:00,4303.585293445993,0.0,0.0,1956.1278286077395,0.0,4800.0
2030-07-04 13:00:00,4303.585293445993,0.0,0.0,1419.4644299890842,0.0,4800.0
2030-07-04 14:00:00,4303.585293445993,1349.8515642840832,0.0,3348.960949988582,0.0,4800.0
2030-07-04 15:00:00,4303.585293445993,0.0,0.0,2133.496575676115,0.0,4800.0
2030-07-04 16:00:00,4303.585293445993,0.0,0.0,2983.3792706911872,0.0,4800.0
2030-07-04 17:00:00,4303.585293445993,0.0,0.0,3348.960949988582,0.0,4800.0
2030-07-04 18:00:00,4303.585293445993,0.0,0.0,3211.778152419931,0.0,4800.0
2030-07-04 19:00:00,4303.585293445993,0.0,0.0,3329.975834375793,0.0,4800.0
2030-07-04 20:00:00,4303.585293445993,0.0,0.0,3348.960949988582,0.0,4800.0
2030-07-04 21:00:00,4303.585293445993,1349.8515642840832,0.0,1922.7395121338195,0.0,4800.0
2030-07-04 22:00:00,4303.585293445993,0.0,0.0,1628.2339196487374,0.0,4800.0
2030-07-04 23:00:00,4303.585293445993,0.0,0.0,3348.960949988582,0.0,4800.0
2030-07-05 00:00:00,4303.585293445993,0.0,0.0,3348.960949988582,0.0,4800.0
2030-07-05 01:00:00,4303.585293445993,0.0,0.0,3348.960949988582,0.0,4800.0
2030-07-05 02:00:00,4303.585293445993,0.0,0.0,3348.960949988582,0.0,4800.0
2030-07-05 03:00:00,4303.585293445993,0.0,0.0,3348.960949988582,0.0,4800.0
2030-07-05 04:00:00,4303.585293445993,0.0,0.0,3348.960949988582,0.0,4800.0
2030-07-05 05:00:00,4303.585293445993,0.0,0.0,3348.960949988582,0.0,4800.0
2030-07-05 06:00:00,4303.585293445993,0.0,0.0,3348.960949988582,0.0,4800.0
2030-07-05 07:00:00,4303.585293445993,0.0,0.0,3348.960949988582,0.0,4800.0
2030-07-05 08:00:00,4303.585293445993,0.0,0.0,2602.905399883315,0.0,4800.0
2030-07-05 09:00:00,0.0,1316.707981577723,0.0,0.0,3871.197812994077,4800.0
2030-07-05 10:00:00,977.2171446702383,1349.8515642840832,0.0,0.0,4800.0,689.894938800774
2030-07-05 11:00:00,1539.8553640323414,1349.8515642840832,0.0,0.0,4800.0,0.0
2030-07-05 12:00:00,1555.6189618672715,1349.8515642840832,0.0,0.0,4800.0,0.0
2030-07-05 13:00:00,957.5015579050532,1349.8515642840832,0.0,0.0,4800.0,2517.3550232077205
2030-07-05 14:00:00,4303.585293445993,0.0,0.0,1264.9170495854246,0.0,4800.0
2030-07-05 15:00:00,4303.585293445993,0.0,0.0,1951.090752040181,0.0,4800.0
2030-07-05 16:00:00,4303.585293445993,308.6886120252773,0.0,3348.960949988582,0.0,4800.0
2030-07-05 17:00:00,4303.585293445993,0.0,0.0,3348.960949988582,0.0,4800.0
2030-07-05 18:00:00,4303.585293445993,0.0,0.0,3348.960949988582,0.0,4800.0
2030-07-05 19:00:00,4303.585293445993,0.0,0.0,3348.960949988582,0.0,4800.0
2030-07-05 20:00:00,4303.585293445993,0.0,0.0,3348.960949988582,0.0,4800.0
2030-07-05 21:00:00,4303.585293445993,1349.8515642840832,0.0,2472.1520028276136,0.0,4800.0
2030-07-05 22:00:00,4303.585293445993,1349.8515642840832,0.0,1730.090716808496,0.0,4800.0
2030-07-05 23:00:00,4303.585293445993,0.0,0.0,2887.9457092503944,0.0,4800.0
2030-07-06 00:00:00,4303.585293445993,0.0,0.0,2149.895297273819,0.0,4800.0
2030-07-06 01:00:00,4303.585293445993,0.0,0.0,3348.960949988582,0.0,4800.0
2030-07-06 02:00:00,4303.585293445993,0.0,0.0,3348.960949988582,0.0,4800.0
2030-07-06 03:00:00,4303.585293445993,0.0,0.0,3348.960949988582,0.0,4800.0
2030-07-06 04:00:00,4303.585293445993,0.0,0.0,3348.960949988582,0.0,4800.0
2030-07-06 05:00:00,4303.585293445993,0.0,0.0,3348.960949988582,0.0,4800.0
2030-07-06 06:00:00,4303.585293445993,0.0,0.0,3348.960949988582,0.0,4800.0
2030-07-06 07:00:00,4303.585293445993,0.0,0.0,3163.459334609527,0.0,4800.0
2030-07-06 08:00:00,4303.585293445993,1349.8515642840832,0.0,3348.960949988582,0.0,4303.26002411934
2030-07-06 09:00:00,1222.8688692471367,1349.8515642840832,0.0,0.0,4800.0,2549.668537757132
2030-07-06 10:00:00,0.0,1349.8515642840832,3300.0,0.0,4800.0,0.0
2030-07-06 11:00:00,0.0,1349.8515642840832,3300.0,0.0,4800.0,0.0
2030-07-06 12:00:00,0.0,1349.8515642840832,3300.0,0.0,4800.0,0.0
2030-07-06 13:00:00,0.0,1349.8515642840832,3300.0,0.0,4800.0,0.0
2030-07-06 14:00:00,0.0,1349.8515642840832,711.6110471324373,0.0,4800.0,0.0
2030-07-06 15:00:00,4303.585293445993,152.84751738943032,0.0,3348.960949988582,0.0,4800.0
2030-07-06 16:00:00,4303.585293445993,0.0,0.0,3348.960949988582,0.0,4800.0
2030-07-06 17:00:00,4303.585293445993,0.0,0.0,3348.960949988582,0.0,4800.0
2030-07-06 18:00:00,4303.585293445993,0.0,0.0,3348.960949988582,0.0,4800.0
2030-07-06 19:00:00,4303.585293445993,0.0,0.0,3348.960949988582,0.0,4800.0
2030-07-06 20:00:00,4303.585293445993,0.0,0.0,3348.960949988582,0.0,4800.0
2030-07-06 21:00:00,4303.585293445993,0.0,0.0,3348.960949988582,0.0,4800.0
2030-07-06 22:00:00,4303.585293445993,0.0,0.0,3348.960949988582,0.0,4800.0
2030-07-06 23:00:00,4303.585293445993,0.0,0.0,3348.960949988582,0.0,4800.0
2030-07-07 00:00:00,4303.585293445993,0.0,0.0,3348.960949988582,0.0,4800.0
2030-07-07 01:00:00,4303.585293445993,0.0,0.0,3348.960949988582,0.0,4800.0
2030-07-07 02:00:00,4303.585293445993,0.0,0.0,3348.960949988582,0.0,4800.0
2030-07-07 03:00:00,4303.585293445993,0.0,0.0,3348.960949988582,0.0,4800.0
2030-07-07 04:00:00,4303.585293445993,0.0,0.0,3348.960949988582,0.0,4800.0
2030-07-07 05:00:00,4303.585293445993,0.0,0.0,3348.960949988582,0.0,4800.0
2030-07-07 06:00:00,4303.585293445993,0.0,0.0,3348.960949988582,0.0,4800.0
2030-07-07 07:00:00,47.503699985814606,0.0,0.0,0.0,0.0,1974.799167434767
2030-07-07 08:00:00,0.0,1349.8515642840832,1029.5037673691659,0.0,4800.0,0.0
2030-07-07 09:00:00,0.0,1349.8515642840832,3300.0,0.0,4800.0,0.0
2030-07-07 10:00:00,0.0,1349.8515642840832,3300.0,0.0,4800.0,0.0
2030-07-07 11:00:00,0.0,1349.8515642840832,3300.0,0.0,4800.0,0.0
2030-07-07 12:00:00,0.0,1349.8515642840832,3300.0,0.0,4800.0,0.0
2030-07-07 13:00:00,0.0,1349.8515642840832,3300.0,0.0,4800.0,0.0
2030-07-07 14:00:00,0.0,1349.8515642840832,3300.0,0.0,4800.0,0.0
2030-07-07 15:00:00,0.0,1349.8515642840832,0.0,0.0,0.0,4483.934059791067
2030-07-07 16:00:00,4303.585293445993,0.0,0.0,3348.960949988582,0.0,4800.0
2030-07-07 17:00:00,4303.585293445993,143.37786714612662,0.0,3348.960949988582,0.0,4800.0
2030-07-07 18:00:00,4303.585293445993,0.0,0.0,3348.960949988582,0.0,4800.0
2030-07-07 19:00:00,4303.585293445993,0.0,0.0,3348.960949988582,0.0,4800.0
2030-07-07 20:00:00,4303.585293445993,0.0,0.0,3348.960949988582,0.0,4800.0
2030-07-07 21:00:00,4303.585293445993,0.0,0.0,3348.960949988582,0.0,4800.0
2030-07-07 22:00:00,4303.585293445993,0.0,0.0,3348.960949988582,0.0,4800.0
2030-07-07 23:00:00,4303.585293445993,0.0,0.0,3348.960949988582,0.0,4800.0
2030-07-08 00:00:00,4303.585293445993,0.0,0.0,3348.960949988582,0.0,4800.0
2030-07-08 01:00:00,4303.585293445993,0.0,0.0,3348.960949988582,0.0,4800.0
2030-07-08 02:00:00,4303.585293445993,0.0,0.0,3348.960949988582,0.0,4800.0
2030-07-08 03:00:00,4303.585293445993,0.0,0.0,3348.960949988582,0.0,4800.0
2030-07-08 04:00:00,4303.585293445993,0.0,0.0,3348.960949988582,0.0,4800.0
2030-07-08 05:00:00,4303.585293445993,0.0,0.0,3348.960949988582,0.0,4800.0
2030-07-08 06:00:00,4303.585293445993,0.0,0.0,3348.960949988582,0.0,4800.0
2030-07-08 07:00:00,4303.585293445993,1349.8515642840832,0.0,3104.387977144089,0.0,4800.0
2030-07-08 08:00:00,2686.7372780462565,1349.8515642840832,0.0,73.69490407347348,0.0,4800.0
2030-07-08 09:00:00,2270.8201924014297,1349.8515642840832,0.0,0.0,4800.0,0.0
2030-07-08 10:00:00,0.0,1349.8515642840832,3300.0,0.0,4800.0,0.0
2030-07-08 11:00:00,0.0,1349.8515642840832,3300.0,0.0,4800.0,0.0
2030-07-08 12:00:00,0.0,1349.8515642840832,3300.0,0.0,4800.0,0.0
2030-07-08 13:00:00,0.0,1349.8515642840832,3300.0,0.0,4800.0,0.0
2030-07-08 14:00:00,0.0,1349.8515642840832,3300.0,0.0,4800.0,0.0
2030-07-08 15:00:00,3461.0024222041943,0.0,0.0,0.0,2218.6441764175,0.0
2030-07-08 16:00:00,4303.585293445993,0.0,0.0,1239.183251999681,0.0,4800.0
2030-07-08 17:00:00,4303.585293445993,0.0,0.0,3175.973062347748,0.0,4800.0
2030-07-08 18:00:00,4303.585293445993,0.0,0.0,3348.960949988582,0.0,4800.0
2030-07-08 19:00:00,4303.585293445993,0.0,0.0,3348.960949988582,0.0,4800.0
2030-07-08 20:00:00,4303.585293445993,0.0,0.0,3348.960949988582,0.0,4800.0
2030-07-08 21:00:00,4303.585293445993,0.0,0.0,3348.960949988582,0.0,4800.0
2030-07-08 22:00:00,4303.585293445993,0.0,0.0,3348.960949988582,0.0,4800.0
2030-07-08 23:00:00,4303.585293445993,0.0,0.0,3348.960949988582,0.0,4800.0
2030-07-09 00:00:00,4303.585293445993,0.0,0.0,3348.960949988582,0.0,4800.0
2030-07-09 01:00:00,4303.585293445993,0.0,0.0,3348.960949988582,0.0,4800.0
2030-07-09 02:00:00,4303.585293445993,0.0,0.0,3348.960949988582,0.0,4800.0
2030-07-09 03:00:00,4303.585293445993,0.0,0.0,3348.960949988582,0.0,4800.0
2030-07-09 04:00:00,4303.585293445993,0.0,0.0,3348.960949988582,0.0,4800.0
2030-07-09 05:00:00,4303.585293445993,0.0,0.0,3348.960949988582,0.0,4800.0
2030-07-09 06:00:00,4303.585293445993,0.0,0.0,3348.960949988582,0.0,4800.0
2030-07-09 07:00:00,705.3996289650822,1349.8515642840832,0.0,2010.134886434112,0.0,4800.0
2030-07-09 08:00:00,0.0,1349.8515642840832,1402.6067079778804,0.0,4800.0,0.0
2030-07-09 09:00:00,0.0,1349.8515642840832,3300.0,0.0,4800.0,0.0
2030-07-09 10:00:00,0.0,1349.8515642840832,3300.0,0.0,4800.0,0.0
2030-07-09 11:00:00,0.0,1349.8515642840832,3300.0,0.0,4800.0,0.0
2030-07-09 12:00:00,0.0,1349.8515642840832,3300.0,0.0,4800.0,0.0
2030-07-09 13:00:00,0.0,1349.8515642840832,3300.0,0.0,4800.0,0.0
2030-07-09 14:00:00,0.0,1349.8515642840832,3300.0,0.0,4800.0,0.0
2030-07-09 15:00:00,0.0,1349.8515642840832,3300.0,0.0,4800.0,0.0
2030-07-09 16:00:00,0.0,1349.8515642840832,3300.0,0.0,4800.0,0.0
2030-07-09 17:00:00,0.0,1349.8515642840832,840.8105900371295,0.0,4800.0,4588.099874863924
2030-07-09 18:00:00,4303.585293445993,0.0,0.0,3348.960949988582,0.0,4800.0
2030-07-09 19:00:00,4303.585293445993,0.0,0.0,3348.960949988582,0.0,4800.0
2030-07-09 20:00:00,4303.585293445993,0.0,0.0,3348.960949988582,0.0,4800.0
2030-07-09 21:00:00,2857.8104545123424,0.0,0.0,3348.960949988582,0.0,4800.0
2030-07-09 22:00:00,0.0,1349.8515642840832,0.0,3106.830816628272,3914.237047952607,0.0
2030-07-09 23:00:00,0.0,402.6492132186461,2091.957540792282,0.0,4800.0,0.0
2030-07-10 00:00:00,0.0,1349.8515642840832,2963.3140319787612,0.0,4800.0,0.0
2030-07-10 01:00:00,0.0,1349.8515642840832,3071.2691372978134,0.0,4800.0,0.0
2030-07-10 02:00:00,0.0,1349.8515642840832,2767.619352812531,0.0,4800.0,0.0
2030-07-10 03:00:00,0.0,1349.8515642840832,3081.482717414346,0.0,4800.0,0.0
2030-07-10 04:00:00,0.0,1349.8515642840832,804.5486959939954,1577.7675873050598,4800.0,0.0
2030-07-10 05:00:00,0.0,1349.8515642840832,3300.0,0.0,4800.0,0.0
2030-07-10 06:00:00,0.0,1349.8515642840832,3300.0,0.0,4800.0,0.0
2030-07-10 07:00:00,0.0,1349.8515642840832,3300.0,0.0,4800.0,0.0
2030-07-10 08:00:00,0.0,1349.8515642840832,3300.0,0.0,4800.0,0.0
2030-07-10 09:00:00,0.0,1349.8515642840832,3300.0,0.0,4800.0,0.0
2030-07-10 10:00:00,0.0,1349.8515642840832,3300.0,0.0,4800.0,0.0
2030-07-10 11:00:00,0.0,1349.8515642840832,3300.0,0.0,4800.0,0.0
2030-07-10 12:00:00,0.0,1349.8515642840832,3300.0,0.0,4800.0,0.0
2030-07-10 13:00:00,0.0,1349.8515642840832,3300.0,0.0,4800.0,0.0
2030-07-10 14:00:00,0.0,1349.8515642840832,3300.0,0.0,4800.0,0.0
2030-07-10 15:00:00,0.0,1349.8515642840832,3300.0,0.0,4800.0,0.0
2030-07-10 16:00:00,0.0,1349.8515642840832,3300.0,0.0,4800.0,0.0
2030-07-10 17:00:00,0.0,0.0,0.0,0.0,2449.3457156946606,0.0
2030-07-10 18:00:00,4303.585293445993,0.0,0.0,3348.960949988582,0.0,4800.0
2030-07-10 19:00:00,4303.585293445993,0.0,0.0,3348.960949988582,0.0,4800.0
2030-07-10 20:00:00,4303.585293445993,0.0,0.0,3348.960949988582,0.0,4800.0
2030-07-10 21:00:00,4303.585293445993,970.8844042639685,0.0,3348.960949988582,0.0,4800.0
2030-07-10 22:00:00,4303.585293445993,0.0,0.0,2105.129032959114,0.0,4800.0
2030-07-10 23:00:00,3516.0594964111515,0.0,0.0,3348.960949988582,0.0,4800.0
2030-07-11 00:00:00,2586.5889533364025,0.0,0.0,3348.960949988582,0.0,4800.0
2030-07-11 01:00:00,2592.1328120219223,0.0,0.0,3348.960949988582,0.0,4800.0
2030-07-11 02:00:00,4194.313982513636,0.0,0.0,3348.960949988582,0.0,4800.0
2030-07-11 03:00:00,4303.585293445993,0.0,0.0,3348.960949988582,0.0,4800.0
2030-07-11 04:00:00,4303.585293445993,0.0,0.0,3348.960949988582,0.0,4800.0
2030-07-11 05:00:00,4303.585293445993,0.0,0.0,3348.960949988582,0.0,4800.0
2030-07-11 06:00:00,192.89837511266296,1349.8515642840832,0.0,3348.960949988582,1315.7774483649714,4800.0
2030-07-11 07:00:00,0.0,1349.8515642840832,1589.0904797359074,0.0,4800.0,0.0
2030-07-11 08:00:00,0.0,1349.8515642840832,3300.0,0.0,4800.0,0.0
2030-07-11 09:00:00,0.0,1349.8515642840832,3300.0,0.0,4800.0,0.0
2030-07-11 10:00:00,0.0,1349.8515642840832,3300.0,0.0,4800.0,0.0
2030-07-11 11:00:00,0.0,1349.8515642840832,3300.0,0.0,4800.0,0.0
2030-07-11 12:00:00,0.0,1349.8515642840832,3300.0,0.0,4800.0,0.0
2030-07-11 13:00:00,0.0,1349.8515642840832,3300.0,0.0,4800.0,0.0
2030-07-11 14:00:00,0.0,1349.8515642840832,3300.0,0.0,4800.0,0.0
2030-07-11 15:00:00,0.0,1349.8515642840832,570.918331733175,0.0,4800.0,0.0
2030-07-11 16:00:00,4303.585293445993,0.0,0.0,3348.960949988582,0.0,4800.0
2030-07-11 17:00:00,4303.585293445993,0.0,0.0,3348.960949988582,0.0,4800.0
2030-07-11 18:00:00,4303.585293445993,0.0,0.0,3348.960949988582,0.0,4800.0
2030-07-11 19:00:00,4303.585293445993,0.0,0.0,3348.960949988582,0.0,4800.0
2030-07-11 20:00:00,4303.585293445993,0.0,0.0,3348.960949988582,0.0,4800.0
2030-07-11 21:00:00,4303.585293445993,0.0,0.0,3348.960949988582,0.0,4800.0
2030-07-11 22:00:00,4303.585293445993,0.0,0.0,3348.960949988582,0.0,4800.0
2030-07-11 23:00:00,4303.585293445993,0.0,0.0,3348.960949988582,0.0,4800.0
2030-07-12 00:00:00,4303.585293445993,0.0,0.0,3348.960949988582,0.0,4800.0
2030-07-12 01:00:00,4303.585293445993,0.0,0.0,3348.960949988582,0.0,4800.0
2030-07-12 02:00:00,4303.585293445993,0.0,0.0,3348.960949988582,0.0,4800.0
2030-07-12 03:00:00,4303.585293445993,0.0,0.0,3348.960949988582,0.0,4800.0
2030-07-12 04:00:00,4303.585293445993,0.0,0.0,3348.960949988582,0.0,4800.0
2030-07-12 05:00:00,4303.585293445993,0.0,0.0,3348.960949988582,0.0,4800.0
2030-07-12 06:00:00,4303.585293445993,0.0,0.0,3348.960949988582,0.0,4800.0
2030-07-12 07:00:00,2388.7385356144505,0.0,0.0,3348.960949988582,1140.9697006814667,4800.0
2030-07-12 08:00:00,0.0,1349.8515642840832,2975.444742178702,0.0,4800.0,0.0
2030-07-12 09:00:00,0.0,1349.8515642840832,3300.0,0.0,4800.0,0.0
2030-07-12 10:00:00,0.0,1349.8515642840832,3300.0,0.0,4800.0,0.0
2030-07-12 11:00:00,0.0,1349.8515642840832,3300.0,0.0,4800.0,0.0
2030-07-12 12:00:00,0.0,1349.8515642840832,3300.0,0.0,4800.0,0.0
2030-07-12 13:00:00,0.0,1349.8515642840832,3300.0,0.0,4800.0,0.0
2030-07-12 14:00:00,0.0,1349.8515642840832,3300.0,0.0,4800.0,0.0
2030-07-12 15:00:00,0.0,1349.8515642840832,3300.0,0.0,4800.0,0.0
2030-07-12 16:00:00,0.0,1349.8515642840832,3300.0,0.0,4800.0,0.0
2030-07-12 17:00:00,0.0,0.0,0.0,540.7035493977851,3846.765044845386,4800.0
2030-07-12 18:00:00,4303.585293445993,0.0,0.0,3348.960949988582,0.0,4800.0
2030-07-12 19:00:00,4303.585293445993,0.0,0.0,3348.960949988582,0.0,4800.0
2030-07-12 20:00:00,4303.585293445993,0.0,0.0,3348.960949988582,0.0,4800.0
2030-07-12 21:00:00,2664.710287419446,0.0,0.0,3348.960949988582,0.0,4800.0
2030-07-12 22:00:00,0.0,1349.8515642840832,0.0,2155.3793190945876,4800.0,2229.2704954965084
2030-07-12 23:00:00,0.0,1349.8515642840832,3297.08051538397,0.0,4800.0,0.0
2030-07-13 00:00:00,0.0,1349.8515642840832,3300.0,0.0,4800.0,0.0
2030-07-13 01:00:00,0.0,1349.8515642840832,3300.0,6.18479521315618,4800.0,0.0
2030-07-13 02:00:00,0.0,1349.8515642840832,3300.0,0.0,4800.0,0.0
2030-07-13 03:00:00,0.0,1054.2763863756793,3300.0,0.0,4800.0,0.0
2030-07-13 04:00:00,0.0,1349.8515642840832,3300.0,0.0,4800.0,0.0
2030-07-13 05:00:00,0.0,434.4491065346533,3300.0,0.0,4800.0,0.0
2030-07-13 06:00:00,0.0,1349.8515642840832,3300.0,66.57464540656434,4800.0,0.0
2030-07-13 07:00:00,0.0,1349.8515642840832,3300.0,0.0,4800.0,0.0
2030-07-13 08:00:00,0.0,1349.8515642840832,3300.0,0.0,4800.0,0.0
2030-07-13 09:00:00,0.0,1349.8515642840832,3300.0,0.0,4800.0,0.0
2030-07-13 10:00:00,0.0,1349.8515642840832,3300.0,0.0,4800.0,0.0
2030-07-13 11:00:00,0.0,1349.8515642840832,3300.0,0.0,4800.0,0.0
2030-07-13 12:00:00,0.0,1349.8515642840832,3300.0,0.0,4800.0,0.0
2030-07-13 13:00:00,0.0,1349.8515642840832,3300.0,0.0,4800.0,0.0
2030-07-13 14:00:00,0.0,1349.8515642840832,3300.0,0.0,4800.0,0.0
2030-07-13 15:00:00,0.0,1349.8515642840832,3300.0,0.0,4800.0,0.0
2030-07-13 16:00:00,0.0,1349.8515642840832,3300.0,0.0,4800.0,0.0
2030-07-13 17:00:00,0.0,1349.8515642840832,3300.0,0.0,4800.0,0.0
2030-07-13 18:00:00,2478.218447421381,0.0,0.0,3348.960949988582,0.0,4800.0
2030-07-13 19:00:00,4303.585293445993,0.0,0.0,3348.960949988582,0.0,4800.0
2030-07-13 20:00:00,4148.72650108963,0.0,0.0,3348.960949988582,0.0,4800.0
2030-07-13 21:00:00,4303.585293445993,0.0,97.49502693191607,3348.960949988582,0.0,4800.0
2030-07-13 22:00:00,2433.158994485922,0.0,0.0,3348.960949988582,0.0,4800.0
2030-07-13 23:00:00,2534.5702763209247,0.0,0.0,3348.960949988582,0.0,4800.0
2030-07-14 00:00:00,3043.12862460815,0.0,0.0,3348.960949988582,0.0,4800.0
2030-07-14 01:00:00,3093.877745930383,0.0,0.0,3348.960949988582,0.0,4800.0
2030-07-14 02:00:00,3304.9759633918447,0.0,0.0,3348.960949988582,0.0,4800.0
2030-07-14 03:00:00,3368.7996626914005,0.0,0.0,3348.960949988582,4800.0,4800.0
2030-07-14 04:00:00,3267.515898778315,0.0,0.0,3348.960949988582,0.0,4800.0
2030-07-14 05:00:00,0.0,216.4242689509406,0.0,0.0,1989.1126621002331,0.0
2030-07-14 06:00:00,0.0,0.0,0.0,0.0,0.0,1453.18125964731
2030-07-14 07:00:00,0.0,1349.8515642840832,0.0,0.0,59.62610824302101,0.0
2030-07-14 08:00:00,498.16349436326664,1349.8515642840832,0.0,0.0,4567.930650925853,0.0
2030-07-14 09:00:00,0.0,1349.8515642840832,3300.0,0.0,4800.0,0.0
2030-07-14 10:00:00,0.0,1349.8515642840832,690.1054265051207,0.0,4800.0,0.0
2030-07-14 11:00:00,0.0,1349.8515642840832,3300.0,0.0,4800.0,0.0
2030-07-14 12:00:00,0.0,1349.8515642840832,3300.0,0.0,4800.0,0.0
2030-07-14 13:00:00,0.0,1349.8515642840832,3300.0,0.0,4800.0,0.0
2030-07-14 14:00:00,0.0,1349.8515642840832,3300.0,0.0,4800.0,0.0
2030-07-14 15:00:00,0.0,1349.8515642840832,3300.0,0.0,4800.0,0.0
2030-07-14 16:00:00,0.0,1349.8515642840832,0.0,0.0,0.0,150.463031741765
2030-07-14 17:00:00,3080.9528140457733,0.0,0.0,2942.8863139522728,0.0,4800.0
2030-07-14 18:00:00,4303.585293445993,0.0,0.0,3348.960949988582,0.0,4800.0
2030-07-14 19:00:00,4303.585293445993,0.0,0.0,3348.960949988582,0.0,4800.0
2030-07-14 20:00:00,4303.585293445993,0.0,0.0,3348.960949988582,0.0,4800.0
2030-07-14 21:00:00,3198.4148661099825,0.0,0.0,3348.960949988582,0.0,4800.0
2030-07-14 22:00:00,521.0709398682325,1349.8515642840832,0.0,3348.960949988582,65.98168185778422,4800.0
2030-07-14 23:00:00,0.0,0.0,0.0,1348.7046187888473,2465.169993665382,4800.0
2030-07-15 00:00:00,1132.1809282532267,0.0,0.0,2098.516786152174,4800.0,4800.0
2030-07-15 01:00:00,0.0,1349.8515642840832,0.0,3348.960949988582,2278.370041781013,0.0
2030-07-15 02:00:00,0.0,1349.8515642840832,217.5615070172571,1966.2611381651573,4800.0,0.0
2030-07-15 03:00:00,0.0,1349.8515642840832,2365.450961953109,1234.3880959940134,4800.0,0.0
2030-07-15 04:00:00,0.0,0.0,2481.796303506068,0.0,4557.91137912211,0.0
2030-07-15 05:00:00,0.0,1349.8515642840832,3300.0,0.0,4800.0,0.0
2030-07-15 06:00:00,0.0,1349.8515642840832,3300.0,0.0,4800.0,0.0
2030-07-15 07:00:00,0.0,1349.8515642840832,3300.0,0.0,4800.0,0.0
2030-07-15 08:00:00,0.0,1349.8515642840832,3300.0,0.0,4800.0,0.0
2030-07-15 09:00:00,0.0,1349.8515642840832,3300.0,0.0,4800.0,0.0
2030-07-15 10:00:00,0.0,1349.8515642840832,3300.0,0.0,4800.0,0.0
2030-07-15 11:00:00,0.0,1349.8515642840832,3300.0,0.0,4800.0,0.0
2030-07-15 12:00:00,0.0,1349.8515642840832,3300.0,0.0,4800.0,0.0
2030-07-15 13:00:00,0.0,1349.8515642840832,3300.0,0.0,4800.0,0.0
2030-07-15 14:00:00,0.0,1349.8515642840832,3300.0,0.0,4800.0,0.0
2030-07-15 15:00:00,0.0,1349.8515642840832,3300.0,0.0,4800.0,0.0
2030-07-15 16:00:00,0.0,1349.8515642840832,3300.0,0.0,4800.0,0.0
2030-07-15 17:00:00,0.0,1349.8515642840832,3300.0,0.0,4800.0,0.0
2030-07-15 18:00:00,0.0,1349.8515642840832,3300.0,160.3595655352314,4800.0,0.0
2030-07-15 19:00:00,0.0,0.0,0.0,1291.6506386948863,4800.0,2147.82023677088
2030-07-15 20:00:00,0.0,0.0,0.0,1205.0078527878104,92.42049443991328,0.0
2030-07-15 21:00:00,0.0,1349.8515642840832,770.75268277336,1539.5117239033702,4800.0,0.0
2030-07-15 22:00:00,0.0,1349.8515642840832,3300.0,0.0,4800.0,0.0
2030-07-15 23:00:00,0.0,1349.8515642840832,3300.0,0.0,4800.0,0.0
2030-07-16 00:00:00,0.0,0.0,0.0,810.9096258278269,4800.0,0.0
2030-07-16 01:00:00,0.0,1349.8515642840832,0.0,3348.960949988582,0.0,2294.7203408960268
2030-07-16 02:00:00,0.0,0.0,0.0,724.969917948737,0.0,4800.0
2030-07-16 03:00:00,1493.8625418662095,701.5019930924691,0.0,3348.960949988582,0.0,4800.0
2030-07-16 04:00:00,4303.585293445993,0.0,1967.9441579238555,3348.960949988582,0.0,4800.0
2030-07-16 05:00:00,4303.585293445993,0.0,2600.167990849728,3348.960949988582,0.0,4800.0
2030-07-16 06:00:00,0.0,1349.8515642840832,0.0,3310.5264878099906,0.0,2516.527123253898
2030-07-16 07:00:00,2231.6667587142365,1349.8515642840832,0.0,3348.960949988582,0.0,2147.0656687496485
2030-07-16 08:00:00,0.0,1298.6864007689508,1351.6861494568257,0.0,4800.0,0.0
2030-07-16 09:00:00,0.0,1349.8515642840832,3300.0,0.0,4800.0,0.0
2030-07-16 10:00:00,0.0,1349.8515642840832,3300.0,0.0,4800.0,0.0
2030-07-16 11:00:00,0.0,1349.8515642840832,3300.0,0.0,4800.0,0.0
2030-07-16 12:00:00,0.0,1349.8515642840832,3300.0,0.0,4800.0,0.0
2030-07-16 13:00:00,0.0,1349.8515642840832,3300.0,0.0,4800.0,0.0
2030-07-16 14:00:00,0.0,1349.8515642840832,3300.0,0.0,4800.0,0.0
2030-07-16 15:00:00,0.0,1349.8515642840832,3300.0,0.0,4800.0,0.0
2030-07-16 16:00:00,0.0,1349.8515642840832,3300.0,0.0,4800.0,0.0
2030-07-16 17:00:00,2191.0768487497116,0.0,0.0,1597.0967789725585,0.0,4800.0
2030-07-16 18:00:00,4303.585293445993,0.0,0.0,3348.960949988582,0.0,4800.0
2030-07-16 19:00:00,4303.585293445993,0.0,0.0,3348.960949988582,0.0,4800.0
2030-07-16 20:00:00,4303.585293445993,0.0,0.0,3348.960949988582,0.0,4800.0
2030-07-16 21:00:00,0.0,1349.8515642840832,0.0,2139.371642294025,521.4587743880402,4800.0
2030-07-16 22:00:00,1084.4401592875975,1349.8515642840832,0.0,3348.960949988582,0.0,1483.000506314148
2030-07-16 23:00:00,0.0,0.0,839.2294463002836,4.6076232355412685,4800.0,0.0
2030-07-17 00:00:00,0.0,1349.8515642840832,3300.0,0.0,4800.0,0.0
2030-07-17 01:00:00,0.0,1349.8515642840832,3300.0,0.0,4800.0,0.0
2030-07-17 02:00:00,0.0,1349.8515642840832,3300.0,0.0,4800.0,0.0
2030-07-17 03:00:00,0.0,1166.3546072655763,3300.0,0.0,4800.0,0.0
2030-07-17 04:00:00,0.0,810.7464812448733,3300.0,0.0,4800.0,0.0
2030-07-17 05:00:00,0.0,1349.8515642840832,3300.0,713.5297929044124,4800.0,0.0
2030-07-17 06:00:00,0.0,1349.8515642840832,3300.0,0.0,4800.0,0.0
2030-07-17 07:00:00,0.0,1349.8515642840832,3300.0,0.0,4800.0,0.0
2030-07-17 08:00:00,0.0,1349.8515642840832,3300.0,0.0,4800.0,0.0
2030-07-17 09:00:00,0.0,1349.8515642840832,3300.0,0.0,4800.0,0.0
2030-07-17 10:00:00,0.0,1349.8515642840832,3300.0,0.0,4800.0,0.0
2030-07-17 11:00:00,0.0,1349.8515642840832,3300.0,0.0,4800.0,0.0
2030-07-17 12:00:00,0.0,1349.8515642840832,3300.0,0.0,4800.0,0.0
2030-07-17 13:00:00,0.0,1349.8515642840832,3300.0,0.0,4800.0,0.0
2030-07-17 14:00:00,0.0,1349.8515642840832,3300.0,0.0,4800.0,0.0
2030-07-17 15:00:00,0.0,1349.8515642840832,3300.0,0.0,4800.0,0.0
2030-07-17 16:00:00,0.0,1349.8515642840832,3300.0,0.0,4800.0,0.0
2030-07-17 17:00:00,0.0,1349.8515642840832,3300.0,0.0,4800.0,0.0
2030-07-17 18:00:00,0.0,1349.8515642840832,3300.0,0.0,4800.0,0.0
2030-07-17 19:00:00,0.0,1349.8515642840832,1473.1009996376088,498.7379308260284,4800.0,0.0
2030-07-17 20:00:00,0.0,1064.4139869326655,3300.0,0.0,4800.0,0.0
2030-07-17 21:00:00,0.0,1349.8515642840832,3300.0,0.0,4800.0,0.0
2030-07-17 22:00:00,0.0,1349.8515642840832,3300.0,0.0,4800.0,0.0
2030-07-17 23:00:00,0.0,1349.8515642840832,3300.0,0.0,4800.0,0.0
2030-07-18 00:00:00,0.0,1349.8515642840832,3300.0,0.0,4800.0,0.0
2030-07-18 01:00:00,0.0,1349.8515642840832,3300.0,0.0,4800.0,0.0
2030-07-18 02:00:00,0.0,1349.8515642840832,3300.0,0.0,4800.0,0.0
2030-07-18 03:00:00,0.0,1349.8515642840832,3300.0,0.0,4800.0,0.0
2030-07-18 04:00:00,0.0,1349.8515642840832,3300.0,0.0,4800.0,0.0
2030-07-18 05:00:00,0.0,1349.8515642840832,3300.0,0.0,4800.0,0.0
2030-07-18 06:00:00,0.0,1349.8515642840832,3300.0,0.0,4800.0,0.0
2030-07-18 07:00:00,0.0,1349.8515642840832,3300.0,0.0,4800.0,0.0
2030-07-18 08:00:00,0.0,1349.8515642840832,3300.0,0.0,4800.0,0.0
2030-07-18 09:00:00,0.0,1349.8515642840832,3300.0,0.0,4800.0,0.0
2030-07-18 10:00:00,0.0,1349.8515642840832,3300.0,0.0,4800.0,0.0
2030-07-18 11:00:00,0.0,1349.8515642840832,3300.0,0.0,4800.0,0.0
2030-07-18 12:00:00,0.0,1349.8515642840832,3300.0,0.0,4800.0,0.0
2030-07-18 13:00:00,0.0,1349.8515642840832,3300.0,0.0,4800.0,0.0
2030-07-18 14:00:00,0.0,1349.8515642840832,3300.0,0.0,4800.0,0.0
2030-07-18 15:00:00,0.0,1349.8515642840832,3300.0,0.0,4800.0,0.0
2030-07-18 16:00:00,0.0,1349.8515642840832,3300.0,0.0,4800.0,0.0
2030-07-18 17:00:00,0.0,1349.8515642840832,3300.0,0.0,4800.0,0.0
2030-07-18 18:00:00,0.0,1349.8515642840832,3300.0,0.0,4800.0,0.0
2030-07-18 19:00:00,0.0,1349.8515642840832,0.0,2881.8648086783196,2009.8217428917778,0.0
2030-07-18 20:00:00,0.0,0.0,872.0560026887629,0.0,4800.0,1323.1815741643309
2030-07-18 21:00:00,0.0,0.0,0.0,625.5451896851298,4800.0,2463.528335941548
2030-07-18 22:00:00,0.0,0.0,715.6705064226551,0.0,4800.0,0.0
2030-07-18 23:00:00,0.0,1349.8515642840832,3003.306125913339,0.0,4800.0,0.0
2030-07-19 00:00:00,0.0,1349.8515642840832,1996.7981172213476,0.0,4800.0,0.0
2030-07-19 01:00:00,0.0,1349.8515642840832,1713.298537724193,1371.2908937337752,4800.0,0.0
2030-07-19 02:00:00,0.0,1126.013324945232,1474.457415724355,0.0,4800.0,0.0
2030-07-19 03:00:00,0.0,0.0,0.0,638.5958926352662,3794.147414619634,0.0
2030-07-19 04:00:00,0.0,0.0,0.0,1187.316359572138,2228.6412699944412,4800.0
2030-07-19 05:00:00,0.0,1349.8515642840832,3300.0,0.0,2456.8334869021273,0.0
2030-07-19 06:00:00,0.0,0.0,156.7282288745398,0.0,3689.7207806567467,0.0
2030-07-19 07:00:00,0.0,1349.8515642840832,3300.0,0.0,4800.0,0.0
2030-07-19 08:00:00,0.0,1349.8515642840832,3300.0,0.0,4800.0,0.0
2030-07-19 09:00:00,0.0,1349.8515642840832,3300.0,0.0,4800.0,0.0
2030-07-19 10:00:00,0.0,1349.8515642840832,3300.0,0.0,4800.0,0.0
2030-07-19 11:00:00,0.0,1349.8515642840832,3300.0,0.0,4800.0,0.0
2030-07-19 12:00:00,0.0,1349.8515642840832,3300.0,0.0,4800.0,0.0
2030-07-19 13:00:00,0.0,1349.8515642840832,3300.0,0.0,4800.0,0.0
2030-07-19 14:00:00,0.0,1349.8515642840832,3300.0,0.0,4800.0,0.0
2030-07-19 15:00:00,0.0,1349.8515642840832,3300.0,0.0,4800.0,0.0
2030-07-19 16:00:00,0.0,1349.8515642840832,3300.0,0.0,4800.0,0.0
2030-07-19 17:00:00,0.0,1349.8515642840832,3300.0,0.0,4800.0,0.0
2030-07-19 18:00:00,0.0,0.0,0.0,704.5216672886818,0.0,3306.980396915307
2030-07-19 19:00:00,2943.19166942629,0.0,0.0,3348.960949988582,0.0,4800.0
2030-07-19 20:00:00,2423.9025235753415,0.0,0.0,3348.960949988582,0.0,4800.0
2030-07-19 21:00:00,0.0,0.0,0.0,648.7348338195543,0.0,4493.464287446644
2030-07-19 22:00:00,0.0,1349.8515642840832,3300.0,0.0,4800.0,0.0
2030-07-19 23:00:00,0.0,1349.8515642840832,3300.0,0.0,4800.0,0.0
2030-07-20 00:00:00,0.0,1349.8515642840832,3300.0,0.0,4800.0,0.0
2030-07-20 01:00:00,0.0,1349.8515642840832,3300.0,0.0,4800.0,0.0
2030-07-20 02:00:00,0.0,1349.8515642840832,3300.0,0.0,4800.0,0.0
2030-07-20 03:00:00,0.0,1349.8515642840832,3300.0,393.26973786426765,4800.0,0.0
2030-07-20 04:00:00,0.0,1349.8515642840832,3300.0,0.0,4800.0,0.0
2030-07-20 05:00:00,0.0,1349.8515642840832,3300.0,1100.12472104792,4800.0,0.0
2030-07-20 06:00:00,0.0,1349.8515642840832,3300.0,0.0,4800.0,0.0
2030-07-20 07:00:00,0.0,1349.8515642840832,3300.0,0.0,4800.0,0.0
2030-07-20 08:00:00,0.0,1349.8515642840832,3300.0,0.0,4800.0,0.0
2030-07-20 09:00:00,0.0,1349.8515642840832,3300.0,0.0,4800.0,0.0
2030-07-20 10:00:00,0.0,1349.8515642840832,3300.0,0.0,4800.0,0.0
2030-07-20 11:00:00,0.0,1349.8515642840832,3300.0,0.0,4800.0,0.0
2030-07-20 12:00:00,0.0,1349.8515642840832,3300.0,0.0,4800.0,0.0
2030-07-20 13:00:00,0.0,1349.8515642840832,3300.0,0.0,4800.0,0.0
2030-07-20 14:00:00,0.0,1349.8515642840832,3300.0,0.0,4800.0,0.0
2030-07-20 15:00:00,0.0,1349.8515642840832,3300.0,0.0,4800.0,0.0
2030-07-20 16:00:00,0.0,1349.8515642840832,3300.0,0.0,4800.0,0.0
2030-07-20 17:00:00,0.0,1349.8515642840832,3300.0,0.0,4800.0,0.0
2030-07-20 18:00:00,0.0,1349.8515642840832,3300.0,0.0,4800.0,0.0
2030-07-20 19:00:00,0.0,1349.8515642840832,3300.0,0.0,4800.0,0.0
2030-07-20 20:00:00,0.0,1349.8515642840832,3300.0,0.0,4800.0,0.0
2030-07-20 21:00:00,0.0,1349.8515642840832,3300.0,0.0,4800.0,0.0
2030-07-20 22:00:00,0.0,1349.8515642840832,3300.0,281.7852687874577,4800.0,0.0
2030-07-20 23:00:00,0.0,1349.8515642840832,3300.0,0.0,4800.0,0.0
2030-07-21 00:00:00,0.0,1349.8515642840832,3300.0,0.0,4800.0,0.0
2030-07-21 01:00:00,0.0,1349.8515642840832,3300.0,0.0,4800.0,0.0
2030-07-21 02:00:00,0.0,1283.4921321640854,3300.0,0.0,4800.0,0.0
2030-07-21 03:00:00,0.0,1349.8515642840832,3300.0,57.530535300308706,4800.0,0.0
2030-07-21 04:00:00,0.0,0.0,1927.5643694733662,203.13498120702297,4800.0,0.0
2030-07-21 05:00:00,0.0,1349.8515642840832,3300.0,0.0,4800.0,0.0
2030-07-21 06:00:00,0.0,1349.8515642840832,3300.0,0.0,4800.0,0.0
2030-07-21 07:00:00,0.0,1349.8515642840832,3300.0,0.0,4800.0,0.0
2030-07-21 08:00:00,0.0,1349.8515642840832,3300.0,0.0,4800.0,0.0
2030-07-21 09:00:00,0.0,1349.8515642840832,3300.0,0.0,4800.0,0.0
2030-07-21 10:00:00,0.0,1349.8515642840832,3300.0,0.0,4800.0,0.0
2030-07-21 11:00:00,0.0,1349.8515642840832,3300.0,0.0,4800.0,0.0
2030-07-21 12:00:00,0.0,1349.8515642840832,3300.0,0.0,4800.0,0.0
2030-07-21 13:00:00,0.0,1349.8515642840832,3300.0,0.0,4800.0,0.0
2030-07-21 14:00:00,0.0,1349.8515642840832,3300.0,0.0,4800.0,0.0
2030-07-21 15:00:00,0.0,1349.8515642840832,3300.0,0.0,4800.0,0.0
2030-07-21 16:00:00,0.0,1349.8515642840832,0.0,2191.777380707237,3768.3794329887132,0.0
2030-07-21 17:00:00,4303.585293445993,0.0,0.0,3348.960949988582,0.0,4800.0
2030-07-21 18:00:00,4303.585293445993,0.0,0.0,3348.960949988582,0.0,4800.0
2030-07-21 19:00:00,4303.585293445993,0.0,0.0,3348.960949988582,0.0,4800.0
2030-07-21 20:00:00,4303.585293445993,0.0,0.0,3348.960949988582,0.0,4800.0
2030-07-21 21:00:00,4303.585293445993,0.0,0.0,3348.960949988582,0.0,4800.0
2030-07-21 22:00:00,4303.585293445993,0.0,0.0,3348.960949988582,0.0,4800.0
2030-07-21 23:00:00,4303.585293445993,0.0,0.0,3348.960949988582,0.0,4800.0
2030-07-22 00:00:00,4303.585293445993,0.0,0.0,3348.960949988582,0.0,4800.0
2030-07-22 01:00:00,4303.585293445993,0.0,0.0,3348.960949988582,0.0,4800.0
2030-07-22 02:00:00,4303.585293445993,0.0,0.0,3348.960949988582,0.0,4800.0
2030-07-22 03:00:00,4303.585293445993,0.0,0.0,3348.960949988582,0.0,4800.0
2030-07-22 04:00:00,4303.585293445993,0.0,0.0,3348.960949988582,0.0,4800.0
2030-07-22 05:00:00,4303.585293445993,0.0,0.0,3348.960949988582,0.0,4800.0
2030-07-22 06:00:00,4042.8276167849635,0.0,0.0,3348.960949988582,0.0,4800.0
2030-07-22 07:00:00,0.0,1349.8515642840832,0.0,1175.7749519980243,4800.0,155.11791388483834
2030-07-22 08:00:00,0.0,1349.8515642840832,3300.0,0.0,4800.0,0.0
2030-07-22 09:00:00,0.0,1349.8515642840832,3300.0,0.0,4800.0,0.0
2030-07-22 10:00:00,0.0,1349.8515642840832,3300.0,0.0,4800.0,0.0
2030-07-22 11:00:00,0.0,1349.8515642840832,3300.0,0.0,4800.0,0.0
2030-07-22 12:00:00,0.0,1349.8515642840832,3300.0,0.0,4800.0,0.0
2030-07-22 13:00:00,0.0,1349.8515642840832,3300.0,0.0,4800.0,0.0
2030-07-22 14:00:00,0.0,1349.8515642840832,3300.0,0.0,4800.0,0.0
2030-07-22 15:00:00,0.0,1349.8515642840832,3300.0,0.0,4800.0,0.0
2030-07-22 16:00:00,0.0,1349.8515642840832,3300.0,0.0,4800.0,0.0
2030-07-22 17:00:00,4303.585293445993,0.0,0.0,3348.960949988582,0.0,4800.0
2030-07-22 18:00:00,4303.585293445993,0.0,0.0,3348.960949988582,0.0,4800.0
2030-07-22 19:00:00,4303.585293445993,0.0,0.0,3348.960949988582,0.0,4800.0
2030-07-22 20:00:00,4303.585293445993,0.0,0.0,3348.960949988582,0.0,4800.0
2030-07-22 21:00:00,4303.585293445993,0.0,0.0,3348.960949988582,0.0,4800.0
2030-07-22 22:00:00,4303.585293445993,0.0,0.0,3348.960949988582,0.0,4800.0
2030-07-22 23:00:00,4303.585293445993,0.0,0.0,3348.960949988582,0.0,4800.0
2030-07-23 00:00:00,4303.585293445993,0.0,0.0,3348.960949988582,0.0,4800.0
2030-07-23 01:00:00,4303.585293445993,0.0,0.0,3348.960949988582,0.0,4800.0
2030-07-23 02:00:00,4303.585293445993,0.0,0.0,3348.960949988582,0.0,4800.0
2030-07-23 03:00:00,4303.585293445993,0.0,0.0,3348.960949988582,0.0,4800.0
2030-07-23 04:00:00,4303.585293445993,0.0,0.0,3348.960949988582,0.0,4800.0
2030-07-23 05:00:00,4303.585293445993,0.0,0.0,3348.960949988582,0.0,4800.0
2030-07-23 06:00:00,4303.585293445993,0.0,0.0,3348.960949988582,0.0,4800.0
2030-07-23 07:00:00,4303.585293445993,0.0,0.0,3348.960949988582,0.0,4800.0
2030-07-23 08:00:00,2372.671688243442,1349.8515642840832,0.0,2985.417825127657,0.0,4800.0
2030-07-23 09:00:00,0.0,1349.8515642840832,0.0,0.0,4800.0,0.0
2030-07-23 10:00:00,0.0,1349.8515642840832,248.11356556661974,0.0,4800.0,0.0
2030-07-23 11:00:00,0.0,1349.8515642840832,2531.392468040806,0.0,4800.0,0.0
2030-07-23 12:00:00,0.0,1349.8515642840832,279.9778609045243,0.0,4800.0,0.0
2030-07-23 13:00:00,0.0,1349.8515642840832,2512.2955525102807,0.0,4800.0,0.0
2030-07-23 14:00:00,474.3209958771031,1349.8515642840832,0.0,0.0,4800.0,0.0
2030-07-23 15:00:00,984.4113476364835,1349.8515642840832,0.0,0.0,4597.870638399798,4800.0
2030-07-23 16:00:00,4303.585293445993,0.0,0.0,1953.6475112914854,0.0,4800.0
2030-07-23 17:00:00,4303.585293445993,0.0,0.0,3348.960949988582,0.0,4800.0
2030-07-23 18:00:00,4303.585293445993,0.0,0.0,3348.960949988582,0.0,4800.0
2030-07-23 19:00:00,4303.585293445993,0.0,0.0,3348.960949988582,0.0,4800.0
2030-07-23 20:00:00,4303.585293445993,0.0,0.0,3348.960949988582,0.0,4800.0
2030-07-23 21:00:00,4303.585293445993,0.0,0.0,3348.960949988582,0.0,4800.0
2030-07-23 22:00:00,4303.585293445993,0.0,0.0,3348.960949988582,0.0,4800.0
2030-07-23 23:00:00,4303.585293445993,0.0,0.0,3348.960949988582,0.0,4800.0
2030-07-24 00:00:00,4303.585293445993,0.0,0.0,3348.960949988582,0.0,4800.0
2030-07-24 01:00:00,4303.585293445993,0.0,0.0,3348.960949988582,0.0,4800.0
2030-07-24 02:00:00,4303.585293445993,0.0,0.0,3348.960949988582,0.0,4800.0
2030-07-24 03:00:00,4303.585293445993,0.0,0.0,3348.960949988582,0.0,4800.0
2030-07-24 04:00:00,4303.585293445993,0.0,0.0,3348.960949988582,0.0,4800.0
2030-07-24 05:00:00,4303.585293445993,0.0,0.0,3348.960949988582,0.0,4800.0
2030-07-24 06:00:00,0.0,1349.8515642840832,0.0,1516.5951654985943,4800.0,2874.546320455189
2030-07-24 07:00:00,0.0,1349.8515642840832,3300.0,0.0,4800.0,0.0
2030-07-24 08:00:00,0.0,1349.8515642840832,3300.0,0.0,4800.0,0.0
2030-07-24 09:00:00,0.0,1349.8515642840832,3300.0,0.0,4800.0,0.0
2030-07-24 10:00:00,0.0,1349.8515642840832,3300.0,0.0,4800.0,0.0
2030-07-24 11:00:00,0.0,1349.8515642840832,3300.0,0.0,4800.0,0.0
2030-07-24 12:00:00,0.0,1349.8515642840832,3300.0,0.0,4800.0,0.0
2030-07-24 13:00:00,0.0,1349.8515642840832,3300.0,0.0,4800.0,0.0
2030-07-24 14:00:00,0.0,1349.8515642840832,3300.0,0.0,4800.0,0.0
2030-07-24 15:00:00,0.0,1349.8515642840832,3300.0,0.0,4800.0,0.0
2030-07-24 16:00:00,0.0,1349.8515642840832,3300.0,0.0,4800.0,0.0
2030-07-24 17:00:00,4303.585293445993,0.0,0.0,3348.960949988582,0.0,4800.0
2030-07-24 18:00:00,4303.585293445993,1073.5159787192679,0.0,3348.960949988582,0.0,4800.0
2030-07-24 19:00:00,4303.585293445993,0.0,0.0,3348.960949988582,0.0,4800.0
2030-07-24 20:00:00,4303.585293445993,0.0,0.0,3348.960949988582,0.0,4800.0
2030-07-24 21:00:00,4303.585293445993,682.0661043999717,0.0,3348.960949988582,0.0,4800.0
2030-07-24 22:00:00,4303.585293445993,0.0,0.0,3348.960949988582,0.0,4800.0
2030-07-24 23:00:00,3690.4349952487028,0.0,0.0,3348.960949988582,0.0,4800.0
2030-07-25 00:00:00,4303.585293445993,0.0,0.0,3348.960949988582,0.0,4800.0
2030-07-25 01:00:00,4303.585293445993,0.0,0.0,3348.960949988582,0.0,4800.0
2030-07-25 02:00:00,4303.585293445993,0.0,0.0,3348.960949988582,0.0,4800.0
2030-07-25 03:00:00,4303.585293445993,0.0,0.0,3348.960949988582,0.0,4800.0
2030-07-25 04:00:00,4303.585293445993,0.0,0.0,3348.960949988582,0.0,4800.0
2030-07-25 05:00:00,4303.585293445993,0.0,0.0,3348.960949988582,0.0,4800.0
2030-07-25 06:00:00,4303.585293445993,0.0,0.0,3348.960949988582,0.0,4800.0
2030-07-25 07:00:00,2120.3419778687276,0.0,0.0,579.0389728783975,0.0,4800.0
2030-07-25 08:00:00,0.0,1349.8515642840832,3300.0,0.0,4800.0,0.0
2030-07-25 09:00:00,0.0,1349.8515642840832,3300.0,0.0,4800.0,0.0
2030-07-25 10:00:00,0.0,1349.8515642840832,3300.0,0.0,4800.0,0.0
2030-07-25 11:00:00,0.0,1349.8515642840832,3300.0,0.0,4800.0,0.0
2030-07-25 12:00:00,0.0,1349.8515642840832,3300.0,0.0,4800.0,0.0
2030-07-25 13:00:00,0.0,1349.8515642840832,3300.0,0.0,4800.0,0.0
2030-07-25 14:00:00,0.0,1349.8515642840832,3300.0,0.0,4800.0,0.0
2030-07-25 15:00:00,0.0,1349.8515642840832,3300.0,0.0,4800.0,0.0
2030-07-25 16:00:00,4303.585293445993,909.0670201306585,0.0,3348.960949988582,0.0,4800.0
2030-07-25 17:00:00,4303.585293445993,0.0,0.0,393.1083235430124,0.0,4800.0
2030-07-25 18:00:00,4303.585293445993,1349.8515642840832,0.0,0.0,0.0,4800.0
2030-07-25 19:00:00,4303.585293445993,1349.8515642840832,0.0,0.0,0.0,4800.0
2030-07-25 20:00:00,4303.585293445993,1349.8515642840832,0.0,0.0,0.0,4800.0
2030-07-25 21:00:00,4303.585293445993,1349.8515642840832,0.0,0.0,0.0,4800.0
2030-07-25 22:00:00,4303.585293445993,1349.8515642840832,0.0,0.0,0.0,4800.0
2030-07-25 23:00:00,4303.585293445993,0.0,0.0,162.15915899291576,0.0,4800.0
2030-07-26 00:00:00,4303.585293445993,721.7345251764709,0.0,0.0,0.0,4800.0
2030-07-26 01:00:00,4303.585293445993,1349.8515642840832,0.0,2501.450082059295,0.0,4800.0
2030-07-26 02:00:00,4303.585293445993,1349.8515642840832,0.0,2785.330555307213,0.0,4800.0
2030-07-26 03:00:00,4303.585293445993,0.0,0.0,3348.960949988582,0.0,4800.0
2030-07-26 04:00:00,4303.585293445993,0.0,0.0,3348.960949988582,0.0,4800.0
2030-07-26 05:00:00,4303.585293445993,0.0,0.0,3348.960949988582,0.0,4800.0
2030-07-26 06:00:00,4303.585293445993,0.0,0.0,3348.960949988582,0.0,4800.0
2030-07-26 07:00:00,4303.585293445993,0.0,0.0,3348.960949988582,0.0,4800.0
2030-07-26 08:00:00,4273.06290031826,1349.8515642840832,0.0,3348.960949988582,0.0,4800.0
2030-07-26 09:00:00,0.0,1349.8515642840832,1333.5340424321128,0.0,4800.0,0.0
2030-07-26 10:00:00,0.0,1349.8515642840832,3300.0,0.0,4800.0,0.0
2030-07-26 11:00:00,0.0,1349.8515642840832,3300.0,0.0,4800.0,0.0
2030-07-26 12:00:00,0.0,1349.8515642840832,3300.0,0.0,4800.0,0.0
2030-07-26 13:00:00,0.0,1349.8515642840832,3300.0,0.0,4800.0,0.0
2030-07-26 14:00:00,0.0,1349.8515642840832,982.8326742715764,0.0,4800.0,0.0
2030-07-26 15:00:00,4303.585293445993,1349.8515642840832,0.0,2417.7579404385583,0.0,4800.0
2030-07-26 16:00:00,4303.585293445993,1028.8464817403947,0.0,3348.960949988582,0.0,4800.0
2030-07-26 17:00:00,4303.585293445993,1349.8515642840832,0.0,0.0,0.0,4800.0
2030-07-26 18:00:00,4303.585293445993,1349.8515642840832,0.0,0.0,0.0,4800.0
2030-07-26 19:00:00,4303.585293445993,1349.8515642840832,0.0,0.0,0.0,4800.0
2030-07-26 20:00:00,4303.585293445993,1349.8515642840832,0.0,0.0,0.0,4800.0
2030-07-26 21:00:00,4303.585293445993,1349.8515642840832,0.0,0.0,0.0,4800.0
2030-07-26 22:00:00,4303.585293445993,1072.9831411400592,0.0,0.0,0.0,4800.0
2030-07-26 23:00:00,4303.585293445993,259.08435229087627,0.0,3348.960949988582,0.0,4800.0
2030-07-27 00:00:00,4303.585293445993,1306.853638571105,0.0,3348.960949988582,0.0,4800.0
2030-07-27 01:00:00,4303.585293445993,0.0,0.0,3348.960949988582,0.0,4800.0
2030-07-27 02:00:00,4303.585293445993,0.0,0.0,2930.0984542349543,0.0,4800.0
2030-07-27 03:00:00,4303.585293445993,0.0,0.0,3348.960949988582,0.0,4800.0
2030-07-27 04:00:00,4303.585293445993,0.0,0.0,3348.960949988582,0.0,4800.0
2030-07-27 05:00:00,4303.585293445993,0.0,0.0,3348.960949988582,0.0,4800.0
2030-07-27 06:00:00,4303.585293445993,0.0,0.0,3348.960949988582,0.0,4800.0
2030-07-27 07:00:00,4303.585293445993,0.0,0.0,2808.0566074006647,0.0,4800.0
2030-07-27 08:00:00,4014.347032387696,0.0,0.0,2253.9059267793036,4800.0,4800.0
2030-07-27 09:00:00,0.0,1349.8515642840832,3300.0,0.0,4800.0,0.0
2030-07-27 10:00:00,0.0,1349.8515642840832,3300.0,0.0,4800.0,0.0
2030-07-27 11:00:00,0.0,1349.8515642840832,3300.0,0.0,4800.0,0.0
2030-07-27 12:00:00,0.0,1349.8515642840832,3300.0,0.0,4800.0,0.0
2030-07-27 13:00:00,0.0,1349.8515642840832,3300.0,0.0,4800.0,0.0
2030-07-27 14:00:00,1447.5799781573257,1349.8515642840832,0.0,0.0,1427.478464679329,0.0
2030-07-27 15:00:00,4303.585293445993,1349.8515642840832,0.0,2511.860360676041,0.0,4800.0
2030-07-27 16:00:00,4303.585293445993,0.0,0.0,3348.960949988582,0.0,4800.0
2030-07-27 17:00:00,4303.585293445993,1349.8515642840832,0.0,3188.774423983399,0.0,4800.0
2030-07-27 18:00:00,4303.585293445993,1349.8515642840832,0.0,128.083300964121,0.0,4800.0
2030-07-27 19:00:00,4303.585293445993,0.0,0.0,949.5877597867511,0.0,4800.0
2030-07-27 20:00:00,4303.585293445993,0.0,0.0,2940.3481306386675,0.0,4800.0
2030-07-27 21:00:00,4303.585293445993,142.44495034746797,0.0,0.0,0.0,4800.0
2030-07-27 22:00:00,4303.585293445993,0.0,0.0,1036.0518384680472,0.0,4800.0
2030-07-27 23:00:00,4303.585293445993,0.0,0.0,3348.960949988582,0.0,4800.0
2030-07-28 00:00:00,4303.585293445993,0.0,0.0,3348.960949988582,0.0,4800.0
2030-07-28 01:00:00,4303.585293445993,0.0,0.0,3348.960949988582,0.0,4800.0
2030-07-28 02:00:00,4303.585293445993,0.0,0.0,3348.960949988582,0.0,4800.0
2030-07-28 03:00:00,4303.585293445993,0.0,0.0,3348.960949988582,0.0,4800.0
2030-07-28 04:00:00,4303.585293445993,0.0,0.0,3348.960949988582,0.0,4800.0
2030-07-28 05:00:00,4303.585293445993,0.0,0.0,3348.960949988582,0.0,4800.0
2030-07-28 06:00:00,4303.585293445993,0.0,0.0,3348.960949988582,0.0,4800.0
2030-07-28 07:00:00,4303.585293445993,1349.8515642840832,0.0,3348.960949988582,0.0,4800.0
2030-07-28 08:00:00,0.0,1349.8515642840832,2187.927389029824,0.0,4800.0,0.0
2030-07-28 09:00:00,0.0,1349.8515642840832,3300.0,0.0,4800.0,0.0
2030-07-28 10:00:00,0.0,1349.8515642840832,3300.0,0.0,4800.0,0.0
2030-07-28 11:00:00,0.0,1349.8515642840832,3300.0,0.0,4800.0,0.0
2030-07-28 12:00:00,0.0,1349.8515642840832,3300.0,0.0,4800.0,0.0
2030-07-28 13:00:00,0.0,1349.8515642840832,3300.0,0.0,4800.0,0.0
2030-07-28 14:00:00,0.0,1349.8515642840832,3300.0,0.0,4800.0,0.0
2030-07-28 15:00:00,0.0,1349.8515642840832,2755.5163646693954,0.0,4800.0,0.0
2030-07-28 16:00:00,4303.585293445993,0.0,0.0,2419.260475065955,0.0,4800.0
2030-07-28 17:00:00,4303.585293445993,0.0,0.0,3348.960949988582,0.0,4800.0
2030-07-28 18:00:00,4303.585293445993,0.0,0.0,3348.960949988582,0.0,4800.0
2030-07-28 19:00:00,4303.585293445993,0.0,0.0,3348.960949988582,0.0,4800.0
2030-07-28 20:00:00,4303.585293445993,0.0,0.0,3348.960949988582,0.0,4800.0
2030-07-28 21:00:00,4303.585293445993,0.0,0.0,3348.960949988582,0.0,4800.0
2030-07-28 22:00:00,4303.585293445993,0.0,0.0,3348.960949988582,0.0,4800.0
2030-07-28 23:00:00,4303.585293445993,0.0,0.0,3348.960949988582,0.0,4800.0
2030-07-29 00:00:00,4303.585293445993,0.0,0.0,3348.960949988582,0.0,4800.0
2030-07-29 01:00:00,4303.585293445993,0.0,0.0,3348.960949988582,0.0,4800.0
2030-07-29 02:00:00,4303.585293445993,0.0,0.0,3348.960949988582,0.0,4800.0
2030-07-29 03:00:00,4303.585293445993,0.0,0.0,3348.960949988582,0.0,4800.0
2030-07-29 04:00:00,4303.585293445993,0.0,0.0,3348.960949988582,0.0,4800.0
2030-07-29 05:00:00,4053.4206321948805,0.0,0.0,3348.960949988582,0.0,4800.0
2030-07-29 06:00:00,0.0,1349.8515642840832,1700.670974830642,0.0,4800.0,0.0
2030-07-29 07:00:00,0.0,1349.8515642840832,3300.0,0.0,4800.0,0.0
2030-07-29 08:00:00,0.0,1349.8515642840832,3300.0,0.0,4800.0,0.0
2030-07-29 09:00:00,0.0,1349.8515642840832,3300.0,0.0,4800.0,0.0
2030-07-29 10:00:00,0.0,1349.8515642840832,3300.0,0.0,4800.0,0.0
2030-07-29 11:00:00,0.0,1349.8515642840832,3300.0,0.0,4800.0,0.0
2030-07-29 12:00:00,0.0,1349.8515642840832,3300.0,0.0,4800.0,0.0
2030-07-29 13:00:00,0.0,1349.8515642840832,3300.0,0.0,4800.0,0.0
2030-07-29 14:00:00,0.0,1349.8515642840832,3300.0,0.0,4800.0,0.0
2030-07-29 15:00:00,0.0,1349.8515642840832,3300.0,0.0,4800.0,0.0
2030-07-29 16:00:00,4303.585293445993,0.0,0.0,2285.8576579954774,0.0,4800.0
2030-07-29 17:00:00,4303.585293445993,0.0,0.0,3348.960949988582,0.0,4800.0
2030-07-29 18:00:00,4303.585293445993,0.0,0.0,3348.960949988582,0.0,4800.0
2030-07-29 19:00:00,4303.585293445993,0.0,0.0,3348.960949988582,0.0,4800.0
2030-07-29 20:00:00,4303.585293445993,0.0,0.0,3348.960949988582,0.0,4800.0
2030-07-29 21:00:00,4303.585293445993,0.0,0.0,3348.960949988582,0.0,4800.0
2030-07-29 22:00:00,4303.585293445993,0.0,0.0,3348.960949988582,0.0,4800.0
2030-07-29 23:00:00,4303.585293445993,0.0,0.0,3348.960949988582,0.0,4800.0
2030-07-30 00:00:00,4303.585293445993,0.0,0.0,3348.960949988582,0.0,4800.0
2030-07-30 01:00:00,4303.585293445993,0.0,0.0,3348.960949988582,0.0,4800.0
2030-07-30 02:00:00,4303.585293445993,0.0,0.0,3348.960949988582,0.0,4800.0
2030-07-30 03:00:00,4303.585293445993,0.0,0.0,3348.960949988582,0.0,4800.0
2030-07-30 04:00:00,4303.585293445993,0.0,0.0,3348.960949988582,0.0,4800.0
2030-07-30 05:00:00,4303.585293445993,0.0,0.0,3348.960949988582,0.0,4800.0
2030-07-30 06:00:00,4303.585293445993,0.0,0.0,3348.960949988582,0.0,4800.0
2030-07-30 07:00:00,4303.585293445993,0.0,0.0,3348.960949988582,0.0,4800.0
2030-07-30 08:00:00,4303.585293445993,0.0,0.0,3348.960949988582,0.0,4800.0
2030-07-30 09:00:00,0.0,1349.8515642840832,0.0,0.0,1695.7899641134318,0.0
2030-07-30 10:00:00,0.0,1349.8515642840832,3300.0,0.0,4800.0,0.0
2030-07-30 11:00:00,0.0,1349.8515642840832,3300.0,0.0,4800.0,0.0
2030-07-30 12:00:00,0.0,1349.8515642840832,3300.0,0.0,4800.0,0.0
2030-07-30 13:00:00,0.0,1349.8515642840832,3300.0,0.0,4800.0,0.0
2030-07-30 14:00:00,0.0,1349.8515642840832,3300.0,0.0,4800.0,0.0
2030-07-30 15:00:00,0.0,1349.8515642840832,3300.0,0.0,4800.0,0.0
2030-07-30 16:00:00,3411.81848181046,0.0,0.0,2353.236546681381,0.0,4800.0
2030-07-30 17:00:00,4303.585293445993,0.0,0.0,3348.960949988582,0.0,4800.0
2030-07-30 18:00:00,4303.585293445993,0.0,0.0,3348.960949988582,0.0,4800.0
2030-07-30 19:00:00,4303.585293445993,0.0,0.0,3348.960949988582,0.0,4800.0
2030-07-30 20:00:00,4303.585293445993,0.0,0.0,3348.960949988582,0.0,4800.0
2030-07-30 21:00:00,4303.585293445993,0.0,0.0,3348.960949988582,0.0,4800.0
2030-07-30 22:00:00,4303.585293445993,0.0,0.0,3348.960949988582,0.0,4800.0
2030-07-30 23:00:00,4303.585293445993,0.0,0.0,3348.960949988582,0.0,4800.0
2030-07-31 00:00:00,4303.585293445993,0.0,0.0,3348.960949988582,0.0,4800.0
2030-07-31 01:00:00,4303.585293445993,0.0,0.0,3348.960949988582,0.0,4800.0
2030-07-31 02:00:00,4303.585293445993,0.0,0.0,3348.960949988582,0.0,4800.0
2030-07-31 03:00:00,4303.585293445993,0.0,0.0,3348.960949988582,0.0,4800.0
2030-07-31 04:00:00,4303.585293445993,0.0,0.0,3348.960949988582,0.0,4800.0
2030-07-31 05:00:00,4303.585293445993,0.0,0.0,3348.960949988582,0.0,4800.0
2030-07-31 06:00:00,4303.585293445993,0.0,0.0,3348.960949988582,0.0,4800.0
2030-07-31 07:00:00,4303.585293445993,0.0,0.0,3348.960949988582,0.0,4800.0
2030-07-31 08:00:00,0.0,1349.8515642840832,0.0,798.4677164959303,1728.4995610357328,0.0
2030-07-31 09:00:00,0.0,1349.8515642840832,3300.0,0.0,4800.0,0.0
2030-07-31 10:00:00,0.0,1349.8515642840832,3300.0,0.0,4800.0,0.0
2030-07-31 11:00:00,0.0,1349.8515642840832,3300.0,0.0,4800.0,0.0
2030-07-31 12:00:00,0.0,1349.8515642840832,3300.0,0.0,4800.0,0.0
2030-07-31 13:00:00,0.0,1349.8515642840832,3300.0,0.0,4800.0,0.0
2030-07-31 14:00:00,0.0,1349.8515642840832,3300.0,0.0,4800.0,0.0
2030-07-31 15:00:00,0.0,1349.8515642840832,3300.0,0.0,4800.0,0.0
2030-07-31 16:00:00,582.3608917438153,1349.8515642840832,0.0,0.0,4791.794296597208,4800.0
2030-07-31 17:00:00,4303.585293445993,0.0,0.0,3348.960949988582,0.0,4800.0
2030-07-31 18:00:00,4303.585293445993,0.0,0.0,3348.960949988582,0.0,4800.0
2030-07-31 19:00:00,4303.585293445993,0.0,0.0,3348.960949988582,0.0,4800.0
2030-07-31 20:00:00,4303.585293445993,0.0,0.0,3348.960949988582,0.0,4800.0
2030-07-31 21:00:00,4303.585293445993,0.0,0.0,2350.5852608002388,0.0,4800.0
2030-07-31 22:00:00,4303.585293445993,0.0,0.0,2503.538388546287,0.0,4800.0
2030-07-31 23:00:00,4303.585293445993,0.0,0.0,3348.960949988582,0.0,4800.0
2030-08-01 00:00:00,4303.585293445993,0.0,0.0,3348.960949988582,0.0,4800.0
2030-08-01 01:00:00,4303.585293445993,0.0,0.0,3348.960949988582,0.0,4800.0
2030-08-01 02:00:00,4303.585293445993,0.0,0.0,3348.960949988582,0.0,4800.0
2030-08-01 03:00:00,4303.585293445993,0.0,0.0,3348.960949988582,0.0,4800.0
2030-08-01 04:00:00,4303.585293445993,0.0,0.0,3348.960949988582,0.0,4800.0
2030-08-01 05:00:00,4303.585293445993,0.0,0.0,3348.960949988582,0.0,4800.0
2030-08-01 06:00:00,4303.585293445993,0.0,0.0,3348.960949988582,0.0,4800.0
2030-08-01 07:00:00,4303.585293445993,0.0,0.0,2528.846402546633,0.0,4800.0
2030-08-01 08:00:00,784.0216776334715,1349.8515642840832,0.0,0.0,0.0,4135.901802191008
2030-08-01 09:00:00,0.0,1349.8515642840832,442.1741172196489,0.0,4800.0,0.0
2030-08-01 10:00:00,0.0,1349.8515642840832,3300.0,0.0,4800.0,0.0
2030-08-01 11:00:00,0.0,1349.8515642840832,3300.0,0.0,4800.0,0.0
2030-08-01 12:00:00,0.0,1349.8515642840832,2562.552965202053,0.0,4800.0,0.0
2030-08-01 13:00:00,3201.066241418615,1349.8515642840832,0.0,0.0,4800.0,3896.4559667141043
2030-08-01 14:00:00,4303.585293445993,730.6739371107069,0.0,0.0,0.0,4800.0
2030-08-01 15:00:00,4303.585293445993,81.67913076628201,0.0,0.0,0.0,4800.0
2030-08-01 16:00:00,4303.585293445993,1349.8515642840832,0.0,2433.02386660273,0.0,4800.0
2030-08-01 17:00:00,4303.585293445993,0.0,0.0,2663.1766911802765,0.0,4800.0
2030-08-01 18:00:00,4303.585293445993,0.0,0.0,313.0786241652386,0.0,4800.0
2030-08-01 19:00:00,4303.585293445993,0.0,0.0,1575.5550940641406,0.0,4800.0
2030-08-01 20:00:00,4303.585293445993,171.42755479305924,0.0,3348.960949988582,0.0,4800.0
2030-08-01 21:00:00,4303.585293445993,0.0,0.0,856.6325805567176,0.0,4800.0
2030-08-01 22:00:00,4303.585293445993,0.0,0.0,2078.174425545578,0.0,4800.0
2030-08-01 23:00:00,4303.585293445993,0.0,0.0,3348.960949988582,0.0,4800.0
2030-08-02 00:00:00,4303.585293445993,0.0,0.0,3348.960949988582,0.0,4800.0
2030-08-02 01:00:00,4303.585293445993,0.0,0.0,3348.960949988582,0.0,4800.0
2030-08-02 02:00:00,4303.585293445993,0.0,0.0,3348.960949988582,0.0,4800.0
2030-08-02 03:00:00,4303.585293445993,0.0,0.0,3348.960949988582,0.0,4800.0
2030-08-02 04:00:00,4303.585293445993,0.0,0.0,3348.960949988582,0.0,4800.0
2030-08-02 05:00:00,4303.585293445993,0.0,0.0,3348.960949988582,0.0,4800.0
2030-08-02 06:00:00,4303.585293445993,0.0,0.0,3348.960949988582,0.0,4800.0
2030-08-02 07:00:00,4303.585293445993,91.66344964891073,0.0,3348.960949988582,0.0,4800.0
2030-08-02 08:00:00,4303.585293445993,0.0,0.0,1663.0844007166907,0.0,4800.0
2030-08-02 09:00:00,0.0,1349.8515642840832,3300.0,0.0,4800.0,0.0
2030-08-02 10:00:00,0.0,1349.8515642840832,3300.0,0.0,4800.0,0.0
2030-08-02 11:00:00,0.0,1349.8515642840832,3300.0,0.0,4800.0,0.0
2030-08-02 12:00:00,0.0,1349.8515642840832,3300.0,0.0,4800.0,0.0
2030-08-02 13:00:00,0.0,1349.8515642840832,3300.0,0.0,4800.0,0.0
2030-08-02 14:00:00,0.0,1349.8515642840832,3300.0,0.0,4800.0,0.0
2030-08-02 15:00:00,456.3180387143366,1349.8515642840832,0.0,0.0,4800.0,0.0
2030-08-02 16:00:00,4303.585293445993,0.0,0.0,2726.5090127504595,0.0,4800.0
2030-08-02 17:00:00,4303.585293445993,0.0,0.0,3348.960949988582,0.0,4800.0
2030-08-02 18:00:00,4303.585293445993,0.0,0.0,3348.960949988582,0.0,4800.0
2030-08-02 19:00:00,4303.585293445993,0.0,0.0,3348.960949988582,0.0,4800.0
2030-08-02 20:00:00,4303.585293445993,0.0,0.0,3348.960949988582,0.0,4800.0
2030-08-02 21:00:00,1963.7372207485096,0.0,0.0,3348.960949988582,0.0,4800.0
2030-08-02 22:00:00,0.0,1349.8515642840832,3300.0,0.0,4800.0,0.0
2030-08-02 23:00:00,0.0,1349.8515642840832,3300.0,0.0,4800.0,0.0
2030-08-03 00:00:00,0.0,1349.8515642840832,3300.0,0.0,4800.0,0.0
2030-08-03 01:00:00,0.0,1349.8515642840832,3300.0,0.0,4800.0,0.0
2030-08-03 02:00:00,0.0,1349.8515642840832,3300.0,0.0,4800.0,0.0
2030-08-03 03:00:00,0.0,0.0,0.0,921.776803896722,4800.0,0.0
2030-08-03 04:00:00,29.694582586825163,0.0,0.0,1663.6652338285276,0.0,4800.0
2030-08-03 05:00:00,2596.8540076358186,0.0,0.0,3348.960949988582,0.0,4800.0
2030-08-03 06:00:00,0.0,1349.8515642840832,0.0,2214.183818380544,4177.521982306884,4800.0
2030-08-03 07:00:00,0.0,1349.8515642840832,3300.0,0.0,4800.0,0.0
2030-08-03 08:00:00,0.0,1349.8515642840832,3300.0,0.0,4800.0,0.0
2030-08-03 09:00:00,0.0,1349.8515642840832,3300.0,0.0,4800.0,0.0
2030-08-03 10:00:00,0.0,1349.8515642840832,3300.0,0.0,4800.0,0.0
2030-08-03 11:00:00,0.0,1349.8515642840832,3300.0,0.0,4800.0,0.0
2030-08-03 12:00:00,0.0,1349.8515642840832,3300.0,0.0,4800.0,0.0
2030-08-03 13:00:00,0.0,1349.8515642840832,3300.0,0.0,4800.0,0.0
2030-08-03 14:00:00,0.0,1349.8515642840832,3300.0,0.0,4800.0,0.0
2030-08-03 15:00:00,348.86137803633756,1349.8515642840832,0.0,0.0,4800.0,4800.0
2030-08-03 16:00:00,4303.585293445993,107.19143599270842,0.0,3348.960949988582,0.0,4800.0
2030-08-03 17:00:00,4303.585293445993,0.0,0.0,3348.960949988582,0.0,4800.0
2030-08-03 18:00:00,4303.585293445993,0.0,0.0,3348.960949988582,0.0,4800.0
2030-08-03 19:00:00,4303.585293445993,0.0,0.0,3348.960949988582,0.0,4800.0
2030-08-03 20:00:00,4303.585293445993,0.0,0.0,3348.960949988582,0.0,4800.0
2030-08-03 21:00:00,4303.585293445993,0.0,0.0,3348.960949988582,0.0,4800.0
2030-08-03 22:00:00,4303.585293445993,0.0,0.0,3348.960949988582,0.0,4800.0
2030-08-03 23:00:00,4303.585293445993,0.0,0.0,3348.960949988582,0.0,4800.0
2030-08-04 00:00:00,4303.585293445993,0.0,0.0,3348.960949988582,0.0,4800.0
2030-08-04 01:00:00,4303.585293445993,0.0,0.0,3348.960949988582,0.0,4800.0
2030-08-04 02:00:00,4303.585293445993,0.0,0.0,3348.960949988582,0.0,4800.0
2030-08-04 03:00:00,4303.585293445993,0.0,0.0,3348.960949988582,0.0,4800.0
2030-08-04 04:00:00,4303.585293445993,0.0,0.0,3348.960949988582,0.0,4800.0
2030-08-04 05:00:00,4303.585293445993,0.0,0.0,3348.960949988582,0.0,4800.0
2030-08-04 06:00:00,4303.585293445993,0.0,0.0,3348.960949988582,0.0,4800.0
2030-08-04 07:00:00,4303.585293445993,0.0,0.0,3348.960949988582,0.0,4800.0
2030-08-04 08:00:00,990.2565432363363,0.0,0.0,0.0,3547.3369966196346,4800.0
2030-08-04 09:00:00,0.0,1349.8515642840832,3300.0,0.0,4800.0,0.0
2030-08-04 10:00:00,0.0,1349.8515642840832,3300.0,0.0,4800.0,0.0
2030-08-04 11:00:00,0.0,1349.8515642840832,3300.0,0.0,4800.0,0.0
2030-08-04 12:00:00,0.0,1349.8515642840832,3300.0,0.0,4800.0,0.0
2030-08-04 13:00:00,0.0,1349.8515642840832,3300.0,0.0,4800.0,0.0
2030-08-04 14:00:00,2138.7921918509182,1349.8515642840832,0.0,0.0,4800.0,0.0
2030-08-04 15:00:00,4303.585293445993,1349.8515642840832,0.0,3348.960949988582,0.0,4800.0
2030-08-04 16:00:00,4303.585293445993,808.7207264695647,0.0,3348.960949988582,0.0,4800.0
2030-08-04 17:00:00,4303.585293445993,0.0,0.0,3348.960949988582,0.0,4800.0
2030-08-04 18:00:00,4303.585293445993,0.0,0.0,3348.960949988582,0.0,4800.0
2030-08-04 19:00:00,4303.585293445993,0.0,0.0,3348.960949988582,0.0,4800.0
2030-08-04 20:00:00,4303.585293445993,0.0,0.0,3348.960949988582,0.0,4800.0
2030-08-04 21:00:00,4303.585293445993,0.0,0.0,3348.960949988582,0.0,4800.0
2030-08-04 22:00:00,4303.585293445993,0.0,0.0,3348.960949988582,0.0,4800.0
2030-08-04 23:00:00,4303.585293445993,0.0,0.0,3348.960949988582,0.0,4800.0
2030-08-05 00:00:00,4303.585293445993,0.0,0.0,3348.960949988582,0.0,4800.0
2030-08-05 01:00:00,4303.585293445993,0.0,0.0,3348.960949988582,0.0,4800.0
2030-08-05 02:00:00,4303.585293445993,0.0,0.0,3348.960949988582,0.0,4800.0
2030-08-05 03:00:00,4303.585293445993,0.0,0.0,3348.960949988582,0.0,4800.0
2030-08-05 04:00:00,4303.585293445993,0.0,0.0,3348.960949988582,0.0,4800.0
2030-08-05 05:00:00,4303.585293445993,0.0,0.0,3348.960949988582,0.0,4800.0
2030-08-05 06:00:00,4303.585293445993,0.0,0.0,3348.960949988582,0.0,4800.0
2030-08-05 07:00:00,4303.585293445993,0.0,0.0,1964.5386063740307,0.0,4800.0
2030-08-05 08:00:00,1225.2508117774191,1349.8515642840832,0.0,0.0,0.0,1314.815721310259
2030-08-05 09:00:00,0.0,1349.8515642840832,3300.0,0.0,4800.0,0.0
2030-08-05 10:00:00,0.0,1349.8515642840832,3300.0,0.0,4800.0,0.0
2030-08-05 11:00:00,0.0,1349.8515642840832,3300.0,0.0,4800.0,0.0
2030-08-05 12:00:00,0.0,1349.8515642840832,3300.0,0.0,4800.0,0.0
2030-08-05 13:00:00,0.0,1349.8515642840832,3300.0,0.0,4800.0,0.0
2030-08-05 14:00:00,0.0,1349.8515642840832,3300.0,0.0,4800.0,0.0
2030-08-05 15:00:00,1557.2090606484028,1349.8515642840832,0.0,0.0,4800.0,4116.73766399415
2030-08-05 16:00:00,4303.585293445993,0.0,0.0,1748.3185542321398,0.0,4800.0
2030-08-05 17:00:00,4303.585293445993,0.0,0.0,3348.960949988582,0.0,4800.0
2030-08-05 18:00:00,4303.585293445993,0.0,0.0,3348.960949988582,0.0,4800.0
2030-08-05 19:00:00,4303.585293445993,0.0,0.0,3348.960949988582,0.0,4800.0
2030-08-05 20:00:00,4303.585293445993,0.0,0.0,3348.960949988582,0.0,4800.0
2030-08-05 21:00:00,4303.585293445993,0.0,0.0,3348.960949988582,0.0,4800.0
2030-08-05 22:00:00,4303.585293445993,0.0,0.0,3348.960949988582,0.0,4800.0
2030-08-05 23:00:00,4303.585293445993,0.0,0.0,3348.960949988582,0.0,4800.0
2030-08-06 00:00:00,4303.585293445993,0.0,0.0,3348.960949988582,0.0,4800.0
2030-08-06 01:00:00,4303.585293445993,0.0,0.0,3348.960949988582,0.0,4800.0
2030-08-06 02:00:00,4303.585293445993,0.0,0.0,3348.960949988582,0.0,4800.0
2030-08-06 03:00:00,4303.585293445993,0.0,0.0,3348.960949988582,0.0,4800.0
2030-08-06 04:00:00,4303.585293445993,0.0,0.0,3348.960949988582,0.0,4800.0
2030-08-06 05:00:00,4303.585293445993,0.0,0.0,3348.960949988582,0.0,4800.0
2030-08-06 06:00:00,4303.585293445993,0.0,0.0,3348.960949988582,0.0,4800.0
2030-08-06 07:00:00,4303.585293445993,0.0,0.0,3348.960949988582,0.0,4800.0
2030-08-06 08:00:00,4303.585293445993,0.0,0.0,3348.960949988582,0.0,4800.0
2030-08-06 09:00:00,4303.585293445993,0.0,0.0,3348.960949988582,0.0,4800.0
2030-08-06 10:00:00,4303.585293445993,0.0,0.0,3348.960949988582,0.0,4800.0
2030-08-06 11:00:00,4303.585293445993,0.0,0.0,2650.3608833162352,0.0,4800.0
2030-08-06 12:00:00,4303.585293445993,1349.8515642840832,0.0,3348.960949988582,0.0,4800.0
2030-08-06 13:00:00,4303.585293445993,0.0,0.0,1071.9167363541942,0.0,4800.0
2030-08-06 14:00:00,4303.585293445993,1349.8515642840832,0.0,2368.8380980613642,0.0,4800.0
2030-08-06 15:00:00,4303.585293445993,1280.1884593962516,0.0,3348.960949988582,0.0,4800.0
2030-08-06 16:00:00,4303.585293445993,0.0,0.0,3348.960949988582,0.0,4800.0
2030-08-06 17:00:00,4303.585293445993,0.0,0.0,3348.960949988582,0.0,4800.0
2030-08-06 18:00:00,4303.585293445993,0.0,0.0,3348.960949988582,0.0,4800.0
2030-08-06 19:00:00,4303.585293445993,0.0,0.0,3348.960949988582,0.0,4800.0
2030-08-06 20:00:00,4303.585293445993,0.0,0.0,3348.960949988582,0.0,4800.0
2030-08-06 21:00:00,4303.585293445993,0.0,0.0,3348.960949988582,0.0,4800.0
2030-08-06 22:00:00,4303.585293445993,0.0,0.0,3348.960949988582,0.0,4800.0
2030-08-06 23:00:00,4303.585293445993,0.0,0.0,3348.960949988582,0.0,4800.0
2030-08-07 00:00:00,4303.585293445993,0.0,0.0,3348.960949988582,0.0,4800.0
2030-08-07 01:00:00,4303.585293445993,0.0,0.0,3348.960949988582,0.0,4800.0
2030-08-07 02:00:00,4303.585293445993,0.0,0.0,3348.960949988582,0.0,4800.0
2030-08-07 03:00:00,4303.585293445993,0.0,0.0,3348.960949988582,0.0,4800.0
2030-08-07 04:00:00,4303.585293445993,0.0,0.0,3348.960949988582,0.0,4800.0
2030-08-07 05:00:00,4303.585293445993,0.0,0.0,3348.960949988582,0.0,4800.0
2030-08-07 06:00:00,4303.585293445993,0.0,0.0,3348.960949988582,0.0,4800.0
2030-08-07 07:00:00,4303.585293445993,0.0,0.0,3348.960949988582,0.0,4800.0
2030-08-07 08:00:00,0.0,1349.8515642840832,0.0,2595.7469053415234,4800.0,1220.1611136617357
2030-08-07 09:00:00,0.0,1349.8515642840832,3300.0,0.0,4800.0,0.0
2030-08-07 10:00:00,0.0,1349.8515642840832,3300.0,0.0,4800.0,0.0
2030-08-07 11:00:00,0.0,1349.8515642840832,3300.0,0.0,4800.0,0.0
2030-08-07 12:00:00,0.0,1349.8515642840832,3300.0,0.0,4800.0,0.0
2030-08-07 13:00:00,0.0,1349.8515642840832,3300.0,0.0,4800.0,0.0
2030-08-07 14:00:00,0.0,1349.8515642840832,3300.0,0.0,4800.0,0.0
2030-08-07 15:00:00,0.0,1349.8515642840832,3300.0,0.0,4800.0,0.0
2030-08-07 16:00:00,0.0,1349.8515642840832,810.8420893294679,1806.3156352783922,4800.0,0.0
2030-08-07 17:00:00,4069.002869607866,0.0,0.0,3348.960949988582,0.0,4800.0
2030-08-07 18:00:00,4303.585293445993,0.0,0.0,3348.960949988582,0.0,4800.0
2030-08-07 19:00:00,4303.585293445993,0.0,0.0,3348.960949988582,0.0,4800.0
2030-08-07 20:00:00,3848.0972548211575,0.0,0.0,3348.960949988582,0.0,4800.0
2030-08-07 21:00:00,0.0,0.0,925.0878916100287,0.0,4800.0,3564.3295813508544
2030-08-07 22:00:00,0.0,1349.8515642840832,3300.0,0.0,4800.0,0.0
2030-08-07 23:00:00,0.0,1349.8515642840832,3300.0,0.0,4800.0,0.0
2030-08-08 00:00:00,0.0,1349.8515642840832,3300.0,0.0,4800.0,0.0
2030-08-08 01:00:00,0.0,1349.8515642840832,3300.0,0.0,4800.0,0.0
2030-08-08 02:00:00,0.0,1349.8515642840832,3300.0,0.0,4800.0,0.0
2030-08-08 03:00:00,0.0,1349.8515642840832,3300.0,238.00061925275406,4800.0,0.0
2030-08-08 04:00:00,0.0,1349.8515642840832,3300.0,0.0,4800.0,0.0
2030-08-08 05:00:00,0.0,1349.8515642840832,3300.0,0.0,4800.0,0.0
2030-08-08 06:00:00,0.0,1349.8515642840832,3300.0,0.0,4800.0,0.0
2030-08-08 07:00:00,0.0,1349.8515642840832,3300.0,0.0,4800.0,0.0
2030-08-08 08:00:00,0.0,1349.8515642840832,3300.0,0.0,4800.0,0.0
2030-08-08 09:00:00,0.0,1349.8515642840832,3300.0,0.0,4800.0,0.0
2030-08-08 10:00:00,0.0,1349.8515642840832,3300.0,0.0,4800.0,0.0
2030-08-08 11:00:00,0.0,1349.8515642840832,3300.0,0.0,4800.0,0.0
2030-08-08 12:00:00,0.0,1349.8515642840832,3300.0,0.0,4800.0,0.0
2030-08-08 13:00:00,0.0,1349.8515642840832,3300.0,0.0,4800.0,0.0
2030-08-08 14:00:00,0.0,1349.8515642840832,3300.0,0.0,4800.0,0.0
2030-08-08 15:00:00,0.0,1349.8515642840832,3300.0,0.0,4800.0,0.0
2030-08-08 16:00:00,0.0,1349.8515642840832,3300.0,0.0,4800.0,0.0
2030-08-08 17:00:00,0.0,44.087559637420554,0.0,0.0,2516.213862276287,4800.0
2030-08-08 18:00:00,4303.585293445993,0.0,0.0,3348.960949988582,0.0,4800.0
2030-08-08 19:00:00,4303.585293445993,0.0,0.0,3348.960949988582,0.0,4800.0
2030-08-08 20:00:00,4303.585293445993,0.0,0.0,3348.960949988582,0.0,4800.0
2030-08-08 21:00:00,4303.585293445993,0.0,0.0,3348.960949988582,0.0,4800.0
2030-08-08 22:00:00,4303.585293445993,0.0,0.0,3348.960949988582,0.0,4800.0
2030-08-08 23:00:00,4303.585293445993,0.0,0.0,3348.960949988582,0.0,4800.0
2030-08-09 00:00:00,4303.585293445993,0.0,0.0,3348.960949988582,0.0,4800.0
2030-08-09 01:00:00,4303.585293445993,0.0,0.0,3348.960949988582,0.0,4800.0
2030-08-09 02:00:00,4303.585293445993,0.0,0.0,3348.960949988582,0.0,4800.0
2030-08-09 03:00:00,4303.585293445993,0.0,0.0,3348.960949988582,0.0,4800.0
2030-08-09 04:00:00,4303.585293445993,0.0,0.0,3348.960949988582,0.0,4800.0
2030-08-09 05:00:00,4303.585293445993,0.0,0.0,3348.960949988582,0.0,4800.0
2030-08-09 06:00:00,4303.585293445993,0.0,0.0,3348.960949988582,0.0,4800.0
2030-08-09 07:00:00,2458.0507658872666,0.0,0.0,1385.8936450114682,0.0,4800.0
2030-08-09 08:00:00,0.0,1349.8515642840832,3300.0,0.0,4800.0,0.0
2030-08-09 09:00:00,0.0,1349.8515642840832,3300.0,0.0,4800.0,0.0
2030-08-09 10:00:00,0.0,1349.8515642840832,3300.0,0.0,4800.0,0.0
2030-08-09 11:00:00,0.0,1349.8515642840832,3300.0,0.0,4800.0,0.0
2030-08-09 12:00:00,0.0,1349.8515642840832,3300.0,0.0,4800.0,0.0
2030-08-09 13:00:00,0.0,1349.8515642840832,3300.0,0.0,4800.0,0.0
2030-08-09 14:00:00,0.0,1349.8515642840832,3300.0,0.0,4800.0,0.0
2030-08-09 15:00:00,562.2324881821986,1349.8515642840832,0.0,0.0,0.0,1385.4803451429725
2030-08-09 16:00:00,4303.585293445993,732.523048231869,0.0,3348.960949988582,0.0,4800.0
2030-08-09 17:00:00,4303.585293445993,0.0,0.0,3348.960949988582,0.0,4800.0
2030-08-09 18:00:00,4303.585293445993,0.0,0.0,3348.960949988582,0.0,4800.0
2030-08-09 19:00:00,4303.585293445993,0.0,0.0,3348.960949988582,0.0,4800.0
2030-08-09 20:00:00,4303.585293445993,0.0,0.0,3348.960949988582,0.0,4800.0
2030-08-09 21:00:00,4303.585293445993,0.0,0.0,3348.960949988582,0.0,4800.0
2030-08-09 22:00:00,4303.585293445993,0.0,0.0,3348.960949988582,0.0,4800.0
2030-08-09 23:00:00,4303.585293445993,0.0,0.0,3348.960949988582,0.0,4800.0
2030-08-10 00:00:00,4303.585293445993,0.0,0.0,3348.960949988582,0.0,4800.0
2030-08-10 01:00:00,4303.585293445993,0.0,0.0,3348.960949988582,0.0,4800.0
2030-08-10 02:00:00,4303.585293445993,0.0,0.0,3348.960949988582,0.0,4800.0
2030-08-10 03:00:00,4303.585293445993,0.0,0.0,3348.960949988582,0.0,4800.0
2030-08-10 04:00:00,4303.585293445993,0.0,0.0,3348.960949988582,0.0,4800.0
2030-08-10 05:00:00,4303.585293445993,0.0,0.0,3348.960949988582,0.0,4800.0
2030-08-10 06:00:00,4303.585293445993,0.0,0.0,3348.960949988582,0.0,4800.0
2030-08-10 07:00:00,4303.585293445993,0.0,0.0,3348.960949988582,0.0,4800.0
2030-08-10 08:00:00,4303.585293445993,0.0,0.0,2182.8637182745647,0.0,4800.0
2030-08-10 09:00:00,842.02013094214,1349.8515642840832,0.0,0.0,0.0,3203.6612074055474
2030-08-10 10:00:00,770.6317451844334,1349.8515642840832,0.0,0.0,4800.0,0.0
2030-08-10 11:00:00,0.0,1349.8515642840832,1765.0393719140666,0.0,4800.0,0.0
2030-08-10 12:00:00,0.0,1349.8515642840832,1233.1460109141876,0.0,4800.0,0.0
2030-08-10 13:00:00,0.0,1349.8515642840832,0.0,0.0,4800.0,0.0
2030-08-10 14:00:00,1020.1300245409413,1349.8515642840832,0.0,0.0,4800.0,2588.4777799448557
2030-08-10 15:00:00,3797.3513477570705,0.0,0.0,1323.7654859776658,0.0,4800.0
2030-08-10 16:00:00,4303.585293445993,237.28429066720162,0.0,3348.960949988582,0.0,4800.0
2030-08-10 17:00:00,4303.585293445993,0.0,0.0,3348.960949988582,0.0,4800.0
2030-08-10 18:00:00,4303.585293445993,0.0,0.0,3348.960949988582,0.0,4800.0
2030-08-10 19:00:00,4303.585293445993,0.0,0.0,3348.960949988582,0.0,4800.0
2030-08-10 20:00:00,4303.585293445993,0.0,0.0,3348.960949988582,0.0,4800.0
2030-08-10 21:00:00,4303.585293445993,0.0,0.0,3348.960949988582,0.0,4800.0
2030-08-10 22:00:00,4303.585293445993,0.0,0.0,3348.960949988582,0.0,4800.0
2030-08-10 23:00:00,4303.585293445993,0.0,0.0,3348.960949988582,0.0,4800.0
2030-08-11 00:00:00,4303.585293445993,0.0,0.0,3348.960949988582,0.0,4800.0
2030-08-11 01:00:00,4303.585293445993,0.0,0.0,3348.960949988582,0.0,4800.0
2030-08-11 02:00:00,4303.585293445993,0.0,0.0,3348.960949988582,0.0,4800.0
2030-08-11 03:00:00,4303.585293445993,0.0,0.0,3348.960949988582,0.0,4800.0
2030-08-11 04:00:00,4303.585293445993,0.0,0.0,3348.960949988582,0.0,4800.0
2030-08-11 05:00:00,4303.585293445993,0.0,0.0,3348.960949988582,0.0,4800.0
2030-08-11 06:00:00,4303.585293445993,0.0,0.0,3348.960949988582,0.0,4800.0
2030-08-11 07:00:00,4303.585293445993,1127.5459955760841,0.0,3348.960949988582,0.0,4800.0
2030-08-11 08:00:00,1331.231742904918,1349.8515642840832,0.0,0.0,4800.0,0.0
2030-08-11 09:00:00,0.0,1349.8515642840832,3300.0,0.0,4800.0,0.0
2030-08-11 10:00:00,0.0,1349.8515642840832,3300.0,0.0,4800.0,0.0
2030-08-11 11:00:00,0.0,1349.8515642840832,3300.0,0.0,4800.0,0.0
2030-08-11 12:00:00,0.0,1349.8515642840832,3300.0,0.0,4800.0,0.0
2030-08-11 13:00:00,0.0,1349.8515642840832,3300.0,0.0,4800.0,0.0
2030-08-11 14:00:00,0.0,1349.8515642840832,3300.0,0.0,4800.0,0.0
2030-08-11 15:00:00,822.8750352371607,1349.8515642840832,0.0,0.0,3632.8143341827163,0.0
2030-08-11 16:00:00,4303.585293445993,1158.1374557042454,0.0,3348.960949988582,0.0,4800.0
2030-08-11 17:00:00,4303.585293445993,0.0,0.0,3348.960949988582,0.0,4800.0
2030-08-11 18:00:00,4303.585293445993,0.0,0.0,3348.960949988582,0.0,4800.0
2030-08-11 19:00:00,4303.585293445993,0.0,0.0,3348.960949988582,0.0,4800.0
2030-08-11 20:00:00,4303.585293445993,0.0,0.0,3348.960949988582,0.0,4800.0
2030-08-11 21:00:00,4303.585293445993,0.0,0.0,3348.960949988582,0.0,4800.0
2030-08-11 22:00:00,4303.585293445993,0.0,0.0,3348.960949988582,0.0,4800.0
2030-08-11 23:00:00,4303.585293445993,0.0,0.0,3348.960949988582,0.0,4800.0
2030-08-12 00:00:00,4303.585293445993,0.0,0.0,3348.960949988582,0.0,4800.0
2030-08-12 01:00:00,4303.585293445993,0.0,0.0,3348.960949988582,0.0,4800.0
2030-08-12 02:00:00,4303.585293445993,0.0,0.0,3348.960949988582,0.0,4800.0
2030-08-12 03:00:00,4303.585293445993,0.0,0.0,3348.960949988582,0.0,4800.0
2030-08-12 04:00:00,4303.585293445993,0.0,0.0,3348.960949988582,0.0,4800.0
2030-08-12 05:00:00,4303.585293445993,0.0,0.0,3348.960949988582,0.0,4800.0
2030-08-12 06:00:00,4303.585293445993,0.0,0.0,3348.960949988582,0.0,4800.0
2030-08-12 07:00:00,4303.585293445993,0.0,0.0,1822.232050104083,0.0,4800.0
2030-08-12 08:00:00,1622.8823504515715,1349.8515642840832,0.0,0.0,4232.516411409637,0.0
2030-08-12 09:00:00,0.0,1349.8515642840832,3300.0,0.0,4800.0,0.0
2030-08-12 10:00:00,0.0,1349.8515642840832,3300.0,0.0,4800.0,0.0
2030-08-12 11:00:00,0.0,1349.8515642840832,3300.0,0.0,4800.0,0.0
2030-08-12 12:00:00,0.0,1349.8515642840832,3300.0,0.0,4800.0,0.0
2030-08-12 13:00:00,0.0,1349.8515642840832,2617.718868421988,0.0,4800.0,0.0
2030-08-12 14:00:00,2204.3907301764175,1349.8515642840832,0.0,0.0,4800.0,0.0
2030-08-12 15:00:00,3103.730607363772,1349.8515642840832,0.0,3.799904772839909,0.0,4800.0
2030-08-12 16:00:00,4303.585293445993,1349.8515642840832,0.0,3032.9368080651802,0.0,4800.0
2030-08-12 17:00:00,4303.585293445993,0.0,0.0,3348.960949988582,0.0,4800.0
2030-08-12 18:00:00,4303.585293445993,0.0,0.0,3348.960949988582,0.0,4800.0
2030-08-12 19:00:00,4303.585293445993,0.0,0.0,3348.960949988582,0.0,4800.0
2030-08-12 20:00:00,4303.585293445993,0.0,0.0,3348.960949988582,0.0,4800.0
2030-08-12 21:00:00,4303.585293445993,0.0,0.0,3348.960949988582,0.0,4800.0
2030-08-12 22:00:00,4303.585293445993,0.0,0.0,3348.960949988582,0.0,4800.0
2030-08-12 23:00:00,4303.585293445993,0.0,0.0,3348.960949988582,0.0,4800.0
2030-08-13 00:00:00,4303.585293445993,0.0,0.0,3348.960949988582,0.0,4800.0
2030-08-13 01:00:00,4303.585293445993,0.0,0.0,3348.960949988582,0.0,4800.0
2030-08-13 02:00:00,4303.585293445993,0.0,0.0,3348.960949988582,0.0,4800.0
2030-08-13 03:00:00,4303.585293445993,0.0,0.0,3348.960949988582,0.0,4800.0
2030-08-13 04:00:00,4303.585293445993,0.0,0.0,3348.960949988582,0.0,4800.0
2030-08-13 05:00:00,4303.585293445993,0.0,0.0,3348.960949988582,0.0,4800.0
2030-08-13 06:00:00,4303.585293445993,0.0,0.0,3348.960949988582,0.0,4800.0
2030-08-13 07:00:00,4303.585293445993,0.0,0.0,3348.960949988582,0.0,4800.0
2030-08-13 08:00:00,0.0,1349.8515642840832,1061.903275746863,0.0,4800.0,0.0
2030-08-13 09:00:00,0.0,1349.8515642840832,3300.0,0.0,4800.0,0.0
2030-08-13 10:00:00,0.0,1349.8515642840832,3300.0,0.0,4800.0,0.0
2030-08-13 11:00:00,0.0,1349.8515642840832,3300.0,0.0,4800.0,0.0
2030-08-13 12:00:00,0.0,1349.8515642840832,3300.0,0.0,4800.0,0.0
2030-08-13 13:00:00,0.0,1349.8515642840832,3300.0,0.0,4800.0,0.0
2030-08-13 14:00:00,0.0,1349.8515642840832,3300.0,0.0,4800.0,0.0
2030-08-13 15:00:00,0.0,1349.8515642840832,0.0,0.0,0.0,957.7297144202003
2030-08-13 16:00:00,4303.585293445993,0.0,0.0,3280.495954816927,0.0,4800.0
2030-08-13 17:00:00,4303.585293445993,0.0,0.0,3348.960949988582,0.0,4800.0
2030-08-13 18:00:00,4303.585293445993,0.0,0.0,3348.960949988582,0.0,4800.0
2030-08-13 19:00:00,4303.585293445993,0.0,0.0,3348.960949988582,0.0,4800.0
2030-08-13 20:00:00,4303.585293445993,0.0,0.0,3348.960949988582,0.0,4800.0
2030-08-13 21:00:00,4303.585293445993,0.0,0.0,3348.960949988582,0.0,4800.0
2030-08-13 22:00:00,4303.585293445993,0.0,0.0,3348.960949988582,0.0,4800.0
2030-08-13 23:00:00,4303.585293445993,0.0,0.0,3348.960949988582,0.0,4800.0
2030-08-14 00:00:00,4303.585293445993,0.0,0.0,3348.960949988582,0.0,4800.0
2030-08-14 01:00:00,4303.585293445993,0.0,0.0,3348.960949988582,0.0,4800.0
2030-08-14 02:00:00,4303.585293445993,0.0,0.0,3348.960949988582,0.0,4800.0
2030-08-14 03:00:00,4303.585293445993,0.0,0.0,3348.960949988582,0.0,4800.0
2030-08-14 04:00:00,4303.585293445993,0.0,0.0,3348.960949988582,0.0,4800.0
2030-08-14 05:00:00,4303.585293445993,0.0,0.0,3348.960949988582,0.0,4800.0
2030-08-14 06:00:00,4303.585293445993,0.0,0.0,3348.960949988582,0.0,4800.0
2030-08-14 07:00:00,4303.585293445993,0.0,0.0,3348.960949988582,0.0,4800.0
2030-08-14 08:00:00,0.0,1349.8515642840832,461.4690612724928,0.0,4800.0,2232.214857401147
2030-08-14 09:00:00,0.0,1349.8515642840832,3300.0,0.0,4800.0,0.0
2030-08-14 10:00:00,0.0,1349.8515642840832,3300.0,0.0,4800.0,0.0
2030-08-14 11:00:00,0.0,1349.8515642840832,3300.0,0.0,4800.0,0.0
2030-08-14 12:00:00,0.0,1349.8515642840832,3300.0,0.0,4800.0,0.0
2030-08-14 13:00:00,0.0,1349.8515642840832,3300.0,0.0,4800.0,0.0
2030-08-14 14:00:00,0.0,1349.8515642840832,3300.0,0.0,4800.0,0.0
2030-08-14 15:00:00,1459.0520313388151,1349.8515642840832,0.0,863.5135502384516,0.0,4800.0
2030-08-14 16:00:00,4303.585293445993,0.0,0.0,3348.960949988582,0.0,4800.0
2030-08-14 17:00:00,4303.585293445993,0.0,0.0,3348.960949988582,0.0,4800.0
2030-08-14 18:00:00,4303.585293445993,0.0,0.0,3348.960949988582,0.0,4800.0
2030-08-14 19:00:00,4303.585293445993,0.0,0.0,3348.960949988582,0.0,4800.0
2030-08-14 20:00:00,4303.585293445993,0.0,0.0,3348.960949988582,0.0,4800.0
2030-08-14 21:00:00,4303.585293445993,0.0,0.0,2732.5615436653534,0.0,4800.0
2030-08-14 22:00:00,4303.585293445993,60.9435716570224,0.0,3348.960949988582,0.0,4800.0
2030-08-14 23:00:00,4303.585293445993,0.0,0.0,3348.960949988582,0.0,4800.0
2030-08-15 00:00:00,4303.585293445993,0.0,0.0,3348.960949988582,0.0,4800.0
2030-08-15 01:00:00,4303.585293445993,0.0,0.0,3348.960949988582,0.0,4800.0
2030-08-15 02:00:00,4303.585293445993,0.0,0.0,3348.960949988582,0.0,4800.0
2030-08-15 03:00:00,4303.585293445993,0.0,0.0,3348.960949988582,0.0,4800.0
2030-08-15 04:00:00,4303.585293445993,0.0,0.0,3348.960949988582,0.0,4800.0
2030-08-15 05:00:00,4303.585293445993,0.0,0.0,3348.960949988582,0.0,4800.0
2030-08-15 06:00:00,4303.585293445993,0.0,0.0,3348.960949988582,0.0,4800.0
2030-08-15 07:00:00,4303.585293445993,0.0,0.0,3348.960949988582,0.0,4800.0
2030-08-15 08:00:00,0.0,1349.8515642840832,0.0,0.0,1407.2210864346644,0.0
2030-08-15 09:00:00,0.0,1349.8515642840832,3300.0,0.0,4800.0,0.0
2030-08-15 10:00:00,0.0,1349.8515642840832,3300.0,0.0,4800.0,0.0
2030-08-15 11:00:00,0.0,1349.8515642840832,3300.0,0.0,4800.0,0.0
2030-08-15 12:00:00,0.0,1349.8515642840832,3300.0,0.0,4800.0,0.0
2030-08-15 13:00:00,0.0,1349.8515642840832,3300.0,0.0,4800.0,0.0
2030-08-15 14:00:00,0.0,1349.8515642840832,147.95971800841744,0.0,4800.0,0.0
2030-08-15 15:00:00,4303.585293445993,0.0,0.0,2045.3577554314375,0.0,4800.0
2030-08-15 16:00:00,4303.585293445993,0.0,0.0,3348.960949988582,0.0,4800.0
2030-08-15 17:00:00,4303.585293445993,0.0,0.0,3348.960949988582,0.0,4800.0
2030-08-15 18:00:00,4303.585293445993,0.0,0.0,3348.960949988582,0.0,4800.0
2030-08-15 19:00:00,4303.585293445993,0.0,0.0,3348.960949988582,0.0,4800.0
2030-08-15 20:00:00,4303.585293445993,0.0,0.0,3348.960949988582,0.0,4800.0
2030-08-15 21:00:00,4303.585293445993,0.0,0.0,3348.960949988582,0.0,4800.0
2030-08-15 22:00:00,4303.585293445993,0.0,0.0,3348.960949988582,0.0,4800.0
2030-08-15 23:00:00,4303.585293445993,0.0,0.0,3348.960949988582,0.0,4800.0
2030-08-16 00:00:00,4303.585293445993,0.0,0.0,3348.960949988582,0.0,4800.0
2030-08-16 01:00:00,4303.585293445993,0.0,0.0,3348.960949988582,0.0,4800.0
2030-08-16 02:00:00,4303.585293445993,0.0,0.0,3348.960949988582,0.0,4800.0
2030-08-16 03:00:00,4303.585293445993,0.0,0.0,3348.960949988582,0.0,4800.0
2030-08-16 04:00:00,4303.585293445993,0.0,0.0,3348.960949988582,0.0,4800.0
2030-08-16 05:00:00,4303.585293445993,0.0,0.0,3348.960949988582,0.0,4800.0
2030-08-16 06:00:00,4303.585293445993,0.0,0.0,3348.960949988582,0.0,4800.0
2030-08-16 07:00:00,4303.585293445993,0.0,0.0,3348.960949988582,0.0,4800.0
2030-08-16 08:00:00,0.0,1349.8515642840832,0.0,0.0,4800.0,1516.8612247196033
2030-08-16 09:00:00,0.0,1349.8515642840832,3300.0,0.0,4800.0,0.0
2030-08-16 10:00:00,0.0,1349.8515642840832,3300.0,0.0,4800.0,0.0
2030-08-16 11:00:00,0.0,1349.8515642840832,3300.0,0.0,4800.0,0.0
2030-08-16 12:00:00,0.0,1349.8515642840832,3300.0,0.0,4800.0,0.0
2030-08-16 13:00:00,0.0,1349.8515642840832,3300.0,0.0,4800.0,0.0
2030-08-16 14:00:00,0.0,1349.8515642840832,3300.0,0.0,4800.0,0.0
2030-08-16 15:00:00,0.0,1349.8515642840832,3300.0,0.0,4800.0,0.0
2030-08-16 16:00:00,4303.585293445993,0.0,0.0,3348.960949988582,0.0,4800.0
2030-08-16 17:00:00,4303.585293445993,0.0,0.0,3348.960949988582,0.0,4800.0
2030-08-16 18:00:00,4303.585293445993,0.0,0.0,3348.960949988582,0.0,4800.0
2030-08-16 19:00:00,4303.585293445993,0.0,0.0,3348.960949988582,0.0,4800.0
2030-08-16 20:00:00,4303.585293445993,0.0,0.0,3348.960949988582,0.0,4800.0
2030-08-16 21:00:00,4303.585293445993,0.0,0.0,3348.960949988582,0.0,4800.0
2030-08-16 22:00:00,4303.585293445993,0.0,0.0,3348.960949988582,0.0,4800.0
2030-08-16 23:00:00,4303.585293445993,0.0,0.0,3348.960949988582,0.0,4800.0
2030-08-17 00:00:00,4303.585293445993,0.0,0.0,3348.960949988582,0.0,4800.0
2030-08-17 01:00:00,4303.585293445993,0.0,0.0,3348.960949988582,0.0,4800.0
2030-08-17 02:00:00,4303.585293445993,0.0,0.0,3348.960949988582,0.0,4800.0
2030-08-17 03:00:00,4303.585293445993,0.0,0.0,3348.960949988582,0.0,4800.0
2030-08-17 04:00:00,4303.585293445993,0.0,0.0,3348.960949988582,0.0,4800.0
2030-08-17 05:00:00,4303.585293445993,0.0,0.0,3348.960949988582,0.0,4800.0
2030-08-17 06:00:00,4303.585293445993,0.0,0.0,3348.960949988582,0.0,4800.0
2030-08-17 07:00:00,4303.585293445993,0.0,0.0,3348.960949988582,0.0,4800.0
2030-08-17 08:00:00,4303.585293445993,0.0,0.0,3348.960949988582,0.0,4800.0
2030-08-17 09:00:00,4303.585293445993,0.0,0.0,3111.7825415294183,0.0,4800.0
2030-08-17 10:00:00,4303.585293445993,0.0,0.0,2197.0520766660234,0.0,4800.0
2030-08-17 11:00:00,4303.585293445993,0.0,0.0,1673.0639608819765,0.0,4800.0
2030-08-17 12:00:00,4303.585293445993,1349.8515642840832,0.0,2538.185154386726,0.0,4800.0
2030-08-17 13:00:00,4303.585293445993,1349.8515642840832,0.0,3348.960949988582,0.0,4800.0
2030-08-17 14:00:00,4303.585293445993,0.0,0.0,1750.222517269704,0.0,4800.0
2030-08-17 15:00:00,4303.585293445993,1037.454620535863,0.0,3348.960949988582,0.0,4800.0
2030-08-17 16:00:00,4303.585293445993,0.0,0.0,3348.960949988582,0.0,4800.0
2030-08-17 17:00:00,4303.585293445993,0.0,0.0,3348.960949988582,0.0,4800.0
2030-08-17 18:00:00,4303.585293445993,1349.8515642840832,0.0,936.0962163539443,0.0,4800.0
2030-08-17 19:00:00,4303.585293445993,1349.8515642840832,0.0,3331.198008125699,0.0,4800.0
2030-08-17 20:00:00,4303.585293445993,0.0,0.0,3313.7801883286666,0.0,4800.0
2030-08-17 21:00:00,4303.585293445993,1349.8515642840832,0.0,2745.3814844940207,0.0,4800.0
2030-08-17 22:00:00,4303.585293445993,0.0,0.0,3348.960949988582,0.0,4800.0
2030-08-17 23:00:00,4303.585293445993,0.0,0.0,3348.960949988582,0.0,4800.0
2030-08-18 00:00:00,4303.585293445993,0.0,0.0,3348.960949988582,0.0,4800.0
2030-08-18 01:00:00,4303.585293445993,0.0,0.0,3348.960949988582,0.0,4800.0
2030-08-18 02:00:00,4303.585293445993,0.0,0.0,3348.960949988582,0.0,4800.0
2030-08-18 03:00:00,4303.585293445993,0.0,0.0,3348.960949988582,0.0,4800.0
2030-08-18 04:00:00,4303.585293445993,0.0,0.0,3348.960949988582,0.0,4800.0
2030-08-18 05:00:00,4303.585293445993,0.0,0.0,3348.960949988582,0.0,4800.0
2030-08-18 06:00:00,4303.585293445993,0.0,0.0,3348.960949988582,0.0,4800.0
2030-08-18 07:00:00,4303.585293445993,0.0,0.0,2882.307520972032,0.0,4800.0
2030-08-18 08:00:00,3523.2129760920348,0.0,0.0,543.0542982607417,0.0,4800.0
2030-08-18 09:00:00,0.0,1349.8515642840832,3300.0,0.0,4800.0,0.0
2030-08-18 10:00:00,0.0,1349.8515642840832,3300.0,0.0,4800.0,0.0
2030-08-18 11:00:00,0.0,1349.8515642840832,3300.0,0.0,4800.0,0.0
2030-08-18 12:00:00,0.0,1349.8515642840832,3300.0,0.0,4800.0,0.0
2030-08-18 13:00:00,0.0,1349.8515642840832,3300.0,0.0,4800.0,0.0
2030-08-18 14:00:00,0.0,1349.8515642840832,3300.0,0.0,4800.0,0.0
2030-08-18 15:00:00,1409.2431343969618,1349.8515642840832,0.0,0.0,329.9763848151945,0.0
2030-08-18 16:00:00,4303.585293445993,1237.450265634411,0.0,3348.960949988582,0.0,4800.0
2030-08-18 17:00:00,4303.585293445993,0.0,0.0,3348.960949988582,0.0,4800.0
2030-08-18 18:00:00,4303.585293445993,0.0,0.0,3348.960949988582,0.0,4800.0
2030-08-18 19:00:00,4303.585293445993,0.0,0.0,3348.960949988582,0.0,4800.0
2030-08-18 20:00:00,4303.585293445993,0.0,0.0,3348.960949988582,0.0,4800.0
2030-08-18 21:00:00,4303.585293445993,0.0,0.0,3348.960949988582,0.0,4800.0
2030-08-18 22:00:00,4303.585293445993,0.0,0.0,3348.960949988582,0.0,4800.0
2030-08-18 23:00:00,4303.585293445993,0.0,0.0,3348.960949988582,0.0,4800.0
2030-08-19 00:00:00,4303.585293445993,0.0,0.0,3348.960949988582,0.0,4800.0
2030-08-19 01:00:00,4303.585293445993,0.0,0.0,3348.960949988582,0.0,4800.0
2030-08-19 02:00:00,4303.585293445993,0.0,0.0,3348.960949988582,0.0,4800.0
2030-08-19 03:00:00,4303.585293445993,0.0,0.0,3348.960949988582,0.0,4800.0
2030-08-19 04:00:00,4303.585293445993,0.0,0.0,3348.960949988582,0.0,4800.0
2030-08-19 05:00:00,4303.585293445993,0.0,0.0,3348.960949988582,0.0,4800.0
2030-08-19 06:00:00,4303.585293445993,0.0,0.0,3348.960949988582,0.0,4800.0
2030-08-19 07:00:00,0.0,1349.8515642840832,1194.954486866729,0.0,4800.0,0.0
2030-08-19 08:00:00,0.0,1349.8515642840832,3300.0,0.0,4800.0,0.0
2030-08-19 09:00:00,0.0,1349.8515642840832,3300.0,0.0,4800.0,0.0
2030-08-19 10:00:00,0.0,1349.8515642840832,3300.0,0.0,4800.0,0.0
2030-08-19 11:00:00,0.0,1349.8515642840832,3300.0,0.0,4800.0,0.0
2030-08-19 12:00:00,0.0,1349.8515642840832,3300.0,0.0,4800.0,0.0
2030-08-19 13:00:00,0.0,1349.8515642840832,3300.0,0.0,4800.0,0.0
2030-08-19 14:00:00,0.0,1349.8515642840832,3300.0,0.0,4800.0,0.0
2030-08-19 15:00:00,0.0,1349.8515642840832,3300.0,0.0,4800.0,0.0
2030-08-19 16:00:00,125.0646705636118,1349.8515642840832,0.0,0.0,0.0,4800.0
2030-08-19 17:00:00,4303.585293445993,0.0,0.0,3348.960949988582,0.0,4800.0
2030-08-19 18:00:00,4303.585293445993,0.0,0.0,3348.960949988582,0.0,4800.0
2030-08-19 19:00:00,4303.585293445993,0.0,0.0,3348.960949988582,0.0,4800.0
2030-08-19 20:00:00,4303.585293445993,0.0,0.0,3348.960949988582,0.0,4800.0
2030-08-19 21:00:00,4303.585293445993,0.0,0.0,3348.960949988582,0.0,4800.0
2030-08-19 22:00:00,3169.230297843329,0.0,0.0,3348.960949988582,0.0,4800.0
2030-08-19 23:00:00,3066.3118486997337,0.0,0.0,3348.960949988582,0.0,4800.0
2030-08-20 00:00:00,4303.585293445993,0.0,0.0,3348.960949988582,0.0,4800.0
2030-08-20 01:00:00,4303.585293445993,0.0,0.0,3348.960949988582,0.0,4800.0
2030-08-20 02:00:00,4303.585293445993,0.0,0.0,3348.960949988582,0.0,4800.0
2030-08-20 03:00:00,4303.585293445993,0.0,0.0,3348.960949988582,0.0,4800.0
2030-08-20 04:00:00,4303.585293445993,0.0,0.0,3348.960949988582,0.0,4800.0
2030-08-20 05:00:00,4303.585293445993,0.0,0.0,3348.960949988582,0.0,4800.0
2030-08-20 06:00:00,4303.585293445993,0.0,0.0,3348.960949988582,0.0,4800.0
2030-08-20 07:00:00,4303.585293445993,0.0,0.0,3348.960949988582,0.0,4800.0
2030-08-20 08:00:00,0.0,1349.8515642840832,0.0,0.0,3715.0122546423845,0.0
2030-08-20 09:00:00,0.0,1349.8515642840832,3300.0,0.0,4800.0,0.0
2030-08-20 10:00:00,0.0,1349.8515642840832,3300.0,0.0,4800.0,0.0
2030-08-20 11:00:00,0.0,1349.8515642840832,3300.0,0.0,4800.0,0.0
2030-08-20 12:00:00,0.0,1349.8515642840832,3300.0,0.0,4800.0,0.0
2030-08-20 13:00:00,0.0,1349.8515642840832,3300.0,0.0,4800.0,0.0
2030-08-20 14:00:00,0.0,1349.8515642840832,3300.0,0.0,4800.0,0.0
2030-08-20 15:00:00,1748.858665763486,1349.8515642840832,0.0,1492.8910903436188,0.0,4800.0
2030-08-20 16:00:00,4303.585293445993,0.0,0.0,3162.8564793029846,0.0,4800.0
2030-08-20 17:00:00,4303.585293445993,1349.8515642840832,0.0,2661.195139020725,0.0,4800.0
2030-08-20 18:00:00,4303.585293445993,1349.8515642840832,0.0,0.0,0.0,4800.0
2030-08-20 19:00:00,4303.585293445993,1349.8515642840832,0.0,2585.197449047082,0.0,4800.0
2030-08-20 20:00:00,4303.585293445993,0.0,0.0,1576.9709278673836,0.0,4800.0
2030-08-20 21:00:00,4303.585293445993,1349.8515642840832,0.0,896.8870780307552,0.0,4800.0
2030-08-20 22:00:00,4303.585293445993,1349.8515642840832,0.0,1981.8830898486558,0.0,4800.0
2030-08-20 23:00:00,4303.585293445993,0.0,0.0,3348.960949988582,0.0,4800.0
2030-08-21 00:00:00,4303.585293445993,742.1022624353209,0.0,3348.960949988582,0.0,4800.0
2030-08-21 01:00:00,4303.585293445993,0.0,0.0,3348.960949988582,0.0,4800.0
2030-08-21 02:00:00,4303.585293445993,0.0,0.0,3348.960949988582,0.0,4800.0
2030-08-21 03:00:00,4303.585293445993,0.0,0.0,3348.960949988582,0.0,4800.0
2030-08-21 04:00:00,4303.585293445993,0.0,0.0,3348.960949988582,0.0,4800.0
2030-08-21 05:00:00,4303.585293445993,0.0,0.0,3348.960949988582,0.0,4800.0
2030-08-21 06:00:00,4303.585293445993,33.327155331855465,0.0,3348.960949988582,0.0,4800.0
2030-08-21 07:00:00,4303.585293445993,0.0,0.0,3348.960949988582,0.0,4800.0
2030-08-21 08:00:00,4303.585293445993,1240.333189096697,0.0,3348.960949988582,0.0,4800.0
2030-08-21 09:00:00,0.0,1349.8515642840832,2586.7652875292506,0.0,4800.0,0.0
2030-08-21 10:00:00,0.0,1349.8515642840832,3300.0,0.0,4800.0,0.0
2030-08-21 11:00:00,0.0,1349.8515642840832,3300.0,0.0,4800.0,0.0
2030-08-21 12:00:00,0.0,1349.8515642840832,3300.0,0.0,4800.0,0.0
2030-08-21 13:00:00,0.0,1349.8515642840832,3300.0,0.0,4800.0,0.0
2030-08-21 14:00:00,0.0,1349.8515642840832,3300.0,0.0,4800.0,0.0
2030-08-21 15:00:00,0.0,1349.8515642840832,3300.0,0.0,4800.0,0.0
2030-08-21 16:00:00,2091.603272741435,1349.8515642840832,0.0,3348.960949988582,0.0,2124.7992681409087
2030-08-21 17:00:00,4303.585293445993,1349.8515642840832,0.0,0.0,0.0,4800.0
2030-08-21 18:00:00,4303.585293445993,1349.8515642840832,0.0,0.0,0.0,4800.0
2030-08-21 19:00:00,4303.585293445993,1349.8515642840832,0.0,0.0,0.0,4800.0
2030-08-21 20:00:00,4303.585293445993,1349.8515642840832,0.0,0.0,0.0,4800.0
2030-08-21 21:00:00,4303.585293445993,1349.8515642840832,0.0,0.0,0.0,4800.0
2030-08-21 22:00:00,4303.585293445993,1349.8515642840832,0.0,0.0,0.0,4800.0
2030-08-21 23:00:00,4303.585293445993,1349.8515642840832,0.0,1408.621064738225,0.0,4800.0
2030-08-22 00:00:00,4303.585293445993,1349.8515642840832,0.0,724.8890624433043,0.0,4800.0
2030-08-22 01:00:00,4303.585293445993,0.0,0.0,1569.9675807455278,0.0,4800.0
2030-08-22 02:00:00,4303.585293445993,1272.170896049698,0.0,3348.960949988582,0.0,4800.0
2030-08-22 03:00:00,4303.585293445993,0.0,0.0,3348.960949988582,0.0,4800.0
2030-08-22 04:00:00,4303.585293445993,0.0,0.0,3348.960949988582,0.0,4800.0
2030-08-22 05:00:00,4303.585293445993,0.0,0.0,3348.960949988582,0.0,4800.0
2030-08-22 06:00:00,4303.585293445993,0.0,0.0,3348.960949988582,0.0,4800.0
2030-08-22 07:00:00,4303.585293445993,0.0,0.0,3348.960949988582,0.0,4800.0
2030-08-22 08:00:00,4303.585293445993,1093.3444594982896,0.0,3348.960949988582,0.0,4800.0
2030-08-22 09:00:00,4303.585293445993,1349.8515642840832,0.0,3348.960949988582,0.0,4800.0
2030-08-22 10:00:00,4303.585293445993,1349.8515642840832,0.0,2562.0987475966413,1747.7375764091162,4800.0
2030-08-22 11:00:00,3308.467526669149,1349.8515642840832,0.0,0.0,3058.706608440214,4800.0
2030-08-22 12:00:00,4303.585293445993,198.3839751138487,0.0,0.0,0.0,4800.0
2030-08-22 13:00:00,4303.585293445993,0.0,0.0,251.41010315950575,0.0,4800.0
2030-08-22 14:00:00,4303.585293445993,0.0,0.0,827.4428789082183,0.0,4800.0
2030-08-22 15:00:00,4303.585293445993,0.0,0.0,2005.1620147974363,0.0,4800.0
2030-08-22 16:00:00,4303.585293445993,0.0,0.0,3348.960949988582,0.0,4800.0
2030-08-22 17:00:00,4303.585293445993,0.0,0.0,3348.960949988582,0.0,4800.0
2030-08-22 18:00:00,4303.585293445993,0.0,0.0,3093.5477110206048,0.0,4800.0
2030-08-22 19:00:00,4303.585293445993,0.0,0.0,3348.960949988582,0.0,4800.0
2030-08-22 20:00:00,4303.585293445993,0.0,0.0,3348.960949988582,0.0,4800.0
2030-08-22 21:00:00,4303.585293445993,0.0,0.0,3348.960949988582,0.0,4800.0
2030-08-22 22:00:00,4303.585293445993,0.0,0.0,3348.960949988582,0.0,4800.0
2030-08-22 23:00:00,4303.585293445993,0.0,0.0,3348.960949988582,0.0,4800.0
2030-08-23 00:00:00,4303.585293445993,0.0,0.0,3348.960949988582,0.0,4800.0
2030-08-23 01:00:00,4303.585293445993,0.0,0.0,3348.960949988582,0.0,4800.0
2030-08-23 02:00:00,4303.585293445993,0.0,0.0,3348.960949988582,0.0,4800.0
2030-08-23 03:00:00,4303.585293445993,0.0,0.0,3348.960949988582,0.0,4800.0
2030-08-23 04:00:00,4303.585293445993,0.0,0.0,3348.960949988582,0.0,4800.0
2030-08-23 05:00:00,4303.585293445993,0.0,0.0,3348.960949988582,0.0,4800.0
2030-08-23 06:00:00,4303.585293445993,0.0,0.0,3348.960949988582,0.0,4800.0
2030-08-23 07:00:00,0.0,1349.8515642840832,3228.9910184763867,0.0,4800.0,0.0
2030-08-23 08:00:00,0.0,1349.8515642840832,3300.0,0.0,4800.0,0.0
2030-08-23 09:00:00,0.0,1349.8515642840832,3300.0,0.0,4800.0,0.0
2030-08-23 10:00:00,0.0,1349.8515642840832,3300.0,0.0,4800.0,0.0
2030-08-23 11:00:00,0.0,1349.8515642840832,3300.0,0.0,4800.0,0.0
2030-08-23 12:00:00,0.0,1349.8515642840832,3300.0,0.0,4800.0,0.0
2030-08-23 13:00:00,0.0,1349.8515642840832,3300.0,0.0,4800.0,0.0
2030-08-23 14:00:00,0.0,1349.8515642840832,3300.0,0.0,4800.0,0.0
2030-08-23 15:00:00,0.0,1349.8515642840832,3300.0,0.0,4800.0,0.0
2030-08-23 16:00:00,0.0,1349.8515642840832,3300.0,0.0,4800.0,0.0
2030-08-23 17:00:00,4303.585293445993,0.0,0.0,3348.960949988582,0.0,4800.0
2030-08-23 18:00:00,4303.585293445993,0.0,0.0,779.861111101105,0.0,4800.0
2030-08-23 19:00:00,4303.585293445993,0.0,0.0,3348.960949988582,0.0,4800.0
2030-08-23 20:00:00,4303.585293445993,0.0,0.0,3348.960949988582,0.0,4800.0
2030-08-23 21:00:00,4303.585293445993,1349.8515642840832,0.0,2652.735765493664,0.0,4800.0
2030-08-23 22:00:00,4303.585293445993,920.318935249612,0.0,3348.960949988582,0.0,4800.0
2030-08-23 23:00:00,4303.585293445993,0.0,0.0,3348.960949988582,0.0,4800.0
2030-08-24 00:00:00,4303.585293445993,0.0,0.0,3348.960949988582,0.0,4800.0
2030-08-24 01:00:00,4303.585293445993,0.0,0.0,3348.960949988582,0.0,4800.0
2030-08-24 02:00:00,4303.585293445993,0.0,0.0,3348.960949988582,0.0,4800.0
2030-08-24 03:00:00,4303.585293445993,0.0,0.0,3348.960949988582,0.0,4800.0
2030-08-24 04:00:00,4303.585293445993,0.0,0.0,3348.960949988582,0.0,4800.0
2030-08-24 05:00:00,4303.585293445993,0.0,0.0,3348.960949988582,0.0,4800.0
2030-08-24 06:00:00,4303.585293445993,0.0,0.0,3348.960949988582,0.0,4800.0
2030-08-24 07:00:00,0.0,1349.8515642840832,0.0,2890.487253125516,1365.5400214910806,4800.0
2030-08-24 08:00:00,0.0,1349.8515642840832,3300.0,0.0,4800.0,0.0
2030-08-24 09:00:00,0.0,1349.8515642840832,3300.0,0.0,4800.0,0.0
2030-08-24 10:00:00,0.0,1349.8515642840832,3300.0,0.0,4800.0,0.0
2030-08-24 11:00:00,0.0,1349.8515642840832,3300.0,0.0,4800.0,0.0
2030-08-24 12:00:00,0.0,1349.8515642840832,3300.0,0.0,4800.0,0.0
2030-08-24 13:00:00,0.0,1349.8515642840832,3300.0,0.0,4800.0,0.0
2030-08-24 14:00:00,0.0,1349.8515642840832,3300.0,0.0,4800.0,0.0
2030-08-24 15:00:00,0.0,0.0,0.0,0.0,3206.883364096775,0.0
2030-08-24 16:00:00,4303.585293445993,0.0,0.0,3348.960949988582,0.0,4800.0
2030-08-24 17:00:00,4303.585293445993,0.0,0.0,3348.960949988582,0.0,4800.0
2030-08-24 18:00:00,4303.585293445993,0.0,0.0,3348.960949988582,0.0,4800.0
2030-08-24 19:00:00,4303.585293445993,0.0,0.0,3348.960949988582,0.0,4800.0
2030-08-24 20:00:00,4303.585293445993,0.0,0.0,3348.960949988582,0.0,4800.0
2030-08-24 21:00:00,4303.585293445993,0.0,0.0,3348.960949988582,0.0,4800.0
2030-08-24 22:00:00,4303.585293445993,0.0,0.0,3348.960949988582,0.0,4800.0
2030-08-24 23:00:00,4303.585293445993,0.0,0.0,3348.960949988582,0.0,4800.0
2030-08-25 00:00:00,4303.585293445993,0.0,0.0,3348.960949988582,0.0,4800.0
2030-08-25 01:00:00,4303.585293445993,0.0,0.0,3348.960949988582,0.0,4800.0
2030-08-25 02:00:00,4303.585293445993,0.0,0.0,3348.960949988582,0.0,4800.0
2030-08-25 03:00:00,4303.585293445993,0.0,0.0,3348.960949988582,0.0,4800.0
2030-08-25 04:00:00,4303.585293445993,0.0,0.0,3348.960949988582,0.0,4800.0
2030-08-25 05:00:00,4303.585293445993,0.0,0.0,3348.960949988582,0.0,4800.0
2030-08-25 06:00:00,4303.585293445993,0.0,0.0,3348.960949988582,0.0,4800.0
2030-08-25 07:00:00,4303.585293445993,0.0,0.0,3348.960949988582,0.0,4800.0
2030-08-25 08:00:00,4303.585293445993,0.0,0.0,3348.960949988582,0.0,4800.0
2030-08-25 09:00:00,2899.8681229457907,1349.8515642840832,0.0,2579.2184578032357,0.0,4800.0
2030-08-25 10:00:00,3447.487609009424,0.0,0.0,868.1491442746283,0.0,4800.0
2030-08-25 11:00:00,630.5687773573427,1349.8515642840832,0.0,0.0,0.0,684.3202807654125
2030-08-25 12:00:00,839.0889653472418,1349.8515642840832,0.0,0.0,827.3804636047257,0.0
2030-08-25 13:00:00,4303.585293445993,1349.8515642840832,0.0,3348.960949988582,4800.0,3841.1071896268913
2030-08-25 14:00:00,1122.0412188015634,1349.8515642840832,0.0,0.0,0.0,4800.0
2030-08-25 15:00:00,4303.585293445993,0.0,0.0,3029.3961501418453,0.0,4800.0
2030-08-25 16:00:00,4303.585293445993,0.0,0.0,3348.960949988582,0.0,4800.0
2030-08-25 17:00:00,4303.585293445993,0.0,0.0,3348.960949988582,0.0,4800.0
2030-08-25 18:00:00,4303.585293445993,0.0,0.0,3348.960949988582,0.0,4800.0
2030-08-25 19:00:00,4303.585293445993,0.0,0.0,3348.960949988582,0.0,4800.0
2030-08-25 20:00:00,4303.585293445993,0.0,0.0,3348.960949988582,0.0,4800.0
2030-08-25 21:00:00,4303.585293445993,0.0,0.0,3348.960949988582,0.0,4800.0
2030-08-25 22:00:00,4303.585293445993,0.0,0.0,3348.960949988582,0.0,4800.0
2030-08-25 23:00:00,4303.585293445993,0.0,0.0,3348.960949988582,0.0,4800.0
2030-08-26 00:00:00,4303.585293445993,0.0,0.0,3348.960949988582,0.0,4800.0
2030-08-26 01:00:00,4303.585293445993,0.0,0.0,3348.960949988582,0.0,4800.0
2030-08-26 02:00:00,4303.585293445993,0.0,0.0,3348.960949988582,0.0,4800.0
2030-08-26 03:00:00,4303.585293445993,0.0,0.0,3348.960949988582,0.0,4800.0
2030-08-26 04:00:00,4303.585293445993,0.0,0.0,3348.960949988582,0.0,4800.0
2030-08-26 05:00:00,4303.585293445993,0.0,0.0,3348.960949988582,0.0,4800.0
2030-08-26 06:00:00,3891.2812377489463,0.0,0.0,3348.960949988582,0.0,4800.0
2030-08-26 07:00:00,0.0,1349.8515642840832,2935.288569966273,0.0,4800.0,0.0
2030-08-26 08:00:00,0.0,1349.8515642840832,3300.0,0.0,4800.0,0.0
2030-08-26 09:00:00,0.0,1349.8515642840832,3300.0,0.0,4800.0,0.0
2030-08-26 10:00:00,0.0,1349.8515642840832,3300.0,0.0,4800.0,0.0
2030-08-26 11:00:00,0.0,1349.8515642840832,3300.0,0.0,4800.0,0.0
2030-08-26 12:00:00,0.0,1349.8515642840832,3300.0,0.0,4800.0,0.0
2030-08-26 13:00:00,0.0,1349.8515642840832,3300.0,0.0,4800.0,0.0
2030-08-26 14:00:00,0.0,1349.8515642840832,3300.0,0.0,4800.0,0.0
2030-08-26 15:00:00,0.0,1349.8515642840832,3300.0,0.0,4800.0,0.0
2030-08-26 16:00:00,0.0,470.23726638648566,0.0,0.0,0.0,199.2356990006083
2030-08-26 17:00:00,4303.585293445993,0.0,0.0,3348.960949988582,0.0,4800.0
2030-08-26 18:00:00,4303.585293445993,0.0,0.0,3348.960949988582,0.0,4800.0
2030-08-26 19:00:00,4303.585293445993,0.0,0.0,3348.960949988582,0.0,4800.0
2030-08-26 20:00:00,4303.585293445993,0.0,0.0,3348.960949988582,0.0,4800.0
2030-08-26 21:00:00,4303.585293445993,0.0,0.0,3348.960949988582,0.0,4800.0
2030-08-26 22:00:00,828.4818768851936,1349.8515642840832,0.0,3348.960949988582,0.0,4081.375570368201
2030-08-26 23:00:00,0.0,1349.8515642840832,2935.6749260352663,0.0,4800.0,0.0
2030-08-27 00:00:00,0.0,907.9144783879608,3300.0,0.0,4800.0,0.0
2030-08-27 01:00:00,0.0,1349.8515642840832,3300.0,0.0,4800.0,0.0
2030-08-27 02:00:00,0.0,1349.8515642840832,3300.0,0.0,4800.0,0.0
2030-08-27 03:00:00,0.0,1349.8515642840832,3300.0,0.0,4800.0,0.0
2030-08-27 04:00:00,0.0,0.0,3300.0,0.0,4800.0,0.0
2030-08-27 05:00:00,0.0,0.0,3300.0,0.0,4800.0,0.0
2030-08-27 06:00:00,0.0,1349.8515642840832,3300.0,774.9205848438676,4800.0,0.0
2030-08-27 07:00:00,0.0,1349.8515642840832,3300.0,0.0,4800.0,0.0
2030-08-27 08:00:00,0.0,1349.8515642840832,3300.0,0.0,4800.0,0.0
2030-08-27 09:00:00,0.0,1349.8515642840832,3300.0,0.0,4800.0,0.0
2030-08-27 10:00:00,0.0,1349.8515642840832,3300.0,0.0,4800.0,0.0
2030-08-27 11:00:00,0.0,1349.8515642840832,3300.0,0.0,4800.0,0.0
2030-08-27 12:00:00,0.0,1349.8515642840832,3300.0,0.0,4800.0,0.0
2030-08-27 13:00:00,0.0,1349.8515642840832,3300.0,0.0,4800.0,0.0
2030-08-27 14:00:00,0.0,1349.8515642840832,3300.0,0.0,4800.0,0.0
2030-08-27 15:00:00,0.0,1349.8515642840832,3300.0,0.0,4800.0,0.0
2030-08-27 16:00:00,0.0,1349.8515642840832,3300.0,0.0,4800.0,0.0
2030-08-27 17:00:00,0.0,1349.8515642840832,3300.0,0.0,4800.0,0.0
2030-08-27 18:00:00,0.0,424.75309506324965,3300.0,0.0,4800.0,0.0
2030-08-27 19:00:00,0.0,1349.8515642840832,3300.0,876.7115477831582,4800.0,0.0
2030-08-27 20:00:00,0.0,1349.8515642840832,3300.0,803.5640250475536,4800.0,0.0
2030-08-27 21:00:00,0.0,1349.8515642840832,3300.0,517.2724546921105,4800.0,0.0
2030-08-27 22:00:00,0.0,1349.8515642840832,3300.0,0.0,4800.0,0.0
2030-08-27 23:00:00,0.0,1349.8515642840832,3300.0,0.0,4800.0,0.0
2030-08-28 00:00:00,0.0,676.4829511826107,3300.0,0.0,4800.0,0.0
2030-08-28 01:00:00,0.0,1349.8515642840832,0.0,3348.960949988582,2840.388565969719,0.0
2030-08-28 02:00:00,0.0,0.0,0.0,1371.8835475059573,946.0622550114567,4800.0
2030-08-28 03:00:00,4303.585293445993,0.0,0.0,3348.960949988582,0.0,4800.0
2030-08-28 04:00:00,4303.585293445993,0.0,0.0,3348.960949988582,0.0,4800.0
2030-08-28 05:00:00,4303.585293445993,0.0,0.0,3348.960949988582,0.0,4800.0
2030-08-28 06:00:00,4303.585293445993,0.0,0.0,3348.960949988582,0.0,4800.0
2030-08-28 07:00:00,4303.585293445993,0.0,0.0,3348.960949988582,0.0,4800.0
2030-08-28 08:00:00,0.0,1105.1711654713436,0.0,0.0,0.0,1029.4238249375521
2030-08-28 09:00:00,0.0,1349.8515642840832,2438.668763778245,0.0,4800.0,0.0
2030-08-28 10:00:00,0.0,1349.8515642840832,2742.121596028501,0.0,4800.0,0.0
2030-08-28 11:00:00,0.0,1349.8515642840832,3300.0,0.0,4800.0,0.0
2030-08-28 12:00:00,0.0,1349.8515642840832,3300.0,0.0,4800.0,0.0
2030-08-28 13:00:00,0.0,1349.8515642840832,3300.0,0.0,4800.0,0.0
2030-08-28 14:00:00,626.1444392057765,1349.8515642840832,0.0,0.0,4800.0,0.0
2030-08-28 15:00:00,4303.585293445993,1349.8515642840832,0.0,3348.960949988582,0.0,4800.0
2030-08-28 16:00:00,4303.585293445993,0.0,0.0,3228.075846054303,0.0,4800.0
2030-08-28 17:00:00,4303.585293445993,0.0,0.0,3348.960949988582,0.0,4800.0
2030-08-28 18:00:00,4303.585293445993,0.0,0.0,3348.960949988582,0.0,4800.0
2030-08-28 19:00:00,4303.585293445993,0.0,0.0,3348.960949988582,0.0,4800.0
2030-08-28 20:00:00,4303.585293445993,0.0,0.0,3348.960949988582,0.0,4800.0
2030-08-28 21:00:00,4303.585293445993,0.0,0.0,3348.960949988582,0.0,4800.0
2030-08-28 22:00:00,4303.585293445993,0.0,0.0,3348.960949988582,0.0,4800.0
2030-08-28 23:00:00,4303.585293445993,0.0,0.0,3348.960949988582,0.0,4800.0
2030-08-29 00:00:00,4303.585293445993,0.0,0.0,3348.960949988582,0.0,4800.0
2030-08-29 01:00:00,4303.585293445993,0.0,0.0,3348.960949988582,0.0,4800.0
2030-08-29 02:00:00,4303.585293445993,0.0,0.0,3348.960949988582,0.0,4800.0
2030-08-29 03:00:00,4303.585293445993,0.0,0.0,3348.960949988582,0.0,4800.0
2030-08-29 04:00:00,4303.585293445993,0.0,0.0,3348.960949988582,0.0,4800.0
2030-08-29 05:00:00,4303.585293445993,0.0,0.0,3348.960949988582,0.0,4800.0
2030-08-29 06:00:00,4303.585293445993,0.0,0.0,3348.960949988582,0.0,4800.0
2030-08-29 07:00:00,0.0,1349.8515642840832,0.0,1017.4128374589686,2643.8278496637504,4800.0
2030-08-29 08:00:00,0.0,1349.8515642840832,3300.0,0.0,4800.0,0.0
2030-08-29 09:00:00,0.0,1349.8515642840832,3300.0,0.0,4800.0,0.0
2030-08-29 10:00:00,0.0,1349.8515642840832,3300.0,0.0,4800.0,0.0
2030-08-29 11:00:00,0.0,1349.8515642840832,3300.0,0.0,4800.0,0.0
2030-08-29 12:00:00,0.0,1349.8515642840832,3300.0,0.0,4800.0,0.0
2030-08-29 13:00:00,0.0,1349.8515642840832,3300.0,0.0,4800.0,0.0
2030-08-29 14:00:00,0.0,1349.8515642840832,1798.8922533926489,0.0,0.0,0.0
2030-08-29 15:00:00,4303.585293445993,0.0,0.0,3348.960949988582,0.0,4800.0
2030-08-29 16:00:00,4303.585293445993,0.0,0.0,3348.960949988582,0.0,4800.0
2030-08-29 17:00:00,4303.585293445993,0.0,0.0,2250.277684344932,0.0,4800.0
2030-08-29 18:00:00,4303.585293445993,1349.8515642840832,0.0,0.0,0.0,4800.0
2030-08-29 19:00:00,4303.585293445993,1349.8515642840832,0.0,1964.154379781823,0.0,4800.0
2030-08-29 20:00:00,4303.585293445993,1349.8515642840832,0.0,2731.9522220286453,0.0,4800.0
2030-08-29 21:00:00,4303.585293445993,1349.8515642840832,0.0,1211.550760895545,0.0,4800.0
2030-08-29 22:00:00,4303.585293445993,0.0,0.0,2028.214807264514,0.0,4800.0
2030-08-29 23:00:00,4303.585293445993,0.0,0.0,3348.960949988582,0.0,4800.0
2030-08-30 00:00:00,4303.585293445993,0.0,0.0,3348.960949988582,0.0,4800.0
2030-08-30 01:00:00,4303.585293445993,0.0,0.0,3348.960949988582,0.0,4800.0
2030-08-30 02:00:00,4303.585293445993,0.0,0.0,3348.960949988582,0.0,4800.0
2030-08-30 03:00:00,4303.585293445993,0.0,0.0,3348.960949988582,0.0,4800.0
2030-08-30 04:00:00,4303.585293445993,0.0,0.0,3348.960949988582,0.0,4800.0
2030-08-30 05:00:00,4303.585293445993,0.0,0.0,3348.960949988582,0.0,4800.0
2030-08-30 06:00:00,4303.585293445993,0.0,0.0,3348.960949988582,0.0,4800.0
2030-08-30 07:00:00,4303.585293445993,0.0,0.0,3348.960949988582,0.0,4800.0
2030-08-30 08:00:00,4303.585293445993,0.0,0.0,3348.960949988582,0.0,4800.0
2030-08-30 09:00:00,4303.585293445993,0.0,0.0,2099.1528869018493,0.0,4800.0
2030-08-30 10:00:00,1154.3121540390175,1349.8515642840832,0.0,0.0,2554.145402989134,0.0
2030-08-30 11:00:00,0.0,1349.8515642840832,2249.9627587213827,0.0,4800.0,0.0
2030-08-30 12:00:00,0.0,1349.8515642840832,2816.8732211731585,0.0,4800.0,0.0
2030-08-30 13:00:00,1150.2992287615486,1349.8515642840832,0.0,0.0,3248.774729754523,0.0
2030-08-30 14:00:00,4303.585293445993,1349.8515642840832,0.0,3014.230511354246,0.0,4800.0
2030-08-30 15:00:00,4303.585293445993,0.0,0.0,3348.960949988582,0.0,4800.0
2030-08-30 16:00:00,4303.585293445993,0.0,0.0,3348.960949988582,0.0,4800.0
2030-08-30 17:00:00,4303.585293445993,0.0,0.0,3348.960949988582,0.0,4800.0
2030-08-30 18:00:00,4303.585293445993,0.0,0.0,3348.960949988582,0.0,4800.0
2030-08-30 19:00:00,4303.585293445993,0.0,0.0,3348.960949988582,0.0,4800.0
2030-08-30 20:00:00,4303.585293445993,0.0,0.0,3348.960949988582,0.0,4800.0
2030-08-30 21:00:00,4303.585293445993,0.0,0.0,3348.960949988582,0.0,4800.0
2030-08-30 22:00:00,4303.585293445993,0.0,0.0,3348.960949988582,0.0,4800.0
2030-08-30 23:00:00,4303.585293445993,0.0,0.0,3348.960949988582,0.0,4800.0
2030-08-31 00:00:00,4303.585293445993,0.0,0.0,3348.960949988582,0.0,4800.0
2030-08-31 01:00:00,4303.585293445993,0.0,0.0,3348.960949988582,0.0,4800.0
2030-08-31 02:00:00,4303.585293445993,0.0,0.0,3348.960949988582,0.0,4800.0
2030-08-31 03:00:00,4303.585293445993,0.0,0.0,3348.960949988582,0.0,4800.0
2030-08-31 04:00:00,4303.585293445993,0.0,0.0,3348.960949988582,0.0,4800.0
2030-08-31 05:00:00,4303.585293445993,0.0,0.0,3348.960949988582,0.0,4800.0
2030-08-31 06:00:00,4303.585293445993,0.0,0.0,3348.960949988582,0.0,4800.0
2030-08-31 07:00:00,4303.585293445993,0.0,0.0,3348.960949988582,0.0,4800.0
2030-08-31 08:00:00,4303.585293445993,0.0,0.0,3348.960949988582,0.0,4800.0
2030-08-31 09:00:00,4303.585293445993,0.0,0.0,3348.960949988582,0.0,4800.0
2030-08-31 10:00:00,4303.585293445993,0.0,0.0,3348.960949988582,0.0,4800.0
2030-08-31 11:00:00,4303.585293445993,0.0,0.0,3348.960949988582,0.0,4800.0
2030-08-31 12:00:00,4303.585293445993,0.0,0.0,3348.960949988582,0.0,4800.0
2030-08-31 13:00:00,4303.585293445993,0.0,0.0,3348.960949988582,0.0,4800.0
2030-08-31 14:00:00,4303.585293445993,0.0,0.0,3348.960949988582,0.0,4800.0
2030-08-31 15:00:00,4303.585293445993,0.0,0.0,3348.960949988582,0.0,4800.0
2030-08-31 16:00:00,4303.585293445993,0.0,0.0,3348.960949988582,0.0,4800.0
2030-08-31 17:00:00,4303.585293445993,0.0,0.0,3348.960949988582,0.0,4800.0
2030-08-31 18:00:00,4303.585293445993,0.0,0.0,3348.960949988582,0.0,4800.0
2030-08-31 19:00:00,4303.585293445993,0.0,0.0,3348.960949988582,0.0,4800.0
2030-08-31 20:00:00,4303.585293445993,0.0,0.0,3348.960949988582,0.0,4800.0
2030-08-31 21:00:00,4303.585293445993,0.0,0.0,3348.960949988582,0.0,4800.0
2030-08-31 22:00:00,4303.585293445993,0.0,0.0,3348.960949988582,0.0,4800.0
2030-08-31 23:00:00,4303.585293445993,0.0,0.0,3348.960949988582,0.0,4800.0
2030-09-01 00:00:00,4303.585293445993,0.0,0.0,3348.960949988582,0.0,4800.0
2030-09-01 01:00:00,4303.585293445993,0.0,0.0,3348.960949988582,0.0,4800.0
2030-09-01 02:00:00,4303.585293445993,0.0,0.0,3348.960949988582,0.0,4800.0
2030-09-01 03:00:00,4303.585293445993,0.0,0.0,3348.960949988582,0.0,4800.0
2030-09-01 04:00:00,4303.585293445993,0.0,0.0,3348.960949988582,0.0,4800.0
2030-09-01 05:00:00,4303.585293445993,0.0,0.0,3348.960949988582,0.0,4800.0
2030-09-01 06:00:00,4303.585293445993,0.0,0.0,3348.960949988582,0.0,4800.0
2030-09-01 07:00:00,4303.585293445993,0.0,0.0,3348.960949988582,0.0,4800.0
2030-09-01 08:00:00,4303.585293445993,0.0,0.0,3348.960949988582,0.0,4800.0
2030-09-01 09:00:00,4303.585293445993,0.0,0.0,3348.960949988582,0.0,4800.0
2030-09-01 10:00:00,2295.6330599077955,0.0,0.0,2461.714954742994,0.0,4800.0
2030-09-01 11:00:00,0.0,1349.8515642840832,1919.861644822588,0.0,1043.4019726162255,0.0
2030-09-01 12:00:00,0.0,84.38567367501062,0.0,0.0,4343.771238691794,0.0
2030-09-01 13:00:00,0.0,188.36523952584423,0.0,0.0,3584.886096549409,0.0
2030-09-01 14:00:00,0.0,0.0,0.0,385.0934455785168,1674.4352027277268,0.0
2030-09-01 15:00:00,3102.6999743537417,0.0,0.0,3180.9096218574423,0.0,4800.0
2030-09-01 16:00:00,4303.585293445993,0.0,0.0,3348.960949988582,0.0,4800.0
2030-09-01 17:00:00,4303.585293445993,0.0,0.0,3348.960949988582,0.0,4800.0
2030-09-01 18:00:00,4303.585293445993,0.0,0.0,3348.960949988582,0.0,4800.0
2030-09-01 19:00:00,4303.585293445993,0.0,0.0,3348.960949988582,0.0,4800.0
2030-09-01 20:00:00,4303.585293445993,0.0,0.0,3348.960949988582,0.0,4800.0
2030-09-01 21:00:00,4303.585293445993,0.0,0.0,3348.960949988582,0.0,4800.0
2030-09-01 22:00:00,4303.585293445993,0.0,0.0,3348.960949988582,0.0,4800.0
2030-09-01 23:00:00,4303.585293445993,0.0,0.0,3348.960949988582,0.0,4800.0
2030-09-02 00:00:00,4303.585293445993,0.0,0.0,3348.960949988582,0.0,4800.0
2030-09-02 01:00:00,4303.585293445993,0.0,0.0,3348.960949988582,0.0,4800.0
2030-09-02 02:00:00,4303.585293445993,0.0,0.0,3348.960949988582,0.0,4800.0
2030-09-02 03:00:00,4303.585293445993,0.0,0.0,3348.960949988582,0.0,4800.0
2030-09-02 04:00:00,4303.585293445993,0.0,0.0,3348.960949988582,0.0,4800.0
2030-09-02 05:00:00,4303.585293445993,0.0,0.0,3348.960949988582,0.0,4800.0
2030-09-02 06:00:00,4303.585293445993,0.0,0.0,3348.960949988582,0.0,4800.0
2030-09-02 07:00:00,4303.585293445993,0.0,0.0,3348.960949988582,0.0,4800.0
2030-09-02 08:00:00,0.0,1349.8515642840832,0.0,2203.138003558166,0.0,2920.2222658068895
2030-09-02 09:00:00,0.0,0.0,939.0900309725112,0.0,0.0,0.0
2030-09-02 10:00:00,0.0,0.0,1253.8443058817952,0.0,0.0,0.0
2030-09-02 11:00:00,0.0,0.0,708.1430261653279,0.0,2256.1020363658463,0.0
2030-09-02 12:00:00,0.0,0.0,159.6793680251044,0.0,4800.0,0.0
2030-09-02 13:00:00,0.0,24.4999392362422,0.0,0.0,0.0,0.0
2030-09-02 14:00:00,0.0,0.0,0.0,7.26271705464967,0.0,1493.1567304367454
2030-09-02 15:00:00,4303.585293445993,0.0,0.0,3348.960949988582,0.0,4800.0
2030-09-02 16:00:00,4303.585293445993,0.0,0.0,3348.960949988582,0.0,4800.0
2030-09-02 17:00:00,4303.585293445993,0.0,0.0,3348.960949988582,0.0,4800.0
2030-09-02 18:00:00,4303.585293445993,0.0,0.0,3348.960949988582,0.0,4800.0
2030-09-02 19:00:00,4303.585293445993,0.0,0.0,3348.960949988582,0.0,4800.0
2030-09-02 20:00:00,4303.585293445993,0.0,0.0,3348.960949988582,0.0,4800.0
2030-09-02 21:00:00,4303.585293445993,0.0,0.0,3348.960949988582,0.0,4800.0
2030-09-02 22:00:00,4303.585293445993,0.0,0.0,3348.960949988582,0.0,4800.0
2030-09-02 23:00:00,4303.585293445993,0.0,0.0,3348.960949988582,0.0,4800.0
2030-09-03 00:00:00,4303.585293445993,0.0,0.0,3348.960949988582,0.0,4800.0
2030-09-03 01:00:00,4303.585293445993,0.0,0.0,3348.960949988582,0.0,4800.0
2030-09-03 02:00:00,4303.585293445993,0.0,0.0,3348.960949988582,0.0,4800.0
2030-09-03 03:00:00,4303.585293445993,0.0,0.0,3348.960949988582,0.0,4800.0
2030-09-03 04:00:00,4303.585293445993,0.0,0.0,3348.960949988582,0.0,4800.0
2030-09-03 05:00:00,4303.585293445993,0.0,0.0,3348.960949988582,0.0,4800.0
2030-09-03 06:00:00,4303.585293445993,0.0,0.0,3348.960949988582,0.0,4800.0
2030-09-03 07:00:00,4303.585293445993,0.0,0.0,3348.960949988582,0.0,4800.0
2030-09-03 08:00:00,4303.585293445993,0.0,0.0,3348.960949988582,0.0,4800.0
2030-09-03 09:00:00,2031.9136649304041,1349.8515642840832,0.0,3348.960949988582,0.0,13.851625787684952
2030-09-03 10:00:00,0.0,1349.8515642840832,207.3864382417123,0.0,4800.0,0.0
2030-09-03 11:00:00,0.0,1342.5647566615648,944.3325328094779,0.0,4800.0,0.0
2030-09-03 12:00:00,1095.0861529211352,1349.8515642840832,0.0,2017.0718831223794,4800.0,0.0
2030-09-03 13:00:00,0.0,1349.8515642840832,0.0,0.0,866.6367743328883,0.0
2030-09-03 14:00:00,4303.585293445993,295.879775004111,0.0,3348.960949988582,0.0,4800.0
2030-09-03 15:00:00,4303.585293445993,0.0,0.0,3348.960949988582,0.0,4800.0
2030-09-03 16:00:00,4303.585293445993,0.0,0.0,3348.960949988582,0.0,4800.0
2030-09-03 17:00:00,4303.585293445993,0.0,0.0,3348.960949988582,0.0,4800.0
2030-09-03 18:00:00,4303.585293445993,0.0,0.0,3348.960949988582,0.0,4800.0
2030-09-03 19:00:00,4303.585293445993,0.0,0.0,3348.960949988582,0.0,4800.0
2030-09-03 20:00:00,4303.585293445993,0.0,0.0,3348.960949988582,0.0,4800.0
2030-09-03 21:00:00,4303.585293445993,0.0,0.0,3348.960949988582,0.0,4800.0
2030-09-03 22:00:00,4303.585293445993,0.0,0.0,3348.960949988582,0.0,4800.0
2030-09-03 23:00:00,4303.585293445993,0.0,0.0,3348.960949988582,0.0,4800.0
2030-09-04 00:00:00,4303.585293445993,0.0,0.0,3348.960949988582,0.0,4800.0
2030-09-04 01:00:00,4303.585293445993,0.0,0.0,3348.960949988582,0.0,4800.0
2030-09-04 02:00:00,4303.585293445993,0.0,0.0,3348.960949988582,0.0,4800.0
2030-09-04 03:00:00,4303.585293445993,0.0,0.0,3348.960949988582,0.0,4800.0
2030-09-04 04:00:00,4303.585293445993,0.0,0.0,3348.960949988582,0.0,4800.0
2030-09-04 05:00:00,4303.585293445993,0.0,0.0,3348.960949988582,0.0,4800.0
2030-09-04 06:00:00,4303.585293445993,0.0,0.0,3348.960949988582,0.0,4800.0
2030-09-04 07:00:00,4303.585293445993,0.0,0.0,3348.960949988582,0.0,4800.0
2030-09-04 08:00:00,4303.585293445993,0.0,0.0,3348.960949988582,0.0,4800.0
2030-09-04 09:00:00,4303.585293445993,0.0,0.0,3348.960949988582,0.0,4800.0
2030-09-04 10:00:00,4303.585293445993,274.8076074156937,0.0,3348.960949988582,0.0,4800.0
2030-09-04 11:00:00,4303.585293445993,0.0,0.0,3102.2574240812864,0.0,4800.0
2030-09-04 12:00:00,4303.585293445993,0.0,0.0,3106.2303061014245,0.0,4800.0
2030-09-04 13:00:00,4303.585293445993,541.2115005222288,0.0,3348.960949988582,0.0,4800.0
2030-09-04 14:00:00,4303.585293445993,177.1950842335168,0.0,3348.960949988582,0.0,4800.0
2030-09-04 15:00:00,4303.585293445993,0.0,0.0,3348.960949988582,0.0,4800.0
2030-09-04 16:00:00,4303.585293445993,0.0,0.0,3348.960949988582,0.0,4800.0
2030-09-04 17:00:00,4303.585293445993,0.0,0.0,3348.960949988582,0.0,4800.0
2030-09-04 18:00:00,4303.585293445993,0.0,0.0,3348.960949988582,0.0,4800.0
2030-09-04 19:00:00,4303.585293445993,0.0,0.0,3348.960949988582,0.0,4800.0
2030-09-04 20:00:00,4303.585293445993,0.0,0.0,3348.960949988582,0.0,4800.0
2030-09-04 21:00:00,4303.585293445993,0.0,0.0,3348.960949988582,0.0,4800.0
2030-09-04 22:00:00,4303.585293445993,0.0,0.0,3348.960949988582,0.0,4800.0
2030-09-04 23:00:00,4303.585293445993,0.0,0.0,3348.960949988582,0.0,4800.0
2030-09-05 00:00:00,4303.585293445993,0.0,0.0,3348.960949988582,0.0,4800.0
2030-09-05 01:00:00,4303.585293445993,0.0,0.0,3348.960949988582,0.0,4800.0
2030-09-05 02:00:00,4303.585293445993,0.0,0.0,3348.960949988582,0.0,4800.0
2030-09-05 03:00:00,4303.585293445993,0.0,0.0,3348.960949988582,0.0,4800.0
2030-09-05 04:00:00,4303.585293445993,0.0,0.0,3348.960949988582,0.0,4800.0
2030-09-05 05:00:00,4303.585293445993,0.0,0.0,3348.960949988582,0.0,4800.0
2030-09-05 06:00:00,4303.585293445993,0.0,0.0,3348.960949988582,0.0,4800.0
2030-09-05 07:00:00,4303.585293445993,0.0,0.0,3348.960949988582,0.0,4800.0
2030-09-05 08:00:00,4303.585293445993,0.0,0.0,3348.960949988582,0.0,4800.0
2030-09-05 09:00:00,0.0,1349.8515642840832,0.0,2090.2655645730238,4800.0,3546.9532325153923
2030-09-05 10:00:00,0.0,1349.8515642840832,3300.0,0.0,4800.0,0.0
2030-09-05 11:00:00,0.0,1349.8515642840832,3300.0,0.0,4800.0,0.0
2030-09-05 12:00:00,0.0,1349.8515642840832,3300.0,0.0,4800.0,0.0
2030-09-05 13:00:00,0.0,1349.8515642840832,3300.0,0.0,4800.0,0.0
2030-09-05 14:00:00,0.0,1349.8515642840832,3300.0,0.0,4800.0,0.0
2030-09-05 15:00:00,2398.523588885413,1349.8515642840832,0.0,2757.943653419743,0.0,4800.0
2030-09-05 16:00:00,4303.585293445993,0.0,0.0,3348.960949988582,0.0,4800.0
2030-09-05 17:00:00,4303.585293445993,0.0,0.0,3348.960949988582,0.0,4800.0
2030-09-05 18:00:00,4303.585293445993,0.0,0.0,3348.960949988582,0.0,4800.0
2030-09-05 19:00:00,4303.585293445993,0.0,0.0,3348.960949988582,0.0,4800.0
2030-09-05 20:00:00,4303.585293445993,0.0,0.0,3348.960949988582,0.0,4800.0
2030-09-05 21:00:00,4303.585293445993,0.0,0.0,3348.960949988582,0.0,4800.0
2030-09-05 22:00:00,4303.585293445993,0.0,0.0,3348.960949988582,0.0,4800.0
2030-09-05 23:00:00,4303.585293445993,0.0,0.0,3348.960949988582,0.0,4800.0
2030-09-06 00:00:00,4303.585293445993,0.0,0.0,3348.960949988582,0.0,4800.0
2030-09-06 01:00:00,4303.585293445993,0.0,0.0,3348.960949988582,0.0,4800.0
2030-09-06 02:00:00,4303.585293445993,0.0,0.0,3348.960949988582,0.0,4800.0
2030-09-06 03:00:00,4303.585293445993,0.0,0.0,3348.960949988582,0.0,4800.0
2030-09-06 04:00:00,4303.585293445993,0.0,0.0,3348.960949988582,0.0,4800.0
2030-09-06 05:00:00,4303.585293445993,0.0,0.0,3348.960949988582,0.0,4800.0
2030-09-06 06:00:00,4303.585293445993,0.0,0.0,3348.960949988582,0.0,4800.0
2030-09-06 07:00:00,4303.585293445993,0.0,0.0,3348.960949988582,0.0,4800.0
2030-09-06 08:00:00,4303.585293445993,0.0,0.0,3348.960949988582,0.0,4800.0
2030-09-06 09:00:00,4303.585293445993,0.0,0.0,3348.960949988582,0.0,4800.0
2030-09-06 10:00:00,4303.585293445993,0.0,0.0,2660.163417107371,0.0,4800.0
2030-09-06 11:00:00,4303.585293445993,895.0124508961487,0.0,3348.960949988582,0.0,4800.0
2030-09-06 12:00:00,4303.585293445993,1201.881706193581,0.0,3348.960949988582,0.0,4800.0
2030-09-06 13:00:00,724.8240362698582,1349.8515642840832,0.0,0.0,1525.6580605595502,4800.0
2030-09-06 14:00:00,2572.945547381039,1349.8515642840832,0.0,3348.960949988582,1417.5095554696795,0.0
2030-09-06 15:00:00,1207.160796324363,57.52342801302211,0.0,0.0,0.0,4800.0
2030-09-06 16:00:00,4303.585293445993,0.0,0.0,3348.960949988582,0.0,4800.0
2030-09-06 17:00:00,4303.585293445993,0.0,0.0,3348.960949988582,0.0,4800.0
2030-09-06 18:00:00,4303.585293445993,0.0,0.0,3348.960949988582,0.0,4800.0
2030-09-06 19:00:00,4303.585293445993,0.0,0.0,3348.960949988582,0.0,4800.0
2030-09-06 20:00:00,4303.585293445993,0.0,0.0,3348.960949988582,0.0,4800.0
2030-09-06 21:00:00,4303.585293445993,0.0,0.0,3348.960949988582,0.0,4800.0
2030-09-06 22:00:00,4303.585293445993,0.0,0.0,3348.960949988582,0.0,4800.0
2030-09-06 23:00:00,4303.585293445993,0.0,0.0,3348.960949988582,0.0,4800.0
2030-09-07 00:00:00,4303.585293445993,0.0,0.0,3348.960949988582,0.0,4800.0
2030-09-07 01:00:00,4303.585293445993,0.0,0.0,3348.960949988582,0.0,4800.0
2030-09-07 02:00:00,4303.585293445993,0.0,0.0,3348.960949988582,0.0,4800.0
2030-09-07 03:00:00,4303.585293445993,0.0,0.0,3348.960949988582,0.0,4800.0
2030-09-07 04:00:00,4303.585293445993,0.0,0.0,3348.960949988582,0.0,4800.0
2030-09-07 05:00:00,4303.585293445993,0.0,0.0,3348.960949988582,0.0,4800.0
2030-09-07 06:00:00,4303.585293445993,0.0,0.0,3348.960949988582,0.0,4800.0
2030-09-07 07:00:00,4303.585293445993,0.0,0.0,3348.960949988582,0.0,4800.0
2030-09-07 08:00:00,0.0,0.0,0.0,429.4292152870205,3270.5117824762383,4800.0
2030-09-07 09:00:00,0.0,1148.5140017967915,1558.2471214738653,0.0,4800.0,0.0
2030-09-07 10:00:00,0.0,1349.8515642840832,0.0,566.1622369439003,0.0,468.44375583582223
2030-09-07 11:00:00,0.0,1349.8515642840832,760.5270935926637,0.0,4800.0,0.0
2030-09-07 12:00:00,0.0,1349.8515642840832,3300.0,0.0,4800.0,0.0
2030-09-07 13:00:00,0.0,1349.8515642840832,3300.0,0.0,4800.0,0.0
2030-09-07 14:00:00,0.0,1349.8515642840832,3300.0,0.0,4800.0,0.0
2030-09-07 15:00:00,4303.585293445993,0.0,0.0,3348.960949988582,2223.302273987296,0.0
2030-09-07 16:00:00,4303.585293445993,0.0,0.0,3348.960949988582,0.0,4800.0
2030-09-07 17:00:00,4303.585293445993,0.0,0.0,3348.960949988582,0.0,4800.0
2030-09-07 18:00:00,4303.585293445993,149.44133420455182,0.0,3348.960949988582,0.0,4800.0
2030-09-07 19:00:00,4303.585293445993,0.0,0.0,3348.960949988582,0.0,4800.0
2030-09-07 20:00:00,4303.585293445993,0.0,0.0,3348.960949988582,0.0,4800.0
2030-09-07 21:00:00,4303.585293445993,0.0,0.0,3348.960949988582,0.0,4800.0
2030-09-07 22:00:00,4303.585293445993,0.0,0.0,3348.960949988582,0.0,4800.0
2030-09-07 23:00:00,737.8813378414998,0.0,0.0,2144.07850089743,0.0,4800.0
2030-09-08 00:00:00,0.0,1349.8515642840832,0.0,3348.960949988582,2278.540510197912,0.0
2030-09-08 01:00:00,0.0,0.0,2078.647969769787,0.0,4800.0,0.0
2030-09-08 02:00:00,0.0,1349.8515642840832,3300.0,0.0,4800.0,0.0
2030-09-08 03:00:00,0.0,1349.8515642840832,3300.0,0.0,4800.0,0.0
2030-09-08 04:00:00,0.0,1349.8515642840832,3300.0,0.0,4800.0,0.0
2030-09-08 05:00:00,0.0,1349.8515642840832,3300.0,0.0,4800.0,0.0
2030-09-08 06:00:00,0.0,1349.8515642840832,3300.0,0.0,4800.0,0.0
2030-09-08 07:00:00,0.0,1349.8515642840832,3300.0,0.0,4800.0,0.0
2030-09-08 08:00:00,0.0,1349.8515642840832,3300.0,0.0,4800.0,0.0
2030-09-08 09:00:00,0.0,1349.8515642840832,3300.0,0.0,4800.0,0.0
2030-09-08 10:00:00,0.0,1349.8515642840832,3300.0,0.0,4800.0,0.0
2030-09-08 11:00:00,0.0,1349.8515642840832,3300.0,0.0,4800.0,0.0
2030-09-08 12:00:00,0.0,1349.8515642840832,3300.0,0.0,4800.0,0.0
2030-09-08 13:00:00,0.0,1349.8515642840832,3300.0,0.0,4800.0,0.0
2030-09-08 14:00:00,0.0,1349.8515642840832,3300.0,0.0,4800.0,0.0
2030-09-08 15:00:00,0.0,1349.8515642840832,3300.0,0.0,4800.0,0.0
2030-09-08 16:00:00,0.0,1349.8515642840832,0.0,28.68444825419533,1788.7116302365976,4800.0
2030-09-08 17:00:00,4303.585293445993,0.0,0.0,3348.960949988582,0.0,4800.0
2030-09-08 18:00:00,4303.585293445993,0.0,0.0,3348.960949988582,0.0,4800.0
2030-09-08 19:00:00,4303.585293445993,0.0,0.0,3348.960949988582,0.0,4800.0
2030-09-08 20:00:00,4303.585293445993,0.0,0.0,3348.960949988582,0.0,4800.0
2030-09-08 21:00:00,4303.585293445993,0.0,0.0,3348.960949988582,0.0,4800.0
2030-09-08 22:00:00,4303.585293445993,0.0,0.0,3348.960949988582,0.0,4800.0
2030-09-08 23:00:00,4303.585293445993,0.0,0.0,3348.960949988582,0.0,4800.0
2030-09-09 00:00:00,4303.585293445993,0.0,0.0,3348.960949988582,0.0,4800.0
2030-09-09 01:00:00,4303.585293445993,0.0,0.0,3348.960949988582,0.0,4800.0
2030-09-09 02:00:00,4303.585293445993,0.0,0.0,3348.960949988582,0.0,4800.0
2030-09-09 03:00:00,4303.585293445993,0.0,0.0,3348.960949988582,0.0,4800.0
2030-09-09 04:00:00,4303.585293445993,0.0,0.0,3348.960949988582,0.0,4800.0
2030-09-09 05:00:00,4303.585293445993,0.0,0.0,3348.960949988582,0.0,4800.0
2030-09-09 06:00:00,4303.585293445993,0.0,0.0,3348.960949988582,0.0,4800.0
2030-09-09 07:00:00,145.38449432950597,0.0,0.0,0.0,0.0,2449.2811787329065
2030-09-09 08:00:00,0.0,1349.8515642840832,3300.0,0.0,4800.0,0.0
2030-09-09 09:00:00,0.0,1349.8515642840832,3300.0,0.0,4800.0,0.0
2030-09-09 10:00:00,0.0,1349.8515642840832,3300.0,0.0,4800.0,0.0
2030-09-09 11:00:00,0.0,1349.8515642840832,3300.0,0.0,4800.0,0.0
2030-09-09 12:00:00,0.0,1349.8515642840832,3300.0,0.0,4800.0,0.0
2030-09-09 13:00:00,0.0,1349.8515642840832,3300.0,0.0,4800.0,0.0
2030-09-09 14:00:00,0.0,1349.8515642840832,3300.0,0.0,4800.0,0.0
2030-09-09 15:00:00,0.0,1349.8515642840832,3300.0,0.0,4800.0,0.0
2030-09-09 16:00:00,4303.585293445993,0.0,0.0,3050.933786445077,0.0,4800.0
2030-09-09 17:00:00,4303.585293445993,0.0,0.0,3348.960949988582,0.0,4800.0
2030-09-09 18:00:00,4303.585293445993,0.0,0.0,3348.960949988582,0.0,4800.0
2030-09-09 19:00:00,4303.585293445993,0.0,0.0,3348.960949988582,0.0,4800.0
2030-09-09 20:00:00,4303.585293445993,0.0,0.0,3348.960949988582,0.0,4800.0
2030-09-09 21:00:00,4303.585293445993,0.0,0.0,3348.960949988582,0.0,4800.0
2030-09-09 22:00:00,4303.585293445993,0.0,0.0,3348.960949988582,0.0,4800.0
2030-09-09 23:00:00,4303.585293445993,0.0,0.0,3348.960949988582,0.0,4800.0
2030-09-10 00:00:00,4303.585293445993,0.0,0.0,3348.960949988582,0.0,4800.0
2030-09-10 01:00:00,4303.585293445993,0.0,0.0,3348.960949988582,0.0,4800.0
2030-09-10 02:00:00,4303.585293445993,0.0,0.0,3348.960949988582,0.0,4800.0
2030-09-10 03:00:00,4303.585293445993,0.0,0.0,3348.960949988582,0.0,4800.0
2030-09-10 04:00:00,4303.585293445993,0.0,0.0,3348.960949988582,0.0,4800.0
2030-09-10 05:00:00,4303.585293445993,0.0,0.0,3348.960949988582,0.0,4800.0
2030-09-10 06:00:00,4303.585293445993,0.0,0.0,3348.960949988582,0.0,4800.0
2030-09-10 07:00:00,4303.585293445993,0.0,0.0,3348.960949988582,0.0,4800.0
2030-09-10 08:00:00,4303.585293445993,0.0,0.0,3348.960949988582,0.0,4800.0
2030-09-10 09:00:00,156.83692811896162,319.11395679012463,0.0,0.0,4800.0,4800.0
2030-09-10 10:00:00,0.0,1349.8515642840832,3300.0,0.0,4800.0,0.0
2030-09-10 11:00:00,0.0,1349.8515642840832,3300.0,0.0,4800.0,0.0
2030-09-10 12:00:00,0.0,1349.8515642840832,3300.0,0.0,4800.0,0.0
2030-09-10 13:00:00,0.0,1349.8515642840832,3300.0,0.0,4800.0,0.0
2030-09-10 14:00:00,0.0,736.2434593311209,0.0,0.0,1517.134116570749,0.0
2030-09-10 15:00:00,4303.585293445993,184.67417256307522,0.0,3348.960949988582,0.0,4800.0
2030-09-10 16:00:00,4303.585293445993,0.0,0.0,3348.960949988582,0.0,4800.0
2030-09-10 17:00:00,4303.585293445993,952.3329535230296,0.0,3348.960949988582,0.0,4800.0
2030-09-10 18:00:00,4303.585293445993,0.0,0.0,66.27624602581636,0.0,4800.0
2030-09-10 19:00:00,4303.585293445993,558.8911800318529,0.0,3348.960949988582,0.0,4800.0
2030-09-10 20:00:00,4303.585293445993,0.0,0.0,3348.960949988582,0.0,4800.0
2030-09-10 21:00:00,4303.585293445993,1239.2800353145649,0.0,3348.960949988582,0.0,4800.0
2030-09-10 22:00:00,0.0,0.0,0.0,1405.0945168123249,812.7430323490698,4800.0
2030-09-10 23:00:00,465.958742599978,0.0,0.0,1748.3887919696458,0.0,4800.0
2030-09-11 00:00:00,584.2363140144854,1349.8515642840832,0.0,3348.960949988582,0.0,3389.0865951649203
2030-09-11 01:00:00,343.7879483453944,0.0,0.0,1783.3444626612927,0.0,4800.0
2030-09-11 02:00:00,3856.830240009178,0.0,0.0,3348.960949988582,0.0,4800.0
2030-09-11 03:00:00,4303.585293445993,0.0,0.0,3348.960949988582,0.0,4800.0
2030-09-11 04:00:00,4303.585293445993,0.0,0.0,3348.960949988582,0.0,4800.0
2030-09-11 05:00:00,4303.585293445993,0.0,0.0,3348.960949988582,0.0,4800.0
2030-09-11 06:00:00,4303.585293445993,0.0,0.0,3348.960949988582,0.0,4800.0
2030-09-11 07:00:00,4303.585293445993,0.0,0.0,3348.960949988582,0.0,4800.0
2030-09-11 08:00:00,929.62279038429,0.0,0.0,0.0,4800.0,4639.174058299284
2030-09-11 09:00:00,0.0,1349.8515642840832,3300.0,0.0,4800.0,0.0
2030-09-11 10:00:00,0.0,1349.8515642840832,3300.0,0.0,4800.0,0.0
2030-09-11 11:00:00,0.0,1349.8515642840832,3300.0,0.0,4800.0,0.0
2030-09-11 12:00:00,0.0,1349.8515642840832,3300.0,0.0,4800.0,0.0
2030-09-11 13:00:00,0.0,1349.8515642840832,3300.0,0.0,4800.0,0.0
2030-09-11 14:00:00,0.0,1349.8515642840832,2059.7346826307075,0.0,4800.0,0.0
2030-09-11 15:00:00,4303.585293445993,0.0,0.0,3100.633691697695,0.0,4800.0
2030-09-11 16:00:00,4303.585293445993,0.0,0.0,3348.960949988582,0.0,4800.0
2030-09-11 17:00:00,4303.585293445993,0.0,0.0,3348.960949988582,0.0,4800.0
2030-09-11 18:00:00,4303.585293445993,0.0,0.0,2088.013740410017,0.0,4800.0
2030-09-11 19:00:00,4303.585293445993,0.0,0.0,3348.960949988582,0.0,4800.0
2030-09-11 20:00:00,4303.585293445993,0.0,0.0,3348.960949988582,0.0,4800.0
2030-09-11 21:00:00,4303.585293445993,0.0,0.0,3348.960949988582,0.0,4800.0
2030-09-11 22:00:00,4303.585293445993,0.0,0.0,3348.960949988582,0.0,4800.0
2030-09-11 23:00:00,4303.585293445993,0.0,0.0,3348.960949988582,0.0,4800.0
2030-09-12 00:00:00,4303.585293445993,0.0,0.0,3348.960949988582,0.0,4800.0
2030-09-12 01:00:00,4303.585293445993,0.0,0.0,3348.960949988582,0.0,4800.0
2030-09-12 02:00:00,4303.585293445993,0.0,0.0,3348.960949988582,0.0,4800.0
2030-09-12 03:00:00,4303.585293445993,0.0,0.0,3348.960949988582,0.0,4800.0
2030-09-12 04:00:00,4303.585293445993,0.0,0.0,3348.960949988582,0.0,4800.0
2030-09-12 05:00:00,4303.585293445993,0.0,0.0,3348.960949988582,0.0,4800.0
2030-09-12 06:00:00,4303.585293445993,0.0,0.0,3348.960949988582,0.0,4800.0
2030-09-12 07:00:00,4303.585293445993,0.0,0.0,3348.960949988582,0.0,4800.0
2030-09-12 08:00:00,0.0,1349.8515642840832,0.0,1851.5452332053437,4800.0,962.8519749746156
2030-09-12 09:00:00,0.0,1349.8515642840832,3300.0,0.0,4800.0,0.0
2030-09-12 10:00:00,0.0,1349.8515642840832,3300.0,0.0,4800.0,0.0
2030-09-12 11:00:00,0.0,1349.8515642840832,3300.0,0.0,4800.0,0.0
2030-09-12 12:00:00,0.0,1349.8515642840832,3300.0,0.0,4800.0,0.0
2030-09-12 13:00:00,0.0,1349.8515642840832,3300.0,0.0,4800.0,0.0
2030-09-12 14:00:00,0.0,1349.8515642840832,855.5979196355547,1822.1767501065046,4800.0,0.0
2030-09-12 15:00:00,2430.5851220020195,0.0,0.0,3260.235950626379,0.0,4800.0
2030-09-12 16:00:00,4303.585293445993,0.0,0.0,3348.960949988582,0.0,4800.0
2030-09-12 17:00:00,4303.585293445993,0.0,0.0,3348.960949988582,0.0,4800.0
2030-09-12 18:00:00,4303.585293445993,0.0,0.0,3348.960949988582,0.0,4800.0
2030-09-12 19:00:00,4303.585293445993,0.0,0.0,3348.960949988582,0.0,4800.0
2030-09-12 20:00:00,4303.585293445993,0.0,0.0,3348.960949988582,0.0,4800.0
2030-09-12 21:00:00,4303.585293445993,0.0,0.0,3348.960949988582,0.0,4800.0
2030-09-12 22:00:00,4303.585293445993,0.0,0.0,3348.960949988582,0.0,4800.0
2030-09-12 23:00:00,4303.585293445993,0.0,0.0,3348.960949988582,0.0,4800.0
2030-09-13 00:00:00,4303.585293445993,0.0,0.0,3348.960949988582,0.0,4800.0
2030-09-13 01:00:00,4303.585293445993,0.0,0.0,3348.960949988582,0.0,4800.0
2030-09-13 02:00:00,4303.585293445993,0.0,0.0,3348.960949988582,0.0,4800.0
2030-09-13 03:00:00,4303.585293445993,0.0,0.0,3348.960949988582,0.0,4800.0
2030-09-13 04:00:00,4303.585293445993,0.0,0.0,3348.960949988582,0.0,4800.0
2030-09-13 05:00:00,4303.585293445993,0.0,0.0,3348.960949988582,0.0,4800.0
2030-09-13 06:00:00,4303.585293445993,0.0,0.0,3348.960949988582,0.0,4800.0
2030-09-13 07:00:00,4303.585293445993,0.0,0.0,3348.960949988582,0.0,4800.0
2030-09-13 08:00:00,4303.585293445993,0.0,0.0,3348.960949988582,0.0,4800.0
2030-09-13 09:00:00,4303.585293445993,0.0,0.0,3348.960949988582,0.0,4800.0
2030-09-13 10:00:00,4303.585293445993,0.0,0.0,3348.960949988582,0.0,4800.0
2030-09-13 11:00:00,4303.585293445993,0.0,0.0,3348.960949988582,0.0,4800.0
2030-09-13 12:00:00,4303.585293445993,0.0,0.0,3348.960949988582,0.0,4800.0
2030-09-13 13:00:00,4235.105564794725,0.0,0.0,3348.960949988582,0.0,4800.0
2030-09-13 14:00:00,4303.585293445993,0.0,0.0,3348.960949988582,0.0,4800.0
2030-09-13 15:00:00,4303.585293445993,0.0,0.0,3348.960949988582,0.0,4800.0
2030-09-13 16:00:00,4303.585293445993,0.0,0.0,3348.960949988582,0.0,4800.0
2030-09-13 17:00:00,4303.585293445993,0.0,0.0,3348.960949988582,0.0,4800.0
2030-09-13 18:00:00,4303.585293445993,0.0,0.0,3348.960949988582,0.0,4800.0
2030-09-13 19:00:00,4303.585293445993,0.0,0.0,3348.960949988582,0.0,4800.0
2030-09-13 20:00:00,4303.585293445993,0.0,0.0,3348.960949988582,0.0,4800.0
2030-09-13 21:00:00,4303.585293445993,0.0,0.0,3348.960949988582,0.0,4800.0
2030-09-13 22:00:00,4303.585293445993,0.0,0.0,3348.960949988582,0.0,4800.0
2030-09-13 23:00:00,4303.585293445993,0.0,0.0,3348.960949988582,0.0,4800.0
2030-09-14 00:00:00,4303.585293445993,0.0,0.0,3348.960949988582,0.0,4800.0
2030-09-14 01:00:00,4303.585293445993,0.0,0.0,3348.960949988582,0.0,4800.0
2030-09-14 02:00:00,4303.585293445993,0.0,0.0,3348.960949988582,0.0,4800.0
2030-09-14 03:00:00,4303.585293445993,0.0,0.0,3348.960949988582,0.0,4800.0
2030-09-14 04:00:00,4303.585293445993,0.0,0.0,3348.960949988582,0.0,4800.0
2030-09-14 05:00:00,4303.585293445993,0.0,0.0,3348.960949988582,0.0,4800.0
2030-09-14 06:00:00,4303.585293445993,0.0,0.0,3348.960949988582,0.0,4800.0
2030-09-14 07:00:00,4303.585293445993,0.0,0.0,3348.960949988582,0.0,4800.0
2030-09-14 08:00:00,4303.585293445993,0.0,0.0,3348.960949988582,0.0,4800.0
2030-09-14 09:00:00,4303.585293445993,0.0,0.0,3348.960949988582,0.0,4800.0
2030-09-14 10:00:00,4303.585293445993,0.0,0.0,2503.096002735972,0.0,4800.0
2030-09-14 11:00:00,4303.585293445993,0.0,0.0,2054.370116975589,0.0,4800.0
2030-09-14 12:00:00,4303.585293445993,1182.421713042817,0.0,3348.960949988582,0.0,4800.0
2030-09-14 13:00:00,4303.585293445993,0.0,0.0,2384.061743872704,0.0,4800.0
2030-09-14 14:00:00,4303.585293445993,0.0,0.0,3348.960949988582,0.0,4800.0
2030-09-14 15:00:00,4303.585293445993,0.0,0.0,3348.960949988582,0.0,4800.0
2030-09-14 16:00:00,4303.585293445993,0.0,0.0,3348.960949988582,0.0,4800.0
2030-09-14 17:00:00,4303.585293445993,0.0,0.0,3348.960949988582,0.0,4800.0
2030-09-14 18:00:00,4303.585293445993,0.0,0.0,3348.960949988582,0.0,4800.0
2030-09-14 19:00:00,4303.585293445993,0.0,0.0,3348.960949988582,0.0,4800.0
2030-09-14 20:00:00,4303.585293445993,0.0,0.0,3348.960949988582,0.0,4800.0
2030-09-14 21:00:00,4303.585293445993,0.0,0.0,3348.960949988582,0.0,4800.0
2030-09-14 22:00:00,4303.585293445993,0.0,0.0,3348.960949988582,0.0,4800.0
2030-09-14 23:00:00,4303.585293445993,0.0,0.0,3348.960949988582,0.0,4800.0
2030-09-15 00:00:00,4303.585293445993,0.0,0.0,3348.960949988582,0.0,4800.0
2030-09-15 01:00:00,2887.851235726863,0.0,0.0,3348.960949988582,0.0,4800.0
2030-09-15 02:00:00,0.0,1328.843068726398,0.0,3348.960949988582,4151.327039554708,4800.0
2030-09-15 03:00:00,0.0,0.0,389.9787759431856,1600.4282830794264,4800.0,0.0
2030-09-15 04:00:00,0.0,42.80080475733154,3300.0,0.0,4800.0,0.0
2030-09-15 05:00:00,0.0,1258.0954451534528,3300.0,0.0,4800.0,0.0
2030-09-15 06:00:00,0.0,1349.8515642840832,3300.0,0.0,4800.0,0.0
2030-09-15 07:00:00,0.0,1349.8515642840832,3300.0,0.0,4800.0,0.0
2030-09-15 08:00:00,0.0,1349.8515642840832,3300.0,0.0,4800.0,0.0
2030-09-15 09:00:00,0.0,1349.8515642840832,3300.0,0.0,4800.0,0.0
2030-09-15 10:00:00,0.0,1349.8515642840832,3300.0,0.0,4800.0,0.0
2030-09-15 11:00:00,0.0,1349.8515642840832,3300.0,0.0,4800.0,0.0
2030-09-15 12:00:00,0.0,1349.8515642840832,3300.0,0.0,4800.0,0.0
2030-09-15 13:00:00,0.0,1349.8515642840832,3300.0,0.0,4800.0,0.0
2030-09-15 14:00:00,0.0,1349.8515642840832,3300.0,0.0,4800.0,0.0
2030-09-15 15:00:00,0.0,1349.8515642840832,3300.0,0.0,4800.0,0.0
2030-09-15 16:00:00,0.0,1349.8515642840832,3300.0,0.0,4800.0,0.0
2030-09-15 17:00:00,0.0,1349.8515642840832,3300.0,1256.5775406557227,4800.0,0.0
2030-09-15 18:00:00,0.0,7.869485706374775,3300.0,0.0,4800.0,0.0
2030-09-15 19:00:00,0.0,968.3089392741906,3300.0,0.0,4800.0,0.0
2030-09-15 20:00:00,0.0,1219.3899713911817,3300.0,0.0,4800.0,0.0
2030-09-15 21:00:00,0.0,1349.8515642840832,3300.0,0.0,4800.0,0.0
2030-09-15 22:00:00,0.0,1349.8515642840832,3300.0,85.12840525439901,4800.0,0.0
2030-09-15 23:00:00,0.0,1349.8515642840832,3300.0,1146.8309786122682,4800.0,0.0
2030-09-16 00:00:00,0.0,0.0,3300.0,22.13231707655305,4800.0,0.0
2030-09-16 01:00:00,0.0,1349.8515642840832,3300.0,1425.7473365434635,4800.0,0.0
2030-09-16 02:00:00,0.0,1349.8515642840832,3300.0,151.78671702681459,4800.0,0.0
2030-09-16 03:00:00,0.0,1349.8515642840832,3300.0,350.3497205433821,4800.0,0.0
2030-09-16 04:00:00,0.0,0.0,3300.0,422.3305373013372,4800.0,0.0
2030-09-16 05:00:00,0.0,1349.8515642840832,3300.0,382.4996964356749,4800.0,0.0
2030-09-16 06:00:00,0.0,1349.8515642840832,3300.0,786.6064582162476,4800.0,0.0
2030-09-16 07:00:00,0.0,1349.8515642840832,3300.0,0.0,4800.0,0.0
2030-09-16 08:00:00,0.0,1349.8515642840832,3300.0,0.0,4800.0,0.0
2030-09-16 09:00:00,0.0,1349.8515642840832,3300.0,0.0,4800.0,0.0
2030-09-16 10:00:00,0.0,1349.8515642840832,3300.0,0.0,4800.0,0.0
2030-09-16 11:00:00,0.0,1349.8515642840832,3300.0,0.0,4800.0,0.0
2030-09-16 12:00:00,0.0,1349.8515642840832,3300.0,0.0,4800.0,0.0
2030-09-16 13:00:00,0.0,1349.8515642840832,3300.0,0.0,4800.0,0.0
2030-09-16 14:00:00,0.0,1349.8515642840832,3300.0,0.0,4800.0,0.0
2030-09-16 15:00:00,0.0,1349.8515642840832,245.60077126374745,0.0,4800.0,0.0
2030-09-16 16:00:00,4303.585293445993,0.0,0.0,3348.960949988582,0.0,4800.0
2030-09-16 17:00:00,4303.585293445993,0.0,0.0,3348.960949988582,0.0,4800.0
2030-09-16 18:00:00,4303.585293445993,0.0,0.0,3348.960949988582,0.0,4800.0
2030-09-16 19:00:00,4303.585293445993,0.0,0.0,3348.960949988582,0.0,4800.0
2030-09-16 20:00:00,4303.585293445993,0.0,0.0,3348.960949988582,0.0,4800.0
2030-09-16 21:00:00,4303.585293445993,0.0,0.0,3348.960949988582,0.0,4800.0
2030-09-16 22:00:00,4303.585293445993,0.0,0.0,3348.960949988582,0.0,4800.0
2030-09-16 23:00:00,4303.585293445993,0.0,0.0,3348.960949988582,0.0,4800.0
2030-09-17 00:00:00,4303.585293445993,0.0,0.0,3348.960949988582,0.0,4800.0
2030-09-17 01:00:00,4303.585293445993,0.0,0.0,3348.960949988582,0.0,4800.0
2030-09-17 02:00:00,4303.585293445993,0.0,0.0,3348.960949988582,0.0,4800.0
2030-09-17 03:00:00,4303.585293445993,0.0,0.0,3348.960949988582,0.0,4800.0
2030-09-17 04:00:00,4303.585293445993,0.0,0.0,3348.960949988582,0.0,4800.0
2030-09-17 05:00:00,4303.585293445993,0.0,0.0,3348.960949988582,0.0,4800.0
2030-09-17 06:00:00,4303.585293445993,534.8135018579997,0.0,3348.960949988582,0.0,4800.0
2030-09-17 07:00:00,4303.585293445993,0.0,0.0,3348.960949988582,0.0,4800.0
2030-09-17 08:00:00,602.7338896890524,0.0,0.0,566.7890011507668,0.0,4800.0
2030-09-17 09:00:00,0.0,1349.8515642840832,3300.0,0.0,4800.0,0.0
2030-09-17 10:00:00,0.0,1349.8515642840832,3300.0,0.0,4800.0,0.0
2030-09-17 11:00:00,0.0,1349.8515642840832,3300.0,0.0,4800.0,0.0
2030-09-17 12:00:00,0.0,1349.8515642840832,3300.0,0.0,4800.0,0.0
2030-09-17 13:00:00,0.0,1349.8515642840832,3300.0,0.0,4800.0,0.0
2030-09-17 14:00:00,0.0,1349.8515642840832,3300.0,0.0,4800.0,0.0
2030-09-17 15:00:00,4303.585293445993,986.8395770839844,0.0,3348.960949988582,0.0,4800.0
2030-09-17 16:00:00,4303.585293445993,0.0,0.0,3348.960949988582,0.0,4800.0
2030-09-17 17:00:00,4303.585293445993,0.0,0.0,1911.7045932108304,0.0,4800.0
2030-09-17 18:00:00,4303.585293445993,1349.8515642840832,0.0,1500.5093114847841,0.0,4800.0
2030-09-17 19:00:00,4303.585293445993,715.3639677499377,0.0,3348.960949988582,0.0,4800.0
2030-09-17 20:00:00,4303.585293445993,0.0,0.0,3348.960949988582,0.0,4800.0
2030-09-17 21:00:00,4303.585293445993,247.61835017087287,0.0,3348.960949988582,0.0,4800.0
2030-09-17 22:00:00,4303.585293445993,851.70129101161,0.0,3348.960949988582,0.0,4800.0
2030-09-17 23:00:00,4303.585293445993,0.0,0.0,3348.960949988582,0.0,4800.0
2030-09-18 00:00:00,4303.585293445993,0.0,0.0,3348.960949988582,0.0,4800.0
2030-09-18 01:00:00,4303.585293445993,0.0,0.0,3348.960949988582,0.0,4800.0
2030-09-18 02:00:00,4303.585293445993,0.0,0.0,3348.960949988582,0.0,4800.0
2030-09-18 03:00:00,4303.585293445993,0.0,0.0,3348.960949988582,0.0,4800.0
2030-09-18 04:00:00,4303.585293445993,0.0,0.0,3348.960949988582,0.0,4800.0
2030-09-18 05:00:00,4303.585293445993,0.0,0.0,3348.960949988582,0.0,4800.0
2030-09-18 06:00:00,4303.585293445993,1349.8515642840832,0.0,2305.9078132550057,0.0,4800.0
2030-09-18 07:00:00,4303.585293445993,0.0,0.0,3348.960949988582,0.0,4800.0
2030-09-18 08:00:00,2674.2458911079775,0.0,0.0,2243.2822951557587,0.0,4800.0
2030-09-18 09:00:00,0.0,1349.8515642840832,0.0,0.0,4800.0,1196.7585560325933
2030-09-18 10:00:00,0.0,1349.8515642840832,1098.5122702279132,0.0,4800.0,0.0
2030-09-18 11:00:00,0.0,1349.8515642840832,2814.350379846619,0.0,4800.0,0.0
2030-09-18 12:00:00,0.0,1349.8515642840832,34.677935657782655,0.0,4800.0,0.0
2030-09-18 13:00:00,688.9073247807701,1349.8515642840832,0.0,0.0,772.8703607976695,0.0
2030-09-18 14:00:00,4303.585293445993,1033.3305868155248,0.0,3348.960949988582,0.0,4800.0
2030-09-18 15:00:00,4303.585293445993,0.0,0.0,3348.960949988582,0.0,4800.0
2030-09-18 16:00:00,4303.585293445993,0.0,0.0,3348.960949988582,0.0,4800.0
2030-09-18 17:00:00,4303.585293445993,0.0,0.0,706.1230666849951,0.0,4800.0
2030-09-18 18:00:00,4303.585293445993,1349.8515642840832,0.0,0.0,0.0,4800.0
2030-09-18 19:00:00,4303.585293445993,1349.8515642840832,0.0,1999.028001717721,0.0,4800.0
2030-09-18 20:00:00,4303.585293445993,0.0,0.0,3304.417976389901,0.0,4800.0
2030-09-18 21:00:00,4303.585293445993,1349.8515642840832,0.0,2778.688831810796,0.0,4800.0
2030-09-18 22:00:00,4303.585293445993,1349.8515642840832,0.0,2418.8821356213957,0.0,4800.0
2030-09-18 23:00:00,4303.585293445993,0.0,0.0,3348.960949988582,0.0,4800.0
2030-09-19 00:00:00,4303.585293445993,0.0,0.0,3348.960949988582,0.0,4800.0
2030-09-19 01:00:00,4303.585293445993,0.0,0.0,3348.960949988582,0.0,4800.0
2030-09-19 02:00:00,4303.585293445993,0.0,0.0,3348.960949988582,0.0,4800.0
2030-09-19 03:00:00,4303.585293445993,0.0,0.0,3348.960949988582,0.0,4800.0
2030-09-19 04:00:00,4303.585293445993,0.0,0.0,3348.960949988582,0.0,4800.0
2030-09-19 05:00:00,4303.585293445993,0.0,0.0,3348.960949988582,0.0,4800.0
2030-09-19 06:00:00,4303.585293445993,0.0,0.0,3348.960949988582,0.0,4800.0
2030-09-19 07:00:00,4303.585293445993,0.0,0.0,3348.960949988582,0.0,4800.0
2030-09-19 08:00:00,0.0,0.0,0.0,492.7597242702252,1242.6972791409607,0.0
2030-09-19 09:00:00,0.0,1349.8515642840832,3300.0,0.0,4800.0,0.0
2030-09-19 10:00:00,0.0,1349.8515642840832,3300.0,0.0,4800.0,0.0
2030-09-19 11:00:00,0.0,1349.8515642840832,3300.0,0.0,4800.0,0.0
2030-09-19 12:00:00,0.0,1349.8515642840832,3300.0,0.0,4800.0,0.0
2030-09-19 13:00:00,0.0,1349.8515642840832,3048.7776162451446,0.0,4800.0,0.0
2030-09-19 14:00:00,191.00808618374867,0.0,0.0,1633.55420823971,0.0,4800.0
2030-09-19 15:00:00,4303.585293445993,0.0,0.0,3348.960949988582,0.0,4800.0
2030-09-19 16:00:00,4303.585293445993,0.0,0.0,3348.960949988582,0.0,4800.0
2030-09-19 17:00:00,4303.585293445993,0.0,0.0,3348.960949988582,0.0,4800.0
2030-09-19 18:00:00,4303.585293445993,0.0,0.0,3348.960949988582,0.0,4800.0
2030-09-19 19:00:00,4303.585293445993,0.0,0.0,3348.960949988582,0.0,4800.0
2030-09-19 20:00:00,4303.585293445993,0.0,0.0,3348.960949988582,0.0,4800.0
2030-09-19 21:00:00,4303.585293445993,0.0,0.0,3348.960949988582,0.0,4800.0
2030-09-19 22:00:00,4303.585293445993,0.0,0.0,3348.960949988582,0.0,4800.0
2030-09-19 23:00:00,4303.585293445993,0.0,0.0,3348.960949988582,0.0,4800.0
2030-09-20 00:00:00,4303.585293445993,0.0,0.0,3348.960949988582,0.0,4800.0
2030-09-20 01:00:00,4303.585293445993,0.0,0.0,3348.960949988582,0.0,4800.0
2030-09-20 02:00:00,4303.585293445993,0.0,0.0,3348.960949988582,0.0,4800.0
2030-09-20 03:00:00,4303.585293445993,0.0,0.0,3348.960949988582,0.0,4800.0
2030-09-20 04:00:00,4303.585293445993,0.0,0.0,3348.960949988582,0.0,4800.0
2030-09-20 05:00:00,4303.585293445993,0.0,0.0,3348.960949988582,0.0,4800.0
2030-09-20 06:00:00,4303.585293445993,0.0,0.0,3348.960949988582,0.0,4800.0
2030-09-20 07:00:00,4303.585293445993,0.0,0.0,3348.960949988582,0.0,4800.0
2030-09-20 08:00:00,0.0,1349.8515642840832,3300.0,2034.3129696086032,4800.0,0.0
2030-09-20 09:00:00,0.0,132.20294790197522,3300.0,0.0,4800.0,0.0
2030-09-20 10:00:00,0.0,1349.8515642840832,3300.0,0.0,4800.0,0.0
2030-09-20 11:00:00,0.0,1349.8515642840832,3300.0,0.0,4800.0,0.0
2030-09-20 12:00:00,0.0,1349.8515642840832,3300.0,0.0,4800.0,0.0
2030-09-20 13:00:00,0.0,1349.8515642840832,3300.0,0.0,4800.0,0.0
2030-09-20 14:00:00,0.0,1349.8515642840832,3300.0,0.0,4800.0,0.0
2030-09-20 15:00:00,0.0,1349.8515642840832,3300.0,0.0,4800.0,0.0
2030-09-20 16:00:00,4303.585293445993,0.0,0.0,3348.960949988582,0.0,4800.0
2030-09-20 17:00:00,4303.585293445993,0.0,0.0,3348.960949988582,0.0,4800.0
2030-09-20 18:00:00,4303.585293445993,0.0,0.0,3348.960949988582,0.0,4800.0
2030-09-20 19:00:00,4303.585293445993,0.0,0.0,3348.960949988582,0.0,4800.0
2030-09-20 20:00:00,4303.585293445993,0.0,0.0,3348.960949988582,0.0,4800.0
2030-09-20 21:00:00,4303.585293445993,0.0,0.0,3348.960949988582,0.0,4800.0
2030-09-20 22:00:00,4303.585293445993,0.0,0.0,3348.960949988582,0.0,4800.0
2030-09-20 23:00:00,4303.585293445993,0.0,0.0,3348.960949988582,0.0,4800.0
2030-09-21 00:00:00,4303.585293445993,0.0,0.0,3348.960949988582,0.0,4800.0
2030-09-21 01:00:00,4303.585293445993,0.0,0.0,3348.960949988582,0.0,4800.0
2030-09-21 02:00:00,4303.585293445993,0.0,0.0,3348.960949988582,0.0,4800.0
2030-09-21 03:00:00,4303.585293445993,0.0,0.0,3348.960949988582,0.0,4800.0
2030-09-21 04:00:00,4303.585293445993,0.0,0.0,3348.960949988582,0.0,4800.0
2030-09-21 05:00:00,4303.585293445993,0.0,0.0,3348.960949988582,0.0,4800.0
2030-09-21 06:00:00,4303.585293445993,0.0,0.0,3348.960949988582,0.0,4800.0
2030-09-21 07:00:00,4303.585293445993,0.0,0.0,3348.960949988582,0.0,4800.0
2030-09-21 08:00:00,1330.790371432653,0.0,0.0,1338.081663265134,0.0,4800.0
2030-09-21 09:00:00,0.0,1349.8515642840832,3300.0,0.0,4800.0,0.0
2030-09-21 10:00:00,0.0,1349.8515642840832,3300.0,0.0,4800.0,0.0
2030-09-21 11:00:00,0.0,1349.8515642840832,3300.0,0.0,4800.0,0.0
2030-09-21 12:00:00,0.0,1349.8515642840832,3300.0,0.0,4800.0,0.0
2030-09-21 13:00:00,0.0,1349.8515642840832,3300.0,0.0,4800.0,0.0
2030-09-21 14:00:00,1139.3580223377905,1349.8515642840832,0.0,0.0,2049.3362839230103,0.0
2030-09-21 15:00:00,4303.585293445993,0.0,0.0,3348.960949988582,0.0,4800.0
2030-09-21 16:00:00,4303.585293445993,0.0,0.0,3348.960949988582,0.0,4800.0
2030-09-21 17:00:00,4303.585293445993,0.0,0.0,3348.960949988582,0.0,4800.0
2030-09-21 18:00:00,4303.585293445993,0.0,0.0,3348.960949988582,0.0,4800.0
2030-09-21 19:00:00,4303.585293445993,0.0,0.0,3348.960949988582,0.0,4800.0
2030-09-21 20:00:00,4303.585293445993,0.0,0.0,3348.960949988582,0.0,4800.0
2030-09-21 21:00:00,4303.585293445993,0.0,0.0,3348.960949988582,0.0,4800.0
2030-09-21 22:00:00,4303.585293445993,0.0,0.0,3348.960949988582,0.0,4800.0
2030-09-21 23:00:00,4303.585293445993,0.0,0.0,3348.960949988582,0.0,4800.0
2030-09-22 00:00:00,4303.585293445993,0.0,0.0,3348.960949988582,0.0,4800.0
2030-09-22 01:00:00,4303.585293445993,0.0,0.0,3348.960949988582,0.0,4800.0
2030-09-22 02:00:00,4303.585293445993,0.0,0.0,3348.960949988582,0.0,4800.0
2030-09-22 03:00:00,4303.585293445993,0.0,0.0,3348.960949988582,0.0,4800.0
2030-09-22 04:00:00,4303.585293445993,0.0,0.0,3348.960949988582,0.0,4800.0
2030-09-22 05:00:00,4303.585293445993,0.0,0.0,3348.960949988582,0.0,4800.0
2030-09-22 06:00:00,4303.585293445993,0.0,0.0,3348.960949988582,0.0,4800.0
2030-09-22 07:00:00,0.0,271.93874643710956,0.0,0.0,4728.010739261343,4800.0
2030-09-22 08:00:00,0.0,1349.8515642840832,3300.0,0.0,4800.0,0.0
2030-09-22 09:00:00,0.0,1349.8515642840832,3300.0,0.0,4800.0,0.0
2030-09-22 10:00:00,0.0,1349.8515642840832,3300.0,0.0,4800.0,0.0
2030-09-22 11:00:00,0.0,1349.8515642840832,3300.0,0.0,4800.0,0.0
2030-09-22 12:00:00,0.0,1349.8515642840832,3300.0,0.0,4800.0,0.0
2030-09-22 13:00:00,0.0,1349.8515642840832,3300.0,0.0,4800.0,0.0
2030-09-22 14:00:00,0.0,1349.8515642840832,3300.0,0.0,4800.0,0.0
2030-09-22 15:00:00,340.20718937809033,1349.8515642840832,0.0,0.0,0.0,4800.0
2030-09-22 16:00:00,4303.585293445993,0.0,0.0,3348.960949988582,0.0,4800.0
2030-09-22 17:00:00,4303.585293445993,0.0,0.0,3348.960949988582,0.0,4800.0
2030-09-22 18:00:00,4303.585293445993,0.0,0.0,3348.960949988582,0.0,4800.0
2030-09-22 19:00:00,4303.585293445993,0.0,0.0,3348.960949988582,0.0,4800.0
2030-09-22 20:00:00,4303.585293445993,0.0,0.0,3348.960949988582,0.0,4800.0
2030-09-22 21:00:00,4303.585293445993,0.0,0.0,3348.960949988582,0.0,4800.0
2030-09-22 22:00:00,4303.585293445993,0.0,0.0,3348.960949988582,0.0,4800.0
2030-09-22 23:00:00,4303.585293445993,0.0,0.0,3348.960949988582,0.0,4800.0
2030-09-23 00:00:00,4303.585293445993,0.0,0.0,3348.960949988582,0.0,4800.0
2030-09-23 01:00:00,4303.585293445993,0.0,0.0,3348.960949988582,0.0,4800.0
2030-09-23 02:00:00,4303.585293445993,0.0,0.0,3348.960949988582,0.0,4800.0
2030-09-23 03:00:00,4303.585293445993,0.0,0.0,3348.960949988582,0.0,4800.0
2030-09-23 04:00:00,4303.585293445993,0.0,0.0,3348.960949988582,0.0,4800.0
2030-09-23 05:00:00,4303.585293445993,0.0,0.0,3348.960949988582,0.0,4800.0
2030-09-23 06:00:00,4303.585293445993,0.0,0.0,3348.960949988582,0.0,4800.0
2030-09-23 07:00:00,0.0,1128.8064542524,0.0,3348.960949988582,0.0,620.2518587849045
2030-09-23 08:00:00,0.0,1349.8515642840832,3300.0,0.0,4800.0,0.0
2030-09-23 09:00:00,0.0,1349.8515642840832,3300.0,0.0,4800.0,0.0
2030-09-23 10:00:00,0.0,1349.8515642840832,3300.0,0.0,4800.0,0.0
2030-09-23 11:00:00,0.0,1349.8515642840832,3300.0,0.0,4800.0,0.0
2030-09-23 12:00:00,0.0,1349.8515642840832,3300.0,0.0,4800.0,0.0
2030-09-23 13:00:00,0.0,1349.8515642840832,3300.0,0.0,4800.0,0.0
2030-09-23 14:00:00,0.0,1349.8515642840832,3300.0,0.0,4800.0,0.0
2030-09-23 15:00:00,0.0,1349.8515642840832,3300.0,0.0,4800.0,0.0
2030-09-23 16:00:00,0.0,237.91910116201325,2334.197292834964,0.0,4800.0,0.0
2030-09-23 17:00:00,4303.585293445993,0.0,0.0,3348.960949988582,0.0,4800.0
2030-09-23 18:00:00,4303.585293445993,0.0,0.0,3348.960949988582,0.0,4800.0
2030-09-23 19:00:00,4303.585293445993,0.0,0.0,3348.960949988582,0.0,4800.0
2030-09-23 20:00:00,4303.585293445993,0.0,0.0,3348.960949988582,0.0,4800.0
2030-09-23 21:00:00,4303.585293445993,0.0,0.0,3348.960949988582,0.0,4800.0
2030-09-23 22:00:00,4303.585293445993,0.0,0.0,3348.960949988582,0.0,4800.0
2030-09-23 23:00:00,4303.585293445993,0.0,0.0,3348.960949988582,0.0,4800.0
2030-09-24 00:00:00,4303.585293445993,0.0,0.0,3348.960949988582,0.0,4800.0
2030-09-24 01:00:00,4303.585293445993,0.0,0.0,3348.960949988582,0.0,4800.0
2030-09-24 02:00:00,4303.585293445993,0.0,0.0,3348.960949988582,0.0,4800.0
2030-09-24 03:00:00,4303.585293445993,0.0,0.0,3348.960949988582,0.0,4800.0
2030-09-24 04:00:00,4303.585293445993,0.0,0.0,3348.960949988582,0.0,4800.0
2030-09-24 05:00:00,4303.585293445993,0.0,0.0,3348.960949988582,0.0,4800.0
2030-09-24 06:00:00,4303.585293445993,0.0,0.0,3348.960949988582,0.0,4800.0
2030-09-24 07:00:00,4303.585293445993,0.0,0.0,3348.960949988582,0.0,4800.0
2030-09-24 08:00:00,4303.585293445993,0.0,0.0,3348.960949988582,0.0,4800.0
2030-09-24 09:00:00,4303.585293445993,0.0,0.0,3348.960949988582,0.0,4800.0
2030-09-24 10:00:00,536.8286371611975,758.8649425627125,0.0,0.0,0.0,4800.0
2030-09-24 11:00:00,758.9395930193331,1349.8515642840832,0.0,0.0,0.0,3453.536236248772
2030-09-24 12:00:00,1162.0431007490206,1349.8515642840832,0.0,0.0,0.0,4800.0
2030-09-24 13:00:00,4303.585293445993,1349.8515642840832,0.0,2937.938372654511,0.0,4800.0
2030-09-24 14:00:00,4303.585293445993,0.0,0.0,3348.960949988582,0.0,4800.0
2030-09-24 15:00:00,4303.585293445993,0.0,0.0,3348.960949988582,0.0,4800.0
2030-09-24 16:00:00,4303.585293445993,0.0,0.0,3348.960949988582,0.0,4800.0
2030-09-24 17:00:00,4303.585293445993,0.0,0.0,3348.960949988582,0.0,4800.0
2030-09-24 18:00:00,4303.585293445993,0.0,0.0,3348.960949988582,0.0,4800.0
2030-09-24 19:00:00,4303.585293445993,0.0,0.0,3348.960949988582,0.0,4800.0
2030-09-24 20:00:00,4303.585293445993,0.0,0.0,3348.960949988582,0.0,4800.0
2030-09-24 21:00:00,0.0,0.0,0.0,2505.893946197573,0.0,4753.581917748328
2030-09-24 22:00:00,0.0,0.0,0.0,2525.054536997162,3139.214851385368,0.0
2030-09-24 23:00:00,0.0,1349.8515642840832,1610.3864441986188,3348.960949988582,4800.0,482.7967272509086
2030-09-25 00:00:00,0.0,1349.8515642840832,2514.0632862019556,1278.691178430896,0.0,0.0
2030-09-25 01:00:00,0.0,763.4163692720535,3300.0,0.0,4800.0,0.0
2030-09-25 02:00:00,0.0,0.0,2503.471411748264,0.0,2553.1590908003504,0.0
2030-09-25 03:00:00,0.0,0.0,2568.3400700474303,443.8854803334598,4800.0,4800.0
2030-09-25 04:00:00,0.0,0.0,377.88690845715837,3348.960949988582,0.0,0.0
2030-09-25 05:00:00,0.0,0.0,592.2098456232093,3348.960949988582,0.0,1040.2921661309197
2030-09-25 06:00:00,0.0,0.0,271.37865375710453,3348.960949988582,4800.0,4800.0
2030-09-25 07:00:00,0.0,0.0,3300.0,864.5442172738425,4800.0,0.0
2030-09-25 08:00:00,0.0,1349.8515642840832,3300.0,1975.688539081705,4800.0,0.0
2030-09-25 09:00:00,0.0,1349.8515642840832,3300.0,672.6125805942781,4800.0,0.0
2030-09-25 10:00:00,0.0,79.88905525609238,3300.0,0.0,4800.0,0.0
2030-09-25 11:00:00,0.0,944.373355189635,3300.0,0.0,4800.0,0.0
2030-09-25 12:00:00,0.0,1349.8515642840832,3300.0,0.0,4800.0,0.0
2030-09-25 13:00:00,0.0,1349.8515642840832,3300.0,0.0,4800.0,0.0
2030-09-25 14:00:00,0.0,1349.8515642840832,3300.0,0.0,4800.0,0.0
2030-09-25 15:00:00,0.0,1349.8515642840832,3300.0,0.0,4800.0,0.0
2030-09-25 16:00:00,0.0,1349.8515642840832,3300.0,0.0,4800.0,0.0
2030-09-25 17:00:00,0.0,1349.8515642840832,3300.0,1189.0950509343247,4800.0,0.0
2030-09-25 18:00:00,0.0,0.0,3300.0,0.0,4800.0,0.0
2030-09-25 19:00:00,0.0,691.512333610321,3300.0,0.0,4800.0,0.0
2030-09-25 20:00:00,0.0,1349.8515642840832,3300.0,462.4087054455731,4800.0,0.0
2030-09-25 21:00:00,0.0,1171.803026464611,3300.0,0.0,4800.0,0.0
2030-09-25 22:00:00,0.0,1349.8515642840832,3300.0,233.27819169760255,4800.0,0.0
2030-09-25 23:00:00,0.0,1349.8515642840832,3300.0,1305.060297295438,4800.0,0.0
2030-09-26 00:00:00,0.0,0.0,3300.0,690.1413421226712,4800.0,0.0
2030-09-26 01:00:00,0.0,1349.8515642840832,3300.0,2140.0621226184057,4800.0,0.0
2030-09-26 02:00:00,0.0,0.0,3300.0,0.0,4800.0,0.0
2030-09-26 03:00:00,0.0,0.0,3300.0,124.38790213515449,4800.0,0.0
2030-09-26 04:00:00,0.0,1349.8515642840832,3300.0,3348.960949988582,4800.0,0.0
2030-09-26 05:00:00,0.0,1349.8515642840832,3300.0,2462.888113198695,4800.0,0.0
2030-09-26 06:00:00,0.0,1349.8515642840832,3300.0,1934.988056555222,4800.0,0.0
2030-09-26 07:00:00,0.0,0.0,3300.0,0.0,4800.0,0.0
2030-09-26 08:00:00,0.0,1349.8515642840832,3300.0,0.0,4800.0,0.0
2030-09-26 09:00:00,0.0,1349.8515642840832,3300.0,0.0,4800.0,0.0
2030-09-26 10:00:00,0.0,1349.8515642840832,3300.0,0.0,4800.0,0.0
2030-09-26 11:00:00,0.0,1349.8515642840832,3300.0,0.0,4800.0,0.0
2030-09-26 12:00:00,0.0,1349.8515642840832,3300.0,0.0,4800.0,0.0
2030-09-26 13:00:00,0.0,1349.8515642840832,3300.0,0.0,4800.0,0.0
2030-09-26 14:00:00,0.0,1349.8515642840832,3300.0,0.0,4800.0,0.0
2030-09-26 15:00:00,0.0,0.0,0.0,595.1242808470402,1848.1754756385199,0.0
2030-09-26 16:00:00,4303.585293445993,0.0,0.0,3348.960949988582,0.0,4800.0
2030-09-26 17:00:00,4303.585293445993,0.0,0.0,3348.960949988582,0.0,4800.0
2030-09-26 18:00:00,4303.585293445993,0.0,0.0,3348.960949988582,0.0,4800.0
2030-09-26 19:00:00,4303.585293445993,0.0,0.0,3348.960949988582,0.0,4800.0
2030-09-26 20:00:00,4303.585293445993,0.0,0.0,3348.960949988582,0.0,4800.0
2030-09-26 21:00:00,4303.585293445993,0.0,0.0,3348.960949988582,0.0,4800.0
2030-09-26 22:00:00,4303.585293445993,0.0,0.0,3348.960949988582,0.0,4800.0
2030-09-26 23:00:00,4303.585293445993,0.0,0.0,3348.960949988582,0.0,4800.0
2030-09-27 00:00:00,4303.585293445993,0.0,0.0,3348.960949988582,0.0,4800.0
2030-09-27 01:00:00,4303.585293445993,0.0,0.0,3348.960949988582,0.0,4800.0
2030-09-27 02:00:00,4303.585293445993,0.0,0.0,3348.960949988582,0.0,4800.0
2030-09-27 03:00:00,4303.585293445993,0.0,0.0,3348.960949988582,0.0,4800.0
2030-09-27 04:00:00,4303.585293445993,0.0,0.0,3348.960949988582,0.0,4800.0
2030-09-27 05:00:00,4303.585293445993,0.0,0.0,3348.960949988582,0.0,4800.0
2030-09-27 06:00:00,4303.585293445993,0.0,0.0,3348.960949988582,0.0,4800.0
2030-09-27 07:00:00,4303.585293445993,0.0,0.0,3348.960949988582,0.0,4800.0
2030-09-27 08:00:00,1589.3849618984843,0.0,0.0,3348.960949988582,0.0,4800.0
2030-09-27 09:00:00,1309.968422731154,1349.8515642840832,0.0,3348.960949988582,4800.0,4800.0
2030-09-27 10:00:00,0.0,1349.8515642840832,0.0,819.1785666619226,4800.0,4800.0
2030-09-27 11:00:00,1004.9117167371446,0.0,0.0,0.0,2247.786823268791,0.0
2030-09-27 12:00:00,0.0,1349.8515642840832,0.0,1322.285568713071,4800.0,4800.0
2030-09-27 13:00:00,0.0,0.0,0.0,0.0,555.7798652709789,4800.0
2030-09-27 14:00:00,4303.585293445993,0.0,0.0,3348.960949988582,0.0,4800.0
2030-09-27 15:00:00,4303.585293445993,0.0,0.0,3348.960949988582,0.0,4800.0
2030-09-27 16:00:00,4303.585293445993,0.0,0.0,3348.960949988582,0.0,4800.0
2030-09-27 17:00:00,4303.585293445993,0.0,0.0,3348.960949988582,0.0,4800.0
2030-09-27 18:00:00,4303.585293445993,0.0,0.0,3348.960949988582,0.0,4800.0
2030-09-27 19:00:00,4303.585293445993,0.0,0.0,3348.960949988582,0.0,4800.0
2030-09-27 20:00:00,4303.585293445993,0.0,0.0,3348.960949988582,0.0,4800.0
2030-09-27 21:00:00,4303.585293445993,0.0,0.0,3348.960949988582,0.0,4800.0
2030-09-27 22:00:00,4303.585293445993,0.0,0.0,3348.960949988582,0.0,4800.0
2030-09-27 23:00:00,4303.585293445993,0.0,0.0,3348.960949988582,0.0,4800.0
2030-09-28 00:00:00,2279.33670347563,0.0,0.0,3348.960949988582,0.0,4800.0
2030-09-28 01:00:00,3698.6608725219967,0.0,3300.0,3348.960949988582,0.0,4800.0
2030-09-28 02:00:00,393.4138597555069,0.0,0.0,3348.960949988582,0.0,4800.0
2030-09-28 03:00:00,170.5410301605807,0.0,0.0,3348.960949988582,0.0,4800.0
2030-09-28 04:00:00,4303.585293445993,0.0,0.0,3348.960949988582,0.0,4800.0
2030-09-28 05:00:00,4303.585293445993,0.0,0.0,3348.960949988582,0.0,4800.0
2030-09-28 06:00:00,4303.585293445993,0.0,0.0,3348.960949988582,0.0,4800.0
2030-09-28 07:00:00,1402.9914228856285,0.0,0.0,3348.960949988582,0.0,2396.948386561933
2030-09-28 08:00:00,0.0,0.0,0.0,84.36820005001323,4397.38550734154,0.0
2030-09-28 09:00:00,0.0,1349.8515642840832,3300.0,0.0,4800.0,0.0
2030-09-28 10:00:00,0.0,1349.8515642840832,3300.0,0.0,4800.0,0.0
2030-09-28 11:00:00,0.0,1349.8515642840832,3300.0,0.0,4800.0,0.0
2030-09-28 12:00:00,0.0,1349.8515642840832,3300.0,0.0,4800.0,0.0
2030-09-28 13:00:00,0.0,1349.8515642840832,3300.0,0.0,4800.0,0.0
2030-09-28 14:00:00,0.0,1349.8515642840832,3300.0,0.0,4800.0,0.0
2030-09-28 15:00:00,0.0,1349.8515642840832,3300.0,0.0,4800.0,0.0
2030-09-28 16:00:00,0.0,1349.8515642840832,0.0,2524.5815256014043,4800.0,1904.1210507573123
2030-09-28 17:00:00,0.0,0.0,0.0,2265.195439365079,4800.0,1079.9412568236585
2030-09-28 18:00:00,0.0,157.47903277531964,0.0,3348.960949988582,4800.0,4655.817666903415
2030-09-28 19:00:00,0.0,0.0,768.9712104758073,3348.960949988582,4800.0,0.0
2030-09-28 20:00:00,0.0,472.0834614630397,3300.0,0.0,4800.0,0.0
2030-09-28 21:00:00,0.0,1349.8515642840832,3300.0,1791.311228913779,4800.0,0.0
2030-09-28 22:00:00,0.0,0.0,3300.0,0.0,4800.0,0.0
2030-09-28 23:00:00,0.0,1349.8515642840832,3300.0,614.4758431513094,4800.0,0.0
2030-09-29 00:00:00,0.0,0.0,3300.0,558.5123061633661,4800.0,0.0
2030-09-29 01:00:00,0.0,1349.8515642840832,3300.0,1926.7835058652286,4800.0,0.0
2030-09-29 02:00:00,0.0,0.0,3300.0,0.0,4800.0,0.0
2030-09-29 03:00:00,0.0,1349.8515642840832,3300.0,501.4011050368913,4800.0,0.0
2030-09-29 04:00:00,0.0,821.1827813151901,3300.0,0.0,0.0,0.0
2030-09-29 05:00:00,0.0,0.0,0.0,2513.331767992433,0.0,0.0
2030-09-29 06:00:00,1071.9756368790631,0.0,0.0,3348.960949988582,0.0,0.0
2030-09-29 07:00:00,0.0,1349.8515642840832,2697.859189597977,775.8933383796771,4800.0,0.0
2030-09-29 08:00:00,0.0,1349.8515642840832,3300.0,0.0,4800.0,0.0
2030-09-29 09:00:00,0.0,1349.8515642840832,3300.0,0.0,4800.0,0.0
2030-09-29 10:00:00,0.0,1349.8515642840832,3300.0,0.0,4800.0,0.0
2030-09-29 11:00:00,0.0,1349.8515642840832,3300.0,0.0,4800.0,0.0
2030-09-29 12:00:00,0.0,1349.8515642840832,3300.0,0.0,4800.0,0.0
2030-09-29 13:00:00,0.0,1349.8515642840832,3300.0,0.0,4800.0,0.0
2030-09-29 14:00:00,0.0,1349.8515642840832,3300.0,0.0,4800.0,0.0
2030-09-29 15:00:00,0.0,1349.8515642840832,1498.6831090823837,0.0,4800.0,0.0
2030-09-29 16:00:00,4303.585293445993,0.0,0.0,3348.960949988582,0.0,4800.0
2030-09-29 17:00:00,4303.585293445993,0.0,0.0,3348.960949988582,0.0,4800.0
2030-09-29 18:00:00,4303.585293445993,0.0,0.0,3348.960949988582,0.0,4800.0
2030-09-29 19:00:00,4303.585293445993,0.0,0.0,3348.960949988582,0.0,4800.0
2030-09-29 20:00:00,4303.585293445993,0.0,0.0,3348.960949988582,0.0,4800.0
2030-09-29 21:00:00,3336.3439626937834,0.0,0.0,3348.960949988582,0.0,4800.0
2030-09-29 22:00:00,0.0,0.0,2717.502619243497,0.0,4800.0,2159.4725376412252
2030-09-29 23:00:00,0.0,1349.8515642840832,559.5549274142998,3348.960949988582,4800.0,2675.7795748606895
2030-09-30 00:00:00,127.74034255367587,365.6306900345646,0.0,3348.960949988582,0.0,0.0
2030-09-30 01:00:00,447.0051102791631,0.0,0.0,3348.960949988582,0.0,4800.0
2030-09-30 02:00:00,0.0,0.0,0.0,2823.195403022841,0.0,4800.0
2030-09-30 03:00:00,0.0,392.0540681251697,0.0,3348.960949988582,4800.0,3182.0302243214246
2030-09-30 04:00:00,0.0,0.0,722.5995221110352,2432.443850254407,0.0,0.0
2030-09-30 05:00:00,0.0,355.08769085051654,0.0,3348.960949988582,4800.0,4800.0
2030-09-30 06:00:00,0.0,0.0,0.0,2623.5233328309873,4800.0,1853.5405466259763
2030-09-30 07:00:00,0.0,1097.8612415261089,3300.0,0.0,4800.0,0.0
2030-09-30 08:00:00,0.0,223.3151148802227,3300.0,0.0,4800.0,0.0
2030-09-30 09:00:00,0.0,1349.8515642840832,3300.0,853.361987471344,4800.0,0.0
2030-09-30 10:00:00,0.0,1349.8515642840832,3300.0,0.0,4800.0,0.0
2030-09-30 11:00:00,0.0,1349.8515642840832,3300.0,345.40487730929175,4800.0,0.0
2030-09-30 12:00:00,0.0,1349.8515642840832,3300.0,197.52172566169037,4800.0,0.0
2030-09-30 13:00:00,0.0,1349.8515642840832,3300.0,0.0,4800.0,0.0
2030-09-30 14:00:00,0.0,1349.8515642840832,3300.0,189.41689483809648,4800.0,0.0
2030-09-30 15:00:00,0.0,1349.8515642840832,3300.0,0.0,4800.0,0.0
2030-09-30 16:00:00,350.35371521324123,885.1502070908352,0.0,3348.960949988582,0.0,4800.0
2030-09-30 17:00:00,4303.585293445993,0.0,0.0,3348.960949988582,0.0,4800.0
2030-09-30 18:00:00,4303.585293445993,0.0,0.0,3348.960949988582,0.0,4800.0
2030-09-30 19:00:00,365.88864796883286,0.0,0.0,3348.960949988582,0.0,4800.0
2030-09-30 20:00:00,0.0,0.0,0.0,2720.932948932627,4739.975593205832,4800.0
2030-09-30 21:00:00,0.0,0.0,0.0,2554.876967861112,4800.0,2199.9919754798902
2030-09-30 22:00:00,0.0,1192.5174065619863,490.6372969114309,3348.960949988582,4800.0,4800.0
2030-09-30 23:00:00,0.0,1349.8515642840832,1697.2782465220007,3328.3253165758833,0.0,0.0
2030-10-01 00:00:00,0.0,255.2847676774428,0.0,3348.960949988582,0.0,4800.0
2030-10-01 01:00:00,0.0,0.0,0.0,3348.960949988582,0.0,4800.0
2030-10-01 02:00:00,0.0,0.0,3146.801225323693,0.0,0.0,4800.0
2030-10-01 03:00:00,0.0,0.0,416.5967372843638,3348.960949988582,0.0,4800.0
2030-10-01 04:00:00,4303.585293445993,0.0,0.0,3348.960949988582,0.0,4800.0
2030-10-01 05:00:00,4303.585293445993,0.0,0.0,3348.960949988582,0.0,4800.0
2030-10-01 06:00:00,4303.585293445993,0.0,0.0,3348.960949988582,0.0,4800.0
2030-10-01 07:00:00,2987.105984482314,0.0,0.0,3348.960949988582,0.0,4800.0
2030-10-01 08:00:00,0.0,0.0,2781.371663769165,403.69147770902873,4800.0,0.0
2030-10-01 09:00:00,0.0,1349.8515642840832,3300.0,434.07794722649874,4800.0,0.0
2030-10-01 10:00:00,0.0,677.9536998880833,3300.0,0.0,4800.0,0.0
2030-10-01 11:00:00,0.0,1087.4367156441301,3300.0,0.0,4800.0,0.0
2030-10-01 12:00:00,0.0,1349.8515642840832,3300.0,0.0,4800.0,0.0
2030-10-01 13:00:00,0.0,1349.8515642840832,3300.0,0.0,4800.0,0.0
2030-10-01 14:00:00,0.0,910.9176500857321,3300.0,0.0,4800.0,0.0
2030-10-01 15:00:00,4303.585293445993,0.0,0.0,3348.960949988582,0.0,4800.0
2030-10-01 16:00:00,4303.585293445993,0.0,0.0,3348.960949988582,0.0,4800.0
2030-10-01 17:00:00,4303.585293445993,97.10128478761908,0.0,3348.960949988582,0.0,4800.0
2030-10-01 18:00:00,4303.585293445993,1349.8515642840832,0.0,1890.5540687053508,0.0,4800.0
2030-10-01 19:00:00,4303.585293445993,0.0,0.0,3348.960949988582,0.0,4800.0
2030-10-01 20:00:00,4303.585293445993,0.0,0.0,3348.960949988582,0.0,4800.0
2030-10-01 21:00:00,4303.585293445993,0.0,0.0,3348.960949988582,0.0,4800.0
2030-10-01 22:00:00,4303.585293445993,0.0,0.0,3348.960949988582,0.0,4800.0
2030-10-01 23:00:00,4303.585293445993,0.0,0.0,3348.960949988582,0.0,4800.0
2030-10-02 00:00:00,4303.585293445993,0.0,0.0,3348.960949988582,0.0,4800.0
2030-10-02 01:00:00,4303.585293445993,0.0,0.0,3348.960949988582,0.0,4800.0
2030-10-02 02:00:00,4303.585293445993,0.0,0.0,3348.960949988582,0.0,4800.0
2030-10-02 03:00:00,4303.585293445993,0.0,0.0,3348.960949988582,0.0,4800.0
2030-10-02 04:00:00,4303.585293445993,0.0,0.0,3348.960949988582,0.0,4800.0
2030-10-02 05:00:00,4303.585293445993,0.0,0.0,3348.960949988582,0.0,4800.0
2030-10-02 06:00:00,4303.585293445993,0.0,0.0,3348.960949988582,0.0,4800.0
2030-10-02 07:00:00,4303.585293445993,0.0,0.0,3348.960949988582,0.0,4800.0
2030-10-02 08:00:00,4303.585293445993,0.0,0.0,3348.960949988582,0.0,4800.0
2030-10-02 09:00:00,0.0,0.0,0.0,2057.4449981538587,699.3927628674301,4800.0
2030-10-02 10:00:00,0.0,0.0,1459.5193823631712,0.0,4800.0,4800.0
2030-10-02 11:00:00,0.0,0.0,1433.868742916613,0.0,4800.0,0.0
2030-10-02 12:00:00,0.0,1349.8515642840832,183.07049690085404,3348.960949988582,4800.0,2221.0318574026323
2030-10-02 13:00:00,2328.704326492132,0.0,0.0,3348.960949988582,3365.148125662101,4800.0
2030-10-02 14:00:00,4303.585293445993,0.0,0.0,3348.960949988582,0.0,4800.0
2030-10-02 15:00:00,4303.585293445993,0.0,0.0,3348.960949988582,0.0,4800.0
2030-10-02 16:00:00,4303.585293445993,0.0,0.0,3348.960949988582,0.0,4800.0
2030-10-02 17:00:00,4303.585293445993,0.0,0.0,3348.960949988582,0.0,4800.0
2030-10-02 18:00:00,4303.585293445993,0.0,0.0,3348.960949988582,0.0,4800.0
2030-10-02 19:00:00,4303.585293445993,0.0,0.0,3348.960949988582,0.0,4800.0
2030-10-02 20:00:00,4303.585293445993,0.0,0.0,3348.960949988582,0.0,4800.0
2030-10-02 21:00:00,4303.585293445993,0.0,0.0,3348.960949988582,0.0,4800.0
2030-10-02 22:00:00,761.7511740041308,0.0,0.0,3348.960949988582,0.0,4800.0
2030-10-02 23:00:00,23.81430641048064,0.0,0.0,2488.4004960037973,0.0,4800.0
2030-10-03 00:00:00,0.0,0.0,0.0,3348.960949988582,982.6984992389189,0.0
2030-10-03 01:00:00,0.0,0.0,0.0,2908.6772560392865,0.0,4800.0
2030-10-03 02:00:00,0.0,0.0,0.0,2877.3612475018576,0.0,4800.0
2030-10-03 03:00:00,546.2817988692186,0.0,0.0,3348.960949988582,0.0,4800.0
2030-10-03 04:00:00,3095.756377883983,0.0,0.0,3348.960949988582,0.0,4800.0
2030-10-03 05:00:00,2796.8578069886935,0.0,0.0,3348.960949988582,0.0,4800.0
2030-10-03 06:00:00,402.7005329572712,0.0,0.0,3348.960949988582,0.0,4800.0
2030-10-03 07:00:00,0.0,0.0,0.0,2821.355848532637,0.0,1021.916787503993
2030-10-03 08:00:00,0.0,1349.8515642840832,3300.0,0.0,4800.0,0.0
2030-10-03 09:00:00,0.0,1349.8515642840832,3300.0,0.0,4800.0,0.0
2030-10-03 10:00:00,0.0,1349.8515642840832,3300.0,0.0,4800.0,0.0
2030-10-03 11:00:00,0.0,1349.8515642840832,3300.0,0.0,4800.0,0.0
2030-10-03 12:00:00,0.0,1349.8515642840832,3300.0,0.0,4800.0,0.0
2030-10-03 13:00:00,0.0,1349.8515642840832,3300.0,0.0,4800.0,0.0
2030-10-03 14:00:00,0.0,1038.7975918753932,0.0,0.0,4800.0,0.0
2030-10-03 15:00:00,3889.190693467328,178.1608024197335,0.0,3348.960949988582,0.0,4800.0
2030-10-03 16:00:00,4303.585293445993,0.0,0.0,3348.960949988582,0.0,4800.0
2030-10-03 17:00:00,4303.585293445993,0.0,0.0,3348.960949988582,0.0,4800.0
2030-10-03 18:00:00,4303.585293445993,0.0,0.0,3348.960949988582,0.0,4800.0
2030-10-03 19:00:00,4303.585293445993,0.0,0.0,3348.960949988582,0.0,4800.0
2030-10-03 20:00:00,4303.585293445993,0.0,0.0,3348.960949988582,0.0,4800.0
2030-10-03 21:00:00,4303.585293445993,0.0,0.0,3348.960949988582,0.0,4800.0
2030-10-03 22:00:00,0.0,0.0,1897.7876433010606,600.8446672791843,0.0,4800.0
2030-10-03 23:00:00,0.0,961.1520962119823,0.0,3348.960949988582,0.0,0.0
2030-10-04 00:00:00,0.0,244.08124123650418,0.0,3348.960949988582,2631.9426791183214,0.0
2030-10-04 01:00:00,0.0,127.28985487290765,0.0,3348.960949988582,4800.0,4800.0
2030-10-04 02:00:00,0.0,146.3816611515274,0.0,3348.960949988582,1957.2165307385949,0.0
2030-10-04 03:00:00,0.0,0.0,421.0758752358274,3348.960949988582,1693.579876077401,0.0
2030-10-04 04:00:00,0.0,0.0,1160.9978277571786,3348.960949988582,4800.0,0.0
2030-10-04 05:00:00,0.0,0.0,3300.0,1411.1544780624859,0.0,1329.6523871281752
2030-10-04 06:00:00,0.0,0.0,876.9999942905542,3348.960949988582,4439.5609521211245,0.0
2030-10-04 07:00:00,0.0,1349.8515642840832,3300.0,896.6818111626276,4800.0,0.0
2030-10-04 08:00:00,0.0,1349.8515642840832,3300.0,0.0,4800.0,0.0
2030-10-04 09:00:00,0.0,1349.8515642840832,3300.0,0.0,4800.0,0.0
2030-10-04 10:00:00,0.0,1349.8515642840832,3300.0,0.0,4800.0,0.0
2030-10-04 11:00:00,0.0,1349.8515642840832,3300.0,0.0,4800.0,0.0
2030-10-04 12:00:00,0.0,1349.8515642840832,3300.0,0.0,4800.0,0.0
2030-10-04 13:00:00,0.0,1349.8515642840832,3300.0,0.0,4800.0,0.0
2030-10-04 14:00:00,0.0,1349.8515642840832,3300.0,0.0,4800.0,0.0
2030-10-04 15:00:00,0.0,1349.8515642840832,3300.0,0.0,4800.0,0.0
2030-10-04 16:00:00,0.0,1349.8515642840832,0.0,3348.960949988582,4027.3165235393244,0.0
2030-10-04 17:00:00,0.0,0.0,3300.0,0.0,392.1678219735477,0.0
2030-10-04 18:00:00,0.0,0.0,0.0,3348.960949988582,4800.0,4800.0
2030-10-04 19:00:00,0.0,87.05007130055128,0.0,3348.960949988582,4800.0,1063.2167684035376
2030-10-04 20:00:00,0.0,0.0,2952.6088081766065,1282.4924698053437,4800.0,0.0
2030-10-04 21:00:00,0.0,1349.8515642840832,3300.0,807.5967669170022,4800.0,0.0
2030-10-04 22:00:00,0.0,1349.8515642840832,3300.0,2058.3720167401366,4800.0,0.0
2030-10-04 23:00:00,0.0,0.0,3300.0,0.0,4800.0,0.0
2030-10-05 00:00:00,0.0,1349.8515642840832,3300.0,493.44557417824217,4800.0,0.0
2030-10-05 01:00:00,0.0,1349.8515642840832,3300.0,1777.3459164651285,4800.0,0.0
2030-10-05 02:00:00,0.0,0.0,3300.0,0.0,4800.0,0.0
2030-10-05 03:00:00,0.0,275.47659686496286,3300.0,0.0,4800.0,0.0
2030-10-05 04:00:00,0.0,1349.8515642840832,3300.0,3022.2188614450265,4800.0,0.0
2030-10-05 05:00:00,0.0,0.0,681.8111876383405,3348.960949988582,0.0,0.0
2030-10-05 06:00:00,0.0,0.0,242.65884229906533,3348.960949988582,4800.0,0.0
2030-10-05 07:00:00,0.0,1349.8515642840832,1481.2682730554259,3348.960949988582,0.0,0.0
2030-10-05 08:00:00,0.0,1349.8515642840832,0.0,2701.6463560463803,4800.0,0.0
2030-10-05 09:00:00,0.0,1349.8515642840832,0.0,2071.4857572774135,2662.166825318498,0.0
2030-10-05 10:00:00,0.0,1349.8515642840832,0.0,2586.181685534274,4800.0,0.0
2030-10-05 11:00:00,0.0,0.0,0.0,289.0969306496138,1914.3114053920726,0.0
2030-10-05 12:00:00,0.0,1349.8515642840832,2030.039427165032,0.0,4800.0,2084.506831866852
2030-10-05 13:00:00,0.0,1349.8515642840832,3300.0,237.54100880891824,4800.0,0.0
2030-10-05 14:00:00,0.0,1349.8515642840832,3300.0,0.0,4800.0,0.0
2030-10-05 15:00:00,0.0,1349.8515642840832,3300.0,582.6780391866937,4800.0,0.0
2030-10-05 16:00:00,0.0,0.0,873.2042962127307,1174.4666407430977,4800.0,0.0
2030-10-05 17:00:00,0.0,0.0,0.0,3348.960949988582,0.0,0.0
2030-10-05 18:00:00,0.0,0.0,0.0,3348.960949988582,289.8588244913117,0.0
2030-10-05 19:00:00,0.0,478.69892465077817,0.0,3348.960949988582,4800.0,4800.0
2030-10-05 20:00:00,0.0,1349.8515642840832,638.6329678016996,3348.960949988582,4613.0847742139595,0.0
2030-10-05 21:00:00,0.0,0.0,0.0,2327.9384397704016,4800.0,1963.6975905716681
2030-10-05 22:00:00,0.0,961.0522731216398,3300.0,0.0,4800.0,0.0
2030-10-05 23:00:00,0.0,1084.8951203406543,3300.0,0.0,4800.0,0.0
2030-10-06 00:00:00,0.0,1349.8515642840832,3300.0,0.0,4800.0,0.0
2030-10-06 01:00:00,0.0,366.2456165115941,3300.0,0.0,4800.0,0.0
2030-10-06 02:00:00,0.0,1349.8515642840832,3300.0,858.47979886987,4800.0,0.0
2030-10-06 03:00:00,0.0,1349.8515642840832,3300.0,757.7328967716793,4800.0,0.0
2030-10-06 04:00:00,0.0,1349.8515642840832,3300.0,823.1931482988216,4800.0,0.0
2030-10-06 05:00:00,0.0,1349.8515642840832,3300.0,881.5595764691565,4800.0,0.0
2030-10-06 06:00:00,0.0,1349.8515642840832,3300.0,0.0,4800.0,0.0
2030-10-06 07:00:00,0.0,1349.8515642840832,3300.0,0.0,4800.0,0.0
2030-10-06 08:00:00,0.0,1349.8515642840832,3300.0,0.0,4800.0,0.0
2030-10-06 09:00:00,0.0,1349.8515642840832,3300.0,0.0,4800.0,0.0
2030-10-06 10:00:00,0.0,1349.8515642840832,3300.0,0.0,4800.0,0.0
2030-10-06 11:00:00,0.0,1349.8515642840832,3300.0,0.0,4800.0,0.0
2030-10-06 12:00:00,0.0,1349.8515642840832,3300.0,0.0,4800.0,0.0
2030-10-06 13:00:00,0.0,1349.8515642840832,3300.0,0.0,4800.0,0.0
2030-10-06 14:00:00,0.0,1349.8515642840832,3300.0,0.0,4800.0,0.0
2030-10-06 15:00:00,0.0,1349.8515642840832,3300.0,0.0,4800.0,0.0
2030-10-06 16:00:00,0.0,1349.8515642840832,3300.0,0.0,4800.0,0.0
2030-10-06 17:00:00,0.0,1349.8515642840832,3300.0,0.0,4800.0,0.0
2030-10-06 18:00:00,0.0,1349.8515642840832,3300.0,1527.2059279404968,4800.0,0.0
2030-10-06 19:00:00,0.0,1349.8515642840832,3300.0,0.0,4800.0,0.0
2030-10-06 20:00:00,0.0,1349.8515642840832,3300.0,867.9007158469009,4800.0,0.0
2030-10-06 21:00:00,0.0,1349.8515642840832,3300.0,765.1617878378379,4800.0,0.0
2030-10-06 22:00:00,0.0,1349.8515642840832,3300.0,0.0,4800.0,0.0
2030-10-06 23:00:00,0.0,1349.8515642840832,3300.0,693.6008875127017,4800.0,0.0
2030-10-07 00:00:00,0.0,1349.8515642840832,3300.0,249.9810751613627,4800.0,0.0
2030-10-07 01:00:00,0.0,0.0,3300.0,87.64860345053114,4800.0,0.0
2030-10-07 02:00:00,0.0,1349.8515642840832,3300.0,110.40734413444125,4800.0,0.0
2030-10-07 03:00:00,0.0,1349.8515642840832,3300.0,1394.621637823523,4800.0,0.0
2030-10-07 04:00:00,0.0,959.7367543265909,3300.0,0.0,4800.0,0.0
2030-10-07 05:00:00,0.0,1084.9296167826203,3300.0,0.0,4800.0,0.0
2030-10-07 06:00:00,0.0,383.1354547073237,3300.0,0.0,4800.0,0.0
2030-10-07 07:00:00,0.0,1349.8515642840832,3300.0,0.0,4800.0,0.0
2030-10-07 08:00:00,0.0,1349.8515642840832,3300.0,0.0,4800.0,0.0
2030-10-07 09:00:00,0.0,1349.8515642840832,3300.0,0.0,4800.0,0.0
2030-10-07 10:00:00,0.0,1349.8515642840832,3300.0,0.0,4800.0,0.0
2030-10-07 11:00:00,0.0,1349.8515642840832,3300.0,0.0,4800.0,0.0
2030-10-07 12:00:00,0.0,1349.8515642840832,3300.0,0.0,4800.0,0.0
2030-10-07 13:00:00,0.0,1349.8515642840832,3300.0,0.0,4800.0,0.0
2030-10-07 14:00:00,0.0,1349.8515642840832,3300.0,0.0,4800.0,0.0
2030-10-07 15:00:00,0.0,1349.8515642840832,3300.0,0.0,4800.0,0.0
2030-10-07 16:00:00,0.0,1349.8515642840832,644.6308383271826,3348.960949988582,4800.0,0.0
2030-10-07 17:00:00,0.0,0.0,2563.019529241232,2.668758291188624,0.0,4800.0
2030-10-07 18:00:00,4303.585293445993,0.0,0.0,3348.960949988582,0.0,4800.0
2030-10-07 19:00:00,4303.585293445993,0.0,0.0,3348.960949988582,0.0,4800.0
2030-10-07 20:00:00,4303.585293445993,0.0,0.0,3348.960949988582,0.0,4800.0
2030-10-07 21:00:00,4303.585293445993,0.0,0.0,3348.960949988582,0.0,4800.0
2030-10-07 22:00:00,4038.9135968645605,0.0,0.0,3348.960949988582,0.0,4800.0
2030-10-07 23:00:00,1293.3940416238192,0.0,0.0,3348.960949988582,0.0,4800.0
2030-10-08 00:00:00,3735.189658582949,0.0,0.0,3348.960949988582,0.0,4800.0
2030-10-08 01:00:00,4303.585293445993,0.0,0.0,3348.960949988582,0.0,4800.0
2030-10-08 02:00:00,4303.585293445993,0.0,0.0,3348.960949988582,0.0,4800.0
2030-10-08 03:00:00,4303.585293445993,0.0,0.0,3348.960949988582,0.0,4800.0
2030-10-08 04:00:00,4303.585293445993,0.0,0.0,3348.960949988582,0.0,4800.0
2030-10-08 05:00:00,4303.585293445993,0.0,0.0,3348.960949988582,0.0,4800.0
2030-10-08 06:00:00,4303.585293445993,0.0,0.0,3348.960949988582,0.0,4800.0
2030-10-08 07:00:00,4303.585293445993,0.0,0.0,3348.960949988582,0.0,4800.0
2030-10-08 08:00:00,0.0,0.0,153.07153780102794,3348.960949988582,0.0,4800.0
2030-10-08 09:00:00,0.0,0.0,3300.0,0.0,4800.0,0.0
2030-10-08 10:00:00,0.0,721.5659476384519,3300.0,0.0,4800.0,0.0
2030-10-08 11:00:00,0.0,9.662222016768794,3300.0,0.0,4800.0,0.0
2030-10-08 12:00:00,0.0,380.10289784174546,3300.0,0.0,4800.0,0.0
2030-10-08 13:00:00,0.0,1349.8515642840832,3300.0,0.0,4800.0,0.0
2030-10-08 14:00:00,0.0,1349.8515642840832,3300.0,0.0,4800.0,0.0
2030-10-08 15:00:00,0.0,1349.8515642840832,3300.0,1189.7515652002203,4800.0,0.0
2030-10-08 16:00:00,0.0,0.0,0.0,2668.284688285468,2235.5321286140534,4800.0
2030-10-08 17:00:00,101.78339537265356,0.0,0.0,3348.960949988582,0.0,4800.0
2030-10-08 18:00:00,0.0,613.354444013683,753.1963621091672,3348.960949988582,0.0,4800.0
2030-10-08 19:00:00,147.78510275749136,0.0,0.0,3348.960949988582,0.0,4800.0
2030-10-08 20:00:00,0.0,0.0,0.0,2969.1206607715903,2320.069787390552,4800.0
2030-10-08 21:00:00,0.0,0.0,2704.068242879254,0.0,1882.613018116157,4800.0
2030-10-08 22:00:00,0.0,0.0,0.0,2780.70452940429,0.0,2642.6097892026737
2030-10-08 23:00:00,0.0,56.29924710928731,0.0,3348.960949988582,0.0,0.0
2030-10-09 00:00:00,0.0,0.0,0.0,3348.960949988582,4800.0,3417.825453448757
2030-10-09 01:00:00,0.0,0.0,2577.8691524687674,835.1423257354827,0.0,0.0
2030-10-09 02:00:00,0.0,0.0,54.74266803761725,3348.960949988582,0.0,4800.0
2030-10-09 03:00:00,1592.4253647446167,0.0,0.0,3348.960949988582,0.0,4800.0
2030-10-09 04:00:00,4303.585293445993,0.0,0.0,3348.960949988582,0.0,4800.0
2030-10-09 05:00:00,4303.585293445993,0.0,0.0,3348.960949988582,0.0,4800.0
2030-10-09 06:00:00,4303.585293445993,0.0,0.0,3348.960949988582,0.0,4800.0
2030-10-09 07:00:00,4303.585293445993,0.0,0.0,3348.960949988582,0.0,4800.0
2030-10-09 08:00:00,932.542820057774,0.0,0.0,3348.960949988582,0.0,4800.0
2030-10-09 09:00:00,1968.6644269323338,0.0,0.0,3348.960949988582,1410.944019619296,0.0
2030-10-09 10:00:00,0.0,1349.8515642840832,3300.0,0.0,4800.0,0.0
2030-10-09 11:00:00,0.0,1349.8515642840832,3300.0,0.0,4800.0,0.0
2030-10-09 12:00:00,0.0,1349.8515642840832,3300.0,0.0,4800.0,0.0
2030-10-09 13:00:00,0.0,1349.8515642840832,3300.0,0.0,3567.0141386743508,4800.0
2030-10-09 14:00:00,1697.6040042111667,0.0,0.0,3348.960949988582,0.0,4800.0
2030-10-09 15:00:00,4303.585293445993,0.0,0.0,3348.960949988582,0.0,4800.0
2030-10-09 16:00:00,4303.585293445993,0.0,0.0,3348.960949988582,0.0,4800.0
2030-10-09 17:00:00,4303.585293445993,0.0,0.0,3348.960949988582,0.0,4800.0
2030-10-09 18:00:00,4303.585293445993,0.0,0.0,3348.960949988582,0.0,4800.0
2030-10-09 19:00:00,4303.585293445993,0.0,0.0,3348.960949988582,0.0,4800.0
2030-10-09 20:00:00,4303.585293445993,0.0,0.0,3348.960949988582,0.0,4800.0
2030-10-09 21:00:00,4303.585293445993,0.0,0.0,3348.960949988582,0.0,4800.0
2030-10-09 22:00:00,4303.585293445993,0.0,0.0,3348.960949988582,0.0,4800.0
2030-10-09 23:00:00,4303.585293445993,0.0,0.0,3348.960949988582,0.0,4800.0
2030-10-10 00:00:00,4303.585293445993,0.0,0.0,3348.960949988582,0.0,4800.0
2030-10-10 01:00:00,4303.585293445993,0.0,0.0,3348.960949988582,0.0,4800.0
2030-10-10 02:00:00,4303.585293445993,0.0,0.0,3348.960949988582,0.0,4800.0
2030-10-10 03:00:00,4303.585293445993,0.0,0.0,3348.960949988582,0.0,4800.0
2030-10-10 04:00:00,4303.585293445993,0.0,0.0,3348.960949988582,0.0,4800.0
2030-10-10 05:00:00,4303.585293445993,0.0,0.0,3348.960949988582,0.0,4800.0
2030-10-10 06:00:00,4303.585293445993,0.0,0.0,3348.960949988582,0.0,4800.0
2030-10-10 07:00:00,4303.585293445993,0.0,0.0,3348.960949988582,0.0,4800.0
2030-10-10 08:00:00,0.0,0.0,344.49385488035114,3348.960949988582,0.0,4800.0
2030-10-10 09:00:00,0.0,0.0,0.0,3042.078901061236,3369.1628725828486,0.0
2030-10-10 10:00:00,0.0,95.61718349387479,3300.0,0.0,4800.0,0.0
2030-10-10 11:00:00,0.0,1349.8515642840832,3300.0,0.0,4800.0,0.0
2030-10-10 12:00:00,0.0,1349.8515642840832,3300.0,0.0,4800.0,0.0
2030-10-10 13:00:00,0.0,227.58461511130383,3300.0,0.0,4800.0,0.0
2030-10-10 14:00:00,0.0,756.8863222543071,3300.0,0.0,4800.0,0.0
2030-10-10 15:00:00,578.9687724880132,0.0,0.0,2793.816169733211,0.0,4800.0
2030-10-10 16:00:00,4303.585293445993,0.0,0.0,3348.960949988582,0.0,4800.0
2030-10-10 17:00:00,4303.585293445993,0.0,0.0,3348.960949988582,0.0,4800.0
2030-10-10 18:00:00,4303.585293445993,0.0,0.0,3348.960949988582,0.0,4800.0
2030-10-10 19:00:00,4303.585293445993,0.0,0.0,3348.960949988582,0.0,4800.0
2030-10-10 20:00:00,4303.585293445993,0.0,0.0,3348.960949988582,0.0,4800.0
2030-10-10 21:00:00,4303.585293445993,0.0,0.0,3348.960949988582,0.0,4800.0
2030-10-10 22:00:00,4303.585293445993,0.0,0.0,3348.960949988582,0.0,4800.0
2030-10-10 23:00:00,4303.585293445993,0.0,0.0,3348.960949988582,0.0,4800.0
2030-10-11 00:00:00,4303.585293445993,0.0,0.0,3348.960949988582,0.0,4800.0
2030-10-11 01:00:00,4303.585293445993,0.0,0.0,3348.960949988582,0.0,4800.0
2030-10-11 02:00:00,4303.585293445993,0.0,0.0,3348.960949988582,0.0,4800.0
2030-10-11 03:00:00,4303.585293445993,0.0,0.0,3348.960949988582,0.0,4800.0
2030-10-11 04:00:00,4303.585293445993,0.0,0.0,3348.960949988582,0.0,4800.0
2030-10-11 05:00:00,4303.585293445993,0.0,0.0,3348.960949988582,0.0,4800.0
2030-10-11 06:00:00,4303.585293445993,0.0,0.0,3348.960949988582,0.0,4800.0
2030-10-11 07:00:00,4303.585293445993,0.0,0.0,3348.960949988582,0.0,4800.0
2030-10-11 08:00:00,4303.585293445993,0.0,0.0,3348.960949988582,0.0,4800.0
2030-10-11 09:00:00,4303.585293445993,0.0,0.0,3348.960949988582,0.0,4800.0
2030-10-11 10:00:00,4303.585293445993,0.0,0.0,3348.960949988582,0.0,4800.0
2030-10-11 11:00:00,4303.585293445993,0.0,0.0,3348.960949988582,0.0,4800.0
2030-10-11 12:00:00,4303.585293445993,0.0,0.0,3348.960949988582,0.0,4800.0
2030-10-11 13:00:00,4303.585293445993,0.0,0.0,3348.960949988582,0.0,4800.0
2030-10-11 14:00:00,4303.585293445993,0.0,0.0,3348.960949988582,0.0,4800.0
2030-10-11 15:00:00,4303.585293445993,0.0,0.0,3348.960949988582,0.0,4800.0
2030-10-11 16:00:00,4303.585293445993,0.0,0.0,3348.960949988582,0.0,4800.0
2030-10-11 17:00:00,4303.585293445993,0.0,0.0,3348.960949988582,0.0,4800.0
2030-10-11 18:00:00,4303.585293445993,0.0,0.0,3348.960949988582,0.0,4800.0
2030-10-11 19:00:00,4303.585293445993,0.0,0.0,3348.960949988582,0.0,4800.0
2030-10-11 20:00:00,4303.585293445993,0.0,0.0,3348.960949988582,0.0,4800.0
2030-10-11 21:00:00,4303.585293445993,0.0,0.0,3348.960949988582,0.0,4800.0
2030-10-11 22:00:00,4303.585293445993,0.0,0.0,3348.960949988582,0.0,4800.0
2030-10-11 23:00:00,4303.585293445993,0.0,0.0,3348.960949988582,0.0,4800.0
2030-10-12 00:00:00,4303.585293445993,0.0,0.0,3348.960949988582,0.0,4800.0
2030-10-12 01:00:00,4303.585293445993,0.0,0.0,3348.960949988582,0.0,4800.0
2030-10-12 02:00:00,4303.585293445993,0.0,0.0,3348.960949988582,0.0,4800.0
2030-10-12 03:00:00,4303.585293445993,0.0,0.0,3348.960949988582,0.0,4800.0
2030-10-12 04:00:00,4303.585293445993,0.0,0.0,3348.960949988582,0.0,4800.0
2030-10-12 05:00:00,4303.585293445993,0.0,0.0,3348.960949988582,0.0,4800.0
2030-10-12 06:00:00,4303.585293445993,0.0,0.0,3348.960949988582,0.0,4800.0
2030-10-12 07:00:00,4303.585293445993,0.0,0.0,3348.960949988582,0.0,4800.0
2030-10-12 08:00:00,4303.585293445993,0.0,0.0,3348.960949988582,0.0,4800.0
2030-10-12 09:00:00,4303.585293445993,0.0,0.0,3348.960949988582,0.0,4800.0
2030-10-12 10:00:00,4303.585293445993,0.0,0.0,3348.960949988582,0.0,4800.0
2030-10-12 11:00:00,4303.585293445993,0.0,0.0,3348.960949988582,0.0,4800.0
2030-10-12 12:00:00,4303.585293445993,0.0,0.0,3348.960949988582,0.0,4800.0
2030-10-12 13:00:00,4303.585293445993,0.0,0.0,3348.960949988582,0.0,4800.0
2030-10-12 14:00:00,4303.585293445993,0.0,0.0,3348.960949988582,0.0,4800.0
2030-10-12 15:00:00,4303.585293445993,0.0,0.0,3348.960949988582,0.0,4800.0
2030-10-12 16:00:00,4303.585293445993,0.0,0.0,3348.960949988582,0.0,4800.0
2030-10-12 17:00:00,4303.585293445993,0.0,0.0,3348.960949988582,0.0,4800.0
2030-10-12 18:00:00,4303.585293445993,0.0,0.0,3348.960949988582,0.0,4800.0
2030-10-12 19:00:00,4303.585293445993,0.0,0.0,3348.960949988582,0.0,4800.0
2030-10-12 20:00:00,4303.585293445993,0.0,0.0,3348.960949988582,0.0,4800.0
2030-10-12 21:00:00,4303.585293445993,0.0,0.0,3348.960949988582,0.0,4800.0
2030-10-12 22:00:00,4303.585293445993,0.0,0.0,3348.960949988582,0.0,4800.0
2030-10-12 23:00:00,4303.585293445993,0.0,0.0,3348.960949988582,0.0,4800.0
2030-10-13 00:00:00,4303.585293445993,0.0,0.0,3348.960949988582,0.0,4800.0
2030-10-13 01:00:00,4303.585293445993,0.0,0.0,3348.960949988582,0.0,4800.0
2030-10-13 02:00:00,4303.585293445993,0.0,0.0,3348.960949988582,0.0,4800.0
2030-10-13 03:00:00,4303.585293445993,0.0,0.0,3348.960949988582,0.0,4800.0
2030-10-13 04:00:00,4303.585293445993,0.0,0.0,3348.960949988582,0.0,4800.0
2030-10-13 05:00:00,3762.688165438769,0.0,0.0,3348.960949988582,0.0,4800.0
2030-10-13 06:00:00,0.0,0.0,73.14625305795926,3348.960949988582,0.0,4800.0
2030-10-13 07:00:00,0.0,0.0,0.0,3348.960949988582,4702.27569348336,4800.0
2030-10-13 08:00:00,0.0,0.0,3300.0,0.0,4800.0,0.0
2030-10-13 09:00:00,0.0,892.549899870357,3300.0,0.0,4800.0,0.0
2030-10-13 10:00:00,0.0,1221.5823614790772,3300.0,0.0,4800.0,0.0
2030-10-13 11:00:00,0.0,623.4315991786464,3300.0,0.0,4800.0,0.0
2030-10-13 12:00:00,0.0,814.3883166061901,3300.0,0.0,4800.0,0.0
2030-10-13 13:00:00,0.0,869.1264331837713,3300.0,0.0,4800.0,0.0
2030-10-13 14:00:00,0.0,1349.8515642840832,3300.0,0.0,4800.0,0.0
2030-10-13 15:00:00,0.0,1349.8515642840832,3300.0,0.0,4800.0,0.0
2030-10-13 16:00:00,0.0,475.4169183896694,3300.0,0.0,4800.0,0.0
2030-10-13 17:00:00,0.0,0.0,3300.0,1832.9100106547457,4800.0,0.0
2030-10-13 18:00:00,0.0,0.0,3300.0,2192.1356975639565,4800.0,0.0
2030-10-13 19:00:00,0.0,0.0,3300.0,605.4592622448051,4800.0,0.0
2030-10-13 20:00:00,0.0,1349.8515642840832,3300.0,2845.159848301215,4800.0,0.0
2030-10-13 21:00:00,0.0,0.0,3300.0,215.21172084596083,4800.0,0.0
2030-10-13 22:00:00,0.0,0.0,3300.0,298.3041507581863,4800.0,0.0
2030-10-13 23:00:00,0.0,1349.8515642840832,3300.0,2691.1186645101025,4800.0,0.0
2030-10-14 00:00:00,0.0,1349.8515642840832,3300.0,2959.3151896424465,4800.0,0.0
2030-10-14 01:00:00,0.0,0.0,3300.0,1694.2108773090551,4800.0,0.0
2030-10-14 02:00:00,0.0,0.0,3300.0,465.72552475982957,4800.0,0.0
2030-10-14 03:00:00,0.0,0.0,3300.0,1807.6203695407414,4800.0,0.0
2030-10-14 04:00:00,0.0,0.0,3300.0,1984.563926421554,4800.0,0.0
2030-10-14 05:00:00,0.0,0.0,3300.0,573.8812210436374,4800.0,0.0
2030-10-14 06:00:00,0.0,1349.8515642840832,3300.0,1501.178474182867,4800.0,0.0
2030-10-14 07:00:00,0.0,1349.8515642840832,3300.0,1862.1521200856039,4800.0,0.0
2030-10-14 08:00:00,0.0,1349.8515642840832,3300.0,0.0,4800.0,0.0
2030-10-14 09:00:00,0.0,1349.8515642840832,3300.0,0.0,4800.0,0.0
2030-10-14 10:00:00,0.0,1349.8515642840832,3300.0,0.0,4800.0,0.0
2030-10-14 11:00:00,0.0,1349.8515642840832,3300.0,0.0,4800.0,0.0
2030-10-14 12:00:00,0.0,1349.8515642840832,3300.0,0.0,4800.0,0.0
2030-10-14 13:00:00,0.0,1349.8515642840832,3300.0,0.0,4800.0,0.0
2030-10-14 14:00:00,2766.6724357242856,1349.8515642840832,0.0,2847.269651337505,0.0,0.0
2030-10-14 15:00:00,4303.585293445993,0.0,0.0,3348.960949988582,0.0,4800.0
2030-10-14 16:00:00,4303.585293445993,0.0,0.0,3348.960949988582,0.0,4800.0
2030-10-14 17:00:00,4303.585293445993,0.0,0.0,3348.960949988582,0.0,4800.0
2030-10-14 18:00:00,4303.585293445993,0.0,0.0,3348.960949988582,0.0,4800.0
2030-10-14 19:00:00,4303.585293445993,0.0,0.0,3348.960949988582,0.0,4800.0
2030-10-14 20:00:00,44.37340253686125,0.0,0.0,3348.960949988582,0.0,4800.0
2030-10-14 21:00:00,0.0,0.0,0.0,3164.788216557098,3936.0429985565133,0.0
2030-10-14 22:00:00,0.0,1349.8515642840832,3300.0,1279.0765965412374,4800.0,0.0
2030-10-14 23:00:00,0.0,0.0,3300.0,0.0,4800.0,0.0
2030-10-15 00:00:00,0.0,1349.8515642840832,3300.0,3348.960949988582,4800.0,0.0
2030-10-15 01:00:00,0.0,0.0,1961.2576032663187,3348.960949988582,4800.0,2363.9590806991314
2030-10-15 02:00:00,0.0,0.0,1976.6963536425128,3348.960949988582,103.09392499311525,0.0
2030-10-15 03:00:00,0.0,0.0,3256.7803950284215,3348.960949988582,0.0,4800.0
2030-10-15 04:00:00,0.0,0.0,1103.9028940607386,3348.960949988582,0.0,4800.0
2030-10-15 05:00:00,4303.585293445993,0.0,0.0,3348.960949988582,0.0,4800.0
2030-10-15 06:00:00,4303.585293445993,0.0,0.0,3348.960949988582,0.0,4800.0
2030-10-15 07:00:00,3934.362254952248,0.0,0.0,3348.960949988582,0.0,4800.0
2030-10-15 08:00:00,0.0,0.0,3300.0,842.7234658129548,1853.8039361723204,4800.0
2030-10-15 09:00:00,0.0,1349.8515642840832,3300.0,1744.853417024503,4800.0,0.0
2030-10-15 10:00:00,1247.9402288737354,1349.8515642840832,0.0,3348.960949988582,0.0,1687.4847509426957
2030-10-15 11:00:00,0.0,1349.8515642840832,0.0,3348.960949988582,2585.12577306779,4800.0
2030-10-15 12:00:00,2712.1057315958833,0.0,0.0,3348.960949988582,0.0,4800.0
2030-10-15 13:00:00,4303.585293445993,0.0,0.0,3348.960949988582,0.0,4800.0
2030-10-15 14:00:00,4303.585293445993,0.0,0.0,3348.960949988582,0.0,4800.0
2030-10-15 15:00:00,4303.585293445993,0.0,0.0,3348.960949988582,0.0,4800.0
2030-10-15 16:00:00,4303.585293445993,0.0,0.0,3348.960949988582,0.0,4800.0
2030-10-15 17:00:00,4303.585293445993,0.0,0.0,3348.960949988582,0.0,4800.0
2030-10-15 18:00:00,4303.585293445993,0.0,0.0,3348.960949988582,0.0,4800.0
2030-10-15 19:00:00,4303.585293445993,0.0,0.0,3348.960949988582,0.0,4800.0
2030-10-15 20:00:00,4303.585293445993,0.0,0.0,3348.960949988582,0.0,4800.0
2030-10-15 21:00:00,4303.585293445993,0.0,0.0,3348.960949988582,0.0,4800.0
2030-10-15 22:00:00,4303.585293445993,0.0,0.0,3348.960949988582,0.0,4800.0
2030-10-15 23:00:00,4303.585293445993,0.0,0.0,3348.960949988582,0.0,4800.0
2030-10-16 00:00:00,4303.585293445993,0.0,0.0,3348.960949988582,0.0,4800.0
2030-10-16 01:00:00,4303.585293445993,0.0,0.0,3348.960949988582,0.0,4800.0
2030-10-16 02:00:00,4303.585293445993,0.0,0.0,3348.960949988582,0.0,4800.0
2030-10-16 03:00:00,4303.585293445993,0.0,0.0,3348.960949988582,0.0,4800.0
2030-10-16 04:00:00,4303.585293445993,0.0,0.0,3348.960949988582,0.0,4800.0
2030-10-16 05:00:00,4303.585293445993,0.0,0.0,3348.960949988582,0.0,4800.0
2030-10-16 06:00:00,4303.585293445993,0.0,0.0,3348.960949988582,0.0,4800.0
2030-10-16 07:00:00,4303.585293445993,0.0,0.0,3348.960949988582,0.0,4800.0
2030-10-16 08:00:00,4303.585293445993,0.0,0.0,3348.960949988582,0.0,4800.0
2030-10-16 09:00:00,2209.1875134719376,0.0,0.0,3348.960949988582,0.0,4800.0
2030-10-16 10:00:00,855.0554235980234,0.0,0.0,3348.960949988582,0.0,4800.0
2030-10-16 11:00:00,1364.9921789660907,0.0,0.0,3348.960949988582,0.0,4800.0
2030-10-16 12:00:00,1836.137091337815,0.0,0.0,3348.960949988582,0.0,4800.0
2030-10-16 13:00:00,2008.836058937488,0.0,0.0,3348.960949988582,0.0,4800.0
2030-10-16 14:00:00,666.6909772859162,0.0,0.0,3348.960949988582,0.0,4800.0
2030-10-16 15:00:00,4303.585293445993,0.0,0.0,3348.960949988582,0.0,4800.0
2030-10-16 16:00:00,4303.585293445993,0.0,0.0,3348.960949988582,0.0,4800.0
2030-10-16 17:00:00,4303.585293445993,0.0,0.0,3348.960949988582,0.0,4800.0
2030-10-16 18:00:00,4303.585293445993,0.0,0.0,3348.960949988582,0.0,4800.0
2030-10-16 19:00:00,4303.585293445993,0.0,0.0,3348.960949988582,0.0,4800.0
2030-10-16 20:00:00,0.0,0.0,1290.1608505082095,3348.960949988582,0.0,4800.0
2030-10-16 21:00:00,0.0,0.0,1069.3901583337733,3348.960949988582,0.0,4800.0
2030-10-16 22:00:00,0.0,0.0,1813.9289263540454,3348.960949988582,0.0,1800.8606783420369
2030-10-16 23:00:00,0.0,0.0,1081.3008663711553,3348.960949988582,0.0,4800.0
2030-10-17 00:00:00,0.0,0.0,1055.2929695825678,3348.960949988582,0.0,4800.0
2030-10-17 01:00:00,0.0,0.0,1225.771114504084,3348.960949988582,0.0,4800.0
2030-10-17 02:00:00,0.0,0.0,946.0731635050033,3348.960949988582,0.0,4800.0
2030-10-17 03:00:00,154.06161665350373,0.0,0.0,3348.960949988582,0.0,4800.0
2030-10-17 04:00:00,4303.585293445993,0.0,0.0,3348.960949988582,0.0,4800.0
2030-10-17 05:00:00,4303.585293445993,0.0,0.0,3348.960949988582,0.0,4800.0
2030-10-17 06:00:00,3812.811097843762,0.0,0.0,3348.960949988582,0.0,4800.0
2030-10-17 07:00:00,0.0,0.0,152.85831226577216,3348.960949988582,0.0,2057.9821906695497
2030-10-17 08:00:00,0.0,1349.8515642840832,3300.0,0.0,4800.0,0.0
2030-10-17 09:00:00,0.0,1349.8515642840832,3300.0,0.0,4800.0,0.0
2030-10-17 10:00:00,0.0,1349.8515642840832,3300.0,0.0,4800.0,0.0
2030-10-17 11:00:00,0.0,1349.8515642840832,3300.0,0.0,4800.0,0.0
2030-10-17 12:00:00,0.0,1349.8515642840832,3300.0,0.0,4800.0,0.0
2030-10-17 13:00:00,0.0,1349.8515642840832,3300.0,0.0,4800.0,0.0
2030-10-17 14:00:00,0.0,671.766879004149,3300.0,0.0,4800.0,0.0
2030-10-17 15:00:00,0.0,1349.8515642840832,475.80453065592746,3348.960949988582,1402.9606442427335,0.0
2030-10-17 16:00:00,0.0,0.0,126.46006784130077,3348.960949988582,0.0,4800.0
2030-10-17 17:00:00,0.0,0.0,887.8175858301893,3348.960949988582,0.0,4800.0
2030-10-17 18:00:00,0.0,0.0,1318.4586738535454,3348.960949988582,266.820465488212,4800.0
2030-10-17 19:00:00,0.0,0.0,1017.9041373947862,3348.960949988582,4800.0,3481.7266503192827
2030-10-17 20:00:00,0.0,621.838151152323,1413.7524306232008,3348.960949988582,4800.0,0.0
2030-10-17 21:00:00,0.0,1349.8515642840832,3300.0,3092.996520106262,4800.0,0.0
2030-10-17 22:00:00,0.0,0.0,3300.0,621.4518601745299,4800.0,0.0
2030-10-17 23:00:00,0.0,0.0,3300.0,1731.8762494815876,4800.0,0.0
2030-10-18 00:00:00,0.0,0.0,3300.0,239.27290838366048,4800.0,2420.2328891151046
2030-10-18 01:00:00,0.0,0.0,3300.0,384.35773700698155,0.0,348.8209179735786
2030-10-18 02:00:00,0.0,0.0,354.59226892365746,3348.960949988582,715.2652844264996,0.0
2030-10-18 03:00:00,0.0,0.0,952.1315711566322,3348.960949988582,1380.0200414374658,4800.0
2030-10-18 04:00:00,0.0,0.0,1730.2146226457307,3348.960949988582,0.0,4800.0
2030-10-18 05:00:00,0.0,0.0,1918.975913869076,3348.960949988582,0.0,4800.0
2030-10-18 06:00:00,0.0,0.0,1585.8491914882916,3348.960949988582,0.0,4800.0
2030-10-18 07:00:00,0.0,156.6247325132822,131.18946914750268,3348.960949988582,4800.0,0.0
2030-10-18 08:00:00,0.0,1349.8515642840832,3300.0,765.5068444523017,4800.0,0.0
2030-10-18 09:00:00,0.0,1349.8515642840832,3300.0,0.0,4800.0,0.0
2030-10-18 10:00:00,0.0,1349.8515642840832,3300.0,0.0,4800.0,0.0
2030-10-18 11:00:00,0.0,1349.8515642840832,3300.0,0.0,4800.0,0.0
2030-10-18 12:00:00,0.0,0.0,3300.0,3348.960949988582,4800.0,0.0
2030-10-18 13:00:00,0.0,0.0,3300.0,9.755266909064403,4800.0,0.0
2030-10-18 14:00:00,0.0,0.0,3300.0,3348.960949988582,4800.0,0.0
2030-10-18 15:00:00,0.0,0.0,3300.0,3348.960949988582,4800.0,0.0
2030-10-18 16:00:00,0.0,0.0,1189.3034125559452,3348.960949988582,0.0,326.20828494295984
2030-10-18 17:00:00,0.0,0.0,3300.0,3348.960949988582,0.0,1918.3000196747453
2030-10-18 18:00:00,0.0,0.0,3300.0,3348.960949988582,2408.243049025972,4800.0
2030-10-18 19:00:00,0.0,0.0,3300.0,3348.960949988582,4800.0,1939.0284028517199
2030-10-18 20:00:00,0.0,0.0,3300.0,3348.960949988582,4800.0,0.0
2030-10-18 21:00:00,0.0,0.0,3300.0,3348.960949988582,4800.0,0.0
2030-10-18 22:00:00,0.0,0.0,3300.0,3348.960949988582,4800.0,0.0
2030-10-18 23:00:00,0.0,0.0,3300.0,3348.960949988582,4800.0,0.0
2030-10-19 00:00:00,0.0,0.0,3300.0,3348.960949988582,4800.0,0.0
2030-10-19 01:00:00,0.0,0.0,3300.0,3348.960949988582,2463.796211633562,0.0
2030-10-19 02:00:00,0.0,0.0,3300.0,3348.960949988582,949.1325331679982,0.0
2030-10-19 03:00:00,0.0,0.0,3300.0,3348.960949988582,2571.6331779231405,4800.0
2030-10-19 04:00:00,0.0,0.0,3201.139919200154,3348.960949988582,0.0,4800.0
2030-10-19 05:00:00,0.0,0.0,3300.0,3348.960949988582,0.0,4800.0
2030-10-19 06:00:00,0.0,0.0,1255.3968050583371,3348.960949988582,0.0,4800.0
2030-10-19 07:00:00,0.0,0.0,3300.0,3348.960949988582,4800.0,0.0
2030-10-19 08:00:00,0.0,0.0,3300.0,3348.960949988582,4800.0,0.0
2030-10-19 09:00:00,0.0,0.0,3300.0,3348.960949988582,4800.0,0.0
2030-10-19 10:00:00,0.0,0.0,3300.0,3348.960949988582,4800.0,0.0
2030-10-19 11:00:00,0.0,0.0,3300.0,3348.960949988582,4800.0,0.0
2030-10-19 12:00:00,0.0,0.0,3300.0,3348.960949988582,4800.0,0.0
2030-10-19 13:00:00,0.0,0.0,3300.0,3348.960949988582,4800.0,0.0
2030-10-19 14:00:00,0.0,0.0,3300.0,3348.960949988582,4800.0,0.0
2030-10-19 15:00:00,3328.3706935381697,0.0,0.0,3348.960949988582,0.0,4800.0
2030-10-19 16:00:00,4303.585293445993,0.0,0.0,3348.960949988582,0.0,4800.0
2030-10-19 17:00:00,4303.585293445993,0.0,0.0,3348.960949988582,0.0,4800.0
2030-10-19 18:00:00,3105.7182696578748,0.0,0.0,3348.960949988582,0.0,4800.0
2030-10-19 19:00:00,0.0,0.0,1843.2971324275545,3348.960949988582,0.0,4800.0
2030-10-19 20:00:00,0.0,0.0,0.0,3348.960949988582,0.0,4800.0
2030-10-19 21:00:00,0.0,0.0,2707.490058596788,3348.960949988582,0.0,4800.0
2030-10-19 22:00:00,0.0,0.0,3300.0,3348.960949988582,545.4576663018306,4800.0
2030-10-19 23:00:00,0.0,0.0,1435.4469749603231,3348.960949988582,0.0,4800.0
2030-10-20 00:00:00,0.0,0.0,1119.3063319268927,3348.960949988582,0.0,4800.0
2030-10-20 01:00:00,0.0,0.0,1164.4321107677365,3348.960949988582,0.0,4800.0
2030-10-20 02:00:00,0.0,0.0,1076.2009457600006,3348.960949988582,0.0,4800.0
2030-10-20 03:00:00,0.0,0.0,1393.7288850569316,3348.960949988582,0.0,4800.0
2030-10-20 04:00:00,676.5489044688657,0.0,0.0,3348.960949988582,0.0,4800.0
2030-10-20 05:00:00,1524.8358721720233,0.0,0.0,3348.960949988582,0.0,4800.0
2030-10-20 06:00:00,4232.8591202794,0.0,3300.0,3348.960949988582,0.0,4800.0
2030-10-20 07:00:00,629.7279174411087,0.0,0.0,3348.960949988582,0.0,4800.0
2030-10-20 08:00:00,0.0,0.0,3300.0,3348.960949988582,2996.223870320595,0.0
2030-10-20 09:00:00,0.0,0.0,3300.0,3348.960949988582,4800.0,0.0
2030-10-20 10:00:00,0.0,0.0,3300.0,3348.960949988582,4800.0,0.0
2030-10-20 11:00:00,0.0,0.0,3300.0,3348.960949988582,4800.0,0.0
2030-10-20 12:00:00,0.0,0.0,3300.0,3348.960949988582,4800.0,0.0
2030-10-20 13:00:00,0.0,0.0,3300.0,3348.960949988582,4800.0,738.2369724334931
2030-10-20 14:00:00,0.0,0.0,2798.2247534043654,3348.960949988582,0.0,4800.0
2030-10-20 15:00:00,4303.585293445993,0.0,0.0,3348.960949988582,0.0,4800.0
2030-10-20 16:00:00,4303.585293445993,0.0,0.0,3348.960949988582,0.0,4800.0
2030-10-20 17:00:00,4303.585293445993,0.0,0.0,3348.960949988582,0.0,4800.0
2030-10-20 18:00:00,4303.585293445993,0.0,0.0,3348.960949988582,0.0,4800.0
2030-10-20 19:00:00,4303.585293445993,0.0,0.0,3348.960949988582,0.0,4800.0
2030-10-20 20:00:00,4303.585293445993,0.0,0.0,3348.960949988582,0.0,4800.0
2030-10-20 21:00:00,4303.585293445993,0.0,0.0,3348.960949988582,0.0,4800.0
2030-10-20 22:00:00,4303.585293445993,0.0,0.0,3348.960949988582,0.0,4800.0
2030-10-20 23:00:00,4303.585293445993,0.0,0.0,3348.960949988582,0.0,4800.0
2030-10-21 00:00:00,4303.585293445993,0.0,0.0,3348.960949988582,0.0,4800.0
2030-10-21 01:00:00,4303.585293445993,0.0,0.0,3348.960949988582,0.0,4800.0
2030-10-21 02:00:00,4303.585293445993,0.0,0.0,3348.960949988582,0.0,4800.0
2030-10-21 03:00:00,4303.585293445993,0.0,0.0,3348.960949988582,0.0,4800.0
2030-10-21 04:00:00,4303.585293445993,0.0,0.0,3348.960949988582,0.0,4800.0
2030-10-21 05:00:00,4303.585293445993,0.0,0.0,3348.960949988582,0.0,4800.0
2030-10-21 06:00:00,4303.585293445993,0.0,0.0,3348.960949988582,0.0,4800.0
2030-10-21 07:00:00,4303.585293445993,0.0,0.0,3348.960949988582,0.0,4800.0
2030-10-21 08:00:00,4303.585293445993,0.0,0.0,3348.960949988582,0.0,4800.0
2030-10-21 09:00:00,0.0,0.0,3300.0,3348.960949988582,0.0,3420.732517466471
2030-10-21 10:00:00,0.0,0.0,3300.0,3348.960949988582,997.1618669169638,0.0
2030-10-21 11:00:00,0.0,0.0,3300.0,3348.960949988582,4800.0,3408.339196211652
2030-10-21 12:00:00,0.0,0.0,3300.0,3348.960949988582,0.0,246.2960331892782
2030-10-21 13:00:00,0.0,0.0,838.4634071762007,3348.960949988582,0.0,4800.0
2030-10-21 14:00:00,4303.585293445993,0.0,0.0,3348.960949988582,0.0,4800.0
2030-10-21 15:00:00,4303.585293445993,0.0,0.0,3348.960949988582,0.0,4800.0
2030-10-21 16:00:00,4303.585293445993,0.0,0.0,3348.960949988582,0.0,4800.0
2030-10-21 17:00:00,4303.585293445993,0.0,0.0,3348.960949988582,0.0,4800.0
2030-10-21 18:00:00,4303.585293445993,0.0,0.0,3348.960949988582,0.0,4800.0
2030-10-21 19:00:00,4303.585293445993,0.0,0.0,3348.960949988582,0.0,4800.0
2030-10-21 20:00:00,4303.585293445993,0.0,0.0,3348.960949988582,0.0,4800.0
2030-10-21 21:00:00,4303.585293445993,0.0,0.0,3348.960949988582,0.0,4800.0
2030-10-21 22:00:00,4303.585293445993,0.0,0.0,3348.960949988582,0.0,4800.0
2030-10-21 23:00:00,4303.585293445993,0.0,0.0,3348.960949988582,0.0,4800.0
2030-10-22 00:00:00,4303.585293445993,0.0,0.0,3348.960949988582,0.0,4800.0
2030-10-22 01:00:00,4303.585293445993,0.0,0.0,3348.960949988582,0.0,4800.0
2030-10-22 02:00:00,4303.585293445993,0.0,0.0,3348.960949988582,0.0,4800.0
2030-10-22 03:00:00,4303.585293445993,0.0,0.0,3348.960949988582,0.0,4800.0
2030-10-22 04:00:00,4303.585293445993,0.0,0.0,3348.960949988582,0.0,4800.0
2030-10-22 05:00:00,4303.585293445993,0.0,0.0,3348.960949988582,0.0,4800.0
2030-10-22 06:00:00,4303.585293445993,0.0,0.0,3348.960949988582,0.0,4800.0
2030-10-22 07:00:00,4303.585293445993,0.0,0.0,3348.960949988582,0.0,4800.0
2030-10-22 08:00:00,4303.585293445993,0.0,0.0,3348.960949988582,0.0,4800.0
2030-10-22 09:00:00,4303.585293445993,0.0,0.0,3348.960949988582,0.0,4800.0
2030-10-22 10:00:00,4303.585293445993,0.0,0.0,3348.960949988582,0.0,4800.0
2030-10-22 11:00:00,4303.585293445993,0.0,0.0,3348.960949988582,0.0,4800.0
2030-10-22 12:00:00,4303.585293445993,0.0,0.0,3348.960949988582,0.0,4800.0
2030-10-22 13:00:00,4303.585293445993,0.0,0.0,3348.960949988582,0.0,4800.0
2030-10-22 14:00:00,4303.585293445993,0.0,0.0,3348.960949988582,0.0,4800.0
2030-10-22 15:00:00,4303.585293445993,0.0,0.0,3348.960949988582,0.0,4800.0
2030-10-22 16:00:00,4303.585293445993,0.0,0.0,3348.960949988582,0.0,4800.0
2030-10-22 17:00:00,4303.585293445993,0.0,0.0,3348.960949988582,0.0,4800.0
2030-10-22 18:00:00,4303.585293445993,0.0,0.0,3348.960949988582,0.0,4800.0
2030-10-22 19:00:00,4303.585293445993,0.0,0.0,3348.960949988582,0.0,4800.0
2030-10-22 20:00:00,4303.585293445993,0.0,0.0,3348.960949988582,0.0,4800.0
2030-10-22 21:00:00,4303.585293445993,0.0,0.0,3348.960949988582,0.0,4800.0
2030-10-22 22:00:00,4303.585293445993,0.0,0.0,3348.960949988582,0.0,4800.0
2030-10-22 23:00:00,4303.585293445993,0.0,0.0,3348.960949988582,0.0,4800.0
2030-10-23 00:00:00,4303.585293445993,0.0,0.0,3348.960949988582,0.0,4800.0
2030-10-23 01:00:00,4303.585293445993,0.0,0.0,3348.960949988582,0.0,4800.0
2030-10-23 02:00:00,4303.585293445993,0.0,0.0,3348.960949988582,0.0,4800.0
2030-10-23 03:00:00,4303.585293445993,0.0,0.0,3348.960949988582,0.0,4800.0
2030-10-23 04:00:00,4303.585293445993,0.0,0.0,3348.960949988582,0.0,4800.0
2030-10-23 05:00:00,4303.585293445993,0.0,0.0,3348.960949988582,0.0,4800.0
2030-10-23 06:00:00,4303.585293445993,0.0,0.0,3348.960949988582,0.0,4800.0
2030-10-23 07:00:00,4303.585293445993,0.0,0.0,3348.960949988582,0.0,4800.0
2030-10-23 08:00:00,4303.585293445993,0.0,0.0,3348.960949988582,0.0,4800.0
2030-10-23 09:00:00,4303.585293445993,0.0,0.0,3348.960949988582,0.0,4800.0
2030-10-23 10:00:00,4303.585293445993,0.0,0.0,3348.960949988582,0.0,4800.0
2030-10-23 11:00:00,4303.585293445993,0.0,0.0,3348.960949988582,0.0,4800.0
2030-10-23 12:00:00,4303.585293445993,0.0,0.0,3348.960949988582,0.0,4800.0
2030-10-23 13:00:00,4303.585293445993,0.0,0.0,3348.960949988582,0.0,4800.0
2030-10-23 14:00:00,4303.585293445993,0.0,0.0,3348.960949988582,0.0,4800.0
2030-10-23 15:00:00,4303.585293445993,0.0,0.0,3348.960949988582,0.0,4800.0
2030-10-23 16:00:00,4303.585293445993,0.0,0.0,3348.960949988582,0.0,4800.0
2030-10-23 17:00:00,4303.585293445993,0.0,0.0,3348.960949988582,0.0,4800.0
2030-10-23 18:00:00,4303.585293445993,0.0,0.0,3348.960949988582,0.0,4800.0
2030-10-23 19:00:00,4303.585293445993,0.0,0.0,3348.960949988582,0.0,4800.0
2030-10-23 20:00:00,4303.585293445993,0.0,0.0,3348.960949988582,0.0,4800.0
2030-10-23 21:00:00,4303.585293445993,0.0,0.0,3348.960949988582,0.0,4800.0
2030-10-23 22:00:00,4303.585293445993,0.0,0.0,3348.960949988582,0.0,4800.0
2030-10-23 23:00:00,4303.585293445993,0.0,0.0,3348.960949988582,0.0,4800.0
2030-10-24 00:00:00,4303.585293445993,0.0,0.0,3348.960949988582,0.0,4800.0
2030-10-24 01:00:00,4303.585293445993,0.0,0.0,3348.960949988582,0.0,4800.0
2030-10-24 02:00:00,4303.585293445993,0.0,0.0,3348.960949988582,0.0,4800.0
2030-10-24 03:00:00,4303.585293445993,0.0,0.0,3348.960949988582,0.0,4800.0
2030-10-24 04:00:00,4303.585293445993,0.0,0.0,3348.960949988582,0.0,4800.0
2030-10-24 05:00:00,4303.585293445993,0.0,0.0,3348.960949988582,0.0,4800.0
2030-10-24 06:00:00,4303.585293445993,0.0,0.0,3348.960949988582,0.0,4800.0
2030-10-24 07:00:00,4303.585293445993,0.0,0.0,3348.960949988582,0.0,4800.0
2030-10-24 08:00:00,4303.585293445993,0.0,0.0,3348.960949988582,0.0,4800.0
2030-10-24 09:00:00,4303.585293445993,0.0,0.0,3348.960949988582,0.0,4800.0
2030-10-24 10:00:00,4303.585293445993,0.0,0.0,3348.960949988582,0.0,4800.0
2030-10-24 11:00:00,4303.585293445993,0.0,0.0,3348.960949988582,0.0,4800.0
2030-10-24 12:00:00,4303.585293445993,0.0,0.0,3348.960949988582,0.0,4800.0
2030-10-24 13:00:00,4303.585293445993,0.0,0.0,3348.960949988582,0.0,4800.0
2030-10-24 14:00:00,4303.585293445993,0.0,0.0,3348.960949988582,0.0,4800.0
2030-10-24 15:00:00,4303.585293445993,0.0,0.0,3348.960949988582,0.0,4800.0
2030-10-24 16:00:00,4303.585293445993,0.0,0.0,3348.960949988582,0.0,4800.0
2030-10-24 17:00:00,4303.585293445993,0.0,0.0,3348.960949988582,0.0,4800.0
2030-10-24 18:00:00,4303.585293445993,0.0,0.0,3348.960949988582,0.0,4800.0
2030-10-24 19:00:00,4303.585293445993,0.0,0.0,3348.960949988582,0.0,4800.0
2030-10-24 20:00:00,4303.585293445993,0.0,0.0,3348.960949988582,0.0,4800.0
2030-10-24 21:00:00,4303.585293445993,0.0,0.0,3348.960949988582,0.0,4800.0
2030-10-24 22:00:00,4303.585293445993,0.0,0.0,3348.960949988582,0.0,4800.0
2030-10-24 23:00:00,4303.585293445993,0.0,0.0,3348.960949988582,0.0,4800.0
2030-10-25 00:00:00,4303.585293445993,0.0,0.0,3348.960949988582,0.0,4800.0
2030-10-25 01:00:00,4303.585293445993,0.0,0.0,3348.960949988582,0.0,4800.0
2030-10-25 02:00:00,4303.585293445993,0.0,0.0,3348.960949988582,0.0,4800.0
2030-10-25 03:00:00,4303.585293445993,0.0,0.0,3348.960949988582,0.0,4800.0
2030-10-25 04:00:00,4303.585293445993,0.0,0.0,3348.960949988582,0.0,4800.0
2030-10-25 05:00:00,4303.585293445993,0.0,0.0,3348.960949988582,0.0,4800.0
2030-10-25 06:00:00,4303.585293445993,0.0,0.0,3348.960949988582,0.0,4800.0
2030-10-25 07:00:00,4303.585293445993,0.0,0.0,3348.960949988582,0.0,4800.0
2030-10-25 08:00:00,4303.585293445993,0.0,0.0,3348.960949988582,0.0,4800.0
2030-10-25 09:00:00,4303.585293445993,0.0,0.0,3348.960949988582,0.0,4800.0
2030-10-25 10:00:00,4303.585293445993,0.0,0.0,3348.960949988582,0.0,4800.0
2030-10-25 11:00:00,4303.585293445993,0.0,0.0,3348.960949988582,0.0,4800.0
2030-10-25 12:00:00,4303.585293445993,0.0,0.0,3348.960949988582,0.0,4800.0
2030-10-25 13:00:00,4303.585293445993,0.0,0.0,3348.960949988582,0.0,4800.0
2030-10-25 14:00:00,4303.585293445993,0.0,0.0,3348.960949988582,0.0,4800.0
2030-10-25 15:00:00,4303.585293445993,0.0,0.0,3348.960949988582,0.0,4800.0
2030-10-25 16:00:00,4303.585293445993,0.0,0.0,3348.960949988582,0.0,4800.0
2030-10-25 17:00:00,4303.585293445993,0.0,0.0,3348.960949988582,0.0,4800.0
2030-10-25 18:00:00,4303.585293445993,0.0,0.0,3348.960949988582,0.0,4800.0
2030-10-25 19:00:00,4303.585293445993,0.0,0.0,3348.960949988582,0.0,4800.0
2030-10-25 20:00:00,4303.585293445993,0.0,0.0,3348.960949988582,0.0,4800.0
2030-10-25 21:00:00,4303.585293445993,0.0,0.0,3348.960949988582,0.0,4800.0
2030-10-25 22:00:00,4303.585293445993,0.0,0.0,3348.960949988582,0.0,4800.0
2030-10-25 23:00:00,4303.585293445993,0.0,0.0,3348.960949988582,0.0,4800.0
2030-10-26 00:00:00,4303.585293445993,0.0,0.0,3348.960949988582,0.0,4800.0
2030-10-26 01:00:00,4303.585293445993,0.0,0.0,3348.960949988582,0.0,4800.0
2030-10-26 02:00:00,4303.585293445993,0.0,0.0,3348.960949988582,0.0,4800.0
2030-10-26 03:00:00,4303.585293445993,0.0,0.0,3348.960949988582,0.0,4800.0
2030-10-26 04:00:00,4303.585293445993,0.0,0.0,3348.960949988582,0.0,4800.0
2030-10-26 05:00:00,4303.585293445993,0.0,0.0,3348.960949988582,0.0,4800.0
2030-10-26 06:00:00,4303.585293445993,0.0,0.0,3348.960949988582,0.0,4800.0
2030-10-26 07:00:00,4303.585293445993,0.0,0.0,3348.960949988582,0.0,4800.0
2030-10-26 08:00:00,4303.585293445993,0.0,0.0,3348.960949988582,0.0,4800.0
2030-10-26 09:00:00,4303.585293445993,0.0,0.0,3348.960949988582,0.0,4800.0
2030-10-26 10:00:00,4303.585293445993,0.0,0.0,3348.960949988582,0.0,4800.0
2030-10-26 11:00:00,4303.585293445993,0.0,0.0,3348.960949988582,0.0,4800.0
2030-10-26 12:00:00,4303.585293445993,0.0,0.0,3348.960949988582,0.0,4800.0
2030-10-26 13:00:00,4303.585293445993,0.0,0.0,3348.960949988582,0.0,4800.0
2030-10-26 14:00:00,3422.6287291674516,0.0,0.0,3348.960949988582,0.0,4800.0
2030-10-26 15:00:00,4303.585293445993,0.0,0.0,3348.960949988582,0.0,4800.0
2030-10-26 16:00:00,4303.585293445993,0.0,0.0,3348.960949988582,0.0,4800.0
2030-10-26 17:00:00,4303.585293445993,0.0,0.0,3348.960949988582,0.0,4800.0
2030-10-26 18:00:00,4303.585293445993,0.0,0.0,3348.960949988582,0.0,4800.0
2030-10-26 19:00:00,4303.585293445993,0.0,0.0,3348.960949988582,0.0,4800.0
2030-10-26 20:00:00,4303.585293445993,0.0,0.0,3348.960949988582,0.0,4800.0
2030-10-26 21:00:00,4063.2655486141125,0.0,3300.0,3348.960949988582,0.0,4800.0
2030-10-26 22:00:00,3060.7224420004277,0.0,0.0,3348.960949988582,0.0,4800.0
2030-10-26 23:00:00,0.0,0.0,235.30908788512806,3348.960949988582,0.0,4800.0
2030-10-27 00:00:00,1088.5521131266578,0.0,3300.0,3348.960949988582,0.0,4800.0
2030-10-27 01:00:00,1940.1296888324068,0.0,0.0,3348.960949988582,0.0,4800.0
2030-10-27 02:00:00,4303.585293445993,0.0,0.0,3348.960949988582,0.0,4800.0
2030-10-27 03:00:00,4303.585293445993,0.0,0.0,3348.960949988582,0.0,4800.0
2030-10-27 04:00:00,4303.585293445993,0.0,0.0,3348.960949988582,0.0,4800.0
2030-10-27 05:00:00,4303.585293445993,0.0,0.0,3348.960949988582,0.0,4800.0
2030-10-27 06:00:00,4303.585293445993,0.0,0.0,3348.960949988582,0.0,4800.0
2030-10-27 07:00:00,4303.585293445993,0.0,0.0,3348.960949988582,0.0,4800.0
2030-10-27 08:00:00,4303.585293445993,0.0,0.0,3348.960949988582,0.0,4800.0
2030-10-27 09:00:00,4303.585293445993,0.0,0.0,3348.960949988582,0.0,4800.0
2030-10-27 10:00:00,4303.585293445993,0.0,0.0,3348.960949988582,0.0,4800.0
2030-10-27 11:00:00,4303.585293445993,0.0,0.0,3348.960949988582,0.0,4800.0
2030-10-27 12:00:00,4303.585293445993,0.0,0.0,3348.960949988582,0.0,4800.0
2030-10-27 13:00:00,4303.585293445993,0.0,0.0,3348.960949988582,0.0,4800.0
2030-10-27 14:00:00,4303.585293445993,0.0,0.0,3348.960949988582,0.0,4800.0
2030-10-27 15:00:00,4303.585293445993,0.0,0.0,3348.960949988582,0.0,4800.0
2030-10-27 16:00:00,4303.585293445993,0.0,0.0,3348.960949988582,0.0,4800.0
2030-10-27 17:00:00,4303.585293445993,0.0,0.0,3348.960949988582,0.0,4800.0
2030-10-27 18:00:00,4303.585293445993,0.0,0.0,3348.960949988582,0.0,4800.0
2030-10-27 19:00:00,4303.585293445993,0.0,0.0,3348.960949988582,0.0,4800.0
2030-10-27 20:00:00,4303.585293445993,0.0,0.0,3348.960949988582,0.0,4800.0
2030-10-27 21:00:00,4303.585293445993,0.0,0.0,3348.960949988582,0.0,4800.0
2030-10-27 22:00:00,4303.585293445993,0.0,0.0,3348.960949988582,0.0,4800.0
2030-10-27 23:00:00,4303.585293445993,0.0,0.0,3348.960949988582,0.0,4800.0
2030-10-28 00:00:00,4303.585293445993,0.0,0.0,3348.960949988582,0.0,4800.0
2030-10-28 01:00:00,4303.585293445993,0.0,0.0,3348.960949988582,0.0,4800.0
2030-10-28 02:00:00,4303.585293445993,0.0,0.0,3348.960949988582,0.0,4800.0
2030-10-28 03:00:00,4303.585293445993,0.0,0.0,3348.960949988582,0.0,4800.0
2030-10-28 04:00:00,4303.585293445993,0.0,0.0,3348.960949988582,0.0,4800.0
2030-10-28 05:00:00,4303.585293445993,0.0,0.0,3348.960949988582,0.0,4800.0
2030-10-28 06:00:00,4303.585293445993,0.0,0.0,3348.960949988582,0.0,4800.0
2030-10-28 07:00:00,4075.3876041960757,0.0,0.0,3348.960949988582,0.0,4800.0
2030-10-28 08:00:00,0.0,0.0,2144.5448742054214,3348.960949988582,0.0,4800.0
2030-10-28 09:00:00,0.0,0.0,2875.4947998472617,3348.960949988582,0.0,4800.0
2030-10-28 10:00:00,0.0,0.0,3300.0,3348.960949988582,676.3733372113129,4800.0
2030-10-28 11:00:00,0.0,0.0,3300.0,3348.960949988582,3223.8495046503667,0.0
2030-10-28 12:00:00,0.0,0.0,3300.0,3348.960949988582,4800.0,0.0
2030-10-28 13:00:00,0.0,0.0,3300.0,3348.960949988582,4800.0,0.0
2030-10-28 14:00:00,0.0,0.0,3300.0,3348.960949988582,2518.463014329839,0.0
2030-10-28 15:00:00,0.0,0.0,2490.425443151016,3348.960949988582,0.0,4800.0
2030-10-28 16:00:00,2189.2583840977823,0.0,3300.0,3348.960949988582,0.0,4800.0
2030-10-28 17:00:00,2786.553186760044,0.0,0.0,3348.960949988582,0.0,4800.0
2030-10-28 18:00:00,4303.585293445993,0.0,0.0,3348.960949988582,0.0,4800.0
2030-10-28 19:00:00,4303.585293445993,0.0,0.0,3348.960949988582,0.0,4800.0
2030-10-28 20:00:00,4303.585293445993,0.0,0.0,3348.960949988582,0.0,4800.0
2030-10-28 21:00:00,4303.585293445993,0.0,0.0,3348.960949988582,0.0,4800.0
2030-10-28 22:00:00,4303.585293445993,0.0,0.0,3348.960949988582,0.0,4800.0
2030-10-28 23:00:00,4303.585293445993,0.0,0.0,3348.960949988582,0.0,4800.0
2030-10-29 00:00:00,4303.585293445993,0.0,0.0,3348.960949988582,0.0,4800.0
2030-10-29 01:00:00,4303.585293445993,0.0,0.0,3348.960949988582,0.0,4800.0
2030-10-29 02:00:00,4303.585293445993,0.0,0.0,3348.960949988582,0.0,4800.0
2030-10-29 03:00:00,4303.585293445993,0.0,0.0,3348.960949988582,0.0,4800.0
2030-10-29 04:00:00,4303.585293445993,0.0,0.0,3348.960949988582,0.0,4800.0
2030-10-29 05:00:00,4303.585293445993,0.0,0.0,3348.960949988582,0.0,4800.0
2030-10-29 06:00:00,4303.585293445993,0.0,0.0,3348.960949988582,0.0,4800.0
2030-10-29 07:00:00,4303.585293445993,0.0,0.0,3348.960949988582,0.0,4800.0
2030-10-29 08:00:00,4303.585293445993,0.0,0.0,3348.960949988582,0.0,4800.0
2030-10-29 09:00:00,4303.585293445993,0.0,0.0,3348.960949988582,0.0,4800.0
2030-10-29 10:00:00,4303.585293445993,0.0,0.0,3348.960949988582,0.0,4800.0
2030-10-29 11:00:00,4303.585293445993,0.0,0.0,3348.960949988582,0.0,4800.0
2030-10-29 12:00:00,4303.585293445993,0.0,0.0,3348.960949988582,0.0,4800.0
2030-10-29 13:00:00,4303.585293445993,0.0,0.0,3348.960949988582,0.0,4800.0
2030-10-29 14:00:00,4303.585293445993,0.0,0.0,3348.960949988582,0.0,4800.0
2030-10-29 15:00:00,4303.585293445993,0.0,0.0,3348.960949988582,0.0,4800.0
2030-10-29 16:00:00,4303.585293445993,0.0,0.0,3348.960949988582,0.0,4800.0
2030-10-29 17:00:00,4303.585293445993,0.0,0.0,3348.960949988582,0.0,4800.0
2030-10-29 18:00:00,4303.585293445993,0.0,0.0,3348.960949988582,0.0,4800.0
2030-10-29 19:00:00,4303.585293445993,0.0,0.0,3348.960949988582,0.0,4800.0
2030-10-29 20:00:00,4303.585293445993,0.0,0.0,3348.960949988582,0.0,4800.0
2030-10-29 21:00:00,4303.585293445993,0.0,0.0,3348.960949988582,0.0,4800.0
2030-10-29 22:00:00,4303.585293445993,0.0,0.0,3348.960949988582,0.0,4800.0
2030-10-29 23:00:00,4303.585293445993,0.0,0.0,3348.960949988582,0.0,4800.0
2030-10-30 00:00:00,4303.585293445993,0.0,0.0,3348.960949988582,0.0,4800.0
2030-10-30 01:00:00,4303.585293445993,0.0,0.0,3348.960949988582,0.0,4800.0
2030-10-30 02:00:00,4303.585293445993,0.0,95.44455855644651,3348.960949988582,0.0,4800.0
2030-10-30 03:00:00,4303.585293445993,0.0,2264.9808672356594,3348.960949988582,0.0,4800.0
2030-10-30 04:00:00,4303.585293445993,0.0,1463.0620878409477,3348.960949988582,0.0,4800.0
2030-10-30 05:00:00,4303.585293445993,0.0,0.0,3348.960949988582,0.0,4800.0
2030-10-30 06:00:00,4303.585293445993,0.0,0.0,3348.960949988582,0.0,4800.0
2030-10-30 07:00:00,3693.0043197146806,0.0,3300.0,3348.960949988582,0.0,4800.0
2030-10-30 08:00:00,0.0,0.0,1861.5431194935618,3348.960949988582,0.0,4800.0
2030-10-30 09:00:00,0.0,0.0,3300.0,3348.960949988582,0.0,204.35487862754962
2030-10-30 10:00:00,0.0,0.0,3300.0,3348.960949988582,4800.0,2006.460024221713
2030-10-30 11:00:00,0.0,0.0,3300.0,3348.960949988582,4800.0,0.0
2030-10-30 12:00:00,0.0,0.0,3300.0,3348.960949988582,4800.0,0.0
2030-10-30 13:00:00,0.0,0.0,3300.0,3348.960949988582,4118.785322993477,0.0
2030-10-30 14:00:00,0.0,0.0,1380.9431843763668,3348.960949988582,0.0,4800.0
2030-10-30 15:00:00,0.0,0.0,270.0177783700067,3348.960949988582,0.0,4800.0
2030-10-30 16:00:00,222.2188458843848,0.0,3300.0,3348.960949988582,0.0,4800.0
2030-10-30 17:00:00,0.0,0.0,3300.0,3348.960949988582,4272.446480944374,4800.0
2030-10-30 18:00:00,0.0,0.0,3300.0,3348.960949988582,0.0,3865.474239276744
2030-10-30 19:00:00,0.0,0.0,3300.0,3348.960949988582,0.0,4800.0
2030-10-30 20:00:00,0.0,0.0,3300.0,3348.960949988582,0.0,4800.0
2030-10-30 21:00:00,0.0,0.0,3300.0,3348.960949988582,1871.6603201039222,4800.0
2030-10-30 22:00:00,0.0,0.0,3300.0,3348.960949988582,0.0,3323.3338954583014
2030-10-30 23:00:00,0.0,0.0,3300.0,3348.960949988582,2851.2784188015503,4800.0
2030-10-31 00:00:00,0.0,0.0,3300.0,3348.960949988582,846.8814388334577,0.0
2030-10-31 01:00:00,0.0,0.0,3300.0,3348.960949988582,0.0,701.0550626074983
2030-10-31 02:00:00,0.0,0.0,3300.0,3348.960949988582,3204.6792832429855,4800.0
2030-10-31 03:00:00,0.0,0.0,3300.0,3348.960949988582,0.0,4614.5778459147405
2030-10-31 04:00:00,0.0,0.0,3300.0,3348.960949988582,0.0,4800.0
2030-10-31 05:00:00,0.0,0.0,3300.0,3348.960949988582,0.0,4800.0
2030-10-31 06:00:00,0.0,0.0,3300.0,3348.960949988582,0.0,4800.0
2030-10-31 07:00:00,1130.4651542189386,0.0,3300.0,3348.960949988582,0.0,4800.0
2030-10-31 08:00:00,2580.245848122283,0.0,3300.0,3348.960949988582,0.0,4800.0
2030-10-31 09:00:00,4303.585293445993,0.0,2988.490506302245,3348.960949988582,0.0,4800.0
2030-10-31 10:00:00,4303.585293445993,0.0,1323.462277671751,3348.960949988582,0.0,4800.0
2030-10-31 11:00:00,3761.7291898643502,0.0,0.0,3348.960949988582,0.0,4800.0
2030-10-31 12:00:00,3660.669360258582,0.0,0.0,3348.960949988582,0.0,4800.0
2030-10-31 13:00:00,2302.29423119993,0.0,0.0,3348.960949988582,0.0,4800.0
2030-10-31 14:00:00,4303.585293445993,0.0,0.0,3348.960949988582,0.0,4800.0
2030-10-31 15:00:00,4303.585293445993,0.0,0.0,3348.960949988582,0.0,4800.0
2030-10-31 16:00:00,4303.585293445993,0.0,0.0,3348.960949988582,0.0,4800.0
2030-10-31 17:00:00,4303.585293445993,0.0,0.0,3348.960949988582,0.0,4800.0
2030-10-31 18:00:00,4303.585293445993,0.0,0.0,3348.960949988582,0.0,4800.0
2030-10-31 19:00:00,4303.585293445993,0.0,0.0,3348.960949988582,0.0,4800.0
2030-10-31 20:00:00,4303.585293445993,0.0,0.0,3348.960949988582,0.0,4800.0
2030-10-31 21:00:00,4303.585293445993,0.0,0.0,3348.960949988582,0.0,4800.0
2030-10-31 22:00:00,4303.585293445993,0.0,0.0,3348.960949988582,0.0,4800.0
2030-10-31 23:00:00,4303.585293445993,0.0,0.0,3348.960949988582,0.0,4800.0
2030-11-01 00:00:00,4303.585293445993,0.0,0.0,3348.960949988582,0.0,4800.0
2030-11-01 01:00:00,4303.585293445993,0.0,1343.4397329762505,3348.960949988582,0.0,4800.0
2030-11-01 02:00:00,4242.242093330082,0.0,3300.0,3348.960949988582,0.0,4800.0
2030-11-01 03:00:00,3574.275642018096,0.0,3300.0,3348.960949988582,0.0,4800.0
2030-11-01 04:00:00,4303.585293445993,0.0,2526.1753831199567,3348.960949988582,0.0,4800.0
2030-11-01 05:00:00,4303.585293445993,0.0,1888.3777473317687,3348.960949988582,0.0,4800.0
2030-11-01 06:00:00,4303.585293445993,0.0,601.4848000994016,3348.960949988582,0.0,4800.0
2030-11-01 07:00:00,1903.5167607030933,0.0,0.0,3348.960949988582,0.0,4800.0
2030-11-01 08:00:00,0.0,0.0,3300.0,3348.960949988582,0.0,4800.0
2030-11-01 09:00:00,0.0,0.0,3300.0,3348.960949988582,4800.0,1631.6577012357811
2030-11-01 10:00:00,0.0,0.0,3300.0,3348.960949988582,4800.0,0.0
2030-11-01 11:00:00,0.0,0.0,3300.0,3348.960949988582,4800.0,0.0
2030-11-01 12:00:00,0.0,0.0,3300.0,3348.960949988582,4800.0,0.0
2030-11-01 13:00:00,0.0,0.0,3300.0,3348.960949988582,4800.0,0.0
2030-11-01 14:00:00,0.0,0.0,3300.0,3348.960949988582,0.0,3962.707495664945
2030-11-01 15:00:00,0.0,0.0,710.2039381068171,3348.960949988582,0.0,4800.0
2030-11-01 16:00:00,425.8572171614211,0.0,0.0,3348.960949988582,0.0,4800.0
2030-11-01 17:00:00,0.0,0.0,3300.0,3348.960949988582,0.0,4800.0
2030-11-01 18:00:00,0.0,0.0,3300.0,3348.960949988582,3294.9029744057043,4800.0
2030-11-01 19:00:00,0.0,0.0,3300.0,3348.960949988582,4800.0,1502.813087453571
2030-11-01 20:00:00,0.0,0.0,3300.0,3348.960949988582,4800.0,0.0
2030-11-01 21:00:00,0.0,0.0,3300.0,3348.960949988582,4800.0,0.0
2030-11-01 22:00:00,0.0,0.0,3300.0,3348.960949988582,4800.0,3194.1021604542425
2030-11-01 23:00:00,0.0,0.0,3300.0,3348.960949988582,4800.0,3170.5621953643495
2030-11-02 00:00:00,0.0,0.0,3300.0,3348.960949988582,0.0,347.4820369389199
2030-11-02 01:00:00,0.0,0.0,3300.0,3348.960949988582,0.0,2498.413737754374
2030-11-02 02:00:00,0.0,0.0,3300.0,3348.960949988582,0.0,4800.0
2030-11-02 03:00:00,0.0,0.0,3300.0,3348.960949988582,0.0,4800.0
2030-11-02 04:00:00,0.0,0.0,3300.0,3348.960949988582,0.0,4800.0
2030-11-02 05:00:00,0.0,0.0,3300.0,3348.960949988582,0.0,4800.0
2030-11-02 06:00:00,0.0,0.0,2571.694565574411,3348.960949988582,0.0,4800.0
2030-11-02 07:00:00,0.0,0.0,2439.621825527377,3348.960949988582,0.0,4800.0
2030-11-02 08:00:00,0.0,0.0,3300.0,3348.960949988582,0.0,2312.896001009831
2030-11-02 09:00:00,0.0,0.0,3300.0,3348.960949988582,4800.0,0.0
2030-11-02 10:00:00,0.0,0.0,3300.0,3348.960949988582,4800.0,0.0
2030-11-02 11:00:00,0.0,0.0,3300.0,3348.960949988582,4800.0,0.0
2030-11-02 12:00:00,0.0,0.0,3300.0,3348.960949988582,4800.0,0.0
2030-11-02 13:00:00,0.0,0.0,3300.0,3348.960949988582,4800.0,0.0
2030-11-02 14:00:00,0.0,0.0,3300.0,3348.960949988582,4800.0,0.0
2030-11-02 15:00:00,0.0,0.0,3300.0,3348.960949988582,4800.0,0.0
2030-11-02 16:00:00,0.0,0.0,3300.0,3348.960949988582,4800.0,0.0
2030-11-02 17:00:00,0.0,0.0,3300.0,3348.960949988582,4800.0,0.0
2030-11-02 18:00:00,0.0,0.0,3300.0,3348.960949988582,4800.0,0.0
2030-11-02 19:00:00,0.0,0.0,3300.0,3348.960949988582,4800.0,0.0
2030-11-02 20:00:00,0.0,0.0,3300.0,3348.960949988582,4800.0,0.0
2030-11-02 21:00:00,0.0,0.0,3300.0,3348.960949988582,4800.0,0.0
2030-11-02 22:00:00,0.0,0.0,3300.0,3348.960949988582,4800.0,0.0
2030-11-02 23:00:00,0.0,0.0,3300.0,3348.960949988582,4800.0,0.0
2030-11-03 00:00:00,0.0,0.0,3300.0,3348.960949988582,4800.0,0.0
2030-11-03 01:00:00,0.0,0.0,3300.0,3348.960949988582,4800.0,0.0
2030-11-03 02:00:00,0.0,0.0,3300.0,3348.960949988582,4800.0,0.0
2030-11-03 03:00:00,0.0,0.0,3300.0,3348.960949988582,4800.0,0.0
2030-11-03 04:00:00,0.0,0.0,3300.0,3348.960949988582,4800.0,0.0
2030-11-03 05:00:00,0.0,0.0,3300.0,3348.960949988582,4800.0,0.0
2030-11-03 06:00:00,0.0,0.0,3300.0,3348.960949988582,4800.0,0.0
2030-11-03 07:00:00,0.0,0.0,3300.0,3348.960949988582,4800.0,0.0
2030-11-03 08:00:00,0.0,0.0,3300.0,3348.960949988582,4800.0,0.0
2030-11-03 09:00:00,0.0,0.0,3300.0,3348.960949988582,4800.0,0.0
2030-11-03 10:00:00,0.0,0.0,3300.0,3348.960949988582,4800.0,0.0
2030-11-03 11:00:00,0.0,0.0,3300.0,3348.960949988582,4800.0,0.0
2030-11-03 12:00:00,0.0,0.0,3300.0,3348.960949988582,4800.0,0.0
2030-11-03 13:00:00,0.0,0.0,3300.0,3348.960949988582,4800.0,0.0
2030-11-03 14:00:00,0.0,0.0,3300.0,3348.960949988582,4800.0,0.0
2030-11-03 15:00:00,0.0,0.0,3300.0,3348.960949988582,4800.0,0.0
2030-11-03 16:00:00,0.0,0.0,3300.0,3348.960949988582,4621.553614189688,0.0
2030-11-03 17:00:00,0.0,0.0,3300.0,3348.960949988582,4800.0,0.0
2030-11-03 18:00:00,0.0,0.0,3300.0,3348.960949988582,4800.0,0.0
2030-11-03 19:00:00,0.0,0.0,3300.0,3348.960949988582,4800.0,0.0
2030-11-03 20:00:00,0.0,0.0,3300.0,3348.960949988582,4800.0,0.0
2030-11-03 21:00:00,0.0,0.0,3300.0,3348.960949988582,4800.0,0.0
2030-11-03 22:00:00,0.0,0.0,3300.0,3348.960949988582,4800.0,0.0
2030-11-03 23:00:00,0.0,0.0,3300.0,3348.960949988582,4800.0,0.0
2030-11-04 00:00:00,0.0,0.0,3300.0,3348.960949988582,4800.0,0.0
2030-11-04 01:00:00,0.0,0.0,3300.0,3348.960949988582,4800.0,0.0
2030-11-04 02:00:00,0.0,0.0,3300.0,3348.960949988582,4800.0,0.0
2030-11-04 03:00:00,0.0,0.0,3300.0,3348.960949988582,4800.0,0.0
2030-11-04 04:00:00,0.0,0.0,3300.0,3348.960949988582,4800.0,0.0
2030-11-04 05:00:00,0.0,0.0,3300.0,3348.960949988582,4800.0,0.0
2030-11-04 06:00:00,0.0,0.0,3300.0,3348.960949988582,4800.0,0.0
2030-11-04 07:00:00,0.0,0.0,3300.0,3348.960949988582,4800.0,0.0
2030-11-04 08:00:00,0.0,0.0,3300.0,3348.960949988582,4800.0,0.0
2030-11-04 09:00:00,0.0,0.0,3300.0,3348.960949988582,4800.0,0.0
2030-11-04 10:00:00,0.0,0.0,3300.0,3348.960949988582,4800.0,0.0
2030-11-04 11:00:00,0.0,0.0,3300.0,3348.960949988582,4800.0,0.0
2030-11-04 12:00:00,0.0,0.0,3300.0,3348.960949988582,4800.0,0.0
2030-11-04 13:00:00,0.0,0.0,3300.0,3348.960949988582,4800.0,0.0
2030-11-04 14:00:00,0.0,0.0,3300.0,3348.960949988582,4800.0,0.0
2030-11-04 15:00:00,0.0,0.0,3300.0,3348.960949988582,4187.569525261635,4800.0
2030-11-04 16:00:00,0.0,0.0,3300.0,3348.960949988582,0.0,4800.0
2030-11-04 17:00:00,0.0,0.0,3300.0,3348.960949988582,0.0,4800.0
2030-11-04 18:00:00,1259.2335972936257,0.0,3300.0,3348.960949988582,0.0,4800.0
2030-11-04 19:00:00,0.0,0.0,3300.0,3348.960949988582,0.0,4800.0
2030-11-04 20:00:00,0.0,0.0,3300.0,3348.960949988582,0.0,4800.0
2030-11-04 21:00:00,0.0,0.0,3300.0,3348.960949988582,0.0,4800.0
2030-11-04 22:00:00,0.0,0.0,3300.0,3348.960949988582,0.0,4800.0
2030-11-04 23:00:00,0.0,0.0,3300.0,3348.960949988582,0.0,4800.0
2030-11-05 00:00:00,0.0,0.0,3300.0,3348.960949988582,0.0,4800.0
2030-11-05 01:00:00,0.0,0.0,3300.0,3348.960949988582,0.0,4800.0
2030-11-05 02:00:00,0.0,0.0,3300.0,3348.960949988582,0.0,4800.0
2030-11-05 03:00:00,0.0,0.0,3300.0,3348.960949988582,0.0,4800.0
2030-11-05 04:00:00,0.0,0.0,2701.2753666969907,3348.960949988582,0.0,4800.0
2030-11-05 05:00:00,0.0,0.0,2360.2036746539993,3348.960949988582,0.0,4800.0
2030-11-05 06:00:00,1127.9904757330405,0.0,3300.0,3348.960949988582,0.0,4800.0
2030-11-05 07:00:00,1526.162197728669,0.0,3300.0,3348.960949988582,0.0,4800.0
2030-11-05 08:00:00,2222.6487539341215,0.0,3300.0,3348.960949988582,0.0,4800.0
2030-11-05 09:00:00,0.0,0.0,0.0,3348.960949988582,0.0,4800.0
2030-11-05 10:00:00,1245.515724743591,0.0,0.0,3348.960949988582,0.0,4800.0
2030-11-05 11:00:00,4303.585293445993,0.0,1585.619780751268,3348.960949988582,0.0,4800.0
2030-11-05 12:00:00,4303.585293445993,0.0,1569.5794315177,3348.960949988582,0.0,4800.0
2030-11-05 13:00:00,4303.585293445993,0.0,2787.865776526285,3348.960949988582,0.0,4800.0
2030-11-05 14:00:00,4303.585293445993,0.0,0.0,3348.960949988582,0.0,4800.0
2030-11-05 15:00:00,4303.585293445993,0.0,0.0,3348.960949988582,0.0,4800.0
2030-11-05 16:00:00,4303.585293445993,0.0,0.0,3348.960949988582,0.0,4800.0
2030-11-05 17:00:00,2940.3596077533803,0.0,3300.0,3348.960949988582,0.0,4800.0
2030-11-05 18:00:00,0.0,0.0,1902.4518444391751,3348.960949988582,0.0,4800.0
2030-11-05 19:00:00,0.0,0.0,1568.489074631123,3348.960949988582,0.0,4800.0
2030-11-05 20:00:00,0.0,0.0,1705.7949686997267,3348.960949988582,0.0,4800.0
2030-11-05 21:00:00,0.0,0.0,3300.0,3348.960949988582,0.0,4800.0
2030-11-05 22:00:00,0.0,0.0,3300.0,3348.960949988582,0.0,4800.0
2030-11-05 23:00:00,0.0,0.0,3300.0,3348.960949988582,0.0,4800.0
2030-11-06 00:00:00,0.0,0.0,3300.0,3348.960949988582,0.0,4800.0
2030-11-06 01:00:00,0.0,0.0,3300.0,3348.960949988582,0.0,4800.0
2030-11-06 02:00:00,0.0,0.0,3300.0,3348.960949988582,0.0,4800.0
2030-11-06 03:00:00,0.0,0.0,3300.0,3348.960949988582,0.0,4800.0
2030-11-06 04:00:00,0.0,0.0,3300.0,3348.960949988582,0.0,4800.0
2030-11-06 05:00:00,0.0,0.0,3300.0,3348.960949988582,0.0,4800.0
2030-11-06 06:00:00,0.0,0.0,3212.097493138659,3348.960949988582,0.0,4800.0
2030-11-06 07:00:00,0.0,0.0,2864.509574503319,3348.960949988582,0.0,4800.0
2030-11-06 08:00:00,0.0,0.0,1339.5670979101378,3348.960949988582,0.0,4800.0
2030-11-06 09:00:00,0.0,0.0,3300.0,3348.960949988582,243.76988946545134,4800.0
2030-11-06 10:00:00,0.0,0.0,3300.0,3348.960949988582,0.0,4800.0
2030-11-06 11:00:00,0.0,0.0,3300.0,3348.960949988582,3384.4102093886177,4800.0
2030-11-06 12:00:00,0.0,0.0,3300.0,3348.960949988582,0.0,4800.0
2030-11-06 13:00:00,0.0,0.0,3300.0,3348.960949988582,0.0,4800.0
2030-11-06 14:00:00,0.0,0.0,276.31191806658944,3348.960949988582,0.0,4800.0
2030-11-06 15:00:00,0.0,0.0,1044.812196316831,3348.960949988582,0.0,4800.0
2030-11-06 16:00:00,4303.585293445993,0.0,0.0,3348.960949988582,0.0,4800.0
2030-11-06 17:00:00,4303.585293445993,0.0,0.0,3348.960949988582,0.0,4800.0
2030-11-06 18:00:00,4303.585293445993,0.0,0.0,3348.960949988582,0.0,4800.0
2030-11-06 19:00:00,1238.8780561454914,0.0,3300.0,3348.960949988582,0.0,4800.0
2030-11-06 20:00:00,0.0,0.0,2282.282744263025,3348.960949988582,0.0,4800.0
2030-11-06 21:00:00,0.0,0.0,2145.734939428544,3348.960949988582,0.0,4800.0
2030-11-06 22:00:00,0.0,0.0,2281.6811651564108,3348.960949988582,0.0,4800.0
2030-11-06 23:00:00,0.0,0.0,2651.7060210204513,3348.960949988582,0.0,4800.0
2030-11-07 00:00:00,0.0,0.0,3300.0,3348.960949988582,0.0,4800.0
2030-11-07 01:00:00,0.0,0.0,3300.0,3348.960949988582,0.0,4800.0
2030-11-07 02:00:00,0.0,0.0,3300.0,3348.960949988582,0.0,4800.0
2030-11-07 03:00:00,0.0,0.0,3300.0,3348.960949988582,0.0,4800.0
2030-11-07 04:00:00,0.0,0.0,3300.0,3348.960949988582,0.0,4800.0
2030-11-07 05:00:00,0.0,0.0,538.651504310983,3348.960949988582,0.0,4800.0
2030-11-07 06:00:00,4303.585293445993,0.0,0.0,3348.960949988582,0.0,4800.0
2030-11-07 07:00:00,4303.585293445993,0.0,0.0,3348.960949988582,0.0,4800.0
2030-11-07 08:00:00,2316.4527993061565,0.0,3300.0,3348.960949988582,0.0,4800.0
2030-11-07 09:00:00,1697.8756538972384,0.0,3300.0,3348.960949988582,0.0,4800.0
2030-11-07 10:00:00,0.0,0.0,941.0738915522702,3348.960949988582,0.0,4800.0
2030-11-07 11:00:00,0.0,0.0,2292.2871425576595,3348.960949988582,0.0,4800.0
2030-11-07 12:00:00,0.0,0.0,3300.0,3348.960949988582,0.0,4800.0
2030-11-07 13:00:00,0.0,0.0,3300.0,3348.960949988582,0.0,4800.0
2030-11-07 14:00:00,0.0,0.0,3300.0,3348.960949988582,0.0,4800.0
2030-11-07 15:00:00,0.0,0.0,3300.0,3348.960949988582,0.0,4800.0
2030-11-07 16:00:00,0.0,0.0,3300.0,3348.960949988582,0.0,4800.0
2030-11-07 17:00:00,0.0,0.0,3300.0,3348.960949988582,0.0,4800.0
2030-11-07 18:00:00,0.0,0.0,3300.0,3348.960949988582,2665.8925561228534,0.0
2030-11-07 19:00:00,0.0,0.0,3300.0,3348.960949988582,4800.0,0.0
2030-11-07 20:00:00,0.0,0.0,3300.0,3348.960949988582,4800.0,0.0
2030-11-07 21:00:00,0.0,0.0,3300.0,3348.960949988582,4800.0,0.0
2030-11-07 22:00:00,0.0,0.0,3300.0,3348.960949988582,4800.0,0.0
2030-11-07 23:00:00,0.0,0.0,3300.0,3348.960949988582,4800.0,0.0
2030-11-08 00:00:00,0.0,0.0,3300.0,3348.960949988582,4800.0,0.0
2030-11-08 01:00:00,0.0,0.0,3300.0,3348.960949988582,4800.0,0.0
2030-11-08 02:00:00,0.0,0.0,3300.0,3348.960949988582,4800.0,0.0
2030-11-08 03:00:00,0.0,0.0,3300.0,3348.960949988582,4800.0,0.0
2030-11-08 04:00:00,0.0,0.0,3300.0,3348.960949988582,4800.0,0.0
2030-11-08 05:00:00,0.0,0.0,3300.0,3348.960949988582,4800.0,0.0
2030-11-08 06:00:00,0.0,0.0,3300.0,3348.960949988582,4800.0,0.0
2030-11-08 07:00:00,0.0,0.0,3300.0,3348.960949988582,4800.0,0.0
2030-11-08 08:00:00,0.0,0.0,3300.0,3348.960949988582,4800.0,0.0
2030-11-08 09:00:00,0.0,0.0,3300.0,3348.960949988582,4800.0,0.0
2030-11-08 10:00:00,0.0,0.0,3300.0,3348.960949988582,4800.0,0.0
2030-11-08 11:00:00,0.0,0.0,3300.0,3348.960949988582,4800.0,0.0
2030-11-08 12:00:00,0.0,0.0,3300.0,3348.960949988582,4800.0,0.0
2030-11-08 13:00:00,0.0,0.0,3300.0,3348.960949988582,4800.0,0.0
2030-11-08 14:00:00,0.0,0.0,3300.0,3348.960949988582,4800.0,0.0
2030-11-08 15:00:00,0.0,0.0,3300.0,3348.960949988582,4800.0,0.0
2030-11-08 16:00:00,0.0,0.0,3300.0,3348.960949988582,4800.0,0.0
2030-11-08 17:00:00,0.0,0.0,3300.0,3348.960949988582,4800.0,0.0
2030-11-08 18:00:00,0.0,0.0,3300.0,3348.960949988582,4800.0,0.0
2030-11-08 19:00:00,0.0,0.0,3300.0,3348.960949988582,4800.0,0.0
2030-11-08 20:00:00,0.0,0.0,3300.0,3348.960949988582,4800.0,0.0
2030-11-08 21:00:00,0.0,0.0,3300.0,3348.960949988582,4800.0,0.0
2030-11-08 22:00:00,0.0,0.0,3300.0,3348.960949988582,4800.0,0.0
2030-11-08 23:00:00,0.0,0.0,3300.0,3348.960949988582,4800.0,0.0
2030-11-09 00:00:00,0.0,0.0,3300.0,3348.960949988582,4800.0,0.0
2030-11-09 01:00:00,0.0,0.0,3300.0,3348.960949988582,4800.0,0.0
2030-11-09 02:00:00,0.0,0.0,3300.0,3348.960949988582,4800.0,0.0
2030-11-09 03:00:00,0.0,0.0,3300.0,3348.960949988582,4800.0,0.0
2030-11-09 04:00:00,0.0,0.0,3300.0,3348.960949988582,4800.0,0.0
2030-11-09 05:00:00,0.0,0.0,3300.0,3348.960949988582,4800.0,0.0
2030-11-09 06:00:00,0.0,0.0,3300.0,3348.960949988582,4800.0,0.0
2030-11-09 07:00:00,0.0,0.0,3300.0,3348.960949988582,4800.0,1091.851116312493
2030-11-09 08:00:00,0.0,0.0,3300.0,3348.960949988582,4800.0,0.0
2030-11-09 09:00:00,0.0,0.0,3300.0,3348.960949988582,4800.0,0.0
2030-11-09 10:00:00,0.0,0.0,3300.0,3348.960949988582,4800.0,0.0
2030-11-09 11:00:00,0.0,0.0,3300.0,3348.960949988582,4800.0,0.0
2030-11-09 12:00:00,0.0,0.0,3300.0,3348.960949988582,4800.0,0.0
2030-11-09 13:00:00,0.0,0.0,3300.0,3348.960949988582,4800.0,0.0
2030-11-09 14:00:00,0.0,0.0,3300.0,3348.960949988582,4800.0,2527.640163712349
2030-11-09 15:00:00,0.0,0.0,3300.0,3348.960949988582,0.0,4800.0
2030-11-09 16:00:00,0.0,0.0,1822.7839890144492,3348.960949988582,0.0,4800.0
2030-11-09 17:00:00,0.0,0.0,2485.110646290019,3348.960949988582,2201.8795565681357,4800.0
2030-11-09 18:00:00,0.0,0.0,2370.131394485579,3348.960949988582,661.1557856423897,4800.0
2030-11-09 19:00:00,0.0,0.0,3165.124412108751,3348.960949988582,0.0,4800.0
2030-11-09 20:00:00,0.0,0.0,3300.0,3348.960949988582,0.0,4800.0
2030-11-09 21:00:00,0.0,0.0,3300.0,3348.960949988582,0.0,4800.0
2030-11-09 22:00:00,0.0,0.0,3300.0,3348.960949988582,0.0,4800.0
2030-11-09 23:00:00,0.0,0.0,3300.0,3348.960949988582,0.0,4800.0
2030-11-10 00:00:00,0.0,0.0,3300.0,3348.960949988582,0.0,4800.0
2030-11-10 01:00:00,0.0,0.0,2587.3295264087938,3348.960949988582,0.0,4800.0
2030-11-10 02:00:00,0.0,0.0,230.3747895132342,3348.960949988582,0.0,4800.0
2030-11-10 03:00:00,3290.7572398875513,0.0,3300.0,3348.960949988582,0.0,4800.0
2030-11-10 04:00:00,3405.512801331638,0.0,3300.0,3348.960949988582,0.0,4800.0
2030-11-10 05:00:00,3506.9106284478175,0.0,3300.0,3348.960949988582,0.0,4800.0
2030-11-10 06:00:00,4303.585293445993,0.0,1279.4492488736614,3348.960949988582,0.0,4800.0
2030-11-10 07:00:00,4303.585293445993,0.0,0.0,3348.960949988582,0.0,4800.0
2030-11-10 08:00:00,1969.2127316144638,0.0,0.0,3348.960949988582,0.0,4800.0
2030-11-10 09:00:00,3520.27125336374,0.0,0.0,3348.960949988582,0.0,4800.0
2030-11-10 10:00:00,4303.585293445993,0.0,0.0,3348.960949988582,0.0,4800.0
2030-11-10 11:00:00,4303.585293445993,0.0,3300.0,3348.960949988582,0.0,4800.0
2030-11-10 12:00:00,0.0,0.0,3300.0,3348.960949988582,0.0,4800.0
2030-11-10 13:00:00,63.62919466896324,0.0,3300.0,3348.960949988582,0.0,4800.0
2030-11-10 14:00:00,4303.585293445993,0.0,404.24399703789527,3348.960949988582,0.0,4800.0
2030-11-10 15:00:00,4303.585293445993,0.0,0.0,3348.960949988582,0.0,4800.0
2030-11-10 16:00:00,4303.585293445993,0.0,0.0,3348.960949988582,0.0,4800.0
2030-11-10 17:00:00,4303.585293445993,0.0,0.0,3348.960949988582,0.0,4800.0
2030-11-10 18:00:00,1804.1482556076662,0.0,3300.0,3348.960949988582,0.0,4800.0
2030-11-10 19:00:00,0.0,0.0,3300.0,3348.960949988582,0.0,4800.0
2030-11-10 20:00:00,0.0,0.0,3300.0,3348.960949988582,0.0,4800.0
2030-11-10 21:00:00,0.0,0.0,3300.0,3348.960949988582,0.0,4800.0
2030-11-10 22:00:00,0.0,0.0,3300.0,3348.960949988582,1593.837068588422,4800.0
2030-11-10 23:00:00,0.0,0.0,3300.0,3348.960949988582,4800.0,0.0
2030-11-11 00:00:00,0.0,0.0,3300.0,3348.960949988582,4800.0,0.0
2030-11-11 01:00:00,0.0,0.0,3300.0,3348.960949988582,4800.0,0.0
2030-11-11 02:00:00,0.0,0.0,3300.0,3348.960949988582,4800.0,0.0
2030-11-11 03:00:00,0.0,0.0,3300.0,3348.960949988582,4800.0,0.0
2030-11-11 04:00:00,0.0,0.0,3300.0,3348.960949988582,4800.0,0.0
2030-11-11 05:00:00,0.0,0.0,3300.0,3348.960949988582,4800.0,0.0
2030-11-11 06:00:00,0.0,0.0,3300.0,3348.960949988582,4038.317542464698,0.0
2030-11-11 07:00:00,0.0,0.0,3300.0,3348.960949988582,1512.3704228998329,0.0
2030-11-11 08:00:00,0.0,0.0,3300.0,3348.960949988582,2981.4131115800483,0.0
2030-11-11 09:00:00,0.0,0.0,3300.0,3348.960949988582,4800.0,0.0
2030-11-11 10:00:00,0.0,0.0,3300.0,3348.960949988582,1688.5894512513332,4800.0
2030-11-11 11:00:00,0.0,0.0,3300.0,3348.960949988582,0.0,4800.0
2030-11-11 12:00:00,0.0,0.0,3300.0,3348.960949988582,0.0,4800.0
2030-11-11 13:00:00,0.0,0.0,3300.0,3348.960949988582,0.0,4800.0
2030-11-11 14:00:00,0.0,0.0,3300.0,3348.960949988582,0.0,4800.0
2030-11-11 15:00:00,0.0,0.0,3300.0,3348.960949988582,0.0,4800.0
2030-11-11 16:00:00,0.0,0.0,3300.0,3348.960949988582,0.0,4800.0
2030-11-11 17:00:00,0.0,0.0,3300.0,3348.960949988582,0.0,4800.0
2030-11-11 18:00:00,0.0,0.0,3300.0,3348.960949988582,0.0,4800.0
2030-11-11 19:00:00,0.0,0.0,3300.0,3348.960949988582,0.0,4800.0
2030-11-11 20:00:00,0.0,0.0,3300.0,3348.960949988582,0.0,4800.0
2030-11-11 21:00:00,0.0,0.0,3300.0,3348.960949988582,0.0,4800.0
2030-11-11 22:00:00,0.0,0.0,3300.0,3348.960949988582,0.0,4800.0
2030-11-11 23:00:00,0.0,0.0,3300.0,3348.960949988582,4800.0,4800.0
2030-11-12 00:00:00,0.0,0.0,3300.0,3348.960949988582,2160.4676636257013,4800.0
2030-11-12 01:00:00,0.0,0.0,3300.0,3348.960949988582,184.7340976971027,4800.0
2030-11-12 02:00:00,0.0,0.0,3300.0,3348.960949988582,0.0,4800.0
2030-11-12 03:00:00,0.0,0.0,3300.0,3348.960949988582,0.0,4800.0
2030-11-12 04:00:00,0.0,0.0,3300.0,3348.960949988582,0.0,4800.0
2030-11-12 05:00:00,4303.585293445993,0.0,0.0,3348.960949988582,0.0,4800.0
2030-11-12 06:00:00,4303.585293445993,0.0,0.0,3348.960949988582,0.0,4800.0
2030-11-12 07:00:00,4303.585293445993,427.47411649786227,0.0,3348.960949988582,0.0,4800.0
2030-11-12 08:00:00,4303.585293445993,0.0,0.0,3348.960949988582,0.0,4800.0
2030-11-12 09:00:00,4303.585293445993,0.0,0.0,3348.960949988582,0.0,4800.0
2030-11-12 10:00:00,4303.585293445993,0.0,0.0,3348.960949988582,0.0,4800.0
2030-11-12 11:00:00,4303.585293445993,0.0,0.0,3348.960949988582,0.0,4800.0
2030-11-12 12:00:00,4303.585293445993,0.0,0.0,3348.960949988582,0.0,4800.0
2030-11-12 13:00:00,4303.585293445993,0.0,0.0,3348.960949988582,0.0,4800.0
2030-11-12 14:00:00,4303.585293445993,0.0,0.0,3348.960949988582,0.0,4800.0
2030-11-12 15:00:00,4303.585293445993,0.0,0.0,3348.960949988582,0.0,4800.0
2030-11-12 16:00:00,4303.585293445993,0.0,0.0,3348.960949988582,0.0,4800.0
2030-11-12 17:00:00,4303.585293445993,1349.8515642840832,0.0,2090.9309993915667,0.0,4800.0
2030-11-12 18:00:00,4303.585293445993,1349.8515642840832,0.0,2849.9135701095292,0.0,4800.0
2030-11-12 19:00:00,4303.585293445993,0.0,0.0,3348.960949988582,0.0,4800.0
2030-11-12 20:00:00,4303.585293445993,0.0,0.0,3348.960949988582,0.0,4800.0
2030-11-12 21:00:00,4303.585293445993,0.0,0.0,3348.960949988582,0.0,4800.0
2030-11-12 22:00:00,4303.585293445993,0.0,0.0,3348.960949988582,0.0,4800.0
2030-11-12 23:00:00,4303.585293445993,0.0,0.0,3348.960949988582,0.0,4800.0
2030-11-13 00:00:00,4303.585293445993,0.0,0.0,3348.960949988582,0.0,4800.0
2030-11-13 01:00:00,4303.585293445993,0.0,0.0,3348.960949988582,0.0,4800.0
2030-11-13 02:00:00,4303.585293445993,0.0,0.0,3348.960949988582,0.0,4800.0
2030-11-13 03:00:00,4303.585293445993,0.0,0.0,3348.960949988582,0.0,4800.0
2030-11-13 04:00:00,4303.585293445993,0.0,0.0,3348.960949988582,0.0,4800.0
2030-11-13 05:00:00,4303.585293445993,0.0,0.0,3348.960949988582,0.0,4800.0
2030-11-13 06:00:00,4303.585293445993,0.0,0.0,3348.960949988582,0.0,4800.0
2030-11-13 07:00:00,4303.585293445993,0.0,0.0,3348.960949988582,0.0,4800.0
2030-11-13 08:00:00,4303.585293445993,0.0,0.0,3348.960949988582,0.0,4800.0
2030-11-13 09:00:00,4303.585293445993,0.0,0.0,3348.960949988582,0.0,4800.0
2030-11-13 10:00:00,4303.585293445993,0.0,0.0,3348.960949988582,0.0,4800.0
2030-11-13 11:00:00,4303.585293445993,0.0,0.0,3348.960949988582,0.0,4800.0
2030-11-13 12:00:00,4303.585293445993,0.0,0.0,3348.960949988582,0.0,4800.0
2030-11-13 13:00:00,4303.585293445993,0.0,0.0,3348.960949988582,0.0,4800.0
2030-11-13 14:00:00,4303.585293445993,0.0,0.0,3348.960949988582,0.0,4800.0
2030-11-13 15:00:00,4303.585293445993,0.0,0.0,3348.960949988582,0.0,4800.0
2030-11-13 16:00:00,4303.585293445993,0.0,0.0,3348.960949988582,0.0,4800.0
2030-11-13 17:00:00,4303.585293445993,0.0,0.0,3348.960949988582,0.0,4800.0
2030-11-13 18:00:00,4303.585293445993,0.0,0.0,3348.960949988582,0.0,4800.0
2030-11-13 19:00:00,4303.585293445993,0.0,0.0,3348.960949988582,0.0,4800.0
2030-11-13 20:00:00,4303.585293445993,0.0,0.0,3348.960949988582,0.0,4800.0
2030-11-13 21:00:00,4303.585293445993,0.0,0.0,3348.960949988582,0.0,4800.0
2030-11-13 22:00:00,4303.585293445993,0.0,0.0,3348.960949988582,0.0,4800.0
2030-11-13 23:00:00,4303.585293445993,0.0,0.0,3348.960949988582,0.0,4800.0
2030-11-14 00:00:00,4303.585293445993,0.0,0.0,3348.960949988582,0.0,4800.0
2030-11-14 01:00:00,4303.585293445993,0.0,0.0,3348.960949988582,0.0,4800.0
2030-11-14 02:00:00,4303.585293445993,0.0,0.0,3348.960949988582,0.0,4800.0
2030-11-14 03:00:00,4303.585293445993,0.0,0.0,3348.960949988582,0.0,4800.0
2030-11-14 04:00:00,4303.585293445993,0.0,0.0,3348.960949988582,0.0,4800.0
2030-11-14 05:00:00,4303.585293445993,0.0,0.0,3348.960949988582,0.0,4800.0
2030-11-14 06:00:00,4303.585293445993,101.41571805024432,0.0,3348.960949988582,0.0,4800.0
2030-11-14 07:00:00,4303.585293445993,0.0,0.0,1753.807792281732,0.0,4800.0
2030-11-14 08:00:00,4303.585293445993,0.0,0.0,3348.960949988582,0.0,4800.0
2030-11-14 09:00:00,4303.585293445993,0.0,0.0,3348.960949988582,0.0,4800.0
2030-11-14 10:00:00,4303.585293445993,0.0,0.0,3348.960949988582,0.0,4800.0
2030-11-14 11:00:00,4303.585293445993,0.0,0.0,3348.960949988582,0.0,4800.0
2030-11-14 12:00:00,4303.585293445993,0.0,0.0,3348.960949988582,0.0,4800.0
2030-11-14 13:00:00,4303.585293445993,0.0,0.0,3348.960949988582,0.0,4800.0
2030-11-14 14:00:00,4303.585293445993,0.0,0.0,3348.960949988582,0.0,4800.0
2030-11-14 15:00:00,4303.585293445993,0.0,0.0,3348.960949988582,0.0,4800.0
2030-11-14 16:00:00,4303.585293445993,0.0,0.0,3348.960949988582,0.0,4800.0
2030-11-14 17:00:00,4303.585293445993,1349.8515642840832,0.0,1557.6596816074598,0.0,4800.0
2030-11-14 18:00:00,4303.585293445993,1349.8515642840832,0.0,3239.104556067459,0.0,4800.0
2030-11-14 19:00:00,4303.585293445993,0.0,0.0,3348.960949988582,0.0,4800.0
2030-11-14 20:00:00,4303.585293445993,0.0,0.0,3348.960949988582,0.0,4800.0
2030-11-14 21:00:00,4303.585293445993,0.0,0.0,3348.960949988582,0.0,4800.0
2030-11-14 22:00:00,4303.585293445993,0.0,0.0,3348.960949988582,0.0,4800.0
2030-11-14 23:00:00,4303.585293445993,0.0,0.0,3348.960949988582,0.0,4800.0
2030-11-15 00:00:00,4303.585293445993,0.0,0.0,3348.960949988582,0.0,4800.0
2030-11-15 01:00:00,4303.585293445993,0.0,0.0,3348.960949988582,0.0,4800.0
2030-11-15 02:00:00,4303.585293445993,0.0,0.0,3348.960949988582,0.0,4800.0
2030-11-15 03:00:00,4303.585293445993,0.0,0.0,3348.960949988582,0.0,4800.0
2030-11-15 04:00:00,4303.585293445993,0.0,0.0,3348.960949988582,0.0,4800.0
2030-11-15 05:00:00,4303.585293445993,0.0,0.0,3348.960949988582,0.0,4800.0
2030-11-15 06:00:00,4303.585293445993,0.0,0.0,3348.960949988582,0.0,4800.0
2030-11-15 07:00:00,4303.585293445993,0.0,0.0,3348.960949988582,0.0,4800.0
2030-11-15 08:00:00,4303.585293445993,0.0,0.0,3348.960949988582,0.0,4800.0
2030-11-15 09:00:00,4303.585293445993,0.0,0.0,3348.960949988582,0.0,4800.0
2030-11-15 10:00:00,4303.585293445993,0.0,0.0,3348.960949988582,0.0,4800.0
2030-11-15 11:00:00,4303.585293445993,0.0,0.0,3348.960949988582,0.0,4800.0
2030-11-15 12:00:00,4303.585293445993,0.0,0.0,3348.960949988582,0.0,4800.0
2030-11-15 13:00:00,4303.585293445993,0.0,0.0,3348.960949988582,0.0,4800.0
2030-11-15 14:00:00,4303.585293445993,0.0,0.0,3348.960949988582,0.0,4800.0
2030-11-15 15:00:00,4303.585293445993,0.0,0.0,3348.960949988582,0.0,4800.0
2030-11-15 16:00:00,4303.585293445993,1349.8515642840832,0.0,709.2177940408437,0.0,4800.0
2030-11-15 17:00:00,4303.585293445993,1349.8515642840832,0.0,0.0,0.0,4800.0
2030-11-15 18:00:00,4303.585293445993,1349.8515642840832,0.0,0.0,0.0,4800.0
2030-11-15 19:00:00,4303.585293445993,1349.8515642840832,0.0,2337.9983254110703,0.0,4800.0
2030-11-15 20:00:00,4303.585293445993,0.0,0.0,2840.519525043019,0.0,4800.0
2030-11-15 21:00:00,4303.585293445993,1349.8515642840832,0.0,787.9291100990085,0.0,4800.0
2030-11-15 22:00:00,4303.585293445993,1349.8515642840832,0.0,0.0,0.0,4800.0
2030-11-15 23:00:00,4303.585293445993,1349.8515642840832,0.0,0.0,0.0,4800.0
2030-11-16 00:00:00,4303.585293445993,1349.8515642840832,0.0,0.0,0.0,4224.650447508208
2030-11-16 01:00:00,4303.585293445993,1349.8515642840832,0.0,0.0,0.0,4800.0
2030-11-16 02:00:00,4303.585293445993,1349.8515642840832,0.0,0.0,0.0,4800.0
2030-11-16 03:00:00,4303.585293445993,0.0,0.0,1736.8328337605053,0.0,4800.0
2030-11-16 04:00:00,4303.585293445993,0.0,0.0,3348.960949988582,0.0,4800.0
2030-11-16 05:00:00,4303.585293445993,1349.8515642840832,0.0,1092.5121092007394,0.0,4800.0
2030-11-16 06:00:00,4303.585293445993,1349.8515642840832,0.0,0.0,0.0,4800.0
2030-11-16 07:00:00,4303.585293445993,1349.8515642840832,0.0,0.0,0.0,4800.0
2030-11-16 08:00:00,4303.585293445993,1349.8515642840832,0.0,0.0,0.0,4800.0
2030-11-16 09:00:00,4303.585293445993,0.0,0.0,2405.3546356056395,0.0,4800.0
2030-11-16 10:00:00,4303.585293445993,0.0,0.0,3348.960949988582,0.0,4800.0
2030-11-16 11:00:00,4303.585293445993,0.0,0.0,3348.960949988582,0.0,4800.0
2030-11-16 12:00:00,4303.585293445993,0.0,0.0,3348.960949988582,0.0,4800.0
2030-11-16 13:00:00,4303.585293445993,0.0,0.0,3348.960949988582,0.0,4800.0
2030-11-16 14:00:00,4303.585293445993,0.0,0.0,3348.960949988582,0.0,4800.0
2030-11-16 15:00:00,4303.585293445993,0.0,0.0,3348.960949988582,0.0,4800.0
2030-11-16 16:00:00,4303.585293445993,1349.8515642840832,0.0,0.0,0.0,4800.0
2030-11-16 17:00:00,4303.585293445993,1349.8515642840832,0.0,0.0,0.0,4800.0
2030-11-16 18:00:00,4303.585293445993,1349.8515642840832,0.0,0.0,0.0,4800.0
2030-11-16 19:00:00,4303.585293445993,1349.8515642840832,0.0,663.3543406311215,0.0,4800.0
2030-11-16 20:00:00,4303.585293445993,0.0,0.0,1014.406627804703,0.0,4800.0
2030-11-16 21:00:00,4303.585293445993,1349.8515642840832,0.0,0.0,0.0,4800.0
2030-11-16 22:00:00,4303.585293445993,1349.8515642840832,0.0,0.0,0.0,4800.0
2030-11-16 23:00:00,4303.585293445993,387.32593621742853,0.0,3348.960949988582,0.0,4800.0
2030-11-17 00:00:00,4303.585293445993,999.7249555117014,0.0,3348.960949988582,0.0,4800.0
2030-11-17 01:00:00,4303.585293445993,0.0,0.0,3348.960949988582,0.0,4800.0
2030-11-17 02:00:00,4303.585293445993,0.0,0.0,3348.960949988582,0.0,4800.0
2030-11-17 03:00:00,4303.585293445993,0.0,0.0,3348.960949988582,0.0,4800.0
2030-11-17 04:00:00,4303.585293445993,0.0,0.0,3348.960949988582,0.0,4800.0
2030-11-17 05:00:00,4303.585293445993,0.0,0.0,3348.960949988582,0.0,4800.0
2030-11-17 06:00:00,4303.585293445993,0.0,0.0,3348.960949988582,0.0,4800.0
2030-11-17 07:00:00,4303.585293445993,0.0,0.0,3348.960949988582,0.0,4800.0
2030-11-17 08:00:00,4303.585293445993,0.0,0.0,3348.960949988582,0.0,4800.0
2030-11-17 09:00:00,4303.585293445993,0.0,0.0,3348.960949988582,0.0,4800.0
2030-11-17 10:00:00,4303.585293445993,0.0,0.0,3348.960949988582,0.0,4800.0
2030-11-17 11:00:00,4303.585293445993,0.0,0.0,3348.960949988582,0.0,4800.0
2030-11-17 12:00:00,4303.585293445993,0.0,0.0,3348.960949988582,0.0,4800.0
2030-11-17 13:00:00,4303.585293445993,0.0,0.0,3348.960949988582,0.0,4800.0
2030-11-17 14:00:00,4303.585293445993,0.0,0.0,3348.960949988582,0.0,4800.0
2030-11-17 15:00:00,4303.585293445993,0.0,0.0,3348.960949988582,0.0,4800.0
2030-11-17 16:00:00,4303.585293445993,0.0,0.0,3348.960949988582,0.0,4800.0
2030-11-17 17:00:00,4303.585293445993,0.0,0.0,3348.960949988582,0.0,4800.0
2030-11-17 18:00:00,4303.585293445993,0.0,0.0,3348.960949988582,0.0,4800.0
2030-11-17 19:00:00,4303.585293445993,0.0,0.0,3348.960949988582,0.0,4800.0
2030-11-17 20:00:00,4303.585293445993,0.0,0.0,3348.960949988582,0.0,4800.0
2030-11-17 21:00:00,4303.585293445993,0.0,0.0,3348.960949988582,0.0,4800.0
2030-11-17 22:00:00,4303.585293445993,0.0,0.0,3348.960949988582,0.0,4800.0
2030-11-17 23:00:00,4303.585293445993,0.0,0.0,3348.960949988582,0.0,4800.0
2030-11-18 00:00:00,4303.585293445993,0.0,0.0,3348.960949988582,0.0,4800.0
2030-11-18 01:00:00,4303.585293445993,0.0,0.0,3348.960949988582,0.0,4800.0
2030-11-18 02:00:00,4303.585293445993,0.0,0.0,3348.960949988582,0.0,4800.0
2030-11-18 03:00:00,4303.585293445993,0.0,0.0,3348.960949988582,0.0,4800.0
2030-11-18 04:00:00,4303.585293445993,0.0,0.0,3348.960949988582,0.0,4800.0
2030-11-18 05:00:00,4303.585293445993,0.0,0.0,3348.960949988582,0.0,4800.0
2030-11-18 06:00:00,4303.585293445993,0.0,0.0,3348.960949988582,0.0,4800.0
2030-11-18 07:00:00,4303.585293445993,0.0,0.0,3348.960949988582,0.0,4800.0
2030-11-18 08:00:00,4303.585293445993,0.0,0.0,3348.960949988582,0.0,4800.0
2030-11-18 09:00:00,2450.009809182663,0.0,0.0,3348.960949988582,0.0,4800.0
2030-11-18 10:00:00,0.0,0.0,722.8965466425029,3348.960949988582,0.0,4800.0
2030-11-18 11:00:00,0.0,0.0,2518.243318362691,3348.960949988582,0.0,4800.0
2030-11-18 12:00:00,0.0,0.0,977.4906288928869,3348.960949988582,0.0,4800.0
2030-11-18 13:00:00,4303.585293445993,0.0,222.48355089261463,3348.960949988582,0.0,4800.0
2030-11-18 14:00:00,4303.585293445993,0.0,0.0,3348.960949988582,0.0,4800.0
2030-11-18 15:00:00,4303.585293445993,0.0,0.0,3348.960949988582,0.0,4800.0
2030-11-18 16:00:00,4303.585293445993,0.0,0.0,3348.960949988582,0.0,4800.0
2030-11-18 17:00:00,4303.585293445993,0.0,0.0,3348.960949988582,0.0,4800.0
2030-11-18 18:00:00,4303.585293445993,0.0,0.0,3348.960949988582,0.0,4800.0
2030-11-18 19:00:00,4303.585293445993,0.0,0.0,3348.960949988582,0.0,4800.0
2030-11-18 20:00:00,4303.585293445993,0.0,0.0,3348.960949988582,0.0,4800.0
2030-11-18 21:00:00,4303.585293445993,0.0,0.0,3348.960949988582,0.0,4800.0
2030-11-18 22:00:00,4303.585293445993,0.0,0.0,3348.960949988582,0.0,4800.0
2030-11-18 23:00:00,4303.585293445993,0.0,0.0,3348.960949988582,0.0,4800.0
2030-11-19 00:00:00,4303.585293445993,0.0,0.0,3348.960949988582,0.0,4800.0
2030-11-19 01:00:00,4303.585293445993,0.0,0.0,3348.960949988582,0.0,4800.0
2030-11-19 02:00:00,4303.585293445993,0.0,0.0,3348.960949988582,0.0,4800.0
2030-11-19 03:00:00,4303.585293445993,0.0,0.0,3348.960949988582,0.0,4800.0
2030-11-19 04:00:00,4303.585293445993,0.0,0.0,3348.960949988582,0.0,4800.0
2030-11-19 05:00:00,4303.585293445993,0.0,0.0,3348.960949988582,0.0,4800.0
2030-11-19 06:00:00,4303.585293445993,0.0,0.0,3348.960949988582,0.0,4800.0
2030-11-19 07:00:00,4303.585293445993,487.6714711845998,0.0,3348.960949988582,0.0,4800.0
2030-11-19 08:00:00,4303.585293445993,0.0,0.0,3348.960949988582,0.0,4800.0
2030-11-19 09:00:00,4303.585293445993,0.0,0.0,3348.960949988582,0.0,4800.0
2030-11-19 10:00:00,4303.585293445993,0.0,0.0,3348.960949988582,0.0,4800.0
2030-11-19 11:00:00,4303.585293445993,0.0,0.0,3348.960949988582,0.0,4800.0
2030-11-19 12:00:00,4303.585293445993,0.0,0.0,3348.960949988582,0.0,4800.0
2030-11-19 13:00:00,4303.585293445993,0.0,0.0,3348.960949988582,0.0,4800.0
2030-11-19 14:00:00,4303.585293445993,0.0,0.0,3348.960949988582,0.0,4800.0
2030-11-19 15:00:00,4303.585293445993,0.0,0.0,3348.960949988582,0.0,4800.0
2030-11-19 16:00:00,4303.585293445993,1349.8515642840832,0.0,0.0,0.0,4800.0
2030-11-19 17:00:00,4303.585293445993,1349.8515642840832,0.0,0.0,0.0,4800.0
2030-11-19 18:00:00,4303.585293445993,1349.8515642840832,0.0,0.0,0.0,4800.0
2030-11-19 19:00:00,4303.585293445993,1349.8515642840832,0.0,1290.1330488686071,0.0,4800.0
2030-11-19 20:00:00,4303.585293445993,0.0,0.0,2385.669286925986,0.0,4800.0
2030-11-19 21:00:00,4303.585293445993,1349.8515642840832,0.0,744.8991382217791,0.0,4800.0
2030-11-19 22:00:00,4303.585293445993,1026.0529744957266,0.0,0.0,0.0,4800.0
2030-11-19 23:00:00,4303.585293445993,514.5227252341792,0.0,0.0,0.0,4800.0
2030-11-20 00:00:00,4303.585293445993,1349.8515642840832,0.0,0.0,0.0,4800.0
2030-11-20 01:00:00,4303.585293445993,269.3179773083684,0.0,0.0,0.0,4800.0
2030-11-20 02:00:00,4303.585293445993,0.0,0.0,378.5974477010534,0.0,4800.0
2030-11-20 03:00:00,4303.585293445993,0.0,0.0,3348.960949988582,0.0,4800.0
2030-11-20 04:00:00,4303.585293445993,0.0,0.0,3348.960949988582,0.0,4800.0
2030-11-20 05:00:00,4303.585293445993,158.2747266574588,0.0,3348.960949988582,0.0,4800.0
2030-11-20 06:00:00,4303.585293445993,505.1976770904366,0.0,0.0,0.0,4800.0
2030-11-20 07:00:00,4303.585293445993,1349.8515642840832,0.0,0.0,0.0,4800.0
2030-11-20 08:00:00,4303.585293445993,1349.8515642840832,0.0,46.35603859405819,0.0,4800.0
2030-11-20 09:00:00,4303.585293445993,0.0,0.0,3348.960949988582,0.0,4800.0
2030-11-20 10:00:00,4303.585293445993,0.0,0.0,3348.960949988582,0.0,4800.0
2030-11-20 11:00:00,4303.585293445993,0.0,0.0,3348.960949988582,0.0,4800.0
2030-11-20 12:00:00,4303.585293445993,0.0,0.0,3348.960949988582,0.0,4800.0
2030-11-20 13:00:00,4303.585293445993,0.0,0.0,3348.960949988582,0.0,4800.0
2030-11-20 14:00:00,4303.585293445993,0.0,0.0,3348.960949988582,0.0,4800.0
2030-11-20 15:00:00,4303.585293445993,0.0,0.0,3348.960949988582,0.0,4800.0
2030-11-20 16:00:00,4303.585293445993,1349.8515642840832,0.0,3100.271206286059,0.0,4800.0
2030-11-20 17:00:00,4303.585293445993,301.7432537790082,0.0,0.0,0.0,4800.0
2030-11-20 18:00:00,4303.585293445993,1349.8515642840832,0.0,2812.7223183247334,0.0,4800.0
2030-11-20 19:00:00,4303.585293445993,0.0,0.0,3348.960949988582,0.0,4800.0
2030-11-20 20:00:00,4303.585293445993,0.0,0.0,3348.960949988582,0.0,4800.0
2030-11-20 21:00:00,4303.585293445993,0.0,0.0,3348.960949988582,0.0,4800.0
2030-11-20 22:00:00,4303.585293445993,0.0,0.0,3348.960949988582,0.0,4800.0
2030-11-20 23:00:00,4303.585293445993,0.0,0.0,3348.960949988582,0.0,4800.0
2030-11-21 00:00:00,4303.585293445993,0.0,0.0,3348.960949988582,0.0,4800.0
2030-11-21 01:00:00,4303.585293445993,0.0,0.0,3348.960949988582,0.0,4800.0
2030-11-21 02:00:00,4303.585293445993,0.0,0.0,3348.960949988582,0.0,4800.0
2030-11-21 03:00:00,4303.585293445993,0.0,0.0,3348.960949988582,0.0,4800.0
2030-11-21 04:00:00,4303.585293445993,0.0,0.0,3348.960949988582,0.0,4800.0
2030-11-21 05:00:00,4303.585293445993,0.0,0.0,3348.960949988582,0.0,4800.0
2030-11-21 06:00:00,4303.585293445993,0.0,0.0,3348.960949988582,0.0,4800.0
2030-11-21 07:00:00,4303.585293445993,0.0,0.0,3348.960949988582,0.0,4800.0
2030-11-21 08:00:00,4303.585293445993,0.0,0.0,3348.960949988582,0.0,4800.0
2030-11-21 09:00:00,4303.585293445993,0.0,0.0,3348.960949988582,0.0,4800.0
2030-11-21 10:00:00,4303.585293445993,0.0,0.0,3348.960949988582,0.0,4800.0
2030-11-21 11:00:00,4303.585293445993,0.0,0.0,3348.960949988582,0.0,4800.0
2030-11-21 12:00:00,4303.585293445993,0.0,0.0,3348.960949988582,0.0,4800.0
2030-11-21 13:00:00,4303.585293445993,0.0,0.0,3348.960949988582,0.0,4800.0
2030-11-21 14:00:00,4303.585293445993,0.0,0.0,3348.960949988582,0.0,4800.0
2030-11-21 15:00:00,4303.585293445993,0.0,0.0,3348.960949988582,0.0,4800.0
2030-11-21 16:00:00,4303.585293445993,0.0,0.0,3348.960949988582,0.0,4800.0
2030-11-21 17:00:00,4303.585293445993,449.80298483958904,0.0,3348.960949988582,0.0,4800.0
2030-11-21 18:00:00,4303.585293445993,0.0,0.0,3348.960949988582,0.0,4800.0
2030-11-21 19:00:00,4303.585293445993,0.0,0.0,3348.960949988582,0.0,4800.0
2030-11-21 20:00:00,4303.585293445993,0.0,0.0,3348.960949988582,0.0,4800.0
2030-11-21 21:00:00,4303.585293445993,0.0,0.0,3348.960949988582,0.0,4800.0
2030-11-21 22:00:00,4303.585293445993,0.0,0.0,3348.960949988582,0.0,4800.0
2030-11-21 23:00:00,4303.585293445993,0.0,0.0,3348.960949988582,0.0,4800.0
2030-11-22 00:00:00,4303.585293445993,0.0,0.0,3348.960949988582,0.0,4800.0
2030-11-22 01:00:00,4303.585293445993,0.0,0.0,3348.960949988582,0.0,4800.0
2030-11-22 02:00:00,4303.585293445993,0.0,0.0,3348.960949988582,0.0,4800.0
2030-11-22 03:00:00,4303.585293445993,0.0,0.0,3348.960949988582,0.0,4800.0
2030-11-22 04:00:00,4303.585293445993,0.0,0.0,3348.960949988582,0.0,4800.0
2030-11-22 05:00:00,4303.585293445993,0.0,0.0,3348.960949988582,0.0,4800.0
2030-11-22 06:00:00,4303.585293445993,0.0,0.0,3348.960949988582,0.0,4800.0
2030-11-22 07:00:00,4303.585293445993,0.0,0.0,3348.960949988582,0.0,4800.0
2030-11-22 08:00:00,4303.585293445993,0.0,0.0,3348.960949988582,0.0,4800.0
2030-11-22 09:00:00,4218.309960989322,0.0,0.0,3348.960949988582,0.0,4800.0
2030-11-22 10:00:00,2254.1688947229304,0.0,0.0,3348.960949988582,0.0,4800.0
2030-11-22 11:00:00,4303.585293445993,0.0,1737.471760679764,3348.960949988582,0.0,4800.0
2030-11-22 12:00:00,0.0,0.0,3173.139415182013,3348.960949988582,0.0,4800.0
2030-11-22 13:00:00,0.0,0.0,375.45620817537565,3348.960949988582,0.0,4800.0
2030-11-22 14:00:00,241.56685007114652,0.0,0.0,3348.960949988582,0.0,4800.0
2030-11-22 15:00:00,2337.220148121749,0.0,3300.0,3348.960949988582,0.0,4800.0
2030-11-22 16:00:00,0.0,0.0,2151.590954077908,3348.960949988582,0.0,4800.0
2030-11-22 17:00:00,0.0,0.0,2753.005986751289,3348.960949988582,0.0,4800.0
2030-11-22 18:00:00,0.0,0.0,3300.0,3348.960949988582,0.0,4800.0
2030-11-22 19:00:00,0.0,0.0,3300.0,3348.960949988582,0.0,4800.0
2030-11-22 20:00:00,0.0,0.0,3300.0,3348.960949988582,0.0,3869.7544747283537
2030-11-22 21:00:00,0.0,0.0,3300.0,3348.960949988582,0.0,1441.2486179234984
2030-11-22 22:00:00,0.0,0.0,3300.0,3348.960949988582,3687.813693248463,4800.0
2030-11-22 23:00:00,0.0,0.0,3300.0,3348.960949988582,3170.609770011122,4800.0
2030-11-23 00:00:00,0.0,0.0,3300.0,3348.960949988582,4233.115948905426,0.0
2030-11-23 01:00:00,0.0,0.0,3300.0,3348.960949988582,4800.0,2224.945314914541
2030-11-23 02:00:00,0.0,0.0,3300.0,3348.960949988582,0.0,322.81495294150955
2030-11-23 03:00:00,0.0,0.0,3300.0,3348.960949988582,2766.5937172280683,4800.0
2030-11-23 04:00:00,0.0,0.0,3300.0,3348.960949988582,0.0,4800.0
2030-11-23 05:00:00,0.0,0.0,3300.0,3348.960949988582,0.0,4800.0
2030-11-23 06:00:00,2172.2668542417014,0.0,3300.0,3348.960949988582,0.0,4800.0
2030-11-23 07:00:00,4303.585293445993,0.0,0.0,3348.960949988582,0.0,4800.0
2030-11-23 08:00:00,2896.315365332027,0.0,3300.0,3348.960949988582,0.0,4800.0
2030-11-23 09:00:00,1619.9384370908354,0.0,3300.0,3348.960949988582,0.0,4800.0
2030-11-23 10:00:00,2556.6379152958293,0.0,3300.0,3348.960949988582,0.0,4800.0
2030-11-23 11:00:00,2872.8502747975363,0.0,3300.0,3348.960949988582,0.0,4800.0
2030-11-23 12:00:00,255.58434747822278,0.0,0.0,3348.960949988582,0.0,4800.0
2030-11-23 13:00:00,4303.585293445993,0.0,128.6494099057527,3348.960949988582,0.0,4800.0
2030-11-23 14:00:00,4303.585293445993,0.0,0.0,3348.960949988582,0.0,4800.0
2030-11-23 15:00:00,4303.585293445993,0.0,0.0,3348.960949988582,0.0,4800.0
2030-11-23 16:00:00,4303.585293445993,0.0,0.0,3348.960949988582,0.0,4800.0
2030-11-23 17:00:00,4303.585293445993,0.0,0.0,3348.960949988582,0.0,4800.0
2030-11-23 18:00:00,4303.585293445993,0.0,0.0,3348.960949988582,0.0,4800.0
2030-11-23 19:00:00,4303.585293445993,0.0,0.0,3348.960949988582,0.0,4800.0
2030-11-23 20:00:00,0.0,0.0,1488.133016753447,3348.960949988582,0.0,4800.0
2030-11-23 21:00:00,0.0,0.0,1794.014122651523,3348.960949988582,0.0,4800.0
2030-11-23 22:00:00,0.0,0.0,1863.3150853286725,3348.960949988582,0.0,4800.0
2030-11-23 23:00:00,0.0,0.0,2568.010162675295,3348.960949988582,0.0,4800.0
2030-11-24 00:00:00,0.0,0.0,3300.0,3348.960949988582,0.0,4800.0
2030-11-24 01:00:00,0.0,0.0,3300.0,3348.960949988582,0.0,4800.0
2030-11-24 02:00:00,0.0,0.0,3300.0,3348.960949988582,0.0,4800.0
2030-11-24 03:00:00,0.0,0.0,3300.0,3348.960949988582,0.0,4800.0
2030-11-24 04:00:00,0.0,0.0,3300.0,3348.960949988582,4078.7260088272014,4800.0
2030-11-24 05:00:00,0.0,0.0,3300.0,3348.960949988582,4800.0,4091.1465468179304
2030-11-24 06:00:00,0.0,0.0,3300.0,3348.960949988582,3589.0296558280315,4800.0
2030-11-24 07:00:00,0.0,0.0,3300.0,3348.960949988582,943.1956629706256,4800.0
2030-11-24 08:00:00,0.0,0.0,3300.0,3348.960949988582,4800.0,3209.164990848134
2030-11-24 09:00:00,0.0,0.0,3300.0,3348.960949988582,4800.0,0.0
2030-11-24 10:00:00,0.0,0.0,3300.0,3348.960949988582,4800.0,0.0
2030-11-24 11:00:00,0.0,0.0,3300.0,3348.960949988582,4800.0,0.0
2030-11-24 12:00:00,0.0,0.0,3300.0,3348.960949988582,4800.0,0.0
2030-11-24 13:00:00,0.0,0.0,3300.0,3348.960949988582,4800.0,322.77143718917796
2030-11-24 14:00:00,0.0,0.0,3300.0,3348.960949988582,0.0,4800.0
2030-11-24 15:00:00,0.0,0.0,816.5947616610138,3348.960949988582,0.0,4800.0
2030-11-24 16:00:00,0.0,0.0,861.9940409915889,3348.960949988582,0.0,4800.0
2030-11-24 17:00:00,0.0,0.0,277.3958667347324,3348.960949988582,0.0,4800.0
2030-11-24 18:00:00,4303.585293445993,0.0,2877.696104740862,3348.960949988582,0.0,4800.0
2030-11-24 19:00:00,3584.1136917327312,0.0,3300.0,3348.960949988582,0.0,4800.0
2030-11-24 20:00:00,4303.585293445993,0.0,3226.836810594432,3348.960949988582,0.0,4800.0
2030-11-24 21:00:00,4303.585293445993,0.0,994.1000951229216,3348.960949988582,0.0,4800.0
2030-11-24 22:00:00,4303.585293445993,0.0,0.0,3348.960949988582,0.0,4800.0
2030-11-24 23:00:00,4303.585293445993,0.0,0.0,3348.960949988582,0.0,4800.0
2030-11-25 00:00:00,4303.585293445993,0.0,0.0,3348.960949988582,0.0,4800.0
2030-11-25 01:00:00,4303.585293445993,0.0,0.0,3348.960949988582,0.0,4800.0
2030-11-25 02:00:00,4303.585293445993,0.0,0.0,3348.960949988582,0.0,4800.0
2030-11-25 03:00:00,4303.585293445993,0.0,0.0,3348.960949988582,0.0,4800.0
2030-11-25 04:00:00,4303.585293445993,0.0,0.0,3348.960949988582,0.0,4800.0
2030-11-25 05:00:00,4303.585293445993,0.0,0.0,3348.960949988582,0.0,4800.0
2030-11-25 06:00:00,4303.585293445993,0.0,0.0,3348.960949988582,0.0,4800.0
2030-11-25 07:00:00,4303.585293445993,0.0,0.0,3348.960949988582,0.0,4800.0
2030-11-25 08:00:00,4303.585293445993,0.0,0.0,3348.960949988582,0.0,4800.0
2030-11-25 09:00:00,4303.585293445993,0.0,0.0,3348.960949988582,0.0,4800.0
2030-11-25 10:00:00,4303.585293445993,0.0,0.0,3348.960949988582,0.0,4800.0
2030-11-25 11:00:00,4303.585293445993,0.0,0.0,3348.960949988582,0.0,4800.0
2030-11-25 12:00:00,4303.585293445993,0.0,0.0,3348.960949988582,0.0,4800.0
2030-11-25 13:00:00,4303.585293445993,0.0,0.0,3348.960949988582,0.0,4800.0
2030-11-25 14:00:00,4303.585293445993,0.0,0.0,3348.960949988582,0.0,4800.0
2030-11-25 15:00:00,4303.585293445993,0.0,0.0,3348.960949988582,0.0,4800.0
2030-11-25 16:00:00,4303.585293445993,0.0,0.0,3348.960949988582,0.0,4800.0
2030-11-25 17:00:00,4303.585293445993,0.0,0.0,3348.960949988582,0.0,4800.0
2030-11-25 18:00:00,4303.585293445993,0.0,0.0,3348.960949988582,0.0,4800.0
2030-11-25 19:00:00,4303.585293445993,0.0,0.0,3348.960949988582,0.0,4800.0
2030-11-25 20:00:00,4303.585293445993,0.0,0.0,3348.960949988582,0.0,4800.0
2030-11-25 21:00:00,1324.4099504959304,0.0,0.0,3348.960949988582,0.0,4800.0
2030-11-25 22:00:00,0.0,0.0,563.4526703944325,3348.960949988582,0.0,4800.0
2030-11-25 23:00:00,0.0,0.0,3300.0,3348.960949988582,0.0,4800.0
2030-11-26 00:00:00,0.0,0.0,3300.0,3348.960949988582,0.0,4800.0
2030-11-26 01:00:00,0.0,0.0,3300.0,3348.960949988582,4800.0,2336.8168755855877
2030-11-26 02:00:00,0.0,0.0,3300.0,3348.960949988582,4800.0,0.0
2030-11-26 03:00:00,0.0,0.0,3300.0,3348.960949988582,4800.0,0.0
2030-11-26 04:00:00,0.0,0.0,3300.0,3348.960949988582,4800.0,0.0
2030-11-26 05:00:00,0.0,0.0,3300.0,3348.960949988582,4800.0,0.0
2030-11-26 06:00:00,0.0,0.0,3300.0,3348.960949988582,4800.0,0.0
2030-11-26 07:00:00,0.0,0.0,3300.0,3348.960949988582,4800.0,0.0
2030-11-26 08:00:00,0.0,0.0,3300.0,3348.960949988582,4800.0,0.0
2030-11-26 09:00:00,0.0,0.0,3300.0,3348.960949988582,4800.0,0.0
2030-11-26 10:00:00,0.0,0.0,3300.0,3348.960949988582,4800.0,0.0
2030-11-26 11:00:00,0.0,0.0,3300.0,3348.960949988582,4800.0,0.0
2030-11-26 12:00:00,0.0,0.0,3300.0,3348.960949988582,4800.0,0.0
2030-11-26 13:00:00,0.0,0.0,3300.0,3348.960949988582,4800.0,0.0
2030-11-26 14:00:00,0.0,0.0,3300.0,3348.960949988582,4800.0,0.0
2030-11-26 15:00:00,0.0,0.0,3300.0,3348.960949988582,4800.0,0.0
2030-11-26 16:00:00,0.0,0.0,3300.0,3348.960949988582,4800.0,0.0
2030-11-26 17:00:00,0.0,0.0,3300.0,3348.960949988582,4800.0,0.0
2030-11-26 18:00:00,0.0,0.0,3300.0,3348.960949988582,4800.0,0.0
2030-11-26 19:00:00,0.0,0.0,3300.0,3348.960949988582,4800.0,0.0
2030-11-26 20:00:00,0.0,0.0,3300.0,3348.960949988582,4800.0,0.0
2030-11-26 21:00:00,0.0,0.0,3300.0,3348.960949988582,4800.0,0.0
2030-11-26 22:00:00,0.0,0.0,3300.0,3348.960949988582,4800.0,0.0
2030-11-26 23:00:00,0.0,0.0,3300.0,3348.960949988582,4800.0,0.0
2030-11-27 00:00:00,0.0,0.0,3300.0,3348.960949988582,4800.0,0.0
2030-11-27 01:00:00,0.0,0.0,3300.0,3348.960949988582,4800.0,0.0
2030-11-27 02:00:00,0.0,0.0,3300.0,3348.960949988582,4800.0,0.0
2030-11-27 03:00:00,0.0,0.0,3300.0,3348.960949988582,4800.0,2658.2717141149988
2030-11-27 04:00:00,0.0,0.0,3300.0,3348.960949988582,0.0,4800.0
2030-11-27 05:00:00,0.0,0.0,3300.0,3348.960949988582,0.0,4800.0
2030-11-27 06:00:00,0.0,0.0,3300.0,3348.960949988582,0.0,4800.0
2030-11-27 07:00:00,197.83927449254566,0.0,3300.0,3348.960949988582,0.0,4800.0
2030-11-27 08:00:00,0.0,0.0,2911.0790936357844,3348.960949988582,0.0,4800.0
2030-11-27 09:00:00,0.0,0.0,2536.740217941737,3348.960949988582,0.0,4800.0
2030-11-27 10:00:00,557.4982901570811,0.0,3300.0,3348.960949988582,0.0,4800.0
2030-11-27 11:00:00,0.0,0.0,970.3829106800113,3348.960949988582,0.0,4800.0
2030-11-27 12:00:00,4303.585293445993,0.0,0.0,3348.960949988582,0.0,4800.0
2030-11-27 13:00:00,4303.585293445993,0.0,0.0,3348.960949988582,0.0,4800.0
2030-11-27 14:00:00,4303.585293445993,0.0,0.0,3348.960949988582,0.0,4800.0
2030-11-27 15:00:00,4303.585293445993,0.0,0.0,3348.960949988582,0.0,4800.0
2030-11-27 16:00:00,4303.585293445993,0.0,0.0,3348.960949988582,0.0,4800.0
2030-11-27 17:00:00,4303.585293445993,0.0,0.0,3348.960949988582,0.0,4800.0
2030-11-27 18:00:00,4303.585293445993,0.0,0.0,3348.960949988582,0.0,4800.0
2030-11-27 19:00:00,4303.585293445993,0.0,0.0,3348.960949988582,0.0,4800.0
2030-11-27 20:00:00,4303.585293445993,0.0,0.0,3348.960949988582,0.0,4800.0
2030-11-27 21:00:00,4303.585293445993,0.0,0.0,3348.960949988582,0.0,4800.0
2030-11-27 22:00:00,4303.585293445993,0.0,0.0,3348.960949988582,0.0,4800.0
2030-11-27 23:00:00,4303.585293445993,0.0,0.0,3348.960949988582,0.0,4800.0
2030-11-28 00:00:00,4303.585293445993,0.0,0.0,3348.960949988582,0.0,4800.0
2030-11-28 01:00:00,4303.585293445993,0.0,0.0,3348.960949988582,0.0,4800.0
2030-11-28 02:00:00,4303.585293445993,0.0,0.0,3348.960949988582,0.0,4800.0
2030-11-28 03:00:00,4303.585293445993,0.0,0.0,3348.960949988582,0.0,4800.0
2030-11-28 04:00:00,4303.585293445993,0.0,0.0,3348.960949988582,0.0,4800.0
2030-11-28 05:00:00,4303.585293445993,0.0,0.0,3348.960949988582,0.0,4800.0
2030-11-28 06:00:00,4303.585293445993,0.0,0.0,3348.960949988582,0.0,4800.0
2030-11-28 07:00:00,4303.585293445993,0.0,0.0,3348.960949988582,0.0,4800.0
2030-11-28 08:00:00,4303.585293445993,17.30084435222136,0.0,3348.960949988582,0.0,4800.0
2030-11-28 09:00:00,4303.585293445993,0.0,0.0,3348.960949988582,0.0,4800.0
2030-11-28 10:00:00,4303.585293445993,0.0,0.0,3348.960949988582,0.0,4800.0
2030-11-28 11:00:00,4303.585293445993,0.0,0.0,3348.960949988582,0.0,4800.0
2030-11-28 12:00:00,4303.585293445993,0.0,0.0,3348.960949988582,0.0,4800.0
2030-11-28 13:00:00,4303.585293445993,0.0,0.0,3348.960949988582,0.0,4800.0
2030-11-28 14:00:00,4303.585293445993,0.0,0.0,3348.960949988582,0.0,4800.0
2030-11-28 15:00:00,4303.585293445993,0.0,0.0,2798.648417949174,0.0,4800.0
2030-11-28 16:00:00,4303.585293445993,1349.8515642840832,0.0,0.0,0.0,4800.0
2030-11-28 17:00:00,4303.585293445993,1349.8515642840832,0.0,0.0,0.0,4800.0
2030-11-28 18:00:00,4303.585293445993,1349.8515642840832,0.0,0.0,0.0,4800.0
2030-11-28 19:00:00,4303.585293445993,0.0,0.0,3348.960949988582,0.0,4800.0
2030-11-28 20:00:00,4303.585293445993,0.0,0.0,3348.960949988582,0.0,4800.0
2030-11-28 21:00:00,4303.585293445993,0.0,0.0,3348.960949988582,0.0,4800.0
2030-11-28 22:00:00,4303.585293445993,0.0,0.0,3348.960949988582,0.0,4800.0
2030-11-28 23:00:00,4303.585293445993,0.0,0.0,3348.960949988582,0.0,4800.0
2030-11-29 00:00:00,4303.585293445993,0.0,0.0,3348.960949988582,0.0,4800.0
2030-11-29 01:00:00,4303.585293445993,0.0,0.0,3348.960949988582,0.0,4800.0
2030-11-29 02:00:00,4303.585293445993,0.0,0.0,3348.960949988582,0.0,4800.0
2030-11-29 03:00:00,4303.585293445993,0.0,0.0,3348.960949988582,0.0,4800.0
2030-11-29 04:00:00,4303.585293445993,0.0,0.0,3348.960949988582,0.0,4800.0
2030-11-29 05:00:00,4303.585293445993,0.0,0.0,3348.960949988582,0.0,4800.0
2030-11-29 06:00:00,4303.585293445993,0.0,0.0,3348.960949988582,0.0,4800.0
2030-11-29 07:00:00,4303.585293445993,0.0,0.0,3348.960949988582,0.0,4800.0
2030-11-29 08:00:00,4303.585293445993,0.0,0.0,3348.960949988582,0.0,4800.0
2030-11-29 09:00:00,4303.585293445993,0.0,0.0,3348.960949988582,0.0,4800.0
2030-11-29 10:00:00,4303.585293445993,0.0,0.0,3348.960949988582,0.0,4800.0
2030-11-29 11:00:00,4303.585293445993,0.0,0.0,3348.960949988582,0.0,4800.0
2030-11-29 12:00:00,4303.585293445993,0.0,0.0,3348.960949988582,0.0,4800.0
2030-11-29 13:00:00,4303.585293445993,0.0,0.0,3348.960949988582,0.0,4800.0
2030-11-29 14:00:00,4303.585293445993,0.0,0.0,3348.960949988582,0.0,4800.0
2030-11-29 15:00:00,4303.585293445993,0.0,0.0,3348.960949988582,0.0,4800.0
2030-11-29 16:00:00,4303.585293445993,0.0,0.0,3348.960949988582,0.0,4800.0
2030-11-29 17:00:00,4303.585293445993,0.0,0.0,3348.960949988582,0.0,4800.0
2030-11-29 18:00:00,4303.585293445993,0.0,0.0,3348.960949988582,0.0,4800.0
2030-11-29 19:00:00,4303.585293445993,0.0,0.0,3348.960949988582,0.0,4800.0
2030-11-29 20:00:00,4303.585293445993,0.0,0.0,3348.960949988582,0.0,4800.0
2030-11-29 21:00:00,4303.585293445993,0.0,0.0,3348.960949988582,0.0,4800.0
2030-11-29 22:00:00,4303.585293445993,0.0,0.0,3348.960949988582,0.0,4800.0
2030-11-29 23:00:00,3692.0466983807273,0.0,3300.0,3348.960949988582,0.0,4800.0
2030-11-30 00:00:00,0.0,0.0,3300.0,3348.960949988582,0.0,4800.0
2030-11-30 01:00:00,0.0,0.0,3300.0,3348.960949988582,0.0,4800.0
2030-11-30 02:00:00,0.0,0.0,3300.0,3348.960949988582,0.0,4800.0
2030-11-30 03:00:00,0.0,0.0,3300.0,3348.960949988582,0.0,4800.0
2030-11-30 04:00:00,0.0,0.0,3300.0,3348.960949988582,0.0,4800.0
2030-11-30 05:00:00,0.0,0.0,3300.0,3348.960949988582,0.0,4800.0
2030-11-30 06:00:00,0.0,0.0,3300.0,3348.960949988582,0.0,4800.0
2030-11-30 07:00:00,0.0,0.0,3300.0,3348.960949988582,0.0,4800.0
2030-11-30 08:00:00,0.0,0.0,3300.0,3348.960949988582,0.0,4800.0
2030-11-30 09:00:00,0.0,0.0,3300.0,3348.960949988582,0.0,4800.0
2030-11-30 10:00:00,0.0,0.0,3300.0,3348.960949988582,0.0,4800.0
2030-11-30 11:00:00,0.0,0.0,3300.0,3348.960949988582,0.0,4800.0
2030-11-30 12:00:00,0.0,0.0,3300.0,3348.960949988582,0.0,4800.0
2030-11-30 13:00:00,0.0,0.0,3300.0,3348.960949988582,0.0,4800.0
2030-11-30 14:00:00,0.0,0.0,3300.0,3348.960949988582,0.0,4800.0
2030-11-30 15:00:00,0.0,0.0,3300.0,3348.960949988582,0.0,4800.0
2030-11-30 16:00:00,4146.273921298067,0.0,0.0,3348.960949988582,0.0,4800.0
2030-11-30 17:00:00,4303.585293445993,0.0,0.0,3348.960949988582,0.0,4800.0
2030-11-30 18:00:00,4303.585293445993,0.0,0.0,3348.960949988582,0.0,4800.0
2030-11-30 19:00:00,4303.585293445993,0.0,0.0,3348.960949988582,0.0,4800.0
2030-11-30 20:00:00,4303.585293445993,0.0,0.0,3348.960949988582,0.0,4800.0
2030-11-30 21:00:00,4303.585293445993,0.0,0.0,3348.960949988582,0.0,4800.0
2030-11-30 22:00:00,4303.585293445993,0.0,0.0,2796.8105728528462,0.0,4800.0
2030-11-30 23:00:00,4303.585293445993,0.0,0.0,3348.960949988582,0.0,4800.0
2030-12-01 00:00:00,4303.585293445993,0.0,0.0,3348.960949988582,0.0,4800.0
2030-12-01 01:00:00,4303.585293445993,0.0,0.0,3348.960949988582,0.0,4800.0
2030-12-01 02:00:00,4303.585293445993,0.0,0.0,3348.960949988582,0.0,4800.0
2030-12-01 03:00:00,4303.585293445993,0.0,0.0,3348.960949988582,0.0,4800.0
2030-12-01 04:00:00,4303.585293445993,0.0,0.0,3348.960949988582,0.0,4800.0
2030-12-01 05:00:00,4303.585293445993,0.0,0.0,3348.960949988582,0.0,4800.0
2030-12-01 06:00:00,4303.585293445993,0.0,0.0,3348.960949988582,0.0,4800.0
2030-12-01 07:00:00,4303.585293445993,0.0,0.0,3348.960949988582,0.0,4800.0
2030-12-01 08:00:00,4303.585293445993,0.0,0.0,3348.960949988582,0.0,4800.0
2030-12-01 09:00:00,4303.585293445993,0.0,0.0,3348.960949988582,0.0,4800.0
2030-12-01 10:00:00,4303.585293445993,0.0,0.0,3348.960949988582,0.0,4800.0
2030-12-01 11:00:00,4303.585293445993,0.0,0.0,3348.960949988582,0.0,4800.0
2030-12-01 12:00:00,4303.585293445993,0.0,0.0,3348.960949988582,0.0,4800.0
2030-12-01 13:00:00,4303.585293445993,0.0,0.0,3348.960949988582,0.0,4800.0
2030-12-01 14:00:00,4303.585293445993,0.0,0.0,3348.960949988582,0.0,4800.0
2030-12-01 15:00:00,4303.585293445993,0.0,0.0,3348.960949988582,0.0,4800.0
2030-12-01 16:00:00,4303.585293445993,0.0,0.0,3348.960949988582,0.0,4800.0
2030-12-01 17:00:00,4303.585293445993,0.0,0.0,3348.960949988582,0.0,4800.0
2030-12-01 18:00:00,4303.585293445993,0.0,0.0,3348.960949988582,0.0,4800.0
2030-12-01 19:00:00,4303.585293445993,0.0,0.0,3348.960949988582,0.0,4800.0
2030-12-01 20:00:00,4303.585293445993,0.0,0.0,3348.960949988582,0.0,4800.0
2030-12-01 21:00:00,4303.585293445993,0.0,0.0,3348.960949988582,0.0,4800.0
2030-12-01 22:00:00,4303.585293445993,0.0,0.0,2920.7684911992837,0.0,4800.0
2030-12-01 23:00:00,4303.585293445993,0.0,0.0,3338.123098942136,0.0,4800.0
2030-12-02 00:00:00,4303.585293445993,0.0,0.0,2489.2064160527443,0.0,4800.0
2030-12-02 01:00:00,4303.585293445993,0.0,0.0,3348.960949988582,0.0,4800.0
2030-12-02 02:00:00,4303.585293445993,0.0,0.0,3348.960949988582,0.0,4800.0
2030-12-02 03:00:00,4303.585293445993,0.0,0.0,3348.960949988582,0.0,4800.0
2030-12-02 04:00:00,4303.585293445993,0.0,0.0,3348.960949988582,0.0,4800.0
2030-12-02 05:00:00,4303.585293445993,0.0,0.0,3348.960949988582,0.0,4800.0
2030-12-02 06:00:00,4303.585293445993,0.0,0.0,3348.960949988582,0.0,4800.0
2030-12-02 07:00:00,4303.585293445993,0.0,0.0,3348.960949988582,0.0,4800.0
2030-12-02 08:00:00,4303.585293445993,0.0,0.0,3348.960949988582,0.0,4800.0
2030-12-02 09:00:00,4303.585293445993,0.0,0.0,3348.960949988582,0.0,4800.0
2030-12-02 10:00:00,4303.585293445993,0.0,0.0,3348.960949988582,0.0,4800.0
2030-12-02 11:00:00,4303.585293445993,0.0,0.0,3348.960949988582,0.0,4800.0
2030-12-02 12:00:00,4303.585293445993,0.0,0.0,3348.960949988582,0.0,4800.0
2030-12-02 13:00:00,4303.585293445993,0.0,0.0,3348.960949988582,0.0,4800.0
2030-12-02 14:00:00,4303.585293445993,0.0,0.0,3348.960949988582,0.0,4800.0
2030-12-02 15:00:00,4303.585293445993,0.0,0.0,3348.960949988582,0.0,4800.0
2030-12-02 16:00:00,4303.585293445993,0.0,0.0,3348.960949988582,0.0,4800.0
2030-12-02 17:00:00,4303.585293445993,0.0,0.0,3348.960949988582,0.0,4800.0
2030-12-02 18:00:00,4303.585293445993,0.0,0.0,3348.960949988582,0.0,4800.0
2030-12-02 19:00:00,4303.585293445993,0.0,0.0,3348.960949988582,0.0,4800.0
2030-12-02 20:00:00,4303.585293445993,0.0,0.0,3348.960949988582,0.0,4800.0
2030-12-02 21:00:00,4303.585293445993,0.0,0.0,3348.960949988582,0.0,4800.0
2030-12-02 22:00:00,4303.585293445993,0.0,0.0,3348.960949988582,0.0,4800.0
2030-12-02 23:00:00,4218.507450046047,0.0,0.0,3348.960949988582,0.0,4800.0
2030-12-03 00:00:00,4303.585293445993,0.0,1432.5387836494847,3348.960949988582,0.0,4800.0
2030-12-03 01:00:00,4303.585293445993,0.0,2281.4262241437295,3348.960949988582,0.0,4800.0
2030-12-03 02:00:00,557.3271832301564,0.0,3300.0,3348.960949988582,0.0,4800.0
2030-12-03 03:00:00,0.0,0.0,3300.0,3348.960949988582,0.0,4800.0
2030-12-03 04:00:00,1437.1465335818866,0.0,3300.0,3348.960949988582,0.0,4800.0
2030-12-03 05:00:00,4303.585293445993,0.0,0.0,3348.960949988582,0.0,4800.0
2030-12-03 06:00:00,4303.585293445993,0.0,0.0,3348.960949988582,0.0,4800.0
2030-12-03 07:00:00,4303.585293445993,0.0,0.0,1702.1726251669097,0.0,4800.0
2030-12-03 08:00:00,4303.585293445993,0.0,0.0,3348.960949988582,0.0,4800.0
2030-12-03 09:00:00,4303.585293445993,0.0,0.0,3348.960949988582,0.0,4800.0
2030-12-03 10:00:00,4303.585293445993,0.0,0.0,3348.960949988582,0.0,4800.0
2030-12-03 11:00:00,4303.585293445993,0.0,0.0,3348.960949988582,0.0,4800.0
2030-12-03 12:00:00,4303.585293445993,0.0,0.0,3348.960949988582,0.0,4800.0
2030-12-03 13:00:00,4303.585293445993,0.0,0.0,3348.960949988582,0.0,4800.0
2030-12-03 14:00:00,4303.585293445993,0.0,0.0,3348.960949988582,0.0,4800.0
2030-12-03 15:00:00,4303.585293445993,0.0,0.0,3348.960949988582,0.0,4800.0
2030-12-03 16:00:00,4303.585293445993,0.0,0.0,465.21003627784376,0.0,4800.0
2030-12-03 17:00:00,4303.585293445993,37.40549098790598,0.0,0.0,0.0,4800.0
2030-12-03 18:00:00,4303.585293445993,0.0,0.0,1720.4398065747155,0.0,4800.0
2030-12-03 19:00:00,4303.585293445993,0.0,0.0,3348.960949988582,0.0,4800.0
2030-12-03 20:00:00,4303.585293445993,0.0,0.0,3348.960949988582,0.0,4800.0
2030-12-03 21:00:00,4303.585293445993,0.0,0.0,3348.960949988582,0.0,4800.0
2030-12-03 22:00:00,4303.585293445993,0.0,0.0,3348.960949988582,0.0,4800.0
2030-12-03 23:00:00,4303.585293445993,0.0,0.0,3348.960949988582,0.0,4800.0
2030-12-04 00:00:00,4303.585293445993,0.0,0.0,3348.960949988582,0.0,4800.0
2030-12-04 01:00:00,4303.585293445993,0.0,0.0,3348.960949988582,0.0,4800.0
2030-12-04 02:00:00,4303.585293445993,0.0,381.39205909205475,3348.960949988582,0.0,4800.0
2030-12-04 03:00:00,3890.1400840244582,0.0,0.0,3348.960949988582,0.0,4800.0
2030-12-04 04:00:00,2928.5666305453906,0.0,0.0,3348.960949988582,0.0,4800.0
2030-12-04 05:00:00,3562.2712102915334,0.0,0.0,3348.960949988582,0.0,4800.0
2030-12-04 06:00:00,3424.4901246775817,0.0,0.0,3348.960949988582,0.0,4800.0
2030-12-04 07:00:00,4303.585293445993,0.0,0.0,3348.960949988582,0.0,4800.0
2030-12-04 08:00:00,4303.585293445993,0.0,0.0,3348.960949988582,0.0,4800.0
2030-12-04 09:00:00,4303.585293445993,0.0,0.0,3348.960949988582,0.0,4800.0
2030-12-04 10:00:00,4303.585293445993,0.0,0.0,3348.960949988582,0.0,4800.0
2030-12-04 11:00:00,4303.585293445993,0.0,0.0,3348.960949988582,0.0,4800.0
2030-12-04 12:00:00,3883.360440760407,0.0,0.0,3348.960949988582,0.0,4800.0
2030-12-04 13:00:00,4303.585293445993,0.0,250.72789103394462,3348.960949988582,0.0,4800.0
2030-12-04 14:00:00,3559.4260419388156,0.0,0.0,3348.960949988582,0.0,4800.0
2030-12-04 15:00:00,3039.150834958491,0.0,0.0,3348.960949988582,0.0,4800.0
2030-12-04 16:00:00,0.0,0.0,245.52436245428544,3348.960949988582,0.0,4800.0
2030-12-04 17:00:00,0.0,0.0,3300.0,3348.960949988582,0.0,4800.0
2030-12-04 18:00:00,0.0,0.0,3300.0,3348.960949988582,0.0,4800.0
2030-12-04 19:00:00,0.0,0.0,3300.0,3348.960949988582,0.0,4800.0
2030-12-04 20:00:00,0.0,0.0,3300.0,3348.960949988582,1639.4882900930243,4800.0
2030-12-04 21:00:00,0.0,0.0,3300.0,3348.960949988582,0.0,367.2942971797893
2030-12-04 22:00:00,0.0,0.0,3300.0,3348.960949988582,4800.0,3738.7238977565285
2030-12-04 23:00:00,0.0,0.0,3300.0,3348.960949988582,4800.0,0.0
2030-12-05 00:00:00,0.0,0.0,3300.0,3348.960949988582,4800.0,0.0
2030-12-05 01:00:00,0.0,0.0,3300.0,3348.960949988582,4800.0,0.0
2030-12-05 02:00:00,0.0,0.0,3300.0,3348.960949988582,4800.0,0.0
2030-12-05 03:00:00,0.0,0.0,3300.0,3348.960949988582,4800.0,2562.8058248538437
2030-12-05 04:00:00,0.0,0.0,3300.0,3348.960949988582,0.0,4800.0
2030-12-05 05:00:00,0.0,0.0,3300.0,3348.960949988582,0.0,4800.0
2030-12-05 06:00:00,0.0,0.0,0.0,3348.960949988582,0.0,4800.0
2030-12-05 07:00:00,1972.2030981144708,0.0,0.0,3348.960949988582,0.0,4800.0
2030-12-05 08:00:00,2673.951057292893,0.0,3300.0,3348.960949988582,0.0,4800.0
2030-12-05 09:00:00,0.0,0.0,3300.0,3348.960949988582,0.0,4800.0
2030-12-05 10:00:00,0.0,0.0,3300.0,3348.960949988582,0.0,4800.0
2030-12-05 11:00:00,0.0,0.0,3300.0,3348.960949988582,4800.0,3908.272875712617
2030-12-05 12:00:00,0.0,0.0,3300.0,3348.960949988582,4800.0,365.48381335636077
2030-12-05 13:00:00,0.0,0.0,3300.0,3348.960949988582,11.293920339317992,0.0
2030-12-05 14:00:00,0.0,0.0,3300.0,3348.960949988582,0.0,4800.0
2030-12-05 15:00:00,0.0,0.0,3300.0,3348.960949988582,0.0,4800.0
2030-12-05 16:00:00,0.0,0.0,3300.0,3348.960949988582,0.0,4800.0
2030-12-05 17:00:00,0.0,0.0,3300.0,3348.960949988582,0.0,4800.0
2030-12-05 18:00:00,0.0,0.0,3300.0,3348.960949988582,0.0,4800.0
2030-12-05 19:00:00,0.0,0.0,3300.0,3348.960949988582,0.0,4800.0
2030-12-05 20:00:00,0.0,0.0,3300.0,3348.960949988582,0.0,4800.0
2030-12-05 21:00:00,0.0,0.0,3300.0,3348.960949988582,0.0,4800.0
2030-12-05 22:00:00,0.0,0.0,3300.0,3348.960949988582,0.0,4800.0
2030-12-05 23:00:00,0.0,0.0,3300.0,3348.960949988582,0.0,4800.0
2030-12-06 00:00:00,0.0,0.0,3300.0,3348.960949988582,334.1983016486338,4800.0
2030-12-06 01:00:00,0.0,0.0,3300.0,3348.960949988582,0.0,4800.0
2030-12-06 02:00:00,0.0,0.0,1562.3817425848756,3348.960949988582,0.0,4800.0
2030-12-06 03:00:00,3094.605751522579,0.0,0.0,3348.960949988582,0.0,4800.0
2030-12-06 04:00:00,2324.7989198800133,0.0,0.0,3348.960949988582,0.0,4800.0
2030-12-06 05:00:00,4303.585293445993,0.0,1269.9134018807495,3348.960949988582,0.0,4800.0
2030-12-06 06:00:00,1960.711915609485,0.0,0.0,1940.164951627286,0.0,4800.0
2030-12-06 07:00:00,3695.4847635252536,0.0,0.0,3348.960949988582,0.0,4800.0
2030-12-06 08:00:00,4303.585293445993,0.0,0.0,3348.960949988582,0.0,4800.0
2030-12-06 09:00:00,4303.585293445993,0.0,0.0,3348.960949988582,0.0,4800.0
2030-12-06 10:00:00,4303.585293445993,0.0,0.0,3348.960949988582,0.0,4800.0
2030-12-06 11:00:00,4303.585293445993,0.0,0.0,3348.960949988582,0.0,4800.0
2030-12-06 12:00:00,4303.585293445993,0.0,0.0,3348.960949988582,0.0,4800.0
2030-12-06 13:00:00,4303.585293445993,0.0,0.0,3348.960949988582,0.0,4800.0
2030-12-06 14:00:00,4303.585293445993,0.0,0.0,3348.960949988582,0.0,4800.0
2030-12-06 15:00:00,4303.585293445993,0.0,0.0,3348.960949988582,0.0,4800.0
2030-12-06 16:00:00,4303.585293445993,0.0,0.0,3348.960949988582,0.0,4800.0
2030-12-06 17:00:00,4303.585293445993,0.0,577.8226390821874,3348.960949988582,0.0,4800.0
2030-12-06 18:00:00,4303.585293445993,0.0,1105.9405832666248,3348.960949988582,0.0,4800.0
2030-12-06 19:00:00,4303.585293445993,0.0,857.4675108226361,3348.960949988582,0.0,4800.0
2030-12-06 20:00:00,4303.585293445993,0.0,670.6767935886396,3348.960949988582,0.0,4800.0
2030-12-06 21:00:00,4303.585293445993,0.0,1170.0239745197155,3348.960949988582,0.0,4800.0
2030-12-06 22:00:00,4303.585293445993,0.0,1344.9442702775982,3348.960949988582,0.0,4800.0
2030-12-06 23:00:00,4303.585293445993,0.0,728.9083677669969,3348.960949988582,0.0,4800.0
2030-12-07 00:00:00,4303.585293445993,0.0,2267.4702868638497,3348.960949988582,0.0,4800.0
2030-12-07 01:00:00,0.0,0.0,2703.959166735709,3348.960949988582,0.0,3284.55158843979
2030-12-07 02:00:00,0.0,0.0,3300.0,3348.960949988582,1581.0585528487427,4800.0
2030-12-07 03:00:00,0.0,0.0,3300.0,3348.960949988582,0.0,4800.0
2030-12-07 04:00:00,0.0,0.0,3300.0,3348.960949988582,0.0,4800.0
2030-12-07 05:00:00,4303.585293445993,0.0,3300.0,2390.8250570629752,0.0,4800.0
2030-12-07 06:00:00,0.0,0.0,1043.9540353496782,0.0,0.0,4800.0
2030-12-07 07:00:00,4303.585293445993,0.0,1733.668462711103,3348.960949988582,0.0,4800.0
2030-12-07 08:00:00,4303.585293445993,0.0,3300.0,852.5679324992739,0.0,4800.0
2030-12-07 09:00:00,4303.585293445993,0.0,1633.6442119446813,1164.295175993149,0.0,4800.0
2030-12-07 10:00:00,4303.585293445993,0.0,0.0,3348.960949988582,0.0,4800.0
2030-12-07 11:00:00,2196.6468339735584,0.0,3300.0,3348.960949988582,0.0,4800.0
2030-12-07 12:00:00,0.0,0.0,1642.9945193142412,3348.960949988582,0.0,4800.0
2030-12-07 13:00:00,3842.575070151135,0.0,0.0,3348.960949988582,0.0,4800.0
2030-12-07 14:00:00,4303.585293445993,0.0,0.0,3348.960949988582,0.0,4800.0
2030-12-07 15:00:00,4303.585293445993,0.0,364.41436918782847,3348.960949988582,0.0,4800.0
2030-12-07 16:00:00,3052.8562249634897,0.0,0.0,3348.960949988582,0.0,4800.0
2030-12-07 17:00:00,2655.5484487903686,0.0,0.0,3348.960949988582,0.0,4800.0
2030-12-07 18:00:00,4303.585293445993,0.0,1908.2933573102537,3348.960949988582,0.0,4800.0
2030-12-07 19:00:00,4303.585293445993,0.0,2996.3468890350778,1992.0654215133973,0.0,4800.0
2030-12-07 20:00:00,4303.585293445993,0.0,2008.1318690119247,3348.960949988582,0.0,4800.0
2030-12-07 21:00:00,4303.585293445993,0.0,3300.0,1553.6597333092973,0.0,4800.0
2030-12-07 22:00:00,2002.1951619362767,0.0,0.0,3348.960949988582,0.0,2781.8424024262004
2030-12-07 23:00:00,4303.585293445993,0.0,2273.8588439035343,3348.960949988582,0.0,4800.0
2030-12-08 00:00:00,4303.585293445993,0.0,0.0,3348.960949988582,0.0,4800.0
2030-12-08 01:00:00,4303.585293445993,0.0,0.0,3348.960949988582,0.0,4800.0
2030-12-08 02:00:00,4303.585293445993,0.0,0.0,3348.960949988582,0.0,4800.0
2030-12-08 03:00:00,4303.585293445993,0.0,955.2496814141268,3348.960949988582,0.0,4800.0
2030-12-08 04:00:00,4303.585293445993,0.0,2745.5596020459634,3348.960949988582,0.0,4800.0
2030-12-08 05:00:00,2628.3023666840745,0.0,0.0,3348.960949988582,0.0,4800.0
2030-12-08 06:00:00,4303.585293445993,0.0,0.0,3348.960949988582,0.0,4800.0
2030-12-08 07:00:00,4303.585293445993,0.0,0.0,3348.960949988582,0.0,4800.0
2030-12-08 08:00:00,4253.886975940135,0.0,3300.0,3348.960949988582,0.0,4800.0
2030-12-08 09:00:00,0.0,0.0,2074.4895785505796,3348.960949988582,0.0,4800.0
2030-12-08 10:00:00,0.0,0.0,1683.9229311340428,3348.960949988582,0.0,4800.0
2030-12-08 11:00:00,0.0,0.0,657.5305082191194,3348.960949988582,0.0,4800.0
2030-12-08 12:00:00,2417.3890500703856,0.0,0.0,3348.960949988582,0.0,4800.0
2030-12-08 13:00:00,4303.585293445993,0.0,0.0,3348.960949988582,0.0,4800.0
2030-12-08 14:00:00,4303.585293445993,0.0,0.0,3348.960949988582,0.0,4800.0
2030-12-08 15:00:00,4303.585293445993,0.0,0.0,3348.960949988582,0.0,4800.0
2030-12-08 16:00:00,4303.585293445993,0.0,0.0,3348.960949988582,0.0,4800.0
2030-12-08 17:00:00,4303.585293445993,0.0,0.0,3348.960949988582,0.0,4800.0
2030-12-08 18:00:00,4303.585293445993,0.0,0.0,3348.960949988582,0.0,4800.0
2030-12-08 19:00:00,4303.585293445993,0.0,0.0,3348.960949988582,0.0,4800.0
2030-12-08 20:00:00,4303.585293445993,0.0,0.0,3348.960949988582,0.0,4800.0
2030-12-08 21:00:00,4303.585293445993,0.0,0.0,3348.960949988582,0.0,4800.0
2030-12-08 22:00:00,4303.585293445993,0.0,0.0,3348.960949988582,0.0,4800.0
2030-12-08 23:00:00,4303.585293445993,0.0,0.0,3348.960949988582,0.0,4800.0
2030-12-09 00:00:00,4303.585293445993,0.0,0.0,3348.960949988582,0.0,4800.0
2030-12-09 01:00:00,4303.585293445993,0.0,687.0343920569139,3348.960949988582,0.0,4800.0
2030-12-09 02:00:00,1654.5206022409782,0.0,0.0,3348.960949988582,0.0,4800.0
2030-12-09 03:00:00,4303.585293445993,0.0,2790.3580224910393,3348.960949988582,0.0,4800.0
2030-12-09 04:00:00,1659.3125367133216,0.0,0.0,3348.960949988582,0.0,4800.0
2030-12-09 05:00:00,4303.585293445993,0.0,1970.4176664286342,3348.960949988582,0.0,4800.0
2030-12-09 06:00:00,4303.585293445993,0.0,0.0,3348.960949988582,0.0,4800.0
2030-12-09 07:00:00,4303.585293445993,0.0,0.0,3348.960949988582,0.0,4800.0
2030-12-09 08:00:00,4303.585293445993,0.0,0.0,3348.960949988582,0.0,4800.0
2030-12-09 09:00:00,4303.585293445993,0.0,0.0,3348.960949988582,0.0,4800.0
2030-12-09 10:00:00,4303.585293445993,0.0,0.0,3348.960949988582,0.0,4800.0
2030-12-09 11:00:00,4303.585293445993,0.0,0.0,3348.960949988582,0.0,4800.0
2030-12-09 12:00:00,4303.585293445993,0.0,0.0,3348.960949988582,0.0,4800.0
2030-12-09 13:00:00,4303.585293445993,0.0,0.0,3348.960949988582,0.0,4800.0
2030-12-09 14:00:00,4303.585293445993,0.0,0.0,3348.960949988582,0.0,4800.0
2030-12-09 15:00:00,4303.585293445993,0.0,0.0,3348.960949988582,0.0,4800.0
2030-12-09 16:00:00,4303.585293445993,0.0,0.0,3348.960949988582,0.0,4800.0
2030-12-09 17:00:00,4303.585293445993,0.0,0.0,3348.960949988582,0.0,4800.0
2030-12-09 18:00:00,4303.585293445993,0.0,744.9722499589552,3348.960949988582,0.0,4800.0
2030-12-09 19:00:00,2635.4975080281306,0.0,0.0,3348.960949988582,0.0,4800.0
2030-12-09 20:00:00,4303.585293445993,0.0,1519.2086441069323,3348.960949988582,0.0,4800.0
2030-12-09 21:00:00,2785.756826797522,0.0,0.0,3348.960949988582,0.0,4800.0
2030-12-09 22:00:00,2012.7659887647842,0.0,0.0,3348.960949988582,0.0,4800.0
2030-12-09 23:00:00,2615.194018683821,0.0,0.0,3348.960949988582,0.0,4800.0
2030-12-10 00:00:00,4303.585293445993,0.0,3300.0,1204.5351807430302,0.0,4800.0
2030-12-10 01:00:00,3735.9956350923967,0.0,3300.0,1231.592367874131,0.0,4800.0
2030-12-10 02:00:00,0.0,0.0,3300.0,2888.6020681074224,0.0,4152.133165346626
2030-12-10 03:00:00,0.0,0.0,3300.0,3348.960949988582,0.0,4800.0
2030-12-10 04:00:00,0.0,0.0,3300.0,3348.960949988582,0.0,4800.0
2030-12-10 05:00:00,0.0,0.0,3300.0,3348.960949988582,1197.8786417883384,4800.0
2030-12-10 06:00:00,0.0,0.0,3300.0,3348.960949988582,918.2398622451365,0.0
2030-12-10 07:00:00,0.0,0.0,3300.0,3348.960949988582,4800.0,0.0
2030-12-10 08:00:00,0.0,0.0,3300.0,3348.960949988582,4800.0,0.0
2030-12-10 09:00:00,0.0,0.0,3300.0,3348.960949988582,4800.0,0.0
2030-12-10 10:00:00,0.0,0.0,3300.0,3348.960949988582,4800.0,0.0
2030-12-10 11:00:00,0.0,0.0,3300.0,3348.960949988582,4800.0,0.0
2030-12-10 12:00:00,0.0,0.0,3300.0,3348.960949988582,4800.0,0.0
2030-12-10 13:00:00,0.0,0.0,3300.0,3348.960949988582,4800.0,0.0
2030-12-10 14:00:00,0.0,0.0,3300.0,3348.960949988582,4800.0,0.0
2030-12-10 15:00:00,0.0,0.0,3300.0,3348.960949988582,4800.0,0.0
2030-12-10 16:00:00,0.0,0.0,3300.0,3348.960949988582,4800.0,4619.157319794933
2030-12-10 17:00:00,0.0,0.0,3300.0,3348.960949988582,4405.70675238024,4800.0
2030-12-10 18:00:00,0.0,0.0,3300.0,3348.960949988582,2011.7433968276455,4800.0
2030-12-10 19:00:00,0.0,0.0,3300.0,3348.960949988582,3079.8183455332182,4800.0
2030-12-10 20:00:00,0.0,0.0,3300.0,3348.960949988582,0.0,2058.615774438498
2030-12-10 21:00:00,0.0,0.0,3300.0,3348.960949988582,4800.0,3730.751137012834
2030-12-10 22:00:00,0.0,0.0,3300.0,3348.960949988582,4800.0,3574.9615723532625
2030-12-10 23:00:00,0.0,0.0,3300.0,3348.960949988582,4800.0,1087.658932532846
2030-12-11 00:00:00,0.0,0.0,3300.0,3348.960949988582,4331.187408744023,0.0
2030-12-11 01:00:00,0.0,0.0,3300.0,3348.960949988582,3801.0140577991633,0.0
2030-12-11 02:00:00,0.0,0.0,3300.0,3348.960949988582,2123.9365776588384,0.0
2030-12-11 03:00:00,0.0,0.0,3300.0,3348.960949988582,2633.8065126353467,0.0
2030-12-11 04:00:00,0.0,0.0,3300.0,3348.960949988582,4725.899513047771,4800.0
2030-12-11 05:00:00,0.0,0.0,3300.0,3348.960949988582,0.0,1667.963549819331
2030-12-11 06:00:00,0.0,0.0,3300.0,3348.960949988582,4800.0,3986.5604986073813
2030-12-11 07:00:00,0.0,0.0,3300.0,3348.960949988582,4800.0,3551.122027208985
2030-12-11 08:00:00,0.0,0.0,3300.0,3348.960949988582,4800.0,3375.9526989936785
2030-12-11 09:00:00,0.0,0.0,3300.0,3348.960949988582,2142.453680292456,0.0
2030-12-11 10:00:00,0.0,0.0,3300.0,3348.960949988582,0.0,0.0
2030-12-11 11:00:00,0.0,0.0,3300.0,3348.960949988582,0.0,2888.5183147288476
2030-12-11 12:00:00,0.0,0.0,3300.0,3348.960949988582,0.0,2919.6912720873306
2030-12-11 13:00:00,0.0,0.0,3300.0,3348.960949988582,0.0,4800.0
2030-12-11 14:00:00,0.0,0.0,3300.0,3348.960949988582,0.0,4800.0
2030-12-11 15:00:00,0.0,0.0,2669.9746391411827,3348.960949988582,1223.8272844081657,4800.0
2030-12-11 16:00:00,4303.585293445993,0.0,3300.0,813.1906042899582,0.0,4800.0
2030-12-11 17:00:00,589.8857464034554,0.0,0.0,857.6542165178034,4800.0,0.0
2030-12-11 18:00:00,4303.585293445993,0.0,3300.0,1608.1875696608931,0.0,4800.0
2030-12-11 19:00:00,4303.585293445993,0.0,3300.0,1953.2181019020009,2088.876251037693,0.0
2030-12-11 20:00:00,3114.5394013179375,0.0,0.0,3348.960949988582,0.0,0.0
2030-12-11 21:00:00,4303.585293445993,0.0,1142.2153023028864,3348.960949988582,0.0,0.0
2030-12-11 22:00:00,0.0,0.0,331.10101307663217,0.0,4800.0,0.0
2030-12-11 23:00:00,1127.32632075422,1349.8515642840832,3300.0,0.0,4800.0,1554.8624666780584
2030-12-12 00:00:00,0.0,603.904011495752,3300.0,0.0,4800.0,0.0
2030-12-12 01:00:00,0.0,353.5555676031254,3187.422679340867,0.0,4800.0,0.0
2030-12-12 02:00:00,0.0,0.0,2884.1333043306076,0.0,4800.0,0.0
2030-12-12 03:00:00,0.0,0.0,0.0,2939.075675977666,3022.031790925139,0.0
2030-12-12 04:00:00,2819.4492280371105,0.0,3300.0,2465.1715466726746,0.0,0.0
2030-12-12 05:00:00,648.2047755414897,0.0,0.0,3348.960949988582,0.0,4800.0
2030-12-12 06:00:00,889.3841097973957,0.0,3300.0,0.0,4800.0,4800.0
2030-12-12 07:00:00,1073.001851104933,0.0,3300.0,0.0,0.0,312.7404113680823
2030-12-12 08:00:00,4303.585293445993,0.0,3300.0,2316.4648243317533,0.0,648.9994716787005
2030-12-12 09:00:00,186.31874117562666,0.0,0.0,0.0,0.0,4800.0
2030-12-12 10:00:00,1172.965822410792,0.0,0.0,0.0,0.0,4800.0
2030-12-12 11:00:00,4303.585293445993,0.0,0.0,2926.2952599706887,0.0,4800.0
2030-12-12 12:00:00,4303.585293445993,0.0,0.0,3348.960949988582,0.0,4800.0
2030-12-12 13:00:00,4303.585293445993,181.39850133343134,0.0,3348.960949988582,0.0,4800.0
2030-12-12 14:00:00,3731.06418647531,0.0,3300.0,0.0,0.0,4800.0
2030-12-12 15:00:00,2757.8526291693006,0.0,0.0,3348.960949988582,0.0,4800.0
2030-12-12 16:00:00,4303.585293445993,0.0,1825.9223251735807,0.0,0.0,950.5942001355711
2030-12-12 17:00:00,4303.585293445993,364.68692550601827,2512.784689695298,0.0,0.0,0.0
2030-12-12 18:00:00,4303.585293445993,147.98598000036145,2201.845467138206,0.0,0.0,0.0
2030-12-12 19:00:00,4303.585293445993,943.3542113804951,3300.0,0.0,434.9878333492152,4800.0
2030-12-12 20:00:00,4303.585293445993,0.0,2913.666928398392,0.0,0.0,4719.45226327182
2030-12-12 21:00:00,4303.585293445993,0.0,2296.924262225605,0.0,2933.678772159123,4800.0
2030-12-12 22:00:00,4303.585293445993,1289.6540834106802,3300.0,0.0,1759.596106794489,4800.0
2030-12-12 23:00:00,4303.585293445993,0.0,3213.3930718372867,0.0,4234.511964936872,4800.0
2030-12-13 00:00:00,4216.6360684321635,0.0,3300.0,0.0,4800.0,2705.7697069066926
2030-12-13 01:00:00,3197.250456980414,836.7066728816571,3300.0,0.0,0.0,0.0
2030-12-13 02:00:00,4303.585293445993,0.0,3105.9177024707415,0.0,2822.241135055793,4800.0
2030-12-13 03:00:00,3821.959581602612,0.0,3300.0,0.0,0.0,4607.161738179061
2030-12-13 04:00:00,4303.585293445993,0.0,443.2063477903275,3348.960949988582,0.0,4800.0
2030-12-13 05:00:00,4303.585293445993,0.0,3104.057864021869,345.46595547795005,0.0,4800.0
2030-12-13 06:00:00,4303.585293445993,0.0,2972.823189797463,0.0,0.0,0.0
2030-12-13 07:00:00,4303.585293445993,0.0,2608.3436287189197,0.0,4216.900427876069,0.0
2030-12-13 08:00:00,1744.2217694002038,1349.8515642840832,0.0,0.0,0.0,3775.417886394309
2030-12-13 09:00:00,4303.585293445993,0.0,0.0,3348.960949988582,0.0,4800.0
2030-12-13 10:00:00,4303.585293445993,0.0,0.0,2426.083902312119,0.0,4800.0
2030-12-13 11:00:00,4303.585293445993,1349.8515642840832,0.0,3015.3994939943577,0.0,4800.0
2030-12-13 12:00:00,4303.585293445993,0.0,0.0,1198.0319109304255,0.0,4800.0
2030-12-13 13:00:00,4303.585293445993,1144.223298740645,0.0,3348.960949988582,0.0,4800.0
2030-12-13 14:00:00,4303.585293445993,1033.2384602942702,0.0,3348.960949988582,0.0,4800.0
2030-12-13 15:00:00,4303.585293445993,0.0,0.0,3348.960949988582,0.0,4800.0
2030-12-13 16:00:00,4303.585293445993,0.0,0.0,1222.426450018111,0.0,4800.0
2030-12-13 17:00:00,4303.585293445993,0.0,0.0,2245.731866404938,0.0,4800.0
2030-12-13 18:00:00,4303.585293445993,0.0,0.0,2557.764047071805,0.0,4800.0
2030-12-13 19:00:00,4303.585293445993,0.0,0.0,3348.960949988582,0.0,4800.0
2030-12-13 20:00:00,4303.585293445993,0.0,0.0,3348.960949988582,0.0,4800.0
2030-12-13 21:00:00,4303.585293445993,0.0,0.0,3348.960949988582,0.0,4800.0
2030-12-13 22:00:00,4303.585293445993,0.0,0.0,3348.960949988582,0.0,4800.0
2030-12-13 23:00:00,4303.585293445993,0.0,0.0,3348.960949988582,0.0,4800.0
2030-12-14 00:00:00,4303.585293445993,0.0,0.0,3348.960949988582,0.0,4800.0
2030-12-14 01:00:00,4303.585293445993,0.0,0.0,3348.960949988582,0.0,4800.0
2030-12-14 02:00:00,4303.585293445993,0.0,0.0,3348.960949988582,0.0,4800.0
2030-12-14 03:00:00,4303.585293445993,0.0,631.1236039661599,3348.960949988582,0.0,4800.0
2030-12-14 04:00:00,4303.585293445993,0.0,0.0,3348.960949988582,0.0,4800.0
2030-12-14 05:00:00,4303.585293445993,0.0,0.0,3348.960949988582,0.0,4800.0
2030-12-14 06:00:00,4303.585293445993,0.0,0.0,3348.960949988582,0.0,4800.0
2030-12-14 07:00:00,4303.585293445993,0.0,0.0,3348.960949988582,0.0,4800.0
2030-12-14 08:00:00,4303.585293445993,0.0,0.0,3348.960949988582,0.0,4800.0
2030-12-14 09:00:00,4303.585293445993,0.0,0.0,2961.154519439602,0.0,4800.0
2030-12-14 10:00:00,4303.585293445993,0.0,0.0,3348.960949988582,0.0,4800.0
2030-12-14 11:00:00,4303.585293445993,0.0,0.0,3348.960949988582,0.0,4800.0
2030-12-14 12:00:00,4303.585293445993,0.0,0.0,3348.960949988582,0.0,4800.0
2030-12-14 13:00:00,4303.585293445993,0.0,0.0,3348.960949988582,0.0,4800.0
2030-12-14 14:00:00,4303.585293445993,0.0,0.0,3348.960949988582,0.0,4800.0
2030-12-14 15:00:00,4303.585293445993,0.0,0.0,3348.960949988582,0.0,4800.0
2030-12-14 16:00:00,4059.106270489191,0.0,0.0,3348.960949988582,0.0,4800.0
2030-12-14 17:00:00,3421.4672041737313,0.0,0.0,3348.960949988582,0.0,4800.0
2030-12-14 18:00:00,2413.1226939498156,0.0,0.0,3348.960949988582,0.0,4800.0
2030-12-14 19:00:00,3475.7037153396404,0.0,0.0,3348.960949988582,0.0,4800.0
2030-12-14 20:00:00,4303.585293445993,0.0,1225.6016910809462,3348.960949988582,0.0,4800.0
2030-12-14 21:00:00,4303.585293445993,0.0,440.77721096073446,3348.960949988582,0.0,4800.0
2030-12-14 22:00:00,0.0,0.0,1219.4904208104635,3348.960949988582,0.0,4800.0
2030-12-14 23:00:00,0.0,0.0,3300.0,3348.960949988582,0.0,4800.0
2030-12-15 00:00:00,0.0,0.0,2950.5133267262936,3348.960949988582,0.0,4800.0
2030-12-15 01:00:00,0.0,0.0,2975.6181262473765,3348.960949988582,0.0,4800.0
2030-12-15 02:00:00,0.0,0.0,3285.7652368871495,3348.960949988582,0.0,4800.0
2030-12-15 03:00:00,0.0,0.0,3300.0,3348.960949988582,0.0,4800.0
2030-12-15 04:00:00,0.0,0.0,3300.0,3348.960949988582,0.0,4800.0
2030-12-15 05:00:00,0.0,0.0,3300.0,3348.960949988582,0.0,4800.0
2030-12-15 06:00:00,1306.7777486509976,0.0,3300.0,3348.960949988582,0.0,4800.0
2030-12-15 07:00:00,0.0,0.0,2058.804343268481,3348.960949988582,0.0,4800.0
2030-12-15 08:00:00,0.0,0.0,1609.2671490107587,3348.960949988582,0.0,4800.0
2030-12-15 09:00:00,0.0,0.0,3300.0,3348.960949988582,0.0,4800.0
2030-12-15 10:00:00,0.0,0.0,3300.0,3348.960949988582,4800.0,1185.0294178182885
2030-12-15 11:00:00,0.0,0.0,3300.0,3348.960949988582,4800.0,0.0
2030-12-15 12:00:00,0.0,0.0,3300.0,3348.960949988582,4800.0,0.0
2030-12-15 13:00:00,0.0,0.0,3300.0,3348.960949988582,4800.0,0.0
2030-12-15 14:00:00,0.0,0.0,3300.0,3348.960949988582,4800.0,0.0
2030-12-15 15:00:00,0.0,0.0,3300.0,3348.960949988582,4800.0,0.0
2030-12-15 16:00:00,0.0,0.0,3300.0,3348.960949988582,4800.0,0.0
2030-12-15 17:00:00,0.0,0.0,3300.0,3348.960949988582,4800.0,0.0
2030-12-15 18:00:00,0.0,0.0,3300.0,3348.960949988582,4800.0,0.0
2030-12-15 19:00:00,0.0,0.0,3300.0,3348.960949988582,4800.0,0.0
2030-12-15 20:00:00,0.0,0.0,3300.0,3348.960949988582,4800.0,0.0
2030-12-15 21:00:00,0.0,0.0,3300.0,3348.960949988582,4800.0,0.0
2030-12-15 22:00:00,0.0,0.0,3300.0,3348.960949988582,4800.0,0.0
2030-12-15 23:00:00,0.0,0.0,3300.0,3348.960949988582,4800.0,0.0
2030-12-16 00:00:00,0.0,0.0,3300.0,3348.960949988582,4800.0,0.0
2030-12-16 01:00:00,0.0,0.0,3300.0,3348.960949988582,4800.0,0.0
2030-12-16 02:00:00,0.0,0.0,3300.0,3348.960949988582,4800.0,0.0
2030-12-16 03:00:00,0.0,0.0,3300.0,3348.960949988582,4800.0,0.0
2030-12-16 04:00:00,0.0,0.0,3300.0,3348.960949988582,4800.0,0.0
2030-12-16 05:00:00,0.0,0.0,3300.0,3348.960949988582,4800.0,0.0
2030-12-16 06:00:00,0.0,0.0,3300.0,3348.960949988582,4800.0,0.0
2030-12-16 07:00:00,0.0,0.0,3300.0,3348.960949988582,4800.0,0.0
2030-12-16 08:00:00,0.0,0.0,3300.0,3348.960949988582,4800.0,0.0
2030-12-16 09:00:00,0.0,0.0,3300.0,3348.960949988582,4800.0,0.0
2030-12-16 10:00:00,0.0,0.0,3300.0,3348.960949988582,4800.0,0.0
2030-12-16 11:00:00,0.0,0.0,3300.0,3348.960949988582,4800.0,0.0
2030-12-16 12:00:00,0.0,0.0,3300.0,3348.960949988582,4800.0,0.0
2030-12-16 13:00:00,0.0,0.0,3300.0,3348.960949988582,4800.0,0.0
2030-12-16 14:00:00,0.0,0.0,3300.0,3348.960949988582,4800.0,1155.1288846559764
2030-12-16 15:00:00,0.0,0.0,3300.0,3348.960949988582,0.0,4800.0
2030-12-16 16:00:00,0.0,0.0,3300.0,3348.960949988582,0.0,4800.0
2030-12-16 17:00:00,0.0,0.0,3300.0,3348.960949988582,0.0,4800.0
2030-12-16 18:00:00,0.0,0.0,3300.0,3348.960949988582,0.0,4800.0
2030-12-16 19:00:00,0.0,0.0,3300.0,3348.960949988582,0.0,2470.4985490777326
2030-12-16 20:00:00,0.0,0.0,3300.0,3348.960949988582,3905.678615534285,4800.0
2030-12-16 21:00:00,0.0,0.0,3300.0,3348.960949988582,0.0,1387.7542801986274
2030-12-16 22:00:00,0.0,0.0,3300.0,3348.960949988582,4800.0,2741.292524658197
2030-12-16 23:00:00,0.0,0.0,3300.0,3348.960949988582,1778.3430271622929,0.0
2030-12-17 00:00:00,0.0,0.0,3300.0,3348.960949988582,0.0,3162.9805912743177
2030-12-17 01:00:00,0.0,0.0,3300.0,3348.960949988582,3421.835987229002,4800.0
2030-12-17 02:00:00,0.0,0.0,3300.0,3348.960949988582,760.8345616456354,4800.0
2030-12-17 03:00:00,0.0,0.0,3300.0,3348.960949988582,0.0,4800.0
2030-12-17 04:00:00,0.0,0.0,3300.0,3348.960949988582,0.0,4800.0
2030-12-17 05:00:00,0.0,0.0,3300.0,3348.960949988582,0.0,4800.0
2030-12-17 06:00:00,0.0,0.0,3300.0,3348.960949988582,0.0,4800.0
2030-12-17 07:00:00,0.0,0.0,3300.0,3348.960949988582,0.0,4800.0
2030-12-17 08:00:00,0.0,0.0,2993.7563745676216,3348.960949988582,0.0,4800.0
2030-12-17 09:00:00,1302.9721950400126,0.0,3300.0,3348.960949988582,0.0,4800.0
2030-12-17 10:00:00,0.0,0.0,972.2587444182727,3348.960949988582,0.0,4800.0
2030-12-17 11:00:00,0.0,0.0,1085.6580968173598,3348.960949988582,0.0,4800.0
2030-12-17 12:00:00,2888.429139206548,0.0,3300.0,3348.960949988582,0.0,4800.0
2030-12-17 13:00:00,3529.1610241179005,0.0,3300.0,3348.960949988582,0.0,4800.0
2030-12-17 14:00:00,4303.585293445993,0.0,0.0,3348.960949988582,0.0,4800.0
2030-12-17 15:00:00,4303.585293445993,0.0,0.0,3348.960949988582,0.0,4800.0
2030-12-17 16:00:00,4303.585293445993,0.0,0.0,3348.960949988582,0.0,4800.0
2030-12-17 17:00:00,4303.585293445993,0.0,0.0,3348.960949988582,0.0,4800.0
2030-12-17 18:00:00,4303.585293445993,0.0,0.0,3348.960949988582,0.0,4800.0
2030-12-17 19:00:00,4303.585293445993,0.0,0.0,3348.960949988582,0.0,4800.0
2030-12-17 20:00:00,4303.585293445993,0.0,0.0,3348.960949988582,0.0,4800.0
2030-12-17 21:00:00,4303.585293445993,0.0,0.0,3348.960949988582,0.0,4800.0
2030-12-17 22:00:00,4303.585293445993,0.0,0.0,3348.960949988582,0.0,4800.0
2030-12-17 23:00:00,4303.585293445993,0.0,0.0,3348.960949988582,0.0,4800.0
2030-12-18 00:00:00,4303.585293445993,0.0,0.0,3348.960949988582,0.0,4800.0
2030-12-18 01:00:00,4303.585293445993,0.0,0.0,3348.960949988582,0.0,4800.0
2030-12-18 02:00:00,4303.585293445993,0.0,0.0,3348.960949988582,0.0,4800.0
2030-12-18 03:00:00,4303.585293445993,0.0,0.0,3348.960949988582,0.0,4800.0
2030-12-18 04:00:00,4303.585293445993,0.0,0.0,3348.960949988582,0.0,4800.0
2030-12-18 05:00:00,4303.585293445993,0.0,0.0,3348.960949988582,0.0,4800.0
2030-12-18 06:00:00,4303.585293445993,0.0,0.0,3348.960949988582,0.0,4800.0
2030-12-18 07:00:00,4303.585293445993,0.0,0.0,3348.960949988582,0.0,4800.0
2030-12-18 08:00:00,4303.585293445993,0.0,0.0,3348.960949988582,0.0,4800.0
2030-12-18 09:00:00,4303.585293445993,0.0,0.0,3348.960949988582,0.0,4800.0
2030-12-18 10:00:00,4303.585293445993,0.0,0.0,3348.960949988582,0.0,4800.0
2030-12-18 11:00:00,4303.585293445993,0.0,0.0,3348.960949988582,0.0,4800.0
2030-12-18 12:00:00,4303.585293445993,0.0,0.0,3348.960949988582,0.0,4800.0
2030-12-18 13:00:00,4303.585293445993,0.0,0.0,3348.960949988582,0.0,4800.0
2030-12-18 14:00:00,4303.585293445993,0.0,0.0,3348.960949988582,0.0,4800.0
2030-12-18 15:00:00,4303.585293445993,0.0,0.0,3348.960949988582,0.0,4800.0
2030-12-18 16:00:00,4303.585293445993,0.0,0.0,3348.960949988582,0.0,4800.0
2030-12-18 17:00:00,4303.585293445993,0.0,0.0,3348.960949988582,0.0,4800.0
2030-12-18 18:00:00,4303.585293445993,0.0,0.0,3348.960949988582,0.0,4800.0
2030-12-18 19:00:00,4303.585293445993,0.0,0.0,3348.960949988582,0.0,4800.0
2030-12-18 20:00:00,4303.585293445993,0.0,0.0,3348.960949988582,0.0,4800.0
2030-12-18 21:00:00,4303.585293445993,0.0,0.0,3348.960949988582,0.0,4800.0
2030-12-18 22:00:00,4303.585293445993,0.0,0.0,3348.960949988582,0.0,4800.0
2030-12-18 23:00:00,4303.585293445993,0.0,0.0,3348.960949988582,0.0,4800.0
2030-12-19 00:00:00,4303.585293445993,0.0,0.0,3348.960949988582,0.0,4800.0
2030-12-19 01:00:00,4303.585293445993,0.0,0.0,3348.960949988582,0.0,4800.0
2030-12-19 02:00:00,4303.585293445993,0.0,0.0,3348.960949988582,0.0,4800.0
2030-12-19 03:00:00,4303.585293445993,0.0,0.0,3348.960949988582,0.0,4800.0
2030-12-19 04:00:00,4303.585293445993,0.0,0.0,3348.960949988582,0.0,4800.0
2030-12-19 05:00:00,4303.585293445993,0.0,0.0,3348.960949988582,0.0,4800.0
2030-12-19 06:00:00,4303.585293445993,0.0,0.0,3348.960949988582,0.0,4800.0
2030-12-19 07:00:00,4303.585293445993,0.0,0.0,3348.960949988582,0.0,4800.0
2030-12-19 08:00:00,4303.585293445993,0.0,0.0,3348.960949988582,0.0,4800.0
2030-12-19 09:00:00,4303.585293445993,0.0,0.0,3348.960949988582,0.0,4800.0
2030-12-19 10:00:00,4303.585293445993,0.0,0.0,3348.960949988582,0.0,4800.0
2030-12-19 11:00:00,4303.585293445993,0.0,0.0,3348.960949988582,0.0,4800.0
2030-12-19 12:00:00,4303.585293445993,0.0,0.0,3348.960949988582,0.0,4800.0
2030-12-19 13:00:00,4303.585293445993,0.0,0.0,3348.960949988582,0.0,4800.0
2030-12-19 14:00:00,4303.585293445993,0.0,0.0,3348.960949988582,0.0,4800.0
2030-12-19 15:00:00,4303.585293445993,0.0,0.0,3348.960949988582,0.0,4800.0
2030-12-19 16:00:00,4303.585293445993,1349.8515642840832,0.0,0.0,0.0,4800.0
2030-12-19 17:00:00,4303.585293445993,1311.661210916678,0.0,0.0,0.0,4800.0
2030-12-19 18:00:00,4303.585293445993,1349.8515642840832,0.0,415.11789290949764,0.0,4800.0
2030-12-19 19:00:00,4303.585293445993,722.5938120622302,0.0,0.0,0.0,4800.0
2030-12-19 20:00:00,4303.585293445993,1349.8515642840832,0.0,2139.988933517525,0.0,4800.0
2030-12-19 21:00:00,4303.585293445993,1090.2566525891584,0.0,0.0,0.0,4800.0
2030-12-19 22:00:00,4303.585293445993,1349.8515642840832,0.0,341.9682960789287,0.0,4800.0
2030-12-19 23:00:00,4303.585293445993,0.0,0.0,482.3287575406898,0.0,4800.0
2030-12-20 00:00:00,4303.585293445993,135.19536842738194,0.0,0.0,0.0,4800.0
2030-12-20 01:00:00,4303.585293445993,0.0,0.0,32.06594946969926,0.0,4800.0
2030-12-20 02:00:00,4303.585293445993,0.0,0.0,1417.9304044410833,0.0,4800.0
2030-12-20 03:00:00,4303.585293445993,0.0,0.0,3348.960949988582,0.0,4800.0
2030-12-20 04:00:00,4303.585293445993,0.0,0.0,3348.960949988582,0.0,4800.0
2030-12-20 05:00:00,4303.585293445993,0.0,0.0,3348.960949988582,0.0,4800.0
2030-12-20 06:00:00,4303.585293445993,0.0,0.0,2791.360707222814,0.0,4800.0
2030-12-20 07:00:00,4303.585293445993,0.0,0.0,1964.7716932180338,0.0,4800.0
2030-12-20 08:00:00,4303.585293445993,0.0,0.0,2475.4074986554688,0.0,4800.0
2030-12-20 09:00:00,4303.585293445993,0.0,0.0,3348.960949988582,0.0,4800.0
2030-12-20 10:00:00,4303.585293445993,0.0,0.0,3348.960949988582,0.0,4800.0
2030-12-20 11:00:00,4303.585293445993,0.0,0.0,3348.960949988582,0.0,4800.0
2030-12-20 12:00:00,4303.585293445993,0.0,0.0,3348.960949988582,0.0,4800.0
2030-12-20 13:00:00,4303.585293445993,0.0,0.0,3348.960949988582,0.0,4800.0
2030-12-20 14:00:00,4303.585293445993,0.0,0.0,3348.960949988582,0.0,4800.0
2030-12-20 15:00:00,4303.585293445993,0.0,0.0,3348.960949988582,0.0,4800.0
2030-12-20 16:00:00,4303.585293445993,0.0,0.0,3348.960949988582,0.0,4800.0
2030-12-20 17:00:00,4303.585293445993,0.0,0.0,3348.960949988582,0.0,4800.0
2030-12-20 18:00:00,4303.585293445993,0.0,0.0,3348.960949988582,0.0,4800.0
2030-12-20 19:00:00,4303.585293445993,0.0,0.0,3348.960949988582,0.0,4800.0
2030-12-20 20:00:00,4303.585293445993,0.0,0.0,3348.960949988582,0.0,4800.0
2030-12-20 21:00:00,4303.585293445993,0.0,0.0,3348.960949988582,0.0,4800.0
2030-12-20 22:00:00,4303.585293445993,0.0,0.0,3348.960949988582,0.0,4800.0
2030-12-20 23:00:00,4303.585293445993,0.0,0.0,3348.960949988582,0.0,4800.0
2030-12-21 00:00:00,4303.585293445993,0.0,0.0,3348.960949988582,0.0,4800.0
2030-12-21 01:00:00,3925.6732284036066,0.0,0.0,3348.960949988582,0.0,4800.0
2030-12-21 02:00:00,3994.401167529498,0.0,0.0,3348.960949988582,0.0,4800.0
2030-12-21 03:00:00,4101.310413919752,0.0,0.0,3348.960949988582,0.0,4800.0
2030-12-21 04:00:00,3635.57832650791,0.0,0.0,3348.960949988582,0.0,4800.0
2030-12-21 05:00:00,3125.506475795146,0.0,0.0,3348.960949988582,0.0,4800.0
2030-12-21 06:00:00,4303.585293445993,0.0,272.18468744782695,3348.960949988582,0.0,4800.0
2030-12-21 07:00:00,4303.585293445993,0.0,0.0,3348.960949988582,0.0,4800.0
2030-12-21 08:00:00,4303.585293445993,0.0,17.63188565667224,3348.960949988582,0.0,4800.0
2030-12-21 09:00:00,4303.585293445993,0.0,384.80149412411265,3348.960949988582,0.0,4800.0
2030-12-21 10:00:00,4303.585293445993,0.0,630.5699620031301,3348.960949988582,0.0,4800.0
2030-12-21 11:00:00,2081.4787346195735,0.0,0.0,3348.960949988582,0.0,4800.0
2030-12-21 12:00:00,3137.7939503706075,0.0,0.0,3348.960949988582,0.0,4800.0
2030-12-21 13:00:00,4303.585293445993,0.0,0.0,3348.960949988582,0.0,4800.0
2030-12-21 14:00:00,4303.585293445993,0.0,0.0,3348.960949988582,0.0,4800.0
2030-12-21 15:00:00,4303.585293445993,0.0,0.0,3348.960949988582,0.0,4800.0
2030-12-21 16:00:00,4303.585293445993,0.0,0.0,3348.960949988582,0.0,4800.0
2030-12-21 17:00:00,4303.585293445993,0.0,0.0,3348.960949988582,0.0,4800.0
2030-12-21 18:00:00,3507.298261278047,0.0,0.0,3348.960949988582,0.0,4800.0
2030-12-21 19:00:00,3364.2495275395777,0.0,3300.0,3348.960949988582,0.0,4800.0
2030-12-21 20:00:00,0.0,0.0,807.1454086282756,3348.960949988582,0.0,4800.0
2030-12-21 21:00:00,0.0,0.0,940.9037123884555,3348.960949988582,0.0,4800.0
2030-12-21 22:00:00,3528.557862636153,0.0,0.0,3348.960949988582,0.0,4800.0
2030-12-21 23:00:00,1438.4577034525864,0.0,3300.0,3348.960949988582,0.0,4800.0
2030-12-22 00:00:00,0.0,0.0,3300.0,3348.960949988582,0.0,4800.0
2030-12-22 01:00:00,0.0,0.0,3300.0,3348.960949988582,0.0,4800.0
2030-12-22 02:00:00,17.749656763101484,0.0,3300.0,3348.960949988582,0.0,4800.0
2030-12-22 03:00:00,0.0,0.0,3012.5381527460368,3348.960949988582,0.0,4800.0
2030-12-22 04:00:00,0.0,0.0,3300.0,3348.960949988582,0.0,4800.0
2030-12-22 05:00:00,0.0,0.0,2541.123583458302,3348.960949988582,0.0,4800.0
2030-12-22 06:00:00,0.0,0.0,2388.258408567779,3348.960949988582,0.0,4800.0
2030-12-22 07:00:00,4303.585293445993,0.0,2854.718391853974,3348.960949988582,0.0,4800.0
2030-12-22 08:00:00,4135.919389546667,0.0,0.0,3348.960949988582,0.0,4800.0
2030-12-22 09:00:00,4303.585293445993,0.0,0.0,3348.960949988582,0.0,4800.0
2030-12-22 10:00:00,4303.585293445993,0.0,554.3143916012959,3348.960949988582,0.0,4800.0
2030-12-22 11:00:00,4303.585293445993,0.0,0.0,3348.960949988582,0.0,4800.0
2030-12-22 12:00:00,4303.585293445993,0.0,0.0,3348.960949988582,0.0,4800.0
2030-12-22 13:00:00,4303.585293445993,0.0,0.0,3348.960949988582,0.0,4800.0
2030-12-22 14:00:00,4303.585293445993,0.0,0.0,3348.960949988582,0.0,4800.0
2030-12-22 15:00:00,4303.585293445993,0.0,0.0,3348.960949988582,0.0,4800.0
2030-12-22 16:00:00,4303.585293445993,0.0,0.0,3348.960949988582,0.0,4800.0
2030-12-22 17:00:00,4303.585293445993,0.0,0.0,3348.960949988582,0.0,4800.0
2030-12-22 18:00:00,4303.585293445993,0.0,0.0,3348.960949988582,0.0,4800.0
2030-12-22 19:00:00,4303.585293445993,0.0,0.0,3348.960949988582,0.0,4800.0
2030-12-22 20:00:00,4303.585293445993,0.0,0.0,3348.960949988582,0.0,4800.0
2030-12-22 21:00:00,4303.585293445993,0.0,0.0,3348.960949988582,0.0,4800.0
2030-12-22 22:00:00,4303.585293445993,0.0,0.0,3348.960949988582,0.0,4800.0
2030-12-22 23:00:00,4303.585293445993,0.0,0.0,3348.960949988582,0.0,4800.0
2030-12-23 00:00:00,4303.585293445993,0.0,230.29046386935443,3348.960949988582,0.0,4800.0
2030-12-23 01:00:00,4245.983784876353,0.0,3300.0,3348.960949988582,0.0,4800.0
2030-12-23 02:00:00,0.0,0.0,1112.2593480401847,3348.960949988582,0.0,4800.0
2030-12-23 03:00:00,646.0493386755952,0.0,3300.0,3348.960949988582,0.0,4800.0
2030-12-23 04:00:00,0.0,0.0,3300.0,3348.960949988582,0.0,4800.0
2030-12-23 05:00:00,0.0,0.0,3300.0,3348.960949988582,0.0,4800.0
2030-12-23 06:00:00,0.0,0.0,3300.0,3348.960949988582,0.0,4800.0
2030-12-23 07:00:00,0.0,0.0,3300.0,3348.960949988582,0.0,4800.0
2030-12-23 08:00:00,0.0,0.0,3300.0,3348.960949988582,0.0,4800.0
2030-12-23 09:00:00,0.0,0.0,3300.0,3348.960949988582,0.0,4800.0
2030-12-23 10:00:00,0.0,0.0,3300.0,3348.960949988582,0.0,4800.0
2030-12-23 11:00:00,0.0,0.0,3300.0,3348.960949988582,0.0,4800.0
2030-12-23 12:00:00,0.0,0.0,3300.0,3348.960949988582,0.0,4800.0
2030-12-23 13:00:00,0.0,0.0,3300.0,3348.960949988582,0.0,4800.0
2030-12-23 14:00:00,0.0,0.0,3300.0,3348.960949988582,0.0,4800.0
2030-12-23 15:00:00,0.0,0.0,3300.0,3348.960949988582,0.0,4800.0
2030-12-23 16:00:00,0.0,0.0,3300.0,3348.960949988582,0.0,4800.0
2030-12-23 17:00:00,0.0,0.0,3300.0,3348.960949988582,0.0,4800.0
2030-12-23 18:00:00,0.0,0.0,3300.0,3348.960949988582,4800.0,3120.9607295121677
2030-12-23 19:00:00,0.0,0.0,3300.0,3348.960949988582,4800.0,0.0
2030-12-23 20:00:00,0.0,0.0,3300.0,3348.960949988582,4800.0,0.0
2030-12-23 21:00:00,0.0,0.0,3300.0,3348.960949988582,4800.0,0.0
2030-12-23 22:00:00,0.0,0.0,3300.0,3348.960949988582,4800.0,0.0
2030-12-23 23:00:00,0.0,0.0,3300.0,3348.960949988582,4800.0,0.0
2030-12-24 00:00:00,0.0,0.0,3300.0,3348.960949988582,4800.0,0.0
2030-12-24 01:00:00,0.0,0.0,3300.0,3348.960949988582,4800.0,0.0
2030-12-24 02:00:00,0.0,0.0,3300.0,3348.960949988582,4800.0,0.0
2030-12-24 03:00:00,0.0,0.0,3300.0,3348.960949988582,4800.0,0.0
2030-12-24 04:00:00,0.0,0.0,3300.0,3348.960949988582,4800.0,0.0
2030-12-24 05:00:00,0.0,0.0,3300.0,3348.960949988582,4800.0,0.0
2030-12-24 06:00:00,0.0,0.0,3300.0,3348.960949988582,4800.0,0.0
2030-12-24 07:00:00,0.0,0.0,3300.0,3348.960949988582,4800.0,0.0
2030-12-24 08:00:00,0.0,0.0,3300.0,3348.960949988582,4800.0,0.0
2030-12-24 09:00:00,0.0,0.0,3300.0,3348.960949988582,4800.0,0.0
2030-12-24 10:00:00,0.0,0.0,3300.0,3348.960949988582,4800.0,0.0
2030-12-24 11:00:00,0.0,0.0,3300.0,3348.960949988582,4800.0,0.0
2030-12-24 12:00:00,0.0,0.0,3300.0,3348.960949988582,4800.0,0.0
2030-12-24 13:00:00,0.0,0.0,3300.0,3348.960949988582,4800.0,0.0
2030-12-24 14:00:00,0.0,0.0,3300.0,3348.960949988582,4800.0,0.0
2030-12-24 15:00:00,0.0,0.0,3300.0,3348.960949988582,4800.0,0.0
2030-12-24 16:00:00,0.0,0.0,3300.0,3348.960949988582,4800.0,0.0
2030-12-24 17:00:00,0.0,0.0,3300.0,3348.960949988582,4800.0,0.0
2030-12-24 18:00:00,0.0,0.0,3300.0,3348.960949988582,4800.0,0.0
2030-12-24 19:00:00,0.0,0.0,3300.0,3348.960949988582,4800.0,0.0
2030-12-24 20:00:00,0.0,0.0,3300.0,3348.960949988582,4800.0,0.0
2030-12-24 21:00:00,0.0,0.0,3300.0,3348.960949988582,4800.0,0.0
2030-12-24 22:00:00,0.0,0.0,3300.0,3348.960949988582,4800.0,0.0
2030-12-24 23:00:00,0.0,0.0,3300.0,3348.960949988582,4800.0,0.0
2030-12-25 00:00:00,0.0,0.0,3300.0,3348.960949988582,4800.0,0.0
2030-12-25 01:00:00,0.0,0.0,3300.0,3348.960949988582,4800.0,0.0
2030-12-25 02:00:00,0.0,0.0,3300.0,3348.960949988582,4800.0,0.0
2030-12-25 03:00:00,0.0,0.0,3300.0,3348.960949988582,4800.0,0.0
2030-12-25 04:00:00,0.0,0.0,3300.0,3348.960949988582,4800.0,0.0
2030-12-25 05:00:00,0.0,0.0,3300.0,3348.960949988582,4800.0,0.0
2030-12-25 06:00:00,0.0,0.0,3300.0,3348.960949988582,4800.0,0.0
2030-12-25 07:00:00,0.0,0.0,3300.0,3348.960949988582,4800.0,0.0
2030-12-25 08:00:00,0.0,0.0,3300.0,3348.960949988582,4800.0,0.0
2030-12-25 09:00:00,0.0,0.0,3300.0,3348.960949988582,4800.0,0.0
2030-12-25 10:00:00,0.0,0.0,3300.0,3348.960949988582,4800.0,0.0
2030-12-25 11:00:00,0.0,0.0,3300.0,3348.960949988582,4800.0,0.0
2030-12-25 12:00:00,0.0,0.0,3300.0,3348.960949988582,4800.0,0.0
2030-12-25 13:00:00,0.0,0.0,3300.0,3348.960949988582,4800.0,0.0
2030-12-25 14:00:00,0.0,0.0,3300.0,3348.960949988582,4800.0,0.0
2030-12-25 15:00:00,0.0,0.0,3300.0,3348.960949988582,4800.0,0.0
2030-12-25 16:00:00,0.0,0.0,3300.0,3348.960949988582,4800.0,0.0
2030-12-25 17:00:00,0.0,0.0,3300.0,3348.960949988582,4800.0,0.0
2030-12-25 18:00:00,0.0,0.0,3300.0,3348.960949988582,4800.0,0.0
2030-12-25 19:00:00,0.0,0.0,3300.0,3348.960949988582,4800.0,0.0
2030-12-25 20:00:00,0.0,0.0,3300.0,3348.960949988582,4800.0,0.0
2030-12-25 21:00:00,0.0,0.0,3300.0,3348.960949988582,4800.0,0.0
2030-12-25 22:00:00,0.0,0.0,3300.0,3348.960949988582,4800.0,0.0
2030-12-25 23:00:00,0.0,0.0,3300.0,3348.960949988582,4800.0,0.0
2030-12-26 00:00:00,0.0,0.0,3300.0,3348.960949988582,4800.0,0.0
2030-12-26 01:00:00,0.0,0.0,3300.0,3348.960949988582,4800.0,0.0
2030-12-26 02:00:00,0.0,0.0,3300.0,3348.960949988582,4800.0,0.0
2030-12-26 03:00:00,0.0,0.0,3300.0,3348.960949988582,4800.0,0.0
2030-12-26 04:00:00,0.0,0.0,3300.0,3348.960949988582,4800.0,0.0
2030-12-26 05:00:00,0.0,0.0,3300.0,3348.960949988582,4800.0,0.0
2030-12-26 06:00:00,0.0,0.0,3300.0,3348.960949988582,4800.0,0.0
2030-12-26 07:00:00,0.0,0.0,3300.0,3348.960949988582,4800.0,0.0
2030-12-26 08:00:00,0.0,0.0,3300.0,3348.960949988582,4800.0,0.0
2030-12-26 09:00:00,0.0,0.0,3300.0,3348.960949988582,4800.0,0.0
2030-12-26 10:00:00,0.0,0.0,3300.0,3348.960949988582,4800.0,0.0
2030-12-26 11:00:00,0.0,0.0,3300.0,3348.960949988582,4800.0,0.0
2030-12-26 12:00:00,0.0,0.0,3300.0,3348.960949988582,4800.0,0.0
2030-12-26 13:00:00,0.0,0.0,3300.0,3348.960949988582,4800.0,0.0
2030-12-26 14:00:00,0.0,0.0,3300.0,3348.960949988582,4800.0,0.0
2030-12-26 15:00:00,0.0,0.0,3300.0,3348.960949988582,4800.0,0.0
2030-12-26 16:00:00,0.0,0.0,3300.0,3348.960949988582,4800.0,0.0
2030-12-26 17:00:00,0.0,0.0,3300.0,3348.960949988582,4800.0,0.0
2030-12-26 18:00:00,0.0,0.0,3300.0,3348.960949988582,4800.0,0.0
2030-12-26 19:00:00,0.0,0.0,3300.0,3348.960949988582,4800.0,0.0
2030-12-26 20:00:00,0.0,0.0,3300.0,3348.960949988582,4800.0,0.0
2030-12-26 21:00:00,0.0,0.0,3300.0,3348.960949988582,4800.0,0.0
2030-12-26 22:00:00,0.0,0.0,3300.0,3348.960949988582,4800.0,0.0
2030-12-26 23:00:00,0.0,0.0,3300.0,3348.960949988582,4800.0,0.0
2030-12-27 00:00:00,0.0,0.0,3300.0,3348.960949988582,4800.0,0.0
2030-12-27 01:00:00,0.0,0.0,3300.0,3348.960949988582,4800.0,0.0
2030-12-27 02:00:00,0.0,0.0,3300.0,3348.960949988582,4800.0,0.0
2030-12-27 03:00:00,0.0,0.0,3300.0,3348.960949988582,4800.0,0.0
2030-12-27 04:00:00,0.0,0.0,3300.0,3348.960949988582,4800.0,0.0
2030-12-27 05:00:00,0.0,0.0,3300.0,3348.960949988582,4800.0,0.0
2030-12-27 06:00:00,0.0,0.0,3300.0,3348.960949988582,4800.0,0.0
2030-12-27 07:00:00,0.0,0.0,3300.0,3348.960949988582,4800.0,0.0
2030-12-27 08:00:00,0.0,0.0,3300.0,3348.960949988582,4800.0,0.0
2030-12-27 09:00:00,0.0,0.0,3300.0,3348.960949988582,4800.0,0.0
2030-12-27 10:00:00,0.0,0.0,3300.0,3348.960949988582,4800.0,0.0
2030-12-27 11:00:00,0.0,0.0,3300.0,3348.960949988582,4800.0,0.0
2030-12-27 12:00:00,0.0,0.0,3300.0,3348.960949988582,4800.0,0.0
2030-12-27 13:00:00,0.0,0.0,3300.0,3348.960949988582,4800.0,0.0
2030-12-27 14:00:00,0.0,0.0,3300.0,3348.960949988582,4800.0,0.0
2030-12-27 15:00:00,0.0,0.0,3300.0,3348.960949988582,4800.0,0.0
2030-12-27 16:00:00,0.0,0.0,3300.0,3348.960949988582,4800.0,0.0
2030-12-27 17:00:00,0.0,0.0,3300.0,3348.960949988582,4800.0,0.0
2030-12-27 18:00:00,0.0,0.0,3300.0,3348.960949988582,4800.0,0.0
2030-12-27 19:00:00,0.0,0.0,3300.0,3348.960949988582,4800.0,0.0
2030-12-27 20:00:00,0.0,0.0,3300.0,3348.960949988582,4800.0,0.0
2030-12-27 21:00:00,0.0,0.0,3300.0,3348.960949988582,4800.0,0.0
2030-12-27 22:00:00,0.0,0.0,3300.0,3348.960949988582,4800.0,0.0
2030-12-27 23:00:00,0.0,0.0,3300.0,3348.960949988582,4800.0,0.0
2030-12-28 00:00:00,0.0,0.0,3300.0,3348.960949988582,4800.0,0.0
2030-12-28 01:00:00,0.0,0.0,3300.0,3348.960949988582,4800.0,0.0
2030-12-28 02:00:00,0.0,0.0,3300.0,3348.960949988582,4800.0,0.0
2030-12-28 03:00:00,0.0,0.0,3300.0,3348.960949988582,4800.0,0.0
2030-12-28 04:00:00,0.0,0.0,3300.0,3348.960949988582,4800.0,0.0
2030-12-28 05:00:00,0.0,0.0,3300.0,3348.960949988582,4800.0,0.0
2030-12-28 06:00:00,0.0,0.0,3300.0,3348.960949988582,4800.0,0.0
2030-12-28 07:00:00,0.0,0.0,3300.0,3348.960949988582,4800.0,0.0
2030-12-28 08:00:00,0.0,0.0,3300.0,3348.960949988582,4800.0,0.0
2030-12-28 09:00:00,0.0,0.0,3300.0,3348.960949988582,4800.0,0.0
2030-12-28 10:00:00,0.0,0.0,3300.0,3348.960949988582,4800.0,0.0
2030-12-28 11:00:00,0.0,0.0,3300.0,3348.960949988582,4800.0,0.0
2030-12-28 12:00:00,0.0,0.0,3300.0,3348.960949988582,4800.0,0.0
2030-12-28 13:00:00,0.0,0.0,3300.0,3348.960949988582,4800.0,0.0
2030-12-28 14:00:00,0.0,0.0,3300.0,3348.960949988582,4800.0,0.0
2030-12-28 15:00:00,0.0,0.0,3300.0,3348.960949988582,4800.0,0.0
2030-12-28 16:00:00,0.0,0.0,3300.0,3348.960949988582,158.63705648777864,4800.0
2030-12-28 17:00:00,0.0,0.0,3300.0,3348.960949988582,0.0,4800.0
2030-12-28 18:00:00,0.0,0.0,3300.0,3348.960949988582,0.7712757971676183,4800.0
2030-12-28 19:00:00,0.0,0.0,3300.0,3348.960949988582,4800.0,2873.2807808458674
2030-12-28 20:00:00,0.0,0.0,3300.0,3348.960949988582,4800.0,0.0
2030-12-28 21:00:00,0.0,0.0,3300.0,3348.960949988582,4800.0,0.0
2030-12-28 22:00:00,0.0,0.0,3300.0,3348.960949988582,4800.0,0.0
2030-12-28 23:00:00,0.0,0.0,3300.0,3348.960949988582,4800.0,0.0
2030-12-29 00:00:00,0.0,0.0,3300.0,3348.960949988582,4800.0,0.0
2030-12-29 01:00:00,0.0,0.0,3300.0,3348.960949988582,4800.0,0.0
2030-12-29 02:00:00,0.0,0.0,3300.0,3348.960949988582,4800.0,0.0
2030-12-29 03:00:00,0.0,0.0,3300.0,3348.960949988582,4800.0,0.0
2030-12-29 04:00:00,0.0,0.0,3300.0,3348.960949988582,89.85439628094173,0.0
2030-12-29 05:00:00,0.0,0.0,3300.0,3348.960949988582,0.0,4800.0
2030-12-29 06:00:00,4303.585293445993,0.0,0.0,3348.960949988582,0.0,4800.0
2030-12-29 07:00:00,4303.585293445993,0.0,0.0,3348.960949988582,0.0,4800.0
2030-12-29 08:00:00,4303.585293445993,0.0,0.0,3348.960949988582,0.0,4800.0
2030-12-29 09:00:00,4303.585293445993,0.0,0.0,3348.960949988582,0.0,4800.0
2030-12-29 10:00:00,0.0,0.0,3300.0,3348.960949988582,0.0,4800.0
2030-12-29 11:00:00,0.0,0.0,3300.0,3348.960949988582,1284.3362445425191,4800.0
2030-12-29 12:00:00,0.0,0.0,3300.0,3348.960949988582,3569.475740547892,0.0
2030-12-29 13:00:00,0.0,0.0,3300.0,3348.960949988582,4800.0,0.0
2030-12-29 14:00:00,0.0,0.0,3300.0,3348.960949988582,4800.0,2039.1576015418977
2030-12-29 15:00:00,0.0,0.0,3300.0,3348.960949988582,4010.0459520572776,4800.0
2030-12-29 16:00:00,0.0,0.0,3300.0,3348.960949988582,4692.124550099019,4800.0
2030-12-29 17:00:00,0.0,0.0,3300.0,3348.960949988582,4800.0,0.0
2030-12-29 18:00:00,0.0,0.0,3300.0,3348.960949988582,4800.0,0.0
2030-12-29 19:00:00,0.0,0.0,3300.0,3348.960949988582,4800.0,0.0
2030-12-29 20:00:00,0.0,0.0,3300.0,3348.960949988582,4800.0,0.0
2030-12-29 21:00:00,0.0,0.0,3300.0,3348.960949988582,4800.0,0.0
2030-12-29 22:00:00,0.0,0.0,3300.0,3348.960949988582,4800.0,0.0
2030-12-29 23:00:00,0.0,0.0,3300.0,3348.960949988582,4800.0,0.0
2030-12-30 00:00:00,0.0,0.0,3300.0,3348.960949988582,4800.0,0.0
2030-12-30 01:00:00,0.0,0.0,3300.0,3348.960949988582,4800.0,0.0
2030-12-30 02:00:00,0.0,0.0,3300.0,3348.960949988582,4800.0,0.0
2030-12-30 03:00:00,0.0,0.0,3300.0,3348.960949988582,4800.0,0.0
2030-12-30 04:00:00,0.0,0.0,3300.0,3348.960949988582,4800.0,0.0
2030-12-30 05:00:00,0.0,0.0,3300.0,3348.960949988582,4800.0,0.0
2030-12-30 06:00:00,0.0,0.0,3300.0,3348.960949988582,4800.0,0.0
2030-12-30 07:00:00,0.0,0.0,3300.0,3348.960949988582,4800.0,0.0
2030-12-30 08:00:00,0.0,0.0,3300.0,3348.960949988582,4800.0,0.0
2030-12-30 09:00:00,0.0,0.0,3300.0,3348.960949988582,4800.0,0.0
2030-12-30 10:00:00,0.0,0.0,3300.0,3348.960949988582,4800.0,0.0
2030-12-30 11:00:00,0.0,0.0,3300.0,3348.960949988582,4800.0,0.0
2030-12-30 12:00:00,0.0,0.0,3300.0,3348.960949988582,4800.0,0.0
2030-12-30 13:00:00,0.0,0.0,3300.0,3348.960949988582,4800.0,0.0
2030-12-30 14:00:00,0.0,0.0,3300.0,3348.960949988582,4800.0,0.0
2030-12-30 15:00:00,0.0,0.0,3300.0,3348.960949988582,4800.0,0.0
2030-12-30 16:00:00,0.0,0.0,3300.0,3348.960949988582,4800.0,0.0
2030-12-30 17:00:00,0.0,0.0,3300.0,3348.960949988582,4800.0,0.0
2030-12-30 18:00:00,0.0,0.0,3300.0,3348.960949988582,4800.0,0.0
2030-12-30 19:00:00,0.0,0.0,3300.0,3348.960949988582,4800.0,0.0
2030-12-30 20:00:00,0.0,0.0,3300.0,3348.960949988582,4800.0,0.0
2030-12-30 21:00:00,0.0,0.0,3300.0,3348.960949988582,4800.0,0.0
2030-12-30 22:00:00,0.0,0.0,3300.0,3348.960949988582,4800.0,0.0
2030-12-30 23:00:00,0.0,0.0,3300.0,3348.960949988582,4800.0,0.0
2030-12-31 00:00:00,0.0,0.0,3300.0,3348.960949988582,4800.0,0.0
2030-12-31 01:00:00,0.0,0.0,3300.0,3348.960949988582,4800.0,0.0
2030-12-31 02:00:00,0.0,0.0,3300.0,3348.960949988582,4800.0,0.0
2030-12-31 03:00:00,0.0,0.0,3300.0,3348.960949988582,4800.0,0.0
2030-12-31 04:00:00,0.0,0.0,3300.0,3348.960949988582,4800.0,0.0
2030-12-31 05:00:00,0.0,0.0,3300.0,3348.960949988582,4800.0,0.0
2030-12-31 06:00:00,0.0,0.0,3300.0,3348.960949988582,4800.0,0.0
2030-12-31 07:00:00,0.0,0.0,3300.0,3348.960949988582,4800.0,0.0
2030-12-31 08:00:00,0.0,0.0,3300.0,3348.960949988582,4800.0,0.0
2030-12-31 09:00:00,0.0,0.0,3300.0,3348.960949988582,4800.0,0.0
2030-12-31 10:00:00,0.0,0.0,3300.0,3348.960949988582,4800.0,0.0
2030-12-31 11:00:00,0.0,0.0,3300.0,3348.960949988582,4800.0,0.0
2030-12-31 12:00:00,0.0,0.0,3300.0,3348.960949988582,4800.0,0.0
2030-12-31 13:00:00,0.0,0.0,3300.0,3348.960949988582,4800.0,0.0
2030-12-31 14:00:00,0.0,0.0,3300.0,3348.960949988582,4800.0,0.0
2030-12-31 15:00:00,0.0,0.0,3300.0,3348.960949988582,4800.0,0.0
2030-12-31 16:00:00,0.0,0.0,3300.0,3348.960949988582,4800.0,0.0
2030-12-31 17:00:00,0.0,0.0,3300.0,3348.960949988582,4800.0,0.0
2030-12-31 18:00:00,0.0,0.0,3300.0,3348.960949988582,4800.0,0.0
2030-12-31 19:00:00,0.0,0.0,3300.0,3348.960949988582,4800.0,0.0
2030-12-31 20:00:00,0.0,0.0,3300.0,3348.960949988582,4800.0,0.0
2030-12-31 21:00:00,0.0,0.0,3300.0,3348.960949988582,4800.0,0.0
2030-12-31 22:00:00,0.0,0.0,3300.0,3348.960949988582,4800.0,0.0
2030-12-31 23:00:00,0.0,0.0,3300.0,3348.960949988582,4800.0,0.0
