snapshot,DE,FR,CH
2030-01-01 00:00:00,0.00021789137372529743,12.527282640449812,12.527498017856487
2030-01-01 01:00:00,7.413934822269469e-05,12.52728118050527,12.527534296330487
2030-01-01 02:00:00,4.576254178525331e-05,12.527279884865493,12.527550162813895
2030-01-01 03:00:00,2.5166619341521498e-05,12.527276422957584,12.527461034331282
2030-01-01 04:00:00,1.4648494470748119e-05,12.527272867425676,12.527326147225097
2030-01-01 05:00:00,1.2829572921771313e-05,12.527272246830762,12.527208285511733
2030-01-01 06:00:00,1.0957658560073469e-05,12.527272460421045,12.527200257562754
2030-01-01 07:00:00,1.0601245162360728e-05,12.527273367933958,12.527215032839194
2030-01-01 08:00:00,8.25118933851809e-06,12.527274039064816,12.52722655183932
2030-01-01 09:00:00,7.556634454041025e-06,12.527274312154077,12.527199230536985
2030-01-01 10:00:00,1.2707946508705921e-05,12.527275167226435,12.527170978768916
2030-01-01 11:00:00,9.193129402467462e-06,12.527274995157313,12.527134840726161
2030-01-01 12:00:00,8.218088754201388e-06,12.527273007861758,12.527095220348286
2030-01-01 13:00:00,8.928398513192318e-06,12.527271602809378,12.527093187803366
2030-01-01 14:00:00,1.0540632898415673e-05,12.5272712576716,12.527134164499728
2030-01-01 15:00:00,1.3074174796259387e-05,12.527272324607111,12.527205926203255
2030-01-01 16:00:00,1.567243907629745e-05,12.527275601739069,12.5272600358512
2030-01-01 17:00:00,1.7801346602596987e-05,12.52727702012271,12.52726734397038
2030-01-01 18:00:00,1.7463818039686885e-05,12.527276719007205,12.527289782682871
2030-01-01 19:00:00,1.3583985305071453e-05,12.527276062234705,12.527296346235744
2030-01-01 20:00:00,7.78476351115387e-06,12.527275265761023,12.527311461443844
2030-01-01 21:00:00,6.934716512027483e-06,12.527276789300231,12.527344735883162
2030-01-01 22:00:00,5.420576980657644e-06,12.527278209332508,12.527407249365751
2030-01-01 23:00:00,4.154691791763768e-06,12.527280284441986,12.527432547137323
2030-01-02 00:00:00,4.182085194265962e-06,12.527281930198294,12.527547774785745
2030-01-02 01:00:00,4.110833308220313e-06,12.52728078691598,12.527570602093874
2030-01-02 02:00:00,4.792094823687338e-06,12.52728034966367,12.52757894381375
2030-01-02 03:00:00,5.438982513809401e-06,12.527277608500299,12.52743812139397
2030-01-02 04:00:00,6.2260769482236356e-06,12.5272737330153,12.527296560611774
2030-01-02 05:00:00,1.4833813344726345e-05,12.52727577719179,12.52718236230703
2030-01-02 06:00:00,4.4050701035303064e-05,12.527278654702059,12.52718578295
2030-01-02 07:00:00,0.00012027400468017033,12.527281229008622,12.527221243626627
2030-01-02 08:00:00,0.00042386092509364467,12.52728352324724,12.52724577820382
2030-01-02 09:00:00,9.481937930856878,12.527282752866995,12.527234858838748
2030-01-02 10:00:00,12.527279412788564,12.527286178666145,12.527419701336004
2030-01-02 11:00:00,12.52723158797364,12.527283159283797,12.527390606178125
2030-01-02 12:00:00,12.52612862350841,12.527278686771805,12.527281086270833
2030-01-02 13:00:00,12.525924939916935,12.527278757155727,12.527276842515708
2030-01-02 14:00:00,12.526325796802361,12.527279080672088,12.527291107322307
2030-01-02 15:00:00,12.527296585012191,12.527287708786389,12.527450535071946
2030-01-02 16:00:00,12.527347802266377,12.527329457302935,12.52753089736521
2030-01-02 17:00:00,12.527162253556204,12.527324603140187,12.52747087105854
2030-01-02 18:00:00,0.00102096110185812,12.527303712818139,12.5273886011053
2030-01-02 19:00:00,0.00015334110362522532,12.527292068246425,12.527379242144889
2030-01-02 20:00:00,8.877496475179214e-05,12.527287285517797,12.527384342639152
2030-01-02 21:00:00,5.724546972370121e-05,12.527291020170196,12.527431778169557
2030-01-02 22:00:00,3.421289382557286e-05,12.52729131828346,12.527497093445163
2030-01-02 23:00:00,2.3126631455222924e-05,12.527289047032355,12.527513431555235
2030-01-03 00:00:00,1.6128976576447295e-05,12.527295009463813,12.55483077165924
2030-01-03 01:00:00,1.4806209579763388e-05,12.527290625303067,16.54076071166037
2030-01-03 02:00:00,1.4485983029960018e-05,12.52729006264417,16.546132787275383
2030-01-03 03:00:00,1.3787603118147511e-05,12.527283541614452,16.54998567774419
2030-01-03 04:00:00,1.6390079508710187e-05,12.527278756830299,16.550618507029185
2030-01-03 05:00:00,2.0708581921450238e-05,12.527282130780804,16.55066200406054
2030-01-03 06:00:00,2.5602730602258816e-05,12.527287596314636,16.550455901466407
2030-01-03 07:00:00,2.5957222017369688e-05,12.527291007176245,16.549548169796253
2030-01-03 08:00:00,2.161125382590743e-05,12.527287067052685,12.528041347783429
2030-01-03 09:00:00,1.507102470476133e-05,12.527282070213005,12.527553306125531
2030-01-03 10:00:00,1.1882719330060199e-05,12.52727974168647,12.527403340807172
2030-01-03 11:00:00,9.780988148622509e-06,12.527278302440209,12.527325257647544
2030-01-03 12:00:00,1.0161371188109947e-05,12.527277982623778,12.527323972952018
2030-01-03 13:00:00,1.1531630665518388e-05,12.527277870755825,12.527366176160243
2030-01-03 14:00:00,1.2878458468717264e-05,12.527277788026367,12.527529467050103
2030-01-03 15:00:00,1.4147796134362915e-05,12.527279413891847,12.527805498226057
2030-01-03 16:00:00,1.6591749044891912e-05,12.527284153008887,12.528664007439488
2030-01-03 17:00:00,1.7921940329351558e-05,12.527288161383694,12.537999688755008
2030-01-03 18:00:00,1.7551392375025898e-05,12.527287942295516,14.79789130048836
2030-01-03 19:00:00,1.2472185657490417e-05,12.527283870612337,12.531894418232696
2030-01-03 20:00:00,8.67803373694187e-06,12.527282262258309,12.529033013213521
2030-01-03 21:00:00,7.792333111678987e-06,12.527286808403915,12.528768658826266
2030-01-03 22:00:00,6.471285189402852e-06,12.527287453344798,12.529088350851453
2030-01-03 23:00:00,5.441261306669288e-06,12.527285350296552,12.528924100875884
2030-01-04 00:00:00,5.0117740014089255e-06,12.527288730949621,16.54574916048206
2030-01-04 01:00:00,4.931320989743883e-06,12.527284917357065,16.549660047937323
2030-01-04 02:00:00,4.908709329624278e-06,12.527283851319226,16.549892325816472
2030-01-04 03:00:00,5.325534816950272e-06,12.527279940420158,16.551450796244353
2030-01-04 04:00:00,7.53481981519144e-06,12.527276458159642,16.551834421368582
2030-01-04 05:00:00,9.411029559803556e-06,12.527279381405606,16.55188445413114
2030-01-04 06:00:00,1.2230817446834408e-05,12.52728507151187,16.55178447507687
2030-01-04 07:00:00,1.5096125131972984e-05,12.527290524241835,16.551450330854095
2030-01-04 08:00:00,1.573639960107288e-05,12.527291619208196,16.549333479691384
2030-01-04 09:00:00,1.2706308371073634e-05,12.52728344110983,12.529397124920202
2030-01-04 10:00:00,1.0293091961095866e-05,12.52728050843234,12.528468947450826
2030-01-04 11:00:00,7.658841931323446e-06,12.527277290519123,12.528365122289978
2030-01-04 12:00:00,6.946482517861918e-06,12.527275449366469,12.528419337785607
2030-01-04 13:00:00,7.774145457929046e-06,12.527275914279016,12.528470178409998
2030-01-04 14:00:00,1.0772695616759598e-05,12.527277482570753,12.528656985488231
2030-01-04 15:00:00,1.7180855559649834e-05,12.5272814451655,12.529168633666147
2030-01-04 16:00:00,2.2373022147803567e-05,12.527290898036572,12.537759480847129
2030-01-04 17:00:00,2.3439766427703912e-05,12.52729463243304,59.98360871274508
2030-01-04 18:00:00,1.998039078898728e-05,12.527290008427372,59.98636226744581
2030-01-04 19:00:00,1.4668243878307012e-05,12.52728395118902,59.98539620991505
2030-01-04 20:00:00,1.1017064025509171e-05,12.527280634556226,50.790050848574154
2030-01-04 21:00:00,9.205074187257151e-06,12.527282466156976,50.76972593978189
2030-01-04 22:00:00,8.188896286747108e-06,12.527282981169265,50.77020147951953
2030-01-04 23:00:00,6.957536233052719e-06,12.527281767434943,50.76964215873704
2030-01-05 00:00:00,5.678497563193235e-06,12.527283696685021,59.991877662960675
2030-01-05 01:00:00,5.489376489052274e-06,12.527282036818178,59.992559101390725
2030-01-05 02:00:00,5.7274575588431055e-06,12.527281167373076,59.99287012507739
2030-01-05 03:00:00,5.61409109223523e-06,12.527277754460556,59.9932456042452
2030-01-05 04:00:00,5.534485353564378e-06,12.527274116875672,59.9934913801537
2030-01-05 05:00:00,8.455708462663104e-06,12.527276118082227,59.99358138145726
2030-01-05 06:00:00,1.1940924196096603e-05,12.527278455279884,59.99357241267148
2030-01-05 07:00:00,1.3822231623292282e-05,12.52728012436637,59.99348050249682
2030-01-05 08:00:00,1.5562033327021912e-05,12.527280236257731,59.99330059298576
2030-01-05 09:00:00,1.635428878032783e-05,12.527279571530926,59.99123318481868
2030-01-05 10:00:00,1.8024494475941135e-05,12.527279125012683,45.41523573808498
2030-01-05 11:00:00,1.680595368373346e-05,12.527278965417281,45.41050367855521
2030-01-05 12:00:00,1.5298718052922272e-05,12.52727799951051,45.41020977184395
2030-01-05 13:00:00,1.51816483529415e-05,12.527277281171337,45.410102029735114
2030-01-05 14:00:00,1.7699130581136603e-05,12.527276510481897,45.41011023799933
2030-01-05 15:00:00,2.4375073257011883e-05,12.527277179976409,45.410631019830795
2030-01-05 16:00:00,3.0770643206778914e-05,12.527280576783568,45.425799858001184
2030-01-05 17:00:00,3.142533170448848e-05,12.527282142904369,59.99352442716827
2030-01-05 18:00:00,2.464393764967099e-05,12.527281067897093,59.994050293316974
2030-01-05 19:00:00,1.7409442957706128e-05,12.527278394458335,59.99359252191425
2030-01-05 20:00:00,1.3271042917040177e-05,12.527277183488598,59.990361925553
2030-01-05 21:00:00,1.0879995350700912e-05,12.527279252624794,59.94828337961826
2030-01-05 22:00:00,8.964959425934723e-06,12.527280739989692,59.99105332318413
2030-01-05 23:00:00,7.465869829104512e-06,12.527276273683128,59.976381437411874
2030-01-06 00:00:00,6.049281457807247e-06,12.5272763748349,59.994358894345794
2030-01-06 01:00:00,5.86641682424253e-06,12.527275500988253,59.99442567909955
2030-01-06 02:00:00,5.825955124905862e-06,12.527275133784315,59.994412349969934
2030-01-06 03:00:00,5.693233462191946e-06,12.527273323083136,59.99407433306715
2030-01-06 04:00:00,5.35705839865841e-06,12.527270914956382,59.990425158166744
2030-01-06 05:00:00,6.282847801300184e-06,12.527272517321762,45.41313841102237
2030-01-06 06:00:00,7.84057192504406e-06,12.52727465733551,45.41159361868475
2030-01-06 07:00:00,1.1569445570192088e-05,12.527277401498395,45.41208895882937
2030-01-06 08:00:00,1.575300670761951e-05,12.527279717612572,45.41097413205239
2030-01-06 09:00:00,1.6785211787259513e-05,12.52727834768939,45.41037842500358
2030-01-06 10:00:00,2.6911660999847854e-05,12.527277407706606,45.41025793725112
2030-01-06 11:00:00,1.3762723368996357e-05,12.527275646387352,45.410137176716425
2030-01-06 12:00:00,1.416725809437516e-05,12.527274883316593,45.41020929845709
2030-01-06 13:00:00,1.6801008882629608e-05,12.527275522208583,45.410440105087304
2030-01-06 14:00:00,2.3161423319697168e-05,12.527277227085506,45.41080526658631
2030-01-06 15:00:00,7.507188206478926e-05,12.527281383369882,45.41193660459141
2030-01-06 16:00:00,0.00020564033002301585,12.52729830136729,59.995211158976275
2030-01-06 17:00:00,9.467242255135412,12.527314648742504,59.99824498863836
2030-01-06 18:00:00,9.486451017833133,12.527313899316141,59.998716658968306
2030-01-06 19:00:00,0.00047295123377691226,12.5272980531563,59.99874283217105
2030-01-06 20:00:00,0.00012084370700904401,12.527289676976036,59.99864161327599
2030-01-06 21:00:00,4.590553672268482e-05,12.527293533281409,59.998828376345955
2030-01-06 22:00:00,1.532077757470092e-05,12.527290239535432,59.99905105565995
2030-01-06 23:00:00,9.823001528980607e-06,12.527289459169879,59.99903819739302
2030-01-07 00:00:00,7.815115349419644e-06,12.527290166507667,59.99927469343301
2030-01-07 01:00:00,6.881208256569489e-06,12.527285895791465,59.99939234294288
2030-01-07 02:00:00,6.219771269448247e-06,12.527283781891128,59.99943816441737
2030-01-07 03:00:00,5.596597455477587e-06,12.527279539623123,59.999526142447394
2030-01-07 04:00:00,3.8698844946338795e-06,12.527275720652884,59.999552431842716
2030-01-07 05:00:00,5.352248433853284e-06,12.527275425609332,59.99918478269319
2030-01-07 06:00:00,7.673758773307782e-06,12.527275396162622,45.470622246287334
2030-01-07 07:00:00,7.18039978319547e-06,12.527275630997792,45.415134914892406
2030-01-07 08:00:00,7.416085212947807e-06,12.5272755975044,45.41442434336602
2030-01-07 09:00:00,7.91906789683538e-06,12.52727550886084,45.41414596943925
2030-01-07 10:00:00,8.40942791599991e-06,12.527275858030407,45.41410115022098
2030-01-07 11:00:00,7.216294387696068e-06,12.527276484333015,45.41410531483626
2030-01-07 12:00:00,6.305782927341134e-06,12.527275188881376,45.414155767353805
2030-01-07 13:00:00,6.172819384779341e-06,12.5272745029215,45.414236057196035
2030-01-07 14:00:00,6.627456167526009e-06,12.527274652419692,45.414362669819944
2030-01-07 15:00:00,8.041061171674588e-06,12.527276330670247,45.41469497802202
2030-01-07 16:00:00,9.653511369833723e-06,12.527280519861238,45.41590092986324
2030-01-07 17:00:00,1.111483960408187e-05,12.527283611044368,59.99952476696217
2030-01-07 18:00:00,1.0526956430112477e-05,12.527286135973554,70.86673096967439
2030-01-07 19:00:00,9.452422582589481e-06,12.52728580880921,60.00274227927548
2030-01-07 20:00:00,8.067608177952934e-06,12.52728428082091,59.99997609587588
2030-01-07 21:00:00,8.78927878296284e-06,12.527288359018712,59.99947979794251
2030-01-07 22:00:00,7.537761249275041e-06,12.527290063533655,60.00139402726927
2030-01-07 23:00:00,6.888555990733275e-06,12.527300758095407,60.00127355758832
2030-01-08 00:00:00,8.015900018657707e-06,12.527316709475485,135.08110073901761
2030-01-08 01:00:00,8.109077120405178e-06,12.527303197041874,135.08284889056813
2030-01-08 02:00:00,8.426961261562508e-06,12.527300767096676,135.083399894761
2030-01-08 03:00:00,9.902212380007604e-06,12.527289698028653,135.08394178184972
2030-01-08 04:00:00,1.4219228432921227e-05,12.527283489058453,135.08424144217676
2030-01-08 05:00:00,3.221533494200776e-05,12.527294656812956,135.08433002798756
2030-01-08 06:00:00,7.865557927289046e-05,12.52733271697889,135.08429160399953
2030-01-08 07:00:00,0.0002330472156606298,12.527480751921757,135.08409038634
2030-01-08 08:00:00,0.0003714244183984062,12.527509058254378,135.083095703145
2030-01-08 09:00:00,0.0003957259399201861,12.52734479216906,102.2482514254777
2030-01-08 10:00:00,0.0005728115034618,12.527317412676894,102.24604033439978
2030-01-08 11:00:00,0.0004053349869408729,12.527294891400743,102.2458241854637
2030-01-08 12:00:00,0.0003888724349791644,12.52729155837472,102.2458064233144
2030-01-08 13:00:00,0.0004555071313371054,12.527292074172692,102.2458932336298
2030-01-08 14:00:00,0.0007506234692156716,12.527299382173624,102.24608111618318
2030-01-08 15:00:00,12.529517501806417,12.529408176882498,102.24655214767685
2030-01-08 16:00:00,59.99998486327422,60.000080302019626,102.25361546770276
2030-01-08 17:00:00,60.00026257313646,60.002012886254306,135.0856191039693
2030-01-08 18:00:00,60.004129386937166,60.00419055256043,135.0864269066312
2030-01-08 19:00:00,60.001356096883754,60.00134765461553,135.08618355926137
2030-01-08 20:00:00,60.00366237171056,60.00354937633626,135.08466409213514
2030-01-08 21:00:00,60.00474619677176,60.00461553216792,135.07946812424325
2030-01-08 22:00:00,60.004598124301474,60.004584005965626,135.0843849097464
2030-01-08 23:00:00,60.004763806182034,60.00463954544557,135.07958845528537
2030-01-09 00:00:00,60.00481362094177,60.00469320523544,135.08621951469758
2030-01-09 01:00:00,60.004765936346104,60.0046539246041,135.08704732539263
2030-01-09 02:00:00,135.08758077337413,60.00468951355833,135.08797249871168
2030-01-09 03:00:00,135.088495036571,60.00460708618721,135.08857528703447
2030-01-09 04:00:00,135.08898684616452,59.99741586117912,135.0890021139612
2030-01-09 05:00:00,135.08901394658852,60.00463970647343,135.08901300926846
2030-01-09 06:00:00,135.08903111521522,60.005151627814485,135.08901164529544
2030-01-09 07:00:00,135.08904152253922,60.00824808125162,135.0890092082509
2030-01-09 08:00:00,135.08902866954662,60.006843177334574,135.08897228202358
2030-01-09 09:00:00,135.08900802983325,60.00468231675677,135.08887481376985
2030-01-09 10:00:00,135.08900888828848,60.00461699261541,135.08876568531326
2030-01-09 11:00:00,135.0889695589427,60.00414549893321,135.08864987997254
2030-01-09 12:00:00,135.0879826415398,60.0000461550122,135.08805833577955
2030-01-09 13:00:00,60.000216679981996,50.78894923685584,102.2484957128921
2030-01-09 14:00:00,60.0000531023056,50.78815538898107,102.24852664459988
2030-01-09 15:00:00,60.00004573717191,59.99997274715133,102.24871976306238
2030-01-09 16:00:00,60.000074252960985,60.000336079232596,102.24987682294656
2030-01-09 17:00:00,59.99998011529569,60.00448527968274,135.0832023517669
2030-01-09 18:00:00,15.037809763622136,60.00208988670147,135.08490767374977
2030-01-09 19:00:00,0.0006299327654441412,45.41958818706735,135.0814850310635
2030-01-09 20:00:00,6.52896378596779e-05,45.41823249101194,114.32109856337595
2030-01-09 21:00:00,2.8301754565731328e-05,60.0000862452689,114.31971643686666
2030-01-09 22:00:00,1.552520982294678e-05,60.003688297719236,114.3204489800437
2030-01-09 23:00:00,1.143359499522195e-05,60.00074549114743,114.32022605266138
2030-01-10 00:00:00,1.1508825260270647e-05,60.00462739606066,135.08617680066712
2030-01-10 01:00:00,1.2039197764540271e-05,60.00454901170178,135.08723721493698
2030-01-10 02:00:00,1.686473873531357e-05,60.00453171281879,135.08742480824458
2030-01-10 03:00:00,2.865484267009239e-05,50.78766394441482,135.08798897996166
2030-01-10 04:00:00,0.00011473935319372686,12.527478900105017,135.0882251682037
2030-01-10 05:00:00,11.382599061319135,59.999657148479855,135.08821907993388
2030-01-10 06:00:00,15.038546333311388,60.00465494853597,135.08804625134695
2030-01-10 07:00:00,60.000024608346756,60.00473609308028,135.08755685019605
2030-01-10 08:00:00,60.000569586925735,60.004691009961284,135.08094367957628
2030-01-10 09:00:00,60.000207297889524,60.00454439434907,102.24910994932652
2030-01-10 10:00:00,70.89347979907471,60.004711691516604,102.24865392508671
2030-01-10 11:00:00,60.00492659650421,60.004644809076126,102.24855352498267
2030-01-10 12:00:00,135.05751520313245,60.004632491669405,135.05764562469932
2030-01-10 13:00:00,135.0886102594761,60.004589190733896,135.08852480315707
2030-01-10 14:00:00,135.08897917037197,60.004578655410114,135.08875337333748
2030-01-10 15:00:00,135.08900429215572,60.004660660601076,135.0888574250588
2030-01-10 16:00:00,135.0890067361306,60.00907057477693,135.08894928948715
2030-01-10 17:00:00,135.0890018230087,135.08855991698238,135.08900412095227
2030-01-10 18:00:00,135.08897067842736,135.08718668035908,135.08898314895066
2030-01-10 19:00:00,135.08787121815487,60.00554168647068,135.08826499136103
2030-01-10 20:00:00,60.00464395041308,60.004651491141296,114.34297105040415
2030-01-10 21:00:00,60.00415846546976,60.00465243826966,114.33974561767172
2030-01-10 22:00:00,60.000019617166,60.004681064169745,114.34143749849954
2030-01-10 23:00:00,59.99903858614959,60.00466346434496,114.33994473907387
2030-01-11 00:00:00,15.038353989511645,60.00476321771707,135.08620628286158
2030-01-11 01:00:00,11.383130814704273,60.004686487193794,135.08718760440297
2030-01-11 02:00:00,11.382630544559493,60.004675441392465,135.08735682891256
2030-01-11 03:00:00,11.382581096711434,60.00447137322681,135.0879393911764
2030-01-11 04:00:00,11.38270389657373,45.420384611458644,135.0882240898526
2030-01-11 05:00:00,15.038328946348848,60.00454666013866,135.08820557111994
2030-01-11 06:00:00,15.038524731671714,60.004769892038894,135.0879721471914
2030-01-11 07:00:00,15.038665599234474,60.007024731687125,135.08727377722607
2030-01-11 08:00:00,15.038460235081743,60.004916400685424,102.24889191464032
2030-01-11 09:00:00,15.038122648236861,60.0045832759497,102.2485258458132
2030-01-11 10:00:00,12.528453777062493,45.42100321183443,102.2477364594222
2030-01-11 11:00:00,12.526917688395232,45.415302807359694,45.41619767148711
2030-01-11 12:00:00,12.527246950958066,12.527755932278211,12.528655267092432
2030-01-11 13:00:00,12.527872745861298,12.527963177582023,12.529002670828318
2030-01-11 14:00:00,45.41808132469024,45.41814390061336,58.17888954498934
2030-01-11 15:00:00,60.00454667062164,60.00458412783519,102.24849170835165
2030-01-11 16:00:00,135.08794402101012,135.08794994684263,135.08834615010795
2030-01-11 17:00:00,135.08850371962674,135.0886428656122,135.08873573231813
2030-01-11 18:00:00,79.27736856600404,79.27822545421077,135.0873708171781
2030-01-11 19:00:00,60.00004123806321,60.00548492388407,135.08329801667423
2030-01-11 20:00:00,59.99992978338378,60.004898470592885,114.33768074814228
2030-01-11 21:00:00,15.038589312279385,60.005764494092546,114.33673974958947
2030-01-11 22:00:00,15.038232648053425,60.01805242882983,114.33815647324809
2030-01-11 23:00:00,11.38247989756871,60.007350404306635,114.33753772082036
2030-01-12 00:00:00,0.0001408138778589596,135.0873685010224,135.08826734182912
2030-01-12 01:00:00,5.6904873520504955e-05,79.27759720563608,135.0880806728128
2030-01-12 02:00:00,3.95982959609071e-05,79.27729154579538,135.0881225696694
2030-01-12 03:00:00,3.3592460472733734e-05,60.004985576986655,135.0883268570351
2030-01-12 04:00:00,3.768766327993944e-05,60.0046365776292,135.08844974251465
2030-01-12 05:00:00,6.878936801222625e-05,60.005054573519374,135.0884379641393
2030-01-12 06:00:00,0.0001449637347832322,135.08336984653397,135.08834335190298
2030-01-12 07:00:00,0.00017383525917902598,135.08845897757783,135.08861161646473
2030-01-12 08:00:00,0.00011654184362519755,79.27809085234114,102.24937216569619
2030-01-12 09:00:00,4.648124212548985e-05,60.004681941683884,102.24863700869842
2030-01-12 10:00:00,4.73361604242987e-05,60.00423663071615,102.24489421754721
2030-01-12 11:00:00,2.565396284705339e-05,45.41788655309756,45.418249436593065
2030-01-12 12:00:00,1.9941427284335075e-05,12.527539494294505,12.527883162392328
2030-01-12 13:00:00,2.015062283326412e-05,12.527356449837498,12.527904312071698
2030-01-12 14:00:00,2.291729307899399e-05,12.527374770818824,59.994382911901674
2030-01-12 15:00:00,2.4706163669503816e-05,45.41778346319825,102.24856590235964
2030-01-12 16:00:00,3.07747914121137e-05,60.004644462854706,102.25218869704833
2030-01-12 17:00:00,3.170019667428658e-05,60.00472108037684,135.08734324103898
2030-01-12 18:00:00,2.6838687517738435e-05,60.00469565463027,135.08810091652066
2030-01-12 19:00:00,1.9991964811064343e-05,60.00462597357182,135.08730788465982
2030-01-12 20:00:00,1.6072198377514724e-05,60.004584774973914,135.08472280809147
2030-01-12 21:00:00,1.441632456842632e-05,60.004687336429015,135.07877473536428
2030-01-12 22:00:00,1.298042606480394e-05,60.00494481911301,135.08583588526471
2030-01-12 23:00:00,1.0314003862138707e-05,60.00463974301147,135.0834443227668
2030-01-13 00:00:00,8.360622558590296e-06,60.0046650458039,135.08762848519441
2030-01-13 01:00:00,7.974294372507458e-06,60.00460877428395,135.08767989435273
2030-01-13 02:00:00,8.128733048561652e-06,60.00447779593742,135.08738118714246
2030-01-13 03:00:00,8.381314138273269e-06,59.99966220013903,135.0843320490385
2030-01-13 04:00:00,8.063472705543973e-06,12.52834776251574,102.2520186901832
2030-01-13 05:00:00,1.0239842156741807e-05,45.414245253341505,102.24924699516578
2030-01-13 06:00:00,1.2442485058272723e-05,45.41835698959676,102.24910517476866
2030-01-13 07:00:00,1.5707066108408018e-05,60.00013709418454,102.24913779615326
2030-01-13 08:00:00,1.5739596267666514e-05,60.0003102079175,102.24903058645683
2030-01-13 09:00:00,1.1235556869494151e-05,59.99873044713149,102.24881989544386
2030-01-13 10:00:00,1.0178287477977096e-05,34.377404455678516,102.2487222638733
2030-01-13 11:00:00,7.675701926431911e-06,34.37683528257003,102.2486134954925
2030-01-13 12:00:00,5.964915495383877e-06,12.527383386334273,102.24854633641468
2030-01-13 13:00:00,6.3968808067830055e-06,12.527329103783813,102.24851910655103
2030-01-13 14:00:00,8.36376231349359e-06,12.527322888851813,102.2486425727573
2030-01-13 15:00:00,1.4577397179917957e-05,12.527361117825421,102.2488244273776
2030-01-13 16:00:00,2.756580124696484e-05,45.417686519471914,102.25000206100323
2030-01-13 17:00:00,3.958639181989149e-05,45.418889483214116,135.0871429722165
2030-01-13 18:00:00,3.753099827008555e-05,45.41820599075345,135.0881707484143
2030-01-13 19:00:00,2.734152885508674e-05,34.3773553262954,135.08715112691425
2030-01-13 20:00:00,2.1588406525552273e-05,12.527592272769223,135.08189220826583
2030-01-13 21:00:00,1.835190753214461e-05,45.41713756781246,135.08421673145676
2030-01-13 22:00:00,1.4137797383733674e-05,45.418320058880454,135.08690484837734
2030-01-13 23:00:00,1.1326901881295522e-05,45.418227956493865,135.0856260298151
2030-01-14 00:00:00,1.0710550499944123e-05,45.41915987347177,135.08877050231487
2030-01-14 01:00:00,1.098784476780045e-05,45.4181119823852,135.08879423564395
2030-01-14 02:00:00,1.1991325535946143e-05,45.417506580944064,135.08880309419783
2030-01-14 03:00:00,1.3704081198797902e-05,12.527428646392764,135.088838057658
2030-01-14 04:00:00,1.620173134142533e-05,12.527312230867924,135.0888395006857
2030-01-14 05:00:00,2.6543606612563867e-05,12.527323367003191,135.0887111144184
2030-01-14 06:00:00,6.195355126692448e-05,12.527354856373677,135.08823211146594
2030-01-14 07:00:00,0.00069951113863427,12.52838074981537,135.08684784299476
2030-01-14 08:00:00,0.0035750226408833253,16.550301302757394,102.24921348957679
2030-01-14 09:00:00,0.0016443380350775535,12.527359798171346,102.24885333418155
2030-01-14 10:00:00,11.382625222423234,12.527305598827297,102.23421586053186
2030-01-14 11:00:00,11.381945463624062,12.527297733830892,12.527837653411094
2030-01-14 12:00:00,9.634581304625078,12.527287302503895,12.527456608576472
2030-01-14 13:00:00,11.382449564799728,12.527284395466268,12.52753748223321
2030-01-14 14:00:00,12.527429283970719,12.52729890561659,12.530007432589722
2030-01-14 15:00:00,60.00012802894419,12.534904190095403,102.2488567380728
2030-01-14 16:00:00,135.08864531244853,60.00469455922697,135.08886089782206
2030-01-14 17:00:00,135.0888718914281,135.02818787867272,135.08901412541672
2030-01-14 18:00:00,135.08893076233835,135.0283343085821,135.08904961357
2030-01-14 19:00:00,135.0889352207419,102.20360994453858,135.08904868728587
2030-01-14 20:00:00,135.08896708433167,102.20308183546075,135.08905801378026
2030-01-14 21:00:00,135.08899070870618,135.06521330217402,135.0890636782906
2030-01-14 22:00:00,135.0889920592742,135.08811124080967,135.08907198656198
2030-01-14 23:00:00,135.0890016129872,135.08887411446904,135.08908714518566
2030-01-15 00:00:00,135.0890186522538,135.08898629983838,135.08911343428883
2030-01-15 01:00:00,135.0890223564814,135.0889719438219,135.0891143486424
2030-01-15 02:00:00,135.08902818755428,135.0889699702766,135.08911688512944
2030-01-15 03:00:00,135.08904201568643,135.08883631213757,135.0891158125096
2030-01-15 04:00:00,135.08910681296766,135.08620679638713,135.08912208780808
2030-01-15 05:00:00,2999.996926083915,135.0890030503042,135.0894293567917
2030-01-15 06:00:00,2999.9999481949026,135.0891626145276,135.08943432766958
2030-01-15 07:00:00,2999.9999774677885,135.08960369191664,135.08964212362025
2030-01-15 08:00:00,2999.9999778288834,135.08911813239826,135.0893132755794
2030-01-15 09:00:00,2999.99993085835,135.08881921481316,135.08914184640506
2030-01-15 10:00:00,2999.998733117968,102.24830445799853,135.08908525241247
2030-01-15 11:00:00,135.08942722708784,60.004713001892014,135.088990758198
2030-01-15 12:00:00,135.08922763169497,60.00467085754704,135.08892370688486
2030-01-15 13:00:00,135.08962460768305,60.00467022091834,135.0889930666431
2030-01-15 14:00:00,2999.9998751840094,60.004743528997096,135.0890751846177
2030-01-15 15:00:00,2999.999981156665,135.0881544909589,135.08911551869156
2030-01-15 16:00:00,2999.9999872068474,135.0890733061995,135.08936150754536
2030-01-15 17:00:00,2999.999987521678,135.08952441005204,135.08957873366307
2030-01-15 18:00:00,2999.9999864409683,135.08918405744043,135.08946729197473
2030-01-15 19:00:00,2999.999984007166,135.08903583553,135.08941971901004
2030-01-15 20:00:00,2999.999981042841,135.0890032628872,135.08939623668437
2030-01-15 21:00:00,2999.9999764434783,135.0890535391918,135.08940472425274
2030-01-15 22:00:00,2999.9999600537585,135.0890869374316,135.08942928716715
2030-01-15 23:00:00,2999.999897645884,135.08907910875678,135.08942784399733
2030-01-16 00:00:00,2999.9987672491116,135.0894457252572,135.08958251986738
2030-01-16 01:00:00,2539.2007798235386,135.0891512478902,135.0894983671369
2030-01-16 02:00:00,2999.9938214530366,135.08910824779286,135.08950096023636
2030-01-16 03:00:00,2999.999487615917,135.08901888743003,135.0895187027154
2030-01-16 04:00:00,2999.9999322594776,135.08877741013984,135.08952133947375
2030-01-16 05:00:00,2999.999973217358,135.08903486098552,135.08953686442692
2030-01-16 06:00:00,2999.999981111575,135.08955631213212,135.0896642027928
2030-01-16 07:00:00,2999.9999840035657,135.09046030744048,135.09042682392555
2030-01-16 08:00:00,2999.999979977041,135.0895125999675,135.08953609246933
2030-01-16 09:00:00,2999.999897694561,135.08900187731433,135.08916948725553
2030-01-16 10:00:00,135.08916322059525,135.0882139054229,135.08904424078514
2030-01-16 11:00:00,135.08903824650153,102.24914275903757,135.0889283432991
2030-01-16 12:00:00,135.0890291461129,60.00495158358693,135.08890169039339
2030-01-16 13:00:00,135.0890372930427,60.004870970800766,135.08894007656386
2030-01-16 14:00:00,135.08913198182245,102.24882990286642,135.08902308019063
2030-01-16 15:00:00,2999.999716777065,135.0888943548871,135.08915305944177
2030-01-16 16:00:00,2999.9999643912033,135.08936236853387,135.08949418838782
2030-01-16 17:00:00,2999.999959730314,178.46811352874283,178.46639448904625
2030-01-16 18:00:00,2999.9999370643754,159.6042856200247,159.60416101213826
2030-01-16 19:00:00,2999.9997206979633,135.08944806738054,135.08958285764402
2030-01-16 20:00:00,305.8260902689126,135.0892882531708,135.08950341396636
2030-01-16 21:00:00,135.0899459376464,135.08975761324382,135.08967688603752
2030-01-16 22:00:00,135.08923992482767,135.0892684720402,135.08925646102853
2030-01-16 23:00:00,135.08912911134865,135.08917886545532,135.08917732010468
2030-01-17 00:00:00,135.08910641018107,135.08935504969054,135.0892122510567
2030-01-17 01:00:00,135.08909761516924,135.0892683219563,135.08919797290946
2030-01-17 02:00:00,135.08913850204573,135.08928033574648,135.08921498247037
2030-01-17 03:00:00,135.08916265284543,135.0891573779336,135.08920261208368
2030-01-17 04:00:00,135.0893495545006,135.08912222223378,135.08931539152326
2030-01-17 05:00:00,2999.998831951562,2999.995736305398,2999.9956086509
2030-01-17 06:00:00,2999.999963616784,2999.999903147552,2999.9983260355843
2030-01-17 07:00:00,2999.9999775799647,2999.999953888051,2999.9974648627667
2030-01-17 08:00:00,2999.9999705059254,2999.999910254663,135.09075239408335
2030-01-17 09:00:00,305.8265790413972,178.48393049816696,135.08954459820015
2030-01-17 10:00:00,135.08916245191338,135.08906222574024,135.08908517680112
2030-01-17 11:00:00,135.08904749741856,135.088994300183,135.08903609704586
2030-01-17 12:00:00,135.08902933139294,135.08893782470642,135.08901102364632
2030-01-17 13:00:00,135.08903866854362,135.0889009538423,135.08901045640323
2030-01-17 14:00:00,135.08916717021435,135.0889717819673,135.08906887996702
2030-01-17 15:00:00,2999.9998191382188,135.08920313128783,135.08922961012564
2030-01-17 16:00:00,2999.999973181576,2999.9990430144285,135.09286661565162
2030-01-17 17:00:00,2999.9999801389363,2999.999898409309,2999.993465657197
2030-01-17 18:00:00,2999.999977637579,2999.999818662024,2999.9952947546735
2030-01-17 19:00:00,2999.9999529216466,361.34713171918065,361.34635163098847
2030-01-17 20:00:00,2999.9998392229472,305.82640318385637,305.82555482750814
2030-01-17 21:00:00,2999.9981414511813,361.3464948893388,361.3219611740742
2030-01-17 22:00:00,135.09073870240755,135.09068420645144,135.090219208676
2030-01-17 23:00:00,135.08920176896007,135.08920000309627,135.0892005544756
2030-01-18 00:00:00,135.08912570270925,135.0892335479899,135.08915412939342
2030-01-18 01:00:00,135.08907153768257,135.08912730223165,135.08912437909112
2030-01-18 02:00:00,135.08905401649153,135.08908544375117,135.08911640692077
2030-01-18 03:00:00,135.08902755909244,135.08902381510597,135.08910531063702
2030-01-18 04:00:00,135.08902071442026,135.08896796468196,135.08910137237095
2030-01-18 05:00:00,135.0890233791092,135.08902232125183,135.08909956399202
2030-01-18 06:00:00,135.0890180707538,135.08908271560995,135.0890958152486
2030-01-18 07:00:00,135.08901495503724,135.08911399372573,135.0890893177875
2030-01-18 08:00:00,135.08898913133416,135.08904280478598,135.08904218421085
2030-01-18 09:00:00,60.00078461144695,60.00480945201798,60.00485042470983
2030-01-18 10:00:00,59.99988995711101,60.00460566131642,60.00419864219758
2030-01-18 11:00:00,0.0003741552577481422,60.00009706118635,59.99969814342319
2030-01-18 12:00:00,0.00014635181731424213,59.998646625588655,59.99865119729844
2030-01-18 13:00:00,0.00014208568369032014,59.998243214418835,59.99832472164052
2030-01-18 14:00:00,0.0008351737564373056,59.99862603311067,59.998711955469254
2030-01-18 15:00:00,59.99982171544051,60.00336817280913,60.003417033720886
2030-01-18 16:00:00,59.999944827794934,60.0051752353883,60.00886686966989
2030-01-18 17:00:00,59.99980076035683,79.2677986792005,79.26858845535025
2030-01-18 18:00:00,59.999286894496436,79.26255925326313,79.26854230284667
2030-01-18 19:00:00,0.00013590152033102256,60.00468500520947,79.2679770105542
2030-01-18 20:00:00,5.3874518926022574e-05,60.0046397060232,79.26406232133192
2030-01-18 21:00:00,3.716941782776947e-05,60.00469362232343,79.2510927521771
2030-01-18 22:00:00,3.555527088282762e-05,60.00470969120488,79.26582811503977
2030-01-18 23:00:00,2.224421626875406e-05,60.00467991772166,79.26184451571498
2030-01-19 00:00:00,1.2766461086154337e-05,60.004720730432034,60.00497800344384
2030-01-19 01:00:00,1.261118548218244e-05,60.00466421313922,60.005004216133784
2030-01-19 02:00:00,1.4799721737793838e-05,60.0046370257769,60.005016275699745
2030-01-19 03:00:00,1.9112439837636164e-05,59.99960302754516,60.00054761743468
2030-01-19 04:00:00,2.9468363209161907e-05,12.527415108652196,60.001499468971005
2030-01-19 05:00:00,0.0001877365553078618,45.41452695683529,60.00058466928385
2030-01-19 06:00:00,59.999418658442664,60.00018193043434,60.001133345938555
2030-01-19 07:00:00,59.99966299074413,60.00026727358636,60.00073871429322
2030-01-19 08:00:00,59.999492711892934,59.999899071778444,60.00025671421952
2030-01-19 09:00:00,59.997257743378654,59.997398821309616,59.99868249263748
2030-01-19 10:00:00,59.99845081743554,59.99846283968054,59.99891580727562
2030-01-19 11:00:00,12.52823073570959,12.528256851531296,59.99743174807746
2030-01-19 12:00:00,12.527262526514194,12.527345580796455,59.997319780765665
2030-01-19 13:00:00,0.0007966202013567462,12.527299814113576,59.99723649008968
2030-01-19 14:00:00,0.00011478351892983984,12.527293730376186,59.99724817102577
2030-01-19 15:00:00,5.625807624974307e-05,12.527294032783175,59.997323859824164
2030-01-19 16:00:00,6.473018220276572e-05,12.527304840040793,59.9974435976835
2030-01-19 17:00:00,6.384341008667186e-05,12.527324736136507,59.99822005465103
2030-01-19 18:00:00,4.476267349673435e-05,12.527303329095048,59.99861940850977
2030-01-19 19:00:00,2.8658580523164617e-05,12.527294269864797,59.99816581119558
2030-01-19 20:00:00,2.2820419872005004e-05,12.527291281515852,59.99760099381143
2030-01-19 21:00:00,2.407443475203377e-05,12.527298233727379,59.997485421135934
2030-01-19 22:00:00,1.9962471348238878e-05,12.527299780143949,59.99760953470923
2030-01-19 23:00:00,1.9152554885615492e-05,12.527287694123515,59.99751667774581
2030-01-20 00:00:00,1.2671757046750606e-05,12.527288098326679,59.99705205865635
2030-01-20 01:00:00,1.1101015765162167e-05,12.527284928431982,59.99703559919908
2030-01-20 02:00:00,1.0638515803429669e-05,12.527282735825793,59.99697295800161
2030-01-20 03:00:00,9.904986538505995e-06,12.527279819963951,59.99662370333226
2030-01-20 04:00:00,9.628829502617009e-06,12.52727719148272,59.99224450294723
2030-01-20 05:00:00,1.2263740211157476e-05,12.527278142355499,12.534595675918354
2030-01-20 06:00:00,1.7787894648790825e-05,12.527280186351163,12.533477370941213
2030-01-20 07:00:00,2.8262975120660045e-05,12.527283924128824,12.57618221429766
2030-01-20 08:00:00,3.2775675083686906e-05,12.527286248029686,12.553746409756513
2030-01-20 09:00:00,2.168640772287795e-05,12.52728332503193,12.529082555698942
2030-01-20 10:00:00,2.4411365044528755e-05,12.527280852264994,12.528504253700923
2030-01-20 11:00:00,1.4569483283753302e-05,12.527279323571747,12.527579497608288
2030-01-20 12:00:00,1.1620506055790504e-05,12.52727692625504,12.527385139593932
2030-01-20 13:00:00,1.4147237267413384e-05,12.527276177019303,12.527377839755697
2030-01-20 14:00:00,2.331416096751305e-05,12.527275854487925,12.5275019903635
2030-01-20 15:00:00,0.00013581488267951634,12.527277265047815,12.528544196262603
2030-01-20 16:00:00,59.99690004297008,12.527289413984345,59.99718398581511
2030-01-20 17:00:00,59.99987189271503,12.527300820604978,59.999963273212416
2030-01-20 18:00:00,60.00002702170241,12.527298658562358,60.00013700337844
2030-01-20 19:00:00,60.00001069013341,12.52729453338543,60.00008734558105
2030-01-20 20:00:00,60.00001447370687,12.527292674196683,60.0000705870398
2030-01-20 21:00:00,60.000030821411116,12.527307804149132,60.00008709189842
2030-01-20 22:00:00,60.000878689746386,12.527334133756995,60.000948984619754
2030-01-20 23:00:00,60.00021549390915,12.527326642029038,60.00028026673681
2030-01-21 00:00:00,60.00004717298323,12.527333143046954,60.0000892395973
2030-01-21 01:00:00,60.000031168371045,12.527309444098137,60.000076645228546
2030-01-21 02:00:00,60.00005144139221,12.52729942757469,60.0000982809197
2030-01-21 03:00:00,60.000016584456276,12.527288081035294,60.000069828403866
2030-01-21 04:00:00,59.99986806911511,12.527280927407737,59.99992755577087
2030-01-21 05:00:00,59.999706575396985,12.527280554807476,59.99975055098639
2030-01-21 06:00:00,59.99722764381113,12.527280476751002,59.997339065754005
2030-01-21 07:00:00,12.527218788201058,12.527277558463538,12.529070701470118
2030-01-21 08:00:00,7.539392094740358e-05,12.527276882153853,12.527881512012684
2030-01-21 09:00:00,2.2058235717335365e-05,12.527277035896077,12.527606077207833
2030-01-21 10:00:00,1.5041139810409722e-05,12.527276543573862,12.527517249889558
2030-01-21 11:00:00,9.823828043130603e-06,12.527276879589408,12.527445991514858
2030-01-21 12:00:00,8.006010969861197e-06,12.527274951205722,12.527408467922413
2030-01-21 13:00:00,7.190614562181268e-06,12.527273261977825,12.52740145281907
2030-01-21 14:00:00,7.012665475620454e-06,12.52727268297258,12.527417192436104
2030-01-21 15:00:00,7.5833598469865845e-06,12.527273334984784,12.527520866017458
2030-01-21 16:00:00,8.625478585599922e-06,12.527275375753934,12.52798503451288
2030-01-21 17:00:00,9.795917762706835e-06,12.527278242631837,12.804652887934026
2030-01-21 18:00:00,9.272664101445116e-06,12.527278532757919,59.995722558347495
2030-01-21 19:00:00,8.502362002059616e-06,12.527277859021524,59.993983033126824
2030-01-21 20:00:00,7.283987542905379e-06,12.527277013147648,50.785245191675656
2030-01-21 21:00:00,7.237733437846549e-06,12.527278855601253,50.781716363153464
2030-01-21 22:00:00,6.146233838345695e-06,12.527280632471957,50.793174768219615
2030-01-21 23:00:00,5.3550610408793785e-06,12.527283746207104,50.782630934579174
2030-01-22 00:00:00,6.160313455811709e-06,12.527286096993459,59.99685744840025
2030-01-22 01:00:00,5.949980221347616e-06,12.527285030660096,59.99693305777146
2030-01-22 02:00:00,6.169538788214083e-06,12.527285641985145,59.99694639691461
2030-01-22 03:00:00,7.036461029570609e-06,12.527282864331937,59.99707338973985
2030-01-22 04:00:00,8.55782946018735e-06,12.527280085945726,59.99721202844388
2030-01-22 05:00:00,1.3739191663042169e-05,12.527286985323371,59.99724721758412
2030-01-22 06:00:00,2.3684199732088018e-05,12.52730263313424,59.99717264873195
2030-01-22 07:00:00,4.635540860417922e-05,12.52732228329296,59.99709794856517
2030-01-22 08:00:00,7.325824305718077e-05,12.527316185132454,59.99701287869689
2030-01-22 09:00:00,4.849897656873894e-05,12.527297128821374,59.99573579965292
2030-01-22 10:00:00,3.472909961551645e-05,12.527286675102005,12.527770535759622
2030-01-22 11:00:00,3.158315108639561e-05,12.527282735574772,12.527397009326904
2030-01-22 12:00:00,5.080911657826648e-05,12.52728106934954,12.527359949895384
2030-01-22 13:00:00,0.00022572559633203667,12.52728097363979,12.527357150624447
2030-01-22 14:00:00,12.527276159759706,12.52728455034503,12.527675715273956
2030-01-22 15:00:00,59.99838078418885,12.527305117601827,59.99841038867483
2030-01-22 16:00:00,59.99972098472972,12.527415057712526,59.99978006849942
2030-01-22 17:00:00,59.99972007689101,16.550960653087714,59.99981139063584
2030-01-22 18:00:00,59.99944940748628,16.55111043717625,59.999566213540675
2030-01-22 19:00:00,12.527797620682989,12.52773593488655,59.997147914225934
2030-01-22 20:00:00,12.527090826444692,12.527337640554407,59.9969523658519
2030-01-22 21:00:00,0.001191941040102681,12.527490518023114,59.996577896543386
2030-01-22 22:00:00,0.0005924976865772952,12.527753914658206,59.99683243693289
2030-01-22 23:00:00,0.0002305846818724018,12.528283886890677,59.996329691816754
2030-01-23 00:00:00,0.0004959198315860353,59.99867912834561,59.99878474449859
2030-01-23 01:00:00,59.97900786020196,59.99711190140624,59.99784632796036
2030-01-23 02:00:00,59.999781283174194,59.99992771024063,60.00008238335613
2030-01-23 03:00:00,59.99987912208811,59.99985565222687,60.000142382381455
2030-01-23 04:00:00,60.00001519501711,59.98960222127406,60.00024153590023
2030-01-23 05:00:00,135.08421823863853,60.004641215886295,135.08432541696766
2030-01-23 06:00:00,135.08898089118338,79.27114474579503,135.08888534117634
2030-01-23 07:00:00,135.08900644913234,79.27362978304336,135.08894042686552
2030-01-23 08:00:00,135.08900764586323,79.27245133340897,135.0889370183124
2030-01-23 09:00:00,135.08898097748812,60.00473024681287,135.08883653650363
2030-01-23 10:00:00,135.08899544986326,60.00464230565649,135.0886538966641
2030-01-23 11:00:00,135.08867728609474,60.00179968048087,135.0883481120225
2030-01-23 12:00:00,114.34346703006854,60.00125716853498,114.34338551094125
2030-01-23 13:00:00,135.0889081981072,60.0012454264197,135.0886285034447
2030-01-23 14:00:00,135.08896895474027,60.00102378544125,135.08873650456232
2030-01-23 15:00:00,135.08901018844182,60.00448968400724,135.08885803005765
2030-01-23 16:00:00,135.08904922394686,60.00470904546048,135.08896611159864
2030-01-23 17:00:00,135.0890880272734,79.27442853967841,135.08900095110585
2030-01-23 18:00:00,135.0890880853085,79.27424942524704,135.0890083962754
2030-01-23 19:00:00,135.08904054448828,60.00469506880654,135.08898007538664
2030-01-23 20:00:00,135.08902671631768,60.00464555219409,135.0889615590474
2030-01-23 21:00:00,135.08902108917562,60.00469451543995,135.08895026093978
2030-01-23 22:00:00,135.08901317538624,60.004705888802164,135.08895119096178
2030-01-23 23:00:00,135.08900851307666,60.00469690271348,135.0889450765644
2030-01-24 00:00:00,135.08900419744913,70.86231152798496,135.08899514437806
2030-01-24 01:00:00,135.08900162637218,60.004742459022054,135.08899584778464
2030-01-24 02:00:00,135.0890050662295,60.00477214487,135.08899713926348
2030-01-24 03:00:00,135.08900971807518,60.00465517895191,135.0890073003202
2030-01-24 04:00:00,135.089018859082,60.00409696284941,135.08902229010394
2030-01-24 05:00:00,135.08907020555392,60.0046999131755,135.0890388576663
2030-01-24 06:00:00,178.47573641495273,79.27716846486692,135.08909725321558
2030-01-24 07:00:00,210.86241835093097,135.08884545544697,135.0891197933479
2030-01-24 08:00:00,210.86247955932362,135.08852165549288,135.08909699062187
2030-01-24 09:00:00,178.47402668151233,79.27672951650675,135.08905557821518
2030-01-24 10:00:00,178.47607778471186,60.00481419027892,135.0890418825057
2030-01-24 11:00:00,178.47446557121094,60.00469406454431,135.08897833805085
2030-01-24 12:00:00,178.47398922230363,60.00464363774097,135.08894140425545
2030-01-24 13:00:00,178.47599634849104,60.00458697166869,135.08901168653367
2030-01-24 14:00:00,2999.997492720505,60.004563205861814,135.08905022849694
2030-01-24 15:00:00,2999.9999687954714,60.00465033400087,135.08907450095964
2030-01-24 16:00:00,2999.9999871233485,60.004941621594426,135.08909368649995
2030-01-24 17:00:00,2999.9999888386255,79.27778903992294,135.08910244350773
2030-01-24 18:00:00,2999.9999884089502,79.27790107443707,135.0891076367561
2030-01-24 19:00:00,2999.999986129782,60.005816690164465,135.08910217763332
2030-01-24 20:00:00,2999.9999838084077,60.00514366824011,135.08909958656002
2030-01-24 21:00:00,2999.999981412332,60.00971723983457,135.08909527345168
2030-01-24 22:00:00,2999.9999665897294,135.0858301099779,135.08909886567108
2030-01-24 23:00:00,2999.9999512589116,135.08590320642452,135.08909790541657
2030-01-25 00:00:00,2999.9999356008657,135.088671385183,135.08913119059
2030-01-25 01:00:00,2999.9999097780915,135.08845292701426,135.08912691991827
2030-01-25 02:00:00,2999.9998906600613,135.0885608937906,135.0891287575305
2030-01-25 03:00:00,2999.9999092745697,114.33861852534847,135.08912346110083
2030-01-25 04:00:00,2999.9999491890057,60.00480076525259,135.08913722166847
2030-01-25 05:00:00,2999.99997466416,135.08631606981544,135.08913682940783
2030-01-25 06:00:00,2999.9999814399816,135.08898657118516,135.08918225945527
2030-01-25 07:00:00,2999.9999827514603,135.0890238530601,135.08917824475702
2030-01-25 08:00:00,2999.9999724559016,135.08901464374927,135.0891538649315
2030-01-25 09:00:00,2999.9984078864168,135.08896445433584,135.08910966099322
2030-01-25 10:00:00,178.47449451661518,135.08875849835658,135.0890703773684
2030-01-25 11:00:00,135.08914754596742,135.08735481416352,135.08892575561654
2030-01-25 12:00:00,135.08905525886343,135.08636952638474,135.08887132200135
2030-01-25 13:00:00,135.08909097268378,135.05419178876127,135.0889215312441
2030-01-25 14:00:00,178.47448167876013,102.2538723375801,135.0890528045404
2030-01-25 15:00:00,2999.9985471586483,135.086511100405,135.08908017801687
2030-01-25 16:00:00,2999.999923436496,135.08893951267098,135.0891304317343
2030-01-25 17:00:00,2999.9992006485004,135.08903209419532,135.08916475844944
2030-01-25 18:00:00,178.4764222514632,135.0890163347849,135.08916759110923
2030-01-25 19:00:00,178.4740671267685,135.08887047023472,135.0891255410288
2030-01-25 20:00:00,135.08908731260726,135.08648437337558,135.08903593099674
2030-01-25 21:00:00,135.0890489849574,135.08863918339284,135.08903574622764
2030-01-25 22:00:00,135.08902426213308,135.08882886609172,135.0890356294003
2030-01-25 23:00:00,135.0890192463257,135.08875121254096,135.08902935114202
2030-01-26 00:00:00,135.08901465374325,135.0888827033708,135.08904247423715
2030-01-26 01:00:00,135.08901034041193,135.08859539799505,135.0890297265887
2030-01-26 02:00:00,135.08900786485063,135.08803886878013,135.0890228549979
2030-01-26 03:00:00,135.08900493309943,102.24760064186103,135.0890224203149
2030-01-26 04:00:00,135.08901024746137,60.00467704101814,135.08903452678152
2030-01-26 05:00:00,135.0890188184337,102.24786711829802,135.0890352319011
2030-01-26 06:00:00,135.08902328432487,135.08795728631048,135.08903483922575
2030-01-26 07:00:00,135.08902176154686,135.08861231168157,135.08903580371225
2030-01-26 08:00:00,135.08900392332623,135.08791992854924,135.08899406212436
2030-01-26 09:00:00,135.0886759011985,102.25524093466356,135.08863951947333
2030-01-26 10:00:00,102.25166023872845,60.00503442351874,102.25157593308447
2030-01-26 11:00:00,60.004532035140635,60.004520439481894,60.00466594871149
2030-01-26 12:00:00,60.00020302292031,60.000222070932985,60.00034763330552
2030-01-26 13:00:00,60.00404636058437,60.004041054931804,60.00418141996701
2030-01-26 14:00:00,102.25071648325826,60.00468860538149,102.2507337203276
2030-01-26 15:00:00,135.08867472026014,60.005962324304164,135.0886254050357
2030-01-26 16:00:00,135.08897684343538,135.08652533669,135.0889820046309
2030-01-26 17:00:00,135.08889022584952,135.08877517879046,135.08898350828076
2030-01-26 18:00:00,135.08857262214497,135.08844695552852,135.08876321547547
2030-01-26 19:00:00,135.08504570081385,135.08498761282317,135.08528458436012
2030-01-26 20:00:00,102.25062094913937,102.25059072312607,102.25126773364357
2030-01-26 21:00:00,114.33961116008234,114.33967033566296,114.33986229918446
2030-01-26 22:00:00,135.08859043840326,135.0885413624028,135.08875736076334
2030-01-26 23:00:00,135.0881222190715,135.08702111586263,135.08822845748273
2030-01-27 00:00:00,135.08711017126217,135.086881604577,135.08727560359048
2030-01-27 01:00:00,135.0871313952478,135.08652329143388,135.08726645384104
2030-01-27 02:00:00,135.08842499286416,135.08624703097576,135.08851447465895
2030-01-27 03:00:00,135.08854547496037,102.24592499349728,135.08860861515586
2030-01-27 04:00:00,135.0886319419178,60.00470597242909,135.0886753757682
2030-01-27 05:00:00,135.08892227472035,60.00490595639258,135.08891249661065
2030-01-27 06:00:00,135.08898809645143,102.24609092995797,135.08895055585361
2030-01-27 07:00:00,135.08900341172418,135.08461694464677,135.08896836360236
2030-01-27 08:00:00,135.08900487157342,135.08655084287992,135.08896720357436
2030-01-27 09:00:00,135.08899974636464,102.24693477872734,135.0889327039586
2030-01-27 10:00:00,135.0889974183587,60.004736672199215,135.08891919116903
2030-01-27 11:00:00,135.08900025317902,60.00470071520067,135.0888797032997
2030-01-27 12:00:00,135.08900216104524,60.00461413711202,135.08886680039228
2030-01-27 13:00:00,135.08900849018,60.00447048310889,135.08887108311808
2030-01-27 14:00:00,135.0890294003298,60.00451112221708,135.08890740549364
2030-01-27 15:00:00,135.0894926752239,60.0046513932939,135.08902932546692
2030-01-27 16:00:00,178.47618974620582,60.00640277705772,135.08908311066892
2030-01-27 17:00:00,178.47621863408807,135.08688481532863,135.08909798894274
2030-01-27 18:00:00,178.4760845769497,135.08662908323367,135.08910313947365
2030-01-27 19:00:00,178.47437410938917,114.34578828770191,135.08909066500746
2030-01-27 20:00:00,178.47402014847285,102.24641289818382,135.0890843398809
2030-01-27 21:00:00,178.47534296483835,135.08496174933498,135.0890897063091
2030-01-27 22:00:00,178.4761957741922,135.0857153560146,135.0890917021061
2030-01-27 23:00:00,178.4761792046595,135.08567654117542,135.08909019265593
2030-01-28 00:00:00,178.47618993732263,135.0865870442237,135.0891167856154
2030-01-28 01:00:00,178.4761968203408,135.0854193997111,135.08911547174102
2030-01-28 02:00:00,178.47615935045613,102.24733700235811,135.08911094980795
2030-01-28 03:00:00,178.47612463252767,60.00474582906827,135.08911590986008
2030-01-28 04:00:00,178.475410062043,60.00459200331165,135.08912059783498
2030-01-28 05:00:00,178.47605844963087,60.00461616114717,135.0891064068701
2030-01-28 06:00:00,178.4762198854496,60.0046515265758,135.08909090977397
2030-01-28 07:00:00,178.47633520350286,60.00471890046629,135.08908512575545
2030-01-28 08:00:00,178.47622099739107,60.004764832213574,135.08908096327852
2030-01-28 09:00:00,135.0945617251953,60.00467461847893,135.08904814135926
2030-01-28 10:00:00,135.08909026382165,60.00461442949745,135.08891213966132
2030-01-28 11:00:00,135.0890347286106,60.00457909485249,135.08879951157556
2030-01-28 12:00:00,135.0890261461367,60.003745404679634,135.08879303971244
2030-01-28 13:00:00,135.08903001290543,59.99951123748724,135.0888498907356
2030-01-28 14:00:00,135.08910509254457,12.529245141909087,135.0889268882725
2030-01-28 15:00:00,178.47613096893588,60.002487399962774,135.08906501896234
2030-01-28 16:00:00,178.47726225118276,60.00467568052606,135.08908101995314
2030-01-28 17:00:00,178.4763382930235,102.2465636827319,135.08909447576934
2030-01-28 18:00:00,178.476224388869,102.24716661518687,135.08910531861795
2030-01-28 19:00:00,178.47597139284153,77.39076089943774,135.089103469566
2030-01-28 20:00:00,178.47538644337328,60.00478685479763,135.08910304919084
2030-01-28 21:00:00,178.47615966808678,77.39074781600993,135.08909724524074
2030-01-28 22:00:00,178.4762125810116,102.24709199454537,135.08909865171518
2030-01-28 23:00:00,178.476132954633,135.08573912900465,135.0891021278403
2030-01-29 00:00:00,178.47632439264277,135.08726763619535,135.08914202917643
2030-01-29 01:00:00,178.47622052968404,135.08552575026533,135.0891425417576
2030-01-29 02:00:00,178.47586408066493,135.08486420520512,135.08914239352998
2030-01-29 03:00:00,178.4744129660407,60.033511820382046,135.0891511713562
2030-01-29 04:00:00,178.47490227037815,60.00465776314552,135.08917205877825
2030-01-29 05:00:00,178.47621236999652,102.24591623146534,135.0891606876421
2030-01-29 06:00:00,178.47674056371125,135.08710525975403,135.0891529727119
2030-01-29 07:00:00,178.47747595356765,135.0889095005641,135.08920238292922
2030-01-29 08:00:00,178.4762130434252,135.08885025908074,135.08916704191847
2030-01-29 09:00:00,135.0893588604104,135.08569296903715,135.0890853306589
2030-01-29 10:00:00,135.08909095864072,102.246685844897,135.08903887357957
2030-01-29 11:00:00,135.08904179558456,102.24450995105053,135.08900475465435
2030-01-29 12:00:00,135.0890364740234,60.00485404340191,135.08899700452227
2030-01-29 13:00:00,135.08904734771286,60.004725115975816,135.08900083085211
2030-01-29 14:00:00,135.08911467729038,60.00472624300437,135.08902754641713
2030-01-29 15:00:00,135.08952994243268,102.24759144179552,135.08907569191481
2030-01-29 16:00:00,149.37868065218208,135.08897040138672,135.08916816485555
2030-01-29 17:00:00,135.08914887437305,135.08903520118292,135.08911421612538
2030-01-29 18:00:00,135.08905043722007,135.08901847509514,135.0890936790522
2030-01-29 19:00:00,135.08902356466226,135.08896561524762,135.08907636309232
2030-01-29 20:00:00,135.08901146997687,135.08890162908415,135.0890671790619
2030-01-29 21:00:00,135.08900558184325,135.0889851498323,135.08907023994107
2030-01-29 22:00:00,135.0889968988632,135.08900874717438,135.08907305541106
2030-01-29 23:00:00,135.0889842588233,135.0890058854029,135.08906962080164
2030-01-30 00:00:00,135.0889865516378,135.08903329641475,135.08908838469543
2030-01-30 01:00:00,135.08897276791333,135.08901756530577,135.0890839337253
2030-01-30 02:00:00,135.08896346691336,135.0890140348465,135.08908261863144
2030-01-30 03:00:00,135.0889496748849,135.0889618671181,135.08907830663793
2030-01-30 04:00:00,135.0889561554386,135.08880775281725,135.08907568884536
2030-01-30 05:00:00,135.08899816918648,135.08899513979122,135.08909360185407
2030-01-30 06:00:00,135.08900847903078,135.08905411411797,135.08909809596773
2030-01-30 07:00:00,135.0890166572964,135.08909031819258,135.08910038912109
2030-01-30 08:00:00,135.0890039113647,135.0890749316679,135.0890899873948
2030-01-30 09:00:00,135.08896253020342,135.0890243510221,135.0890586952848
2030-01-30 10:00:00,135.08890868795345,135.08896074884888,135.08902351418675
2030-01-30 11:00:00,135.08875865159953,135.08879991211052,135.08890830548697
2030-01-30 12:00:00,135.08875156459084,135.08877024710284,135.08889248304666
2030-01-30 13:00:00,135.08888406049692,135.08885513545192,135.08899037393874
2030-01-30 14:00:00,135.08898768562713,135.08892156209185,135.08904412658563
2030-01-30 15:00:00,135.08901003592956,135.08899197827395,135.08906533866312
2030-01-30 16:00:00,135.0890280379972,135.08904421134704,135.08908838117085
2030-01-30 17:00:00,135.089030647574,135.08923458202753,135.08911623966287
2030-01-30 18:00:00,135.08901961249921,135.08921045144416,135.0891164739731
2030-01-30 19:00:00,135.08900648870866,135.08907580164123,135.08909442134063
2030-01-30 20:00:00,135.0889984985588,135.08905132845885,135.08908756212492
2030-01-30 21:00:00,135.08899629970497,135.0891075591644,135.0890918078394
2030-01-30 22:00:00,135.08899242720898,135.08914566815292,135.08909658297762
2030-01-30 23:00:00,135.08898167315576,135.08912433478235,135.08909180468436
2030-01-31 00:00:00,135.0889792100326,135.0892884374383,135.0891245324925
2030-01-31 01:00:00,135.08894763118664,135.08911572437137,135.08910380400994
2030-01-31 02:00:00,135.08890959836813,135.08907433130844,135.08909375185794
2030-01-31 03:00:00,135.08888214027405,135.08901359790707,135.08908573906137
2030-01-31 04:00:00,135.0889014831355,135.08893397228698,135.08908380526543
2030-01-31 05:00:00,135.0889802479638,135.08902521982873,135.08910141475462
2030-01-31 06:00:00,135.08899493672743,135.0890906668319,135.08910790920936
2030-01-31 07:00:00,135.08899501179891,135.08913817336634,135.08910940250644
2030-01-31 08:00:00,135.08884605523303,135.0890650243338,135.0890772004956
2030-01-31 09:00:00,135.08825428927412,135.0889945931658,135.08901904651967
2030-01-31 10:00:00,60.00008176191806,135.08780755567932,135.08794255252744
2030-01-31 11:00:00,59.99997958674544,102.24961815324423,102.25352380445412
2030-01-31 12:00:00,59.999557190427474,102.24914826955137,102.25350209261237
2030-01-31 13:00:00,59.9996780444659,60.00675200731894,102.2535170349805
2030-01-31 14:00:00,60.00002009658037,60.00473343569047,102.25359947162183
2030-01-31 15:00:00,135.08669581286773,135.08668842938368,135.08716236039757
2030-01-31 16:00:00,135.08891470898848,135.0889645636068,135.08906474257475
2030-01-31 17:00:00,135.0888905878058,135.08903462282706,135.0890777552013
2030-01-31 18:00:00,135.08876852845242,135.08900388703842,135.08906888308542
2030-01-31 19:00:00,135.08862294810223,135.08882821030784,135.08902542396845
2030-01-31 20:00:00,135.08820242835827,135.08832761280388,135.0888695252947
2030-01-31 21:00:00,135.0884751396881,135.08887862925621,135.08901766880172
2030-01-31 22:00:00,135.0886695806643,135.08898192920788,135.08905488733944
2030-01-31 23:00:00,135.08870940773772,135.08897874412287,135.08905541792956
2030-02-01 00:00:00,135.0887713926649,135.08902111593088,135.089089071201
2030-02-01 01:00:00,135.08869387268524,135.08899853405273,135.0890830999724
2030-02-01 02:00:00,135.0886670277248,135.08897804436128,135.0890778883022
2030-02-01 03:00:00,135.08857783262488,135.08867882501454,135.089051345587
2030-02-01 04:00:00,135.08648858484958,135.08637609683814,135.08899183970036
2030-02-01 05:00:00,135.08865065087943,135.088708556048,135.08905207263888
2030-02-01 06:00:00,135.08880852016046,135.08898602727186,135.08907987079266
2030-02-01 07:00:00,135.0888521278853,135.0890148564613,135.0890842466415
2030-02-01 08:00:00,135.08832023476157,135.08881645333906,135.08899891414453
2030-02-01 09:00:00,59.99998877173724,60.004717816309494,102.25418353196619
2030-02-01 10:00:00,59.99995717283826,60.00448174986468,102.25405514564034
2030-02-01 11:00:00,0.00017305058830992276,59.9994228956748,102.25397991067513
2030-02-01 12:00:00,7.90479776655378e-05,12.527403142424758,102.25398832436153
2030-02-01 13:00:00,7.77563430939522e-05,12.527330972816344,102.25421205841413
2030-02-01 14:00:00,0.0006299745049293456,12.527324330882038,102.25460699303049
2030-02-01 15:00:00,60.0001026850514,60.00018260583056,102.25663339274423
2030-02-01 16:00:00,135.08837127963352,135.08736368505487,135.0889215210049
2030-02-01 17:00:00,135.08852580951037,135.08864075015572,135.08902163424318
2030-02-01 18:00:00,135.08793095145484,135.08805063136697,135.088977345751
2030-02-01 19:00:00,102.24931316947116,102.24933939003495,135.0887873873071
2030-02-01 20:00:00,102.15967938938411,102.15972311073631,135.0887142280449
2030-02-01 21:00:00,102.25291849722198,102.2529481620686,135.08869566065277
2030-02-01 22:00:00,135.0885566396923,135.0886318527928,135.08902644486352
2030-02-01 23:00:00,135.0887019160192,135.08872919858823,135.08904248279123
2030-02-02 00:00:00,135.08889980797025,135.0889413662128,135.0891183627284
2030-02-02 01:00:00,135.08896464589296,135.088932570191,135.0891283388437
2030-02-02 02:00:00,135.0889903100976,135.08892425730028,135.089134727923
2030-02-02 03:00:00,135.0889957510778,135.08849552111587,135.08912081942435
2030-02-02 04:00:00,135.0890053258654,102.24888520229473,135.08911692479654
2030-02-02 05:00:00,135.08902235606658,135.0887290533392,135.08912982011225
2030-02-02 06:00:00,135.0890918253035,135.0890047832945,135.08917198777962
2030-02-02 07:00:00,135.0895523161702,135.0891079956018,135.08950056041522
2030-02-02 08:00:00,135.08906356798497,135.08898178304392,135.08914016320875
2030-02-02 09:00:00,135.08901063090585,102.2498210676913,135.08907129331192
2030-02-02 10:00:00,135.08897934698345,60.004831690212086,135.08904146579954
2030-02-02 11:00:00,135.08871305319013,60.004623279912266,135.08886061068029
2030-02-02 12:00:00,135.0878434426822,60.000086113226295,135.08809473230946
2030-02-02 13:00:00,135.08885501357412,12.531076058315193,135.08898366452613
2030-02-02 14:00:00,135.089000936664,59.999426286364724,135.08905051184217
2030-02-02 15:00:00,135.0891062764004,60.004651814625504,135.0890932268684
2030-02-02 16:00:00,404.051198999423,135.08832096346163,178.4516833714192
2030-02-02 17:00:00,361.32709939728824,135.08911403958882,178.4776093148048
2030-02-02 18:00:00,305.82671413611297,135.08907769148118,178.47896970466763
2030-02-02 19:00:00,305.826424822812,135.08902157065586,178.47932505115477
2030-02-02 20:00:00,305.8264607587016,135.08900479224727,178.47955798899633
2030-02-02 21:00:00,305.82666862028395,135.08907858734437,178.4797154967
2030-02-02 22:00:00,2999.997101311643,135.08974314390343,178.4799111921693
2030-02-02 23:00:00,2999.9970315728,135.08905583877367,178.4799739443606
2030-02-03 00:00:00,2999.989553886282,135.08910360641633,178.48026690456086
2030-02-03 01:00:00,2999.9969283886744,135.08906359757293,178.48031463491316
2030-02-03 02:00:00,2999.9970530119663,135.08904003171665,178.48034560995984
2030-02-03 03:00:00,2999.9971387482005,135.0889898367659,178.4803044057262
2030-02-03 04:00:00,2999.997145122232,114.34187167665425,178.48015110614355
2030-02-03 05:00:00,2999.9970942358113,135.08887393102668,178.47808551833714
2030-02-03 06:00:00,2999.997299043617,135.0890003018567,135.09831231318844
2030-02-03 07:00:00,2999.9991172061336,135.08905282106025,135.0964438785495
2030-02-03 08:00:00,2999.9972460151625,135.08898548075416,135.0920475399324
2030-02-03 09:00:00,2270.690859433627,60.00472265085591,135.09079853720985
2030-02-03 10:00:00,135.08902577027868,60.00448350570787,135.08907131105522
2030-02-03 11:00:00,135.08900711208204,59.999779464389576,135.08906137308423
2030-02-03 12:00:00,135.0890075176732,12.52735479384838,135.08905778915505
2030-02-03 13:00:00,135.08902296387683,12.527324150249115,135.08906857198033
2030-02-03 14:00:00,135.08970196136914,12.527352107860679,135.0893476308268
2030-02-03 15:00:00,2999.9996990863024,60.00445552296151,135.09272355904085
2030-02-03 16:00:00,2999.999986138826,135.08870851599255,135.10136102411258
2030-02-03 17:00:00,2999.999987725946,178.47289184761757,2999.9936724707622
2030-02-03 18:00:00,2999.9999848186344,178.46836959405664,2999.996889450067
2030-02-03 19:00:00,2999.9999799333846,135.0891486602177,2999.997953534662
2030-02-03 20:00:00,2999.9999777188823,135.0890728116429,2999.998502691873
2030-02-03 21:00:00,2999.9999799313955,178.47355550073462,2999.998887808093
2030-02-03 22:00:00,2999.9999853068593,178.47833270450155,2999.9991512894785
2030-02-03 23:00:00,2999.9999814373514,178.48527606370862,2999.99925957695
2030-02-04 00:00:00,2999.9999781645765,2999.9971701581158,2999.9998828076127
2030-02-04 01:00:00,2999.9999680518877,178.48905991292668,2999.9998793583327
2030-02-04 02:00:00,2999.9999699229916,178.4747132884686,2999.99988258525
2030-02-04 03:00:00,2999.9999683239007,135.08907804026057,2999.999880885197
2030-02-04 04:00:00,2999.9999645864336,135.08898993094434,2999.999858390848
2030-02-04 05:00:00,2999.999967648553,135.08900797526712,2999.999793977583
2030-02-04 06:00:00,2999.999978114897,135.08904046553107,2999.99969683641
2030-02-04 07:00:00,2999.999984088218,135.08927017558744,2999.9996543287652
2030-02-04 08:00:00,2999.999953074119,135.08904163842817,2999.999463262423
2030-02-04 09:00:00,2270.70002179424,135.08777758364886,2270.699867022139
2030-02-04 10:00:00,135.08954841229652,60.004709085180366,135.08959898686686
2030-02-04 11:00:00,135.08903210151357,60.004630614251255,135.08913631318237
2030-02-04 12:00:00,135.08902866957746,59.99984579707706,135.0891168178371
2030-02-04 13:00:00,135.08915341597952,12.52744790660745,135.08918951251965
2030-02-04 14:00:00,2270.699940685239,12.528472332497586,2270.6997911831595
2030-02-04 15:00:00,2999.9999626282065,60.00466018291536,2999.9992928689153
2030-02-04 16:00:00,2999.999989822576,135.08899380352236,2999.9996721139005
2030-02-04 17:00:00,2999.9999920456335,2999.999483864439,2999.9998521921434
2030-02-04 18:00:00,2999.999992900808,2999.999571248073,2999.9998851173737
2030-02-04 19:00:00,2999.999991747921,2999.998912845711,2999.9998686423005
2030-02-04 20:00:00,2999.999991062409,2539.2023635437963,2999.999856347349
2030-02-04 21:00:00,2999.9999903132525,2999.9987167744266,2999.9998798326196
2030-02-04 22:00:00,2999.9999893218132,2999.999394683863,2999.9999046223047
2030-02-04 23:00:00,2999.999986695499,2999.9997992273948,2999.9999231525144
2030-02-05 00:00:00,2999.9999864871093,2999.9998801432116,2999.9999018458416
2030-02-05 01:00:00,2999.9999822682626,2999.999812108931,2999.9998879306613
2030-02-05 02:00:00,2999.999977546427,2999.9997354740435,2999.999873320823
2030-02-05 03:00:00,2999.999976168707,2999.998782717569,2999.9998196847846
2030-02-05 04:00:00,2999.999980576872,2270.6998949641666,2999.999782007051
2030-02-05 05:00:00,2999.99998675174,2999.999616075842,2999.9998267566098
2030-02-05 06:00:00,2999.999987025898,2999.9999325096787,2999.9998861200693
2030-02-05 07:00:00,2999.99998996231,2999.99996842804,2999.9998900100372
2030-02-05 08:00:00,2999.9999707722304,2999.999959443406,2999.999821607804
2030-02-05 09:00:00,2999.999433624947,2999.9995362720892,2999.9993501853614
2030-02-05 10:00:00,2270.69980697528,2270.69994102288,2270.6998065029493
2030-02-05 11:00:00,135.0895870946914,135.09007242354073,135.0897577351638
2030-02-05 12:00:00,135.08909944477614,135.0892534137051,135.08922264802996
2030-02-05 13:00:00,135.0895579698119,135.08956104112167,135.08963078413382
2030-02-05 14:00:00,2270.699928362215,2270.6997273402085,2270.6998512823093
2030-02-05 15:00:00,2999.9999687132045,2999.9995860311255,2999.9996189098515
2030-02-05 16:00:00,2999.999991999388,2999.999955743204,2999.9998527836506
2030-02-05 17:00:00,2999.9999916278834,2999.9999868119703,2999.9999012949393
2030-02-05 18:00:00,2999.9999866250255,2999.999984684595,2999.999902881176
2030-02-05 19:00:00,2999.999982718663,2999.9999715937874,2999.9998980249175
2030-02-05 20:00:00,2999.9999754026694,2999.9999549530658,2999.9998946228948
2030-02-05 21:00:00,2999.999978352675,2999.9999734724715,2999.999899631146
2030-02-05 22:00:00,2999.9999817896855,2999.9999801219383,2999.9999126029306
2030-02-05 23:00:00,2999.9999839161746,2999.9999809442716,2999.999914385491
2030-02-06 00:00:00,2999.9999867858637,2999.999988217962,2999.9999229167797
2030-02-06 01:00:00,2999.9999878339972,2999.9999842000616,2999.9999222523984
2030-02-06 02:00:00,2999.999989228707,2999.9999823010494,2999.999922343557
2030-02-06 03:00:00,2999.9999900034168,2999.999960084823,2999.9999172507487
2030-02-06 04:00:00,2999.9999898873684,2999.9998905023303,2999.999901620859
2030-02-06 05:00:00,2999.999992860736,2999.999963178192,2999.9999034783905
2030-02-06 06:00:00,2999.999992606423,2999.9999851697794,2999.999902292851
2030-02-06 07:00:00,2999.9999943722114,2999.9999870300044,2999.999900363604
2030-02-06 08:00:00,2999.9999904707006,2999.999971972058,2999.9998317330605
2030-02-06 09:00:00,2999.9999578473844,2999.999774484755,2999.999653991694
2030-02-06 10:00:00,2270.699968938081,2270.699599517823,2270.6998252364187
2030-02-06 11:00:00,178.47003640311976,178.46857012476903,178.4698457358934
2030-02-06 12:00:00,135.08956264291547,135.08905558910382,135.08953769318202
2030-02-06 13:00:00,178.47537556395088,135.08904403216366,178.4752075886504
2030-02-06 14:00:00,2999.9997650995574,135.08905301584673,2270.6999664872437
2030-02-06 15:00:00,2999.9999855127094,2270.6992336052444,2999.997591626133
2030-02-06 16:00:00,2999.9999941570636,2999.999810779941,2999.9998223434477
2030-02-06 17:00:00,2999.999994219086,2999.999978188621,2999.9999024576064
2030-02-06 18:00:00,2999.9999940227253,2999.9999662990012,2999.999904931556
2030-02-06 19:00:00,2999.999989145694,2999.999931746187,2999.9998967944584
2030-02-06 20:00:00,2999.9999869525873,2999.999895350488,2999.9998907327026
2030-02-06 21:00:00,2999.999986255275,2999.9999472309764,2999.999901764868
2030-02-06 22:00:00,2999.9999870069078,2999.9999577534327,2999.9999115493792
2030-02-06 23:00:00,2999.9999850289482,2999.9999568497024,2999.9999108497186
2030-02-07 00:00:00,2999.9999818017404,2999.9999732703636,2999.9999249577336
2030-02-07 01:00:00,2999.9999796480274,2999.999964114956,2999.9999229006135
2030-02-07 02:00:00,2999.999977200831,2999.999956636375,2999.999920690392
2030-02-07 03:00:00,2999.9999676090415,2999.9998777880573,2999.999901733917
2030-02-07 04:00:00,2999.9999554393808,2999.99946408592,2999.9998381409478
2030-02-07 05:00:00,2999.9999718433,2999.9998605689952,2999.99988284981
2030-02-07 06:00:00,2999.999976942461,2999.9999567663826,2999.999894453639
2030-02-07 07:00:00,2999.9999775246533,2999.9999703311223,2999.999895136083
2030-02-07 08:00:00,2999.999806021177,2999.9997529279335,2999.9997493615083
2030-02-07 09:00:00,2270.699820922557,2270.6989439710187,2270.6998541373623
2030-02-07 10:00:00,135.09077642798397,135.08901834108747,135.0908926647982
2030-02-07 11:00:00,135.089057730285,135.0880226820027,135.08923648763397
2030-02-07 12:00:00,135.08901450121928,60.00470844002718,135.08916336757505
2030-02-07 13:00:00,135.0890157019331,60.00465355945926,135.08917913320008
2030-02-07 14:00:00,135.08902503497714,60.00464499728332,135.08930059515785
2030-02-07 15:00:00,135.08909364110573,60.00548981669726,135.08983172306134
2030-02-07 16:00:00,159.60461107438363,135.0891281092727,2270.6751488014947
2030-02-07 17:00:00,305.82738796067036,305.8275114176022,2270.699569686856
2030-02-07 18:00:00,135.08999868200135,135.09023096439887,2270.699665094086
2030-02-07 19:00:00,135.08902981539092,135.08910525740976,2270.6996577860864
2030-02-07 20:00:00,135.08901202566722,135.08906815587312,2270.699655356351
2030-02-07 21:00:00,135.0890105476604,135.08916764192054,2270.699719422475
2030-02-07 22:00:00,135.0892122819181,135.1466806871631,2270.699778557034
2030-02-07 23:00:00,135.08903792488576,135.09122425542137,2270.6997862031476
2030-02-08 00:00:00,135.08901655739015,305.8243899061691,2270.6993234816996
2030-02-08 01:00:00,135.08901033125872,178.476861385132,2270.6994640969488
2030-02-08 02:00:00,135.0890102816641,178.4752223641117,2270.699490594743
2030-02-08 03:00:00,135.08900942004965,135.08920582012524,2270.6995060794525
2030-02-08 04:00:00,135.08901215542483,135.08907157830896,2270.69944191983
2030-02-08 05:00:00,135.0890911131084,135.0896757990322,2270.6987403613966
2030-02-08 06:00:00,2270.698441818594,2270.699468087397,2270.699724948876
2030-02-08 07:00:00,2270.7000030154577,2270.7035181094952,2270.7031731440534
2030-02-08 08:00:00,2270.698086318287,2270.698526264575,2270.698673534875
2030-02-08 09:00:00,135.089174986617,135.08918378811632,135.0893511271493
2030-02-08 10:00:00,135.08912386176945,135.08905897585282,135.08919958802136
2030-02-08 11:00:00,135.0890220108874,135.08899998971538,135.08912032751587
2030-02-08 12:00:00,135.0890109241076,135.08896883698876,135.08910738341987
2030-02-08 13:00:00,135.0890237244841,135.08892361448034,135.08911467855864
2030-02-08 14:00:00,135.0894042432096,135.0890068001827,135.0893929832248
2030-02-08 15:00:00,2999.9998415260598,305.8259389865243,2270.700367591305
2030-02-08 16:00:00,2999.99998757398,2999.9997919436364,2999.9997431831603
2030-02-08 17:00:00,2999.9999887515355,2999.9999810033178,2999.999871711193
2030-02-08 18:00:00,2999.999985494681,2999.9999750722563,2999.9998804259058
2030-02-08 19:00:00,2999.9999824692636,2999.999958553145,2999.9998717351255
2030-02-08 20:00:00,2999.9999799878015,2999.9999421224875,2999.999867590713
2030-02-08 21:00:00,2999.9999797500736,2999.99997034439,2999.999874620229
2030-02-08 22:00:00,2999.9999814999896,2999.999979284251,2999.999884887937
2030-02-08 23:00:00,2999.999983437292,2999.9999820226785,2999.9998873467457
2030-02-09 00:00:00,2999.999976068006,2999.999988671878,2999.9998763939825
2030-02-09 01:00:00,2999.9999600502747,2999.999985006776,2999.999869363606
2030-02-09 02:00:00,2999.9999014412724,2999.999983382395,2999.999845094706
2030-02-09 03:00:00,2999.9998453296034,2999.99997038511,2999.999813177569
2030-02-09 04:00:00,2999.999831968603,2999.9999239753456,2999.9997984999877
2030-02-09 05:00:00,2999.9998826696205,2999.9999751434234,2999.9998214376374
2030-02-09 06:00:00,2999.9998875209176,2999.9999860406706,2999.9998123862483
2030-02-09 07:00:00,2999.999814632729,2999.999984420575,2999.9997625863
2030-02-09 08:00:00,2270.6999179798945,2999.999929083908,2270.7000903490675
2030-02-09 09:00:00,135.08903124322424,135.09072120433302,135.08972221895763
2030-02-09 10:00:00,135.08900624028803,135.08907436821664,135.08912742021957
2030-02-09 11:00:00,135.08896253486446,135.0890001270218,135.0890859043671
2030-02-09 12:00:00,135.08872761371177,135.0888059379957,135.08903350848868
2030-02-09 13:00:00,135.08863368842444,135.08866536852292,135.0890383311583
2030-02-09 14:00:00,135.08888236150395,135.08887468705416,135.08910863285993
2030-02-09 15:00:00,135.08899849423847,135.08902035319534,135.0892353485194
2030-02-09 16:00:00,135.08903570969076,135.08938023290756,135.08963205836315
2030-02-09 17:00:00,135.08905742840113,2270.699803210884,2270.6997660596508
2030-02-09 18:00:00,135.08904328830613,2270.698557576631,2270.6987610133024
2030-02-09 19:00:00,135.08904123267007,1718.6914903607621,1718.6917654993504
2030-02-09 20:00:00,135.0890799721019,305.8256811106874,305.82640155879153
2030-02-09 21:00:00,135.09077413374928,2270.6354838932375,2270.6357621211428
2030-02-09 22:00:00,2270.6998349659502,2270.700036184029,2270.700064553732
2030-02-09 23:00:00,2270.699884236466,2270.6998592217005,2270.700020220099
2030-02-10 00:00:00,2681.2485965777896,2681.2485903202046,2681.2487219781324
2030-02-10 01:00:00,2682.7727035628213,2682.7726253360306,2682.7727983077602
2030-02-10 02:00:00,2682.7739519273828,2682.7737958145863,2682.774028071566
2030-02-10 03:00:00,2270.7021489302547,2270.701659020303,2270.702197364879
2030-02-10 04:00:00,2270.7017665166204,2029.4382292966861,2270.7017398553744
2030-02-10 05:00:00,2999.9982553846394,2270.699216480659,2999.998023472419
2030-02-10 06:00:00,2999.9996482988845,2999.9933397316627,2999.9988695291318
2030-02-10 07:00:00,2999.9998101904657,2999.9991865958573,2999.999387036848
2030-02-10 08:00:00,2681.247946002767,2681.2473522712144,2681.247635288429
2030-02-10 09:00:00,135.09010376138963,135.0890541781846,135.09010769797405
2030-02-10 10:00:00,135.08904440393056,135.08827657188704,135.08912181067916
2030-02-10 11:00:00,135.0890071191768,60.00474701174244,135.08907811250901
2030-02-10 12:00:00,135.08899595812116,60.004644833753346,135.08906556981458
2030-02-10 13:00:00,135.08899980438719,60.004489182664656,135.08907601924238
2030-02-10 14:00:00,135.089023946783,60.00456011121878,135.0891162760046
2030-02-10 15:00:00,2270.699821130154,60.00470845009477,2270.699740257706
2030-02-10 16:00:00,2999.9999480394263,135.08902139117515,2999.9977385950265
2030-02-10 17:00:00,2999.999966225838,2999.998624366468,2999.9995002250216
2030-02-10 18:00:00,2999.999918284827,2999.9971254534858,2999.9995079196788
2030-02-10 19:00:00,2999.999768280292,2270.6990338949317,2999.999449827007
2030-02-10 20:00:00,2999.999311583025,2270.698600407038,2999.999175678894
2030-02-10 21:00:00,2999.9986945180094,2999.9975132333857,2999.9986626274194
2030-02-10 22:00:00,2999.99963163636,2999.998766987769,2999.9995521028923
2030-02-10 23:00:00,2999.9991573405396,2999.9987588903678,2999.9991642466975
2030-02-11 00:00:00,2999.999700600708,2999.9995108494104,2999.9997690422206
2030-02-11 01:00:00,2999.999726067732,2999.9994142050546,2999.999780223852
2030-02-11 02:00:00,2999.999755792851,2999.999245162282,2999.9997917124965
2030-02-11 03:00:00,2999.999776217999,2999.9975903222166,2999.9997891106104
2030-02-11 04:00:00,2999.9997330710758,2270.6967900949317,2999.999740898813
2030-02-11 05:00:00,2999.9997346088226,2270.697080046506,2999.99970808378
2030-02-11 06:00:00,2999.9997963208352,2270.699825902476,2999.9997014285536
2030-02-11 07:00:00,2999.9998792871197,2999.997453510732,2999.9997213656998
2030-02-11 08:00:00,2999.9970557355764,305.8289229992635,2999.9969848163328
2030-02-11 09:00:00,305.82381366539465,135.0889934610559,305.8238855708016
2030-02-11 10:00:00,135.08904685556226,60.00475424396518,135.08916752261612
2030-02-11 11:00:00,135.0890037812643,60.004657204115574,135.0891137928338
2030-02-11 12:00:00,135.08899245122905,59.99980327966186,135.0891033992283
2030-02-11 13:00:00,135.08899538245473,12.527368556119654,135.08911490944305
2030-02-11 14:00:00,135.08901552372353,12.527374042617339,135.08918089086816
2030-02-11 15:00:00,2270.6997231384644,60.00450033879315,2270.699771771416
2030-02-11 16:00:00,2999.9999435204118,135.08894973207663,2999.9996876796426
2030-02-11 17:00:00,2999.999975621004,2999.998555284652,2999.9998238683947
2030-02-11 18:00:00,2999.999976742758,2999.998512680001,2999.999855110399
2030-02-11 19:00:00,2999.9999760874225,2999.9895244926674,2999.999842439629
2030-02-11 20:00:00,2999.999978546841,2270.6997087207496,2999.9998440673394
2030-02-11 21:00:00,2999.9999821771994,2999.9991509528036,2999.9998727170732
2030-02-11 22:00:00,2999.9999866694193,2999.9997717160277,2999.99991168213
2030-02-11 23:00:00,2999.999984758173,2999.9999198053138,2999.9999300689487
2030-02-12 00:00:00,2999.999986670221,2999.999965096603,2999.999912647057
2030-02-12 01:00:00,2999.9999852822425,2999.9999612451584,2999.999910800332
2030-02-12 02:00:00,2999.999984556214,2999.999961142271,2999.9999112158966
2030-02-12 03:00:00,2999.999982352036,2999.999912431118,2999.9999006240423
2030-02-12 04:00:00,2999.9999808112734,2999.9998092046994,2999.999874286116
2030-02-12 05:00:00,2999.999986047891,2999.999952028723,2999.9998944995423
2030-02-12 06:00:00,2999.9999885203406,2999.9999810885056,2999.999893713232
2030-02-12 07:00:00,2999.9999880457012,2999.9999851805787,2999.9998894586347
2030-02-12 08:00:00,2999.9999310256358,2999.999924428164,2999.9997709407075
2030-02-12 09:00:00,305.8278841771648,305.8278821733211,305.82802727778767
2030-02-12 10:00:00,135.0890226404951,135.0890433443965,135.08918617270874
2030-02-12 11:00:00,135.08898427612993,135.08897568006796,135.08911693070058
2030-02-12 12:00:00,135.08888799724747,135.08884969201165,135.08907667509314
2030-02-12 13:00:00,135.0889732075774,135.08883111593605,135.0891084487077
2030-02-12 14:00:00,135.08901585059903,135.08890690213593,135.08917724229315
2030-02-12 15:00:00,2270.6993264769717,135.08948267589403,2270.699347151801
2030-02-12 16:00:00,2999.9999580499084,2999.999502248064,2999.9996950947493
2030-02-12 17:00:00,2999.999985678313,2999.9999618855,2999.9998942317934
2030-02-12 18:00:00,2999.999985511703,2999.9999427427592,2999.9998964217625
2030-02-12 19:00:00,2999.9999703260337,2999.9998615133973,2999.9998733216353
2030-02-12 20:00:00,2999.9999501167003,2999.9997619632804,2999.9998394557942
2030-02-12 21:00:00,2999.999960816089,2999.9999003639577,2999.999880171633
2030-02-12 22:00:00,2999.9999683624224,2999.9999455214875,2999.9999009424755
2030-02-12 23:00:00,2999.999964955229,2999.999947367771,2999.999900245489
2030-02-13 00:00:00,2999.999949023092,2999.999970058749,2999.9999000293164
2030-02-13 01:00:00,2999.999953818664,2999.9999650387026,2999.9999018142435
2030-02-13 02:00:00,2999.999963455938,2999.9999664133384,2999.9999057106643
2030-02-13 03:00:00,2999.999963879433,2999.999930445023,2999.9999010297606
2030-02-13 04:00:00,2999.9999706119797,2999.999838212648,2999.9998824530494
2030-02-13 05:00:00,2999.999983842191,2999.999952603852,2999.999899307286
2030-02-13 06:00:00,2999.9999917486,2999.99998086899,2999.9998955233973
2030-02-13 07:00:00,2999.999990339196,2999.9999846805986,2999.99988635269
2030-02-13 08:00:00,2999.9999880982714,2999.999964172634,2999.999795588478
2030-02-13 09:00:00,2999.9999818054384,2999.9998747687987,2999.9996675761954
2030-02-13 10:00:00,2999.999967417158,2999.9993978562743,2999.999383352133
2030-02-13 11:00:00,2999.999797781382,2999.9954703766734,2999.9955111160325
2030-02-13 12:00:00,2999.9996118028444,2270.699567852071,2270.6999542094773
2030-02-13 13:00:00,2999.9997511258193,305.82621386625124,2270.699797577103
2030-02-13 14:00:00,2999.9999340840545,135.0891313522534,2270.6999755064912
2030-02-13 15:00:00,2999.9999813624654,305.8265655211435,2999.994665409989
2030-02-13 16:00:00,2999.9999891921893,2999.998378805238,2999.999471724068
2030-02-13 17:00:00,2999.9999896008203,2999.999807595178,2999.999834307757
2030-02-13 18:00:00,2999.999986385068,2999.9996205982134,2999.9997789393356
2030-02-13 19:00:00,2999.9999796728193,2999.998600593278,2999.999662166635
2030-02-13 20:00:00,2999.999969710866,2999.9937936438637,2999.9996097661783
2030-02-13 21:00:00,2999.9999604449713,2999.99906317985,2999.999669795783
2030-02-13 22:00:00,2999.9999452848742,2999.999439301463,2999.9997297706095
2030-02-13 23:00:00,2999.999880587454,2999.999283029716,2999.9996858754066
2030-02-14 00:00:00,2999.9996771630977,2999.9994588631666,2999.9995203917615
2030-02-14 01:00:00,2999.9994861366968,2999.999094756542,2999.999347155258
2030-02-14 02:00:00,2999.999483016307,2999.998882294676,2999.99931889042
2030-02-14 03:00:00,2999.9993980505606,2270.6999194830414,2999.9992016418682
2030-02-14 04:00:00,2999.999652819648,135.08945744315506,2999.999314379418
2030-02-14 05:00:00,2999.9998283065233,2999.984005320981,2999.9992836433894
2030-02-14 06:00:00,2999.9999441422624,2999.9991797361245,2999.999392868139
2030-02-14 07:00:00,2999.9999395616614,2999.9993535276926,2999.9994008433864
2030-02-14 08:00:00,2999.9993310421414,2999.9979845690914,2999.9980968292616
2030-02-14 09:00:00,135.08916423957794,135.0890320541539,135.0891031291832
2030-02-14 10:00:00,135.08902553175892,135.0888147164933,135.08902554736636
2030-02-14 11:00:00,135.0889939167213,102.25032665373055,135.08897509947477
2030-02-14 12:00:00,135.0889021288639,102.24945766274081,135.08894086653038
2030-02-14 13:00:00,135.08875147978625,102.24916705430496,135.08887236789565
2030-02-14 14:00:00,135.08897723304358,102.24926852678891,135.08902620642743
2030-02-14 15:00:00,135.08900244640694,135.086516167833,135.08905534837228
2030-02-14 16:00:00,135.0890080159096,135.08897379643045,135.0891099420031
2030-02-14 17:00:00,135.0889966907827,135.08906860945717,135.0891595050316
2030-02-14 18:00:00,135.0887389455247,135.08899624037895,135.0891115362074
2030-02-14 19:00:00,59.99991433306892,135.08832149221507,135.08905039946694
2030-02-14 20:00:00,0.00023060436888044933,102.24958514364148,135.08903376139028
2030-02-14 21:00:00,4.417174135756488e-05,135.08864608685235,135.08905004720873
2030-02-14 22:00:00,1.9482657958753203e-05,135.08857589826312,135.08905370724278
2030-02-14 23:00:00,1.2772463612536672e-05,135.0881686698176,135.08904705805253
2030-02-15 00:00:00,8.648813916396834e-06,135.08883475693293,135.0890462482708
2030-02-15 01:00:00,7.755178077561656e-06,135.0882636968954,135.08902127220972
2030-02-15 02:00:00,7.5611135083388265e-06,60.006946467009584,135.08900154369985
2030-02-15 03:00:00,7.977029089235928e-06,60.00466529123787,135.089020064338
2030-02-15 04:00:00,9.381195013702381e-06,59.999820683079385,135.08903936498808
2030-02-15 05:00:00,1.3958396055650133e-05,60.004615283444764,135.08902818760725
2030-02-15 06:00:00,1.9456271729723085e-05,60.00472194168924,135.08900291631133
2030-02-15 07:00:00,2.4729132412634544e-05,60.00478492545699,135.08897209047672
2030-02-15 08:00:00,1.812852077326018e-05,60.004704223339296,135.08892633301002
2030-02-15 09:00:00,1.2446344757927558e-05,60.00447594555226,135.0888409239093
2030-02-15 10:00:00,1.0091860997025479e-05,59.99999235919495,135.08862682400584
2030-02-15 11:00:00,7.5741752482584664e-06,59.94626089881967,135.08697067026714
2030-02-15 12:00:00,5.979225249472887e-06,12.527485302708689,135.08154272222723
2030-02-15 13:00:00,5.955172746255258e-06,12.527328217553077,114.38808679887568
2030-02-15 14:00:00,7.374276613656591e-06,12.527309575314575,114.38622732875452
2030-02-15 15:00:00,1.2254430082885904e-05,12.527319663168782,135.0878614043562
2030-02-15 16:00:00,3.0096528468375022e-05,12.527699191113683,135.0887989020289
2030-02-15 17:00:00,5.5965567273234446e-05,60.00462043876087,135.0889508804803
2030-02-15 18:00:00,6.648631369898794e-05,60.004508577112574,135.08898201326647
2030-02-15 19:00:00,6.012992997011948e-05,60.00046464222396,135.08895918760663
2030-02-15 20:00:00,5.788111775473226e-05,59.99965201491665,135.08893850213943
2030-02-15 21:00:00,8.234259996827797e-05,60.004306387359975,135.088928325099
2030-02-15 22:00:00,45.41615097150829,60.00454975089633,135.08894507784316
2030-02-15 23:00:00,59.99967756957093,60.004583715620356,135.08894124110702
2030-02-16 00:00:00,59.999924613819964,60.00469683711474,135.08882382364143
2030-02-16 01:00:00,60.00003990909915,60.004668645861784,135.0888690433694
2030-02-16 02:00:00,60.002833071685906,60.004677641483795,135.08887947160565
2030-02-16 03:00:00,102.24941754006359,60.00516574749054,135.08893222201914
2030-02-16 04:00:00,135.0889914798654,60.00467112126674,135.0890735659142
2030-02-16 05:00:00,135.08901935159585,79.27632024377272,135.08907977740637
2030-02-16 06:00:00,135.0890975172615,135.08884626797953,135.0891180855703
2030-02-16 07:00:00,135.0892887978926,135.08899601069515,135.08920909813398
2030-02-16 08:00:00,135.0890290581703,135.08888991869367,135.089074909822
2030-02-16 09:00:00,135.0890022497652,135.08154567803558,135.0890269843754
2030-02-16 10:00:00,135.08887819962814,60.02784901981613,135.0889395162054
2030-02-16 11:00:00,102.32298262407187,60.00486151048881,102.3230548729496
2030-02-16 12:00:00,102.28078420942558,60.004724470607265,102.28093183944182
2030-02-16 13:00:00,102.32310415941353,60.00470147541,102.3231890559809
2030-02-16 14:00:00,135.08879784198325,60.00467866422696,135.08886760780078
2030-02-16 15:00:00,135.0889889254774,60.00474214335918,135.08900908636852
2030-02-16 16:00:00,135.08899472035202,79.27699850889718,135.08903883822876
2030-02-16 17:00:00,135.08897156288438,135.08890959592736,135.0890718610235
2030-02-16 18:00:00,102.249348670166,102.24939250530042,135.08888042081352
2030-02-16 19:00:00,60.002539501919834,60.0047684156516,135.08881976023622
2030-02-16 20:00:00,59.999983413183145,60.00470093648867,135.08872280246214
2030-02-16 21:00:00,45.41605064559327,60.005718160136894,135.0886284417047
2030-02-16 22:00:00,45.41406812615443,79.27599924193055,135.0887326809334
2030-02-16 23:00:00,7.525292405643259e-05,60.004726870953164,135.08868529326355
2030-02-17 00:00:00,2.4921276452176585e-05,60.00480100445616,135.08893983961784
2030-02-17 01:00:00,1.8952624126009742e-05,60.004722400822175,135.088947807566
2030-02-17 02:00:00,1.73895102015359e-05,60.00469420968511,135.0889429380968
2030-02-17 03:00:00,1.67291351614305e-05,60.00460600984661,135.0889117254119
2030-02-17 04:00:00,1.694969705567928e-05,60.002526751181335,135.08882723371292
2030-02-17 05:00:00,2.022974659608372e-05,60.00447172835629,135.0884495985556
2030-02-17 06:00:00,2.950871112261666e-05,60.004650517998016,135.08686067154014
2030-02-17 07:00:00,4.8156767492620074e-05,60.0047054148763,102.2522017247899
2030-02-17 08:00:00,5.827719562747338e-05,60.004681299322854,102.25001773911356
2030-02-17 09:00:00,5.232266156065204e-05,60.0043229759458,102.24944689353698
2030-02-17 10:00:00,0.00010579462388852934,59.999689463321374,60.000800211405924
2030-02-17 11:00:00,4.853820309082806e-05,45.417328889697274,45.417525900039365
2030-02-17 12:00:00,3.762184517861942e-05,12.52739708137937,12.527562901144165
2030-02-17 13:00:00,3.967312811951557e-05,12.527331810933902,12.527519883660023
2030-02-17 14:00:00,6.085168658048221e-05,12.52732932201161,12.528066095159213
2030-02-17 15:00:00,12.527797052050673,12.527963301326054,102.24920898437396
2030-02-17 16:00:00,60.00002616687849,60.00046482801131,102.24978610579126
2030-02-17 17:00:00,60.002514282340975,60.004681519784754,135.0886986833675
2030-02-17 18:00:00,60.00260809176234,60.00469802622774,135.08886427710803
2030-02-17 19:00:00,60.00261973865437,60.00465472425458,135.0887665643222
2030-02-17 20:00:00,60.002782169577586,60.00460947639197,135.08864423724515
2030-02-17 21:00:00,60.004732500527,60.00485207699785,135.08869969653642
2030-02-17 22:00:00,60.00504190801206,60.00520818500081,135.08880236434925
2030-02-17 23:00:00,60.00473682192118,60.005023567826356,135.08877077930902
2030-02-18 00:00:00,60.00292214272509,60.005027508510956,135.088639232947
2030-02-18 01:00:00,60.002641400573026,60.00475734424799,135.08871661283047
2030-02-18 02:00:00,60.00222556729338,60.004698649534475,135.08871623157665
2030-02-18 03:00:00,60.00009181386365,60.004537170083495,135.08881752111392
2030-02-18 04:00:00,60.00000739118968,60.000220313943885,135.0888350991317
2030-02-18 05:00:00,60.00001373511854,60.000344537089404,135.08848647527702
2030-02-18 06:00:00,60.00001824455376,60.001393472057316,134.97801751390227
2030-02-18 07:00:00,59.99999935257033,60.003806097640336,102.24963608618908
2030-02-18 08:00:00,45.41596196982881,60.00016689915666,102.24925850606856
2030-02-18 09:00:00,0.00010761375455990169,12.52759144261563,12.533878734443576
2030-02-18 10:00:00,7.697998881986634e-05,12.527328621032211,12.527509732967719
2030-02-18 11:00:00,3.0285538893830322e-05,12.527306534206218,12.527345547325305
2030-02-18 12:00:00,2.199170281069964e-05,12.527291550191554,12.527339067217554
2030-02-18 13:00:00,2.1140814209762818e-05,12.527286450071188,12.527421325179144
2030-02-18 14:00:00,2.1825998068761964e-05,12.527285733172903,12.527637515477833
2030-02-18 15:00:00,2.948606138853603e-05,12.527290260551126,60.00133130387162
2030-02-18 16:00:00,4.3801232513785945e-05,12.527309704584518,102.24932003810318
2030-02-18 17:00:00,4.773805756061922e-05,12.530696812275892,135.02901711687628
2030-02-18 18:00:00,3.6511491089186165e-05,16.55075468691848,135.08831827987655
2030-02-18 19:00:00,2.346630604106006e-05,12.527650260037262,135.0877679122941
2030-02-18 20:00:00,1.7314862816419918e-05,12.527394529491412,135.08655985767456
2030-02-18 21:00:00,1.5026007599081593e-05,12.527772282232945,135.08316129191553
2030-02-18 22:00:00,1.1952131121842235e-05,59.96154515850321,135.08636547877813
2030-02-18 23:00:00,1.0470813318792214e-05,60.003561881006135,135.08406577676033
2030-02-19 00:00:00,1.4846657407889761e-05,60.00443919012796,135.08876494867908
2030-02-19 01:00:00,1.486241763368849e-05,60.00425072038615,135.0887955324779
2030-02-19 02:00:00,1.5876994994641392e-05,60.00420441848928,135.0887874396276
2030-02-19 03:00:00,1.7989953289993426e-05,60.00007532054224,135.08887194963518
2030-02-19 04:00:00,2.801817299769027e-05,45.41129447856039,135.08892823736366
2030-02-19 05:00:00,8.524746782995683e-05,60.004110357407626,135.08891134488294
2030-02-19 06:00:00,0.000256737495874404,60.00468933310185,135.08883471237274
2030-02-19 07:00:00,0.00028205857855647466,60.00479043909945,135.08870401274427
2030-02-19 08:00:00,0.00010576108312760265,60.0046756665578,135.08815586934443
2030-02-19 09:00:00,2.9815849534912373e-05,60.003880562748236,135.07990604391946
2030-02-19 10:00:00,6.729269300280014e-05,59.99539655652097,102.25166500373632
2030-02-19 11:00:00,2.651684423135288e-05,12.527992994489978,102.24974854987425
2030-02-19 12:00:00,1.7035169560244513e-05,12.527337739967853,102.24948005607689
2030-02-19 13:00:00,1.5917378041145118e-05,12.52730230342786,102.24943277225411
2030-02-19 14:00:00,2.3378848950508618e-05,12.52729889802049,102.24944306744591
2030-02-19 15:00:00,0.00010943026298720498,12.52731234480143,102.24953624805033
2030-02-19 16:00:00,59.99998802854215,60.00010891820538,102.2525900394241
2030-02-19 17:00:00,60.00267530481253,60.00477013274849,135.08863965343062
2030-02-19 18:00:00,60.00265925460553,60.005854140437805,135.0888097311338
2030-02-19 19:00:00,60.00252476671079,60.004695757644186,135.0886965710224
2030-02-19 20:00:00,60.00104274568366,60.00465335934871,135.08855938411477
2030-02-19 21:00:00,60.00014087728668,60.004772609620886,135.08844453609436
2030-02-19 22:00:00,60.00259700826075,79.27612141214831,135.08855516897165
2030-02-19 23:00:00,60.002547655063914,135.08674087324925,135.08865687307934
2030-02-20 00:00:00,60.00257637993003,135.08881756945445,135.08898950145462
2030-02-20 01:00:00,60.00263522297827,135.08869331678306,135.08896906105474
2030-02-20 02:00:00,77.39053555888067,135.08865359809806,135.08896128727793
2030-02-20 03:00:00,102.25059555380847,102.25085807842515,135.08885101206397
2030-02-20 04:00:00,135.08747880783176,135.0873751476698,135.08895654944317
2030-02-20 05:00:00,135.08899235428913,135.08895660397502,135.08907276367427
2030-02-20 06:00:00,135.08901052566216,135.08902659984506,135.08908286300274
2030-02-20 07:00:00,135.0890128679557,135.08903498120526,135.08906862032333
2030-02-20 08:00:00,135.08895262437844,135.0888962319948,135.08901355433608
2030-02-20 09:00:00,60.004796122908054,60.004711001375654,102.2488585497481
2030-02-20 10:00:00,60.00006993324135,60.00006299841152,60.00096149126491
2030-02-20 11:00:00,45.41598385706138,45.4152817589802,45.41655745309786
2030-02-20 12:00:00,45.41596468399293,12.527426073253025,45.41631271956709
2030-02-20 13:00:00,45.41619370659886,12.527372019805625,45.41653082643471
2030-02-20 14:00:00,59.99999782510446,12.527437512220786,60.00028593457546
2030-02-20 15:00:00,102.23810365311755,60.00372791148584,102.24666114345172
2030-02-20 16:00:00,135.08899796784235,60.004879746116195,135.0889893302856
2030-02-20 17:00:00,135.0890185631034,135.08899478743842,135.08906815814407
2030-02-20 18:00:00,135.08900252025978,135.08901880162466,135.08907344698093
2030-02-20 19:00:00,135.08896741299682,135.08896900646778,135.08905211519414
2030-02-20 20:00:00,135.08848186991418,135.0885557379843,135.0889533653066
2030-02-20 21:00:00,77.39280031991744,135.08876303896614,135.08893921551044
2030-02-20 22:00:00,60.00196178965294,135.0889746107414,135.08900334945884
2030-02-20 23:00:00,60.000014463297966,135.08898705202319,135.08900571848608
2030-02-21 00:00:00,59.99995590573326,135.08903886659058,135.08904116112453
2030-02-21 01:00:00,59.999900105707816,135.0890264891159,135.08903951511638
2030-02-21 02:00:00,59.999916064689415,135.0890252685067,135.0890387863792
2030-02-21 03:00:00,59.999955688031164,135.08896241399452,135.08903426445067
2030-02-21 04:00:00,60.00000993235426,135.08821240979086,135.08899900672088
2030-02-21 05:00:00,60.000411058650364,135.08900363029352,135.08904039748995
2030-02-21 06:00:00,60.00258310136451,135.08910020134408,135.0890465549714
2030-02-21 07:00:00,60.0024767136253,135.08911580563745,135.08902836126123
2030-02-21 08:00:00,45.416009048065625,135.08889368536157,135.08888451623613
2030-02-21 09:00:00,0.00013207521161029312,60.004706664310106,102.2485156968079
2030-02-21 10:00:00,6.401945905223256e-05,60.00327071235279,60.00350014552804
2030-02-21 11:00:00,4.263791690993352e-05,12.52746348398523,12.527643501562682
2030-02-21 12:00:00,4.1741391617200405e-05,12.52732604785734,12.527453399599707
2030-02-21 13:00:00,6.15234735934858e-05,12.527312658674418,12.52748933887378
2030-02-21 14:00:00,0.000245387590030765,12.52733088371042,12.527892318699392
2030-02-21 15:00:00,59.999861004217934,60.00022732071466,102.24857588200638
2030-02-21 16:00:00,60.00260740344496,60.00471615379646,102.24933138480266
2030-02-21 17:00:00,102.24881769845543,135.08899479695356,135.08901375152072
2030-02-21 18:00:00,77.39228968607404,135.08902461529397,135.0890254170751
2030-02-21 19:00:00,60.00346320904963,135.08894271569716,135.08900666320642
2030-02-21 20:00:00,60.002645515315635,135.08872306521923,135.08896145663147
2030-02-21 21:00:00,60.002587278359655,135.0889779812942,135.0890076673304
2030-02-21 22:00:00,60.00254302029626,135.08900884171908,135.0890160529725
2030-02-21 23:00:00,60.00025455504265,135.08900378912313,135.08901550040537
2030-02-22 00:00:00,60.000022520965196,135.08904083714862,135.0890373701882
2030-02-22 01:00:00,60.000014882418135,135.08902565791232,135.0890349800793
2030-02-22 02:00:00,60.000019408180684,135.0890205690157,135.08903447397824
2030-02-22 03:00:00,60.00005687548974,135.08893382262067,135.08902728305293
2030-02-22 04:00:00,60.0024917629089,114.3335250335988,135.08898535958681
2030-02-22 05:00:00,70.88813687779027,135.08897187501498,135.0890324932434
2030-02-22 06:00:00,77.39219015935123,135.08904789364624,135.0890353620918
2030-02-22 07:00:00,70.88807303462758,135.08904573885502,135.08901133900739
2030-02-22 08:00:00,59.99998585143189,135.0819734509055,135.0822098477152
2030-02-22 09:00:00,0.00013209248372164718,60.00447615979556,102.24820756336295
2030-02-22 10:00:00,6.091998381843339e-05,12.527485344154229,12.527972543351016
2030-02-22 11:00:00,2.6797518850893206e-05,12.52731032695192,12.527466416236289
2030-02-22 12:00:00,2.0351468854546586e-05,12.527296337908314,12.527412693390588
2030-02-22 13:00:00,2.0711785835191924e-05,12.527293246454065,12.527472957836418
2030-02-22 14:00:00,3.701835622236501e-05,12.527298930738652,12.527958505765547
2030-02-22 15:00:00,0.0005475229701309712,12.527360960771148,102.24862222211493
2030-02-22 16:00:00,60.000000453503695,60.00445079770995,102.24930770350363
2030-02-22 17:00:00,60.0000772475855,79.27236423602517,135.08881836189084
2030-02-22 18:00:00,59.999985560341884,60.03802785423068,135.08889000238267
2030-02-22 19:00:00,45.415939086822384,60.004687325195846,135.08886115441783
2030-02-22 20:00:00,0.00030806246468273457,60.00461068464211,135.08883507159305
2030-02-22 21:00:00,6.036512904196059e-05,60.0046814182424,135.0888163740292
2030-02-22 22:00:00,2.2617608574974486e-05,60.00465263728984,135.0888479210007
2030-02-22 23:00:00,1.5711835529234317e-05,60.00465471422285,135.08884249026778
2030-02-23 00:00:00,1.0199474913426502e-05,60.004726624666,135.08888118425696
2030-02-23 01:00:00,9.141835016450654e-06,60.00468285625175,135.08889784410258
2030-02-23 02:00:00,8.577069446962113e-06,60.00467100936203,135.08890574146972
2030-02-23 03:00:00,8.528915106907306e-06,60.0044063833011,135.08893384962448
2030-02-23 04:00:00,1.0305344403604977e-05,59.99964186128948,135.08895516321317
2030-02-23 05:00:00,1.682010917666949e-05,60.00461559915584,135.0889420446838
2030-02-23 06:00:00,2.5316778192063794e-05,60.004783300702,135.0889000078376
2030-02-23 07:00:00,3.7724430451917315e-05,60.00583268128685,135.08877473135277
2030-02-23 08:00:00,5.23010117473357e-05,60.00475384094583,135.0881570732188
2030-02-23 09:00:00,6.1774002236854e-05,60.00463298642444,102.2540946365868
2030-02-23 10:00:00,0.00021519560813618432,60.004457424272914,102.24957921377805
2030-02-23 11:00:00,6.522992523462365e-05,60.00137894447471,102.24919232504912
2030-02-23 12:00:00,5.186700222757651e-05,60.00008975490762,102.24917591203067
2030-02-23 13:00:00,5.5036109616836e-05,50.78692854005931,102.24936604552184
2030-02-23 14:00:00,8.30096009311699e-05,45.418258154434625,102.2498559433825
2030-02-23 15:00:00,0.0004861010503891184,59.987560660893905,102.27141802771725
2030-02-23 16:00:00,45.415805082932906,60.00374806109206,135.0879724411511
2030-02-23 17:00:00,45.415756727421915,60.00469310653989,135.08868510242428
2030-02-23 18:00:00,0.0012081232134733,60.004681057508606,135.0887926005147
2030-02-23 19:00:00,8.533168288797764e-05,60.004612349217496,135.08871244373677
2030-02-23 20:00:00,3.5750838833337184e-05,60.0045212163307,135.08862664281716
2030-02-23 21:00:00,2.1756636927619072e-05,60.004669136339544,135.0885900649364
2030-02-23 22:00:00,1.5818373202580656e-05,60.00472090486892,135.08865990983395
2030-02-23 23:00:00,1.1968411121169288e-05,60.0045965347872,135.0886252781811
2030-02-24 00:00:00,8.188123215197912e-06,60.004640026641226,102.24920702272891
2030-02-24 01:00:00,7.8489316950783e-06,60.004551354074465,102.24925907805755
2030-02-24 02:00:00,7.442892626691899e-06,60.0041086537658,102.24922739103567
2030-02-24 03:00:00,7.104008735151159e-06,59.99984560646317,102.24914570983128
2030-02-24 04:00:00,6.166939783724956e-06,12.527653121623727,102.24907152240272
2030-02-24 05:00:00,7.946783087373602e-06,45.41535205271066,102.2489812190679
2030-02-24 06:00:00,9.707752724352758e-06,59.99988434857369,102.24893946298474
2030-02-24 07:00:00,1.2588477667232446e-05,60.001381383583066,102.24883704786497
2030-02-24 08:00:00,1.1555752953602808e-05,60.001279179823136,102.24850664342807
2030-02-24 09:00:00,1.0253568361108259e-05,59.99940836211681,59.99983014140593
2030-02-24 10:00:00,1.3965935866717124e-05,12.527855281247867,12.527974426839103
2030-02-24 11:00:00,1.1360712134315384e-05,12.527382825988752,12.527353473707825
2030-02-24 12:00:00,9.315167544083955e-06,12.52731035262077,12.527205549434314
2030-02-24 13:00:00,9.18318301285443e-06,12.52729751901279,12.527218263883567
2030-02-24 14:00:00,1.0060914260169143e-05,12.52729509276196,12.527303429608368
2030-02-24 15:00:00,1.3669869873935531e-05,12.527306927276186,12.527588841626033
2030-02-24 16:00:00,1.7920487392239162e-05,12.527543903605595,102.24842707416957
2030-02-24 17:00:00,1.799553193173708e-05,60.00368947826246,102.24910561483193
2030-02-24 18:00:00,1.3993158972880337e-05,60.004019110615445,102.24952617101782
2030-02-24 19:00:00,1.1342729973658003e-05,60.00125477769143,102.2490978873966
2030-02-24 20:00:00,1.002084718493279e-05,60.0009898902417,102.24898277399656
2030-02-24 21:00:00,1.0925558238709693e-05,60.004516290274296,102.24899903464484
2030-02-24 22:00:00,1.4818785371948522e-05,60.00465338810409,102.24905981820211
2030-02-24 23:00:00,1.2993494328293247e-05,60.00463831028719,102.24902043834572
2030-02-25 00:00:00,1.5186938836451575e-05,60.004658576441514,102.24912079016872
2030-02-25 01:00:00,1.953174558307703e-05,60.004594439022185,102.24913591188943
2030-02-25 02:00:00,2.662935245205404e-05,60.00437191384208,102.24909694741018
2030-02-25 03:00:00,3.137542696075269e-05,60.0000261394498,102.24921271566654
2030-02-25 04:00:00,3.4919245990749914e-05,12.527422586467221,102.24931494682144
2030-02-25 05:00:00,4.4344264070186285e-05,12.527445187884041,102.24903877254383
2030-02-25 06:00:00,7.107343208190287e-05,12.527551811775083,102.24888231957735
2030-02-25 07:00:00,0.00010702689967987761,16.548921798755146,102.24874126799281
2030-02-25 08:00:00,5.4982479252427304e-05,16.543760736524256,102.24575241728944
2030-02-25 09:00:00,3.399550566354283e-05,12.527430049593931,12.5277630442157
2030-02-25 10:00:00,2.4184684007264658e-05,12.527323813786097,12.527401269793938
2030-02-25 11:00:00,1.3528513699195662e-05,12.527307430049405,12.52731357368734
2030-02-25 12:00:00,9.787416377914538e-06,12.527290492000466,12.527260888962005
2030-02-25 13:00:00,9.743708648730455e-06,12.527285794845739,12.52729120523453
2030-02-25 14:00:00,1.3187193457935204e-05,12.52728545631453,12.52740248103478
2030-02-25 15:00:00,2.7143448745611654e-05,12.527288914633573,12.52823972469712
2030-02-25 16:00:00,0.00010060784931963075,12.527302249781723,102.24857942672861
2030-02-25 17:00:00,0.00033175327282340374,12.527470715634081,102.24894630145445
2030-02-25 18:00:00,0.00022577150957658887,14.798746829303127,102.24915476071143
2030-02-25 19:00:00,0.00012243085408642716,12.527518968760887,102.24903736825672
2030-02-25 20:00:00,0.00013102084267302416,12.527378666279219,102.24897686068994
2030-02-25 21:00:00,0.0004304114934061708,12.527566200829824,102.24894430067707
2030-02-25 22:00:00,45.41588548543988,45.416589015751015,102.24897002022863
2030-02-25 23:00:00,45.41599740523283,60.0003617839875,102.24894870301341
2030-02-26 00:00:00,45.416858192144474,60.003468864916655,102.25069692092899
2030-02-26 01:00:00,59.99989937376806,60.00146584616414,102.2546296687824
2030-02-26 02:00:00,59.99995348230299,60.00087725915819,102.25293662115564
2030-02-26 03:00:00,59.99997931568495,60.0000086918817,135.08526679327497
2030-02-26 04:00:00,60.000015453390006,59.99986233272082,135.08801514009474
2030-02-26 05:00:00,102.24905247212129,60.00465159684336,135.0879799419672
2030-02-26 06:00:00,135.08858846843577,60.00510261061754,135.0888000254733
2030-02-26 07:00:00,135.08883490851449,79.27245083670368,135.08890567192373
2030-02-26 08:00:00,135.08864680265785,60.00498267954467,135.08877266611825
2030-02-26 09:00:00,135.0873400218029,60.00463328624028,135.08750106100646
2030-02-26 10:00:00,135.08872933195644,60.00150980930903,135.08871167864143
2030-02-26 11:00:00,135.08718682675294,59.996867565268076,135.0871565396139
2030-02-26 12:00:00,102.24868013765774,12.527701331092606,102.24879948976036
2030-02-26 13:00:00,102.24839355071829,12.527388844341658,102.24861935126762
2030-02-26 14:00:00,102.24854125425637,12.527400826063968,102.24874003734638
2030-02-26 15:00:00,135.08862342864322,45.417483648132475,135.08860576332688
2030-02-26 16:00:00,135.08900176060115,60.00433183915394,135.0889156839536
2030-02-26 17:00:00,135.0890189393328,79.27679642954809,135.08896763903704
2030-02-26 18:00:00,135.08901871736725,88.64254111932769,135.08897385181845
2030-02-26 19:00:00,135.08901921839237,67.11423523045323,135.0889690250615
2030-02-26 20:00:00,135.08902691796357,67.09206636351561,135.0889698119118
2030-02-26 21:00:00,135.08904914959314,135.08002837627737,135.0889753084739
2030-02-26 22:00:00,135.089109805112,135.0887328565541,135.0890038819034
2030-02-26 23:00:00,135.08915932400643,135.08882884276863,135.0890152098791
2030-02-27 00:00:00,135.08920956254386,135.08898202865808,135.08905290472813
2030-02-27 01:00:00,135.08917266016672,135.08895841762842,135.08904415651796
2030-02-27 02:00:00,135.0891862791809,135.08896453084708,135.0890470836539
2030-02-27 03:00:00,135.0892484396507,135.08881905852195,135.0890413670768
2030-02-27 04:00:00,135.09272903263718,102.25070987972374,135.08905743068186
2030-02-27 05:00:00,305.8279147830505,135.08898097428664,135.08913389602276
2030-02-27 06:00:00,2999.999695032192,135.08905084532944,135.08913681369907
2030-02-27 07:00:00,305.8263763917411,135.08905810437318,135.0890863202585
2030-02-27 08:00:00,135.0890573609136,135.08889026304738,135.08896380834295
2030-02-27 09:00:00,135.08901217343217,79.27668240461753,135.08870056647342
2030-02-27 10:00:00,135.08896876170033,60.00466829166453,135.0879697025678
2030-02-27 11:00:00,135.08777079117064,60.004575783316795,114.34122616704086
2030-02-27 12:00:00,114.33951293608217,60.00392281534544,114.33796667270497
2030-02-27 13:00:00,114.3394469543411,60.00053243153161,114.33883865466797
2030-02-27 14:00:00,135.08868823537145,60.002357241253776,135.08805571329975
2030-02-27 15:00:00,135.08899022620258,60.0046287314035,135.08873181231513
2030-02-27 16:00:00,135.08900636470455,60.00505741149241,135.088903316475
2030-02-27 17:00:00,135.08901036057796,135.08882662007454,135.08898380952996
2030-02-27 18:00:00,135.08900481818,135.0889400801325,135.08899954527874
2030-02-27 19:00:00,135.08897837360487,135.08870415292222,135.08897369257375
2030-02-27 20:00:00,135.088858295293,135.088312570219,135.0889278969229
2030-02-27 21:00:00,135.08882804938656,135.08872573607732,135.08892700047
2030-02-27 22:00:00,135.088744924162,135.08874563189056,135.0889075125133
2030-02-27 23:00:00,135.08810379402286,135.08820372358787,135.08861196762064
2030-02-28 00:00:00,102.24873766188523,135.0881503695611,135.08853985608022
2030-02-28 01:00:00,77.39231509260162,135.08277430375892,135.08766330262824
2030-02-28 02:00:00,60.00485914981361,135.06414762858003,135.08763352134793
2030-02-28 03:00:00,60.00484096552009,79.27686013069706,135.088353590716
2030-02-28 04:00:00,60.00494145417906,60.00503948839986,135.08862578739596
2030-02-28 05:00:00,102.24860808124556,102.24895486345758,135.0885672816412
2030-02-28 06:00:00,102.24872704272457,135.08817510847257,135.08866997576172
2030-02-28 07:00:00,102.2487298009061,135.0875746430056,135.08783995433703
2030-02-28 08:00:00,79.27701354601605,79.27718629434052,102.24876096625667
2030-02-28 09:00:00,60.00001770309811,60.00459644337661,60.00498874055708
2030-02-28 10:00:00,60.00017730666585,60.00031567712631,60.000481346452005
2030-02-28 11:00:00,59.9998200435622,59.999838679204004,59.99996124255729
2030-02-28 12:00:00,12.527381979833143,12.527431232353047,12.527560516322922
2030-02-28 13:00:00,12.527225795228773,12.527338763795342,12.527473670769677
2030-02-28 14:00:00,12.5273538590535,12.527396056401813,12.527718129941434
2030-02-28 15:00:00,59.999977433692834,60.00001787054043,60.00088743204134
2030-02-28 16:00:00,60.00408814304138,60.0046604954681,102.24882949377795
2030-02-28 17:00:00,70.88809861734161,70.92996097522246,102.25041085642624
2030-02-28 18:00:00,60.000181760546184,79.27742663144818,120.79965277289591
2030-02-28 19:00:00,59.999996831641745,60.00530159420941,102.25298397918232
2030-02-28 20:00:00,59.99989572075356,60.0048568498731,102.24973340377682
2030-02-28 21:00:00,59.9997602750791,60.00619745116637,102.24945386238778
2030-02-28 22:00:00,60.000011046230846,79.27734041077656,102.24986145556522
2030-02-28 23:00:00,59.99999696303111,79.2772028136551,102.24971655002719
2030-03-01 00:00:00,60.00000186732447,120.80544747563115,120.80566250043633
2030-03-01 01:00:00,60.00013454865409,102.24935876650216,102.25038661996678
2030-03-01 02:00:00,102.2487424162898,102.25032525022834,102.25132348941042
2030-03-01 03:00:00,102.24943990371716,102.24950529509806,102.25412455744845
2030-03-01 04:00:00,135.088574709328,120.81960997141886,135.08877031798187
2030-03-01 05:00:00,135.08898322647548,135.0888421290938,135.08897260686263
2030-03-01 06:00:00,135.0890077076674,135.08898538701578,135.08898720461903
2030-03-01 07:00:00,135.08901574132352,135.0889866198022,135.08896668154043
2030-03-01 08:00:00,135.08901067446544,135.08869446006818,135.08889218000704
2030-03-01 09:00:00,135.08900748545528,60.00502701423284,135.08861697061292
2030-03-01 10:00:00,135.08901544883372,60.00462299472747,135.08687500328824
2030-03-01 11:00:00,135.0890104468629,60.00176332839419,102.24961454106736
2030-03-01 12:00:00,135.0890029227978,12.52844928304779,102.24919707680664
2030-03-01 13:00:00,135.08899794271852,12.527420961305324,102.24945063549836
2030-03-01 14:00:00,135.08900117033846,12.52743219416152,135.0803631698914
2030-03-01 15:00:00,135.08901214895437,60.001000908001515,135.08853188961626
2030-03-01 16:00:00,135.08902980923324,60.00470964023227,135.08885961278924
2030-03-01 17:00:00,135.0890429133939,135.08877184670564,135.08895514075994
2030-03-01 18:00:00,135.08902787845454,135.0889111801398,135.08897059610914
2030-03-01 19:00:00,135.08901144162974,135.08859363475403,135.08893970237386
2030-03-01 20:00:00,135.0890038718544,135.08619950341046,135.08892383987072
2030-03-01 21:00:00,135.0890039412435,135.08876646598037,135.08893931486182
2030-03-01 22:00:00,135.0890081842893,135.08887462952225,135.08895045494774
2030-03-01 23:00:00,135.0890011023556,135.08886375074962,135.08894731510372
2030-03-02 00:00:00,135.0889918924513,135.0889467695823,135.08895462412406
2030-03-02 01:00:00,135.08898314988298,135.08890198307654,135.08894828014218
2030-03-02 02:00:00,135.0889611398073,135.0888828052166,135.08894215208056
2030-03-02 03:00:00,135.08895541817176,135.08863591475802,135.08893049787548
2030-03-02 04:00:00,135.0889841346434,102.2487307892086,135.08893331877735
2030-03-02 05:00:00,135.08900739517097,135.08874512616057,135.0889533155987
2030-03-02 06:00:00,135.089019720569,135.0889574824305,135.08896871242905
2030-03-02 07:00:00,135.08902108399658,135.08896505573375,135.0889503711355
2030-03-02 08:00:00,135.08900817023863,135.0887328734596,135.0888800243805
2030-03-02 09:00:00,135.0889898442513,60.005368104581066,135.08849512456044
2030-03-02 10:00:00,135.08888041304732,60.00465853793594,102.25755580753955
2030-03-02 11:00:00,102.24902755211565,60.00457507253668,102.24874709680296
2030-03-02 12:00:00,102.24865680024467,60.00097501688014,102.24851061166889
2030-03-02 13:00:00,102.24846890163218,59.999538180613854,102.24837698721531
2030-03-02 14:00:00,102.24878036996498,59.99943181139679,102.2487235834647
2030-03-02 15:00:00,135.08887346594233,60.00440452074963,135.08804456725852
2030-03-02 16:00:00,135.0890094206705,60.004708249929415,135.08879275177122
2030-03-02 17:00:00,135.08903156507182,135.08839434536367,135.08891953197374
2030-03-02 18:00:00,135.08902940740245,135.08881875562656,135.08894257365716
2030-03-02 19:00:00,135.08901686241805,135.08825401234662,135.08891198675337
2030-03-02 20:00:00,135.08901007428267,135.08713194486378,135.08890142319873
2030-03-02 21:00:00,135.08900753780028,135.08866785782902,135.08891127865354
2030-03-02 22:00:00,135.08900691839375,135.08881535528144,135.0889233030848
2030-03-02 23:00:00,135.08899802923682,135.08771569337478,135.08889183947758
2030-03-03 00:00:00,135.08898456804963,135.08792694682907,135.08889952868404
2030-03-03 01:00:00,135.0889750120014,79.27753427747939,135.0888874021175
2030-03-03 02:00:00,135.08897728907488,79.27543560321647,135.0888847631595
2030-03-03 03:00:00,135.0889857467912,60.00466847687494,135.0888821622957
2030-03-03 04:00:00,135.08899160939836,60.00458529452849,135.0888813268974
2030-03-03 05:00:00,135.0890008032383,60.004631718065866,135.08887206733107
2030-03-03 06:00:00,135.08900873362745,60.004665494313485,135.08886711476615
2030-03-03 07:00:00,135.08901149718812,60.0046925123479,135.08881396634774
2030-03-03 08:00:00,135.08900808458404,60.004633092770995,135.088510324117
2030-03-03 09:00:00,135.08898894518495,59.999792941464875,102.25110347988586
2030-03-03 10:00:00,135.08895737848945,12.527659222126204,102.24896381793415
2030-03-03 11:00:00,135.08885198121635,12.527373102450838,102.24881394037206
2030-03-03 12:00:00,135.0886516676447,12.527308738191111,102.24877427501734
2030-03-03 13:00:00,135.08880505267723,12.527296139904138,102.24882470099288
2030-03-03 14:00:00,135.08897284199355,12.52729422473567,102.24900378123388
2030-03-03 15:00:00,135.08901070163563,12.527304549912515,135.08702290985286
2030-03-03 16:00:00,135.08909657600876,12.527605921103532,135.08879639223855
2030-03-03 17:00:00,135.0922054375091,60.00447390974932,135.0889395287666
2030-03-03 18:00:00,135.08911804333184,60.00464221819948,135.08891742239035
2030-03-03 19:00:00,135.08902615934764,60.00457202423331,135.08888211676458
2030-03-03 20:00:00,135.08901152362978,60.00448294319339,135.08886922671923
2030-03-03 21:00:00,135.08899998625918,60.004627729576896,135.08886331804933
2030-03-03 22:00:00,135.0889260933201,60.004660075052016,135.08884938603842
2030-03-03 23:00:00,135.07819898361817,60.00464632033072,135.07833279924125
2030-03-04 00:00:00,102.24879265679765,60.00464799057712,102.24925559721451
2030-03-04 01:00:00,102.24874420282713,60.0045652075014,102.24926300113293
2030-03-04 02:00:00,102.24878160405724,60.00411841141613,102.24926998521732
2030-03-04 03:00:00,102.24879126521685,45.41796786471059,102.24940229779077
2030-03-04 04:00:00,102.24876994818442,12.527431057602994,102.24949940219895
2030-03-04 05:00:00,102.24876203485474,12.527551675655559,102.24926051610692
2030-03-04 06:00:00,102.24904165847602,12.528484495329394,102.24932043872977
2030-03-04 07:00:00,102.24870810029265,16.550387132443575,102.24888943723346
2030-03-04 08:00:00,60.0000512502519,12.527525722153296,60.00024345537847
2030-03-04 09:00:00,59.99946701547861,12.527317331798258,59.99949913139124
2030-03-04 10:00:00,0.001206894996891576,12.527279470011308,12.52714381948703
2030-03-04 11:00:00,7.827362138954339e-05,12.527277671797492,12.527030725856179
2030-03-04 12:00:00,6.092995729404436e-05,12.527275365211764,12.526974947449588
2030-03-04 13:00:00,0.00010725688089826859,12.527274336660412,12.527050746265273
2030-03-04 14:00:00,12.527060316861997,12.527276578428427,12.527344980846415
2030-03-04 15:00:00,60.00002110762685,12.5272879843169,60.00016619633229
2030-03-04 16:00:00,102.24894351160437,12.527317934352682,102.24905244267117
2030-03-04 17:00:00,135.08880676725073,45.42756799165181,135.08880551003966
2030-03-04 18:00:00,135.08875794384676,60.00458047713437,135.0887993079219
2030-03-04 19:00:00,135.088407382061,60.0045169762343,135.088523416317
2030-03-04 20:00:00,135.08803597532005,60.00365496262077,135.0881758601577
2030-03-04 21:00:00,135.08822586884392,60.00458549211817,135.08833620172754
2030-03-04 22:00:00,135.08853534657376,60.004632030460925,135.08861223603617
2030-03-04 23:00:00,135.088251168775,60.00470762760324,135.0883557353891
2030-03-05 00:00:00,135.08885799995585,60.00533070304793,135.0888759230909
2030-03-05 01:00:00,135.08888003207073,60.00489117372126,135.0888811616378
2030-03-05 02:00:00,135.08896543287707,60.004766960406414,135.08889867054404
2030-03-05 03:00:00,135.0889941275527,60.00463404313541,135.08890785200765
2030-03-05 04:00:00,135.0890081310963,60.00442594840915,135.08891604244556
2030-03-05 05:00:00,135.08902559516832,60.004688796288974,135.08891730975392
2030-03-05 06:00:00,135.0891001720738,60.01047342138281,135.08893209584176
2030-03-05 07:00:00,135.0891115901452,135.0878031149541,135.08892079952506
2030-03-05 08:00:00,135.0890385187604,60.00547637363197,135.08887635436727
2030-03-05 09:00:00,135.08902317577213,60.00463954404768,135.0888052562981
2030-03-05 10:00:00,135.08901364123474,60.004439312916475,135.08869353717876
2030-03-05 11:00:00,135.08900473050406,60.00101479254954,135.08860383140754
2030-03-05 12:00:00,135.08899789182718,59.99994308878406,135.0886229239602
2030-03-05 13:00:00,135.08899933702034,50.76793949974035,135.0886733356661
2030-03-05 14:00:00,135.0890073658155,45.42038265525753,135.08874874640796
2030-03-05 15:00:00,135.08901773579214,59.99924055391966,135.08882419743657
2030-03-05 16:00:00,135.0890407004448,60.004207821298316,135.0888763395431
2030-03-05 17:00:00,135.08902796280125,60.00464471261694,135.08889468119423
2030-03-05 18:00:00,135.08900448253007,60.004746529172735,135.08889603241573
2030-03-05 19:00:00,135.08896178835406,60.004543852275674,135.08888800169098
2030-03-05 20:00:00,135.0887293887372,59.99904618628961,135.08881195374624
2030-03-05 21:00:00,102.2488238786882,60.00020512799074,114.33530259647523
2030-03-05 22:00:00,102.24861213070301,60.0002270033483,114.33580352568788
2030-03-05 23:00:00,60.000079907493124,59.99499334960092,114.33547522684057
2030-03-06 00:00:00,60.00000578328253,59.99893006127997,135.08684411301178
2030-03-06 01:00:00,59.99998839592487,45.41554309078401,135.08741853972242
2030-03-06 02:00:00,59.99997580412989,12.528289583340666,135.08738366908165
2030-03-06 03:00:00,59.99998656733307,12.527362447865016,135.0880721674721
2030-03-06 04:00:00,60.000024203612156,12.527310598736351,135.08838772552159
2030-03-06 05:00:00,60.00127522784371,12.527836604897857,135.08829792482265
2030-03-06 06:00:00,70.88686503401459,45.418572568288255,135.0877411164594
2030-03-06 07:00:00,60.000029771244606,59.99819507776192,102.24954198424086
2030-03-06 08:00:00,12.527303244136228,12.527320088139946,102.24878914379948
2030-03-06 09:00:00,9.681027217882397e-05,12.52728232204845,102.24853226858193
2030-03-06 10:00:00,7.363409320580745e-05,12.527278340929115,102.24700397135457
2030-03-06 11:00:00,3.7402797214431126e-05,12.527276368567072,12.539364432276697
2030-03-06 12:00:00,4.468913523197329e-05,12.52727567722651,12.532323337915216
2030-03-06 13:00:00,0.00010636092247866177,12.5272748768557,12.532913985200086
2030-03-06 14:00:00,12.52718442012143,12.527276222772343,102.24575190902885
2030-03-06 15:00:00,60.00017002133591,12.527284387791042,102.2486393610978
2030-03-06 16:00:00,135.0888499624279,12.527306720499189,135.08881119908773
2030-03-06 17:00:00,135.0889991701381,60.00004741610337,135.08886534487397
2030-03-06 18:00:00,135.08899696889603,60.00463184662112,135.0888719320734
2030-03-06 19:00:00,135.08898097997712,60.004547658357296,135.08886502590303
2030-03-06 20:00:00,135.0889402072844,60.004093339644854,135.08885803842077
2030-03-06 21:00:00,135.08892267974667,60.0046101582775,135.08885031776663
2030-03-06 22:00:00,135.0889068977379,60.004630672045096,135.08884966244477
2030-03-06 23:00:00,135.088953777458,60.00463585862326,135.08885474359886
2030-03-07 00:00:00,135.08897990340057,60.004799770106985,135.08885805273965
2030-03-07 01:00:00,135.0889977913338,60.00471574226867,135.08885780357832
2030-03-07 02:00:00,135.08900530559194,60.004760698512655,135.08885738191293
2030-03-07 03:00:00,135.08901421589965,60.00463190175469,135.0888631567741
2030-03-07 04:00:00,135.08903691517662,60.00451942869206,135.08887880710836
2030-03-07 05:00:00,135.0892364354231,60.00474223743913,135.08890031971805
2030-03-07 06:00:00,135.09187596026078,135.08857153851022,135.0889221926415
2030-03-07 07:00:00,135.08904844413678,135.08861639106544,135.08886096960967
2030-03-07 08:00:00,135.08900207114272,60.00490368432606,135.0887637197333
2030-03-07 09:00:00,135.08678568212872,60.00452716669497,135.0867690081152
2030-03-07 10:00:00,60.00103300553735,59.999173316426095,60.00130145581621
2030-03-07 11:00:00,60.000003251463944,45.41779045067506,60.000162029973474
2030-03-07 12:00:00,60.000018237664904,12.528185656030086,60.00014630050018
2030-03-07 13:00:00,77.3921875010499,12.527476909764118,77.39227068793083
2030-03-07 14:00:00,135.08868735460618,12.527707383989764,135.08821442392713
2030-03-07 15:00:00,135.08900728883975,45.419350061641126,135.0886512764755
2030-03-07 16:00:00,135.089108142851,60.00460002669189,135.08880991822946
2030-03-07 17:00:00,135.09148559588135,135.08853824706694,135.08887739844212
2030-03-07 18:00:00,135.0891550402439,135.08887570476054,135.0889013767564
2030-03-07 19:00:00,135.08903409597715,135.08847293849067,135.08883925578175
2030-03-07 20:00:00,135.08901510262876,114.34096713649451,135.08881245335286
2030-03-07 21:00:00,135.08901238805933,135.0886486938216,135.08882841245304
2030-03-07 22:00:00,135.08900480227652,135.08878975575044,135.08884305930314
2030-03-07 23:00:00,135.08899516736068,135.0887348294491,135.08883283840805
2030-03-08 00:00:00,135.08898705892133,135.08885766402653,135.08886146226942
2030-03-08 01:00:00,135.08898326251315,135.0887500099916,135.08884361335004
2030-03-08 02:00:00,135.08898093741982,135.08866973562453,135.08883172794322
2030-03-08 03:00:00,135.08899057482665,102.24971383243519,135.08881305912473
2030-03-08 04:00:00,135.0890012469008,60.004688188783796,135.088817845786
2030-03-08 05:00:00,135.08900760667177,135.0860649585893,135.08881156514508
2030-03-08 06:00:00,135.08900986269956,135.08869887219316,135.08882298588807
2030-03-08 07:00:00,135.08880203344225,135.088460103334,135.08873918292204
2030-03-08 08:00:00,60.004582824300456,60.0045621665554,102.24785572768354
2030-03-08 09:00:00,12.527285642792242,12.52738619113643,12.52818099319326
2030-03-08 10:00:00,0.0001491160705349113,12.52729288671162,12.527364696806453
2030-03-08 11:00:00,3.3851860535728706e-05,12.527284257820611,12.52727714849338
2030-03-08 12:00:00,2.4612207281794665e-05,12.527282967494283,12.527262289432983
2030-03-08 13:00:00,3.251995882117492e-05,12.52728255087004,12.527306460202704
2030-03-08 14:00:00,9.710018776206862e-05,12.527283995044854,12.527464062706766
2030-03-08 15:00:00,12.527366548510807,12.527309038905514,59.99946815553089
2030-03-08 16:00:00,60.000168537546145,45.41692330913648,102.24809467129246
2030-03-08 17:00:00,60.00457921361991,60.00412747772316,102.2539223177357
2030-03-08 18:00:00,60.00450427060969,60.00439875478696,120.82661004589411
2030-03-08 19:00:00,60.00056102026848,60.00051030230861,120.82502460435444
2030-03-08 20:00:00,60.00000048779293,59.99986538979076,102.25404791062806
2030-03-08 21:00:00,59.99999076176662,59.99998794826115,102.2506735740244
2030-03-08 22:00:00,60.00011932376942,60.00011906362579,102.25123224689196
2030-03-08 23:00:00,60.00002046863835,59.9999979552249,102.25060790319276
2030-03-09 00:00:00,59.999997095848656,60.00006195961521,102.25156950633371
2030-03-09 01:00:00,59.999979633414334,59.99997589434133,102.25646860564666
2030-03-09 02:00:00,59.999990364095304,59.99995660201057,102.26291653193675
2030-03-09 03:00:00,60.000005718169305,59.99955792842411,135.08469846485514
2030-03-09 04:00:00,60.00288567642474,45.41515596975434,135.08678114070167
2030-03-09 05:00:00,60.00471651851915,60.00133596300384,135.0866227256147
2030-03-09 06:00:00,79.26561943106117,60.00456135548393,135.0843595478547
2030-03-09 07:00:00,60.00907364366405,60.00456398938604,102.24884310965795
2030-03-09 08:00:00,60.000018047483046,59.9998244661828,102.248196954091
2030-03-09 09:00:00,10.60276972497338,12.527292910406686,102.24788697473083
2030-03-09 10:00:00,12.52727827754829,12.527290051929413,60.000581533809665
2030-03-09 11:00:00,0.00021691667318798717,12.527282621025734,12.527585198052112
2030-03-09 12:00:00,6.282924402400278e-05,12.527281441562364,12.527428626638837
2030-03-09 13:00:00,5.621569964765047e-05,12.527281607692203,12.527446701331089
2030-03-09 14:00:00,0.00014340685022149144,12.527281949738608,12.527569339104003
2030-03-09 15:00:00,12.527477006884665,12.527298855769004,12.539433542076383
2030-03-09 16:00:00,79.27655784932176,12.527499257856093,102.24772646377475
2030-03-09 17:00:00,135.08899409797,60.00444918731955,135.0885219688182
2030-03-09 18:00:00,135.08899676272085,60.00462547860752,135.08854262376786
2030-03-09 19:00:00,135.08899616821216,60.004571435098114,135.0885289743228
2030-03-09 20:00:00,135.08899450913395,60.004532582296335,135.0885192139621
2030-03-09 21:00:00,135.0889978677513,60.00462295356465,135.08850567199352
2030-03-09 22:00:00,135.08899417184486,60.00469362952572,135.08850118065493
2030-03-09 23:00:00,135.08898771996547,60.00458624163548,135.08848984932774
2030-03-10 00:00:00,135.08887253970025,60.00460605334165,135.08851307146634
2030-03-10 01:00:00,135.0889252664879,60.00456766450134,135.08850086819166
2030-03-10 02:00:00,135.08895711987682,60.004512429542956,135.0884806337508
2030-03-10 03:00:00,135.0889069317049,60.003314798307656,135.0884421464616
2030-03-10 04:00:00,135.08858991518537,50.78221398465082,135.08836019711137
2030-03-10 05:00:00,135.08745808301262,60.0003262699347,135.08750022561708
2030-03-10 06:00:00,135.073022274484,60.0040775643929,135.07335262810724
2030-03-10 07:00:00,60.00438189058648,60.00356566422579,60.006057569792546
2030-03-10 08:00:00,12.527377457113252,12.52738364043946,59.99749756761973
2030-03-10 09:00:00,0.0001580905322535357,12.527283835396702,12.527438764181506
2030-03-10 10:00:00,3.004970440967555e-05,12.527277723776024,12.527273131262291
2030-03-10 11:00:00,1.4093150462016783e-05,12.527276241044092,12.527111830853245
2030-03-10 12:00:00,1.0116987732523204e-05,12.52727485155,12.527007632335554
2030-03-10 13:00:00,1.1964003637638536e-05,12.527274706986645,12.527092277374976
2030-03-10 14:00:00,2.2047904379264278e-05,12.527275747158455,12.527240517965636
2030-03-10 15:00:00,0.00010236173312475622,12.527279072454803,12.527476310509309
2030-03-10 16:00:00,59.99998077813301,12.527327816256502,60.00513370686686
2030-03-10 17:00:00,60.004365872738234,59.99986282980262,60.00693062852637
2030-03-10 18:00:00,60.00232315425819,60.00200542636867,79.27415374970619
2030-03-10 19:00:00,60.00004014874546,59.99989716901746,79.27228682094574
2030-03-10 20:00:00,59.99998352138755,59.99979861339144,67.10404370688107
2030-03-10 21:00:00,59.99997487916365,59.99996741069663,78.91028143607855
2030-03-10 22:00:00,59.99800193082783,59.99973174092793,79.27122935791067
2030-03-10 23:00:00,0.0002619163877409705,59.99962492520808,79.26691621645932
2030-03-11 00:00:00,9.000107502601587e-05,59.999768737861636,60.007395861520806
2030-03-11 01:00:00,6.784701522427655e-05,59.93044473629834,60.007593202735734
2030-03-11 02:00:00,6.653367157639453e-05,12.530185264745342,60.007210367117295
2030-03-11 03:00:00,6.880203920832543e-05,12.527351917442502,70.88679027560102
2030-03-11 04:00:00,7.629649462614907e-05,12.527302058149168,70.89100317360133
2030-03-11 05:00:00,9.752730971008161e-05,12.527304252096656,60.006251108079596
2030-03-11 06:00:00,0.00017426801023655595,12.527311823481796,60.00555568113569
2030-03-11 07:00:00,0.00010807732598085028,12.527311445265696,60.00502634362467
2030-03-11 08:00:00,4.100425653636131e-05,12.527292501508036,12.52761628893542
2030-03-11 09:00:00,3.0154415043253322e-05,12.52728199995181,12.527277873370625
2030-03-11 10:00:00,3.426051836593144e-05,12.527277962737571,12.527072175862791
2030-03-11 11:00:00,2.6367494186735886e-05,12.527276596523734,12.526513299286906
2030-03-11 12:00:00,2.5731223909392544e-05,12.527274198049453,12.525334321061123
2030-03-11 13:00:00,2.5522488420539687e-05,12.52727284906814,12.526563355222864
2030-03-11 14:00:00,3.3424064079145206e-05,12.527272936964437,12.527115538012547
2030-03-11 15:00:00,7.695442374734146e-05,12.527274851127913,12.52733968798962
2030-03-11 16:00:00,12.527149404408789,12.527280799187384,59.99758022167326
2030-03-11 17:00:00,12.527647749218387,12.527335601914274,60.005331453310816
2030-03-11 18:00:00,12.52758957340393,12.52746464698248,60.005756216345546
2030-03-11 19:00:00,12.527280672768377,12.52730929745303,60.00559211199197
2030-03-11 20:00:00,12.526515945275605,12.527293121071278,60.00551911119298
2030-03-11 21:00:00,0.0006944599443643395,12.527299752407998,60.005467190105264
2030-03-11 22:00:00,0.0002092318896044757,12.527307276459396,60.0055161148166
2030-03-11 23:00:00,8.641380217718695e-05,12.52733289725802,60.00547298333822
2030-03-12 00:00:00,9.870188978847672e-05,12.527447273621956,60.00534333718434
2030-03-12 01:00:00,7.79870134730367e-05,12.52735477044007,60.0053797167393
2030-03-12 02:00:00,6.765412898529751e-05,12.527344884185368,60.00539165454393
2030-03-12 03:00:00,9.866449688207321e-05,12.527311466979882,60.0055533183513
2030-03-12 04:00:00,0.0005698147379007423,12.52729869604874,60.00619079256357
2030-03-12 05:00:00,45.41384085626467,45.413762155782024,60.00609227422592
2030-03-12 06:00:00,60.00001566224637,60.000002308278454,60.005778202178476
2030-03-12 07:00:00,60.000056310195454,60.00003389640733,60.00528420772067
2030-03-12 08:00:00,59.999820577696056,59.99962525416463,60.00504386819284
2030-03-12 09:00:00,12.527401533973912,12.527374784987842,59.999261268661186
2030-03-12 10:00:00,14.801105224107015,12.527342216058969,14.801739199235062
2030-03-12 11:00:00,12.527419532660986,12.527297269047267,12.528311081739602
2030-03-12 12:00:00,12.52728721229308,12.527286379057216,12.52802178910811
2030-03-12 13:00:00,12.527203350721733,12.527282579953862,12.528103676117379
2030-03-12 14:00:00,12.527378503995205,12.527285832789858,12.528956780270788
2030-03-12 15:00:00,59.999994077057714,12.5272943822265,60.000837773266106
2030-03-12 16:00:00,60.004401349147145,12.527327115484892,60.0050986465037
2030-03-12 17:00:00,60.0084439316731,59.998604913630516,60.00866121401284
2030-03-12 18:00:00,60.00520815293021,59.99990985291879,60.0058041761871
2030-03-12 19:00:00,60.00437602544225,50.78226188518602,60.00541775334477
2030-03-12 20:00:00,60.00007212987384,45.41358753142207,60.00527154967567
2030-03-12 21:00:00,60.000014742074086,59.99870589043621,60.0052459468252
2030-03-12 22:00:00,59.99998775119752,59.99954024942781,60.00526908801476
2030-03-12 23:00:00,59.99918085590096,59.99906073732018,60.005240246605354
2030-03-13 00:00:00,59.99892914761822,59.998930606635014,60.00521266117299
2030-03-13 01:00:00,45.41615970241261,45.416160993443555,60.005195837366955
2030-03-13 02:00:00,45.41600130620194,45.41601195077419,60.00520077046167
2030-03-13 03:00:00,45.41414261386672,45.414061409368514,60.005299626301166
2030-03-13 04:00:00,45.415908578711424,45.41364572128919,60.00545164224708
2030-03-13 05:00:00,59.99999493218712,59.99971051387001,60.00553589696301
2030-03-13 06:00:00,60.000617293903815,60.00058932233878,60.00543521898274
2030-03-13 07:00:00,60.00020152017062,60.000150257522364,60.00506031470326
2030-03-13 08:00:00,59.999885420256874,59.99893891915481,60.00042607494389
2030-03-13 09:00:00,12.527398458493273,12.527310785584632,12.527705480870734
2030-03-13 10:00:00,12.527510152622861,12.527289503712382,12.527578610790094
2030-03-13 11:00:00,12.526982958633747,12.527277097588922,12.527215997305612
2030-03-13 12:00:00,12.525594193986695,12.527274847772658,12.526927578309554
2030-03-13 13:00:00,0.025365673940222908,12.52727390398286,12.526969306120856
2030-03-13 14:00:00,12.526953411794638,12.527274971749648,12.52728273529413
2030-03-13 15:00:00,12.52897779029437,12.527284198177767,12.529088748415171
2030-03-13 16:00:00,60.004267698525894,12.527309714770032,60.00455633845377
2030-03-13 17:00:00,60.00560583462096,59.999030555512945,60.005766682426135
2030-03-13 18:00:00,60.00587918886322,60.00005761835655,60.00613165815918
2030-03-13 19:00:00,60.00452183895006,45.41656143701039,60.00534318551581
2030-03-13 20:00:00,60.004485581881454,45.41385032543165,60.0052934720796
2030-03-13 21:00:00,60.00462246698976,59.990470736718635,60.00528652135381
2030-03-13 22:00:00,60.007346058377934,59.99997221791182,60.0074769012499
2030-03-13 23:00:00,60.0046054365764,59.99992306655531,60.00530464700023
2030-03-14 00:00:00,60.00443073355768,60.000573620304,60.00536517806647
2030-03-14 01:00:00,60.00443986602138,60.000369795840925,60.00539404198116
2030-03-14 02:00:00,60.00450558002637,60.000429649135185,60.005409779816546
2030-03-14 03:00:00,79.10352974214368,59.99982154620284,79.10373415682261
2030-03-14 04:00:00,79.27699638571448,45.414378809642514,79.27718957316405
2030-03-14 05:00:00,135.0847338044439,60.000768443974266,79.27926325169119
2030-03-14 06:00:00,135.08897261362875,60.004589798496454,79.27923034167995
2030-03-14 07:00:00,135.08603362035302,60.00456600110101,79.27831853875904
2030-03-14 08:00:00,79.2767490668346,60.000094075771315,79.27657306904398
2030-03-14 09:00:00,60.005398426701824,12.52752315831367,60.00530618124587
2030-03-14 10:00:00,60.00003801530281,12.527300274062327,59.99998146492884
2030-03-14 11:00:00,59.99997635528589,12.527290180480122,59.99983541858082
2030-03-14 12:00:00,59.99920441310719,12.52728574969724,59.99904467836926
2030-03-14 13:00:00,59.998522396420235,12.527284049568152,59.998421040225274
2030-03-14 14:00:00,59.99975722214087,12.527284056372991,59.99971277379752
2030-03-14 15:00:00,60.000202227882106,12.527290108174384,60.00024371736134
2030-03-14 16:00:00,79.27656490081121,12.527340605934016,79.27650268030979
2030-03-14 17:00:00,135.08831175087275,60.0025275560447,79.27905179540204
2030-03-14 18:00:00,135.0885944807642,60.00454552942483,79.27917551127251
2030-03-14 19:00:00,135.08777146984517,60.0001861384726,79.27915806963301
2030-03-14 20:00:00,79.27834993540546,59.99955685468949,79.27820933524333
2030-03-14 21:00:00,79.27794002454378,60.00358991300163,79.27789987840424
2030-03-14 22:00:00,79.277900314368,60.00453099099195,79.27787895418896
2030-03-14 23:00:00,79.27771161952427,60.004522276547505,79.27772771461423
2030-03-15 00:00:00,79.27724659120386,60.00459294110545,79.27733658894599
2030-03-15 01:00:00,79.27734369207136,60.0045770480001,79.27742958106865
2030-03-15 02:00:00,79.27756714521999,60.004588317056914,79.27763271273034
2030-03-15 03:00:00,79.2785487685223,60.004530311876806,79.27847213535915
2030-03-15 04:00:00,135.08891895816032,60.00064616114875,79.27919310625595
2030-03-15 05:00:00,135.08899651765844,60.00460610382288,79.27918538622635
2030-03-15 06:00:00,135.08900599604814,79.27872529956403,79.27919069382696
2030-03-15 07:00:00,135.08898362005914,60.00475603590348,79.2784026444686
2030-03-15 08:00:00,79.2766312940004,60.00413686614733,79.27646069026564
2030-03-15 09:00:00,60.00453837454869,12.527423393861682,60.00453861310879
2030-03-15 10:00:00,60.00012144270884,12.52729396579798,60.000050177971865
2030-03-15 11:00:00,60.00000731826762,12.527286341689432,59.99984168516715
2030-03-15 12:00:00,60.00000779658862,12.527283163562146,59.999787848240985
2030-03-15 13:00:00,60.0000499339465,12.527282646485219,59.999683486495066
2030-03-15 14:00:00,60.004506788547346,12.527284110981782,60.004291142532416
2030-03-15 15:00:00,135.08894802985017,12.527292389026115,60.0058414855665
2030-03-15 16:00:00,135.0890263785168,12.527384999671142,79.27795821573375
2030-03-15 17:00:00,2999.99993007522,60.00449607386781,79.27903365002156
2030-03-15 18:00:00,2999.999952685642,60.004633756185285,79.27914827051383
2030-03-15 19:00:00,2999.9999182822917,60.004515582548265,79.27912598003604
2030-03-15 20:00:00,2999.9997229971978,60.0040762706952,79.2791063316383
2030-03-15 21:00:00,305.8263059624011,60.0045520350659,79.2790614611813
2030-03-15 22:00:00,135.0916750238743,60.00461931825521,79.27906679524494
2030-03-15 23:00:00,135.08914927350642,60.00460769780511,79.27906140752475
2030-03-16 00:00:00,135.08904448249916,60.004772639670314,79.279059300401
2030-03-16 01:00:00,135.08904185542198,60.00465023927973,79.2790569770641
2030-03-16 02:00:00,135.0890475324609,60.00464808042307,79.27905813602956
2030-03-16 03:00:00,135.08907531458578,60.00456738152752,79.27910782681283
2030-03-16 04:00:00,135.0932537568615,60.00392014694959,79.27913903193073
2030-03-16 05:00:00,2999.999123385583,60.00460212437065,79.27913960229307
2030-03-16 06:00:00,2999.999903381308,60.01007623092846,79.27911464206369
2030-03-16 07:00:00,135.0890563935833,60.00464609653136,79.27833345939925
2030-03-16 08:00:00,135.08898082647116,60.00025017519464,79.27774886099024
2030-03-16 09:00:00,60.00439347290132,12.527364635910999,60.00437418983787
2030-03-16 10:00:00,12.527374399238012,12.52728675389153,12.527402566368858
2030-03-16 11:00:00,0.007534896402063479,12.527276489161522,0.009347132928478495
2030-03-16 12:00:00,0.0002454216764420341,12.527275095772337,0.0014404037197266462
2030-03-16 13:00:00,0.00526766215248729,12.527274574690637,0.005762158321369838
2030-03-16 14:00:00,12.527341671966187,12.527279573979285,12.527363528072105
2030-03-16 15:00:00,60.00463179878084,12.527289658608424,60.00459068710452
2030-03-16 16:00:00,135.08900812878707,12.527345503134335,79.27775424631645
2030-03-16 17:00:00,135.09369446510556,60.00283211887199,79.27884965831745
2030-03-16 18:00:00,135.09475108341303,60.00456257384212,79.2790254083515
2030-03-16 19:00:00,135.0891333084447,60.004317616605476,79.27899489844731
2030-03-16 20:00:00,135.08902781407141,60.00394145726026,79.2789084027383
2030-03-16 21:00:00,135.08901209577448,60.00452965470413,79.27880880913835
2030-03-16 22:00:00,135.08900303279938,60.00455661012711,79.2788220850789
2030-03-16 23:00:00,135.08898926934816,60.0031021060895,79.27878698146287
2030-03-17 00:00:00,135.0888740641275,60.00354537341652,79.27889421328534
2030-03-17 01:00:00,135.08883616713175,60.00010907878459,79.27889027477977
2030-03-17 02:00:00,135.08885176749328,59.9998818064787,79.27886457670593
2030-03-17 03:00:00,135.0889518215876,45.4055065715138,79.27883442079201
2030-03-17 04:00:00,135.08897002796493,12.527361394511853,79.27880692360242
2030-03-17 05:00:00,135.08896231637058,12.52740003523104,79.27868761215268
2030-03-17 06:00:00,79.28396371380155,12.52767528488434,79.27847067198081
2030-03-17 07:00:00,60.00447838823874,12.527393860643315,60.004687160207716
2030-03-17 08:00:00,12.526091452746325,12.527282921432446,12.527324493542508
2030-03-17 09:00:00,3.845531369990007e-05,12.527276424542833,12.526994358707102
2030-03-17 10:00:00,1.6478991354903188e-05,12.527273333127596,0.22357032113529324
2030-03-17 11:00:00,7.742749426998403e-06,12.527271403013401,0.0014942362407752705
2030-03-17 12:00:00,6.517545403817279e-06,12.52726767692791,0.0011832852706845642
2030-03-17 13:00:00,9.170161556020984e-06,12.52726540002459,0.0020581845850791577
2030-03-17 14:00:00,2.6668545747280527e-05,12.527266450749266,12.526150599951642
2030-03-17 15:00:00,12.527087326592076,12.52727235243492,12.527330883211784
2030-03-17 16:00:00,60.00474694556825,12.527283192324367,60.00487841891885
2030-03-17 17:00:00,135.08864416834973,12.527311768824802,79.27859833596519
2030-03-17 18:00:00,135.08885263454158,12.527422813001976,79.27884512576128
2030-03-17 19:00:00,79.27784908686755,12.527322083985382,79.27782006726557
2030-03-17 20:00:00,79.27661890406489,12.527309504784899,79.27669251893633
2030-03-17 21:00:00,79.27646780554335,12.527353092654266,79.27653613697385
2030-03-17 22:00:00,60.004563977303576,12.528368819018397,60.00529311135415
2030-03-17 23:00:00,60.00442100635941,12.527567472934606,60.00524722870341
2030-03-18 00:00:00,60.00275397848018,12.536459803590509,60.00552360669336
2030-03-18 01:00:00,60.000113772406785,12.52746605491302,60.00552014375717
2030-03-18 02:00:00,60.00009456751914,12.527378745325223,60.005498050629285
2030-03-18 03:00:00,60.00009633336144,12.527317772927745,60.0055539205423
2030-03-18 04:00:00,60.00313737827673,12.527295328772661,60.00561651354927
2030-03-18 05:00:00,60.00397522728157,12.527296806936647,60.005508697548066
2030-03-18 06:00:00,60.00010454124047,12.527297961898375,60.00530251637038
2030-03-18 07:00:00,12.527258993419885,12.527286194483167,60.00028345644368
2030-03-18 08:00:00,4.435535405359531e-05,12.527279538764477,12.527490809128267
2030-03-18 09:00:00,1.8449472645051744e-05,12.527277173411676,12.527297831457647
2030-03-18 10:00:00,1.5163718020445028e-05,12.52727689330277,12.527258383049631
2030-03-18 11:00:00,7.807477239637537e-06,12.527275614881546,12.527237093540512
2030-03-18 12:00:00,6.653324001316501e-06,12.52727345606719,12.52726277338921
2030-03-18 13:00:00,1.0443798623878713e-05,12.527272808621092,12.527329502174691
2030-03-18 14:00:00,3.73063770249142e-05,12.527273495044938,12.527365036190222
2030-03-18 15:00:00,12.527367371037677,12.527279165398795,12.527820584363011
2030-03-18 16:00:00,60.03381633907344,12.527291578685267,60.0338378438192
2030-03-18 17:00:00,135.08898748294433,12.527369017771889,79.27877137756923
2030-03-18 18:00:00,135.08900126568642,59.99642088550172,79.2788265155591
2030-03-18 19:00:00,135.0890040971506,45.414392334430886,79.2788138748956
2030-03-18 20:00:00,135.08900492323392,45.411782013681346,79.27880391035117
2030-03-18 21:00:00,135.08900593132833,45.41418056402017,79.27878664187028
2030-03-18 22:00:00,135.08900160535387,59.999752091763185,79.27878577907359
2030-03-18 23:00:00,135.08900076307947,60.000259843033746,79.27877409021676
2030-03-19 00:00:00,135.0890077135883,60.00150163897091,79.27883674532632
2030-03-19 01:00:00,135.08900642522246,60.00018211920542,79.27883255495362
2030-03-19 02:00:00,135.08900505866993,60.000009814631994,79.2788262762806
2030-03-19 03:00:00,135.0890031004132,59.98751974203333,79.27882808148843
2030-03-19 04:00:00,135.08900590175108,45.4149379053778,79.27883093706538
2030-03-19 05:00:00,135.08901374112497,60.00395763093093,79.27881669373619
2030-03-19 06:00:00,135.0890146354329,60.0045624744957,79.27878523985544
2030-03-19 07:00:00,135.0889850303181,60.00457955973343,79.27867750017275
2030-03-19 08:00:00,79.27658818773097,60.00453893388134,79.27669826926177
2030-03-19 09:00:00,60.00442285619826,60.00406189964451,60.005286325994945
2030-03-19 10:00:00,60.00439302579424,60.00031475086598,60.00514452006195
2030-03-19 11:00:00,59.99999402119921,59.99955643960948,60.00502223217984
2030-03-19 12:00:00,12.528154540050746,12.528136038085197,60.00508444944235
2030-03-19 13:00:00,12.524313747872911,12.527308427564094,60.005201378053535
2030-03-19 14:00:00,12.527339866259638,12.527335991070686,60.00529542265692
2030-03-19 15:00:00,59.99996327379509,45.41442653328795,60.005415913120444
2030-03-19 16:00:00,60.00443384487461,60.00006017110307,60.00609169098908
2030-03-19 17:00:00,79.27579074835207,60.004567205794956,79.27615990743338
2030-03-19 18:00:00,70.89377289670574,70.85071519723078,79.27371285070997
2030-03-19 19:00:00,60.00453422070638,60.00451356813028,60.06300757183817
2030-03-19 20:00:00,60.00443217985867,60.00438281982326,60.010652309146266
2030-03-19 21:00:00,60.00444524145004,60.00445724557085,60.00832260313564
2030-03-19 22:00:00,70.89268944973209,60.004664144251365,70.89364294537609
2030-03-19 23:00:00,60.004701233667035,60.00457652629302,60.00841444515845
2030-03-20 00:00:00,60.00450030083615,60.004567792502414,60.00601465903598
2030-03-20 01:00:00,60.00447862619224,60.00454760339562,60.006166698489324
2030-03-20 02:00:00,60.00457115594384,60.004573859494485,60.00626495661436
2030-03-20 03:00:00,60.00478777939112,60.00456438181027,60.0081467803675
2030-03-20 04:00:00,79.27649813400421,60.004513112736,79.27693150482139
2030-03-20 05:00:00,79.27676652499859,60.004761611266076,79.27711810802248
2030-03-20 06:00:00,79.2771231262087,79.27685620062063,79.27733350658931
2030-03-20 07:00:00,60.00491495392791,60.004711302699434,60.005770478608156
2030-03-20 08:00:00,59.99998929138232,60.00003924033637,60.00514783969264
2030-03-20 09:00:00,8.394030415557884e-05,12.52732160668711,60.00501875260971
2030-03-20 10:00:00,3.585291568703431e-05,12.52729777111108,60.00487845281834
2030-03-20 11:00:00,1.9625286282995407e-05,12.52729146728052,60.00453654025401
2030-03-20 12:00:00,1.646679465981337e-05,12.527287593005765,60.00276979575503
2030-03-20 13:00:00,2.0189479650030166e-05,12.527285774584016,60.0020198073143
2030-03-20 14:00:00,4.1912708691332e-05,12.527286053794342,60.00388008860451
2030-03-20 15:00:00,12.524942863916479,12.527293130011458,60.00470970102222
2030-03-20 16:00:00,60.00445634816953,45.41395502033445,60.00506627510738
2030-03-20 17:00:00,79.2774690279022,60.00450628543331,79.27743960970342
2030-03-20 18:00:00,79.27762065465049,60.00480728827843,79.27757147947689
2030-03-20 19:00:00,79.27680256738677,60.00455772837904,79.27696295869009
2030-03-20 20:00:00,79.27655481443253,60.00450814589155,79.27670404336843
2030-03-20 21:00:00,79.27443226412755,60.00456471087273,79.27460315817189
2030-03-20 22:00:00,60.004760439966006,60.004570928509565,60.00551342855215
2030-03-20 23:00:00,60.004633368559055,60.004545779788714,60.005444896693916
2030-03-21 00:00:00,60.004545978066986,60.00455305588696,60.00531493923236
2030-03-21 01:00:00,60.004479993786084,60.00449746276445,60.00529994090357
2030-03-21 02:00:00,60.00446942974807,60.00449530489186,60.005298237665556
2030-03-21 03:00:00,60.004431514578854,60.004396045042085,60.00544979842016
2030-03-21 04:00:00,60.00449101812774,60.004292026099876,60.005990540506815
2030-03-21 05:00:00,60.00524835890769,60.004626799451216,60.006323170982796
2030-03-21 06:00:00,60.00517825330371,60.00515484404306,60.00584442658045
2030-03-21 07:00:00,59.999998042994584,60.00423192609196,60.00490358012873
2030-03-21 08:00:00,5.4383427634381727e-05,12.527747734247408,12.528171572999327
2030-03-21 09:00:00,1.8176457367396272e-05,12.52729411537348,12.527348392221718
2030-03-21 10:00:00,9.906417933293057e-06,12.527282459876005,12.527239279873717
2030-03-21 11:00:00,6.48512675634398e-06,12.527279946784802,12.52708423607752
2030-03-21 12:00:00,6.564905747158963e-06,12.527279537929301,12.526496702077097
2030-03-21 13:00:00,9.238029433180459e-06,12.527280525870992,12.526681101443447
2030-03-21 14:00:00,1.927739581009697e-05,12.527282381358418,12.527112648006483
2030-03-21 15:00:00,0.00011383025377167503,12.527289272924463,12.527308262156108
2030-03-21 16:00:00,60.00004083868785,59.99884452682717,60.00038348926165
2030-03-21 17:00:00,79.27660209930741,60.004548641618385,79.27665342659414
2030-03-21 18:00:00,79.27666838286859,60.00493558485107,79.27678135066708
2030-03-21 19:00:00,79.27646882433513,60.00455098982184,79.27655986941136
2030-03-21 20:00:00,60.00823937887526,60.00447808515917,60.00840738764337
2030-03-21 21:00:00,60.005236629946026,60.00452718499673,60.00549614904048
2030-03-21 22:00:00,60.00496980377944,60.00452893405145,60.00534788779714
2030-03-21 23:00:00,60.004651095273,60.0044672746435,60.005184823784475
2030-03-22 00:00:00,60.00454626103292,60.00448281704965,60.005142001749746
2030-03-22 01:00:00,60.00453406910503,60.00440527955743,60.00514055023723
2030-03-22 02:00:00,60.00480287563525,60.0044256582878,60.005257185956
2030-03-22 03:00:00,79.27650171650087,60.00026770869954,79.2766091594467
2030-03-22 04:00:00,79.27730625894583,45.41724655599956,79.27730492047411
2030-03-22 05:00:00,135.08891114756005,60.00286862126268,79.27756853077426
2030-03-22 06:00:00,135.08890583323551,60.004469584496036,79.27754064317003
2030-03-22 07:00:00,79.27654401802373,60.00085615172702,79.27654077236497
2030-03-22 08:00:00,60.00001104971143,12.527447310194875,60.00012876270759
2030-03-22 09:00:00,12.527127451555288,12.52728263570225,12.527355204766863
2030-03-22 10:00:00,9.917243712681148e-05,12.52727602016239,12.526680363953973
2030-03-22 11:00:00,3.4461125256440414e-05,12.527273171366687,0.010168115930183979
2030-03-22 12:00:00,3.686254431361648e-05,12.527271029449171,0.009085334457324734
2030-03-22 13:00:00,7.37528573780114e-05,12.527269514459476,0.010542599942071226
2030-03-22 14:00:00,0.00418382454999016,12.527269319368315,0.027835919953137327
2030-03-22 15:00:00,59.99997905158127,12.527278531887532,59.99994905434146
2030-03-22 16:00:00,79.27666219848282,12.527286396046671,79.2764952582775
2030-03-22 17:00:00,135.0889983819434,12.527319669678946,79.27743321738089
2030-03-22 18:00:00,135.08899825485332,12.527400623496293,79.27749114796546
2030-03-22 19:00:00,135.0889589509417,12.527316275912199,79.27747389762953
2030-03-22 20:00:00,79.2776164177476,12.527305156130373,79.27735895088381
2030-03-22 21:00:00,79.27694284946728,12.527331056115145,79.27696380606358
2030-03-22 22:00:00,79.27673039244111,12.527327332863933,79.2767729465304
2030-03-22 23:00:00,79.27674090571678,12.527325231564646,79.27677918726295
2030-03-23 00:00:00,79.27667231597862,12.527375815274228,79.27671984454653
2030-03-23 01:00:00,79.27681319306102,12.527349514905836,79.27685696535355
2030-03-23 02:00:00,79.27707329646074,12.527367561900064,79.2770805088212
2030-03-23 03:00:00,79.27930183231355,12.52732272443609,79.27745189149209
2030-03-23 04:00:00,135.08897577812786,12.527305705334962,79.27747964286812
2030-03-23 05:00:00,135.08900283174287,12.527660639975693,79.2774742155616
2030-03-23 06:00:00,135.08900067373062,59.99968967626087,79.27744520271875
2030-03-23 07:00:00,79.27698466028419,16.55076144873692,79.27689543029058
2030-03-23 08:00:00,60.00014678192804,12.527402101841714,60.000212908327
2030-03-23 09:00:00,12.52738145129344,12.527289699394714,12.527454898946967
2030-03-23 10:00:00,0.0016107267705509215,12.527276103942313,12.524869707775968
2030-03-23 11:00:00,0.00010017026130950753,12.527274461819616,0.0025695954310889723
2030-03-23 12:00:00,6.276853447789232e-05,12.527273723837782,0.0017910346739995475
2030-03-23 13:00:00,0.00010186521847655179,12.527273784603494,0.0017338937642784116
2030-03-23 14:00:00,12.526816805379873,12.527274765297989,12.527072587693965
2030-03-23 15:00:00,60.000022472156246,12.527287196944599,60.000008104389366
2030-03-23 16:00:00,79.2789922520513,12.527320546672097,79.27706289739552
2030-03-23 17:00:00,135.08900005512422,16.552959842485507,79.27733993812411
2030-03-23 18:00:00,135.0889709887324,60.00433846963782,79.27739160628288
2030-03-23 19:00:00,79.27710204436403,60.00214732642053,79.2770869112237
2030-03-23 20:00:00,79.27663969955665,60.00003926948402,79.27667762808066
2030-03-23 21:00:00,79.27664068667414,60.004372155361125,79.27666682292147
2030-03-23 22:00:00,79.27667769705413,60.004516425753536,79.27670525380836
2030-03-23 23:00:00,79.27730562698707,60.0027008841389,79.27716921483352
2030-03-24 00:00:00,135.08891620662249,60.00297405590492,79.27734850447158
2030-03-24 01:00:00,135.08900067039892,60.00124106820749,79.27734481089192
2030-03-24 02:00:00,135.08901052668713,59.99998333310032,79.2773356310845
2030-03-24 03:00:00,135.08901655549644,16.549943432714826,79.27732873356581
2030-03-24 04:00:00,135.08902172378293,12.52746335645261,79.27732375241195
2030-03-24 05:00:00,135.08902727661592,12.527937876385295,79.27730186143344
2030-03-24 06:00:00,135.08901865768973,16.5494861813191,79.27726244816046
2030-03-24 07:00:00,135.0889178059508,12.527421186540778,79.27706106897155
2030-03-24 08:00:00,60.00018624953562,12.527297348018719,60.00019745614978
2030-03-24 09:00:00,12.527199784259134,12.52727622887869,12.527293776679475
2030-03-24 10:00:00,3.500308041793238e-05,12.527270196103927,0.002315981154935557
2030-03-24 11:00:00,1.3201565568108416e-05,12.527268881105556,0.000809611084459167
2030-03-24 12:00:00,1.2911692031001567e-05,12.527265187554596,0.0008191242827138012
2030-03-24 13:00:00,3.7218394912248405e-05,12.527264745874163,0.0015736817339644523
2030-03-24 14:00:00,12.527263778149212,12.527271596789433,12.527310295320119
2030-03-24 15:00:00,60.00441360280347,12.527277405083623,60.0043731844179
2030-03-24 16:00:00,135.0889848471469,12.52728324724277,79.27699453091932
2030-03-24 17:00:00,135.08902082843534,12.527306301819408,79.27725203594227
2030-03-24 18:00:00,135.08902251470317,12.527370471591778,79.27729613635435
2030-03-24 19:00:00,135.08901331728842,12.527314915711031,79.27727336215594
2030-03-24 20:00:00,135.08900945987625,12.527303048928445,79.27725884378559
2030-03-24 21:00:00,135.0890092194959,12.527322879936946,79.27724559523176
2030-03-24 22:00:00,135.0890087664247,12.527334241242897,79.2772458394711
2030-03-24 23:00:00,135.08901020105466,12.527329007471963,79.27723452655391
2030-03-25 00:00:00,135.08901048187087,12.527347763942114,79.27725210257913
2030-03-25 01:00:00,135.08901499732855,12.527328092499374,79.27724766470965
2030-03-25 02:00:00,135.08901801720086,12.527320190611135,79.27723931857963
2030-03-25 03:00:00,135.08902105988696,12.527299352830596,79.27724881129961
2030-03-25 04:00:00,135.08902394593497,12.527288438970018,79.27725313879833
2030-03-25 05:00:00,135.08902675916025,12.527291560349113,79.27722797062324
2030-03-25 06:00:00,135.08901700520943,12.527297381373762,79.27716493071262
2030-03-25 07:00:00,135.08870659730653,12.527290875964354,79.27692092610296
2030-03-25 08:00:00,60.00002617907688,12.527281337671988,60.00003037200737
2030-03-25 09:00:00,0.0010566136951594201,12.52726967968374,12.526249700782424
2030-03-25 10:00:00,2.0254747358883695e-05,12.527263339660749,0.0013771395345035693
2030-03-25 11:00:00,9.913748546364987e-06,12.52726055565472,0.000686701481320315
2030-03-25 12:00:00,9.724273373763965e-06,12.527249811539559,0.000511499807544169
2030-03-25 13:00:00,1.5709202006811786e-05,12.527239505715443,0.0007647463235094085
2030-03-25 14:00:00,0.00010997363455821835,12.527248790548583,0.16454126367332644
2030-03-25 15:00:00,59.99472732501842,12.527273376071207,59.99471227214881
2030-03-25 16:00:00,79.27641203091686,12.527277875806629,79.2760517919489
2030-03-25 17:00:00,135.08898957286132,12.52728717212176,79.2770632798357
2030-03-25 18:00:00,135.08898567947108,12.527300060352504,79.27712528588148
2030-03-25 19:00:00,135.0880038560075,12.527294679543957,79.2771093387546
2030-03-25 20:00:00,79.3923822959805,12.527290852550342,79.27706173706875
2030-03-25 21:00:00,79.39132319841745,12.527299219535053,79.27705256799618
2030-03-25 22:00:00,79.39363194274877,12.527308396332046,79.27707248759998
2030-03-25 23:00:00,79.39326627629191,12.527343398955963,79.27706033861523
2030-03-26 00:00:00,135.08885409245426,12.52756442033321,79.27704878446397
2030-03-26 01:00:00,135.08895487990983,12.527417174669608,79.27704284903939
2030-03-26 02:00:00,135.08897664174796,12.527437918681244,79.2770300147613
2030-03-26 03:00:00,135.08899325644148,12.527333544853718,79.27704873313996
2030-03-26 04:00:00,135.08900396417903,12.527306130606425,79.27706383995783
2030-03-26 05:00:00,135.0890116018402,12.527591389219197,79.27704850737337
2030-03-26 06:00:00,135.0889991020785,16.553411967794823,79.27699347967118
2030-03-26 07:00:00,79.27644115753093,16.54514369392291,79.27633539117782
2030-03-26 08:00:00,59.99999047642856,12.52730861522145,60.00003275735095
2030-03-26 09:00:00,0.0006609855613325021,12.52727593401869,12.527033287272458
2030-03-26 10:00:00,3.915623893668924e-05,12.527271514382846,0.0035763596595472817
2030-03-26 11:00:00,1.5762892174134683e-05,12.527269065490145,0.0009275851419442779
2030-03-26 12:00:00,1.3960742707172729e-05,12.527266837187758,0.0006423659011431937
2030-03-26 13:00:00,2.1302388588023274e-05,12.527265485647149,0.0006890185848136426
2030-03-26 14:00:00,8.214477204152138e-05,12.52726649737815,0.0023628121904983065
2030-03-26 15:00:00,12.527463901793533,12.527275428118628,12.52748997326363
2030-03-26 16:00:00,79.27602897082608,12.527282083354054,79.27554362892906
2030-03-26 17:00:00,135.0889600612287,12.527300368666147,79.27658993507141
2030-03-26 18:00:00,93.66092332413427,12.527328488941546,79.27668061755203
2030-03-26 19:00:00,79.27620698753422,12.527300763385938,79.27619912605769
2030-03-26 20:00:00,79.27190179538047,12.5272934717806,79.27192931019275
2030-03-26 21:00:00,79.27447045115923,12.527303689114888,79.27448136141993
2030-03-26 22:00:00,79.27497264460978,12.52731124138245,79.27498759990067
2030-03-26 23:00:00,79.27647629456905,12.5273095154771,79.2763435175475
2030-03-27 00:00:00,79.27725236213868,12.527327570313895,79.27654167235981
2030-03-27 01:00:00,135.08897560251003,12.527311405661749,79.27658593297383
2030-03-27 02:00:00,135.088998852417,12.527311093613207,79.27657227304007
2030-03-27 03:00:00,135.08901078111165,12.527295365968712,79.27660416421713
2030-03-27 04:00:00,135.08904090781562,12.527287319299461,79.2766236452332
2030-03-27 05:00:00,135.0896270640964,12.52730570665426,79.27661252260623
2030-03-27 06:00:00,135.08910104748674,12.527396883877316,79.27647005288415
2030-03-27 07:00:00,135.08899813342362,12.52732200061837,79.27576586407216
2030-03-27 08:00:00,60.00003983063083,12.527289149245608,59.999497469096966
2030-03-27 09:00:00,12.527372599249563,12.527277611099635,12.527423475880648
2030-03-27 10:00:00,7.317537367120797e-05,12.527268419121356,0.002480689300638464
2030-03-27 11:00:00,1.5677249126785898e-05,12.527264548674793,0.0007897685227052459
2030-03-27 12:00:00,1.1991184245275775e-05,12.527260571625613,0.0005701300881355564
2030-03-27 13:00:00,1.731500845831458e-05,12.52725847614147,0.0005771571236655027
2030-03-27 14:00:00,6.847716700431133e-05,12.52725970099982,0.0016741869557167044
2030-03-27 15:00:00,12.527376564426406,12.52727329883146,12.527412951226854
2030-03-27 16:00:00,60.00008864193487,12.527279906144944,59.99964021079593
2030-03-27 17:00:00,135.0889793660793,12.527293598516735,60.00050702303232
2030-03-27 18:00:00,135.0888106399998,12.527314006560056,60.00192505584512
2030-03-27 19:00:00,60.00013311059915,12.527296369350552,60.00010285485132
2030-03-27 20:00:00,60.00000059741524,12.52729094028209,59.99998213150404
2030-03-27 21:00:00,59.99995401425873,12.527299869406306,59.99991855925964
2030-03-27 22:00:00,45.41427448431701,12.527304985101182,45.414372316027766
2030-03-27 23:00:00,45.414146049681406,12.5273019883698,45.41424816356539
2030-03-28 00:00:00,45.414267758632896,12.52731960686295,45.41436966194634
2030-03-28 01:00:00,45.414798708023774,12.527311915177961,45.41488505795314
2030-03-28 02:00:00,45.41613863211163,12.527316989477185,45.4162244115214
2030-03-28 03:00:00,59.99968084776201,12.527301968393658,59.99969799415703
2030-03-28 04:00:00,60.00001020651689,12.527291910891035,59.9999695281376
2030-03-28 05:00:00,60.00011711781488,12.527327561076163,60.00005516031524
2030-03-28 06:00:00,59.999977620673526,14.781616867660558,59.99984093846156
2030-03-28 07:00:00,12.52726970836526,12.527300430911055,12.52763136932909
2030-03-28 08:00:00,0.00010423844765997243,12.52727932425752,12.527219676927189
2030-03-28 09:00:00,2.788442061075645e-05,12.52727409036379,12.526687765782086
2030-03-28 10:00:00,1.5210442020967729e-05,12.527269615398836,0.0016648258064046035
2030-03-28 11:00:00,8.801693781962028e-06,12.527267020192994,0.0006284951817553756
2030-03-28 12:00:00,7.381295662438006e-06,12.527264434252128,0.00038529250682017846
2030-03-28 13:00:00,9.166793273941955e-06,12.52726378332136,0.0005311601323182749
2030-03-28 14:00:00,1.7010394924863538e-05,12.527265523331153,0.001555001206829187
2030-03-28 15:00:00,7.342625775535055e-05,12.527270447491901,12.526518176573553
2030-03-28 16:00:00,12.527309809901015,12.527278372883458,12.52739526423774
2030-03-28 17:00:00,16.55077314970177,12.527305779868584,16.5507247596867
2030-03-28 18:00:00,16.550618804148144,12.527354607862108,16.550643101833387
2030-03-28 19:00:00,12.52805875755266,12.527300168170768,12.52818249442771
2030-03-28 20:00:00,12.527368404875233,12.527286461420623,12.527650787571247
2030-03-28 21:00:00,12.527366916835518,12.527291407615849,12.527610726855528
2030-03-28 22:00:00,12.52722605757703,12.527287962520859,12.52756394806238
2030-03-28 23:00:00,12.527356819643797,12.527291991339553,12.527601888502431
2030-03-29 00:00:00,12.527749157684177,12.527317927967696,12.527879733835007
2030-03-29 01:00:00,16.54313327972975,12.527328948570357,16.543174489992452
2030-03-29 02:00:00,16.550435699826377,12.527348102744327,16.550447685154722
2030-03-29 03:00:00,16.550571160493067,12.527320392006004,16.550603412084456
2030-03-29 04:00:00,16.55087164663837,12.527304071197536,16.55087604752508
2030-03-29 05:00:00,16.551785005300673,12.527707236163224,16.55167906565839
2030-03-29 06:00:00,16.55061972947001,16.55012905505691,16.55067871236082
2030-03-29 07:00:00,12.527088052753648,12.527307116130032,12.52737596324189
2030-03-29 08:00:00,7.955771290424243e-05,12.527282216994218,12.527114461686168
2030-03-29 09:00:00,1.865734754268067e-05,12.527275661541353,12.526533898492604
2030-03-29 10:00:00,9.306834235517338e-06,12.52727182655508,0.0017071314286765359
2030-03-29 11:00:00,5.208594657454226e-06,12.527270086849057,0.0006726875813591659
2030-03-29 12:00:00,3.956204926259327e-06,12.527268437266049,0.00044328167069807023
2030-03-29 13:00:00,4.675157940585371e-06,12.52726841322874,0.0006523980436365004
2030-03-29 14:00:00,6.902481469601887e-06,12.527269133691334,0.0023080537264101655
2030-03-29 15:00:00,1.5591826741959425e-05,12.527272676970824,12.526568858787861
2030-03-29 16:00:00,6.57079121990136e-05,12.52727700913554,12.527133406224394
2030-03-29 17:00:00,12.526273525202381,12.527288972497445,12.52736298138428
2030-03-29 18:00:00,12.526639543394595,12.52730396011842,12.527475275467026
2030-03-29 19:00:00,0.00018918546071556045,12.527288737212984,12.527397826974266
2030-03-29 20:00:00,6.432071404560702e-05,12.527284666444265,12.527382108697878
2030-03-29 21:00:00,4.57325868962293e-05,12.52728934001425,12.527359330715626
2030-03-29 22:00:00,3.498564388014867e-05,12.527291615506329,12.52736723698581
2030-03-29 23:00:00,2.972796215992191e-05,12.527292314426631,12.527361458051018
2030-03-30 00:00:00,1.8071754673360682e-05,12.52730270141249,12.527479661813786
2030-03-30 01:00:00,1.666121270093083e-05,12.52729883255597,12.527485742566569
2030-03-30 02:00:00,1.6239491438440342e-05,12.527300659755383,12.527483688834764
2030-03-30 03:00:00,1.5679040873347767e-05,12.52729061970058,12.527423142462794
2030-03-30 04:00:00,1.5716926100139972e-05,12.527284065999432,12.527328567985947
2030-03-30 05:00:00,1.8341721212417884e-05,12.527292999231577,12.527241216587754
2030-03-30 06:00:00,1.5492730281970543e-05,12.527311769684166,12.52722493805706
2030-03-30 07:00:00,1.0075132450747607e-05,12.527292514460896,12.52707064182439
2030-03-30 08:00:00,6.8588834449342665e-06,12.527280902657997,12.526448475307191
2030-03-30 09:00:00,4.801245278826323e-06,12.527275081840344,0.0017591442166289895
2030-03-30 10:00:00,4.160938756654907e-06,12.527271030931843,0.0005263410571196887
2030-03-30 11:00:00,2.3050672987805293e-06,12.527268531864138,0.0003376220847433286
2030-03-30 12:00:00,1.016447833681628e-06,12.527265748285764,0.00029589351228764826
2030-03-30 13:00:00,9.129767540316711e-07,12.52726418218117,0.0003700159276429941
2030-03-30 14:00:00,1.7366305108243769e-06,12.527263972440778,0.0009175210724424078
2030-03-30 15:00:00,3.3308816607756015e-06,12.527267725314232,12.52631250880355
2030-03-30 16:00:00,4.75291747468944e-06,12.527273027690988,12.5271035601194
2030-03-30 17:00:00,8.288128808241335e-06,12.527278512592602,12.527273808812785
2030-03-30 18:00:00,8.285204785352107e-06,12.527282865663093,12.52733361838159
2030-03-30 19:00:00,7.991074332657363e-06,12.527280184185656,12.527328609654433
2030-03-30 20:00:00,7.381226168945432e-06,12.527278555324413,12.527332688284744
2030-03-30 21:00:00,8.12978986465549e-06,12.527280783050628,12.527355971663383
2030-03-30 22:00:00,9.063097397974125e-06,12.527282444254524,12.527388910750233
2030-03-30 23:00:00,8.593840169306475e-06,12.527279503240607,12.52739334141097
2030-03-31 00:00:00,7.701008387959118e-06,12.527280170084294,12.527390543939575
2030-03-31 01:00:00,7.291255062819247e-06,12.527279417681711,12.527394335356803
2030-03-31 02:00:00,7.365207362115754e-06,12.527279179146717,12.527387874797569
2030-03-31 03:00:00,7.705729334176376e-06,12.527278114390356,12.52738846046941
2030-03-31 04:00:00,7.346133315877523e-06,12.527276397059781,12.527393663192797
2030-03-31 05:00:00,9.72425859844959e-06,12.527277771288027,12.527381676631194
2030-03-31 06:00:00,1.2568253123426156e-05,12.52727914962995,12.527348061583709
2030-03-31 07:00:00,1.0245097985540096e-05,12.527277393703116,12.527246204691842
2030-03-31 08:00:00,8.587500586471635e-06,12.527273947317044,12.52713703311774
2030-03-31 09:00:00,8.104675712718383e-06,12.527268176298094,12.526993613918833
2030-03-31 10:00:00,9.538731090152882e-06,12.527260375336482,12.526784924066174
2030-03-31 11:00:00,5.807419937972583e-06,12.52725626537449,12.526503344260272
2030-03-31 12:00:00,3.8104092932776745e-06,12.527241711231678,12.526344913354365
2030-03-31 13:00:00,3.547557603090305e-06,12.527233135175265,12.52641953443934
2030-03-31 14:00:00,4.03964935781349e-06,12.527241681867054,12.526683705823865
2030-03-31 15:00:00,5.438368511337869e-06,12.527259212138233,12.52700281933027
2030-03-31 16:00:00,8.168374660153613e-06,12.527269810783222,12.527175498146178
2030-03-31 17:00:00,1.5062407238878537e-05,12.527276798233288,12.52734261040803
2030-03-31 18:00:00,2.1285600269038696e-05,12.527281854524745,12.52744384481852
2030-03-31 19:00:00,2.2568854622722957e-05,12.52728031760762,12.527404707411733
2030-03-31 20:00:00,2.407872671028599e-05,12.527279215224915,12.527383473026134
2030-03-31 21:00:00,2.4864277015916422e-05,12.52728228988235,12.527375997475247
2030-03-31 22:00:00,2.5998132745108387e-05,12.527286719178846,12.527389134945224
2030-03-31 23:00:00,2.119355220049913e-05,12.527287111000987,12.527379037152969
2030-04-01 00:00:00,2.4615171392582673e-05,12.527292068935674,12.52755260594914
2030-04-01 01:00:00,2.2855675105274635e-05,12.52729305781395,12.527573366439356
2030-04-01 02:00:00,2.0612957131608537e-05,12.527294215946313,12.527568053173127
2030-04-01 03:00:00,1.7956617023874762e-05,12.52728672442845,12.527649612659843
2030-04-01 04:00:00,1.7889662558445707e-05,12.527282153370527,12.527750624505941
2030-04-01 05:00:00,2.2993244277529318e-05,12.52728431709238,12.5276366227572
2030-04-01 06:00:00,2.0011157408855443e-05,12.527284649229921,12.527440628074018
2030-04-01 07:00:00,1.0803520474222382e-05,12.527281155851597,12.52724993063813
2030-04-01 08:00:00,6.032099753113849e-06,12.52727766524057,12.527055809768768
2030-04-01 09:00:00,4.885042382675942e-06,12.52727425599005,12.525985064194478
2030-04-01 10:00:00,4.6685930315667585e-06,12.527271466555248,0.002224938912691481
2030-04-01 11:00:00,2.1680709038945795e-06,12.52727066643638,0.0007818788359152703
2030-04-01 12:00:00,9.981001565613537e-07,12.527267442391897,0.000560463398386446
2030-04-01 13:00:00,1.0403003663863015e-06,12.527263420723102,0.0008439826719725054
2030-04-01 14:00:00,1.6169615899534752e-06,12.527261054499832,0.004016174658082528
2030-04-01 15:00:00,3.6450761132659646e-06,12.527264872039268,12.52685559139436
2030-04-01 16:00:00,6.784330241896898e-06,12.527270125979994,12.52721754439797
2030-04-01 17:00:00,2.0141188088932862e-05,12.52727548034727,12.52740998527266
2030-04-01 18:00:00,7.523418662458425e-05,12.527278424351572,12.527583933432311
2030-04-01 19:00:00,0.005539307102065183,12.527278364837002,12.527541937062779
2030-04-01 20:00:00,12.52725654619644,12.52727899217225,12.52770423774831
2030-04-01 21:00:00,12.528277433588778,12.527286277140774,12.528437812868106
2030-04-01 22:00:00,16.550594707210024,12.527290803017422,16.550643525500163
2030-04-01 23:00:00,16.550665058073957,12.527289274503346,16.550696964714007
2030-04-02 00:00:00,45.41435634713536,12.527291448566352,45.41419646308704
2030-04-02 01:00:00,59.999246578680875,12.527289844671031,59.999044385426714
2030-04-02 02:00:00,59.9999231300917,12.527289326644677,59.9997035761744
2030-04-02 03:00:00,60.00000598544701,12.527285608559396,59.999516229619985
2030-04-02 04:00:00,60.00006634188594,12.527282245123894,16.55172620853712
2030-04-02 05:00:00,60.000243231411076,12.527284937233162,16.550888556211248
2030-04-02 06:00:00,59.999995287447405,12.527287001987384,16.55075700337825
2030-04-02 07:00:00,12.527422576593809,12.527280462403724,12.527456168894831
2030-04-02 08:00:00,5.813549511256587e-05,12.527272162554011,12.527071583218117
2030-04-02 09:00:00,9.529553458269276e-06,12.527266142373264,12.526663827863572
2030-04-02 10:00:00,4.619538828637902e-06,12.527252155609858,12.523962183047054
2030-04-02 11:00:00,2.216832227813641e-06,12.527236305122642,0.0009117941108070964
2030-04-02 12:00:00,1.5309849549042946e-06,12.527083796112844,0.0003560899874912593
2030-04-02 13:00:00,2.1667436938175527e-06,12.525141570287815,0.00034202824158513083
2030-04-02 14:00:00,3.797700350571017e-06,12.527013181070288,0.00064959876437
2030-04-02 15:00:00,8.542878896122747e-06,12.527246885119894,12.515488234009954
2030-04-02 16:00:00,2.239333569126409e-05,12.527268333134257,12.527118027680757
2030-04-02 17:00:00,0.00012633348266440642,12.527276330420136,12.52732706417151
2030-04-02 18:00:00,0.00042991919690393843,12.527282451677952,12.527415524155728
2030-04-02 19:00:00,0.0002074099992038065,12.527282000307423,12.527423799544522
2030-04-02 20:00:00,0.00011022154649253935,12.527281559706926,12.527443803419288
2030-04-02 21:00:00,7.137211641735661e-05,12.52728523638143,12.527498676114192
2030-04-02 22:00:00,3.731524596694513e-05,12.527289545172607,12.5275810909352
2030-04-02 23:00:00,3.574253581408527e-05,12.52730060196518,12.527619283000604
2030-04-03 00:00:00,7.257802856097164e-05,12.527315018124778,12.527618469484636
2030-04-03 01:00:00,0.00016285722594932205,12.52731183601827,12.527645989588564
2030-04-03 02:00:00,12.526756989206595,12.527322161110533,12.527726365290619
2030-04-03 03:00:00,12.527373928992144,12.527349095145837,12.52793963444401
2030-04-03 04:00:00,16.551139156161298,12.527427937320931,16.551220553309165
2030-04-03 05:00:00,60.00008249940505,59.99824334582081,59.999950627016915
2030-04-03 06:00:00,60.0001472518198,60.0000637907774,60.00012083723489
2030-04-03 07:00:00,16.550977531886385,16.55088231150694,16.55101874439769
2030-04-03 08:00:00,12.527200576335577,12.527308510047767,12.527418792112144
2030-04-03 09:00:00,0.0002303066543694339,12.52727973437868,12.527005171675201
2030-04-03 10:00:00,0.00019240403418912326,12.527275561964416,0.02555363394646485
2030-04-03 11:00:00,6.351366532971955e-05,12.527274428911369,0.0025773426040977413
2030-04-03 12:00:00,5.615458112341767e-05,12.527273627162064,0.0023664833308032485
2030-04-03 13:00:00,0.00012218796418469866,12.527273732514914,0.01377553204799224
2030-04-03 14:00:00,12.52712588832511,12.527276029671157,12.527264741664274
2030-04-03 15:00:00,45.41479334663409,12.527288124184452,45.414029728064456
2030-04-03 16:00:00,135.0889605164108,12.527317072913153,60.003858127171014
2030-04-03 17:00:00,135.08902885022673,16.550953045146343,60.00453068199631
2030-04-03 18:00:00,135.08923879298163,60.003756578708106,60.00496175615079
2030-04-03 19:00:00,135.08912597925712,60.002229654378425,60.00490246727077
2030-04-03 20:00:00,135.08905373266407,59.99998946467367,60.00486176136816
2030-04-03 21:00:00,135.08903124546762,60.004177812546914,60.00487155663086
2030-04-03 22:00:00,135.08902414702877,60.00441289084847,60.00490453996372
2030-04-03 23:00:00,135.08902200636038,60.00435513329285,60.004891056487395
2030-04-04 00:00:00,135.08901900302004,60.004435078435385,60.00495702068865
2030-04-04 01:00:00,135.0890209382615,60.00431044940433,60.004957527193255
2030-04-04 02:00:00,135.08902298230583,60.00422440841703,60.00495014131229
2030-04-04 03:00:00,135.08903012154335,59.99983508224068,60.00497197668028
2030-04-04 04:00:00,135.08909416217102,16.551192051093977,60.0050243258287
2030-04-04 05:00:00,135.09066659827806,60.003805255818406,60.00504052701854
2030-04-04 06:00:00,135.0890507346573,60.00445978738062,60.00500074232407
2030-04-04 07:00:00,135.0889993173419,60.00411821479338,60.0047829716713
2030-04-04 08:00:00,60.000994661162935,16.547182689616154,60.00089201890174
2030-04-04 09:00:00,45.4172080714096,12.52733137564519,45.41722653276449
2030-04-04 10:00:00,12.527490021267075,12.527292236509311,12.52755335631303
2030-04-04 11:00:00,12.52724506142886,12.527281767282147,12.527364923955345
2030-04-04 12:00:00,12.527060218108774,12.527279689579588,12.527316897569804
2030-04-04 13:00:00,12.52728218485772,12.52728223874783,12.527484904863801
2030-04-04 14:00:00,45.41711243430685,12.527289898159324,45.417146441810445
2030-04-04 15:00:00,60.00005813230567,12.527297444410578,59.999838300543274
2030-04-04 16:00:00,135.0889720597036,12.527326198096942,60.00460939766536
2030-04-04 17:00:00,135.08901328074936,12.528357741050968,60.00482649944746
2030-04-04 18:00:00,135.0890085932806,59.999718041831095,60.00493646002289
2030-04-04 19:00:00,135.08882662940485,59.999859996139094,60.004920554599266
2030-04-04 20:00:00,60.004252603724126,59.99983586798556,60.00427939145021
2030-04-04 21:00:00,60.000109782907856,59.999942363849186,60.00019507306388
2030-04-04 22:00:00,60.00000926670362,59.9999410153132,60.000142904988934
2030-04-04 23:00:00,45.41829430377194,45.4183061789754,45.41852585363631
2030-04-05 00:00:00,45.417557466651026,45.41765782127692,45.41805847479867
2030-04-05 01:00:00,45.41724833607445,45.41727007146892,45.41786294625672
2030-04-05 02:00:00,45.41722379383636,45.41723561793515,45.417854924252424
2030-04-05 03:00:00,45.4171266914016,45.416986621516116,45.41809340634154
2030-04-05 04:00:00,45.41752130375153,45.41387172296044,45.41952734202022
2030-04-05 05:00:00,60.00003965058436,59.99995288439641,60.00057597745672
2030-04-05 06:00:00,60.00030536218336,60.000375119018656,60.00071895265641
2030-04-05 07:00:00,59.9999345938068,59.99998465939916,60.00017670439295
2030-04-05 08:00:00,45.414733060308954,45.41474620595517,45.41748331076025
2030-04-05 09:00:00,0.0006922106794822785,12.52732498070236,45.41664883825087
2030-04-05 10:00:00,12.526762122113363,12.527302404162583,12.529389601364484
2030-04-05 11:00:00,12.527159200569475,12.527300428126182,12.528520765388816
2030-04-05 12:00:00,12.527430604829712,12.527321368635697,12.528275834461724
2030-04-05 13:00:00,45.41449871602821,12.527340472192009,45.41469615942129
2030-04-05 14:00:00,45.41729232793456,12.527356139752555,45.41741794273905
2030-04-05 15:00:00,60.00008679712602,12.527600273506323,60.00006707032755
2030-04-05 16:00:00,60.00510545185713,16.55119210612378,60.0047884771583
2030-04-05 17:00:00,135.0889992812835,60.004379014573715,60.00495764672643
2030-04-05 18:00:00,135.0890066982738,60.00448816863728,60.00497570652176
2030-04-05 19:00:00,135.08900439431193,60.00447415595863,60.004969030495886
2030-04-05 20:00:00,135.08900103816268,60.004447354520615,60.004964001698454
2030-04-05 21:00:00,135.0889979674986,60.00447947408884,60.004951765082296
2030-04-05 22:00:00,135.0889903480951,60.00449891134667,60.00495328731722
2030-04-05 23:00:00,135.0889869573631,60.00446260774697,60.004950447958436
2030-04-06 00:00:00,135.08899077605764,60.00448179060219,60.00495705845485
2030-04-06 01:00:00,135.08899500082217,60.00441914139719,60.00496015440149
2030-04-06 02:00:00,135.0889986280096,60.00436325154715,60.00496024261247
2030-04-06 03:00:00,135.0890052128278,59.999892244899456,60.00497014964276
2030-04-06 04:00:00,135.0890150429941,16.55089642381313,60.00498659043912
2030-04-06 05:00:00,135.08902355452162,60.000953604966526,60.00498851654265
2030-04-06 06:00:00,135.0890149014499,60.004399908477,60.00498247976567
2030-04-06 07:00:00,135.0890012906885,60.00409862793549,60.004964913985994
2030-04-06 08:00:00,135.08888832253442,16.551036721924834,60.00493886865017
2030-04-06 09:00:00,60.004456179475994,12.527348724075637,60.00444912291264
2030-04-06 10:00:00,60.004070492518736,12.52730275724116,60.004041690847345
2030-04-06 11:00:00,60.00015942415585,12.527294255527522,60.00011905880223
2030-04-06 12:00:00,60.000081280859085,12.527289165439385,60.00002376349954
2030-04-06 13:00:00,60.00097599583308,12.527285962855785,60.000907617811514
2030-04-06 14:00:00,60.004427129330466,12.527284320619401,60.00420306165084
2030-04-06 15:00:00,135.08898178974536,12.527286024415844,60.00477595717601
2030-04-06 16:00:00,135.08901221547026,12.527294230326902,60.004867145026665
2030-04-06 17:00:00,135.08904642806118,12.527326243121934,60.004923395529204
2030-04-06 18:00:00,135.0891677433492,12.527391012665865,60.00495537991253
2030-04-06 19:00:00,135.08908481859143,12.527358308834664,60.00494374562186
2030-04-06 20:00:00,135.08906141783245,12.527346958487046,60.00493535887176
2030-04-06 21:00:00,135.08904165862438,12.527630527833935,60.00491792556659
2030-04-06 22:00:00,135.08904626919932,16.54897907250779,60.00491919916112
2030-04-06 23:00:00,135.0890367573457,12.527402314308347,60.00491666648577
2030-04-07 00:00:00,135.08902605823778,12.52739814303129,60.00493193836337
2030-04-07 01:00:00,135.08902463981008,12.527337938369783,60.00492868331639
2030-04-07 02:00:00,135.08902284747302,12.527322577224368,60.00492311022845
2030-04-07 03:00:00,135.08902132428415,12.527303819996632,60.00491975681598
2030-04-07 04:00:00,135.08902403628326,12.527292385863907,60.00492077568963
2030-04-07 05:00:00,135.08902800345956,12.527299115481583,60.00491350221182
2030-04-07 06:00:00,135.08901838215246,12.527305944113333,60.00490087440522
2030-04-07 07:00:00,135.08900214444657,12.52730338911988,60.00486539599978
2030-04-07 08:00:00,135.08888288453878,12.527292628215601,60.004804101323174
2030-04-07 09:00:00,60.00423710114936,12.52728415114143,60.004081298485914
2030-04-07 10:00:00,60.00015164398049,12.52728069427394,60.00001437725882
2030-04-07 11:00:00,59.99983424123489,12.52728053357714,59.999657786408896
2030-04-07 12:00:00,45.41735451321819,12.527278962633158,45.41741846330321
2030-04-07 13:00:00,45.41724304104157,12.527278305314212,45.417304539142414
2030-04-07 14:00:00,45.41734614562284,12.527278389052299,45.41741752401407
2030-04-07 15:00:00,59.999988236937405,12.527280454190077,59.99991204113389
2030-04-07 16:00:00,60.00425456535069,12.527285668138209,60.00421523317013
2030-04-07 17:00:00,135.0888868028306,12.527304468082548,60.0048818131942
2030-04-07 18:00:00,135.0889747002193,12.527355832312743,60.00490429512175
2030-04-07 19:00:00,135.0888201225767,12.527333874494616,60.00489245887729
2030-04-07 20:00:00,60.00477710601717,12.527316738213047,60.004730587618894
2030-04-07 21:00:00,60.00429498972024,12.527351417257705,60.00433511315077
2030-04-07 22:00:00,60.00427234482061,12.527672664366037,60.00431993813345
2030-04-07 23:00:00,60.00034425018406,12.52751230132526,60.00043131185066
2030-04-08 00:00:00,60.000100583261876,12.56478798764881,60.000679384708974
2030-04-08 01:00:00,60.000041764145784,12.527593731053457,60.00073074245665
2030-04-08 02:00:00,60.000040833780176,12.527406211325797,60.00069591494321
2030-04-08 03:00:00,60.00005656701778,12.527321874125846,60.00130257924866
2030-04-08 04:00:00,60.00006937053968,12.527300234857863,60.001993416810706
2030-04-08 05:00:00,60.0001168757703,12.527309401782986,60.00075517778987
2030-04-08 06:00:00,45.41746704097552,12.527315973263244,45.41825823470694
2030-04-08 07:00:00,0.0003449081991986487,12.52728655602823,45.417625404545646
2030-04-08 08:00:00,2.6074222380019674e-05,12.527281965722832,45.41752213510722
2030-04-08 09:00:00,1.2528047811962252e-05,12.527278743858005,45.41721101899389
2030-04-08 10:00:00,1.1100692933217166e-05,12.527277635433165,12.530609890143005
2030-04-08 11:00:00,7.3957382178653376e-06,12.527277716098979,12.52774714052137
2030-04-08 12:00:00,5.335228432716237e-06,12.527276085343297,12.527415256569412
2030-04-08 13:00:00,4.580730111524551e-06,12.527273687400339,12.52736476559527
2030-04-08 14:00:00,6.902452148598929e-06,12.527272650396299,12.527405332639269
2030-04-08 15:00:00,1.661290464154058e-05,12.527273784678982,12.527674822782979
2030-04-08 16:00:00,0.000770637009882002,12.527275630412225,45.41715816785231
2030-04-08 17:00:00,60.000088675002864,12.527287605948004,60.00025141303282
2030-04-08 18:00:00,134.91564825856403,12.527300260881468,60.0048906185493
2030-04-08 19:00:00,135.08897102864364,12.527305015258207,60.00488655607478
2030-04-08 20:00:00,135.08898560011767,12.527301194395106,60.004883890141784
2030-04-08 21:00:00,135.08899552603384,12.527314578862388,60.00487835945114
2030-04-08 22:00:00,135.08899057240683,12.527340299853677,60.004879646478
2030-04-08 23:00:00,135.08898705117457,12.5273842567658,60.00487688057274
2030-04-09 00:00:00,135.08899955061335,12.527704862762775,60.0048713355404
2030-04-09 01:00:00,135.08899967669223,12.527399115936532,60.0048708146669
2030-04-09 02:00:00,135.08900104126775,12.527369613640076,60.004868828908
2030-04-09 03:00:00,135.08900848180926,12.527317817168296,60.004879042709035
2030-04-09 04:00:00,135.08902357427996,12.527300667425855,60.00488967932978
2030-04-09 05:00:00,135.08906606804254,12.527370591524232,60.004889383051704
2030-04-09 06:00:00,135.0890229917605,16.545013665880145,60.00486135788384
2030-04-09 07:00:00,135.08887572102475,12.527489922812492,60.0048172445026
2030-04-09 08:00:00,59.99100075737318,12.527315769250569,59.99108079643666
2030-04-09 09:00:00,12.527240607034738,12.527283808889479,12.527967855470568
2030-04-09 10:00:00,12.526349579566656,12.52727885512195,12.527362379208128
2030-04-09 11:00:00,12.526807108344709,12.527277905778647,12.52733009407203
2030-04-09 12:00:00,12.527243311451553,12.527278661461606,12.52740791238682
2030-04-09 13:00:00,12.527418008001657,12.527280324313324,12.527512483663905
2030-04-09 14:00:00,45.41718154833106,12.527282381001896,45.4171808433347
2030-04-09 15:00:00,60.00001231400329,12.527285113816106,59.999771357714955
2030-04-09 16:00:00,135.08127836115636,12.527293519522967,60.004583119766906
2030-04-09 17:00:00,135.08901874721133,12.527330444824656,60.004766185457775
2030-04-09 18:00:00,135.08908454453012,12.527966730447499,60.00481130187936
2030-04-09 19:00:00,135.08902903412857,12.527434353717581,60.00479858800554
2030-04-09 20:00:00,135.0890054703341,12.527364131749229,60.0047897240415
2030-04-09 21:00:00,60.00490996062232,12.527512563294295,60.00469955562403
2030-04-09 22:00:00,45.41513497999888,12.527414378811045,45.4175653093107
2030-04-09 23:00:00,0.0002921025047960229,12.527292427011162,45.41750948846857
2030-04-10 00:00:00,4.897681463848576e-05,12.527295937142265,45.41730775348108
2030-04-10 01:00:00,3.9662734569971725e-05,12.527291135837913,45.417320877507336
2030-04-10 02:00:00,4.218915809107018e-05,12.527290029033793,45.417310687441386
2030-04-10 03:00:00,6.545123164509806e-05,12.527285159660096,45.41740293602652
2030-04-10 04:00:00,0.0001572180908624432,12.527281910989934,45.41753576671502
2030-04-10 05:00:00,0.0002855808219696357,12.527289458163978,45.41755307037147
2030-04-10 06:00:00,9.369483176926253e-05,12.527297936254186,45.41737138713539
2030-04-10 07:00:00,3.566005930564044e-05,12.527293670048493,45.416964472162256
2030-04-10 08:00:00,2.6932009350185525e-05,12.527285332194648,12.530526088937847
2030-04-10 09:00:00,1.6123907251300878e-05,12.52728007888254,12.527883851143235
2030-04-10 10:00:00,1.77974538138085e-05,12.527277845940262,12.527437229996176
2030-04-10 11:00:00,1.2385475314221963e-05,12.52727676052109,12.52730414826759
2030-04-10 12:00:00,1.141009242576762e-05,12.527276034608375,12.52725633212917
2030-04-10 13:00:00,1.3178495588843738e-05,12.527274930929707,12.527252637800297
2030-04-10 14:00:00,1.6855699780626888e-05,12.527274446725642,12.527287985931878
2030-04-10 15:00:00,3.0065300217810123e-05,12.527276497455205,12.527385555025365
2030-04-10 16:00:00,0.0001379236382313761,12.527279354253265,12.52772481243106
2030-04-10 17:00:00,12.523120966542653,12.527285165191643,45.41679395115673
2030-04-10 18:00:00,0.03748673598511232,12.527287042969078,45.417288806491385
2030-04-10 19:00:00,0.0001353201631007886,12.527283475372315,45.41723988652848
2030-04-10 20:00:00,3.816762182395905e-05,12.527281849765515,45.41719294759176
2030-04-10 21:00:00,2.0758190297783736e-05,12.527283395363156,45.41706292340041
2030-04-10 22:00:00,1.1922263787692226e-05,12.52728311885312,45.417074631055584
2030-04-10 23:00:00,1.0560251293354812e-05,12.5272813118263,45.41703054271238
2030-04-11 00:00:00,9.428568810402595e-06,12.527282558999552,45.41737513138098
2030-04-11 01:00:00,9.607169148132996e-06,12.527281162802865,45.41738912836536
2030-04-11 02:00:00,9.827062817957503e-06,12.527280521145258,45.41738431018166
2030-04-11 03:00:00,1.0624052646813468e-05,12.52727829235755,45.417507332980676
2030-04-11 04:00:00,1.4936099432816263e-05,12.52727623998764,45.41794161437316
2030-04-11 05:00:00,2.0240506809547592e-05,12.527279828464998,45.41804513399347
2030-04-11 06:00:00,1.6805511073961945e-05,12.527283209535568,45.41742058745237
2030-04-11 07:00:00,1.1430676037663015e-05,12.527282926049338,12.53405123358987
2030-04-11 08:00:00,8.890505347001256e-06,12.527279316463218,12.527407033568451
2030-04-11 09:00:00,6.5517470586311875e-06,12.527276004390842,12.527251713908116
2030-04-11 10:00:00,7.161965098262318e-06,12.527275622052912,12.52707686468718
2030-04-11 11:00:00,5.703675372255531e-06,12.527275794081106,12.527107074258064
2030-04-11 12:00:00,6.285317432348919e-06,12.527276505439279,12.527239166422433
2030-04-11 13:00:00,1.1041220201385024e-05,12.527275844826363,12.527348195466153
2030-04-11 14:00:00,3.4208787210472374e-05,12.5272753449417,12.52755512175961
2030-04-11 15:00:00,12.527182776346606,12.527277241259071,12.53457944979513
2030-04-11 16:00:00,59.999969756196904,12.52728365955293,60.000020190835926
2030-04-11 17:00:00,60.004339074163056,12.527295546804453,60.004320124169205
2030-04-11 18:00:00,60.00533596940204,12.527316815941806,60.004633004059954
2030-04-11 19:00:00,60.004402149808826,12.52732493100848,60.00439263546832
2030-04-11 20:00:00,60.001036619968545,12.527333519638606,60.00117344884562
2030-04-11 21:00:00,60.00002672172038,12.527527637655112,60.000116838234135
2030-04-11 22:00:00,60.000059229717785,16.530571639588743,60.00015102329871
2030-04-11 23:00:00,60.00004421538376,12.534450410494173,60.000132768447656
2030-04-12 00:00:00,60.00005489683229,16.549718673281586,60.000177160086295
2030-04-12 01:00:00,60.0000795488389,16.549077032876085,60.000222977306294
2030-04-12 02:00:00,60.0005172682785,16.547677576298156,60.000691861263476
2030-04-12 03:00:00,60.00429123783983,12.527374590970794,60.004365766718365
2030-04-12 04:00:00,135.08898302948637,12.527312016450564,60.00469581762859
2030-04-12 05:00:00,135.08900507041656,12.527526162791219,60.00469348886327
2030-04-12 06:00:00,135.08892142295764,16.54995145614893,60.00467996740173
2030-04-12 07:00:00,60.004224396233056,12.52939320434416,60.004279899879
2030-04-12 08:00:00,60.00011961557275,12.527314334412516,60.00021114448779
2030-04-12 09:00:00,59.99999131562372,12.527290040567095,60.00004579216269
2030-04-12 10:00:00,59.99994657483935,12.527284354042422,59.99993369448641
2030-04-12 11:00:00,45.41771143957725,12.52728200695583,45.417695777765466
2030-04-12 12:00:00,45.41726623656903,12.527281360563656,45.41729025510416
2030-04-12 13:00:00,45.4172647186706,12.527280756811706,45.417266279369365
2030-04-12 14:00:00,45.418659917387686,12.527281614881758,45.41846871043629
2030-04-12 15:00:00,60.0005305883471,12.527286018152154,60.00029244292982
2030-04-12 16:00:00,135.08899140120994,12.527300567039365,60.00443702402366
2030-04-12 17:00:00,135.0890283692856,12.52911154051344,60.00459607238962
2030-04-12 18:00:00,159.6035242636228,60.004224473985715,60.00466497103278
2030-04-12 19:00:00,159.6035625783986,60.004294335800296,60.004664769845476
2030-04-12 20:00:00,135.08918790700955,60.00432119794232,60.00466160068774
2030-04-12 21:00:00,135.089044562905,60.00443739050661,60.004646367102396
2030-04-12 22:00:00,135.08904292273164,60.00448988671451,60.00465003897352
2030-04-12 23:00:00,135.08903008331194,60.00446683797054,60.0046448215835
2030-04-13 00:00:00,135.08902207316592,60.00449961853739,60.004649397391915
2030-04-13 01:00:00,135.08902443424938,60.0044556907751,60.004643942131224
2030-04-13 02:00:00,135.08903373760486,60.0044510292455,60.00464122919675
2030-04-13 03:00:00,135.08907892885486,60.00436851202721,60.00465627941503
2030-04-13 04:00:00,2999.987558370035,60.00308745950416,60.004660381035364
2030-04-13 05:00:00,2999.9999329241064,60.0044352066725,60.00467372103412
2030-04-13 06:00:00,135.08917792433724,60.004525219618166,60.004655627177314
2030-04-13 07:00:00,135.08900869729806,60.00444284202058,60.00460517915779
2030-04-13 08:00:00,60.0045529068403,60.00358430105072,60.00437859004977
2030-04-13 09:00:00,60.00000876903523,12.527917832311687,59.99997105861218
2030-04-13 10:00:00,45.41728158318067,12.527339173419023,45.417347181501526
2030-04-13 11:00:00,45.41711027887252,12.527314882097926,45.417187155525795
2030-04-13 12:00:00,45.41691698304782,12.527305263162068,45.41699726046875
2030-04-13 13:00:00,45.4172254628691,12.527300113105412,45.417268369771776
2030-04-13 14:00:00,59.99999767110012,12.527299047852466,59.999859195737784
2030-04-13 15:00:00,60.00438940828154,12.52730828460517,60.00412791219519
2030-04-13 16:00:00,135.08900507082686,12.527428362130262,60.00446342044326
2030-04-13 17:00:00,135.08907270871904,60.000225479136134,60.004543405950464
2030-04-13 18:00:00,2999.9998639404453,60.004329984584295,60.00459991670172
2030-04-13 19:00:00,2999.9995835524014,60.004244602233484,60.004590834762894
2030-04-13 20:00:00,305.82717988222976,60.004227311527615,60.004585845501424
2030-04-13 21:00:00,135.08910758075612,60.00438283832318,60.00457895498403
2030-04-13 22:00:00,135.08904026190334,60.00440586718287,60.004567151294395
2030-04-13 23:00:00,135.08903146788646,60.00406093775564,60.00454788411662
2030-04-14 00:00:00,135.08902071318354,60.00404861842084,60.00455669340241
2030-04-14 01:00:00,135.08902007162914,60.00276953882894,60.00454221920518
2030-04-14 02:00:00,135.08902016100603,59.99999389951972,60.004531229223176
2030-04-14 03:00:00,135.0890226605311,16.54943693824498,60.00451866190633
2030-04-14 04:00:00,135.08902939885047,12.527442182174369,60.00450904768904
2030-04-14 05:00:00,135.0890357354361,12.527653855791868,60.00449094148098
2030-04-14 06:00:00,135.0890108070957,12.52751399812505,60.00444561026747
2030-04-14 07:00:00,60.004943547461785,12.527324378056619,60.004272904593456
2030-04-14 08:00:00,59.99987458569037,12.527291546898557,59.999748575516435
2030-04-14 09:00:00,12.527312221067522,12.52727868069087,12.527548237912487
2030-04-14 10:00:00,0.00015074555385886037,12.527273208561382,12.52726421153674
2030-04-14 11:00:00,2.8699371970516147e-05,12.527273368944407,12.527228076720858
2030-04-14 12:00:00,2.933219404324097e-05,12.527272324966102,12.527177251841465
2030-04-14 13:00:00,4.953838183825597e-05,12.52727197236436,12.52720623667942
2030-04-14 14:00:00,0.0002755973523487495,12.527272769272713,12.527277444273114
2030-04-14 15:00:00,45.41661181096326,12.527280284498374,45.416699441911554
2030-04-14 16:00:00,60.003764175632966,12.527286457135114,60.00370499853534
2030-04-14 17:00:00,135.089007956292,12.527311868917423,60.0043742939661
2030-04-14 18:00:00,135.08904240603263,12.52742434021221,60.00439754030505
2030-04-14 19:00:00,135.08903310705261,12.52741039231114,60.004381505115816
2030-04-14 20:00:00,135.0890253535281,12.52740533701686,60.00437003546499
2030-04-14 21:00:00,135.0890191052736,16.547997332308114,60.004354453288215
2030-04-14 22:00:00,135.08901365720908,16.548997428236362,60.00434373103326
2030-04-14 23:00:00,135.08900937362017,16.548676666019674,60.00432673081559
2030-04-15 00:00:00,135.0890081073336,16.54878502574628,60.00432909029658
2030-04-15 01:00:00,135.08900614890928,12.528400306270669,60.0043131801267
2030-04-15 02:00:00,135.08900518848532,12.52744228584561,60.004292019273635
2030-04-15 03:00:00,135.08900486025078,12.527331089882864,60.00427360897993
2030-04-15 04:00:00,135.08900657928552,12.52730348334183,60.00424764857608
2030-04-15 05:00:00,135.08900682164148,12.52730869235711,60.00418464718522
2030-04-15 06:00:00,135.0889031700209,12.527304642035666,60.00400814901316
2030-04-15 07:00:00,60.00003431472217,12.527297405397803,60.00002117879685
2030-04-15 08:00:00,12.527570406646971,12.527285541238063,12.52815871599401
2030-04-15 09:00:00,4.875700898597106e-05,12.527275975066914,12.527411987159082
2030-04-15 10:00:00,1.5029863388502858e-05,12.527273890504148,12.527373472758091
2030-04-15 11:00:00,1.0053888681538138e-05,12.527274253732685,12.527356607358318
2030-04-15 12:00:00,1.2156823794830057e-05,12.527272710901853,12.527346531971432
2030-04-15 13:00:00,3.176122505590373e-05,12.527271683000436,12.527381404921762
2030-04-15 14:00:00,12.526125162389032,12.527271940864011,12.527587823860896
2030-04-15 15:00:00,45.41532897145019,12.527277879899884,45.41539799029332
2030-04-15 16:00:00,60.0004018506314,12.527281235776352,60.00042321115971
2030-04-15 17:00:00,135.0889417945303,12.527291291965412,60.00181825614744
2030-04-15 18:00:00,135.08899077598218,12.527302517160177,60.00181881783976
2030-04-15 19:00:00,60.002953056821504,12.527299018674057,60.00177334523778
2030-04-15 20:00:00,60.00165779622057,12.527294708985197,60.00159905220829
2030-04-15 21:00:00,60.00061059571324,12.527298031687678,60.00068643022951
2030-04-15 22:00:00,60.00007281290346,12.527304495032695,60.00015072658607
2030-04-15 23:00:00,60.000031604861725,12.527306309457344,60.000101624651506
2030-04-16 00:00:00,60.00043620489144,12.527308266113694,60.00057292498296
2030-04-16 01:00:00,60.00084924621713,12.527296687689159,60.00097309599096
2030-04-16 02:00:00,60.00107997388519,12.52729219271805,60.00117292304458
2030-04-16 03:00:00,60.0015931763884,12.52728466888675,60.00149750029868
2030-04-16 04:00:00,60.00209224480295,12.527281023966808,60.001537833860354
2030-04-16 05:00:00,70.88826272910327,12.52728693348854,60.00150711969127
2030-04-16 06:00:00,60.001205174897855,12.527291450619499,60.001203016070676
2030-04-16 07:00:00,59.999927674691655,12.52728551859218,59.99996544848798
2030-04-16 08:00:00,29.095585157124095,12.527279296486824,29.09571793033834
2030-04-16 09:00:00,0.00041740008372016416,12.527272398375317,22.02340439979151
2030-04-16 10:00:00,5.4369614420071286e-05,12.527272280152829,22.023004550677822
2030-04-16 11:00:00,2.6287484680305843e-05,12.527270670037979,22.02267080125618
2030-04-16 12:00:00,2.57062314777746e-05,12.527269256455735,22.022626899274897
2030-04-16 13:00:00,3.19528618797726e-05,12.52726856386198,22.022786675403477
2030-04-16 14:00:00,4.0216638400279894e-05,12.527268353248473,22.022866133384717
2030-04-16 15:00:00,7.721016643934714e-05,12.527269812881059,22.022960421844942
2030-04-16 16:00:00,12.526289551308983,12.52727227994718,22.02306454571503
2030-04-16 17:00:00,29.094374967295295,12.527280616551252,29.09450031410245
2030-04-16 18:00:00,29.096307847182604,12.527286337825991,29.096318291882483
2030-04-16 19:00:00,29.09484347699553,12.527286231942526,29.094988360386196
2030-04-16 20:00:00,12.529071195284814,12.527285931444036,22.023153515202083
2030-04-16 21:00:00,12.527331335665734,12.527286065757835,22.023082263726792
2030-04-16 22:00:00,12.527583852874702,12.52729783293671,22.02308635704594
2030-04-16 23:00:00,12.527350397025888,12.527291387881633,22.02306695362131
2030-04-17 00:00:00,12.527306850521073,12.52729309850774,22.023001373611535
2030-04-17 01:00:00,12.52725328507351,12.527287830520436,22.023008417817437
2030-04-17 02:00:00,12.527318009904135,12.527291018558572,22.023003442040135
2030-04-17 03:00:00,12.527791673074201,12.527290920833366,22.023105624060918
2030-04-17 04:00:00,29.09621901295486,12.527286936808908,29.096239444389226
2030-04-17 05:00:00,29.09649866274214,12.527301485813041,29.096376211402387
2030-04-17 06:00:00,29.095828943514448,12.527328793769367,29.09591531971425
2030-04-17 07:00:00,0.00017639956357110278,12.527284568737741,22.022859926141862
2030-04-17 08:00:00,2.496761150109032e-05,12.527278052000852,22.01974056374047
2030-04-17 09:00:00,1.4761505872220906e-05,12.527274774748548,12.527718137232469
2030-04-17 10:00:00,2.141912497405078e-05,12.527273497132228,12.5274393549934
2030-04-17 11:00:00,1.1727410378328295e-05,12.527273398012767,12.527400543915686
2030-04-17 12:00:00,7.869328599719143e-06,12.52727325023006,12.52735317402066
2030-04-17 13:00:00,7.767826355624057e-06,12.527273205715574,12.52735834952003
2030-04-17 14:00:00,1.15399850999902e-05,12.527273627149043,12.527399277011634
2030-04-17 15:00:00,2.7829561823734034e-05,12.527275486453618,12.527520865721847
2030-04-17 16:00:00,0.0819318773838199,12.52727887362338,12.528644659873109
2030-04-17 17:00:00,38.441593382854656,12.52731418660187,29.09623403967547
2030-04-17 18:00:00,70.8862296527514,14.794413829588539,29.096343258610986
2030-04-17 19:00:00,70.88674654662168,12.527955553402535,29.09633621532066
2030-04-17 20:00:00,60.00025630724667,12.527910361349086,29.096331286000833
2030-04-17 21:00:00,60.000105207740226,16.546276005992695,29.09631756279032
2030-04-17 22:00:00,60.00005449921547,16.547782348445253,29.09630373127311
2030-04-17 23:00:00,60.00010403311686,16.54632794653844,29.096309713449045
2030-04-18 00:00:00,60.00016035965253,16.546577572566445,29.09632518487234
2030-04-18 01:00:00,135.08869571306337,16.544640101327786,29.096315047321696
2030-04-18 02:00:00,135.08897666190538,12.527613853069852,29.096306331334745
2030-04-18 03:00:00,135.08899819907452,12.527325424115588,29.09631235885263
2030-04-18 04:00:00,135.08901218549454,12.527297668966044,29.09631739894037
2030-04-18 05:00:00,135.08901627325295,12.527315945819282,29.09630330051643
2030-04-18 06:00:00,135.08895844743068,12.527325336039349,29.096255362852858
2030-04-18 07:00:00,29.096593677352384,12.527300578146424,29.096032449948126
2030-04-18 08:00:00,0.0001617823073730829,12.527279050882969,12.527451740992845
2030-04-18 09:00:00,1.6691432751942743e-05,12.527275220911179,12.527337453425766
2030-04-18 10:00:00,1.7718585711311292e-05,12.52727383920319,12.527234018519978
2030-04-18 11:00:00,1.630443686953046e-05,12.527273715247247,12.527212577039556
2030-04-18 12:00:00,1.8353318918936173e-05,12.527273951028882,12.527257192543786
2030-04-18 13:00:00,2.315759615310712e-05,12.527273572965896,12.52725851361022
2030-04-18 14:00:00,4.679054557077677e-05,12.527273188762592,12.527273086217491
2030-04-18 15:00:00,12.526495453721934,12.527274927587314,12.527386450093958
2030-04-18 16:00:00,29.096780644043832,12.527283619374572,29.09579969663686
2030-04-18 17:00:00,60.00036820131506,12.52730082725975,29.096029924020716
2030-04-18 18:00:00,135.08897458426776,12.527329763509375,29.096068720179943
2030-04-18 19:00:00,60.00001842539993,12.527328325135386,29.096032005728375
2030-04-18 20:00:00,29.097012806581915,12.527331375921257,29.095985293092383
2030-04-18 21:00:00,22.022939405617464,12.527381855125896,22.023135381748034
2030-04-18 22:00:00,12.526663341658146,12.527295122275973,22.022630596343333
2030-04-18 23:00:00,12.526628672976447,12.52728914610816,22.022615257778853
2030-04-19 00:00:00,12.526703722601882,12.527289521365729,22.02262747192829
2030-04-19 01:00:00,12.52717806100022,12.527287758794955,22.022636765394964
2030-04-19 02:00:00,12.527357292820362,12.52729345264288,22.02264067145279
2030-04-19 03:00:00,29.094855957107473,12.527291514172248,29.094985110472408
2030-04-19 04:00:00,29.09657997465729,12.527284534522591,29.09595259940069
2030-04-19 05:00:00,38.44154090723507,12.527292105883134,29.095944239140014
2030-04-19 06:00:00,29.096452172654022,12.527297318740224,29.095902532536655
2030-04-19 07:00:00,12.541459745535116,12.527289886545987,22.022276237406825
2030-04-19 08:00:00,0.00015111236358621597,12.527276982606574,12.529499300229517
2030-04-19 09:00:00,2.8659738529595766e-05,12.527273810535917,12.527609076438855
2030-04-19 10:00:00,2.4287287138701636e-05,12.527270384913209,12.527322667638725
2030-04-19 11:00:00,1.8832004104729894e-05,12.527268030660707,12.527206967007348
2030-04-19 12:00:00,1.6275672969008166e-05,12.527265797107843,12.52710204198064
2030-04-19 13:00:00,1.9239575781266364e-05,12.527264098453998,12.527071790336116
2030-04-19 14:00:00,3.847816950167399e-05,12.527264351440863,12.527171000364914
2030-04-19 15:00:00,0.0018241537380586632,12.527268752353848,12.527300500481104
2030-04-19 16:00:00,29.09640429117895,12.527277916014123,29.095573345828242
2030-04-19 17:00:00,59.99944975394626,12.527284559581858,29.09574106334328
2030-04-19 18:00:00,60.00002933336509,12.5272939772873,29.095826543970404
2030-04-19 19:00:00,38.44155626052306,12.52729446864123,29.095776960709372
2030-04-19 20:00:00,22.02231668816239,12.527297718432854,22.022652209925937
2030-04-19 21:00:00,0.000631769364421035,12.527285652981845,22.022413423681428
2030-04-19 22:00:00,7.044485645868204e-05,12.527284592853903,22.02242988380931
2030-04-19 23:00:00,9.987576303066742e-05,12.52728397426472,22.022421949195632
2030-04-20 00:00:00,9.260220369377585e-05,12.527286310693173,22.02248641874121
2030-04-20 01:00:00,0.00026635389009149887,12.527284916441204,22.022498691881992
2030-04-20 02:00:00,12.527223861840291,12.527288833784041,22.02249441117783
2030-04-20 03:00:00,22.02345474402398,12.527299965609927,22.02373992494995
2030-04-20 04:00:00,29.096503155494247,12.527292663441287,29.095781041474623
2030-04-20 05:00:00,38.44146190516532,12.527322928732247,29.095771843505453
2030-04-20 06:00:00,29.09595055068966,12.527413622516075,29.09570267079404
2030-04-20 07:00:00,0.00156013683552062,12.527292814242173,22.022104370405675
2030-04-20 08:00:00,4.3799882974221725e-05,12.527283779139685,12.529032961756712
2030-04-20 09:00:00,1.4949523200628394e-05,12.527279381187327,12.52754605205918
2030-04-20 10:00:00,1.0467969699415295e-05,12.527277299590423,12.527298795198877
2030-04-20 11:00:00,8.048646580932321e-06,12.527275589048259,12.527285245837867
2030-04-20 12:00:00,9.4195866780158e-06,12.527273651982862,12.527263545505534
2030-04-20 13:00:00,1.765345309631182e-05,12.527272547939901,12.527237927413852
2030-04-20 14:00:00,7.295678800455142e-05,12.527272113976323,12.527287165337373
2030-04-20 15:00:00,12.527496117869388,12.52727719376253,12.527740637954446
2030-04-20 16:00:00,38.44187782132349,12.527281107634668,29.095541471158086
2030-04-20 17:00:00,135.08898284454,12.527292171322188,29.09567037181907
2030-04-20 18:00:00,135.08900504270815,12.527316826624785,29.095715807839895
2030-04-20 19:00:00,135.08899728455535,12.52731972195852,29.095710035898264
2030-04-20 20:00:00,135.0889686217697,12.527334400637917,29.095706735628113
2030-04-20 21:00:00,135.08365942039097,12.527459020277092,29.095690169622685
2030-04-20 22:00:00,114.3394589969829,12.52755776306094,29.095690761188052
2030-04-20 23:00:00,114.33926380181539,12.527326057891514,29.09568443157059
2030-04-21 00:00:00,114.3391579626879,12.527320025551772,29.095677568884582
2030-04-21 01:00:00,135.08888508303156,12.527307469215884,29.095668293959534
2030-04-21 02:00:00,135.08898103725667,12.527302565660648,29.09565735396427
2030-04-21 03:00:00,135.08899313230984,12.527293155761072,29.095650265581753
2030-04-21 04:00:00,135.089000413318,12.527287810250346,29.095645892704354
2030-04-21 05:00:00,135.0889930543498,12.527290959210404,29.09562595948716
2030-04-21 06:00:00,60.00002347711445,12.527292216340188,29.095557082205858
2030-04-21 07:00:00,29.096445646501667,12.52728775527612,29.095423076733674
2030-04-21 08:00:00,12.527133637877652,12.527277196844091,12.527590008360377
2030-04-21 09:00:00,5.5828607288572004e-05,12.527273574882202,12.52733030593994
2030-04-21 10:00:00,1.998153358843377e-05,12.527269860715023,12.527197369601563
2030-04-21 11:00:00,1.1671493778764991e-05,12.527265803135379,12.51997862804485
2030-04-21 12:00:00,1.208549949623666e-05,12.52725774064063,0.00321003432796374
2030-04-21 13:00:00,2.0112559905384192e-05,12.527253617970928,0.0037698515224350256
2030-04-21 14:00:00,8.479684775861468e-05,12.527254501037532,12.526073868870188
2030-04-21 15:00:00,12.527795616335217,12.527272669204649,12.52782475558587
2030-04-21 16:00:00,50.7871622425691,12.527275821718995,29.09526060455498
2030-04-21 17:00:00,135.08896982904832,12.527281368293188,29.095518965824702
2030-04-21 18:00:00,135.08900733975568,12.52728828324698,29.095569120815796
2030-04-21 19:00:00,135.08900427143325,12.52728922949973,29.09555381793234
2030-04-21 20:00:00,135.08899415503402,12.527289612196027,29.095542626171977
2030-04-21 21:00:00,135.08891616877767,12.527294634656755,29.09552965261355
2030-04-21 22:00:00,60.00005303261543,12.527290640925457,29.095523238659553
2030-04-21 23:00:00,60.00000370921641,12.527289331324027,29.095496851103235
2030-04-22 00:00:00,59.9999793056099,12.527290178270158,29.09552081806332
2030-04-22 01:00:00,59.99770469572884,12.527286992367408,29.09551148313585
2030-04-22 02:00:00,38.44165715112393,12.527286084599837,29.095499102064423
2030-04-22 03:00:00,38.441574792762104,12.527282468190606,29.095498391952788
2030-04-22 04:00:00,38.441540108569825,12.527279700507165,29.09549504458286
2030-04-22 05:00:00,29.096537661068165,12.527280291313218,29.095474900936125
2030-04-22 06:00:00,12.52731771757564,12.527277619688284,22.021373708190495
2030-04-22 07:00:00,9.022610324597621e-05,12.527273963294647,12.527418591505844
2030-04-22 08:00:00,1.7152637092176592e-05,12.52727129166,12.527196250128213
2030-04-22 09:00:00,7.73508996565613e-06,12.527267257961284,12.525345100061235
2030-04-22 10:00:00,6.2933540494308e-06,12.527266257825431,12.51828150945062
2030-04-22 11:00:00,4.0426235744551635e-06,12.52726334396084,12.524965661313535
2030-04-22 12:00:00,3.7447931153541367e-06,12.527249936115627,12.526237949557938
2030-04-22 13:00:00,5.819805121765499e-06,12.527197830658224,12.526762378589039
2030-04-22 14:00:00,1.2625173176160839e-05,12.527153450865626,12.527100146254522
2030-04-22 15:00:00,0.00011951624683063121,12.527239391981311,12.527330248833568
2030-04-22 16:00:00,29.09647829405087,12.527271524520946,29.095257608976624
2030-04-22 17:00:00,135.08712430117222,12.527276058872303,29.09535304822791
2030-04-22 18:00:00,135.08900165707914,12.527280702549461,29.095382906175033
2030-04-22 19:00:00,135.0889977567233,12.527283543119665,29.09537287772764
2030-04-22 20:00:00,135.0889030648923,12.527285918756888,29.09536688988713
2030-04-22 21:00:00,60.00005978066709,12.52729119891228,29.095349548997547
2030-04-22 22:00:00,50.7870004789569,12.527288829154713,29.09533034375636
2030-04-22 23:00:00,38.442989731049565,12.527296930546981,29.095314799967127
2030-04-23 00:00:00,50.78313306082667,12.52730497380535,29.095307325893558
2030-04-23 01:00:00,50.782895779306976,12.527298251848151,29.095297684092657
2030-04-23 02:00:00,50.78352876246109,12.527295529633193,29.095286928906717
2030-04-23 03:00:00,59.99850581991008,12.527289147689771,29.095293090527775
2030-04-23 04:00:00,60.00006015939198,12.527285807941725,29.09531428849519
2030-04-23 05:00:00,60.00028508251102,12.527299187157041,29.09529500546265
2030-04-23 06:00:00,50.78950824103588,12.527309636736707,29.095227822284286
2030-04-23 07:00:00,12.52761358799168,12.527292406500237,22.02051099456672
2030-04-23 08:00:00,0.0027758886172935975,12.527278071300596,12.527874894292424
2030-04-23 09:00:00,8.884159662748049e-05,12.527274736648906,12.527388198567925
2030-04-23 10:00:00,2.690875549577882e-05,12.527272104501208,12.527223466529605
2030-04-23 11:00:00,1.6931540186620845e-05,12.52726916886968,12.526682764133529
2030-04-23 12:00:00,1.679213420548745e-05,12.52726610607711,0.04553597169820023
2030-04-23 13:00:00,2.7507108818691372e-05,12.52726445942426,0.04569321098963384
2030-04-23 14:00:00,8.088661346786994e-05,12.527264841909528,12.526363084526396
2030-04-23 15:00:00,12.527298536731822,12.527273460634206,12.527406184444693
2030-04-23 16:00:00,38.441337536892924,12.527279744341637,29.094787080130956
2030-04-23 17:00:00,135.08894342405773,12.527291315102957,29.09504827752778
2030-04-23 18:00:00,135.08901297401394,12.527334275957182,29.095096077717642
2030-04-23 19:00:00,135.08900383619562,12.527346863719686,29.095080808731836
2030-04-23 20:00:00,135.08897143125705,12.527383767735651,29.095072016540513
2030-04-23 21:00:00,60.000031244156915,16.519260018925706,29.095048845904785
2030-04-23 22:00:00,38.44234302738535,12.539622279355171,29.095034804665374
2030-04-23 23:00:00,38.44147075767178,12.532769567113974,29.095013519302483
2030-04-24 00:00:00,38.44145296994682,16.519616546582785,29.095031361652644
2030-04-24 01:00:00,38.44151119756569,12.527654265762976,29.095023275732274
2030-04-24 02:00:00,38.44181675536039,12.527387578556045,29.095015308902475
2030-04-24 03:00:00,59.99990778910116,12.527313068699186,29.09501922077652
2030-04-24 04:00:00,60.00045718981164,12.527295678481973,29.095035230034952
2030-04-24 05:00:00,60.012774241713636,12.52731173693428,29.095011966800325
2030-04-24 06:00:00,59.999873885248846,12.527314701131948,29.094943069890434
2030-04-24 07:00:00,29.09631614714255,12.527296508477775,29.094833207698688
2030-04-24 08:00:00,0.000454433079345069,12.527278330431601,12.527429885552749
2030-04-24 09:00:00,3.0007702548159994e-05,12.52727454948581,12.527213631478462
2030-04-24 10:00:00,1.7036393763515552e-05,12.527272611374428,12.52691938094891
2030-04-24 11:00:00,1.2617761528641353e-05,12.527271037104583,12.526686364935387
2030-04-24 12:00:00,1.3093847996395632e-05,12.527270254261415,12.52637554061225
2030-04-24 13:00:00,1.783755595805815e-05,12.527269939787402,12.52698604308126
2030-04-24 14:00:00,6.98848477254492e-05,12.52726990863357,12.527223323900017
2030-04-24 15:00:00,22.0208806626304,12.527277025060357,22.020978297452245
2030-04-24 16:00:00,59.999933288135345,12.527278477264487,29.09465053142617
2030-04-24 17:00:00,135.0890031601184,12.527283271444503,29.094702114860453
2030-04-24 18:00:00,135.08902522551207,12.527288584461372,29.094724537691363
2030-04-24 19:00:00,135.08901041329278,12.527287729696582,29.094703339391344
2030-04-24 20:00:00,135.08898575495368,12.527288099601428,29.094689557076535
2030-04-24 21:00:00,60.00019343871311,12.527292945289446,29.094669333596357
2030-04-24 22:00:00,59.995201824700835,12.527294637669911,29.094641449018127
2030-04-24 23:00:00,38.44156850514943,12.52729143014767,29.09461239472421
2030-04-25 00:00:00,38.44135839351595,12.527293924757693,29.094583113479814
2030-04-25 01:00:00,38.44130816051864,12.527290339103274,29.094566857554128
2030-04-25 02:00:00,38.4414342956904,12.527288563796901,29.094539744760368
2030-04-25 03:00:00,38.44213683819126,12.527283466012705,29.09453746496638
2030-04-25 04:00:00,60.00003383915009,12.52728046483409,29.09454593814054
2030-04-25 05:00:00,60.000120791423335,12.527285330020277,29.094490479781697
2030-04-25 06:00:00,59.99993602365402,12.527288744639051,29.09428500899817
2030-04-25 07:00:00,38.441175813734965,12.527286955435557,29.093464946934503
2030-04-25 08:00:00,12.528823050174216,12.527282364267519,12.528748353484104
2030-04-25 09:00:00,12.527296235841511,12.52727688642699,12.527288582196467
2030-04-25 10:00:00,12.527197247552188,12.527274707202196,12.527180696272023
2030-04-25 11:00:00,9.486462638306026,12.52726986012567,9.486683762113469
2030-04-25 12:00:00,9.485867733663488,12.52726636121901,9.486247554615105
2030-04-25 13:00:00,9.485907735733083,12.527261005351647,9.48626709979458
2030-04-25 14:00:00,9.487128165517687,12.527254913111392,9.487392273017482
2030-04-25 15:00:00,12.527233009956538,12.527268002892015,12.527230688502028
2030-04-25 16:00:00,12.528911600505037,12.527275536843792,12.528809010878803
2030-04-25 17:00:00,59.99845633163016,12.52728219155415,12.53092817846448
2030-04-25 18:00:00,60.00010675303492,12.527297579546563,12.530954880180616
2030-04-25 19:00:00,60.00009333685945,12.527306132243211,12.530939713347834
2030-04-25 20:00:00,59.99994555687317,12.527322635866534,12.530906434650632
2030-04-25 21:00:00,16.552725613313175,12.527403681307987,12.530866020668327
2030-04-25 22:00:00,16.552562256145478,12.527346855542419,12.5308239502383
2030-04-25 23:00:00,12.530801454922464,12.527313131122355,12.530649526392153
2030-04-26 00:00:00,12.527653381503507,12.527302332353822,12.527686831275432
2030-04-26 01:00:00,12.527537400648086,12.527290587328025,12.5275897030142
2030-04-26 02:00:00,12.527547746353374,12.527286037858175,12.527599916742474
2030-04-26 03:00:00,12.528296939145566,12.527280941320896,12.528349959886327
2030-04-26 04:00:00,16.550977847851755,12.527277524754126,12.529767471159602
2030-04-26 05:00:00,16.551049983512865,12.527279244372039,12.529714156175672
2030-04-26 06:00:00,12.527381076107115,12.52727727212304,12.527448078348016
2030-04-26 07:00:00,0.00013107886881075063,12.527271560583358,9.485822982856337
2030-04-26 08:00:00,2.7083707948020293e-05,12.527268261897031,9.48325560633657
2030-04-26 09:00:00,1.3962340133372495e-05,12.527262125534435,9.482849251380406
2030-04-26 10:00:00,1.3707431070120747e-05,12.527258115305813,9.48071826557541
2030-04-26 11:00:00,1.147374403900162e-05,12.527251176804384,9.482748266784096
2030-04-26 12:00:00,1.2299629882048587e-05,12.527239622998826,9.4829325379566
2030-04-26 13:00:00,1.784123536257732e-05,12.527206758491957,9.483010522217462
2030-04-26 14:00:00,3.425963930429429e-05,12.527020453402656,9.483040094939946
2030-04-26 15:00:00,0.00028049476337856,12.527200071246625,9.483111585949203
2030-04-26 16:00:00,12.52732985910512,12.527267400066288,12.527325839392304
2030-04-26 17:00:00,16.550339231510648,12.527274758535896,12.527962515637336
2030-04-26 18:00:00,16.550885528446805,12.527276517238052,12.527972536208935
2030-04-26 19:00:00,16.54980950640224,12.527276063443423,12.527968717539807
2030-04-26 20:00:00,12.527329092280524,12.527273934020467,12.52740972644854
2030-04-26 21:00:00,12.526964365011795,12.527272620513031,12.527220007826145
2030-04-26 22:00:00,2.435194550592879e-05,12.527273002109723,12.526973766261108
2030-04-26 23:00:00,1.580573469507457e-05,12.527271777709757,12.526951111666676
2030-04-27 00:00:00,1.0642910050371447e-05,12.527272688155142,12.526735530330953
2030-04-27 01:00:00,9.754630448609776e-06,12.527271615264908,12.52678556858882
2030-04-27 02:00:00,9.484723685431574e-06,12.527271208327875,12.526728262128017
2030-04-27 03:00:00,1.1873223414779644e-05,12.527269279754364,12.527004146991203
2030-04-27 04:00:00,2.1349718736018986e-05,12.527266379099025,12.527156153069669
2030-04-27 05:00:00,3.586808072379994e-05,12.527270754675556,12.527166975211268
2030-04-27 06:00:00,2.490975214161798e-05,12.527271774329652,12.526731940375043
2030-04-27 07:00:00,1.4762619490463273e-05,12.52727112527191,9.483662193630371
2030-04-27 08:00:00,1.210211873310113e-05,12.527267562729202,9.482863419091274
2030-04-27 09:00:00,9.051246509236652e-06,12.527260231573564,9.482621278307652
2030-04-27 10:00:00,1.1059835027549563e-05,12.52724751336882,9.48201873922782
2030-04-27 11:00:00,7.1228639734763515e-06,12.5272031182094,0.009924750547151334
2030-04-27 12:00:00,5.59589465983106e-06,12.51144956074398,0.0013227315230324166
2030-04-27 13:00:00,5.721250550758226e-06,12.510418858884805,0.0010485180945537873
2030-04-27 14:00:00,8.681857225327086e-06,12.510901295649091,0.0016259974681046793
2030-04-27 15:00:00,1.6746449711547568e-05,12.527219647517995,9.48120021366475
2030-04-27 16:00:00,9.087778387766485e-05,12.527262521186794,9.482535640588253
2030-04-27 17:00:00,12.527244892300146,12.527273509823317,12.52727358807648
2030-04-27 18:00:00,12.528354347981127,12.527281952283225,12.527796212299975
2030-04-27 19:00:00,12.528216043536736,12.527281907793622,12.527785705547103
2030-04-27 20:00:00,12.527415381169703,12.527281364463994,12.527436785187717
2030-04-27 21:00:00,12.527286659515982,12.527281493831651,12.52733941675615
2030-04-27 22:00:00,12.527339569302944,12.527286355639262,12.527379747053601
2030-04-27 23:00:00,12.527251555897482,12.527279637601168,12.527312841420098
2030-04-28 00:00:00,12.52713969976069,12.527278259726762,12.527212671292219
2030-04-28 01:00:00,12.527169777176812,12.527277294714622,12.527229934593379
2030-04-28 02:00:00,12.52716326102817,12.52727722988493,12.52721812668733
2030-04-28 03:00:00,12.527214344296015,12.527276298880679,12.527248837859588
2030-04-28 04:00:00,12.527291036104543,12.52727581930314,12.52730468286417
2030-04-28 05:00:00,12.527245674993265,12.527275896875835,12.52727178596982
2030-04-28 06:00:00,0.0008400022740090152,12.52727282337897,9.482625463656447
2030-04-28 07:00:00,4.685435537520836e-05,12.527272660643575,9.48222845143102
2030-04-28 08:00:00,1.3177742823325256e-05,12.527270642835825,0.0018008052765594584
2030-04-28 09:00:00,5.026915853233971e-06,12.52726696172249,0.00040852613210833543
2030-04-28 10:00:00,4.5769432063232815e-06,12.527265600268038,0.00022331372021707282
2030-04-28 11:00:00,3.9803275718315975e-06,12.527266068994322,0.00017734089815013055
2030-04-28 12:00:00,5.083086668601365e-06,12.527262849255763,0.00017390265330163857
2030-04-28 13:00:00,9.582639900764098e-06,12.527262249041996,0.00024937776895153386
2030-04-28 14:00:00,2.736403999843248e-05,12.527264081615613,0.0005939792310008418
2030-04-28 15:00:00,9.481852139664685,12.527267990424662,9.482220947821968
2030-04-28 16:00:00,16.550471483503085,12.527277560917199,12.527503913715591
2030-04-28 17:00:00,135.0885411840074,12.527282250125609,12.52765754738385
2030-04-28 18:00:00,135.08900519983746,12.527284126310935,12.527709805305946
2030-04-28 19:00:00,135.08900593525377,12.527282435458801,12.527709203708582
2030-04-28 20:00:00,135.08899955010293,12.52728167600766,12.527708153806017
2030-04-28 21:00:00,135.08898664943612,12.527284089120258,12.527697104148501
2030-04-28 22:00:00,135.0889611146666,12.527286180718875,12.527702710664016
2030-04-28 23:00:00,135.08862211203893,12.527285606798614,12.52769908144819
2030-04-29 00:00:00,60.00022604538157,12.527285434142899,12.527707499060398
2030-04-29 01:00:00,60.000042702799824,12.52728235158611,12.527695680355464
2030-04-29 02:00:00,59.99998131845043,12.527281086593575,12.527682345305038
2030-04-29 03:00:00,38.440824020212766,12.52727852623957,12.527683111398801
2030-04-29 04:00:00,16.550713799751975,12.527275839390754,12.527697918449647
2030-04-29 05:00:00,12.52733322987382,12.527273279065412,12.527333594163245
2030-04-29 06:00:00,0.0002846600684474857,12.527268075984264,9.482549256683697
2030-04-29 07:00:00,2.3470873698960785e-05,12.527268338702925,9.482134554228796
2030-04-29 08:00:00,1.0292419851394778e-05,12.527266597223425,0.0016990875126055016
2030-04-29 09:00:00,4.5823237332640995e-06,12.52726371393419,0.00036537861757029544
2030-04-29 10:00:00,2.353432422027662e-06,12.527259521013548,0.00020563455785110472
2030-04-29 11:00:00,1.2699604205301915e-06,12.52726134875138,0.00017238558462933913
2030-04-29 12:00:00,8.198713724147652e-07,12.527255225204604,0.00016147386202192138
2030-04-29 13:00:00,1.1792264323538207e-06,12.527243810646723,0.0002086174993197784
2030-04-29 14:00:00,2.581651324889128e-06,12.527230033524575,0.00042818319117599496
2030-04-29 15:00:00,9.108841650544428e-06,12.52723674988738,0.04657068171435807
2030-04-29 16:00:00,3.874558403819127e-05,12.527252193781514,9.482339879512054
2030-04-29 17:00:00,0.00029863656671074286,12.527262854036053,9.485650811236326
2030-04-29 18:00:00,0.0009035782066308918,12.527266312042583,12.526046846059756
2030-04-29 19:00:00,5.073647271266972e-05,12.52726491906833,12.52573248914996
2030-04-29 20:00:00,2.1305914742697496e-05,12.527265387477488,12.524912905571298
2030-04-29 21:00:00,1.4937349787944468e-05,12.527269169381725,12.522802012039392
2030-04-29 22:00:00,9.225839805873943e-06,12.527270839509583,12.524474137936522
2030-04-29 23:00:00,8.780222369779067e-06,12.527271334481156,12.522484235572847
2030-04-30 00:00:00,1.1029084581838548e-05,12.527270912574659,12.526487782543555
2030-04-30 01:00:00,1.1483347195625086e-05,12.527270160239823,12.526554088934972
2030-04-30 02:00:00,1.183567734606339e-05,12.52726997663558,12.526413091732138
2030-04-30 03:00:00,1.6110348472970003e-05,12.527269274845821,12.526822274461665
2030-04-30 04:00:00,3.573488811525749e-05,12.527267881606468,12.527052462196153
2030-04-30 05:00:00,4.8936163864657493e-05,12.527270241590486,12.527084364514312
2030-04-30 06:00:00,2.564646136721288e-05,12.527270511050896,12.526912627298842
2030-04-30 07:00:00,1.6889451503837515e-05,12.52726856467325,12.520816193508024
2030-04-30 08:00:00,1.4383649254729228e-05,12.527261780596005,9.482403894643909
2030-04-30 09:00:00,1.2081179972760646e-05,12.52723355816397,9.48201682783856
2030-04-30 10:00:00,1.2858168452593286e-05,12.526940111170916,0.0017867580249290892
2030-04-30 11:00:00,8.998012034912518e-06,9.501981146143407,0.0009168871759836369
2030-04-30 12:00:00,7.879438112132365e-06,0.001011210649115476,0.0006946719001064139
2030-04-30 13:00:00,9.848333184143837e-06,0.0004951043556502555,0.0004837047887776966
2030-04-30 14:00:00,1.6227602563208333e-05,0.0006746105682395864,0.0007118933636954817
2030-04-30 15:00:00,5.615706329159117e-05,9.482036644838445,9.48189247716914
2030-04-30 16:00:00,12.52701413558322,12.527241708664345,12.527051958128226
2030-04-30 17:00:00,12.528938800719148,12.527274187769763,12.527616266882866
2030-04-30 18:00:00,16.551133838678165,12.527278584056003,12.527659713794307
2030-04-30 19:00:00,16.550785493479136,12.527278379558084,12.527662029145176
2030-04-30 20:00:00,16.55061738497625,12.527278719975715,12.527663724659618
2030-04-30 21:00:00,14.008715707435348,12.527281526751722,12.527652200402372
2030-04-30 22:00:00,16.550607817884668,12.527282319253572,12.527652774753733
2030-04-30 23:00:00,16.549802256385288,12.527283258820717,12.527650999562866
2030-05-01 00:00:00,12.528348302107183,12.527283188670143,12.52767906311685
2030-05-01 01:00:00,14.008132264379208,12.527282394685244,12.527688012637554
2030-05-01 02:00:00,16.550692973372225,12.527281585043056,12.527683623127814
2030-05-01 03:00:00,59.999605585179445,12.52727914359275,12.527670800459418
2030-05-01 04:00:00,60.00003099101468,12.527276674048363,12.527654005038599
2030-05-01 05:00:00,59.99998009585703,12.527276416409222,12.52757610593957
2030-05-01 06:00:00,16.55069245789886,12.527276701207429,12.527506892968148
2030-05-01 07:00:00,12.527150204118994,12.527271550750811,12.527108916858202
2030-05-01 08:00:00,6.582594879317624e-05,12.527266818959182,9.481657030919948
2030-05-01 09:00:00,1.0713341911496932e-05,12.527262826147307,0.011700524481501901
2030-05-01 10:00:00,6.1968750716165746e-06,12.527260001900686,0.011137049496105585
2030-05-01 11:00:00,3.7594696021554668e-06,12.527259953360954,0.009655334310714955
2030-05-01 12:00:00,2.587015398954348e-06,12.527257403459013,0.00980453782466384
2030-05-01 13:00:00,2.782557580151873e-06,12.527258162795079,9.481698064085437
2030-05-01 14:00:00,4.544260412607607e-06,12.52725634757735,9.482202570875808
2030-05-01 15:00:00,9.351399053336728e-06,12.527259415222034,9.48226848535101
2030-05-01 16:00:00,2.934416695956498e-05,12.527265641118879,9.482412115812267
2030-05-01 17:00:00,0.00012472264027658033,12.527271243510768,12.522386963403944
2030-05-01 18:00:00,0.00016755652739133706,12.527274729035831,12.526719469421963
2030-05-01 19:00:00,4.5075204655450604e-05,12.527275263047159,12.52665400659589
2030-05-01 20:00:00,2.3192008484329563e-05,12.527275578314264,12.52662082136628
2030-05-01 21:00:00,1.6453900903287626e-05,12.527277453281386,12.526826773618268
2030-05-01 22:00:00,2.601630419633397e-05,12.527279397892016,12.527009010701477
2030-05-01 23:00:00,1.786639249790587e-05,12.527281356349704,12.527035962752052
2030-05-02 00:00:00,2.4903185518859872e-05,12.527283027089759,12.526884679189152
2030-05-02 01:00:00,2.6659501053653673e-05,12.52728157477668,12.526903598730314
2030-05-02 02:00:00,3.5061057258804925e-05,12.527281432416203,12.526888054383562
2030-05-02 03:00:00,0.00010223830429621024,12.527279361655019,12.527074700715275
2030-05-02 04:00:00,12.527092518050893,12.527279463995031,12.52731703770975
2030-05-02 05:00:00,12.527226299991735,12.527285439408843,12.52736603213181
2030-05-02 06:00:00,12.526548751064457,12.527284471509597,12.527175846634037
2030-05-02 07:00:00,9.277083875303725e-05,12.527280390634587,12.526620749011371
2030-05-02 08:00:00,2.424638970836766e-05,12.527276625431378,12.522665193077415
2030-05-02 09:00:00,1.116529411447638e-05,12.52727354855142,9.483518886127227
2030-05-02 10:00:00,8.005276928879163e-06,12.52727243384561,9.482363065523852
2030-05-02 11:00:00,7.381217672266062e-06,12.527272523983811,9.482138869525214
2030-05-02 12:00:00,8.885809488091054e-06,12.527272665570342,9.4819976314471
2030-05-02 13:00:00,1.4886471326961715e-05,12.527272619698124,9.4822417639558
2030-05-02 14:00:00,3.948107306927419e-05,12.52727296993271,9.48242159388633
2030-05-02 15:00:00,9.485676120964408,12.527274769753603,9.486389072428596
2030-05-02 16:00:00,12.527519831850935,12.527285235215084,12.52742598622973
2030-05-02 17:00:00,38.44068242809851,12.527310386688441,12.527620647450265
2030-05-02 18:00:00,59.999927277551905,12.527456974809034,12.527644065491671
2030-05-02 19:00:00,38.43975507186586,12.527362329075913,12.527640520751447
2030-05-02 20:00:00,12.529037383314062,12.527336096092826,12.527636824710186
2030-05-02 21:00:00,12.527447250226114,12.527329660383657,12.527444853742054
2030-05-02 22:00:00,12.527343066226992,12.527319704791807,12.527390227527576
2030-05-02 23:00:00,12.527293278674321,12.527301816798172,12.527350232388017
2030-05-03 00:00:00,12.527316149046069,12.527305536410532,12.527364363789928
2030-05-03 01:00:00,12.527313733736467,12.527298007320496,12.527361987957192
2030-05-03 02:00:00,12.527323835606671,12.52729564188121,12.527365942153665
2030-05-03 03:00:00,12.527415660852988,12.527290751197143,12.527431855420218
2030-05-03 04:00:00,14.80021503517117,12.527289066996978,12.527648859257667
2030-05-03 05:00:00,14.80047249161154,12.527303039652907,12.52764612607488
2030-05-03 06:00:00,12.527591904620062,12.527307011456768,12.527526872799982
2030-05-03 07:00:00,12.527232167838143,12.52728648667653,12.527262631723106
2030-05-03 08:00:00,0.00011663819252899212,12.527278015513938,9.482459606330934
2030-05-03 09:00:00,2.1281510141828423e-05,12.52727520287408,9.482226480916301
2030-05-03 10:00:00,1.1435363810782046e-05,12.527273760192656,9.48083124704091
2030-05-03 11:00:00,8.264301019327775e-06,12.527272770829768,0.00506168494207672
2030-05-03 12:00:00,7.637374617462849e-06,12.527272355572958,0.004605657054185031
2030-05-03 13:00:00,1.0348930158392646e-05,12.527272545750748,0.009360293030452015
2030-05-03 14:00:00,2.152183757434875e-05,12.527272978298242,9.481583855918561
2030-05-03 15:00:00,9.009430771020827e-05,12.527274428672172,9.482187994428807
2030-05-03 16:00:00,12.527278728011462,12.527279634141,12.527232416101398
2030-05-03 17:00:00,59.999159979489825,12.527299382945785,12.52758323202402
2030-05-03 18:00:00,59.99998413003795,12.527331773308639,12.527625861045607
2030-05-03 19:00:00,59.999971551006425,12.527316950599925,12.527623746724203
2030-05-03 20:00:00,59.99996465297227,12.527320246303937,12.52762409158855
2030-05-03 21:00:00,59.99997878045911,12.527374510274967,12.527619240608146
2030-05-03 22:00:00,60.000066146035145,12.52747534955688,12.52763245980077
2030-05-03 23:00:00,60.00006392711482,12.527367330446395,12.527622869186416
2030-05-04 00:00:00,60.00009493821048,12.527444675410685,12.527631184780816
2030-05-04 01:00:00,60.00021698735028,12.527364971769202,12.527624581482087
2030-05-04 02:00:00,60.00036030650735,12.527357464759916,12.52762040143898
2030-05-04 03:00:00,135.0886365142199,12.527315143037413,12.527628514227217
2030-05-04 04:00:00,135.088991118316,12.527297759572718,12.527642719459124
2030-05-04 05:00:00,135.08899104702394,12.527320403779413,12.527641542262748
2030-05-04 06:00:00,60.00053646275992,12.527330084803257,12.527609466763707
2030-05-04 07:00:00,59.99997795546663,12.527303444796416,12.527487361258913
2030-05-04 08:00:00,45.413951276819546,12.527286544403902,12.527332597801205
2030-05-04 09:00:00,12.527316568364908,12.527276570442154,12.527055820229446
2030-05-04 10:00:00,12.527275900971054,12.527273836336462,12.526879721841226
2030-05-04 11:00:00,12.52725037384244,12.52727305102053,12.526862153785546
2030-05-04 12:00:00,12.527221303718054,12.527272447034704,12.526947333482127
2030-05-04 13:00:00,12.527308445364907,12.527273744410195,12.527092102793723
2030-05-04 14:00:00,45.41390187425467,12.5272757496532,12.527290216017906
2030-05-04 15:00:00,59.999991267417144,12.527278055522402,12.527355620398867
2030-05-04 16:00:00,135.08887502890587,12.527283558442113,12.527490189296557
2030-05-04 17:00:00,135.08901527661408,12.527304131665005,12.527591294815265
2030-05-04 18:00:00,135.08909543487727,12.52737690498086,12.527628183773771
2030-05-04 19:00:00,135.08911006944177,12.527333087467014,12.52762600139431
2030-05-04 20:00:00,135.08903991151328,12.527333368900301,12.527628177824639
2030-05-04 21:00:00,135.08902309011,12.527437732885119,12.527623733808468
2030-05-04 22:00:00,135.08901005006987,12.52744502578662,12.52762096083643
2030-05-04 23:00:00,135.08900688068783,12.527311551791172,12.527608403095655
2030-05-05 00:00:00,135.08900203266097,12.527311324614026,12.527620666080367
2030-05-05 01:00:00,135.08899962381014,12.52730233649254,12.52761773587281
2030-05-05 02:00:00,135.08899775193967,12.527297829420604,12.527613554072559
2030-05-05 03:00:00,135.08899607304855,12.52729107426785,12.527612895929451
2030-05-05 04:00:00,135.08899869925466,12.527287004280224,12.527616782873025
2030-05-05 05:00:00,135.08885664869604,12.527292704654428,12.52761113769495
2030-05-05 06:00:00,59.99994682470775,12.527291720594546,12.527565761582295
2030-05-05 07:00:00,12.527284686728832,12.527285398889035,12.527218519984357
2030-05-05 08:00:00,5.373378378414645e-05,12.527275379809065,9.459725259087904
2030-05-05 09:00:00,1.1152394772692757e-05,12.527272864701445,0.0006894635717218303
2030-05-05 10:00:00,7.340174193591301e-06,12.52727181858154,0.00033913611280534533
2030-05-05 11:00:00,6.6008189436238975e-06,12.527272004720544,0.00026060552160696423
2030-05-05 12:00:00,6.718153757807704e-06,12.52727120962145,0.0002712022450452878
2030-05-05 13:00:00,7.953705599292892e-06,12.527270657730696,0.0004630233078770439
2030-05-05 14:00:00,1.7165834786758717e-05,12.527270691304693,0.0016541003470274436
2030-05-05 15:00:00,0.00033546705598972587,12.527272134817395,9.482067935370248
2030-05-05 16:00:00,45.41403861979135,12.52728140754009,12.527501014124354
2030-05-05 17:00:00,135.08750143930533,12.527290294196064,12.52759085113962
2030-05-05 18:00:00,135.08900647992758,12.52730235117528,12.527618971499749
2030-05-05 19:00:00,135.08900897880721,12.527297997477035,12.527614346236078
2030-05-05 20:00:00,135.08900300885398,12.527296778086496,12.52760965748476
2030-05-05 21:00:00,135.08899110444798,12.52730636652359,12.527602535004007
2030-05-05 22:00:00,60.00042090122114,12.527331837667589,12.527601388592302
2030-05-05 23:00:00,60.00043374574073,12.527315214190821,12.527599028685472
2030-05-06 00:00:00,70.88867058068703,12.527311823508112,12.527613917662293
2030-05-06 01:00:00,70.88869084252677,12.527300582019052,12.527612506765763
2030-05-06 02:00:00,70.88821016845606,12.527295180540023,12.527609596805632
2030-05-06 03:00:00,60.00255560979505,12.527287807471112,12.52761356992687
2030-05-06 04:00:00,70.88436778523716,12.527282985624273,12.527619300668846
2030-05-06 05:00:00,60.00013916821194,12.527283497598546,12.527610487080617
2030-05-06 06:00:00,60.00002822969223,12.527281938944016,12.527595401926192
2030-05-06 07:00:00,59.99995207430638,12.527280573729513,12.527570901534178
2030-05-06 08:00:00,45.414137812109786,12.527278487322393,12.527552843018299
2030-05-06 09:00:00,45.412047870595494,12.527277317230983,12.527514123595966
2030-05-06 10:00:00,38.44061653217368,12.527276314769551,12.52744488620426
2030-05-06 11:00:00,12.527263834582744,12.527272936546069,12.527130002669411
2030-05-06 12:00:00,12.526839019966268,12.527267788887011,12.526694373275788
2030-05-06 13:00:00,12.526882666338716,12.527266207997855,12.526704175916954
2030-05-06 14:00:00,12.52728736446864,12.527269966109998,12.527051925785427
2030-05-06 15:00:00,45.41408351257023,12.527274197574116,12.527346479978888
2030-05-06 16:00:00,60.00002410256119,12.527276863205232,12.527505511679536
2030-05-06 17:00:00,135.08890810423688,12.527281991093332,12.527576487857324
2030-05-06 18:00:00,135.0890027241354,12.527289772165076,12.527604371535759
2030-05-06 19:00:00,135.08900520484622,12.527291252311443,12.527603974582235
2030-05-06 20:00:00,135.0890029762768,12.527292834797354,12.527602961570423
2030-05-06 21:00:00,135.08900187773907,12.52730383684684,12.527596793095654
2030-05-06 22:00:00,135.0890018016932,12.527317112677338,12.527598961176409
2030-05-06 23:00:00,135.08899874035006,12.52732326746991,12.527596225227171
2030-05-07 00:00:00,135.08900571595805,12.52732459056262,12.527595804063438
2030-05-07 01:00:00,135.0890083989348,12.527310455858242,12.527594699902693
2030-05-07 02:00:00,135.08901190824068,12.527303154864057,12.527593390301263
2030-05-07 03:00:00,135.08901755935688,12.527294073917801,12.527605767628302
2030-05-07 04:00:00,135.08903852886937,12.527289491238852,12.527623298227553
2030-05-07 05:00:00,135.0890560054207,12.52729677498337,12.527619013999367
2030-05-07 06:00:00,135.0890228405083,12.52729801923265,12.527593895836276
2030-05-07 07:00:00,135.08900372333005,12.52729348440971,12.527543156438878
2030-05-07 08:00:00,135.08899368612074,12.527286354146604,12.527486047028859
2030-05-07 09:00:00,135.08896090880145,12.527280584377877,12.527392960611907
2030-05-07 10:00:00,60.00147260164689,12.52727857788068,12.527299483055947
2030-05-07 11:00:00,60.000166741685206,12.527277268700345,12.527260018075536
2030-05-07 12:00:00,60.00005332108901,12.527276195082939,12.527261937490337
2030-05-07 13:00:00,60.00007097713282,12.527275587765871,12.527287120520155
2030-05-07 14:00:00,60.00024569142167,12.527274817574835,12.527335392245396
2030-05-07 15:00:00,135.08894314627236,12.52727614759442,12.527419012864339
2030-05-07 16:00:00,135.08900168755451,12.527278971326782,12.527503189596217
2030-05-07 17:00:00,135.08902160503735,12.527285143713925,12.527563666519171
2030-05-07 18:00:00,135.08908664778917,12.527295533699322,12.527590231017214
2030-05-07 19:00:00,135.0890810698222,12.527296770634166,12.527592365803685
2030-05-07 20:00:00,135.08903710024606,12.52729691582965,12.527593886268392
2030-05-07 21:00:00,135.08902254641907,12.527310958858834,12.527583093490648
2030-05-07 22:00:00,135.08902119707133,12.527321077451234,12.527583965908889
2030-05-07 23:00:00,135.08901560218945,12.527309366733789,12.527580171890804
2030-05-08 00:00:00,135.08901635212507,12.527311314611104,12.527587477156686
2030-05-08 01:00:00,135.0890194695192,12.527300486562126,12.527586649058321
2030-05-08 02:00:00,135.08902521311205,12.527294846925543,12.52758673914741
2030-05-08 03:00:00,135.0890402993249,12.52728805670722,12.52759625505314
2030-05-08 04:00:00,135.09042534075272,12.527283037175948,12.527608150139244
2030-05-08 05:00:00,135.09033405425356,12.527283484116197,12.527603640822461
2030-05-08 06:00:00,135.08903069508494,12.527281513089056,12.527576447343463
2030-05-08 07:00:00,135.08900206115743,12.527278731452498,12.527490357838985
2030-05-08 08:00:00,135.08891939636337,12.527275909739469,12.527402053083094
2030-05-08 09:00:00,60.00019502264785,12.527273285125375,12.527329626920498
2030-05-08 10:00:00,60.000039423576055,12.527271700348138,12.527215663548674
2030-05-08 11:00:00,59.99999421100531,12.527272264253952,12.527179383681364
2030-05-08 12:00:00,59.99991639587194,12.527271366117244,12.52716201326642
2030-05-08 13:00:00,59.99990561813971,12.527271310778815,12.527196566810868
2030-05-08 14:00:00,60.00004153663301,12.527272338761577,12.527268790456162
2030-05-08 15:00:00,135.08871773360937,12.527273863021037,12.527361908374925
2030-05-08 16:00:00,135.0890056795065,12.527276694033837,12.5274689108509
2030-05-08 17:00:00,135.08904875596465,12.527281891534585,12.527543849103441
2030-05-08 18:00:00,305.8271527342903,12.52728981262235,12.527573802621674
2030-05-08 19:00:00,135.10267596133295,12.52728986942202,12.527572409365348
2030-05-08 20:00:00,135.08905418577615,12.527287804591193,12.527572313020116
2030-05-08 21:00:00,135.08901877048078,12.527291191975564,12.527564332508518
2030-05-08 22:00:00,135.08900739713374,12.527291480605527,12.52755996706128
2030-05-08 23:00:00,135.0889984452833,12.527291270319438,12.527557159375647
2030-05-09 00:00:00,135.0889897500165,12.527293023984523,12.527555314053188
2030-05-09 01:00:00,135.0889664679224,12.527287277594041,12.527552548839594
2030-05-09 02:00:00,135.0889136285647,12.527285384834613,12.527549300739338
2030-05-09 03:00:00,135.08881096158225,12.527281628734272,12.527559949694478
2030-05-09 04:00:00,135.0889812135915,12.52727882005376,12.52757456707539
2030-05-09 05:00:00,60.000260399249335,12.527282008600196,12.527571544995661
2030-05-09 06:00:00,38.43929542963009,12.52728384509076,12.527532232255354
2030-05-09 07:00:00,9.481966500718471,12.527276634714326,9.482803067534437
2030-05-09 08:00:00,3.074171433639503e-05,12.52727619635919,9.482093680133374
2030-05-09 09:00:00,9.858347150167214e-06,12.527275194351205,9.481809750560249
2030-05-09 10:00:00,1.0188569004035202e-05,12.527275801851829,9.481558586347331
2030-05-09 11:00:00,8.153148522101926e-06,12.527274834387754,9.481957693266466
2030-05-09 12:00:00,1.010759089102969e-05,12.527274139623124,9.482122208302542
2030-05-09 13:00:00,2.627218498675109e-05,12.527273858046101,9.482240527977094
2030-05-09 14:00:00,0.00014487649833112875,12.527272894873931,9.482473142066352
2030-05-09 15:00:00,12.52668352069756,12.527272865283521,12.526821819649356
2030-05-09 16:00:00,12.5276583774329,12.527280473098198,12.527445728269512
2030-05-09 17:00:00,60.000069016891075,12.527287330703984,12.5275205061405
2030-05-09 18:00:00,60.000648681525035,12.527295466598247,12.527535197438539
2030-05-09 19:00:00,59.999932188302765,12.527292103384752,12.527526104306162
2030-05-09 20:00:00,12.527467830016576,12.527286571759676,12.527421794747937
2030-05-09 21:00:00,12.527105679901887,12.527281585978926,12.527200615309084
2030-05-09 22:00:00,9.484761798406074,12.527278705592835,12.526229350110043
2030-05-09 23:00:00,9.4819784616829,12.52727462499206,12.52614592475311
2030-05-10 00:00:00,0.00010253830854872799,12.527274736185486,12.526581507548613
2030-05-10 01:00:00,7.43641568440032e-05,12.527273704121399,12.526666407066841
2030-05-10 02:00:00,7.04448402601393e-05,12.52727262875942,12.526654590875296
2030-05-10 03:00:00,8.54196861365278e-05,12.52727030283586,12.526463019192306
2030-05-10 04:00:00,0.00010137258728198982,12.527266573453584,12.523678728598767
2030-05-10 05:00:00,7.197940305752797e-05,12.527266822494312,9.482356254716306
2030-05-10 06:00:00,3.4656067230338404e-05,12.527266402973595,9.482211375526106
2030-05-10 07:00:00,2.2058798993299448e-05,12.52726513055859,9.48213448347928
2030-05-10 08:00:00,1.3143009897917814e-05,12.527261684352778,9.48203841322686
2030-05-10 09:00:00,1.015122307664252e-05,12.527257761718829,9.481886584042922
2030-05-10 10:00:00,1.5384560893620436e-05,12.52726039229583,9.474040438405032
2030-05-10 11:00:00,1.0526189839457817e-05,12.52725971151176,0.0023849298433097194
2030-05-10 12:00:00,8.831814201129863e-06,12.527248548991068,0.002082931255557696
2030-05-10 13:00:00,1.1196019462428152e-05,12.527238529973147,0.0020173227763228352
2030-05-10 14:00:00,1.885168469323871e-05,12.52724072154706,0.002169738684890332
2030-05-10 15:00:00,0.00011286435206838953,12.527257119082606,0.003976348749130773
2030-05-10 16:00:00,12.524966864871082,12.52726774759221,12.524987197894433
2030-05-10 17:00:00,50.78624680560601,12.527290458379866,12.527373503450002
2030-05-10 18:00:00,135.08857855034438,12.527285120782983,12.527440566457358
2030-05-10 19:00:00,135.08895311574875,12.527284995797345,12.527453102071377
2030-05-10 20:00:00,135.08847695006352,12.527283624828229,12.527460542854357
2030-05-10 21:00:00,60.00009069567838,12.527285113290418,12.527464190069622
2030-05-10 22:00:00,50.784592960113855,12.527280751825856,12.527470237207126
2030-05-10 23:00:00,38.44060684262765,12.527280395174785,12.527476207789732
2030-05-11 00:00:00,59.999843829169684,12.527280512082957,12.527514368792666
2030-05-11 01:00:00,59.99991219185941,12.5272790866602,12.52751322435779
2030-05-11 02:00:00,59.999464726766064,12.527277528145532,12.527509822794855
2030-05-11 03:00:00,50.78653571121786,12.52727638729175,12.52750066556655
2030-05-11 04:00:00,59.998760956834055,12.527274386068093,12.527479593496636
2030-05-11 05:00:00,12.527432730744433,12.527274335880065,12.527333931850654
2030-05-11 06:00:00,9.48205774248522,12.527268668771436,9.48284203759573
2030-05-11 07:00:00,4.52868307745545e-05,12.527266657117252,9.481883261647708
2030-05-11 08:00:00,1.4551819315956033e-05,12.527264581592727,0.004654700210323881
2030-05-11 09:00:00,7.653533783863408e-06,12.527256088472313,0.0007079641567801579
2030-05-11 10:00:00,7.059428572955339e-06,12.52724572965235,0.0003181205539961771
2030-05-11 11:00:00,5.234543437020066e-06,12.527230844211772,0.0002407951294854854
2030-05-11 12:00:00,5.118068788678324e-06,12.52719512712765,0.00022883973099396826
2030-05-11 13:00:00,6.0460953230029135e-06,12.527207302773604,0.0002868402888628328
2030-05-11 14:00:00,7.556816585135202e-06,12.527229281701693,0.0005597205493085278
2030-05-11 15:00:00,1.255614950531284e-05,12.52725688427563,0.0112486967995421
2030-05-11 16:00:00,2.8458084425716436e-05,12.527267817169424,9.481972441940158
2030-05-11 17:00:00,0.00017294364338002748,12.527272699600871,9.48246141507159
2030-05-11 18:00:00,9.481866900488576,12.527274711270785,12.522788707232905
2030-05-11 19:00:00,9.481205896512053,12.527274190051685,12.524034981883233
2030-05-11 20:00:00,0.00014451625975198112,12.527274089321265,12.525727855907135
2030-05-11 21:00:00,3.40893435735769e-05,12.527275985866254,12.526281285297955
2030-05-11 22:00:00,1.2173807982001231e-05,12.527275837876005,12.526770758402563
2030-05-11 23:00:00,9.874470667134204e-06,12.527274922840661,12.526866755671108
2030-05-12 00:00:00,1.0012603684236218e-05,12.527275291415522,12.525760268395132
2030-05-12 01:00:00,9.765705183805225e-06,12.527274982108793,12.525613327660722
2030-05-12 02:00:00,1.0719621722383622e-05,12.52727478612178,12.524742951177359
2030-05-12 03:00:00,1.3965151331475821e-05,12.527273898337626,12.523328902561843
2030-05-12 04:00:00,1.8101878266015437e-05,12.52727274422063,12.523645353741998
2030-05-12 05:00:00,1.9049298375617196e-05,12.52727406172653,12.520427929814497
2030-05-12 06:00:00,1.4352466423738914e-05,12.527274071623737,9.48225229054816
2030-05-12 07:00:00,1.0233823680716898e-05,12.527273037660962,9.481898789902914
2030-05-12 08:00:00,5.684469572886697e-06,12.52727172136153,0.017060604851252492
2030-05-12 09:00:00,2.881274147371867e-06,12.527269353653537,0.0006222982941474988
2030-05-12 10:00:00,2.4817787484627545e-06,12.527268162672954,0.0003232417925517627
2030-05-12 11:00:00,1.377197832019164e-06,12.527268225187981,0.00024272073063026696
2030-05-12 12:00:00,1.2492538102461029e-06,12.527266819719703,0.00022967041894617068
2030-05-12 13:00:00,2.3143238085164732e-06,12.527265688700936,0.00030860016661436994
2030-05-12 14:00:00,4.362599884301705e-06,12.527264183014267,0.0006787879651805226
2030-05-12 15:00:00,9.972323160608432e-06,12.527265586557405,0.08645832014584698
2030-05-12 16:00:00,2.9261804450050803e-05,12.527269123842274,9.48199096750615
2030-05-12 17:00:00,0.00010093141491634419,12.527273237171357,12.51803936654179
2030-05-12 18:00:00,0.00019266351696134088,12.527275307282316,12.526699249286125
2030-05-12 19:00:00,0.0001108647719650816,12.527274972515443,12.526552991126664
2030-05-12 20:00:00,6.378323723765789e-05,12.527274931274704,12.5263341674371
2030-05-12 21:00:00,5.021336390797392e-05,12.52727708492057,12.526138136827285
2030-05-12 22:00:00,0.00011847592961100928,12.527277709628834,12.526247443696775
2030-05-12 23:00:00,0.0001438249220018809,12.527276700004222,12.525927623762982
2030-05-13 00:00:00,0.00017197891183909987,12.527276862720825,12.526938482350758
2030-05-13 01:00:00,0.00013246492289597812,12.527275973458018,12.526949027674164
2030-05-13 02:00:00,0.00014163452738778456,12.52727493938255,12.526930158264804
2030-05-13 03:00:00,0.0001418839216857899,12.52727336902899,12.527007224966837
2030-05-13 04:00:00,0.00012494644531809817,12.527270407535545,12.527052916055297
2030-05-13 05:00:00,5.7169182672743266e-05,12.527270119704554,12.526946469960285
2030-05-13 06:00:00,2.8276042362384493e-05,12.527269208985482,12.5264596301068
2030-05-13 07:00:00,1.5643937930653228e-05,12.527266742019492,12.52419462699764
2030-05-13 08:00:00,7.769188075118792e-06,12.52726130071534,12.521476895417223
2030-05-13 09:00:00,4.13901739511043e-06,12.527252674515694,12.516398338799489
2030-05-13 10:00:00,3.413613696457466e-06,12.527252294113168,9.486194629032449
2030-05-13 11:00:00,1.7643161283125944e-06,12.52724807832692,9.482783663528002
2030-05-13 12:00:00,1.0949758817508657e-06,12.52719453334879,9.482363519964878
2030-05-13 13:00:00,1.284592075145116e-06,12.508012420279556,9.482564643790338
2030-05-13 14:00:00,1.7397745557654086e-06,12.506988878473749,9.483599723542918
2030-05-13 15:00:00,3.486462494068232e-06,12.526788662181389,12.46279717952864
2030-05-13 16:00:00,7.768505903185062e-06,12.52723901665551,12.524730807566513
2030-05-13 17:00:00,2.322333850225219e-05,12.527265311478004,12.526539104387462
2030-05-13 18:00:00,0.0004576565644861841,12.527271591387112,12.526909493719103
2030-05-13 19:00:00,9.48196437621461,12.527271755217043,12.52687311257796
2030-05-13 20:00:00,12.527025606500501,12.527271960208555,12.527179927376551
2030-05-13 21:00:00,12.527188830067532,12.527277767654596,12.52724772368947
2030-05-13 22:00:00,12.52727733166006,12.527278756851956,12.527301932416776
2030-05-13 23:00:00,12.52730630536481,12.527313462725942,12.527289934548207
2030-05-14 00:00:00,12.527577768784091,12.527281714056553,12.527401062870794
2030-05-14 01:00:00,38.44107261921731,12.527281808470434,12.527454245780064
2030-05-14 02:00:00,59.99990865452026,12.527282022117106,12.52745362379028
2030-05-14 03:00:00,60.00005293826512,12.527280051373054,12.52747330083821
2030-05-14 04:00:00,135.0888818690525,12.527278486112115,12.527492872925436
2030-05-14 05:00:00,60.00009601829396,12.527283138611892,12.527485458055212
2030-05-14 06:00:00,12.527623320678082,12.527284659095029,12.527390568467794
2030-05-14 07:00:00,12.527074128022432,12.527276395645458,12.527099153053689
2030-05-14 08:00:00,9.481843777004345,12.52726986014858,9.482320633755393
2030-05-14 09:00:00,0.00014303537965493514,12.52726212851212,9.481887248052324
2030-05-14 10:00:00,8.101393376058564e-05,12.52725560835006,9.480537800863091
2030-05-14 11:00:00,3.758858275787896e-05,12.527251130793957,0.0023062686948481944
2030-05-14 12:00:00,2.4661625335784253e-05,12.527245218410343,0.0007331286793146319
2030-05-14 13:00:00,3.643041917682769e-05,12.527244645172686,0.0009463703139558818
2030-05-14 14:00:00,0.00012761475522786653,12.527248693685578,0.0027005249956831867
2030-05-14 15:00:00,9.482525277764191,12.527261103408819,9.482575784762917
2030-05-14 16:00:00,12.527532245865402,12.527274556801082,12.527232129382213
2030-05-14 17:00:00,135.08871008602375,12.527283377245112,12.527397134626659
2030-05-14 18:00:00,135.08900646757476,12.527297821797493,12.527465637575247
2030-05-14 19:00:00,135.08901119988116,12.52729361053207,12.527467338871247
2030-05-14 20:00:00,135.0890030838882,12.527291628958341,12.527466868888851
2030-05-14 21:00:00,135.08898581769284,12.52730181014249,12.52745569932722
2030-05-14 22:00:00,135.0884336183418,12.527316353716742,12.5274626606124
2030-05-14 23:00:00,60.000049321982324,12.527313011325532,12.527457943916488
2030-05-15 00:00:00,60.00001308351615,12.527326714182488,12.527472054766221
2030-05-15 01:00:00,59.99996469260794,12.527316264932779,12.527478469629386
2030-05-15 02:00:00,50.79542541042702,12.527315091472701,12.527472885990392
2030-05-15 03:00:00,50.79485169818775,12.527302061487717,12.527480818422191
2030-05-15 04:00:00,60.00000170223495,12.527292926231187,12.527494317470811
2030-05-15 05:00:00,38.440159830902914,12.527315040660142,12.527491972664006
2030-05-15 06:00:00,12.527141516428403,12.527290956477351,12.527198039492134
2030-05-15 07:00:00,9.562187395111681e-05,12.52728022136671,9.482047315844804
2030-05-15 08:00:00,1.45591906445943e-05,12.52727564897173,9.4807541059712
2030-05-15 09:00:00,7.175797601643865e-06,12.527272107037788,0.0008996096775969939
2030-05-15 10:00:00,5.984748247963866e-06,12.527269671598333,0.0003125094072730418
2030-05-15 11:00:00,5.211755231738409e-06,12.527268854740214,0.00023461843488725508
2030-05-15 12:00:00,5.091009831096304e-06,12.527268022748377,0.00021674342684718795
2030-05-15 13:00:00,7.249609513834625e-06,12.527268099410321,0.00026846331412718204
2030-05-15 14:00:00,1.998715073429208e-05,12.52726878463909,0.0004937668803894913
2030-05-15 15:00:00,9.481057913812407,12.527271659158941,9.481459352891351
2030-05-15 16:00:00,12.528873190771375,12.527281468476714,12.527291970633911
2030-05-15 17:00:00,135.08900121679417,12.527299114781272,12.527427637985744
2030-05-15 18:00:00,135.08904896450113,12.527349884257337,12.527493514163638
2030-05-15 19:00:00,135.08904986388976,12.527317947432493,12.527489446948493
2030-05-15 20:00:00,135.08901118056656,12.52730786371337,12.527486189583158
2030-05-15 21:00:00,135.08897933879084,12.527330690422787,12.527472851009406
2030-05-15 22:00:00,60.000016850436694,12.527332582213603,12.5274671371144
2030-05-15 23:00:00,59.99987535890085,12.527308248580084,12.527464008871902
2030-05-16 00:00:00,59.99997131448551,12.527310198084804,12.52750019550517
2030-05-16 01:00:00,60.000020063981545,12.527299495172883,12.527494407224367
2030-05-16 02:00:00,60.00006826105099,12.527297088842715,12.527500855826474
2030-05-16 03:00:00,60.000306672632775,12.527289319164993,12.527510815396454
2030-05-16 04:00:00,70.8890642587133,12.527284802835421,12.527521265990458
2030-05-16 05:00:00,60.00006024101519,12.527291704558593,12.527518032731555
2030-05-16 06:00:00,12.527405124286044,12.527288780504387,12.527372199863763
2030-05-16 07:00:00,12.527058173805479,12.527281174841846,12.52709429551173
2030-05-16 08:00:00,0.00013859545234069359,12.527272511712587,9.482017468637267
2030-05-16 09:00:00,2.3718708503815016e-05,12.527267287836366,9.481838185891544
2030-05-16 10:00:00,1.8699781449419732e-05,12.52726783399521,9.48009584166624
2030-05-16 11:00:00,1.3119321598166044e-05,12.527258982110652,9.477225511669946
2030-05-16 12:00:00,1.2385737139664297e-05,12.527220601828255,9.481402937176796
2030-05-16 13:00:00,1.5018681520253515e-05,12.508427089684119,9.48180724406007
2030-05-16 14:00:00,2.485771158731261e-05,10.73976042774757,9.481848279449709
2030-05-16 15:00:00,0.00011094281663691358,12.50963834547565,9.481978965493076
2030-05-16 16:00:00,12.527014292750387,12.527256791160974,12.527043675679906
2030-05-16 17:00:00,12.53478154139435,12.527276539980448,12.5274238769948
2030-05-16 18:00:00,60.00002471228751,12.52727920179076,12.527472753028917
2030-05-16 19:00:00,60.0000443314847,12.527280732966574,12.527484856656883
2030-05-16 20:00:00,59.99993697798618,12.527282246945362,12.52748339249068
2030-05-16 21:00:00,12.527639452212041,12.527278848178867,12.5274341637014
2030-05-16 22:00:00,12.527504039509632,12.527288881076856,12.527414706012678
2030-05-16 23:00:00,12.52748622870439,12.52728847124854,12.527407900684011
2030-05-17 00:00:00,12.527396254987478,12.527291304115693,12.527352538180125
2030-05-17 01:00:00,12.527351455614133,12.527289056640257,12.527332184633451
2030-05-17 02:00:00,12.52730928629233,12.527287546394291,12.527309979258462
2030-05-17 03:00:00,12.527344842029043,12.527340697941327,12.527359591770619
2030-05-17 04:00:00,12.527451711371334,12.527284439114997,12.527406771739834
2030-05-17 05:00:00,12.527238925539796,12.527287833991068,12.527290664536764
2030-05-17 06:00:00,0.00012752138219710932,12.52728297211386,12.526660863515701
2030-05-17 07:00:00,2.3173983059124105e-05,12.52727872804735,12.517941463935012
2030-05-17 08:00:00,1.168176359719119e-05,12.527274662512479,9.482456449588696
2030-05-17 09:00:00,6.782916075677794e-06,12.527270927075733,9.482068867119485
2030-05-17 10:00:00,7.826154095621103e-06,12.52726866183093,9.481833323780883
2030-05-17 11:00:00,4.868284493336344e-06,12.527267780727925,9.481298424131671
2030-05-17 12:00:00,2.7997770887083073e-06,12.52726622495858,0.006894591517323079
2030-05-17 13:00:00,2.619313620543605e-06,12.5272657026062,0.005842737357349108
2030-05-17 14:00:00,3.103327326427858e-06,12.527266591157968,0.006463594356525531
2030-05-17 15:00:00,4.705720775188576e-06,12.527269811985207,0.01605869161780999
2030-05-17 16:00:00,7.962369646505876e-06,12.527273484218707,9.481917148357965
2030-05-17 17:00:00,1.819104186991526e-05,12.527278412273517,9.485372422849883
2030-05-17 18:00:00,0.00014705868013054969,12.527285046961588,12.526637199559616
2030-05-17 19:00:00,9.481888218309141,12.527283948846161,12.526706004292464
2030-05-17 20:00:00,12.526848306082684,12.527283817270844,12.527066698998325
2030-05-17 21:00:00,12.527064910972769,12.52728197896431,12.527151595019859
2030-05-17 22:00:00,12.526782184973243,12.527288087849229,12.527029130826122
2030-05-17 23:00:00,12.526878357962728,12.527285128762742,12.527064473156315
2030-05-18 00:00:00,12.526497162783897,12.527284471081677,12.526921491383291
2030-05-18 01:00:00,12.526818312832425,12.527282394300528,12.527038392829127
2030-05-18 02:00:00,12.527018613655128,12.527279192679089,12.527124933561936
2030-05-18 03:00:00,12.527174295885077,12.527279405935587,12.527226478199736
2030-05-18 04:00:00,12.527318334816698,12.527278494467051,12.527321609448009
2030-05-18 05:00:00,12.527239330285415,12.527278969028885,12.527278092857731
2030-05-18 06:00:00,9.478316643625664,12.527277677655832,12.525685828924878
2030-05-18 07:00:00,3.1381677188027716e-05,12.527275917199404,9.48192311592495
2030-05-18 08:00:00,1.074907927820312e-05,12.527272917024513,9.476183331178746
2030-05-18 09:00:00,6.544249820532451e-06,12.527268234861367,0.0006957113452854917
2030-05-18 10:00:00,7.425511763412681e-06,12.527263027130175,0.0002680000497535776
2030-05-18 11:00:00,6.6944887129170425e-06,12.527260480303084,0.00021100087780607038
2030-05-18 12:00:00,6.641752841044235e-06,12.527259729258557,0.00020051485518024492
2030-05-18 13:00:00,8.291072677432973e-06,12.527260429988019,0.0002585166335225425
2030-05-18 14:00:00,1.688680282779387e-05,12.52726059964698,0.0005493476108377567
2030-05-18 15:00:00,8.867307785339034e-05,12.52726493616683,0.030635918016585578
2030-05-18 16:00:00,12.526308900840558,12.527270350956748,12.526351241861931
2030-05-18 17:00:00,59.99990267049906,12.52730492363662,12.527365624850805
2030-05-18 18:00:00,135.08875497313187,12.52728244306385,12.527426649427042
2030-05-18 19:00:00,135.08629273155748,12.527282256884973,12.52743118829676
2030-05-18 20:00:00,60.00000448274659,12.527280940038688,12.527423547301993
2030-05-18 21:00:00,12.527523674879205,12.527284133881949,12.527342557849806
2030-05-18 22:00:00,12.527226165304194,12.527279635949526,12.527228637567532
2030-05-18 23:00:00,12.527141864356306,12.527282294174256,12.527172670723303
2030-05-19 00:00:00,12.525481567503842,12.527274553231539,12.52596115625542
2030-05-19 01:00:00,12.524474582859806,12.527273307479845,12.525201886312061
2030-05-19 02:00:00,9.48200590024595,12.527272374722997,9.498282124422076
2030-05-19 03:00:00,9.482044994034913,12.527270965278149,9.492203119091755
2030-05-19 04:00:00,9.482219531242217,12.52726904839595,9.496468667449832
2030-05-19 05:00:00,0.0025072257716896957,12.52727043613595,9.482422418850875
2030-05-19 06:00:00,6.2025736663621e-05,12.527270966646888,9.481965918885166
2030-05-19 07:00:00,2.4097182193339923e-05,12.52727007152589,9.481800290277105
2030-05-19 08:00:00,1.4162225432910015e-05,12.52726528621618,9.48161669941652
2030-05-19 09:00:00,7.481795843012718e-06,12.527259934058748,0.020920689823973024
2030-05-19 10:00:00,5.22707183408901e-06,12.527260069880867,0.0009769705004609324
2030-05-19 11:00:00,2.8598953394355897e-06,12.527257552570518,0.000495204130988175
2030-05-19 12:00:00,2.6521158403752808e-06,12.527252077094978,0.0005758260455763775
2030-05-19 13:00:00,4.605788551586608e-06,12.52724460371428,0.0010958452203176715
2030-05-19 14:00:00,9.55758516968075e-06,12.527226607037846,0.0031267122350994003
2030-05-19 15:00:00,2.7917616900280368e-05,12.527249343802396,9.481014976802195
2030-05-19 16:00:00,0.0010607653401575622,12.527265063968562,9.481780174744003
2030-05-19 17:00:00,12.527231751719592,12.52728235748873,12.527166748380425
2030-05-19 18:00:00,12.527894050815558,12.52728123715501,12.527330805431262
2030-05-19 19:00:00,12.52750548924516,12.527281320110887,12.52730386143503
2030-05-19 20:00:00,12.527269411989437,12.52727934914394,12.527219367107861
2030-05-19 21:00:00,12.5272120498649,12.527287121973131,12.527180041919564
2030-05-19 22:00:00,12.527143344256311,12.52728164194832,12.527145033607667
2030-05-19 23:00:00,12.527179277304445,12.52728149568975,12.527162951632818
2030-05-20 00:00:00,12.52718418191492,12.527280961270709,12.5271719027414
2030-05-20 01:00:00,12.527307082185027,12.527277599226181,12.52721430083966
2030-05-20 02:00:00,12.527795791553089,12.527554107793549,12.527610365491455
2030-05-20 03:00:00,12.531251211362846,12.52728474538435,12.527357040046809
2030-05-20 04:00:00,38.440669859163535,12.527280109922923,12.5273743335175
2030-05-20 05:00:00,12.527610351570706,12.527280178596811,12.52729864021246
2030-05-20 06:00:00,12.527153294298833,12.52727415056736,12.527088983708865
2030-05-20 07:00:00,9.48120688959744,12.527270974398562,9.481724484237997
2030-05-20 08:00:00,2.9940678984182485e-05,12.527268362555581,0.0011244869350832687
2030-05-20 09:00:00,7.85575981065512e-06,12.527264370212833,0.0003052033630093496
2030-05-20 10:00:00,3.572411857109207e-06,12.527262927608717,0.00017875532207561247
2030-05-20 11:00:00,2.6138999122077647e-06,12.527265807040749,0.00014929524285531542
2030-05-20 12:00:00,2.5876982376686326e-06,12.527264022306596,0.00017395892683680358
2030-05-20 13:00:00,4.196042275032147e-06,12.52726374251688,0.00031325988976730484
2030-05-20 14:00:00,1.2412640399627224e-05,12.527264873702734,0.0007901199676133176
2030-05-20 15:00:00,0.00029508735922353013,12.527267416072391,9.47760692236204
2030-05-20 16:00:00,12.527215094300834,12.527272861885042,12.527084046767314
2030-05-20 17:00:00,60.000131220992884,12.527279771724352,12.527306717165919
2030-05-20 18:00:00,135.08899314175642,12.5272868646396,12.527371422712747
2030-05-20 19:00:00,135.08898500650238,12.527283694895232,12.527369554332836
2030-05-20 20:00:00,60.00016688103824,12.527289576855068,12.527371064334673
2030-05-20 21:00:00,59.99998424421646,12.527294921258544,12.52735544938514
2030-05-20 22:00:00,50.783649232514506,12.527303133412715,12.52735960276732
2030-05-20 23:00:00,38.44014397049304,12.527293363822537,12.527354236791325
2030-05-21 00:00:00,59.99879522542447,12.5272894868343,12.527431248868183
2030-05-21 01:00:00,59.99999785846985,12.527285896603644,12.527433680396825
2030-05-21 02:00:00,60.00005245839465,12.527283673907732,12.527437362925411
2030-05-21 03:00:00,60.00017395706358,12.527278869828478,12.527417526381214
2030-05-21 04:00:00,60.000185077686346,12.527276456080717,12.527364441583472
2030-05-21 05:00:00,59.99990734951009,12.527281797735668,12.52727160848962
2030-05-21 06:00:00,12.527226567041492,12.527271671555175,12.52706785808303
2030-05-21 07:00:00,9.4815322743329,12.527268997306237,9.481716079525548
2030-05-21 08:00:00,2.1305550859000135e-05,12.52726846458609,0.0006128383524526271
2030-05-21 09:00:00,6.25972193565413e-06,12.527268393228042,0.0002742772718181242
2030-05-21 10:00:00,2.9766990108428607e-06,12.527269374517346,0.0002115421517965474
2030-05-21 11:00:00,2.1663268130998903e-06,12.52726966672526,0.0001883683606749705
2030-05-21 12:00:00,2.1195290132861132e-06,12.527267477390955,0.00018530927923166018
2030-05-21 13:00:00,3.0267150371834152e-06,12.52726710009756,0.00025879832365490856
2030-05-21 14:00:00,7.643660830394621e-06,12.527267059604128,0.0006333019235148329
2030-05-21 15:00:00,2.7346205822839775e-05,12.52726836286547,9.481003077825136
2030-05-21 16:00:00,9.481113096953266,12.527270828761033,9.481891694739403
2030-05-21 17:00:00,12.527149048942318,12.527279858846669,12.527105269499947
2030-05-21 18:00:00,12.527260766237985,12.52727811800568,12.527194079965867
2030-05-21 19:00:00,12.527170101814749,12.527278595688585,12.527153575140801
2030-05-21 20:00:00,12.526581293119307,12.527275101463475,12.526778745106085
2030-05-21 21:00:00,9.4819670791173,12.527276345355858,12.52565873236108
2030-05-21 22:00:00,9.481938672212404,12.527278985786324,12.526442847089129
2030-05-21 23:00:00,9.481887982646656,12.527279887400255,12.526503509741815
2030-05-22 00:00:00,12.526805037981955,12.527281245777633,12.526928752593022
2030-05-22 01:00:00,12.526992146560527,12.52727826309274,12.527047007089095
2030-05-22 02:00:00,12.52712154777225,12.527279373257443,12.527129886409057
2030-05-22 03:00:00,12.527206639792203,12.527276283568426,12.527197271913792
2030-05-22 04:00:00,12.527301022977248,12.527276239697507,12.527269529157422
2030-05-22 05:00:00,12.52719360389249,12.527278426377961,12.527209713744517
2030-05-22 06:00:00,12.525488747380944,12.5272775868127,12.526622186514302
2030-05-22 07:00:00,0.0005213199507395246,12.527277428822345,12.519492543549724
2030-05-22 08:00:00,4.1765107465558165e-05,12.527277150893115,9.482180158814245
2030-05-22 09:00:00,1.558305900764378e-05,12.527275957744678,9.48179711057289
2030-05-22 10:00:00,9.794027133206919e-06,12.52727617466553,9.481457058670271
2030-05-22 11:00:00,7.3336308830907425e-06,12.527275021529931,9.481443106261791
2030-05-22 12:00:00,7.509320781460365e-06,12.527273854578437,9.481646594778667
2030-05-22 13:00:00,9.525515353324974e-06,12.52727281935131,9.481752270929473
2030-05-22 14:00:00,1.54553429336566e-05,12.527271963441308,9.48183354352486
2030-05-22 15:00:00,4.260063286928227e-05,12.527272103768155,9.481897000216373
2030-05-22 16:00:00,0.0005681590214975166,12.527272729122132,9.482423192143969
2030-05-22 17:00:00,12.525654264899241,12.527274950627543,12.526112285544022
2030-05-22 18:00:00,12.526828827251867,12.527276406403663,12.526941984606765
2030-05-22 19:00:00,12.526185254065544,12.527274987995042,12.52664640565672
2030-05-22 20:00:00,9.481692879402544,12.527273921183156,12.525594484906776
2030-05-22 21:00:00,0.000293686781775417,12.5272752894507,12.52408628982812
2030-05-22 22:00:00,0.0004084808860650044,12.527276158014502,12.524973801065244
2030-05-22 23:00:00,0.001849105620864712,12.527274607040454,12.524288905532558
2030-05-23 00:00:00,9.481791103434364,12.527274105036122,12.525288591873334
2030-05-23 01:00:00,9.482331512776012,12.527272559112134,12.525422313367017
2030-05-23 02:00:00,12.526453179899745,12.52727174253414,12.526702911675784
2030-05-23 03:00:00,12.526985266816734,12.527270432829027,12.527046740222431
2030-05-23 04:00:00,12.527197398747663,12.527268962730409,12.527206446135295
2030-05-23 05:00:00,12.52717776465876,12.527268400316643,12.527190701359686
2030-05-23 06:00:00,12.526653897351173,12.527273524762593,12.526835851356367
2030-05-23 07:00:00,9.478360343549449,12.527273351679469,9.482580131214876
2030-05-23 08:00:00,5.184872074192363e-05,12.527272292316098,9.481756855554224
2030-05-23 09:00:00,1.5126658474887559e-05,12.527270420941932,9.481313298539918
2030-05-23 10:00:00,8.93866177604169e-06,12.527269576051367,9.472019035098556
2030-05-23 11:00:00,8.742804193057052e-06,12.527267635713542,9.475056311834852
2030-05-23 12:00:00,1.081062894679062e-05,12.527265049136943,9.480850083596678
2030-05-23 13:00:00,1.923267497029775e-05,12.527263652064903,9.481142131687529
2030-05-23 14:00:00,5.0323925914196395e-05,12.527262358585176,9.481480594699807
2030-05-23 15:00:00,9.47913505971964,12.527265168766462,9.481779911165358
2030-05-23 16:00:00,12.527177019201233,12.527271028277543,12.527099581804393
2030-05-23 17:00:00,38.44088683465839,12.52727862113261,12.527313069714914
2030-05-23 18:00:00,59.99968188663404,12.527282742690957,12.527366026026428
2030-05-23 19:00:00,38.440839530364194,12.527282348954031,12.527371234255043
2030-05-23 20:00:00,12.527387095514314,12.527279417035977,12.527267490753346
2030-05-23 21:00:00,12.527265716835071,12.52728159569142,12.527200164736314
2030-05-23 22:00:00,12.527136584956693,12.527285108831165,12.527123555657454
2030-05-23 23:00:00,12.527166527847355,12.527279280877337,12.527140865920956
2030-05-24 00:00:00,12.527215736305346,12.527280557595232,12.527148125108454
2030-05-24 01:00:00,12.527306593723402,12.527281167608635,12.52719244255968
2030-05-24 02:00:00,12.527410342868473,12.527284097573101,12.527222907688156
2030-05-24 03:00:00,12.528119401263806,12.527280248550596,12.527303018216116
2030-05-24 04:00:00,14.801476447278578,12.527279422785107,12.527360575714951
2030-05-24 05:00:00,12.52751378147102,12.52728217675849,12.5273033914579
2030-05-24 06:00:00,12.527158790172553,12.52727962642043,12.527135409806164
2030-05-24 07:00:00,9.481771459776327,12.527276820651423,9.497069853265835
2030-05-24 08:00:00,4.921948764943235e-05,12.527274609169059,9.482368959288792
2030-05-24 09:00:00,1.548673081754359e-05,12.527272787233414,9.481968491542734
2030-05-24 10:00:00,9.244337857476826e-06,12.527271655336335,9.481779398656354
2030-05-24 11:00:00,7.720325004659253e-06,12.527270579470496,9.481667619181861
2030-05-24 12:00:00,6.946766217478531e-06,12.52727042198588,9.481453039691331
2030-05-24 13:00:00,8.147429061288108e-06,12.527271026297967,9.481123110059203
2030-05-24 14:00:00,1.24259767824005e-05,12.527271670512164,9.481309896747977
2030-05-24 15:00:00,2.8268414269538945e-05,12.527273295950181,9.48150060008605
2030-05-24 16:00:00,0.00012018873465786355,12.527275414974746,9.481697124382421
2030-05-24 17:00:00,9.481821476431577,12.527278813211524,9.48281745809758
2030-05-24 18:00:00,12.526403407262034,12.527282773766233,12.526565124014184
2030-05-24 19:00:00,12.526365537678117,12.52728119825315,12.526562192301753
2030-05-24 20:00:00,9.481840484841086,12.527278779196884,12.520323271406667
2030-05-24 21:00:00,0.02689489211606802,12.527280925323794,10.59798801971192
2030-05-24 22:00:00,0.00015999419519604406,12.527283132213597,12.485892359140962
2030-05-24 23:00:00,9.701973976648475e-05,12.527280821217573,9.494083518839943
2030-05-25 00:00:00,0.0002321484449237167,12.527281389886893,9.491192850036214
2030-05-25 01:00:00,0.031847174412084046,12.527280322127808,9.4909558874906
2030-05-25 02:00:00,9.481774511470794,12.527280016958684,9.49092937957812
2030-05-25 03:00:00,9.481914867799865,12.527277966065412,9.527580233649132
2030-05-25 04:00:00,12.524097850774687,12.527275897236636,12.524996209059523
2030-05-25 05:00:00,9.481818151676068,12.52727800426328,12.522333454930173
2030-05-25 06:00:00,0.00040036010679220084,12.527279440438015,9.482213260087875
2030-05-25 07:00:00,6.272366251459165e-05,12.527277446406515,9.481633260973613
2030-05-25 08:00:00,1.6705256319698285e-05,12.52727470459339,9.480614450475343
2030-05-25 09:00:00,6.6175517840141755e-06,12.527272197977254,0.0010518082029969556
2030-05-25 10:00:00,3.6449450335654316e-06,12.527271102780105,0.0003264357975387207
2030-05-25 11:00:00,2.4901721336307235e-06,12.527271183369521,0.00023416606330073632
2030-05-25 12:00:00,2.710685037945436e-06,12.527271297726724,0.0002237229955426301
2030-05-25 13:00:00,3.933718203637402e-06,12.52727217418851,0.00032227850893348754
2030-05-25 14:00:00,5.820248510354065e-06,12.527272933550194,0.0006329164428644246
2030-05-25 15:00:00,1.0984711654508603e-05,12.52727496098214,0.012669534521896616
2030-05-25 16:00:00,2.2831716820348324e-05,12.527278360115622,9.481574957294242
2030-05-25 17:00:00,0.00011607673403822187,12.5272822914867,9.48183179827844
2030-05-25 18:00:00,0.0008073553816181832,12.527285045789593,9.48622633810946
2030-05-25 19:00:00,0.0007601275167995268,12.527282469581223,9.505918950624618
2030-05-25 20:00:00,8.576546133554075e-05,12.527280026510653,9.505278168683176
2030-05-25 21:00:00,4.253598826572659e-05,12.527282516785817,9.484352518206833
2030-05-25 22:00:00,1.967689232153008e-05,12.527281939047498,9.485462717700102
2030-05-25 23:00:00,2.5267082062549034e-05,12.527277254067485,9.483398331597527
2030-05-26 00:00:00,4.902590514259013e-05,12.52727630015065,9.48225551534594
2030-05-26 01:00:00,0.0002692645935593917,12.527275047331386,9.482212478442307
2030-05-26 02:00:00,9.48176329538009,12.527274451540507,9.482862733148067
2030-05-26 03:00:00,9.481941726560894,12.52727283995955,9.48296800251046
2030-05-26 04:00:00,9.482892523083455,12.527270468423108,9.483966161885533
2030-05-26 05:00:00,9.481801311653628,12.5272705247271,9.482525314511298
2030-05-26 06:00:00,0.0002073001892275297,12.527269468505095,9.481600669149671
2030-05-26 07:00:00,2.9738809980011013e-05,12.527267740092611,0.006371786923635589
2030-05-26 08:00:00,7.693406529006987e-06,12.527262414229401,0.00046898177180310086
2030-05-26 09:00:00,2.191059766932253e-06,12.527247652230471,0.00020060981109453198
2030-05-26 10:00:00,9.736595259911244e-07,12.527237275796324,0.0001419479028912458
2030-05-26 11:00:00,3.107571167841606e-07,12.527227933525865,0.00012426581893984503
2030-05-26 12:00:00,-1.509157880286422e-08,12.526787950393343,0.00011682221321507313
2030-05-26 13:00:00,1.2590421492347955e-07,12.505971921138553,0.0001511354454864752
2030-05-26 14:00:00,8.706463986069632e-07,12.527032462460738,0.0002297778245768402
2030-05-26 15:00:00,3.5678280988653755e-06,12.527242811757787,0.0005838940895995528
2030-05-26 16:00:00,1.2176907237899521e-05,12.527263926452752,9.47656489934215
2030-05-26 17:00:00,8.497935500774895e-05,12.527270812108327,9.481664924170474
2030-05-26 18:00:00,9.481998353081774,12.52727318218029,9.484640145519563
2030-05-26 19:00:00,9.483072269619475,12.527272296554656,9.486027738063967
2030-05-26 20:00:00,9.481744014853575,12.527270937686241,9.483940705532731
2030-05-26 21:00:00,0.0007702739994494229,12.527272933587483,9.482198711427372
2030-05-26 22:00:00,6.390184859103792e-05,12.527272969378828,9.482432647309906
2030-05-26 23:00:00,0.0001457360069915953,12.527271107675006,9.482274511289688
2030-05-27 00:00:00,0.001849975713304512,12.527270982140028,12.500728462495388
2030-05-27 01:00:00,9.481886104948154,12.52726983521552,12.512168005268904
2030-05-27 02:00:00,12.526489768390537,12.527269180473922,12.526631356766302
2030-05-27 03:00:00,12.527089717195764,12.527268800765341,12.527070351803559
2030-05-27 04:00:00,12.527174982252488,12.527265026131392,12.527131576773158
2030-05-27 05:00:00,12.526866380259786,12.527263874037999,12.526898462534692
2030-05-27 06:00:00,9.481619654008572,12.527258785247199,9.481978332148842
2030-05-27 07:00:00,4.349685363360916e-05,12.527251566230007,9.479174054807837
2030-05-27 08:00:00,8.588979310036095e-06,12.527233564601664,0.0007007481014795758
2030-05-27 09:00:00,2.44133729669159e-06,12.527166378888978,0.0002520400353581932
2030-05-27 10:00:00,1.2585420729395485e-06,12.52716871983921,0.00017627073200446422
2030-05-27 11:00:00,6.099505996272399e-07,12.52720276906257,0.0001522849503593942
2030-05-27 12:00:00,3.801551489047266e-07,12.527081757805245,0.00013048622494693518
2030-05-27 13:00:00,8.211476944709123e-07,12.52716903759665,0.00015745987499039658
2030-05-27 14:00:00,2.4071614822416333e-06,12.527233183652243,0.0002198413298450531
2030-05-27 15:00:00,9.729685988051173e-06,12.52725804533111,0.0004904830654200235
2030-05-27 16:00:00,0.00016141492974849458,12.527267646035677,9.480386284844556
2030-05-27 17:00:00,12.528151471562449,12.527278248452603,12.52722793441909
2030-05-27 18:00:00,60.00006354965451,12.527284252922094,12.527345444083238
2030-05-27 19:00:00,60.00022025409677,12.52728549726271,12.527357659637346
2030-05-27 20:00:00,59.99995868280894,12.527283762714152,12.527348773033609
2030-05-27 21:00:00,59.99453188630333,12.52728755661883,12.52734028888517
2030-05-27 22:00:00,50.78418105548312,12.527288656954624,12.527348403912583
2030-05-27 23:00:00,50.78455386041136,12.527291397070258,12.527349906717973
2030-05-28 00:00:00,59.995343489553186,12.527295647329689,12.527354848056206
2030-05-28 01:00:00,60.000034703856066,12.527293143170027,12.527357019325791
2030-05-28 02:00:00,135.0886301877355,12.527292766162645,12.52735957400364
2030-05-28 03:00:00,135.08899437197692,12.5272878197311,12.527377489111132
2030-05-28 04:00:00,135.08900660226172,12.527284712013014,12.527406561973734
2030-05-28 05:00:00,135.08900127329488,12.527292241162286,12.527405316002294
2030-05-28 06:00:00,135.08821833109488,12.527298849403815,12.527347587310175
2030-05-28 07:00:00,59.994515180987776,12.527290489483676,12.527247135035198
2030-05-28 08:00:00,12.527357055545828,12.527280943311684,12.527060141224553
2030-05-28 09:00:00,0.0005777116968351236,12.527274371584099,0.0015165674131681233
2030-05-28 10:00:00,3.385729644423435e-05,12.527272810109935,0.0004796404433404577
2030-05-28 11:00:00,2.190129840015557e-05,12.527272268191155,0.00047916587268772296
2030-05-28 12:00:00,3.239855175985266e-05,12.527272386931362,0.0006437649485917518
2030-05-28 13:00:00,0.00033923624993852005,12.527273283339127,0.001052062262127209
2030-05-28 14:00:00,12.527227256228807,12.527275782222205,12.52693548348205
2030-05-28 15:00:00,45.4108470375094,12.527282682629448,12.527182205414793
2030-05-28 16:00:00,60.00028225964898,12.527290907345732,12.52726931411327
2030-05-28 17:00:00,135.08900834698974,12.527317825934915,12.527344744781225
2030-05-28 18:00:00,135.08904348534028,12.527410242643507,12.527424016764712
2030-05-28 19:00:00,135.08913599229433,12.527358900394574,12.527416425237789
2030-05-28 20:00:00,135.08903761942383,12.527329201732405,12.527412401943835
2030-05-28 21:00:00,135.08902317437241,12.527406608160163,12.52742414655313
2030-05-28 22:00:00,135.08901436857954,12.527417204395533,12.527426807850134
2030-05-28 23:00:00,135.08901240890796,12.527337598638951,12.52740291065038
2030-05-29 00:00:00,135.08901106322207,12.527341668291118,12.527404063038162
2030-05-29 01:00:00,135.08901133988525,12.52731575118014,12.527395561006415
2030-05-29 02:00:00,135.08901166373738,12.527308740277476,12.52738681421306
2030-05-29 03:00:00,135.08901336803802,12.527295292856252,12.527397214867051
2030-05-29 04:00:00,135.0890173686756,12.527287136138323,12.527419898528692
2030-05-29 05:00:00,135.0890053937701,12.527294398291815,12.527415271864214
2030-05-29 06:00:00,60.00011242586335,12.52729814866086,12.527360932193261
2030-05-29 07:00:00,45.40997633536156,12.527288828595374,12.527266541809558
2030-05-29 08:00:00,9.482569528425458,12.527275583708288,9.482602313010958
2030-05-29 09:00:00,5.543789011967444e-05,12.527272820382677,0.001137190498327657
2030-05-29 10:00:00,3.925815374294738e-05,12.527270839040284,0.0005341585760646938
2030-05-29 11:00:00,3.601378649047359e-05,12.527270558082819,0.0005123523551349936
2030-05-29 12:00:00,3.3036968853719827e-05,12.527270949779755,0.0005869298996969974
2030-05-29 13:00:00,4.6048452955087876e-05,12.527272096166598,0.0007703904711432188
2030-05-29 14:00:00,0.00010075322400074019,12.527273088535367,0.0019460087493862843
2030-05-29 15:00:00,0.004281684150230951,12.527274800730083,9.48122253576978
2030-05-29 16:00:00,12.527433409413913,12.527282503088108,12.52720820983157
2030-05-29 17:00:00,59.99499015391124,12.527297586610075,12.527338266439575
2030-05-29 18:00:00,60.00099878245846,12.527324319360746,12.527402810419844
2030-05-29 19:00:00,135.08893856805358,12.527308916448419,12.527411591519012
2030-05-29 20:00:00,60.00103728349768,12.527299812515421,12.527409167691175
2030-05-29 21:00:00,60.00003893947115,12.52731319502891,12.527395285263083
2030-05-29 22:00:00,59.995679074036595,12.527310531509102,12.527395215920478
2030-05-29 23:00:00,59.99554777081822,12.527298563701152,12.52738896896335
2030-05-30 00:00:00,59.99465955709876,12.527305081546974,12.527386598867423
2030-05-30 01:00:00,59.994444018897795,12.527299966816827,12.527385934163249
2030-05-30 02:00:00,45.40995709737789,12.52729854244717,12.527380995176827
2030-05-30 03:00:00,45.40989293788046,12.527292654277517,12.527388853329285
2030-05-30 04:00:00,45.40996757236671,12.527286886024406,12.527411308470406
2030-05-30 05:00:00,12.535240194491704,12.527294562150018,12.527403777177978
2030-05-30 06:00:00,12.527017415287423,12.527283720924636,12.527051629476972
2030-05-30 07:00:00,8.261426114093993e-05,12.527278916740215,9.481797908071002
2030-05-30 08:00:00,1.9586894783251926e-05,12.527275644170764,0.002780475498781243
2030-05-30 09:00:00,8.047059840020466e-06,12.52727304369273,0.0012483247407417308
2030-05-30 10:00:00,7.060759211670979e-06,12.5272714424691,0.0007245225730362892
2030-05-30 11:00:00,4.877486186255539e-06,12.527271621522232,0.0005178148229555559
2030-05-30 12:00:00,3.756620305889542e-06,12.527272096123511,0.00040569139258650466
2030-05-30 13:00:00,4.318990666562645e-06,12.527273049835458,0.00046970816264971373
2030-05-30 14:00:00,7.436540717406589e-06,12.527274022604615,0.0009656401974206895
2030-05-30 15:00:00,2.242200546839643e-05,12.527276052638626,0.006639983763960964
2030-05-30 16:00:00,12.525483559976506,12.527279727928322,12.525517624364
2030-05-30 17:00:00,59.99484189857682,12.527322734361405,12.527357803685351
2030-05-30 18:00:00,135.0889963301949,12.527508317921358,12.52745150853248
2030-05-30 19:00:00,135.08901342275342,12.527411612597461,12.527443041723018
2030-05-30 20:00:00,135.08901080229498,12.527361230070657,12.527433154102198
2030-05-30 21:00:00,135.08900853951425,12.527532194210835,12.527455179862045
2030-05-30 22:00:00,135.08900674539677,12.527552526735235,12.527458226683848
2030-05-30 23:00:00,135.0890062914774,12.527382634817513,12.527427914903456
2030-05-31 00:00:00,135.08900678846,12.527435394627668,12.527487713542982
2030-05-31 01:00:00,135.08900689263228,12.527353668684555,12.527478881203024
2030-05-31 02:00:00,135.08900675693775,12.527338657318069,12.527477470143822
2030-05-31 03:00:00,135.08900789866462,12.527310468450196,12.527469906216538
2030-05-31 04:00:00,135.08901000594753,12.527295178408131,12.527447913585874
2030-05-31 05:00:00,135.0889968207468,12.527307564793773,12.527404344700566
2030-05-31 06:00:00,60.0000359229925,12.527312229192749,12.527362878901286
2030-05-31 07:00:00,45.41004592286713,12.527293380892843,12.527254596685678
2030-05-31 08:00:00,12.525656816086453,12.527276678717318,12.525587879331354
2030-05-31 09:00:00,9.457016493543145e-05,12.52727394460635,0.0005842344206533233
2030-05-31 10:00:00,5.5921925470085667e-05,12.527273008525299,0.00038486022730299955
2030-05-31 11:00:00,2.335980606046111e-05,12.527273398533907,0.00030774909663067385
2030-05-31 12:00:00,2.1158578883603823e-05,12.527273843638103,0.00029773187833370685
2030-05-31 13:00:00,4.027080552332936e-05,12.527274319638309,0.0004844709169147905
2030-05-31 14:00:00,0.00014516951988382824,12.527274897124698,0.0009155776609586059
2030-05-31 15:00:00,12.526910775623977,12.527277139607577,12.526797442122161
2030-05-31 16:00:00,45.410724270147,12.527290775470226,12.527294503061071
2030-05-31 17:00:00,60.000067808978386,12.527319224035637,12.527374060466897
2030-05-31 18:00:00,135.08900352827052,12.5273913933195,12.52743133146447
2030-05-31 19:00:00,135.08902346880978,12.527367468295779,12.527436214712907
2030-05-31 20:00:00,135.08902304339153,12.527349998848186,12.527447130644802
2030-05-31 21:00:00,135.08901845545262,12.527493498393596,12.527476360982291
2030-05-31 22:00:00,135.08901287706576,12.527531496522897,12.52749184705317
2030-05-31 23:00:00,135.08900941551326,12.527384728948164,12.527478191737828
2030-06-01 00:00:00,135.08900560010056,12.527406667975628,12.527487114104005
2030-06-01 01:00:00,135.08900370895125,12.527334317991517,12.527479384869366
2030-06-01 02:00:00,135.08900293767627,12.527320006816808,12.52747825946426
2030-06-01 03:00:00,135.08900522892156,12.527300187457513,12.527471045799757
2030-06-01 04:00:00,135.089011069019,12.527289681148797,12.527449566334809
2030-06-01 05:00:00,135.08900627324994,12.527295358840092,12.527398866115474
2030-06-01 06:00:00,135.0889725878177,12.527305392293908,12.527363631006068
2030-06-01 07:00:00,59.999994593085674,12.527296188395667,12.527293104518096
2030-06-01 08:00:00,45.411947618398884,12.527286030430798,12.527201797721958
2030-06-01 09:00:00,12.527367954059857,12.527278434447908,12.526992132665532
2030-06-01 10:00:00,12.52691285828943,12.527273556339424,12.526578956105675
2030-06-01 11:00:00,12.522167231054855,12.527272505918518,12.521983333624785
2030-06-01 12:00:00,12.522825867235593,12.527272131691474,12.52274883249305
2030-06-01 13:00:00,12.527083742864903,12.527272500942672,12.526909181528477
2030-06-01 14:00:00,45.40986803485822,12.527273116596007,12.527169110935256
2030-06-01 15:00:00,59.99469720898742,12.527277069374577,12.527236114274059
2030-06-01 16:00:00,60.0000331515965,12.527281250803082,12.527314862869915
2030-06-01 17:00:00,60.00029939904533,12.527291394644635,12.527370411144892
2030-06-01 18:00:00,60.0000897662711,12.527308922095084,12.527406128401864
2030-06-01 19:00:00,59.99954737297892,12.527304368671139,12.527409356859607
2030-06-01 20:00:00,45.40999758900125,12.52729865456931,12.527424536823531
2030-06-01 21:00:00,12.527261283274429,12.527291818855701,12.52727659114953
2030-06-01 22:00:00,12.52672220911942,12.527287719298329,12.527077927350547
2030-06-01 23:00:00,0.0001376032154139146,12.52728068680426,12.526944731291223
2030-06-02 00:00:00,4.095578965000733e-05,12.527280092497179,9.482373223197499
2030-06-02 01:00:00,3.459812212788195e-05,12.527278922701043,9.482338623410214
2030-06-02 02:00:00,2.9707335748498497e-05,12.527278371298962,9.482249508350833
2030-06-02 03:00:00,2.6556029816412317e-05,12.527276829563561,9.482233609570358
2030-06-02 04:00:00,2.9395820929890024e-05,12.527275134910072,9.482276934410976
2030-06-02 05:00:00,2.8581518106103958e-05,12.527275679386548,9.482164735016045
2030-06-02 06:00:00,1.835885241146592e-05,12.52727572908395,9.482024624145026
2030-06-02 07:00:00,1.2670250565738496e-05,12.527274840997052,9.481722522084027
2030-06-02 08:00:00,8.396608435085313e-06,12.527273443766031,0.2676290482896775
2030-06-02 09:00:00,5.522754712242487e-06,12.527271580013803,0.0012472183756319917
2030-06-02 10:00:00,5.4659503641806685e-06,12.52727057730499,0.0004900814277725404
2030-06-02 11:00:00,4.103064993077416e-06,12.52727108675208,0.0004571155334360256
2030-06-02 12:00:00,2.4970225478853922e-06,12.527270464851302,0.0004958808735864295
2030-06-02 13:00:00,2.564613118386565e-06,12.52727060010875,0.0004772099955275556
2030-06-02 14:00:00,3.2615315887769425e-06,12.527271187048427,0.000875437159524159
2030-06-02 15:00:00,5.152287659238395e-06,12.527273369344584,0.09624561888064057
2030-06-02 16:00:00,9.878913792231262e-06,12.527275866263945,9.481863130934869
2030-06-02 17:00:00,2.714649276431608e-05,12.527278877423669,9.482066540455968
2030-06-02 18:00:00,0.00023397975532747954,12.527282460966267,9.48230535056139
2030-06-02 19:00:00,12.527193635423481,12.527285073296298,12.527195205201679
2030-06-02 20:00:00,12.527282003816254,12.52728538344142,12.527247133992645
2030-06-02 21:00:00,12.527283477434418,12.52729085610008,12.527245103095083
2030-06-02 22:00:00,12.52729577928373,12.52729372902104,12.52725747790646
2030-06-02 23:00:00,12.527312766736726,12.527288960583974,12.52726221796729
2030-06-03 00:00:00,12.527337391952516,12.527289990255039,12.527286323562294
2030-06-03 01:00:00,12.52738983686588,12.527287863331367,12.527306463292916
2030-06-03 02:00:00,12.527622562246107,12.527288466213577,12.52735210757146
2030-06-03 03:00:00,12.528335694177981,12.527285024242701,12.527382151036363
2030-06-03 04:00:00,12.528114775707705,12.527280284479748,12.52738494915529
2030-06-03 05:00:00,12.527250751835952,12.52727598371348,12.527223837471293
2030-06-03 06:00:00,0.0001148443533577033,12.52727190035317,9.482056990946745
2030-06-03 07:00:00,2.8341661407145407e-05,12.527269803911622,1.4451725349103517
2030-06-03 08:00:00,1.4444136298809168e-05,12.527266211969678,0.0006321843391390303
2030-06-03 09:00:00,1.0312663952178477e-05,12.52726125639765,0.00026107170337183444
2030-06-03 10:00:00,1.1517085056253092e-05,12.527259101498203,0.00018277660865680082
2030-06-03 11:00:00,8.005679773893444e-06,12.527263355495961,0.00015349612718927575
2030-06-03 12:00:00,6.995098914214057e-06,12.52726076078431,0.0001433981520619909
2030-06-03 13:00:00,6.88435104809144e-06,12.52725908298271,0.00016785249140728004
2030-06-03 14:00:00,9.417119780401135e-06,12.52725887710676,0.00025294492600737983
2030-06-03 15:00:00,1.9435644478244324e-05,12.52726393510875,0.0008679568559839809
2030-06-03 16:00:00,0.00010560555054330462,12.527269968318592,9.481768848298856
2030-06-03 17:00:00,12.527340181861424,12.527278470444799,12.527255871253958
2030-06-03 18:00:00,59.998988695928446,12.527285864983588,12.527417878101389
2030-06-03 19:00:00,60.00006456135611,12.527285737206512,12.527429304745056
2030-06-03 20:00:00,60.000078556147855,12.527283425845916,12.527427318105524
2030-06-03 21:00:00,60.00003195335614,12.527285292500892,12.52741497822717
2030-06-03 22:00:00,60.0000192464686,12.527285585199024,12.527415018994361
2030-06-03 23:00:00,59.999998483276464,12.527284154469271,12.527415259561167
2030-06-04 00:00:00,60.00004403872543,12.527283012565656,12.527438935265096
2030-06-04 01:00:00,60.00008118758552,12.527280454488391,12.527439114999652
2030-06-04 02:00:00,60.01442585487253,12.527279499621727,12.527435414131105
2030-06-04 03:00:00,135.0888916627424,12.527277368027171,12.527448740048385
2030-06-04 04:00:00,135.08898180716002,12.52727532522935,12.52746648445482
2030-06-04 05:00:00,135.088900452663,12.527277933875666,12.527459293808398
2030-06-04 06:00:00,60.000071615382375,12.527278971318927,12.527447606606557
2030-06-04 07:00:00,59.99935790591516,12.527278289951028,12.52742778466375
2030-06-04 08:00:00,59.998952709792654,12.527276494220366,12.52740948716999
2030-06-04 09:00:00,45.41346722647237,12.527274768368443,12.527394653950138
2030-06-04 10:00:00,45.414156336426736,12.527274951578875,12.5273439611155
2030-06-04 11:00:00,45.41334691932764,12.52727418102495,12.527337901583616
2030-06-04 12:00:00,45.4133438758051,12.527273410178234,12.527359463801758
2030-06-04 13:00:00,45.41333293225832,12.527274049532934,12.527385707644413
2030-06-04 14:00:00,45.41332736579542,12.52727335524105,12.52740910942074
2030-06-04 15:00:00,45.41356654703952,12.527274535636025,12.527413663488439
2030-06-04 16:00:00,59.999042058307516,12.527276105079753,12.527417998233915
2030-06-04 17:00:00,59.99996135617343,12.527279351494144,12.527431409684306
2030-06-04 18:00:00,60.00003358698182,12.527284239238348,12.527444153396331
2030-06-04 19:00:00,60.000038127399506,12.52728504085917,12.527445807510958
2030-06-04 20:00:00,60.000038107004,12.52728460548882,12.527447121796499
2030-06-04 21:00:00,60.00002311700999,12.527291146940115,12.527435439624242
2030-06-04 22:00:00,60.00003270685331,12.527291697872897,12.52744001958672
2030-06-04 23:00:00,60.00006090751234,12.527287158364743,12.527441390179774
2030-06-05 00:00:00,60.00031175258674,12.52728826486405,12.52744954458224
2030-06-05 01:00:00,135.08837720698145,12.52728565844609,12.527448077519693
2030-06-05 02:00:00,135.08895468474003,12.527284491237879,12.527444986419141
2030-06-05 03:00:00,135.08899427225037,12.52728134683639,12.527458492179903
2030-06-05 04:00:00,135.08900690251647,12.527278137112246,12.527475387845769
2030-06-05 05:00:00,135.08900681460136,12.527280304140731,12.527472459063732
2030-06-05 06:00:00,135.08899141101736,12.527281424284233,12.527454780522788
2030-06-05 07:00:00,60.000272582581744,12.527279409643597,12.527434570602775
2030-06-05 08:00:00,59.999627465539035,12.527276225601891,12.527407709856405
2030-06-05 09:00:00,59.99253824486681,12.527271980085061,12.527337612266559
2030-06-05 10:00:00,45.41336232181026,12.527272140018795,12.527232189933235
2030-06-05 11:00:00,12.527529975971698,12.527269175921901,12.527070179888817
2030-06-05 12:00:00,12.527303291833174,12.527265474976996,12.526897682220493
2030-06-05 13:00:00,12.52703565011113,12.527259572243565,12.526781396456729
2030-06-05 14:00:00,12.526545562593423,12.527258658638857,12.52647523348051
2030-06-05 15:00:00,12.527317980441952,12.527269617230559,12.527136488360002
2030-06-05 16:00:00,45.41337343776818,12.527274816556961,12.527327486844229
2030-06-05 17:00:00,59.999024162110146,12.527279013102088,12.52738993347694
2030-06-05 18:00:00,59.99910864699098,12.527285175166252,12.527429660123374
2030-06-05 19:00:00,59.998942792827336,12.527287670937767,12.527441418718809
2030-06-05 20:00:00,45.41326477728853,12.527290010176065,12.5274449275703
2030-06-05 21:00:00,12.527333832723576,12.527292955765915,12.527309752294059
2030-06-05 22:00:00,12.527287911577565,12.527295247993607,12.52728972413479
2030-06-05 23:00:00,12.527232997517896,12.527287655881992,12.527255701787908
2030-06-06 00:00:00,12.527249353452147,12.527289748549684,12.527280787620825
2030-06-06 01:00:00,12.527235050128104,12.527286220714814,12.527274919336378
2030-06-06 02:00:00,12.527296235260328,12.527287639925817,12.527307261299939
2030-06-06 03:00:00,12.527436018132628,12.527287754583085,12.527388901662562
2030-06-06 04:00:00,45.41267895579561,12.52728541972518,12.527477585819554
2030-06-06 05:00:00,14.800348011666859,12.527290505618112,12.527473848244167
2030-06-06 06:00:00,12.527258363595717,12.527283784125233,12.52729201853677
2030-06-06 07:00:00,0.00012620856380175658,12.527277598637738,12.257526750247978
2030-06-06 08:00:00,4.177388900984771e-05,12.527275389900867,9.482667147545314
2030-06-06 09:00:00,3.157134603938967e-05,12.527273378953396,9.48233507047731
2030-06-06 10:00:00,7.749276225883946e-05,12.527272163796624,9.482164970114116
2030-06-06 11:00:00,0.00011969129122938128,12.527271417821794,9.481870076275774
2030-06-06 12:00:00,0.00013376724164748563,12.52727065054787,0.010538290167886544
2030-06-06 13:00:00,0.0001926612238343512,12.527270864510683,0.00848767884222691
2030-06-06 14:00:00,0.0005896640510735639,12.527271189953353,0.008938723585070899
2030-06-06 15:00:00,12.52725140232281,12.52727505482926,12.527086528358684
2030-06-06 16:00:00,59.99889578772991,12.52728253776928,12.52734060437598
2030-06-06 17:00:00,135.0888909503399,12.52729488695877,12.527423777760266
2030-06-06 18:00:00,135.08901071194117,12.527306794866133,12.527465279443376
2030-06-06 19:00:00,135.08903035337676,12.527300835466121,12.527468841726519
2030-06-06 20:00:00,135.0890205073656,12.527297508618721,12.52746667054248
2030-06-06 21:00:00,135.08900883403012,12.527309065217196,12.527457245586447
2030-06-06 22:00:00,135.08898738345044,12.527306075573506,12.52745654559385
2030-06-06 23:00:00,135.08888175367937,12.527295143731862,12.527453730430352
2030-06-07 00:00:00,135.08841472176283,12.527295711034775,12.527437967175672
2030-06-07 01:00:00,60.01732923616635,12.527289868762637,12.527434631786491
2030-06-07 02:00:00,60.016864058404906,12.527287800585327,12.52742913045131
2030-06-07 03:00:00,60.017054302548324,12.52728327874047,12.52744109273226
2030-06-07 04:00:00,70.90853770560268,12.527279212636557,12.527458939339652
2030-06-07 05:00:00,60.00017163373293,12.527281314738502,12.527452967639189
2030-06-07 06:00:00,60.000001097735066,12.527282468275441,12.527441155767946
2030-06-07 07:00:00,59.99917730677799,12.527281269173727,12.527437282267838
2030-06-07 08:00:00,45.41340234993438,12.527278985509922,12.52743180754807
2030-06-07 09:00:00,12.527433384435978,12.527276003937914,12.527329599062362
2030-06-07 10:00:00,12.527251896557205,12.527274321465484,12.527215144843055
2030-06-07 11:00:00,12.527215597754086,12.527273187188257,12.527197084706104
2030-06-07 12:00:00,12.527229987912976,12.527272604418274,12.527217093384763
2030-06-07 13:00:00,12.527209854761626,12.527272054039713,12.527208704708515
2030-06-07 14:00:00,12.527261647933505,12.527273040643195,12.527247012804999
2030-06-07 15:00:00,12.527701011496122,12.527267195899185,12.527373403255643
2030-06-07 16:00:00,45.41356440094694,12.527280062518106,12.527412014454342
2030-06-07 17:00:00,60.00000008929626,12.527284706138744,12.527412906288008
2030-06-07 18:00:00,135.08893352066409,12.527295535681786,12.527437176532658
2030-06-07 19:00:00,135.088994730204,12.527296289866172,12.527447215848042
2030-06-07 20:00:00,135.08898869558834,12.527296788600498,12.527447273175568
2030-06-07 21:00:00,135.08894219987286,12.527312955466186,12.527438036231615
2030-06-07 22:00:00,135.08893356855708,12.527305988033731,12.52743692742115
2030-06-07 23:00:00,135.0889524853904,12.527296191583446,12.527434550929684
2030-06-08 00:00:00,135.08514744458822,12.527295570933711,12.527447670177537
2030-06-08 01:00:00,114.3396247314304,12.527288783573567,12.527445288614217
2030-06-08 02:00:00,135.05786214610873,12.527286944260595,12.527440953029327
2030-06-08 03:00:00,135.0889382460074,12.527282127344733,12.527452251563773
2030-06-08 04:00:00,135.08899234542434,12.527278136263643,12.527469280011744
2030-06-08 05:00:00,135.08898455625516,12.527278997543362,12.527463092489882
2030-06-08 06:00:00,60.00056721852386,12.52727991241995,12.527438616395955
2030-06-08 07:00:00,60.00000623418352,12.527278699110866,12.527388892419854
2030-06-08 08:00:00,59.99930200233357,12.527276193003715,12.52733462142514
2030-06-08 09:00:00,59.998722335825676,12.527273088972834,12.527249632084509
2030-06-08 10:00:00,45.41317055490596,12.527271043588371,12.527150766305075
2030-06-08 11:00:00,12.527198622647962,12.527260156663942,12.526883414301107
2030-06-08 12:00:00,12.527156097145356,12.527252398360517,12.526856529236753
2030-06-08 13:00:00,12.527274484947407,12.527258841834737,12.526926715595792
2030-06-08 14:00:00,45.4126992202839,12.527264893988104,12.52717824097308
2030-06-08 15:00:00,59.99924410929976,12.527266973091173,12.527274446632697
2030-06-08 16:00:00,135.08877618063187,12.527270635511293,12.527365047560934
2030-06-08 17:00:00,135.08900184594674,12.527274725459392,12.527417073214558
2030-06-08 18:00:00,135.08900091273253,12.527277145070066,12.527443325126157
2030-06-08 19:00:00,135.08888897929097,12.527278207164272,12.527446612468339
2030-06-08 20:00:00,59.99914889205138,12.527279002746464,12.527441027094298
2030-06-08 21:00:00,12.527350139406252,12.527279588271085,12.527314779371409
2030-06-08 22:00:00,12.527402965187024,12.527280993825116,12.527340224168256
2030-06-08 23:00:00,12.527136594025773,12.527273441534817,12.52718737970099
2030-06-09 00:00:00,10.604021129595978,12.527270225369664,10.610009108309015
2030-06-09 01:00:00,10.603594335890246,12.527268642560557,10.609020820866135
2030-06-09 02:00:00,12.525604197214507,12.52726901200731,12.525887963874993
2030-06-09 03:00:00,12.526268470211733,12.52726672226072,12.526460552185199
2030-06-09 04:00:00,12.527113635698722,12.527264505766336,12.527146712922075
2030-06-09 05:00:00,12.526944469416135,12.527262357618383,12.527014005461753
2030-06-09 06:00:00,0.00010559171193985395,12.527257446259975,9.482404370506217
2030-06-09 07:00:00,2.423571330955488e-05,12.527248918595433,9.482238162914856
2030-06-09 08:00:00,1.049279261982059e-05,12.527232842655314,9.482211916077091
2030-06-09 09:00:00,6.876108122863911e-06,12.506285914486398,9.482147305684773
2030-06-09 10:00:00,1.3550463827350877e-05,12.503930480848794,9.482095360987419
2030-06-09 11:00:00,8.749455226721431e-06,12.503755142835871,9.48202218502628
2030-06-09 12:00:00,7.037605655590349e-06,9.483656288622717,9.481484393621741
2030-06-09 13:00:00,7.222712273800908e-06,0.0018001484068008722,0.001740576379963666
2030-06-09 14:00:00,7.797507553436681e-06,0.0009682809704827378,0.0009578169019728303
2030-06-09 15:00:00,9.2898542624603e-06,0.00505522365529032,0.004849738192992455
2030-06-09 16:00:00,1.85406570038334e-05,12.50606061215207,9.482132942397556
2030-06-09 17:00:00,8.260183433326145e-05,12.5272553770601,9.48239450413459
2030-06-09 18:00:00,12.527090404881626,12.527269167322228,12.527136808478758
2030-06-09 19:00:00,12.5277822388723,12.52727485473224,12.527392497636356
2030-06-09 20:00:00,12.527714139106138,12.527275280327077,12.527381988938203
2030-06-09 21:00:00,12.52738480529279,12.52727586227229,12.527306744692396
2030-06-09 22:00:00,0.0018414398734816235,12.527272925106445,10.602899647319646
2030-06-09 23:00:00,0.0018042930414038125,12.527272263816485,10.601927516898286
2030-06-10 00:00:00,0.0017720615350743296,12.527272374965582,12.522522761499502
2030-06-10 01:00:00,0.0017601012694083086,12.52727140231218,12.523175673209153
2030-06-10 02:00:00,0.0017812913527507055,12.527270688661702,12.521273015095176
2030-06-10 03:00:00,0.0005096997867048711,12.527268570641354,12.52355083020575
2030-06-10 04:00:00,0.00013614056356713988,12.527264845548466,12.524828523379355
2030-06-10 05:00:00,4.2248033632115335e-05,12.527264315053799,12.498519660923625
2030-06-10 06:00:00,1.5070137099366283e-05,12.527262139002355,9.482394523864755
2030-06-10 07:00:00,6.5619228825146255e-06,12.527242375366768,9.482114918495418
2030-06-10 08:00:00,3.3787820981745813e-06,12.52721521685559,9.48133616732764
2030-06-10 09:00:00,1.0176179444450642e-06,12.52714047974041,0.00212616485809584
2030-06-10 10:00:00,1.0052615738628002e-06,12.527237450397479,0.0009227480860760723
2030-06-10 11:00:00,3.6246212326819546e-07,12.52725080419168,0.0005174677663813533
2030-06-10 12:00:00,-7.936231110278809e-08,12.527241918657737,0.0003720395568507229
2030-06-10 13:00:00,2.528883056586672e-07,12.527238654487519,0.00040265105077693617
2030-06-10 14:00:00,1.2324602273991087e-06,12.52724312047485,0.0006564856139481209
2030-06-10 15:00:00,3.7156439500098883e-06,12.527258810448984,0.007230408503941218
2030-06-10 16:00:00,1.01902696958694e-05,12.527267062831017,9.482088544582055
2030-06-10 17:00:00,7.890627611434346e-05,12.52727228169806,9.48256557999976
2030-06-10 18:00:00,12.530456925910292,12.527283389539544,12.527428238540224
2030-06-10 19:00:00,59.999467052694975,12.527287030530715,12.527436927479357
2030-06-10 20:00:00,59.99994981461987,12.527287433967945,12.527437954455763
2030-06-10 21:00:00,59.99993479982459,12.527292782674522,12.527431943872216
2030-06-10 22:00:00,59.99951052322173,12.527293944880512,12.527430975013885
2030-06-10 23:00:00,59.99939205773249,12.527296270805891,12.527427516345597
2030-06-11 00:00:00,59.99949157097637,12.527298938987002,12.52743811554987
2030-06-11 01:00:00,59.99946921922062,12.52729292670665,12.527434898280262
2030-06-11 02:00:00,59.99940408804945,12.527292552928884,12.52743196573374
2030-06-11 03:00:00,59.99948794185872,12.527287511780742,12.527444419203675
2030-06-11 04:00:00,59.99965627742088,12.52728367296166,12.527463162677279
2030-06-11 05:00:00,59.99952260670248,12.527288180221149,12.527455994343557
2030-06-11 06:00:00,45.41369954372761,12.527293001913938,12.527440970168684
2030-06-11 07:00:00,12.52735924768585,12.527285823420243,12.52729441075782
2030-06-11 08:00:00,0.00045482626040086545,12.52727742311265,9.482104541558144
2030-06-11 09:00:00,7.402264552336274e-05,12.527275936254227,9.478968373213439
2030-06-11 10:00:00,0.0004386759239134934,12.527275446404929,0.0018407957449909308
2030-06-11 11:00:00,0.0008038522179628552,12.527276216421342,0.0022334843863555383
2030-06-11 12:00:00,9.482282963503788,12.527276630763104,9.482339739413405
2030-06-11 13:00:00,12.527102683548996,12.527278117260721,12.526970341402041
2030-06-11 14:00:00,45.413521588850585,12.527283614903354,12.527302589177939
2030-06-11 15:00:00,59.99989412212942,12.527282874712,12.52737961234563
2030-06-11 16:00:00,135.08893040609266,12.527283543422852,12.527424744252443
2030-06-11 17:00:00,135.0890078221029,12.527286884804198,12.527439876088275
2030-06-11 18:00:00,135.08905424841976,12.527289345566984,12.527452398976152
2030-06-11 19:00:00,135.09052565069365,12.527286835390441,12.527452271865513
2030-06-11 20:00:00,135.08933428118507,12.527284428884682,12.527454287774972
2030-06-11 21:00:00,135.08904661931598,12.52728845065667,12.527445599906969
2030-06-11 22:00:00,135.089026482836,12.527288195539768,12.527450596730887
2030-06-11 23:00:00,135.089020164334,12.527286308390103,12.527448194173303
2030-06-12 00:00:00,135.08901906580095,12.527287455083327,12.52747020935135
2030-06-12 01:00:00,135.08901933764088,12.527284872772725,12.5274691851846
2030-06-12 02:00:00,135.08902112930886,12.527284499268717,12.527466546514006
2030-06-12 03:00:00,135.08902672714197,12.52728167947862,12.52747719502895
2030-06-12 04:00:00,135.08903612982834,12.527278861730439,12.527492573923112
2030-06-12 05:00:00,135.08901858925688,12.52728164069049,12.527492886172007
2030-06-12 06:00:00,135.08899616369746,12.527284029890904,12.527476086539309
2030-06-12 07:00:00,60.00009478293291,12.52728236540952,12.527454285556503
2030-06-12 08:00:00,59.99977205214468,12.5272812100819,12.527435023261646
2030-06-12 09:00:00,45.41379926323106,12.527278354530608,12.527387801809152
2030-06-12 10:00:00,45.41289573174346,12.52727798390697,12.52731550579956
2030-06-12 11:00:00,12.52906469241772,12.527276773203994,12.527276715986318
2030-06-12 12:00:00,12.527530180174118,12.527275820788992,12.527213032947685
2030-06-12 13:00:00,12.52758162123122,12.527275548176476,12.527197812417963
2030-06-12 14:00:00,45.41381846412945,12.527276796261503,12.527210329390208
2030-06-12 15:00:00,59.999815635828284,12.527278048512017,12.527272261107413
2030-06-12 16:00:00,60.00011071246844,12.527281638240611,12.527379520557943
2030-06-12 17:00:00,135.0890019257399,12.527289471629956,12.527435683368132
2030-06-12 18:00:00,135.08902470014812,12.5272968500347,12.527470600200004
2030-06-12 19:00:00,135.08906694431488,12.527292980905258,12.527472649454019
2030-06-12 20:00:00,135.0890362409109,12.52729157505006,12.527474538062549
2030-06-12 21:00:00,135.08902082991182,12.52729977452691,12.527466697272757
2030-06-12 22:00:00,135.08901626117955,12.527300146393827,12.527466718234791
2030-06-12 23:00:00,135.089013204533,12.527297411619656,12.527446996163235
2030-06-13 00:00:00,135.08901085628125,12.527293439305542,12.52746091453568
2030-06-13 01:00:00,135.0890103965155,12.527287816631542,12.527458969086183
2030-06-13 02:00:00,135.08901117009398,12.527286074930998,12.527456517779683
2030-06-13 03:00:00,135.08901590355833,12.527282320433187,12.52746685915281
2030-06-13 04:00:00,135.08902715524292,12.527279035707355,12.527481711096542
2030-06-13 05:00:00,135.08901792059856,12.527281496311844,12.527480114278886
2030-06-13 06:00:00,135.0889959759634,12.527282917574022,12.52746752413762
2030-06-13 07:00:00,60.00005877828185,12.5272803494654,12.527452564682164
2030-06-13 08:00:00,59.99980923686318,12.527280200086821,12.527444457941868
2030-06-13 09:00:00,45.41475549973636,12.527277997616693,12.527424476761317
2030-06-13 10:00:00,45.41425576151558,12.52727776388383,12.527381327760718
2030-06-13 11:00:00,45.413903365281215,12.527276726724267,12.527355416402902
2030-06-13 12:00:00,45.41381787418106,12.5272754116166,12.527335652395365
2030-06-13 13:00:00,45.41381186448401,12.527274736345134,12.52733710730833
2030-06-13 14:00:00,45.414314735088944,12.527274248662252,12.527353298984776
2030-06-13 15:00:00,59.99986268933582,12.52727451975261,12.527369637558506
2030-06-13 16:00:00,60.00007111851914,12.527276232484311,12.527404228905922
2030-06-13 17:00:00,135.08896215364396,12.52728048474637,12.527430740906016
2030-06-13 18:00:00,135.0889945867442,12.52728603240833,12.527451016566985
2030-06-13 19:00:00,135.08899977391548,12.527286268554235,12.527457861875012
2030-06-13 20:00:00,135.08898678185687,12.527286221073734,12.527456719141583
2030-06-13 21:00:00,135.0887774980548,12.527294158880068,12.527447768437924
2030-06-13 22:00:00,60.000063086758296,12.527295877773213,12.527449081900158
2030-06-13 23:00:00,60.00008069064781,12.52729148473918,12.52744764722138
2030-06-14 00:00:00,60.00008625247785,12.527294423767668,12.527438045762707
2030-06-14 01:00:00,60.000037159428665,12.527290939199702,12.527433582611593
2030-06-14 02:00:00,60.00001028421427,12.527290601734421,12.527427854856796
2030-06-14 03:00:00,60.000036562165086,12.527286040788567,12.527441400236057
2030-06-14 04:00:00,60.0018886169127,12.527282227863942,12.527459340857888
2030-06-14 05:00:00,60.00061811320422,12.527285858529467,12.527453056128074
2030-06-14 06:00:00,60.00007184102304,12.527290163514712,12.52743614417652
2030-06-14 07:00:00,59.99997861753472,12.527288150276036,12.527412592776368
2030-06-14 08:00:00,59.99979096324961,12.527284214175976,12.527385145396721
2030-06-14 09:00:00,45.413860085919175,12.527280829227493,12.52735158558232
2030-06-14 10:00:00,12.528839942649169,12.527279291643936,12.527269899786962
2030-06-14 11:00:00,12.527266306990898,12.527275369548079,12.527036824191356
2030-06-14 12:00:00,12.527007519793264,12.527273142135067,12.526862130909095
2030-06-14 13:00:00,12.526755539190997,12.527272937115413,12.52669151583074
2030-06-14 14:00:00,12.526980643196595,12.527272970276499,12.526917944246174
2030-06-14 15:00:00,12.527303590895047,12.52727641905767,12.5271790360403
2030-06-14 16:00:00,45.41383993734832,12.527283776047122,12.527356639743033
2030-06-14 17:00:00,59.99993088588491,12.527295945828882,12.527390416232219
2030-06-14 18:00:00,135.088868859971,12.52732052553538,12.52743364230642
2030-06-14 19:00:00,135.08899705343512,12.527325087540703,12.527446634860064
2030-06-14 20:00:00,135.08899109603408,12.527318455983501,12.527446540990113
2030-06-14 21:00:00,135.08898371969124,12.527367394663997,12.527445217921922
2030-06-14 22:00:00,135.08897552924515,12.527394516587265,12.52745070191213
2030-06-14 23:00:00,135.08897127969982,12.527336902609022,12.527440524847407
2030-06-15 00:00:00,135.08897160561114,12.52735094481875,12.527437042379745
2030-06-15 01:00:00,135.0889859024434,12.527321390596626,12.527429740423031
2030-06-15 02:00:00,135.08899367436942,12.527314387945808,12.52742263021537
2030-06-15 03:00:00,135.08900346975403,12.527297895994707,12.527431184274974
2030-06-15 04:00:00,135.08901284272142,12.527287859143613,12.527447834039421
2030-06-15 05:00:00,135.08900986598098,12.527292805515572,12.5274410757252
2030-06-15 06:00:00,135.08899176599948,12.527294851851494,12.52739925013401
2030-06-15 07:00:00,60.00020388242662,12.52728673511956,12.527301460099356
2030-06-15 08:00:00,59.999946769310384,12.527279865631348,12.52718483855179
2030-06-15 09:00:00,45.41386703956295,12.52727583151318,12.527038430308329
2030-06-15 10:00:00,12.527241827582625,12.527270746847535,12.526461890397231
2030-06-15 11:00:00,9.495023014603975,12.527268160564745,9.494868695587947
2030-06-15 12:00:00,9.482443805407168,12.527266665582145,9.482408375074954
2030-06-15 13:00:00,9.482388411403816,12.527265926056316,9.482390037954689
2030-06-15 14:00:00,12.527218752940131,12.527269256474938,12.526830501702756
2030-06-15 15:00:00,45.41404230310937,12.527274495133497,12.527139961235719
2030-06-15 16:00:00,60.000051075285526,12.527277443745694,12.5272741557758
2030-06-15 17:00:00,135.08900079090142,12.527282650896268,12.527362426468903
2030-06-15 18:00:00,135.08903437004074,12.527286927135023,12.527417913890304
2030-06-15 19:00:00,135.08940056235312,12.527284583523397,12.527423552315183
2030-06-15 20:00:00,135.08905243480876,12.52728185405382,12.52742676919489
2030-06-15 21:00:00,135.08901932065862,12.527284331436931,12.527418363777542
2030-06-15 22:00:00,135.08901057951536,12.527283229201203,12.527418942272561
2030-06-15 23:00:00,135.08900499589674,12.527278547283458,12.52741372654782
2030-06-16 00:00:00,135.08899739589003,12.52727786429314,12.527398380476114
2030-06-16 01:00:00,135.08899415724565,12.527276687431367,12.52739119891703
2030-06-16 02:00:00,135.08898797011022,12.527276685750621,12.527379464478145
2030-06-16 03:00:00,135.08896910713221,12.52727575463723,12.527373549278309
2030-06-16 04:00:00,60.00020674818727,12.527274101364863,12.527374050641683
2030-06-16 05:00:00,59.999745239886614,12.527274308917185,12.527347396606386
2030-06-16 06:00:00,12.527372083080639,12.527272070862542,12.527206235321685
2030-06-16 07:00:00,0.00034616154928110947,12.527264659986031,0.004128548217230895
2030-06-16 08:00:00,3.635256927713202e-05,12.527259154068194,0.0004848167742181886
2030-06-16 09:00:00,1.5160818254207313e-05,12.527233327168688,0.0002523982741459323
2030-06-16 10:00:00,1.7871586468018973e-05,12.527241262377174,0.00018887590327049887
2030-06-16 11:00:00,1.6873337526159263e-05,12.527238727818258,0.0001659770506843386
2030-06-16 12:00:00,1.7409470207075698e-05,12.52695571720852,0.0001595043597149015
2030-06-16 13:00:00,1.973441271096417e-05,12.503904234303263,0.00018875327946187172
2030-06-16 14:00:00,2.19974984087711e-05,12.503526636115566,0.00027102687951308357
2030-06-16 15:00:00,3.5895009605033126e-05,12.52713485615186,0.0006317717459150041
2030-06-16 16:00:00,0.00011857822171322126,12.527250334779445,0.03365210875696789
2030-06-16 17:00:00,12.526901091987147,12.527268292408735,12.526895806744113
2030-06-16 18:00:00,12.537331596068753,12.527277186911464,12.527358752371342
2030-06-16 19:00:00,45.41381588803806,12.527277979343125,12.527376665880345
2030-06-16 20:00:00,45.413755099474656,12.52727791236189,12.527378675215033
2030-06-16 21:00:00,45.41294865904473,12.527280876134682,12.527370837694434
2030-06-16 22:00:00,12.527750300931517,12.52728074663537,12.52734591603621
2030-06-16 23:00:00,38.438445548073446,12.527279128592454,12.527375337344893
2030-06-17 00:00:00,45.41353131744545,12.5272788454646,12.527367312637892
2030-06-17 01:00:00,45.41377122024806,12.527277167840111,12.52736337735223
2030-06-17 02:00:00,45.41385423858372,12.52727589544702,12.527353449062502
2030-06-17 03:00:00,45.41380512839663,12.527274325580038,12.527356660883925
2030-06-17 04:00:00,45.41258374747782,12.52727167724808,12.527361542289867
2030-06-17 05:00:00,12.527175480257968,12.527265700094176,12.527147932534518
2030-06-17 06:00:00,0.00019187583109135105,12.527259355049717,9.481860624352052
2030-06-17 07:00:00,3.657725905315317e-05,12.527256786892394,0.00128632698259122
2030-06-17 08:00:00,1.60443629277363e-05,12.527250856322299,0.0003447329598031956
2030-06-17 09:00:00,9.621947229357791e-06,12.527223658244111,0.000195432104689079
2030-06-17 10:00:00,1.2290959416293145e-05,12.527206705223762,0.00015519220515649806
2030-06-17 11:00:00,9.889230484367799e-06,12.52719497576254,0.00013939596504218863
2030-06-17 12:00:00,1.039600859233357e-05,12.503775175660946,0.00012490732234482493
2030-06-17 13:00:00,1.304590366782322e-05,9.495990593657552,0.00015150377331845256
2030-06-17 14:00:00,1.8346706999381013e-05,9.496488295426389,0.00021581994972123808
2030-06-17 15:00:00,3.131986920342412e-05,12.504732891802632,0.00046119897767449286
2030-06-17 16:00:00,0.00011105882994699456,12.527242593788113,0.008171722518056868
2030-06-17 17:00:00,12.526420252706002,12.527266412501376,12.526439142878539
2030-06-17 18:00:00,12.52725675463148,12.527274277718755,12.527209074826018
2030-06-17 19:00:00,12.527308932880432,12.527276932278255,12.527248206253889
2030-06-17 20:00:00,12.527187874560695,12.527275565738334,12.527177910982985
2030-06-17 21:00:00,12.52663694351393,12.527276276405246,12.526727134179055
2030-06-17 22:00:00,2.396419572057195e-05,12.527275993124022,9.482609430830962
2030-06-17 23:00:00,2.3512754265379793e-05,12.527276205267299,9.482438929560885
2030-06-18 00:00:00,4.9771712470515204e-05,12.527276771415929,9.482758227780309
2030-06-18 01:00:00,8.67556208495557e-05,12.527276265805085,9.482784773076673
2030-06-18 02:00:00,12.526344292970595,12.527276987019832,12.52645735101214
2030-06-18 03:00:00,12.527205410991225,12.527277668108582,12.52719023946338
2030-06-18 04:00:00,12.527216455523515,12.527276019499148,12.527211986897484
2030-06-18 05:00:00,12.522008819212413,12.527276599989818,12.522702656779662
2030-06-18 06:00:00,9.829237123039946e-05,12.527278407166769,9.482433630518287
2030-06-18 07:00:00,3.3242020616140994e-05,12.527277503439109,9.482325487322694
2030-06-18 08:00:00,2.080323637788281e-05,12.527275986094716,9.48214749814774
2030-06-18 09:00:00,1.433378136680685e-05,12.527274432214654,9.48208797155997
2030-06-18 10:00:00,2.4392194894237253e-05,12.527273856191641,9.481885822507142
2030-06-18 11:00:00,1.3136580315923592e-05,12.52727310049886,0.0028402686022239738
2030-06-18 12:00:00,9.939592189511032e-06,12.527272410460798,0.0007160092187632472
2030-06-18 13:00:00,1.0004558766015605e-05,12.52727260102256,0.0009980121819997392
2030-06-18 14:00:00,1.3536379586874337e-05,12.527272842567982,0.003780914968832607
2030-06-18 15:00:00,3.6685210976652854e-05,12.527274305996798,9.481330302548407
2030-06-18 16:00:00,12.526989263826218,12.527277832229446,12.526962779432921
2030-06-18 17:00:00,59.99978726900063,12.527300863401251,12.527344956762645
2030-06-18 18:00:00,135.0889882329865,12.527338696091114,12.527407131085141
2030-06-18 19:00:00,135.08901200002083,12.527318508519784,12.527415491461921
2030-06-18 20:00:00,135.08901069775857,12.527301670817042,12.527412661740826
2030-06-18 21:00:00,135.0890040700724,12.527306763066917,12.527402802921642
2030-06-18 22:00:00,135.0889924980396,12.527299221076646,12.527403116780079
2030-06-18 23:00:00,135.08896836110387,12.527290688253743,12.527397193474826
2030-06-19 00:00:00,135.08891491311087,12.527289485744333,12.527389393914106
2030-06-19 01:00:00,135.08811841650905,12.527286100499623,12.527382962664888
2030-06-19 02:00:00,60.00015433351061,12.527288043457702,12.52737497589078
2030-06-19 03:00:00,60.000054583278214,12.52728366718111,12.527379267260585
2030-06-19 04:00:00,59.99999134148179,12.527279627453865,12.527398378236498
2030-06-19 05:00:00,45.41401751381129,12.527282650037705,12.527395788710317
2030-06-19 06:00:00,12.52723782896123,12.527279356788448,12.527197936033375
2030-06-19 07:00:00,7.930698870327655e-05,12.52727619343932,9.481935927714769
2030-06-19 08:00:00,1.9386687750090138e-05,12.52727432125558,9.48081282232836
2030-06-19 09:00:00,7.325925738755174e-06,12.527272550883026,0.0011289917795497342
2030-06-19 10:00:00,7.824761944674987e-06,12.527273446215077,0.00046237251309381257
2030-06-19 11:00:00,4.047803765763282e-06,12.527273282913484,0.00042257983532321334
2030-06-19 12:00:00,3.0745831596371244e-06,12.527273106618932,0.00042642735382969477
2030-06-19 13:00:00,4.39139802064038e-06,12.52727342455455,0.00046069468060786736
2030-06-19 14:00:00,6.900577657278424e-06,12.527274152914288,0.000659226511341607
2030-06-19 15:00:00,1.2684968386495527e-05,12.527276344604616,0.004727016718157191
2030-06-19 16:00:00,3.949774454934547e-05,12.527278907019232,9.481931035849271
2030-06-19 17:00:00,12.52370186594035,12.527284543110909,12.523853087185184
2030-06-19 18:00:00,45.41375130531869,12.52737485777203,12.527412746197854
2030-06-19 19:00:00,59.999716445952366,12.52736510329396,12.527420535246137
2030-06-19 20:00:00,59.9997409410189,12.527341796353017,12.527416528556017
2030-06-19 21:00:00,59.99978418979775,12.527450498205326,12.52743196888514
2030-06-19 22:00:00,60.00003139589811,12.52747766450284,12.527437664478384
2030-06-19 23:00:00,60.000074010428946,12.52735266214222,12.527416810135946
2030-06-20 00:00:00,60.00039321300345,12.527367460527683,12.527421767947644
2030-06-20 01:00:00,135.08894807044192,12.527327599927958,12.527410119014348
2030-06-20 02:00:00,135.08899545193856,12.527319584513862,12.527403888398112
2030-06-20 03:00:00,135.08900383124617,12.52730101873476,12.527413793292908
2030-06-20 04:00:00,135.08900812647585,12.527290303810455,12.527433515181215
2030-06-20 05:00:00,135.08899870453462,12.52729813751921,12.527430347354784
2030-06-20 06:00:00,60.0008489912061,12.527306873134858,12.527395708528928
2030-06-20 07:00:00,59.99977960808684,12.527304864514008,12.527318165444132
2030-06-20 08:00:00,45.412352174580015,12.527296049940745,12.527242331479258
2030-06-20 09:00:00,12.527243481041994,12.527282162365736,12.527013633138786
2030-06-20 10:00:00,12.527154580250624,12.52727992522614,12.52689585470666
2030-06-20 11:00:00,12.527370946290423,12.527282623538667,12.527000733439712
2030-06-20 12:00:00,45.413803621463416,12.527284551622241,12.527190884030261
2030-06-20 13:00:00,59.99942945663264,12.527283778716992,12.527212750492629
2030-06-20 14:00:00,59.9999658967509,12.527285006434795,12.527255361261734
2030-06-20 15:00:00,135.0887760013547,12.52729175166769,12.527316923400582
2030-06-20 16:00:00,135.0890022843092,12.527307882269097,12.527361862725144
2030-06-20 17:00:00,135.08901760707957,12.527350836258847,12.52740655063191
2030-06-20 18:00:00,135.08903300624897,12.52741936438533,12.527443505850314
2030-06-20 19:00:00,135.08902897780865,12.527366958277526,12.527440758512967
2030-06-20 20:00:00,135.08901042504294,12.527332271054114,12.527433446966029
2030-06-20 21:00:00,135.08900221266467,12.527392665791012,12.527433241681138
2030-06-20 22:00:00,135.0890025106855,12.527358089119843,12.52742850040704
2030-06-20 23:00:00,135.08899952689396,12.527317967924319,12.527418327319538
2030-06-21 00:00:00,135.08899898992502,12.527325455875626,12.527418156263366
2030-06-21 01:00:00,135.08900088535552,12.527314402296724,12.527413054107456
2030-06-21 02:00:00,135.08900255374317,12.527314422958625,12.527406141684878
2030-06-21 03:00:00,135.08900753969777,12.527300771367663,12.527415161990575
2030-06-21 04:00:00,135.08901658177663,12.527289821521931,12.527434443628692
2030-06-21 05:00:00,135.0890182659684,12.52729710732092,12.527436087308649
2030-06-21 06:00:00,135.08901067041936,12.527306799997477,12.52741837552422
2030-06-21 07:00:00,135.08900081037302,12.527304652146086,12.527392912302075
2030-06-21 08:00:00,135.08897498762394,12.527294124323333,12.527391160517794
2030-06-21 09:00:00,60.0004313331322,12.527286789183563,12.527389866029138
2030-06-21 10:00:00,60.00005756104057,12.527409984752921,12.527340394127698
2030-06-21 11:00:00,59.999972410445515,12.527282663915685,12.527322654220898
2030-06-21 12:00:00,59.99975701891294,12.52728238206984,12.5273042655584
2030-06-21 13:00:00,59.9996567026532,12.527283753973279,12.527326442131521
2030-06-21 14:00:00,59.99975572940311,12.527284924077321,12.527301241748257
2030-06-21 15:00:00,60.000008076464454,12.527289972256767,12.527284514156976
2030-06-21 16:00:00,135.0887865680856,12.527300925160079,12.527330883393589
2030-06-21 17:00:00,135.08899899011774,12.527337587199327,12.527390184777373
2030-06-21 18:00:00,135.08900934644103,12.527422887566553,12.527439499226944
2030-06-21 19:00:00,135.08901218812872,12.527364929551368,12.52743831372792
2030-06-21 20:00:00,135.0890047007597,12.527331671292787,12.527432279100594
2030-06-21 21:00:00,135.0889952225444,12.527391677324886,12.52743191171794
2030-06-21 22:00:00,135.0889819222936,12.527379001970075,12.527429468535047
2030-06-21 23:00:00,135.0889566914065,12.527318508337885,12.527414616378337
2030-06-22 00:00:00,114.33952254837608,12.527323516578944,12.527417833160825
2030-06-22 01:00:00,114.33951865295106,12.527307346093039,12.527411615305937
2030-06-22 02:00:00,114.33973595117803,12.527304528569402,12.527404676983679
2030-06-22 03:00:00,135.08864351781668,12.527294134086333,12.527414471531301
2030-06-22 04:00:00,135.08898748773805,12.527286778761688,12.52743312222458
2030-06-22 05:00:00,135.0889927340938,12.527292729428154,12.527426875174395
2030-06-22 06:00:00,135.08891901867966,12.52729952681135,12.527403220736574
2030-06-22 07:00:00,60.00001988373818,12.527292522183416,12.527345355973077
2030-06-22 08:00:00,59.999714949824536,12.527283795808462,12.527262681545281
2030-06-22 09:00:00,45.41397238047786,12.527278340709017,12.527126569455124
2030-06-22 10:00:00,45.413801054557844,12.52727603607309,12.526858884941518
2030-06-22 11:00:00,12.527577064414118,12.527274218856292,12.526505802212649
2030-06-22 12:00:00,12.52727025717352,12.52727061746927,12.526452457218411
2030-06-22 13:00:00,12.527233979080949,12.527267469709841,12.52660238606608
2030-06-22 14:00:00,12.527282529148678,12.527268368513433,12.526860623056287
2030-06-22 15:00:00,12.52761581902376,12.52727145724839,12.527159997626848
2030-06-22 16:00:00,45.413827740106285,12.52727273861148,12.52730208409001
2030-06-22 17:00:00,59.99983017086372,12.527274749543722,12.527349262492246
2030-06-22 18:00:00,60.000069577361565,12.527276496026964,12.527389659635304
2030-06-22 19:00:00,60.00012296568509,12.527276263381282,12.527404391531638
2030-06-22 20:00:00,59.99999250147175,12.527276319298334,12.527399583355034
2030-06-22 21:00:00,59.99950868065936,12.527278779492008,12.527382241314626
2030-06-22 22:00:00,45.413784526391545,12.527278892833237,12.52738602104182
2030-06-22 23:00:00,12.528135986783422,12.527275629504402,12.527359211395378
2030-06-23 00:00:00,12.527299538438532,12.527272911738843,12.527242303905126
2030-06-23 01:00:00,12.527280503972495,12.527271600103631,12.5272311531171
2030-06-23 02:00:00,12.527273522414948,12.527271075093267,12.527221927078244
2030-06-23 03:00:00,12.527259673113976,12.527269041454929,12.527212197391236
2030-06-23 04:00:00,12.527287196407709,12.52726702303897,12.527227281125093
2030-06-23 05:00:00,12.52410583863487,12.527260700393526,12.524261197908734
2030-06-23 06:00:00,7.358566800990787e-05,12.527257958411596,9.482042556344354
2030-06-23 07:00:00,1.605008347205995e-05,12.527209403173401,9.481881300880374
2030-06-23 08:00:00,7.650703967814393e-06,12.506418895098218,6.809875181947916
2030-06-23 09:00:00,3.7339866209855884e-06,9.492667013922073,0.0009293823753723301
2030-06-23 10:00:00,3.7820602756285524e-06,10.59306373877007,0.000581108974178335
2030-06-23 11:00:00,2.4406351698113144e-06,12.504125823666982,0.00033811247327282165
2030-06-23 12:00:00,1.8909541466555676e-06,9.493549364246283,0.00021043570870915573
2030-06-23 13:00:00,1.9604406382395944e-06,9.490924640262165,0.000216590468100047
2030-06-23 14:00:00,2.7816620521893144e-06,9.493844398094552,0.00027134571185294897
2030-06-23 15:00:00,5.780722414174894e-06,12.527119257470986,0.000566541295514043
2030-06-23 16:00:00,1.6374107234854872e-05,12.527254421375293,0.048993839040036846
2030-06-23 17:00:00,0.0002766706964048384,12.527269421358142,9.481937915243856
2030-06-23 18:00:00,45.412949720600686,12.527280244168296,12.527343207629144
2030-06-23 19:00:00,59.99468876608202,12.527281720294923,12.527358960113045
2030-06-23 20:00:00,59.99779677110291,12.527281500606968,12.527356413079488
2030-06-23 21:00:00,45.41406109970738,12.527285221841339,12.527354081284102
2030-06-23 22:00:00,12.528077773367777,12.527286888117487,12.527336369852492
2030-06-23 23:00:00,12.527429325087986,12.527282421398013,12.527281396105536
2030-06-24 00:00:00,12.52736141882503,12.527281129083715,12.527266296496094
2030-06-24 01:00:00,12.527291385794122,12.52727828156003,12.527234483998654
2030-06-24 02:00:00,12.5273302346861,12.527278135269626,12.52724578503694
2030-06-24 03:00:00,12.52734610059286,12.527276813242679,12.52725463911429
2030-06-24 04:00:00,12.527233559560383,12.527273088470118,12.527203865126722
2030-06-24 05:00:00,0.00023184827470613048,12.527270420751847,9.482170974559537
2030-06-24 06:00:00,4.504397856764244e-05,12.527269117159454,9.481902853123202
2030-06-24 07:00:00,1.3588630480232932e-05,12.527265486970464,0.006217295162632285
2030-06-24 08:00:00,6.053557500802393e-06,12.527260341303098,0.0005492178176780271
2030-06-24 09:00:00,2.181834748764655e-06,12.527253109174126,0.00026835288224910794
2030-06-24 10:00:00,3.6097213542809774e-06,12.52725533478133,0.000236461110604425
2030-06-24 11:00:00,3.492487839994461e-06,12.527258543632342,0.00022402200880832594
2030-06-24 12:00:00,2.905599706865932e-06,12.527250338102998,0.00017507866490973356
2030-06-24 13:00:00,3.769862126685399e-06,12.52724318329183,0.00018182515861434894
2030-06-24 14:00:00,7.380395838898835e-06,12.527245042217146,0.00021931255467699215
2030-06-24 15:00:00,1.7723091693363476e-05,12.527258628958407,0.00039999480883832616
2030-06-24 16:00:00,7.145827877569462e-05,12.527268057581665,0.002859590402124468
2030-06-24 17:00:00,12.527424753039842,12.527277996295197,12.527197387241218
2030-06-24 18:00:00,59.99997171625775,12.527287052372555,12.52735374563224
2030-06-24 19:00:00,135.08883563071535,12.527291625769976,12.52737146453457
2030-06-24 20:00:00,135.08897730328044,12.527290781124686,12.527371135825632
2030-06-24 21:00:00,135.08898118356683,12.527297723420816,12.527365231852855
2030-06-24 22:00:00,135.0889373245442,12.527297627210828,12.527369735859793
2030-06-24 23:00:00,135.08862645262334,12.527294978248392,12.527365537061996
2030-06-25 00:00:00,135.08898567805304,12.527293758719681,12.52738912284552
2030-06-25 01:00:00,135.0889853809001,12.527287386648823,12.527385529312596
2030-06-25 02:00:00,135.08898475818765,12.527280919297482,12.527382365373342
2030-06-25 03:00:00,135.08898495824613,12.527281601022878,12.527397855636991
2030-06-25 04:00:00,135.08897977511398,12.527278517672112,12.527422612392272
2030-06-25 05:00:00,60.000035270334145,12.527280036862976,12.527411585874443
2030-06-25 06:00:00,45.41372959745115,12.527280798474894,12.527362429830873
2030-06-25 07:00:00,12.52637657622843,12.527273975818389,12.526428305390173
2030-06-25 08:00:00,6.507298444712109e-05,12.527271052456683,9.481364950600764
2030-06-25 09:00:00,1.295487198521943e-05,12.527267184213088,0.0030517371331703377
2030-06-25 10:00:00,1.018495723467229e-05,12.527265426047052,0.0013070202698323445
2030-06-25 11:00:00,8.305711363167667e-06,12.527265799686575,0.0011686803794256709
2030-06-25 12:00:00,7.480452957529335e-06,12.52726664019471,0.0007933980264738238
2030-06-25 13:00:00,7.644330754581935e-06,12.527266821408375,0.0005947387990558515
2030-06-25 14:00:00,9.457697291988906e-06,12.52726690570671,0.0009186778397523043
2030-06-25 15:00:00,1.642460004185071e-05,12.52726970097956,9.466910602959805
2030-06-25 16:00:00,3.078771032083819e-05,12.527272380302383,9.481887036489809
2030-06-25 17:00:00,3.768508806810738e-05,12.527275653234028,9.482116349358517
2030-06-25 18:00:00,2.3821922632823292e-05,12.527277602378126,9.484053264489447
2030-06-25 19:00:00,1.3506377483410712e-05,12.527277345899165,11.228343769522382
2030-06-25 20:00:00,1.0648045645211823e-05,12.527277136121135,11.22829135134188
2030-06-25 21:00:00,8.936176899234228e-06,12.527279908550554,9.505773944561952
2030-06-25 22:00:00,9.497509913831009e-06,12.527281338757348,9.50755435029896
2030-06-25 23:00:00,1.1431281926627044e-05,12.527279792177069,9.50671110258645
2030-06-26 00:00:00,1.3639097047432227e-05,12.527280541652987,9.526629681628222
2030-06-26 01:00:00,1.550913088581616e-05,12.527279127691145,11.238524233275712
2030-06-26 02:00:00,2.102868125646759e-05,12.527278794541417,9.528859334215667
2030-06-26 03:00:00,3.250564534467261e-05,12.527277281123133,12.523392682123813
2030-06-26 04:00:00,6.422165282786287e-05,12.527275515100184,12.526367118340374
2030-06-26 05:00:00,6.677624615427223e-05,12.527277552383566,12.526601161008438
2030-06-26 06:00:00,2.883828602859277e-05,12.527279552025831,12.52637669591283
2030-06-26 07:00:00,1.8237031840635324e-05,12.527279474212264,12.525547339571164
2030-06-26 08:00:00,1.1077256580509612e-05,12.52727817285302,12.52409728141771
2030-06-26 09:00:00,6.42572804998175e-06,12.527276643763798,12.518015108187937
2030-06-26 10:00:00,6.260130909213766e-06,12.52727712536489,9.483301252270218
2030-06-26 11:00:00,3.5237686594451175e-06,12.527276378462375,9.482222860121741
2030-06-26 12:00:00,2.0307038795416734e-06,12.527275445823063,9.481997237428217
2030-06-26 13:00:00,1.6870848198054898e-06,12.52727545968537,9.481590825514974
2030-06-26 14:00:00,1.6592218555418786e-06,12.527275734716568,9.478944075758891
2030-06-26 15:00:00,2.6125640872783774e-06,12.527276912192065,9.481609009161481
2030-06-26 16:00:00,4.594110188088941e-06,12.527278715731995,9.48195988959769
2030-06-26 17:00:00,9.001357513953979e-06,12.527282072082016,9.482216341553643
2030-06-26 18:00:00,1.6592615242964667e-05,12.527285340326884,12.4811177332422
2030-06-26 19:00:00,3.208500632144895e-05,12.527284812981634,12.510970892761836
2030-06-26 20:00:00,3.732226377906045e-05,12.527284202991726,12.510245695602066
2030-06-26 21:00:00,3.5063283106975694e-05,12.527290398963487,12.20665693661067
2030-06-26 22:00:00,3.521115890597647e-05,12.527291835898723,12.501009879645608
2030-06-26 23:00:00,4.202682172346546e-05,12.527286462871416,12.44912026746897
2030-06-27 00:00:00,4.9025114697548496e-05,12.527287361160493,9.483367423090428
2030-06-27 01:00:00,5.778504603032929e-05,12.52728497391763,9.483041502550805
2030-06-27 02:00:00,7.692288878712423e-05,12.527284436777336,9.482692871170912
2030-06-27 03:00:00,0.0001531238880477939,12.527281297051559,9.48414012370813
2030-06-27 04:00:00,0.00039631067822443764,12.527278616022128,12.490971586263797
2030-06-27 05:00:00,0.0001805484777840376,12.527280665100989,12.49084187953218
2030-06-27 06:00:00,4.911858832299116e-05,12.527283693235155,9.483682781724738
2030-06-27 07:00:00,1.940480141239437e-05,12.527283551237815,9.482341365154056
2030-06-27 08:00:00,1.1465739776788455e-05,12.527282285027775,9.482310173154175
2030-06-27 09:00:00,9.594219982066446e-06,12.527280871255243,9.482571761942044
2030-06-27 10:00:00,1.6144732129999228e-05,12.527280520926979,9.482637657819465
2030-06-27 11:00:00,1.3568019813531349e-05,12.527279941750749,9.482384592495928
2030-06-27 12:00:00,1.2965359425258845e-05,12.527279461546678,9.482200426900334
2030-06-27 13:00:00,1.3524440938267145e-05,12.527279759863632,9.482155058445134
2030-06-27 14:00:00,1.7238759046838424e-05,12.52728017683603,9.482103586569888
2030-06-27 15:00:00,2.653015341588759e-05,12.527282036447104,9.48213018594698
2030-06-27 16:00:00,9.857058108391817e-05,12.527285478193111,9.48222023875725
2030-06-27 17:00:00,12.52732066195196,12.527314421501615,12.527257936415047
2030-06-27 18:00:00,59.99897262829687,12.52768748845408,12.527442624447644
2030-06-27 19:00:00,59.99998817688438,12.527500183724442,12.527436926634632
2030-06-27 20:00:00,59.99999415606999,12.527424211588734,12.527426046073558
2030-06-27 21:00:00,59.99992958009594,12.52952905760958,12.527460199092275
2030-06-27 22:00:00,59.99999416384124,12.527862996787007,12.527454042797217
2030-06-27 23:00:00,59.99992728959266,12.527377374697608,12.527408852991357
2030-06-28 00:00:00,59.99983305432367,12.527397924582834,12.527409664515062
2030-06-28 01:00:00,59.999830843028356,12.527342872232111,12.52739192779336
2030-06-28 02:00:00,59.99984926898473,12.527334415275618,12.527382617031435
2030-06-28 03:00:00,59.999973898809905,12.527308205796544,12.527386783914153
2030-06-28 04:00:00,59.9999980629252,12.527293466341574,12.527403811622875
2030-06-28 05:00:00,59.999753380424885,12.527301534488288,12.527397836819183
2030-06-28 06:00:00,45.41385012946221,12.527316510511437,12.52737376384215
2030-06-28 07:00:00,12.527373481035234,12.527294664654619,12.527214151500687
2030-06-28 08:00:00,12.526816265232172,12.527281298390891,12.526793077648051
2030-06-28 09:00:00,12.478409464839727,12.527278218325591,12.478423084869702
2030-06-28 10:00:00,12.527463723539984,12.527283483788779,12.527025938682
2030-06-28 11:00:00,12.527313486160544,12.527281339515866,12.526927708832961
2030-06-28 12:00:00,12.526859439637933,12.527278167844136,12.52664302923911
2030-06-28 13:00:00,12.527020285516716,12.527279468753477,12.526732409595699
2030-06-28 14:00:00,12.527521941750969,12.52728771148304,12.526969317629968
2030-06-28 15:00:00,45.413821506770915,12.527299560701067,12.527194099525895
2030-06-28 16:00:00,59.999462187923605,12.5273299631697,12.527288942771364
2030-06-28 17:00:00,60.000039765806484,12.527560988036385,12.527411561599973
2030-06-28 18:00:00,135.08899069397552,12.550930603164698,12.527472965188295
2030-06-28 19:00:00,135.08900988590884,12.527518128467818,12.527452697689114
2030-06-28 20:00:00,135.0890109137008,12.527368494084412,12.527429629123858
2030-06-28 21:00:00,135.08900919045487,12.527452162826194,12.527436752565336
2030-06-28 22:00:00,135.0890106607692,12.527364163571292,12.527421872247032
2030-06-28 23:00:00,135.08900745467886,12.527307520140312,12.527406900341703
2030-06-29 00:00:00,135.08900620672378,12.527309003229567,12.527402331409249
2030-06-29 01:00:00,135.08900666333304,12.527301171559884,12.527395450775657
2030-06-29 02:00:00,135.089008948108,12.527297983997414,12.527384283202082
2030-06-29 03:00:00,135.08901395086136,12.527289334710986,12.527389697165745
2030-06-29 04:00:00,135.08902779562172,12.527282126735647,12.52741053759118
2030-06-29 05:00:00,135.08902450442852,12.527283846516184,12.527411248610017
2030-06-29 06:00:00,135.08900515973934,12.52728724375869,12.527378218560074
2030-06-29 07:00:00,60.00045563376098,12.527284677209536,12.52731873509009
2030-06-29 08:00:00,59.998857083129934,12.527281084071216,12.527255135493647
2030-06-29 09:00:00,12.527123843034943,12.52727437503745,12.52694752784071
2030-06-29 10:00:00,0.0002401965524608555,12.5272735789531,0.0008217574288861958
2030-06-29 11:00:00,4.140597120338975e-05,12.527272074741632,0.0005678827130117431
2030-06-29 12:00:00,3.801945831561282e-05,12.527270333638077,0.0007054038876219693
2030-06-29 13:00:00,0.00011372854722575191,12.527269729032923,0.0010582638811687409
2030-06-29 14:00:00,9.482215485162948,12.527269853062535,9.482245834579215
2030-06-29 15:00:00,45.41381242213174,12.527276926516606,12.527225320106673
2030-06-29 16:00:00,60.00000766983279,12.527282222827182,12.527304570678623
2030-06-29 17:00:00,135.088974901505,12.527291936178699,12.527362734255844
2030-06-29 18:00:00,135.08900077147834,12.527305003450401,12.527405755561787
2030-06-29 19:00:00,135.08898859710888,12.527304580154123,12.52741713083742
2030-06-29 20:00:00,60.0000149535972,12.527300014372079,12.527408797654132
2030-06-29 21:00:00,45.41395006218958,12.527316881447405,12.52740180859928
2030-06-29 22:00:00,12.527481530365947,12.527299047619636,12.527337225885276
2030-06-29 23:00:00,12.527186673316656,12.527280965291538,12.527199107610613
2030-06-30 00:00:00,10.602624751737693,12.527278116416197,10.603652285119338
2030-06-30 01:00:00,10.602379210261285,12.527276854119918,10.603914952096602
2030-06-30 02:00:00,12.526712803341676,12.527277030241748,12.526798388832503
2030-06-30 03:00:00,12.52692720626788,12.52727572186086,12.526974490194334
2030-06-30 04:00:00,12.526769795866782,12.527273585474193,12.526838332245731
2030-06-30 05:00:00,0.00039608296332905663,12.52727284563116,9.482305088942017
2030-06-30 06:00:00,6.487612435666259e-05,12.5272727619484,9.48203990818574
2030-06-30 07:00:00,3.026806884615419e-05,12.527271926031972,9.476945762564087
2030-06-30 08:00:00,1.3567026039043992e-05,12.527270594324435,0.0007670858005042192
2030-06-30 09:00:00,7.272219712043617e-06,12.527268023968645,0.00032542123608553843
2030-06-30 10:00:00,4.768470179512151e-06,12.527268952167105,0.00021736185416466959
2030-06-30 11:00:00,3.960240083192228e-06,12.527268352334431,0.00020798957797594605
2030-06-30 12:00:00,4.2488971667666565e-06,12.527266087905234,0.00021940376120710425
2030-06-30 13:00:00,7.348092777078061e-06,12.527266045824945,0.00025973057632261887
2030-06-30 14:00:00,1.7924830269282464e-05,12.527265569420706,0.00045067761393658426
2030-06-30 15:00:00,0.00016753215202139,12.527267427026345,0.0027257977450122753
2030-06-30 16:00:00,45.412687289776436,12.527276407549587,12.527265075136555
2030-06-30 17:00:00,59.99996268909635,12.527280524918751,12.527328511465639
2030-06-30 18:00:00,60.000146586344904,12.52728614308207,12.52738781291319
2030-06-30 19:00:00,60.000420591648904,12.527288858250358,12.527403025452914
2030-06-30 20:00:00,60.00004669032205,12.527287699681777,12.527400028556329
2030-06-30 21:00:00,59.9999539909394,12.52729388625994,12.527395350259212
2030-06-30 22:00:00,59.99981911890045,12.52729402327168,12.527395580209486
2030-06-30 23:00:00,59.99966143770309,12.527288214558212,12.527392228008466
2030-07-01 00:00:00,59.998924736601076,12.527287809935407,12.527390232803072
2030-07-01 01:00:00,59.999671395651944,12.527285052723528,12.527385708785914
2030-07-01 02:00:00,59.999916228771255,12.527284175772365,12.52738083766144
2030-07-01 03:00:00,60.000006753957415,12.527281825095088,12.527384780717512
2030-07-01 04:00:00,60.000007948825086,12.527278933004611,12.527390167672792
2030-07-01 05:00:00,59.99980339672759,12.527278709710117,12.527364721598762
2030-07-01 06:00:00,45.41386592469153,12.52727754195143,12.527307288578044
2030-07-01 07:00:00,12.526574131547237,12.52727041086382,12.52649958051639
2030-07-01 08:00:00,4.4934162294191846e-05,12.527267777449039,0.000531975535153606
2030-07-01 09:00:00,1.1022295815120165e-05,12.527265248573713,0.00023937218358272957
2030-07-01 10:00:00,6.207329774120815e-06,12.527265226995041,0.00016727415185759786
2030-07-01 11:00:00,4.3921014088577325e-06,12.527264394559097,0.00014464596904501667
2030-07-01 12:00:00,4.605685433786004e-06,12.527259112131409,0.0001474878797864676
2030-07-01 13:00:00,6.7076427334482395e-06,12.527254871497462,0.00019190098115232548
2030-07-01 14:00:00,1.3557033106228024e-05,12.527252715822215,0.0002984109990970997
2030-07-01 15:00:00,8.60191592715978e-05,12.5272583607466,0.001094295027554171
2030-07-01 16:00:00,12.527768059087746,12.5272723436604,12.527227045673783
2030-07-01 17:00:00,60.000013633704285,12.527276104626253,12.527344587859371
2030-07-01 18:00:00,135.08898390904181,12.527279552906814,12.52740545253232
2030-07-01 19:00:00,135.08900087023164,12.527282267046758,12.52741604025644
2030-07-01 20:00:00,135.08898535816115,12.52728328917346,12.527412377128698
2030-07-01 21:00:00,135.08735093551425,12.527288237232824,12.52740555872515
2030-07-01 22:00:00,59.99998807988013,12.527286668383567,12.527402163965235
2030-07-01 23:00:00,59.999927940207506,12.527286840643683,12.527398031982557
2030-07-02 00:00:00,60.00002310039083,12.527288783132702,12.527421283419443
2030-07-02 01:00:00,60.000066349624,12.527286245485811,12.527425925779426
2030-07-02 02:00:00,60.00003609633393,12.527284934648378,12.527417918727224
2030-07-02 03:00:00,60.000009700532665,12.527281594724627,12.527430320363237
2030-07-02 04:00:00,60.00031569002735,12.527278955937152,12.527455692981178
2030-07-02 05:00:00,60.00004974842368,12.52728055548232,12.527450270228861
2030-07-02 06:00:00,59.99792545350803,12.527282264082633,12.527435918146082
2030-07-02 07:00:00,45.41347168526581,12.527282035962344,12.527423207532205
2030-07-02 08:00:00,12.527138780746577,12.527275426273915,12.52717706187579
2030-07-02 09:00:00,0.00014616986245639228,12.52727251696433,9.482392961193833
2030-07-02 10:00:00,0.000113773037414793,12.527270959386442,9.482129560058368
2030-07-02 11:00:00,6.993761153252701e-05,12.527270827839857,9.482063625433437
2030-07-02 12:00:00,6.127449244658797e-05,12.527270315291048,9.482000591707774
2030-07-02 13:00:00,0.00013821264354513124,12.527270720025626,9.482074041009254
2030-07-02 14:00:00,9.47993816354424,12.527271455613118,9.482221646608632
2030-07-02 15:00:00,12.527249916474972,12.527275608422315,12.527214721601126
2030-07-02 16:00:00,45.413817912887914,12.527282078040274,12.527406253412153
2030-07-02 17:00:00,59.9999146742795,12.527288579050946,12.527422181568292
2030-07-02 18:00:00,60.00006988088412,12.527297669472917,12.527440012273686
2030-07-02 19:00:00,135.08796410050766,12.527298230084853,12.527442968728792
2030-07-02 20:00:00,135.08829159138168,12.527295451355448,12.527442891027974
2030-07-02 21:00:00,135.08798337605077,12.52730810932826,12.527434757526862
2030-07-02 22:00:00,60.00081340482268,12.527315565112076,12.527437283195468
2030-07-02 23:00:00,60.00012580364516,12.527300262264362,12.527431468365648
2030-07-03 00:00:00,60.00029880250463,12.527299382644681,12.527434918241212
2030-07-03 01:00:00,135.08844753522794,12.527292386828776,12.527433122585535
2030-07-03 02:00:00,135.08875428083056,12.527289869382003,12.527429049840975
2030-07-03 03:00:00,135.08897012358295,12.527284747745398,12.527440663437119
2030-07-03 04:00:00,135.08899018469035,12.527280781416025,12.527458578680552
2030-07-03 05:00:00,135.08877822310362,12.527282984962767,12.527456678907896
2030-07-03 06:00:00,60.000043962963275,12.527285130087536,12.52744506534178
2030-07-03 07:00:00,59.99936600893445,12.527283702445857,12.527423849177623
2030-07-03 08:00:00,45.41380406434536,12.527280560066004,12.52739328364845
2030-07-03 09:00:00,12.527532756444794,12.527277065782982,12.527296028560464
2030-07-03 10:00:00,12.527359273925423,12.527276201866698,12.527227527376976
2030-07-03 11:00:00,12.52737325140632,12.527276260294457,12.527244500090012
2030-07-03 12:00:00,45.4053784848127,12.527277801844932,12.52735440933479
2030-07-03 13:00:00,59.99906045004012,12.52727828910156,12.527356525958092
2030-07-03 14:00:00,60.00001423166698,12.52727887427227,12.527354275907024
2030-07-03 15:00:00,135.08896508643213,12.527280440994218,12.527364332170903
2030-07-03 16:00:00,135.08900783443423,12.527284637801468,12.527390643245056
2030-07-03 17:00:00,135.0890211077172,12.527294652335513,12.527425395827462
2030-07-03 18:00:00,135.0890265958588,12.527313543910239,12.527448932072417
2030-07-03 19:00:00,135.0890282299497,12.527315322508912,12.527452670866296
2030-07-03 20:00:00,135.08901698243335,12.52730968828973,12.527451403950977
2030-07-03 21:00:00,135.08901101846183,12.527347720197213,12.527445697395706
2030-07-03 22:00:00,135.08900981425896,12.527374141254768,12.527450464552203
2030-07-03 23:00:00,135.08900720529968,12.52732270108936,12.527440678838502
2030-07-04 00:00:00,135.08900769452177,12.52733078433045,12.527438866610382
2030-07-04 01:00:00,135.089008586895,12.527314742888848,12.527434189629275
2030-07-04 02:00:00,135.08901002075663,12.527312596964293,12.527429235536147
2030-07-04 03:00:00,135.08901411993375,12.527298983594847,12.527438909875855
2030-07-04 04:00:00,135.0890223544094,12.52728909573273,12.527455933208884
2030-07-04 05:00:00,135.0890194939327,12.527294225435071,12.527458731594288
2030-07-04 06:00:00,135.0890065289777,12.527298596185146,12.527450038500021
2030-07-04 07:00:00,135.08894769618468,12.527291394337226,12.527435933649127
2030-07-04 08:00:00,60.000011080090914,12.527284656074558,12.52742732137483
2030-07-04 09:00:00,59.99880514548666,12.527280907226668,12.527409062644143
2030-07-04 10:00:00,45.41395162656383,12.527280162007628,12.527364591445348
2030-07-04 11:00:00,45.413833365585084,12.527280128504572,12.527326925549183
2030-07-04 12:00:00,45.41388336449829,12.527280673685805,12.527289555323605
2030-07-04 13:00:00,45.41398088779421,12.527281903438961,12.527253475332007
2030-07-04 14:00:00,59.99880008129204,12.527282981049211,12.527258387484839
2030-07-04 15:00:00,60.00001235818732,12.527286089800327,12.527305067417082
2030-07-04 16:00:00,135.08895609211572,12.527294878334667,12.527363226447648
2030-07-04 17:00:00,135.0890048020976,12.52731952132217,12.527403831609812
2030-07-04 18:00:00,135.08902333366325,12.527409932278259,12.52745302971934
2030-07-04 19:00:00,135.089061057436,12.527407183831201,12.527458207444253
2030-07-04 20:00:00,135.08902831276646,12.527376122581918,12.527456179453466
2030-07-04 21:00:00,135.08901463729,12.527629616609374,12.527476345102514
2030-07-04 22:00:00,135.08901064010757,12.52750661078153,12.527465819292047
2030-07-04 23:00:00,135.08900720829976,12.527349762483937,12.527439607301858
2030-07-05 00:00:00,135.08900687749946,12.52735589945903,12.52744216782257
2030-07-05 01:00:00,135.08900728994755,12.527321704275892,12.527433715779807
2030-07-05 02:00:00,135.08900816157228,12.527314483711052,12.527427668998826
2030-07-05 03:00:00,135.08901027310782,12.527300044629555,12.527434733297014
2030-07-05 04:00:00,135.0890163420363,12.527290396189006,12.527451712659158
2030-07-05 05:00:00,135.0890076973937,12.527296896882945,12.527445602569626
2030-07-05 06:00:00,135.08894601799255,12.527304566603343,12.52742430374576
2030-07-05 07:00:00,59.999968863623025,12.527298912190417,12.527381392926483
2030-07-05 08:00:00,45.412441918015475,12.527290160609052,12.52733064731207
2030-07-05 09:00:00,12.527134556142368,12.5272777276532,12.52703897972083
2030-07-05 10:00:00,12.511448629626019,12.527275202087367,12.511431639604304
2030-07-05 11:00:00,12.5109958770063,12.52727485023479,12.510943380210097
2030-07-05 12:00:00,10.598990704819245,12.52727454857094,10.5989744429761
2030-07-05 13:00:00,12.514621895307544,12.527274490567834,12.51460669073733
2030-07-05 14:00:00,12.527336039602472,12.527278025298983,12.527104335948017
2030-07-05 15:00:00,45.41398101979064,12.527283553183224,12.527286749646652
2030-07-05 16:00:00,59.99999666784751,12.5272907499082,12.52735498515743
2030-07-05 17:00:00,135.0887672264042,12.527312178167449,12.527403544278437
2030-07-05 18:00:00,135.08899476270818,12.527375157576852,12.527440704962032
2030-07-05 19:00:00,135.08899603352813,12.527379764409488,12.527449760128313
2030-07-05 20:00:00,135.0888868831389,12.527356439608113,12.527445619428079
2030-07-05 21:00:00,60.000318948801656,12.527552155075682,12.527464950218928
2030-07-05 22:00:00,60.00001414951486,12.52766376674117,12.527468537967252
2030-07-05 23:00:00,60.000024055836136,12.527418927128565,12.52743928678683
2030-07-06 00:00:00,60.00002906310669,12.527463361279088,12.527451933310033
2030-07-06 01:00:00,60.00008205820517,12.527365771307814,12.527438284041637
2030-07-06 02:00:00,60.000374625372324,12.527347612610356,12.527433856071184
2030-07-06 03:00:00,135.08854493804375,12.527311110348819,12.527438664291367
2030-07-06 04:00:00,135.088975582823,12.527295962885468,12.527454760112363
2030-07-06 05:00:00,135.0888606692573,12.52730531675752,12.527452276012625
2030-07-06 06:00:00,60.00008210530929,12.527317959477728,12.527424404402282
2030-07-06 07:00:00,59.999694906890966,12.527308456342325,12.527355431224745
2030-07-06 08:00:00,12.527536250289922,12.5272920961159,12.527207355431358
2030-07-06 09:00:00,12.5259430048028,12.527278837630547,12.525871773014696
2030-07-06 10:00:00,9.927155214506404e-05,12.527277183341539,0.0006710674377149963
2030-07-06 11:00:00,5.366086613785695e-05,12.527276741360765,0.0009462056708838704
2030-07-06 12:00:00,6.519855208636069e-05,12.52727612603441,0.03932913591899023
2030-07-06 13:00:00,0.00012719147632548494,12.527275838772766,9.481668578028298
2030-07-06 14:00:00,9.481886613066363,12.527275371064206,9.482203680778433
2030-07-06 15:00:00,45.412794252678346,12.527283272747809,12.527343578729091
2030-07-06 16:00:00,59.99998610975937,12.527290081249433,12.527373875066587
2030-07-06 17:00:00,135.08879308015392,12.52730424501442,12.52740215092012
2030-07-06 18:00:00,135.08899300136304,12.527321790441116,12.527429796000732
2030-07-06 19:00:00,135.08899714759355,12.527323549213179,12.527439432015749
2030-07-06 20:00:00,135.08892250920144,12.527317091866317,12.527437166957597
2030-07-06 21:00:00,60.000100633889524,12.527363910576241,12.527433227774054
2030-07-06 22:00:00,59.9999357204846,12.527343798915354,12.527427609105871
2030-07-06 23:00:00,59.99988809014203,12.527301092583002,12.527412713859121
2030-07-07 00:00:00,59.998520410794704,12.527297033746972,12.52739639080022
2030-07-07 01:00:00,50.787308128461184,12.527291288069136,12.527391721916501
2030-07-07 02:00:00,59.99885883417785,12.527288133828733,12.52738227777536
2030-07-07 03:00:00,59.99973608838098,12.527283874983368,12.527378021971344
2030-07-07 04:00:00,59.99983176950619,12.527280545944405,12.52738111649856
2030-07-07 05:00:00,45.4141292331748,12.52728046725042,12.527374247920719
2030-07-07 06:00:00,45.41268964014344,12.527279835589079,12.527356603544945
2030-07-07 07:00:00,12.527232696430149,12.527274785155896,12.527165842865742
2030-07-07 08:00:00,9.481625117848234,12.527271339818048,9.482089623999926
2030-07-07 09:00:00,0.00012019884467540176,12.527268813822957,9.474362553935384
2030-07-07 10:00:00,8.664718427761483e-05,12.52726556887228,0.0008587557486402916
2030-07-07 11:00:00,3.024263343123276e-05,12.527265276542494,0.00044917414680242215
2030-07-07 12:00:00,2.016682126987547e-05,12.527262146756733,0.0006265195438004412
2030-07-07 13:00:00,2.995212808342007e-05,12.527260272632702,0.0012749580982034938
2030-07-07 14:00:00,0.0001639658945769388,12.527260269102044,0.00506989258516525
2030-07-07 15:00:00,12.52728099376945,12.527269780473034,12.527110865065483
2030-07-07 16:00:00,59.999837938220885,12.527275494131008,12.527281039479462
2030-07-07 17:00:00,135.08890894412158,12.5272797321295,12.527336127606466
2030-07-07 18:00:00,135.08900910855334,12.52728559241904,12.527381962163318
2030-07-07 19:00:00,135.08902490402448,12.527288394009702,12.527399450986277
2030-07-07 20:00:00,135.08902250507344,12.527289307834934,12.527400464447965
2030-07-07 21:00:00,135.089014839034,12.52730149197123,12.527396918240811
2030-07-07 22:00:00,135.0890062723559,12.527300265708618,12.527401015398937
2030-07-07 23:00:00,135.08900361192087,12.527290783083117,12.527395563743084
2030-07-08 00:00:00,135.08900336128195,12.527289997134519,12.527399824169905
2030-07-08 01:00:00,135.08900302823506,12.527286930081573,12.527394786829973
2030-07-08 02:00:00,135.0890024255282,12.527285087780001,12.527386448284233
2030-07-08 03:00:00,135.08900148868042,12.527281736187433,12.527388461444389
2030-07-08 04:00:00,135.08899990714582,12.527278187291284,12.527396281771047
2030-07-08 05:00:00,135.08897496235946,12.527277321963084,12.527372875312338
2030-07-08 06:00:00,60.00003292410399,12.527275598518186,12.527311539414654
2030-07-08 07:00:00,59.99813291250006,12.527273236673864,12.527237324009635
2030-07-08 08:00:00,12.527364257594297,12.527269093776972,12.526959996301287
2030-07-08 09:00:00,9.482062913378373,12.527252513028543,9.482062721226903
2030-07-08 10:00:00,0.00019326650499549566,12.527250668502347,0.00038228099981142455
2030-07-08 11:00:00,3.7286403389595803e-05,12.527246143617958,0.0002031640904579401
2030-07-08 12:00:00,2.61063555020557e-05,12.527207768818663,0.00019531229952463036
2030-07-08 13:00:00,2.9242999493161455e-05,12.527165469590727,0.00021197205895193637
2030-07-08 14:00:00,8.140530134420404e-05,12.52719169741431,0.0002884051070233737
2030-07-08 15:00:00,12.526943497570803,12.527250244441348,12.526605193484402
2030-07-08 16:00:00,59.99876869809719,12.527271360174604,12.52719380889853
2030-07-08 17:00:00,60.00109318577447,12.52727623231658,12.527315339411391
2030-07-08 18:00:00,135.0890074655905,12.52728117970621,12.527386880612923
2030-07-08 19:00:00,135.08902588241912,12.527283240973702,12.52739464568921
2030-07-08 20:00:00,135.08902001719343,12.527283333084272,12.527392315866663
2030-07-08 21:00:00,135.08901122491272,12.5272893494448,12.52738308663993
2030-07-08 22:00:00,135.08897898033584,12.527284741866424,12.527383768005166
2030-07-08 23:00:00,135.08826218671962,12.527283575422189,12.527375896994272
2030-07-09 00:00:00,135.08897014753035,12.527282827791975,12.527386126901831
2030-07-09 01:00:00,135.08871542348982,12.527280583969514,12.527380992805774
2030-07-09 02:00:00,114.33946814048437,12.527280065360173,12.527372141932574
2030-07-09 03:00:00,135.08765655578503,12.52727767873057,12.527383876760723
2030-07-09 04:00:00,135.08878424939869,12.527275224513954,12.527405932986909
2030-07-09 05:00:00,60.0000376306189,12.527279310816994,12.527393436095032
2030-07-09 06:00:00,59.99965771644218,12.52727718073566,12.527368292022047
2030-07-09 07:00:00,12.527384285906468,12.527275709038804,12.527264160534886
2030-07-09 08:00:00,12.51293803538922,12.52726966844335,12.51319429879291
2030-07-09 09:00:00,0.00030392851675762976,12.527268088524579,9.481748528456235
2030-07-09 10:00:00,0.00018128353716135258,12.52726961908229,0.0028704132663374534
2030-07-09 11:00:00,3.6484348354129395e-05,12.527267564517388,0.0016239847525679303
2030-07-09 12:00:00,1.725403321991166e-05,12.527265330133337,0.0010439183043899902
2030-07-09 13:00:00,1.571211005682429e-05,12.527264815406852,0.0014685415560403855
2030-07-09 14:00:00,1.8766330574716082e-05,12.527264668921816,0.01314714473780983
2030-07-09 15:00:00,2.347699984692832e-05,12.527267352566014,9.47960262343584
2030-07-09 16:00:00,0.00010283450838942572,12.527270917779939,9.48187644493494
2030-07-09 17:00:00,12.527168331707125,12.527276131291728,12.527136552673376
2030-07-09 18:00:00,14.806503590210802,12.527292333369452,12.527366139906661
2030-07-09 19:00:00,14.80817991477283,12.52729644719966,12.52737650644848
2030-07-09 20:00:00,14.806726089644144,12.527296464424136,12.52737823077706
2030-07-09 21:00:00,12.52774800521249,12.527308246844768,12.527340164429006
2030-07-09 22:00:00,12.526947610072133,12.527288282646623,12.527019364385524
2030-07-09 23:00:00,12.523527670349457,12.527282823930364,12.524191501924179
2030-07-10 00:00:00,11.20714188431994,12.527282970153925,11.208698152884992
2030-07-10 01:00:00,11.206169637545157,12.527281219712677,11.207581910918634
2030-07-10 02:00:00,11.206061565114178,12.527281122309432,11.206911529419813
2030-07-10 03:00:00,11.207189996376252,12.527279144809654,11.209621976909148
2030-07-10 04:00:00,12.52666500573399,12.527277372577442,12.526858424158746
2030-07-10 05:00:00,11.20724498976329,12.527279073530735,12.52168654347412
2030-07-10 06:00:00,0.0001418479619182319,12.527280101769938,9.482575374741259
2030-07-10 07:00:00,2.4805107623538367e-05,12.527279010721031,9.481963748253731
2030-07-10 08:00:00,1.1618002082194202e-05,12.527277275534125,9.481586582535684
2030-07-10 09:00:00,6.820655794551661e-06,12.527275713846393,0.020887684036984894
2030-07-10 10:00:00,8.67841949935311e-06,12.527275693399133,0.001366696535785217
2030-07-10 11:00:00,6.700654791582493e-06,12.527274899825898,0.0009553698503128301
2030-07-10 12:00:00,6.624901372065765e-06,12.527274201493485,0.0009368506651696862
2030-07-10 13:00:00,7.657566491407e-06,12.527274270468297,0.0008276205940859847
2030-07-10 14:00:00,9.769397053084766e-06,12.527274243204374,0.0015044084678520705
2030-07-10 15:00:00,1.791215325964899e-05,12.52727542485809,9.480959675801982
2030-07-10 16:00:00,6.935575230442496e-05,12.527277311960022,9.481789156695356
2030-07-10 17:00:00,12.527017092513038,12.527283823839753,12.527021009783143
2030-07-10 18:00:00,14.818316197229784,12.527331403596577,12.52736551080855
2030-07-10 19:00:00,59.99996612554046,12.527341788896592,12.527381635055448
2030-07-10 20:00:00,59.9997342407878,12.527330808383228,12.527383739947709
2030-07-10 21:00:00,45.41499092202918,12.5274254864662,12.527394986879699
2030-07-10 22:00:00,14.806469173141398,12.527449313717625,12.52741339538261
2030-07-10 23:00:00,12.532900905497456,12.527338298582436,12.527375983222555
2030-07-11 00:00:00,12.532244398131965,12.527353291858066,12.52739036868752
2030-07-11 01:00:00,12.532459704454348,12.527323670207807,12.527379003466194
2030-07-11 02:00:00,12.53371246671963,12.52731604813016,12.527369864836146
2030-07-11 03:00:00,14.806561743455159,12.527299136229885,12.527383353703954
2030-07-11 04:00:00,14.807273785375797,12.527289317699717,12.527398342899929
2030-07-11 05:00:00,14.806660350415202,12.527294397830701,12.527397551806306
2030-07-11 06:00:00,12.527348001432005,12.527289200760165,12.527253773769885
2030-07-11 07:00:00,11.206997741882072,12.52728063077575,11.207181344732536
2030-07-11 08:00:00,4.900743951867299e-05,12.52727776248793,9.481681220552943
2030-07-11 09:00:00,1.6061311093642215e-05,12.527275253250082,0.003530677409734393
2030-07-11 10:00:00,1.5260251249662158e-05,12.52727485500509,0.0005137885801497008
2030-07-11 11:00:00,1.3668911023601076e-05,12.52727412133845,0.00043516293729153676
2030-07-11 12:00:00,1.536032230475115e-05,12.52727329543648,0.0005722851876726054
2030-07-11 13:00:00,2.3955142747851757e-05,12.527272579762212,0.0013286356542124634
2030-07-11 14:00:00,0.00012230823563563395,12.527271475727503,9.476972335218274
2030-07-11 15:00:00,11.207549968295186,12.527271558818939,11.207643702856348
2030-07-11 16:00:00,14.806604239357272,12.527278507144404,12.527275764292284
2030-07-11 17:00:00,135.0889786010277,12.52728319983271,12.527325619035445
2030-07-11 18:00:00,135.08901892676013,12.527290368222324,12.527367143056708
2030-07-11 19:00:00,135.08905837601876,12.527292673749798,12.527380798500307
2030-07-11 20:00:00,135.08903839780032,12.527292118559146,12.527381426600599
2030-07-11 21:00:00,135.0890173760684,12.527305421109304,12.52736940738032
2030-07-11 22:00:00,135.08900571664978,12.527304103132337,12.52736884238493
2030-07-11 23:00:00,135.08898641945657,12.527292715139993,12.527359213599993
2030-07-12 00:00:00,135.0885410048259,12.527293234466136,12.527366432120317
2030-07-12 01:00:00,114.33837681061033,12.527288714473798,12.527362716734388
2030-07-12 02:00:00,114.33813629744337,12.527287294705275,12.527355381783309
2030-07-12 03:00:00,114.33820850037257,12.527283432081276,12.527371827479328
2030-07-12 04:00:00,135.08777033513377,12.527280125766945,12.527397662698348
2030-07-12 05:00:00,60.00011381200039,12.527282218987239,12.527397634577778
2030-07-12 06:00:00,59.998700563170836,12.527283807135378,12.52737209904602
2030-07-12 07:00:00,12.527449895896957,12.527279997621008,12.527281503549476
2030-07-12 08:00:00,9.483027832217749,12.527273578899395,9.486250681023193
2030-07-12 09:00:00,9.267493601522021e-05,12.527271821239992,9.481968819108452
2030-07-12 10:00:00,6.0068364813128547e-05,12.52727213142316,9.481750803807751
2030-07-12 11:00:00,2.4911081990267703e-05,12.527270179976767,9.481552046905206
2030-07-12 12:00:00,1.2574218465984481e-05,12.52726733411066,9.479481208095194
2030-07-12 13:00:00,1.0031729287325851e-05,12.527265790758065,9.463757431608057
2030-07-12 14:00:00,1.1806786370397057e-05,12.527264384594673,9.462627757161982
2030-07-12 15:00:00,2.16985834726331e-05,12.527265768704638,9.472756475557768
2030-07-12 16:00:00,9.015680509607213e-05,12.527268117442508,9.481654479137177
2030-07-12 17:00:00,12.527200767351863,12.527274245541776,12.52710362166321
2030-07-12 18:00:00,59.99915770811403,12.52728181028149,12.527324115161178
2030-07-12 19:00:00,60.00001004782467,12.527282677815492,12.527342336701194
2030-07-12 20:00:00,59.99995720852348,12.527282292029463,12.527345523931857
2030-07-12 21:00:00,12.527719858746115,12.527285346278404,12.527296627830765
2030-07-12 22:00:00,12.527015358459504,12.527278621713776,12.527034246018047
2030-07-12 23:00:00,9.48216833369341,12.527273542983494,10.669305899156825
2030-07-13 00:00:00,9.481945096803402,12.527273021850844,10.612734346445592
2030-07-13 01:00:00,8.026138270429918,12.527271897176433,12.463646411257287
2030-07-13 02:00:00,8.027548942944618,12.527271695532363,10.60609740376367
2030-07-13 03:00:00,9.48180562404463,12.527270300489363,12.522808819028796
2030-07-13 04:00:00,9.48214660764197,12.527268769105905,12.526082935568624
2030-07-13 05:00:00,9.481873002108662,12.527269550568235,12.52579444983592
2030-07-13 06:00:00,4.820684625524676e-05,12.52726910744579,12.49899631537987
2030-07-13 07:00:00,1.947658677233176e-05,12.527267212410152,9.481929511708142
2030-07-13 08:00:00,1.0884225458909608e-05,12.52726551997928,9.481700046299125
2030-07-13 09:00:00,6.799405383073407e-06,12.527262709248134,9.481281468920157
2030-07-13 10:00:00,5.328101660926061e-06,12.527266442302789,0.010954621032614461
2030-07-13 11:00:00,4.954170670720839e-06,12.527267559677966,0.0038085658068948624
2030-07-13 12:00:00,3.5735976320327114e-06,12.527265090024521,0.0013862442111474138
2030-07-13 13:00:00,3.973956779864284e-06,12.527265074655588,0.0013116648489820233
2030-07-13 14:00:00,5.894734349841967e-06,12.527266088920442,0.003556941900452186
2030-07-13 15:00:00,9.340623216343636e-06,12.527268217311757,9.481083682558197
2030-07-13 16:00:00,2.319013997598993e-05,12.527270899476813,9.481693761935546
2030-07-13 17:00:00,0.0008294054717210519,12.52727353548471,9.481920832548067
2030-07-13 18:00:00,12.527355653534416,12.52727909544263,12.52722489771439
2030-07-13 19:00:00,45.41302634290667,12.52728102551373,12.527339923833638
2030-07-13 20:00:00,12.544834806255494,12.527280943467476,12.52733331243138
2030-07-13 21:00:00,12.529796660128964,12.527284356573546,12.527309614324622
2030-07-13 22:00:00,12.527326343691643,12.527280369760774,12.527212537052947
2030-07-13 23:00:00,12.527359050409348,12.527278660039883,12.52721909614047
2030-07-14 00:00:00,12.527337670784586,12.52727767472817,12.527185716326471
2030-07-14 01:00:00,12.527346499097984,12.527277374254481,12.527184361706531
2030-07-14 02:00:00,12.527369581203978,12.527275846239718,12.527178041055777
2030-07-14 03:00:00,12.527340144125976,12.52727374627193,12.527163151665263
2030-07-14 04:00:00,12.527327286781171,12.527270546064246,12.527162538938143
2030-07-14 05:00:00,12.527268257447153,12.527269767063444,12.527122102435747
2030-07-14 06:00:00,12.527161995634804,12.527266660211088,12.527034235046642
2030-07-14 07:00:00,12.527006004484164,12.527263600495644,12.526877028535324
2030-07-14 08:00:00,9.492852261204373,12.52725491575488,9.492866579042996
2030-07-14 09:00:00,9.481675420319704,12.527241915524428,9.481728048717668
2030-07-14 10:00:00,9.48188722901466,12.527245770874288,9.481860413635038
2030-07-14 11:00:00,0.0008856354870532683,12.527252839442554,0.0010039196883815462
2030-07-14 12:00:00,8.886231383568237e-05,12.527249549073915,0.00032337408831040193
2030-07-14 13:00:00,5.7885440450217916e-05,12.527252643656539,0.000403866781846075
2030-07-14 14:00:00,7.867122211230685e-05,12.527253185066002,0.0007409449829042152
2030-07-14 15:00:00,0.0007331722116248566,12.52725798551728,0.007729741117523903
2030-07-14 16:00:00,12.527040909373849,12.527267449334488,12.52691464778978
2030-07-14 17:00:00,12.527715922607916,12.527275510294203,12.527202068715974
2030-07-14 18:00:00,59.999920153272974,12.527278954844919,12.527293029365495
2030-07-14 19:00:00,59.99999604196894,12.527280096530376,12.527286622221254
2030-07-14 20:00:00,59.99980964849237,12.527279551772523,12.527277281367063
2030-07-14 21:00:00,12.527570699779837,12.527280117911687,12.527208017787416
2030-07-14 22:00:00,12.527235423124965,12.527275313727841,12.527116039022076
2030-07-14 23:00:00,12.52717612986596,12.527275199267024,12.52707730829934
2030-07-15 00:00:00,12.527154649267985,12.52727369166384,12.527099748532763
2030-07-15 01:00:00,12.52687910223577,12.527271523973468,12.526899896644863
2030-07-15 02:00:00,12.525840422380199,12.527269737213828,12.52614548762358
2030-07-15 03:00:00,9.482116269723686,12.527265344058833,12.52147113848332
2030-07-15 04:00:00,9.482244138955652,12.527257245507775,12.524267686122215
2030-07-15 05:00:00,9.481866069661638,12.527252214540567,9.582595586993072
2030-07-15 06:00:00,0.00016549512740263213,12.527239481365108,9.481718353238875
2030-07-15 07:00:00,3.3612505275419265e-05,12.527200356081266,9.481425195108097
2030-07-15 08:00:00,1.4375652076664461e-05,12.525239167093574,9.481096870992289
2030-07-15 09:00:00,8.669990334695341e-06,0.05993278798814572,0.0030567463815748467
2030-07-15 10:00:00,5.864605920686765e-06,0.05930816915588366,0.0005760361824569562
2030-07-15 11:00:00,2.518288261743836e-06,0.05978501632580446,0.00034890606713149693
2030-07-15 12:00:00,4.88560259449959e-07,0.0009594461467691745,0.00020625494803994116
2030-07-15 13:00:00,5.1212017030879755e-08,0.0004778092097694753,0.00017277857997859833
2030-07-15 14:00:00,5.484757444230337e-07,0.00042358127757324837,0.0002087313903402738
2030-07-15 15:00:00,1.7383482739455954e-06,0.0011618446887950995,0.0006700116054035531
2030-07-15 16:00:00,3.97976228956492e-06,12.505657045837063,9.481226066732376
2030-07-15 17:00:00,1.469871408488373e-05,12.527252002389105,9.481693375118121
2030-07-15 18:00:00,0.00022649565690829006,12.527267749212653,12.515048630809062
2030-07-15 19:00:00,12.526377366629674,12.527271493320768,12.526517479090232
2030-07-15 20:00:00,12.52674187215598,12.527272622103345,12.526785909235244
2030-07-15 21:00:00,12.52641267922334,12.52727464271993,12.526517192082792
2030-07-15 22:00:00,9.481729142360539,12.527273673762465,12.51838620003582
2030-07-15 23:00:00,10.601855129674762,12.52727401019456,12.511139514293973
2030-07-16 00:00:00,12.526843603482016,12.527275450062147,12.526849891756981
2030-07-16 01:00:00,12.527078022321005,12.527274571898488,12.527024937291571
2030-07-16 02:00:00,12.52715129399144,12.527276915842776,12.527068250318734
2030-07-16 03:00:00,12.527309936945521,12.527275825092147,12.527181930619918
2030-07-16 04:00:00,12.527895333408177,12.527277412437556,12.52731519984718
2030-07-16 05:00:00,12.527738560920152,12.527279614114377,12.527301028180283
2030-07-16 06:00:00,12.527269960894376,12.52727747118458,12.527140545967185
2030-07-16 07:00:00,12.52710581505689,12.527275206571176,12.526979188093009
2030-07-16 08:00:00,9.481921753754259,12.52727226839237,9.482132674140402
2030-07-16 09:00:00,0.00015372284283467091,12.527269416507806,9.48121917548734
2030-07-16 10:00:00,4.2497553206745376e-05,12.527268922116491,0.003756371670638544
2030-07-16 11:00:00,2.050100813041843e-05,12.527267068057881,0.0014796936480785446
2030-07-16 12:00:00,1.5114046105477112e-05,12.527263216672502,0.0011270933639480063
2030-07-16 13:00:00,1.607770503063791e-05,12.527259700541435,0.0010862411358644939
2030-07-16 14:00:00,2.9655114275535256e-05,12.527253714079052,0.002509654211544974
2030-07-16 15:00:00,0.00014965283373733816,12.52725813570487,9.478054528543343
2030-07-16 16:00:00,9.481671361661494,12.527265876374237,9.481812929812548
2030-07-16 17:00:00,12.527162349113656,12.527272922470729,12.526962868173603
2030-07-16 18:00:00,59.999010886264045,12.527282476937742,12.527283062043153
2030-07-16 19:00:00,59.9999772729986,12.52728590283823,12.527313029513607
2030-07-16 20:00:00,59.99655695361707,12.5272868028243,12.527310624691737
2030-07-16 21:00:00,12.527323330736653,12.527286639678096,12.5271630029074
2030-07-16 22:00:00,12.527073017881447,12.527284326419249,12.527015284840672
2030-07-16 23:00:00,12.524607694433119,12.52728019539245,12.525210320375663
2030-07-17 00:00:00,9.481764011220921,12.527280166390344,10.60737638455248
2030-07-17 01:00:00,8.038317332870868,12.527278610104077,10.606728722090338
2030-07-17 02:00:00,8.025441818538129,12.527278206481242,10.602872595829467
2030-07-17 03:00:00,8.02657689936556,12.527276365519356,12.517423103719011
2030-07-17 04:00:00,9.481798983817464,12.527274528806617,12.525119747543158
2030-07-17 05:00:00,9.44833374717671,12.527275908708361,12.524866597105403
2030-07-17 06:00:00,5.612744322831608e-05,12.527276164865466,9.482124294636805
2030-07-17 07:00:00,2.7218562550452746e-05,12.527274236420453,9.481398429933092
2030-07-17 08:00:00,1.3310139452172018e-05,12.527270940237315,9.481055681611466
2030-07-17 09:00:00,7.169853072044676e-06,12.527267026146546,9.476922075666117
2030-07-17 10:00:00,5.75325922200246e-06,12.527266080020127,0.0014856956697901587
2030-07-17 11:00:00,3.818950077041192e-06,12.527266326632343,0.0009279592563372075
2030-07-17 12:00:00,3.3455621285374132e-06,12.527266065681484,0.0009985187601557755
2030-07-17 13:00:00,4.131685231040053e-06,12.52726528394578,0.0008362350894209809
2030-07-17 14:00:00,5.270057726216909e-06,12.527264364426628,0.0007326058893026695
2030-07-17 15:00:00,8.600787597630908e-06,12.52726600999722,0.0024903866991079575
2030-07-17 16:00:00,1.8895157696059405e-05,12.527269453053675,9.48094249659745
2030-07-17 17:00:00,0.000161274516251366,12.527273874688944,9.481475277358223
2030-07-17 18:00:00,9.481815014729834,12.527276743920572,12.50205779349028
2030-07-17 19:00:00,12.51360151293287,12.527276517555947,12.517131122382066
2030-07-17 20:00:00,9.482031326185279,12.52727552407234,12.515715761396947
2030-07-17 21:00:00,9.48121893506668,12.527277292391773,11.478631880813737
2030-07-17 22:00:00,5.1740101934350943e-05,12.527277123111162,12.482826319914238
2030-07-17 23:00:00,3.457449083578512e-05,12.527275592085061,9.496024152661448
2030-07-18 00:00:00,3.346668596521605e-05,12.527276203998866,9.48260214810179
2030-07-18 01:00:00,2.6029713780966994e-05,12.527275406957415,9.4822416983734
2030-07-18 02:00:00,2.440017328253305e-05,12.527275189925604,9.481845083371809
2030-07-18 03:00:00,3.4306001255877374e-05,12.527273796918962,9.482339052364296
2030-07-18 04:00:00,0.00014232078343905975,12.52727196707282,11.199492142572495
2030-07-18 05:00:00,0.00031111953455919476,12.527274072615,11.200225376007356
2030-07-18 06:00:00,0.00022052470247593513,12.527275279995916,9.481647137753967
2030-07-18 07:00:00,5.7073322071072056e-05,12.527274145128104,9.481092206120216
2030-07-18 08:00:00,2.4786260458922316e-05,12.527271915738572,0.003862997760364806
2030-07-18 09:00:00,1.8549886369682903e-05,12.527270452332232,0.0006883402900498912
2030-07-18 10:00:00,1.8677700666339548e-05,12.527272057489427,0.000373659183270564
2030-07-18 11:00:00,1.1702852744262497e-05,12.52727069503544,0.000343352248903326
2030-07-18 12:00:00,8.7018308271934e-06,12.527269593921126,0.0003250883492569301
2030-07-18 13:00:00,7.345642598900832e-06,12.52726982355125,0.0003332750771663286
2030-07-18 14:00:00,7.383687096938675e-06,12.527270266072264,0.000526205757758325
2030-07-18 15:00:00,9.571790720113744e-06,12.527272701910078,0.0020129434132215695
2030-07-18 16:00:00,1.5481967597450984e-05,12.52727556079828,9.480899123313492
2030-07-18 17:00:00,5.4593789250713095e-05,12.527280169226287,9.481457328809412
2030-07-18 18:00:00,0.012365684196094162,12.527285302418177,9.483403852440247
2030-07-18 19:00:00,12.526432727597664,12.52728679865686,12.526486730233836
2030-07-18 20:00:00,12.526622123950801,12.527285776206208,12.526642517212196
2030-07-18 21:00:00,12.526411177496449,12.527291297197735,12.526457101844244
2030-07-18 22:00:00,12.52562620663197,12.527289758109873,12.525879773501401
2030-07-18 23:00:00,12.52512118289857,12.527285499994832,12.525471841782746
2030-07-19 00:00:00,10.603200914530307,12.527286407004521,10.608138534401434
2030-07-19 01:00:00,10.604185985770782,12.52728420396761,10.60786871030723
2030-07-19 02:00:00,10.605301281241642,12.527283911384075,10.606864248959027
2030-07-19 03:00:00,12.526021019034207,12.527281864658107,12.526142933815208
2030-07-19 04:00:00,12.527000924990414,12.527279810879367,12.526962393168844
2030-07-19 05:00:00,12.526938598694072,12.527281886733363,12.526912318574583
2030-07-19 06:00:00,12.525810631703175,12.52728208863952,12.525944752563149
2030-07-19 07:00:00,9.481513203290197,12.527279148149319,9.481686683134376
2030-07-19 08:00:00,9.591246711061775e-05,12.527276110784124,0.011744240177790743
2030-07-19 09:00:00,2.235402065135538e-05,12.527272768327748,0.0006625363602305286
2030-07-19 10:00:00,4.266350767884212e-05,12.527272405339318,0.0003067525877576293
2030-07-19 11:00:00,2.0106291420833463e-05,12.527270625428173,0.0002428930019095368
2030-07-19 12:00:00,1.0891084152907737e-05,12.527268647813159,0.00023774164660039787
2030-07-19 13:00:00,8.17285599769544e-06,12.527267689613836,0.0003208095443370851
2030-07-19 14:00:00,7.418315225893651e-06,12.527267196173852,0.0005370501622431163
2030-07-19 15:00:00,1.0093701261647951e-05,12.527269537193206,0.0017001299603899818
2030-07-19 16:00:00,2.1613335671589318e-05,12.527273114228704,9.480938549513937
2030-07-19 17:00:00,0.0007302470356915069,12.52727766764292,9.481496722469094
2030-07-19 18:00:00,12.5270381923747,12.527283393315393,12.526969313094241
2030-07-19 19:00:00,12.527296121667671,12.52729944465409,12.527161097904354
2030-07-19 20:00:00,12.527259264581517,12.527283205771168,12.527130539815516
2030-07-19 21:00:00,12.52706871371974,12.527284540964502,12.5269913557986
2030-07-19 22:00:00,9.481761545177116,12.527282083908176,10.610395049606268
2030-07-19 23:00:00,9.481728787951413,12.52727933955157,10.605146553912164
2030-07-20 00:00:00,8.02800701282178,12.527279566931474,12.5068780772109
2030-07-20 01:00:00,8.026157054295105,12.52727805937684,12.506348624115162
2030-07-20 02:00:00,9.481546882091573,12.527277522879558,10.606091714401373
2030-07-20 03:00:00,9.481612824860141,12.527275639225081,12.523013445280412
2030-07-20 04:00:00,9.481722991786208,12.52727368747086,12.525767606200546
2030-07-20 05:00:00,0.0035034289686354803,12.527275186968836,12.525827750691297
2030-07-20 06:00:00,6.60908198280253e-05,12.527275952805768,9.488569659339248
2030-07-20 07:00:00,2.0611839241081523e-05,12.527275547420686,9.481439506631503
2030-07-20 08:00:00,9.745516983435991e-06,12.527273833922624,9.480778314532472
2030-07-20 09:00:00,6.1228646505767445e-06,12.527272213232209,0.0016548994378010324
2030-07-20 10:00:00,6.917201494597373e-06,12.527273772194349,0.0005150646410908714
2030-07-20 11:00:00,3.857325413096754e-06,12.527272576072392,0.0004336571589816849
2030-07-20 12:00:00,2.459254789379427e-06,12.527271076171399,0.0005087901265596884
2030-07-20 13:00:00,2.211726916991176e-06,12.52727031570521,0.0007447082682139973
2030-07-20 14:00:00,2.350621912827947e-06,12.527269596643237,0.0015628709227959304
2030-07-20 15:00:00,3.4599182022581264e-06,12.52727147090718,9.48054334795163
2030-07-20 16:00:00,5.333090920047043e-06,12.52727401079642,9.481391842927877
2030-07-20 17:00:00,9.795833957690325e-06,12.527277502838842,9.481698485353462
2030-07-20 18:00:00,1.856021227241742e-05,12.527280639660852,12.521597530102767
2030-07-20 19:00:00,4.064288535698555e-05,12.527281421677799,12.524919894205595
2030-07-20 20:00:00,0.00011081837055826327,12.527281607253297,12.524619919678997
2030-07-20 21:00:00,0.00035983091297157806,12.527286696094961,12.520366812353132
2030-07-20 22:00:00,9.48149147861231,12.527288344781482,12.52108888926432
2030-07-20 23:00:00,9.481616840337198,12.527282081405247,12.516877282399946
2030-07-21 00:00:00,8.025588037908642,12.527281725747699,12.518685458270156
2030-07-21 01:00:00,8.025589067030078,12.527280465063996,12.51824355831377
2030-07-21 02:00:00,9.481647122262434,12.52727978396888,12.502715294479458
2030-07-21 03:00:00,9.481910811134277,12.527278309617031,12.499201187050858
2030-07-21 04:00:00,9.484579813420762,12.527276769265498,12.513758252598848
2030-07-21 05:00:00,9.481971816974317,12.52727733255324,9.496017495905635
2030-07-21 06:00:00,0.0006911287961459706,12.527277035995315,9.481954330275556
2030-07-21 07:00:00,0.00018962556583600654,12.527276569257992,9.481717132747818
2030-07-21 08:00:00,6.24436118399894e-05,12.527275874984577,9.481617259483457
2030-07-21 09:00:00,2.7945300715698573e-05,12.527274592380309,9.481422210987308
2030-07-21 10:00:00,4.1074883107146905e-05,12.52727349254019,9.48108445222836
2030-07-21 11:00:00,2.8186623387766908e-05,12.527273199107185,9.480759002499523
2030-07-21 12:00:00,1.9961425594152376e-05,12.527271687877581,9.480891635981038
2030-07-21 13:00:00,2.2201726259804933e-05,12.527270879642856,9.481085235683876
2030-07-21 14:00:00,3.778522507118066e-05,12.527270274681541,9.481319586851562
2030-07-21 15:00:00,0.00016537620580778207,12.527271424663013,9.481593386323503
2030-07-21 16:00:00,12.526165799918829,12.527273182408242,12.526272360608957
2030-07-21 17:00:00,59.99320502715507,12.527281723816486,12.527312809392118
2030-07-21 18:00:00,59.999998206810425,12.527285331737435,12.52735088218057
2030-07-21 19:00:00,60.000134351434056,12.527285677032523,12.527350794249287
2030-07-21 20:00:00,60.00007769125568,12.527285971902412,12.527342748495712
2030-07-21 21:00:00,60.00001183889003,12.527291871241687,12.527326636460202
2030-07-21 22:00:00,59.9999969813336,12.527294450333102,12.527342662554474
2030-07-21 23:00:00,59.99991125343156,12.52728857484999,12.527332008310623
2030-07-22 00:00:00,59.999886825973405,12.527289149024186,12.52735743156218
2030-07-22 01:00:00,59.99991184418168,12.527286245742289,12.527355928366887
2030-07-22 02:00:00,59.9998671863563,12.527284145984595,12.527347444243787
2030-07-22 03:00:00,59.99983589607608,12.527281264357043,12.52735949136968
2030-07-22 04:00:00,59.9996456018206,12.527278477437852,12.52737084671125
2030-07-22 05:00:00,45.41401409377789,12.527278422557174,12.527350705598936
2030-07-22 06:00:00,12.527566166332162,12.52727645054909,12.527260014696083
2030-07-22 07:00:00,12.525569522539998,12.527269155629256,12.525728294399151
2030-07-22 08:00:00,5.7337804752313626e-05,12.527262640717518,9.48185686402391
2030-07-22 09:00:00,1.731812519090773e-05,12.52725100043699,9.48157225092672
2030-07-22 10:00:00,1.217958128652667e-05,12.527248272060206,0.0032054567400365513
2030-07-22 11:00:00,1.1350404915393986e-05,12.527253473173005,0.0011397202924347783
2030-07-22 12:00:00,1.060330761633208e-05,12.52724768682522,0.0004919984764910623
2030-07-22 13:00:00,1.0834706060874245e-05,12.527242495445535,0.00036270599437117416
2030-07-22 14:00:00,1.3946482328446148e-05,12.52723775483355,0.0004663982199185697
2030-07-22 15:00:00,3.058054197492584e-05,12.527252549811237,0.0014019143754509958
2030-07-22 16:00:00,0.0003256250029777552,12.527263524822253,9.481502752758644
2030-07-22 17:00:00,12.531268013096508,12.527276239371531,12.527262493572854
2030-07-22 18:00:00,59.999938548441875,12.527280454530185,12.52735435879255
2030-07-22 19:00:00,60.000161477922155,12.527282990778986,12.527380292031012
2030-07-22 20:00:00,60.000070277035775,12.527283235725168,12.52737801734547
2030-07-22 21:00:00,60.00004373215026,12.52728716659476,12.52736437423573
2030-07-22 22:00:00,59.999972477826454,12.527288750709886,12.527371133601264
2030-07-22 23:00:00,59.999958195780266,12.527286798821478,12.527367841087653
2030-07-23 00:00:00,60.000049618449964,12.527288237758391,12.527363200414158
2030-07-23 01:00:00,60.00009218780448,12.52728604890035,12.527365284916414
2030-07-23 02:00:00,60.00016685039853,12.527285462636428,12.527359225283362
2030-07-23 03:00:00,135.08892944582416,12.527282578233098,12.527375513907828
2030-07-23 04:00:00,135.08899794943525,12.527279972026825,12.527402403955705
2030-07-23 05:00:00,135.08899251296455,12.527282823761198,12.527399015002871
2030-07-23 06:00:00,60.0004157603905,12.52728422959765,12.527355785442609
2030-07-23 07:00:00,59.99972999547296,12.52728157215006,12.52727726977833
2030-07-23 08:00:00,12.52738265663159,12.527276028409172,12.527143211571428
2030-07-23 09:00:00,9.479097924033878,12.52726806348619,9.481460267463266
2030-07-23 10:00:00,9.464604672773214,12.52726442596213,9.465965300958205
2030-07-23 11:00:00,9.464022566243656,12.527264079305496,9.464681814059855
2030-07-23 12:00:00,9.463795730411732,12.527263950034722,9.46415551559231
2030-07-23 13:00:00,9.464016780523302,12.527264137577731,9.464284558808325
2030-07-23 14:00:00,9.481625681024367,12.527264404203379,9.481726144415203
2030-07-23 15:00:00,12.527065398478078,12.527269441423414,12.52687025402881
2030-07-23 16:00:00,45.413772136516904,12.527277042936333,12.527208854028132
2030-07-23 17:00:00,59.9999985416329,12.527283821866149,12.527298735016414
2030-07-23 18:00:00,135.08897742420118,12.527299901550323,12.527377856579207
2030-07-23 19:00:00,135.08900126008763,12.527299215961648,12.52739277319506
2030-07-23 20:00:00,135.08898889084048,12.52729396823884,12.527390690282928
2030-07-23 21:00:00,135.088773850857,12.527303913786454,12.52738180297365
2030-07-23 22:00:00,60.000043716598206,12.527305499121212,12.527380423209252
2030-07-23 23:00:00,59.99994995464384,12.527296641784233,12.527374617859095
2030-07-24 00:00:00,59.99976395904576,12.527300036062986,12.527365930583727
2030-07-24 01:00:00,59.999686421923045,12.527295036193209,12.527362424889361
2030-07-24 02:00:00,50.78070623817536,12.527293328677843,12.527356438413335
2030-07-24 03:00:00,50.78049242983367,12.52728762008428,12.527368550039682
2030-07-24 04:00:00,59.995673259961805,12.527283030907663,12.527390960259225
2030-07-24 05:00:00,45.413851849876515,12.527286688279673,12.527399600199713
2030-07-24 06:00:00,12.527028268084704,12.52727998992247,12.527064817295411
2030-07-24 07:00:00,7.936222413688626e-05,12.527277363335998,9.481788633704985
2030-07-24 08:00:00,1.526725536368236e-05,12.527274684093076,0.002069869772185484
2030-07-24 09:00:00,6.037637050162932e-06,12.527271596444734,0.00044897682632039776
2030-07-24 10:00:00,3.985526245203128e-06,12.527269934389551,0.0002268098935041072
2030-07-24 11:00:00,2.576027871467057e-06,12.527268670746707,0.00018276909157752754
2030-07-24 12:00:00,2.2634932103866893e-06,12.527268544912106,0.0001738959722956679
2030-07-24 13:00:00,3.1037365371841927e-06,12.527269822990093,0.0002077844314481204
2030-07-24 14:00:00,5.770122617768033e-06,12.527271004953036,0.0003034885915382269
2030-07-24 15:00:00,1.551611143073622e-05,12.52727357783624,0.0008128175269526602
2030-07-24 16:00:00,0.00020253812536428792,12.527276922110431,9.481335969780076
2030-07-24 17:00:00,45.41398925965482,12.52730572375367,12.527326387719615
2030-07-24 18:00:00,60.00012989214803,12.527446624617754,12.527432302371025
2030-07-24 19:00:00,60.000594869612435,12.527389634459723,12.527424659128883
2030-07-24 20:00:00,60.000002413645234,12.527338692300315,12.527408550652552
2030-07-24 21:00:00,59.99949012015428,12.527420058067946,12.52741766238887
2030-07-24 22:00:00,12.528125149795754,12.527363494219571,12.527391371383601
2030-07-24 23:00:00,12.527550307738778,12.527312426502249,12.527340836112671
2030-07-25 00:00:00,12.527723497751385,12.527327006850413,12.527359116189714
2030-07-25 01:00:00,12.528960804620175,12.527318873268996,12.527377512033127
2030-07-25 02:00:00,45.41388842050661,12.527319917370733,12.527381748950575
2030-07-25 03:00:00,59.99977266061834,12.52730366542528,12.527386835849939
2030-07-25 04:00:00,60.00002782817588,12.527292936394243,12.52740782510402
2030-07-25 05:00:00,60.000025631592706,12.527302388210046,12.527413501926006
2030-07-25 06:00:00,59.99969189742429,12.527310101616095,12.527378517054942
2030-07-25 07:00:00,12.527401759432077,12.527291209507894,12.527215564977611
2030-07-25 08:00:00,0.0005579421478033516,12.527277866066962,0.023590139599491522
2030-07-25 09:00:00,2.4678250492867615e-05,12.527275369883682,0.0007820336386406963
2030-07-25 10:00:00,9.391521250109189e-06,12.527274166622192,0.0003160815971584785
2030-07-25 11:00:00,6.40589897664186e-06,12.52727372614845,0.00025774094187658086
2030-07-25 12:00:00,6.083384944004386e-06,12.527274070918013,0.00025683601307946446
2030-07-25 13:00:00,8.255115266900616e-06,12.527275153824121,0.00036385801750278026
2030-07-25 14:00:00,1.8752227752792967e-05,12.527276519364932,0.00082815474116967
2030-07-25 15:00:00,0.0004637385860386438,12.527279346002615,0.014708963752110322
2030-07-25 16:00:00,45.41402664119215,12.527316337759713,12.527295885162275
2030-07-25 17:00:00,79.27039145336411,12.527635356649625,12.527436487377813
2030-07-25 18:00:00,135.08900023216952,16.530651709851814,12.527486230557656
2030-07-25 19:00:00,135.08900239356842,16.52628771957643,12.527490497041981
2030-07-25 20:00:00,135.08897039068233,16.520201017871962,12.527490555039009
2030-07-25 21:00:00,114.33974101949376,16.531256542883966,12.527485556557622
2030-07-25 22:00:00,114.33913380391093,16.530777492239395,12.527486327453516
2030-07-25 23:00:00,114.33932286082118,12.527742541791667,12.52746883004329
2030-07-26 00:00:00,135.08854567105413,12.528446224930697,12.527475670017864
2030-07-26 01:00:00,135.0889860581822,12.527543673183573,12.527452676412395
2030-07-26 02:00:00,135.0890001973677,12.527511250932548,12.527444331872175
2030-07-26 03:00:00,135.0890072439465,12.527366568753678,12.527422189496065
2030-07-26 04:00:00,135.08901905037297,12.527312733846378,12.527430560914041
2030-07-26 05:00:00,135.08901557341594,12.527338711523043,12.527437930607583
2030-07-26 06:00:00,135.08898763895832,12.527374902701599,12.527418309035127
2030-07-26 07:00:00,60.00008805579718,12.527319365476615,12.52733539816044
2030-07-26 08:00:00,12.527628479591398,12.527292718679167,12.527176188211513
2030-07-26 09:00:00,0.004266288003086831,12.52727789815799,0.004740793860692485
2030-07-26 10:00:00,2.8001339394647035e-05,12.52727646285257,0.0004272722141978535
2030-07-26 11:00:00,1.5341813077358846e-05,12.527276199742118,0.000319742357610133
2030-07-26 12:00:00,1.6686441861055146e-05,12.527276526942828,0.00036360397930934596
2030-07-26 13:00:00,4.106906298714826e-05,12.527277888627395,0.0004885104067512008
2030-07-26 14:00:00,0.0034361166671248644,12.527279416110105,0.0037085979276482734
2030-07-26 15:00:00,45.42157037049116,12.527306661664625,12.527209486053993
2030-07-26 16:00:00,60.00033145877761,12.527418829001846,12.527355954530165
2030-07-26 17:00:00,135.08898923711433,16.526206908064523,12.527467837760126
2030-07-26 18:00:00,135.0890146178259,59.999790498414846,12.527495323730633
2030-07-26 19:00:00,135.08901817166247,16.531061632370438,12.527500083548148
2030-07-26 20:00:00,135.08900632828863,13.996631284659543,12.527497293212903
2030-07-26 21:00:00,135.08900010949958,16.53118967192313,12.527492856060235
2030-07-26 22:00:00,135.08899243822162,12.530945786783377,12.527490248731738
2030-07-26 23:00:00,135.08899253601516,12.527413044545028,12.527445140680356
2030-07-27 00:00:00,135.08899459296302,12.527469383469445,12.52745253011922
2030-07-27 01:00:00,135.0889970820411,12.527396200734074,12.527434271874881
2030-07-27 02:00:00,135.08899867488077,12.527415323208515,12.527432471202701
2030-07-27 03:00:00,135.08900207915065,12.527356199822862,12.52742585285614
2030-07-27 04:00:00,135.0890085257343,12.527312885371408,12.527436437347689
2030-07-27 05:00:00,135.0890057982534,12.527340714143975,12.52744596211216
2030-07-27 06:00:00,135.08890150970282,12.527384673525635,12.527428048750295
2030-07-27 07:00:00,60.00000179079673,12.527322010204443,12.52733495079047
2030-07-27 08:00:00,12.527274638917518,12.527287086437752,12.527077177147234
2030-07-27 09:00:00,0.000171200491600667,12.52727825920465,0.0010665722164326344
2030-07-27 10:00:00,2.8801474714272107e-05,12.527276480456749,0.00038594043928291596
2030-07-27 11:00:00,2.3209083706221263e-05,12.52727602163759,0.0003204178542487431
2030-07-27 12:00:00,3.559921983705981e-05,12.527275754131757,0.0003715381706967946
2030-07-27 13:00:00,0.00019878978160043506,12.527276974110464,0.0007001542848180744
2030-07-27 14:00:00,12.526701857790131,12.527278594591735,12.526559398314035
2030-07-27 15:00:00,59.99971588972778,12.527294651196826,12.527218255116352
2030-07-27 16:00:00,79.2685303776863,12.527322563443589,12.527325378417444
2030-07-27 17:00:00,135.0889957295711,12.527473802435452,12.52743490666523
2030-07-27 18:00:00,135.08901980258096,12.535640709131455,12.527500221613423
2030-07-27 19:00:00,135.08902708270176,12.527577689660575,12.52748328281723
2030-07-27 20:00:00,135.08901257177058,12.52742708503451,12.527462947743672
2030-07-27 21:00:00,135.08900543897738,12.527828298000713,12.527485719268043
2030-07-27 22:00:00,135.08900365015035,12.527567921005357,12.527475730535116
2030-07-27 23:00:00,135.08900399435984,12.527315775023453,12.527432428197244
2030-07-28 00:00:00,135.08899982347646,12.527314137199994,12.527420186295274
2030-07-28 01:00:00,135.08900206005714,12.527307758123243,12.527413758381954
2030-07-28 02:00:00,135.08900373732203,12.527302922931085,12.527403644568949
2030-07-28 03:00:00,135.0890043834334,12.527294641536173,12.527396040129133
2030-07-28 04:00:00,135.08900543600421,12.527287779115547,12.527397764771663
2030-07-28 05:00:00,135.0889875565882,12.527288307971503,12.527394786263944
2030-07-28 06:00:00,60.00028478973479,12.527286583075162,12.527355183107318
2030-07-28 07:00:00,45.42176799706765,12.527282824707072,12.527268319449103
2030-07-28 08:00:00,0.001596672604121749,12.527274209919566,0.002695056962608078
2030-07-28 09:00:00,2.062438153582174e-05,12.52727178033183,0.0004469450180258643
2030-07-28 10:00:00,8.358279732580067e-06,12.527271233111605,0.00023277420475158856
2030-07-28 11:00:00,6.0459522946866025e-06,12.527270881514596,0.00019002904295458114
2030-07-28 12:00:00,6.3869095830838905e-06,12.527269236494492,0.00018638858267649994
2030-07-28 13:00:00,9.22421883297988e-06,12.527270346203295,0.00023476882135177514
2030-07-28 14:00:00,2.0093884656858286e-05,12.527272011918285,0.00042277184196834184
2030-07-28 15:00:00,0.0009994835614639654,12.52727406132999,0.003114732041284219
2030-07-28 16:00:00,59.99967940683852,12.527284458292847,12.527298798083692
2030-07-28 17:00:00,79.27027430300143,12.527292608973767,12.527366805647977
2030-07-28 18:00:00,135.08892542894853,12.527300527429976,12.527416055909654
2030-07-28 19:00:00,135.0889608140179,12.527299144335302,12.527421424777458
2030-07-28 20:00:00,79.27158629193582,12.5272960061311,12.527419774134387
2030-07-28 21:00:00,79.2703823828981,12.52731080600006,12.5274158689881
2030-07-28 22:00:00,60.0000724447894,12.527311807403748,12.527421360087828
2030-07-28 23:00:00,60.00002973709112,12.527299432807922,12.527414947441684
2030-07-29 00:00:00,60.00002540311092,12.527298562017668,12.527423700704574
2030-07-29 01:00:00,60.00004047625615,12.527291992029859,12.527419800767348
2030-07-29 02:00:00,60.000053825042514,12.527288623594359,12.527412868643296
2030-07-29 03:00:00,60.000030283275855,12.527284280167805,12.527415278320404
2030-07-29 04:00:00,59.99999903521309,12.527280143315924,12.527422720621445
2030-07-29 05:00:00,12.52764637500919,12.52727902733568,12.527363270189515
2030-07-29 06:00:00,9.47101342174294,12.527272476209435,9.482251247491774
2030-07-29 07:00:00,0.00011671254507800505,12.527270955091808,9.48202969589426
2030-07-29 08:00:00,3.099102407246378e-05,12.527269495729591,9.481774898286176
2030-07-29 09:00:00,1.538054515547008e-05,12.527267658820165,0.08787961178979059
2030-07-29 10:00:00,1.1245289858950715e-05,12.527265362520666,0.0015072983249168905
2030-07-29 11:00:00,1.2970121489285985e-05,12.5272650464467,0.001253598519156486
2030-07-29 12:00:00,1.3995492196140086e-05,12.527260292635207,0.0019271393697124495
2030-07-29 13:00:00,1.7997410424392647e-05,12.52725644010934,0.004532756199443773
2030-07-29 14:00:00,4.226269501681836e-05,12.527257510043455,0.04261651254200477
2030-07-29 15:00:00,0.00053561539491304,12.527263236843282,9.48103517841153
2030-07-29 16:00:00,45.42152207558889,12.527274628771298,12.527286464640497
2030-07-29 17:00:00,60.010769859573834,12.527278180267786,12.527367935499786
2030-07-29 18:00:00,135.08898153483707,12.527282373528992,12.527428785203426
2030-07-29 19:00:00,135.08900364916943,12.527284275873171,12.52743697322694
2030-07-29 20:00:00,135.0890067352293,12.527284131984784,12.527436192249567
2030-07-29 21:00:00,135.08900560043773,12.52728933625258,12.527427935964624
2030-07-29 22:00:00,135.0889842894256,12.527290511625324,12.52743099619147
2030-07-29 23:00:00,135.08898511118426,12.527288808398225,12.527426770211605
2030-07-30 00:00:00,135.08900274663395,12.5272902163875,12.527438683388311
2030-07-30 01:00:00,135.0890026116906,12.527287999870168,12.527434214952336
2030-07-30 02:00:00,135.0890021981208,12.527287515088574,12.527428721032265
2030-07-30 03:00:00,135.08900350884358,12.527283991761578,12.527441915018244
2030-07-30 04:00:00,135.0890094531375,12.527281371503575,12.527462415197391
2030-07-30 05:00:00,135.08900890567523,12.527284207833873,12.527463277071107
2030-07-30 06:00:00,135.0889935056105,12.527286777219341,12.527451010404747
2030-07-30 07:00:00,79.27046972038717,12.527284615625831,12.527418665294931
2030-07-30 08:00:00,59.999891876592606,12.527280268207885,12.527373343079432
2030-07-30 09:00:00,12.526871644417039,12.527272342259494,12.526875179700028
2030-07-30 10:00:00,9.159211649252701e-05,12.527270841274913,9.481679392704699
2030-07-30 11:00:00,2.7476228281621182e-05,12.527270087504803,9.478506362926083
2030-07-30 12:00:00,1.6544901618080305e-05,12.527269215937018,0.007629183294170616
2030-07-30 13:00:00,1.5198286659309038e-05,12.527269687331682,0.006203176892584199
2030-07-30 14:00:00,2.5640318890432515e-05,12.527269488638012,0.006595808271972948
2030-07-30 15:00:00,0.0001661639598338344,12.527270845917883,9.48178843725953
2030-07-30 16:00:00,12.527510972239376,12.527277699136132,12.527284334901807
2030-07-30 17:00:00,79.27034384618037,12.527284867315757,12.527399375956826
2030-07-30 18:00:00,135.08900624984426,12.527296587180448,12.527443938136685
2030-07-30 19:00:00,135.0890225178965,12.527298669091579,12.527455254205961
2030-07-30 20:00:00,135.0890192574434,12.527296894114201,12.527455737550838
2030-07-30 21:00:00,135.0890113637452,12.527311466195897,12.527445770143459
2030-07-30 22:00:00,135.08899856186358,12.527316152378262,12.527447148260762
2030-07-30 23:00:00,135.08898888314522,12.527303087010296,12.527442711334515
2030-07-31 00:00:00,135.0889792802603,12.527303989665377,12.527440331203877
2030-07-31 01:00:00,135.088970194506,12.527296900101646,12.527435689368758
2030-07-31 02:00:00,135.08897516429553,12.527296045328512,12.527429196024968
2030-07-31 03:00:00,135.08898504830518,12.52728992918037,12.527440320473943
2030-07-31 04:00:00,135.08899810163462,12.527285232611316,12.52745962229838
2030-07-31 05:00:00,135.08898877023765,12.527289901228869,12.5274602265136
2030-07-31 06:00:00,79.27031302603827,12.527295072976553,12.527432539939198
2030-07-31 07:00:00,59.99984802616264,12.527291184886963,12.527373188003807
2030-07-31 08:00:00,12.526799494690957,12.52727756249671,12.526797311285293
2030-07-31 09:00:00,5.9925294930622127e-05,12.527275073452984,9.481632232201251
2030-07-31 10:00:00,3.9318011906461404e-05,12.527274204559944,0.002215011081214716
2030-07-31 11:00:00,1.5001454015109466e-05,12.52727370347111,0.0006617895803000673
2030-07-31 12:00:00,1.0830125111974513e-05,12.527273328058698,0.0004642777151957489
2030-07-31 13:00:00,1.0257743053760333e-05,12.527273599806904,0.0006214158290092601
2030-07-31 14:00:00,1.458890580548025e-05,12.527273954893644,0.0012801032294202067
2030-07-31 15:00:00,4.0516121326642644e-05,12.52727528621108,0.0069482062790408835
2030-07-31 16:00:00,12.527144006965289,12.527279540128484,12.527076307122158
2030-07-31 17:00:00,60.00007379787584,12.527304735235703,12.527400438324173
2030-07-31 18:00:00,135.0889799433368,12.527357076305675,12.527453634585484
2030-07-31 19:00:00,135.08900767454605,12.527355204572814,12.527463010849715
2030-07-31 20:00:00,135.0890037519821,12.527346114189184,12.527462405412592
2030-07-31 21:00:00,135.08899752897597,12.527464035003504,12.527473216931867
2030-07-31 22:00:00,135.08894566248938,12.527454542553642,12.527471904039885
2030-07-31 23:00:00,79.27128084096272,12.527338347033037,12.527449634097138
2030-08-01 00:00:00,79.27052353322361,12.527339945855724,12.527466755755896
2030-08-01 01:00:00,79.27057265690877,12.527316501958921,12.527464298885207
2030-08-01 02:00:00,79.27085194772357,12.527313117743688,12.527462370614558
2030-08-01 03:00:00,135.08790703377383,12.527298005811645,12.527465326942547
2030-08-01 04:00:00,135.08897786805358,12.527288099739595,12.527463183829113
2030-08-01 05:00:00,135.08894085618243,12.527292461745674,12.527439368115646
2030-08-01 06:00:00,79.27026536771926,12.527294882389391,12.52739812398309
2030-08-01 07:00:00,59.999915923383334,12.527289231769828,12.527319751887072
2030-08-01 08:00:00,12.527295890498007,12.527279007695228,12.527050349957435
2030-08-01 09:00:00,0.0005289997467038994,12.527273328662886,0.0008028465192716969
2030-08-01 10:00:00,0.00027858063782798965,12.527272306244413,0.00045192670590222595
2030-08-01 11:00:00,0.0002829638956253483,12.527271702833787,0.0004691700734975295
2030-08-01 12:00:00,0.0005016406335352903,12.52727121246057,0.0006196699222869029
2030-08-01 13:00:00,12.527092735367251,12.527272397660454,12.526002895387922
2030-08-01 14:00:00,59.999854643476844,12.527277118696475,12.52689209223059
2030-08-01 15:00:00,60.01090494283282,12.527280350235742,12.527070029053926
2030-08-01 16:00:00,135.0889912107696,12.527288995039408,12.527232449587189
2030-08-01 17:00:00,135.089020732259,12.527327101722221,12.527353896251757
2030-08-01 18:00:00,135.08911504120718,12.527688087421064,12.52748058164255
2030-08-01 19:00:00,135.08940264625033,12.527516986392584,12.52747551091943
2030-08-01 20:00:00,135.0890860592226,12.527416782456275,12.527465596665792
2030-08-01 21:00:00,135.08903233363114,12.52759838664133,12.527491242647557
2030-08-01 22:00:00,135.0890213704925,12.527488056691254,12.527486907805724
2030-08-01 23:00:00,135.0890138369065,12.527333664559592,12.52746469745398
2030-08-02 00:00:00,135.08901057639173,12.52732788624634,12.527450861688322
2030-08-02 01:00:00,135.0890090442637,12.527308086740959,12.527442931494079
2030-08-02 02:00:00,135.08900897017276,12.527301407919367,12.527434364078545
2030-08-02 03:00:00,135.08901198537737,12.52729090183675,12.52744388166775
2030-08-02 04:00:00,135.08902527578786,12.527285016010962,12.527465487314572
2030-08-02 05:00:00,135.08902314434113,12.527289196576021,12.527470148864529
2030-08-02 06:00:00,135.08899926241435,12.527292161950445,12.527439515062596
2030-08-02 07:00:00,60.009506620219085,12.527287516112665,12.527361996930152
2030-08-02 08:00:00,12.527725532676431,12.527281683826914,12.52721858115406
2030-08-02 09:00:00,0.00011250101978738512,12.527273456455077,0.0012942112106263384
2030-08-02 10:00:00,1.3706696386282794e-05,12.527271760995973,0.0004265203941894985
2030-08-02 11:00:00,8.983066450447282e-06,12.527270164879155,0.0003265566943583772
2030-08-02 12:00:00,9.376616617273984e-06,12.527269408963397,0.00030647671329120385
2030-08-02 13:00:00,1.4062995252521803e-05,12.527270296869574,0.00037651932065762547
2030-08-02 14:00:00,4.3237533600059266e-05,12.527271514100903,0.0006991808802812327
2030-08-02 15:00:00,9.482026250790756,12.527273875612082,9.482131696846665
2030-08-02 16:00:00,59.99976644062927,12.527283923573053,12.527323792698198
2030-08-02 17:00:00,79.27050443705802,12.527295585901811,12.527409885339974
2030-08-02 18:00:00,135.08898531202715,12.527308837895678,12.527452243854285
2030-08-02 19:00:00,79.27059254318446,12.527302508133289,12.527455561833449
2030-08-02 20:00:00,59.999989618717336,12.527297267265741,12.527452171764523
2030-08-02 21:00:00,12.527451747745348,12.527300388986987,12.527352455903383
2030-08-02 22:00:00,0.00030250500048375155,12.527283078737128,12.493704274970696
2030-08-02 23:00:00,8.832506629697903e-05,12.527280332945338,9.503125584809823
2030-08-03 00:00:00,8.175149559662586e-05,12.527280879378594,9.5001078470751
2030-08-03 01:00:00,0.00013986485529201488,12.527279728588837,9.5000644109723
2030-08-03 02:00:00,0.0004685757640792079,12.527279580490358,9.499610054545883
2030-08-03 03:00:00,12.526662872288071,12.527278508398922,12.526839575820304
2030-08-03 04:00:00,12.527369261834101,12.527281070983936,12.527336733156773
2030-08-03 05:00:00,12.527572786814693,12.527285702315567,12.527412784043774
2030-08-03 06:00:00,12.527192153407798,12.52728084708036,12.527215091067461
2030-08-03 07:00:00,0.0001559848289344956,12.527277242475975,9.482186031931414
2030-08-03 08:00:00,5.0234406723296874e-05,12.527275414182652,9.481923164264572
2030-08-03 09:00:00,2.134474121174786e-05,12.527273288123979,9.480192460048935
2030-08-03 10:00:00,1.60595403699953e-05,12.527272583570266,0.00310828583708535
2030-08-03 11:00:00,1.0945793854926051e-05,12.527272181489934,0.001479662703998897
2030-08-03 12:00:00,1.0813633762834513e-05,12.527271190771362,0.0009052981234560775
2030-08-03 13:00:00,2.1244446038783157e-05,12.527271627603113,0.0012508359439987987
2030-08-03 14:00:00,7.685952413039318e-05,12.527272297442323,0.005339390886411489
2030-08-03 15:00:00,12.527098254214902,12.527274506675894,12.527021057572917
2030-08-03 16:00:00,59.99994995396773,12.527283242235825,12.527360363743
2030-08-03 17:00:00,79.27075252594386,12.527292406108245,12.527416215304502
2030-08-03 18:00:00,135.08901168597112,12.527304466344651,12.527459676306933
2030-08-03 19:00:00,135.08901725505305,12.527302806894113,12.527466722569443
2030-08-03 20:00:00,135.08901023861836,12.527301423397411,12.527465931011747
2030-08-03 21:00:00,135.08900663690144,12.52731665293777,12.527456448437988
2030-08-03 22:00:00,135.0890011940518,12.527306901591146,12.52745511298781
2030-08-03 23:00:00,135.0889977551354,12.527289272789858,12.527450391780803
2030-08-04 00:00:00,135.08899587536803,12.527288309505915,12.52744118898849
2030-08-04 01:00:00,135.0890001633934,12.527285338656839,12.527436716994998
2030-08-04 02:00:00,135.08899925223002,12.527283974067359,12.527428133886133
2030-08-04 03:00:00,135.0889946074912,12.527281414755635,12.52742555849727
2030-08-04 04:00:00,135.08899586592014,12.527278942772035,12.527431357974407
2030-08-04 05:00:00,135.0889865523014,12.527279440547318,12.527426151488985
2030-08-04 06:00:00,79.27045385323058,12.527278701916039,12.52741304023975
2030-08-04 07:00:00,59.999875897065166,12.527277092811346,12.527392113434267
2030-08-04 08:00:00,12.527243976303929,12.527271962277148,12.52718884626573
2030-08-04 09:00:00,0.0002898571736548534,12.527266607827187,9.482003901635272
2030-08-04 10:00:00,8.458384502824947e-05,12.527264924559859,9.480705968803768
2030-08-04 11:00:00,5.452139762890183e-05,12.527264554503745,0.008918003068769213
2030-08-04 12:00:00,6.680366674864674e-05,12.527261330774914,0.00439430773786853
2030-08-04 13:00:00,0.00021850076519067856,12.527262037800938,0.003855548962308021
2030-08-04 14:00:00,9.482606002498455,12.527263257818959,9.48261005349699
2030-08-04 15:00:00,59.999404037523725,12.527274108102574,12.527240872496826
2030-08-04 16:00:00,60.01106292425945,12.527277139209898,12.527326550132955
2030-08-04 17:00:00,135.08899600195386,12.52728209860652,12.527395458053366
2030-08-04 18:00:00,135.0890163301037,12.527289119529552,12.527443937381392
2030-08-04 19:00:00,135.08902607610142,12.527290292056023,12.52745165329452
2030-08-04 20:00:00,135.08902082952682,12.527291230773725,12.527453392394378
2030-08-04 21:00:00,135.08901478383223,12.527302242035148,12.527449157088085
2030-08-04 22:00:00,135.08901066256198,12.527299385201331,12.52745291586325
2030-08-04 23:00:00,135.08900656814996,12.5272904415433,12.527449768364932
2030-08-05 00:00:00,135.08900374364435,12.527289204660333,12.527454702965542
2030-08-05 01:00:00,135.0890015578758,12.52728593446409,12.527450459497231
2030-08-05 02:00:00,135.0889998236576,12.527284491472528,12.52744325198637
2030-08-05 03:00:00,135.08899870187278,12.527281939974273,12.52744767927561
2030-08-05 04:00:00,135.08900065946753,12.52727901073241,12.527456393211807
2030-08-05 05:00:00,135.08898478971906,12.527279048182208,12.527444271104688
2030-08-05 06:00:00,79.27035118431343,12.527278080355574,12.527388896192633
2030-08-05 07:00:00,59.99993996935475,12.527275964972432,12.527287990153445
2030-08-05 08:00:00,12.527183621021052,12.527269512238012,12.526937672034038
2030-08-05 09:00:00,4.936124876856715e-05,12.527262939125649,0.00043935543791206316
2030-08-05 10:00:00,1.2751601371718997e-05,12.527262797051662,0.0002697929398553142
2030-08-05 11:00:00,9.726609392352899e-06,12.527264616355751,0.0003102460615718589
2030-08-05 12:00:00,1.1883541915893258e-05,12.527261406447261,0.0003053659163754219
2030-08-05 13:00:00,2.1202221452184096e-05,12.527260075630693,0.0002999770451048651
2030-08-05 14:00:00,8.472217515118337e-05,12.527262460306702,0.0004297018345164822
2030-08-05 15:00:00,12.526981333083574,12.527268609215753,12.52676917259834
2030-08-05 16:00:00,59.999976288365346,12.527277225451792,12.527279915940724
2030-08-05 17:00:00,135.0889675658302,12.527282844789625,12.52739804385216
2030-08-05 18:00:00,135.089018365693,12.5272901953213,12.52746195887265
2030-08-05 19:00:00,135.08903504949717,12.527295718998175,12.527466499538605
2030-08-05 20:00:00,135.0890254287815,12.52730073346268,12.527468756954477
2030-08-05 21:00:00,135.0890170439774,12.52732003550318,12.5274630959766
2030-08-05 22:00:00,135.08900910438038,12.527312216617247,12.527461377843792
2030-08-05 23:00:00,135.08900262314438,12.527308119719237,12.527458790046694
2030-08-06 00:00:00,135.08900285808434,12.527317711885422,12.527480408315427
2030-08-06 01:00:00,135.0890038317487,12.527305526757118,12.527477385632665
2030-08-06 02:00:00,135.08900623412273,12.527302415792292,12.527474041316964
2030-08-06 03:00:00,135.08901105860403,12.52729334761625,12.527485219541632
2030-08-06 04:00:00,135.08902473086295,12.527286417561783,12.52750390781506
2030-08-06 05:00:00,135.08902971163425,12.527289906675833,12.527505673748294
2030-08-06 06:00:00,135.0890134607455,12.527291606774801,12.52748699572507
2030-08-06 07:00:00,135.0889888599697,12.527290270716549,12.527464874164307
2030-08-06 08:00:00,79.27043514265064,12.527285092750676,12.527465517179209
2030-08-06 09:00:00,60.00005239371931,12.527280403494842,12.527461138684973
2030-08-06 10:00:00,59.99987971990474,12.52727926546595,12.527418949883582
2030-08-06 11:00:00,59.999586860292645,12.527278527921226,12.527334491239108
2030-08-06 12:00:00,59.99966832927093,12.527277214631043,12.527264615830859
2030-08-06 13:00:00,59.999774913908695,12.527277306379801,12.527224499170488
2030-08-06 14:00:00,59.999805646440834,12.527277211284854,12.527219059200457
2030-08-06 15:00:00,60.00012752046149,12.52727818731455,12.527304705330533
2030-08-06 16:00:00,135.08897474766312,12.52728062744336,12.527400952316
2030-08-06 17:00:00,135.08901531872002,12.527286138704767,12.52746227439035
2030-08-06 18:00:00,135.08909157037323,12.527294161233588,12.527489054632156
2030-08-06 19:00:00,135.08919412036374,12.527293584043946,12.527490520870742
2030-08-06 20:00:00,135.08904097721916,12.527292792887469,12.527489812349742
2030-08-06 21:00:00,135.08902056492292,12.527301731996886,12.527480089921482
2030-08-06 22:00:00,135.08900575399375,12.527297076380819,12.527477002557134
2030-08-06 23:00:00,135.0889968622969,12.52729012297823,12.527474143491418
2030-08-07 00:00:00,135.08897382745644,12.527290622836396,12.52747109394096
2030-08-07 01:00:00,135.08845243758623,12.527285866602142,12.527467872851048
2030-08-07 02:00:00,79.2704528226316,12.527284137628158,12.527461153480544
2030-08-07 03:00:00,79.2701710132593,12.527281538979878,12.527473151557388
2030-08-07 04:00:00,79.27035878780771,12.527278817565264,12.527491055108499
2030-08-07 05:00:00,79.27004854300516,12.527280594340482,12.527492390156626
2030-08-07 06:00:00,60.000008093740696,12.527280657529978,12.527476476454467
2030-08-07 07:00:00,12.527744994364797,12.527278988660328,12.527405708934232
2030-08-07 08:00:00,12.526750999825465,12.527272528161916,12.526850096383612
2030-08-07 09:00:00,5.5134563097241826e-05,12.527269787619844,9.482347562886524
2030-08-07 10:00:00,5.8976328318493065e-05,12.527269221088318,9.48222482310912
2030-08-07 11:00:00,2.0845285514473156e-05,12.52726886549408,9.482288163812843
2030-08-07 12:00:00,1.5914427756087354e-05,12.52726732694819,9.482440265701172
2030-08-07 13:00:00,1.8602089481363822e-05,12.527265815869214,9.482612486377823
2030-08-07 14:00:00,2.4300056375722603e-05,12.52726202557551,9.48256729250368
2030-08-07 15:00:00,6.41371725300752e-05,12.527263986821708,9.482610948360598
2030-08-07 16:00:00,12.517659672765095,12.527269016415275,12.518039907938686
2030-08-07 17:00:00,12.527636374962082,12.527279539873234,12.52737720855445
2030-08-07 18:00:00,59.99971651220638,12.527286424685801,12.527459699874825
2030-08-07 19:00:00,59.99969326492176,12.527288290866636,12.527465973964354
2030-08-07 20:00:00,12.527639719431136,12.527287690334145,12.527421839635736
2030-08-07 21:00:00,12.527104966715317,12.527283099512715,12.52716836921627
2030-08-07 22:00:00,2.7131688456501384e-05,12.527279418034595,12.51939155524542
2030-08-07 23:00:00,2.8236111238258563e-05,12.527278545268018,12.515575216682919
2030-08-08 00:00:00,3.0985846256683526e-05,12.527279299330745,12.444783644870029
2030-08-08 01:00:00,3.149594850960521e-05,12.527278319670586,12.16419975185363
2030-08-08 02:00:00,3.3324610909251444e-05,12.527278152243525,10.604043374054527
2030-08-08 03:00:00,4.7389773841554315e-05,12.52727645934101,12.519730188843823
2030-08-08 04:00:00,0.00010935766476904973,12.527274620643022,12.526024327639064
2030-08-08 05:00:00,0.00011933990925243664,12.527276135238935,12.52624902126153
2030-08-08 06:00:00,3.502266743041317e-05,12.527276512933046,12.509218695770215
2030-08-08 07:00:00,1.5066507597098066e-05,12.527275215537884,9.482251881038563
2030-08-08 08:00:00,8.448676449548398e-06,12.527273074286835,9.482077188785965
2030-08-08 09:00:00,5.165704365529179e-06,12.52727049223995,9.48166467387791
2030-08-08 10:00:00,5.764001394752972e-06,12.527269497095403,0.0028040329212455
2030-08-08 11:00:00,5.098394878046248e-06,12.527270167302959,0.0010179665665504196
2030-08-08 12:00:00,4.650575433377196e-06,12.527270242070221,0.0007036220717111519
2030-08-08 13:00:00,5.09635493508015e-06,12.527270895368929,0.0008393895674967825
2030-08-08 14:00:00,7.0243636776157196e-06,12.527271609297713,0.0019120604804875865
2030-08-08 15:00:00,1.3258722265072302e-05,12.527273455581962,9.480706161531531
2030-08-08 16:00:00,4.7874962429777336e-05,12.527276305025461,9.482077651612727
2030-08-08 17:00:00,12.527277529873043,12.52728731021216,12.527248128939464
2030-08-08 18:00:00,59.999787098273295,12.527348131736904,12.52747362849854
2030-08-08 19:00:00,60.00001455173568,12.527330329674442,12.527477191380058
2030-08-08 20:00:00,60.00000847867068,12.527325102611663,12.527476326905386
2030-08-08 21:00:00,59.99991499218442,12.52737522589905,12.52747371248006
2030-08-08 22:00:00,50.79884198879848,12.527370739343496,12.527469924076286
2030-08-08 23:00:00,50.78638302836126,12.527318228276272,12.527458383712656
2030-08-09 00:00:00,50.785146737386256,12.527322228720262,12.527459657737225
2030-08-09 01:00:00,59.999488125487304,12.527305230516504,12.52745559766845
2030-08-09 02:00:00,59.99970998127946,12.52730128123585,12.527450360866169
2030-08-09 03:00:00,59.99999740544096,12.52729242190344,12.527465325431876
2030-08-09 04:00:00,60.00269933185518,12.527285628625418,12.527481716350366
2030-08-09 05:00:00,60.01069009423974,12.527288604285786,12.527488760534263
2030-08-09 06:00:00,60.00000285197582,12.527289729749574,12.527458125205001
2030-08-09 07:00:00,12.527434774385144,12.527282267980809,12.527276934714788
2030-08-09 08:00:00,0.00029991135802733573,12.527273775568137,9.481537535682165
2030-08-09 09:00:00,3.8466819316892747e-05,12.527270967014374,0.00182128906305647
2030-08-09 10:00:00,4.008394918076242e-05,12.527268471145362,0.00044975412478758344
2030-08-09 11:00:00,3.2211222636756735e-05,12.527268259686025,0.00034310956022323556
2030-08-09 12:00:00,3.233281252668843e-05,12.527268227089179,0.0003808119250834352
2030-08-09 13:00:00,6.093646776321196e-05,12.527270185990346,0.0005615714004131714
2030-08-09 14:00:00,0.0005274504728396285,12.527271976728116,0.0013127771576923494
2030-08-09 15:00:00,12.527184693100518,12.52727578843951,12.527016828974464
2030-08-09 16:00:00,59.999807918886795,12.527287079122377,12.527337309260659
2030-08-09 17:00:00,79.27046291256775,12.527311707051012,12.527435512611305
2030-08-09 18:00:00,135.0889984321192,12.527411961524335,12.527492898186495
2030-08-09 19:00:00,135.0890044081718,12.527334366975083,12.527484876071867
2030-08-09 20:00:00,135.08899828463746,12.52731795696106,12.527482680797831
2030-08-09 21:00:00,135.08899116526845,12.527354346999346,12.527477640677716
2030-08-09 22:00:00,135.0889831152634,12.527348081720447,12.527478241441713
2030-08-09 23:00:00,135.08897420621346,12.527311922355693,12.527470987731249
2030-08-10 00:00:00,135.08896492580888,12.527318588529255,12.527473040446893
2030-08-10 01:00:00,135.08896788231766,12.527306324376696,12.527468072949887
2030-08-10 02:00:00,135.08899048535088,12.527302536630486,12.527461501711514
2030-08-10 03:00:00,135.0889972750913,12.527292578542983,12.527472404452965
2030-08-10 04:00:00,135.08900629688378,12.527285399540652,12.527491756343764
2030-08-10 05:00:00,135.08900728393084,12.52728834251866,12.527495372647033
2030-08-10 06:00:00,135.0889765191359,12.527290801037184,12.527469653504753
2030-08-10 07:00:00,60.00122275921652,12.527287172178148,12.527404844640536
2030-08-10 08:00:00,59.99972443327856,12.527281439845478,12.527308153719545
2030-08-10 09:00:00,12.527262065107795,12.527274684647637,12.527025502731204
2030-08-10 10:00:00,9.48195107551791,12.527270067464997,9.482021596003799
2030-08-10 11:00:00,0.0012114046049816118,12.527269839772089,0.0016837837630849588
2030-08-10 12:00:00,0.003113848747493032,12.527270108626219,0.0033687244593068044
2030-08-10 13:00:00,9.47938463025761,12.527271534916508,9.479636277569567
2030-08-10 14:00:00,12.525976094404824,12.527272744857328,12.525914294777955
2030-08-10 15:00:00,12.5275371420893,12.527279648408694,12.527219103760928
2030-08-10 16:00:00,60.0000223266467,12.52728698085371,12.52737171299195
2030-08-10 17:00:00,135.08890014722652,12.527302680817229,12.527440899990726
2030-08-10 18:00:00,135.08900364848242,12.5273269710202,12.527486919367519
2030-08-10 19:00:00,135.08900168164956,12.527302673334816,12.527484834565257
2030-08-10 20:00:00,135.08898146344018,12.5272964150683,12.52748323579398
2030-08-10 21:00:00,135.0882826387267,12.527303577197927,12.527472861668684
2030-08-10 22:00:00,79.27039347529394,12.527297942774567,12.527473738942717
2030-08-10 23:00:00,79.27044629893953,12.52728573076729,12.52746991944332
2030-08-11 00:00:00,79.2704138321043,12.527285180091802,12.527460076810272
2030-08-11 01:00:00,79.27047687086909,12.527283566550068,12.527456047966552
2030-08-11 02:00:00,79.27086790897415,12.527282591991025,12.527447521649265
2030-08-11 03:00:00,93.65541574374105,12.527280531227007,12.52744697428625
2030-08-11 04:00:00,135.08845038957588,12.527278466418114,12.527453315588417
2030-08-11 05:00:00,79.27108217541554,12.527278856065095,12.527451032553435
2030-08-11 06:00:00,60.000068869571976,12.52727871249525,12.527406789261178
2030-08-11 07:00:00,59.99963143912752,12.527276839036858,12.527305663529804
2030-08-11 08:00:00,9.48221131489592,12.52726806797945,9.482256746005419
2030-08-11 09:00:00,7.634501482327857e-05,12.527261984869256,0.0005510742659227406
2030-08-11 10:00:00,3.766036885472166e-05,12.527253226506218,0.00035148445467177327
2030-08-11 11:00:00,2.706366731967785e-05,12.527254693289251,0.00033418685394899245
2030-08-11 12:00:00,2.2861852168395755e-05,12.527250956236827,0.00036154084833128763
2030-08-11 13:00:00,3.1165645879723745e-05,12.527255004884864,0.00047979579286823215
2030-08-11 14:00:00,8.822680266996692e-05,12.52725980885134,0.0008912313439714569
2030-08-11 15:00:00,9.483085284291183,12.527266644787233,9.48309475806874
2030-08-11 16:00:00,59.99964970014641,12.52727741488847,12.527306667222291
2030-08-11 17:00:00,60.01523904279173,12.527283605800221,12.527403594807268
2030-08-11 18:00:00,135.08711125605717,12.52729058266294,12.527469020442652
2030-08-11 19:00:00,135.08805501082824,12.527285992890938,12.527467875715047
2030-08-11 20:00:00,79.27531459164857,12.52728419038606,12.527466527302593
2030-08-11 21:00:00,79.27043944814778,12.52728726060559,12.527459916464977
2030-08-11 22:00:00,79.27032519814139,12.527286044002722,12.527463899015856
2030-08-11 23:00:00,79.27032461868605,12.527282590835966,12.527460527630865
2030-08-12 00:00:00,79.27033660703133,12.527282892010176,12.527471609441676
2030-08-12 01:00:00,79.27036401431585,12.527281776305244,12.52746881434723
2030-08-12 02:00:00,79.27040075177143,12.527281274691632,12.527462515731713
2030-08-12 03:00:00,79.27042707744454,12.527279846288366,12.527467821383652
2030-08-12 04:00:00,93.64576592310641,12.52727770194501,12.527475622867527
2030-08-12 05:00:00,79.27037361657025,12.527277934868835,12.527467822274387
2030-08-12 06:00:00,60.000049196510886,12.527277611906957,12.527405733791909
2030-08-12 07:00:00,59.99955568234072,12.527275608642412,12.527278984685442
2030-08-12 08:00:00,9.482368770900779,12.527265987480419,9.482372071119698
2030-08-12 09:00:00,5.323367632947585e-05,12.527259925529506,0.00032670328665587354
2030-08-12 10:00:00,2.9009290176287248e-05,12.5272507635691,0.00020523039875298832
2030-08-12 11:00:00,3.938111211090768e-05,12.52724988818045,0.000192809457127545
2030-08-12 12:00:00,0.00010736169538208433,12.527240421972428,0.00022260178747046666
2030-08-12 13:00:00,0.0002805114674879927,12.5272429945162,0.00037523310589512437
2030-08-12 14:00:00,9.481976313296737,12.527249584045421,9.481977245585504
2030-08-12 15:00:00,12.527396595230886,12.52726984277615,12.526882665543907
2030-08-12 16:00:00,59.99998520025126,12.527275111478817,12.527275224585154
2030-08-12 17:00:00,79.30955491698185,12.527279741407256,12.527413582230166
2030-08-12 18:00:00,135.0889962982615,12.527285148201848,12.527480310934195
2030-08-12 19:00:00,135.08897860064803,12.527284484806842,12.527477754381835
2030-08-12 20:00:00,79.27043597346619,12.527284558246668,12.527476802557345
2030-08-12 21:00:00,60.00346335928652,12.527287743761917,12.527467678704852
2030-08-12 22:00:00,60.00000907570505,12.527286978231132,12.527470973928757
2030-08-12 23:00:00,59.999989744829854,12.527285953727187,12.527468041633256
2030-08-13 00:00:00,60.000067870706935,12.52728842186231,12.527480190622612
2030-08-13 01:00:00,60.00022635637126,12.527287170163618,12.527479058942845
2030-08-13 02:00:00,60.011188114069775,12.52728794862196,12.527471692164
2030-08-13 03:00:00,79.27034847710307,12.527285215858683,12.527486220327773
2030-08-13 04:00:00,135.0888689338135,12.527281499295153,12.527504821316356
2030-08-13 05:00:00,135.0888763883857,12.52728396513794,12.527508727789742
2030-08-13 06:00:00,60.000775625924604,12.527285385515587,12.527484590660322
2030-08-13 07:00:00,59.99961853077305,12.527283324733617,12.527409619771712
2030-08-13 08:00:00,9.481629925355497,12.527273901961761,9.482151193248384
2030-08-13 09:00:00,2.653507710075789e-05,12.527272037283183,9.462338157497621
2030-08-13 10:00:00,1.2101463756741493e-05,12.527270813407085,0.0012138746849688416
2030-08-13 11:00:00,9.873755384907903e-06,12.52727098455307,0.0008437271429636705
2030-08-13 12:00:00,1.1163167991507603e-05,12.52727081874035,0.0009363627324034951
2030-08-13 13:00:00,1.9253891391762053e-05,12.527272061633994,0.0013524189260106937
2030-08-13 14:00:00,8.324777222284014e-05,12.527272702202936,0.004067064185284698
2030-08-13 15:00:00,12.527144011087294,12.52727527562729,12.527045733882757
2030-08-13 16:00:00,59.99983788744473,12.527284836944256,12.527384683204318
2030-08-13 17:00:00,79.2705516231066,12.527297957373776,12.527461767037162
2030-08-13 18:00:00,135.08898778031977,12.527325502017552,12.527498069591687
2030-08-13 19:00:00,79.27055777813773,12.527319811518282,12.527498641136845
2030-08-13 20:00:00,60.000028857926736,12.527325239586956,12.527497291602259
2030-08-13 21:00:00,59.99963294166966,12.527395819571211,12.527491472386828
2030-08-13 22:00:00,12.528157282389452,12.527348826077287,12.527468654997392
2030-08-13 23:00:00,12.528993837951706,12.527299820672852,12.527463907839774
2030-08-14 00:00:00,12.530026421111433,12.52729856214656,12.527463055212365
2030-08-14 01:00:00,59.99968561546154,12.527293833709336,12.527469412385472
2030-08-14 02:00:00,59.99998138804444,12.52729215063664,12.52746870509327
2030-08-14 03:00:00,60.00010690131024,12.527288505002616,12.52748472569965
2030-08-14 04:00:00,79.27030225847739,12.527284631005118,12.527504096862074
2030-08-14 05:00:00,79.27035974416539,12.52728637855489,12.527506252139037
2030-08-14 06:00:00,60.000126396942946,12.52728592208598,12.527490412973066
2030-08-14 07:00:00,59.999620149865635,12.527283382476526,12.527439184566287
2030-08-14 08:00:00,12.52661540591819,12.527274422232395,12.526667982727716
2030-08-14 09:00:00,4.0790997232037955e-05,12.527272394487227,9.482011752530028
2030-08-14 10:00:00,1.4234787081323399e-05,12.527271659860162,9.474091016159926
2030-08-14 11:00:00,1.1958545645972209e-05,12.527272258603261,0.37624428590643044
2030-08-14 12:00:00,1.40092492881461e-05,12.527271975014482,0.376005218623618
2030-08-14 13:00:00,3.086849284903715e-05,12.527272854574221,0.37857061043094953
2030-08-14 14:00:00,0.00044899120904777224,12.527274015134026,9.4812949860581
2030-08-14 15:00:00,12.52736820881005,12.527280272922326,12.527211349244146
2030-08-14 16:00:00,60.00001163806457,12.527290364066939,12.52740947497945
2030-08-14 17:00:00,79.27037554916966,12.527305802653245,12.527472396950312
2030-08-14 18:00:00,79.34556696028994,12.527327598073233,12.527497969071462
2030-08-14 19:00:00,60.01122531777514,12.527324154708367,12.52749913068601
2030-08-14 20:00:00,59.99996905366697,12.527345368558201,12.527501442966283
2030-08-14 21:00:00,59.99963730811967,12.527459273756904,12.527505767857292
2030-08-14 22:00:00,59.99949902424606,12.527426133259723,12.52749873715129
2030-08-14 23:00:00,59.99954690884614,12.527321465309797,12.527478688206429
2030-08-15 00:00:00,59.99970651261256,12.527319855913214,12.527515409014725
2030-08-15 01:00:00,59.999982700082406,12.527307052169817,12.527521263989911
2030-08-15 02:00:00,60.00008790508583,12.52730244491977,12.527521786186298
2030-08-15 03:00:00,79.27023572685289,12.527293729298435,12.52751608530798
2030-08-15 04:00:00,135.08857830671786,12.527286377261403,12.527506961414346
2030-08-15 05:00:00,135.08895774495903,12.527286496426314,12.527488454628868
2030-08-15 06:00:00,79.27025900154653,12.527285143291467,12.527469350210069
2030-08-15 07:00:00,59.999751968953554,12.52728269781528,12.52739511982094
2030-08-15 08:00:00,12.526750775561505,12.527274785929874,12.52672487215645
2030-08-15 09:00:00,4.6935367943114836e-05,12.527273435330244,0.0045220322309991465
2030-08-15 10:00:00,1.3651736214056022e-05,12.527272606796032,0.0010782963992653502
2030-08-15 11:00:00,9.96163312705503e-06,12.527273324081762,0.001062579166543146
2030-08-15 12:00:00,1.2033285316283523e-05,12.527272634102935,0.0018451447845677649
2030-08-15 13:00:00,3.3412547487051704e-05,12.52727286705067,0.002812841545175891
2030-08-15 14:00:00,9.481900480351644,12.527273100483399,9.482075680654889
2030-08-15 15:00:00,59.99961267787229,12.527280467141281,12.52730713410816
2030-08-15 16:00:00,79.27028496568005,12.527285153280015,12.527407608015693
2030-08-15 17:00:00,135.08900168157544,12.527291009811051,12.52746782820727
2030-08-15 18:00:00,135.0890128727625,12.52729964814973,12.527503432234269
2030-08-15 19:00:00,135.08900172369232,12.52729783180348,12.527499232026457
2030-08-15 20:00:00,135.0889079492581,12.52729741134524,12.527505796048729
2030-08-15 21:00:00,79.2703249455559,12.527301370221721,12.527507949608662
2030-08-15 22:00:00,60.011366075828235,12.52729096015264,12.527516838727934
2030-08-15 23:00:00,60.01134562429517,12.527285254884191,12.527519803455107
2030-08-16 00:00:00,60.0114989668782,12.527284194815252,12.527491612483942
2030-08-16 01:00:00,60.011646724023606,12.527281039126137,12.527488862938299
2030-08-16 02:00:00,79.26787620743258,12.527280230216093,12.52748397720643
2030-08-16 03:00:00,79.27030934692755,12.52727756504828,12.527498670224304
2030-08-16 04:00:00,135.0883543876871,12.52727453794048,12.527518581351401
2030-08-16 05:00:00,135.08895594916106,12.52727535462418,12.527523842607573
2030-08-16 06:00:00,79.27013837378571,12.52727589864785,12.527501531471529
2030-08-16 07:00:00,59.99970303999385,12.527274752225821,12.52743035974411
2030-08-16 08:00:00,12.525404879121233,12.527266153735964,12.525451539410412
2030-08-16 09:00:00,3.752800817657347e-05,12.527260621163805,0.11608683234841215
2030-08-16 10:00:00,1.2676034403770724e-05,12.527261944233032,0.0007251391117839006
2030-08-16 11:00:00,7.523776872322476e-06,12.527256273286184,0.00044717265241561596
2030-08-16 12:00:00,6.909203103487568e-06,12.527251625425725,0.0004134835455715802
2030-08-16 13:00:00,9.636095320692458e-06,12.527255354480985,0.0005686745712603499
2030-08-16 14:00:00,2.2851707498940315e-05,12.527259428227808,0.0014305619158046282
2030-08-16 15:00:00,0.000403519798008299,12.527265607117442,9.48163223442953
2030-08-16 16:00:00,59.99968867376793,12.527276474872385,12.52740023487489
2030-08-16 17:00:00,79.27035558691085,12.527281410644719,12.527477963891856
2030-08-16 18:00:00,135.08885716343568,12.527288913002613,12.52751148570482
2030-08-16 19:00:00,79.26997243996296,12.527289759453197,12.527511167185367
2030-08-16 20:00:00,60.00002580074215,12.527292005109844,12.527509957034113
2030-08-16 21:00:00,59.99972562861175,12.52730230378529,12.52749251619025
2030-08-16 22:00:00,59.99994889155162,12.527301088673084,12.527498620349434
2030-08-16 23:00:00,59.99971437172562,12.527291577804135,12.527490081434735
2030-08-17 00:00:00,59.99970325028831,12.527293144231772,12.527486786918914
2030-08-17 01:00:00,59.99989896749952,12.527289380496768,12.527488876224197
2030-08-17 02:00:00,60.000037906127176,12.527289061324154,12.527484123878821
2030-08-17 03:00:00,60.00351671722742,12.527286086270578,12.527494705444951
2030-08-17 04:00:00,79.27051379596651,12.527282213000506,12.527518469416066
2030-08-17 05:00:00,135.08892026337466,12.527284613512165,12.527523511768637
2030-08-17 06:00:00,135.08895345282582,12.527286155866278,12.527517073783542
2030-08-17 07:00:00,135.08891597590156,12.527283163180982,12.527490167652763
2030-08-17 08:00:00,79.27046573582587,12.527278878738127,12.527445629401427
2030-08-17 09:00:00,60.010043831409725,12.527276307021566,12.52738904581091
2030-08-17 10:00:00,60.00040631113945,12.5272757408693,12.527325917212195
2030-08-17 11:00:00,60.00006087202694,12.527275946007649,12.52728875095909
2030-08-17 12:00:00,60.00001975235536,12.527275914895428,12.527249948157163
2030-08-17 13:00:00,60.00003627385472,12.5272776315378,12.527274048024829
2030-08-17 14:00:00,60.00014628263202,12.527279945992632,12.527299532058981
2030-08-17 15:00:00,79.27033630398117,12.527285016256428,12.527345382685176
2030-08-17 16:00:00,135.08900114381836,12.527301881062305,12.527431200892849
2030-08-17 17:00:00,135.08903581197674,12.527390384838327,12.527502837442048
2030-08-17 18:00:00,305.8258499606639,12.528107975891771,12.527580977929418
2030-08-17 19:00:00,305.8264124985639,12.527536799652808,12.527551673633752
2030-08-17 20:00:00,135.08976842410812,12.527439397761228,12.527538049095057
2030-08-17 21:00:00,135.08905425063415,12.527582468730543,12.527551599021535
2030-08-17 22:00:00,135.08903278547484,12.5273641165777,12.527521581756446
2030-08-17 23:00:00,135.08902209437494,12.527294400548271,12.527509982340234
2030-08-18 00:00:00,135.0890117172825,12.527293357159806,12.527503042692857
2030-08-18 01:00:00,135.08900986351628,12.527290151807392,12.527496686756422
2030-08-18 02:00:00,135.08900877054865,12.52728796082738,12.52748638027515
2030-08-18 03:00:00,135.0890089656239,12.527284985478218,12.527483140727782
2030-08-18 04:00:00,135.08901176530435,12.527281931814153,12.52748965125302
2030-08-18 05:00:00,135.08900925058649,12.527283337789413,12.527491955357192
2030-08-18 06:00:00,135.08897890558362,12.527283742387628,12.527460429237252
2030-08-18 07:00:00,60.000072738305434,12.527281374942504,12.527378946111908
2030-08-18 08:00:00,12.527492288815175,12.52727726031648,12.52717466439718
2030-08-18 09:00:00,0.00024821504372102396,12.527270519757622,0.0008005364520095174
2030-08-18 10:00:00,2.4455797397650157e-05,12.527269302374407,0.0002800390444873115
2030-08-18 11:00:00,1.6450254020394963e-05,12.527269190974039,0.00020417367223746265
2030-08-18 12:00:00,1.4526966667853622e-05,12.527268893808452,0.00018792136660295
2030-08-18 13:00:00,1.8044376062593818e-05,12.527270814828626,0.00022388525759385667
2030-08-18 14:00:00,5.344531092899089e-05,12.527272710177385,0.0003742682628159151
2030-08-18 15:00:00,12.527052434810136,12.527275825840661,12.526843918101717
2030-08-18 16:00:00,59.99999927065252,12.52729110380007,12.527331420917733
2030-08-18 17:00:00,135.0889689790197,12.52731799747744,12.527460561579277
2030-08-18 18:00:00,135.08901103097628,12.52737261970413,12.527517986812896
2030-08-18 19:00:00,135.0890078820933,12.527318548724907,12.527508592321283
2030-08-18 20:00:00,135.08899597672553,12.527314760030835,12.527508445643704
2030-08-18 21:00:00,135.08854611439878,12.527332568195561,12.527503560701007
2030-08-18 22:00:00,60.01171721742855,12.527312147271005,12.527504153905284
2030-08-18 23:00:00,60.00009094368956,12.52729157775957,12.527500026563757
2030-08-19 00:00:00,60.000073782113674,12.527290800452812,12.527491608971403
2030-08-19 01:00:00,60.000073409720486,12.52728813565318,12.527485645857269
2030-08-19 02:00:00,60.00016500306405,12.52728718389335,12.527472893320919
2030-08-19 03:00:00,60.00291767046002,12.527284644069368,12.527470408286717
2030-08-19 04:00:00,70.84566647449446,12.527281156485262,12.527477893628031
2030-08-19 05:00:00,60.000133475071856,12.527281455020784,12.527471558524281
2030-08-19 06:00:00,59.99958069126433,12.527281844949849,12.5274060152625
2030-08-19 07:00:00,9.481402595004754,12.527273281710222,9.482040065725178
2030-08-19 08:00:00,2.9375795319985534e-05,12.527272084537628,0.0011393735062483756
2030-08-19 09:00:00,7.890413453956653e-06,12.527270539761048,0.0003345888136024877
2030-08-19 10:00:00,3.8958505579782455e-06,12.527269476913716,0.00019465720461788887
2030-08-19 11:00:00,2.3616420352697636e-06,12.527270155931546,0.00016394421680632342
2030-08-19 12:00:00,2.053527730834959e-06,12.527269602352375,0.00015253862176223265
2030-08-19 13:00:00,3.073794363416858e-06,12.527271166220999,0.00018108407367132843
2030-08-19 14:00:00,7.296518653792527e-06,12.527273028946183,0.00027073629310788154
2030-08-19 15:00:00,3.660888806902863e-05,12.527275695289973,0.000824179003370632
2030-08-19 16:00:00,12.527322286672572,12.527284927773687,12.527174069064188
2030-08-19 17:00:00,60.00017085275184,12.527315226169776,12.527462876622753
2030-08-19 18:00:00,79.27046176526135,12.527357648651268,12.527518341778418
2030-08-19 19:00:00,60.012236329843304,12.52731769595357,12.527510672000972
2030-08-19 20:00:00,60.000018841717974,12.527316813547541,12.527509530100716
2030-08-19 21:00:00,59.99964162616878,12.527346144499461,12.527499609934239
2030-08-19 22:00:00,12.527579323322271,12.527308653590808,12.527424271952441
2030-08-19 23:00:00,12.527558522839907,12.527298447724206,12.527410094732659
2030-08-20 00:00:00,59.99966200904388,12.527311335620105,12.527501217595685
2030-08-20 01:00:00,59.99987213315108,12.527302992311888,12.52749992815734
2030-08-20 02:00:00,60.000019256205704,12.52730503463954,12.52749339019283
2030-08-20 03:00:00,60.00010709383297,12.527297998870381,12.527502952237228
2030-08-20 04:00:00,79.27021171038723,12.527288889520868,12.527523844694727
2030-08-20 05:00:00,79.27039476381199,12.527294377470753,12.527531917091588
2030-08-20 06:00:00,60.000212965262506,12.527303428578488,12.527514000918515
2030-08-20 07:00:00,59.99884966419003,12.527295690215396,12.527432832464344
2030-08-20 08:00:00,9.718409833116185,12.527278479027927,9.718469072991866
2030-08-20 09:00:00,7.199985657833525e-05,12.527276384431389,0.004679497554660995
2030-08-20 10:00:00,2.343811942014437e-05,12.52727513519676,0.000628994837159034
2030-08-20 11:00:00,1.5115532221631875e-05,12.527274815562123,0.00042056819704675675
2030-08-20 12:00:00,1.4415390090498217e-05,12.527274668325056,0.0004036220420857717
2030-08-20 13:00:00,2.3208630512709052e-05,12.527276060435725,0.000529476522946921
2030-08-20 14:00:00,0.00011913123525608254,12.527277463203063,0.0011679598407576294
2030-08-20 15:00:00,12.527374499437167,12.52728717392165,12.52715813319922
2030-08-20 16:00:00,60.01111103875436,12.52732445186482,12.527424483787442
2030-08-20 17:00:00,135.08900508696647,12.527595985959124,12.527558996902709
2030-08-20 18:00:00,135.08902842898033,14.788510055944796,12.527609405309022
2030-08-20 19:00:00,135.0890156452658,12.527617684011602,12.527578424440435
2030-08-20 20:00:00,135.08900189775795,12.52758435642896,12.527572367307215
2030-08-20 21:00:00,135.08898683798532,12.52812235910551,12.52758890743462
2030-08-20 22:00:00,79.27052267380841,12.527695665492502,12.52757656385802
2030-08-20 23:00:00,79.27030854409072,12.527405756088228,12.527535691558114
2030-08-21 00:00:00,60.011453753091544,12.52748587446425,12.527543350421226
2030-08-21 01:00:00,60.001631705295786,12.527410199229053,12.527527526444828
2030-08-21 02:00:00,79.26988149475535,12.527421536101429,12.527522941733878
2030-08-21 03:00:00,79.27050616926111,12.527352005484317,12.527519052622665
2030-08-21 04:00:00,135.0889833260071,12.527310662328006,12.527535306214844
2030-08-21 05:00:00,135.0890012542268,12.527346503499757,12.527546565557195
2030-08-21 06:00:00,135.0889763934557,12.527442614910996,12.527543472992704
2030-08-21 07:00:00,60.00008365838205,12.527352063890248,12.527462565045901
2030-08-21 08:00:00,45.42236044703321,12.527314084990572,12.527346435137005
2030-08-21 09:00:00,0.0013436854654616452,12.527281540754302,0.004984990009984472
2030-08-21 10:00:00,3.842666035426009e-05,12.527279596449262,0.0006504055571063436
2030-08-21 11:00:00,1.7855083004202027e-05,12.527279344870294,0.0004159972867946919
2030-08-21 12:00:00,1.3926795238354356e-05,12.527279054968089,0.0004102600473743223
2030-08-21 13:00:00,1.8837993394247842e-05,12.527280592817988,0.0006291123628878765
2030-08-21 14:00:00,3.331557003453001e-05,12.52728226713134,0.0016439800414528353
2030-08-21 15:00:00,0.00013697092657146876,12.527287339016766,9.481996064430447
2030-08-21 16:00:00,12.527406118298535,12.527380090414862,12.527351501404581
2030-08-21 17:00:00,60.00000850421124,50.793421058970125,12.527593434610857
2030-08-21 18:00:00,79.27012917650046,60.00008692450748,12.527614573631055
2030-08-21 19:00:00,79.27036204722847,50.793257461933536,12.527614473428002
2030-08-21 20:00:00,135.0888079348888,50.7931956320955,12.527614993263
2030-08-21 21:00:00,135.0889873874025,59.99984373232928,12.527607519953563
2030-08-21 22:00:00,135.08898119910154,50.79332246756621,12.527609558900622
2030-08-21 23:00:00,135.08899664704433,12.527925580797273,12.52758726626871
2030-08-22 00:00:00,135.08899864742673,12.528353890618872,12.527594789969129
2030-08-22 01:00:00,135.08899946502072,12.527571346148761,12.527565084306843
2030-08-22 02:00:00,135.0889996982792,12.527523792979991,12.527554263103411
2030-08-22 03:00:00,135.08900453087267,12.527365980263312,12.527535419025298
2030-08-22 04:00:00,135.08901623641668,12.527309260443996,12.527553174252816
2030-08-22 05:00:00,135.08902849154677,12.527335295279045,12.527563150354618
2030-08-22 06:00:00,135.08901076031646,12.527395670675439,12.527551494037468
2030-08-22 07:00:00,135.0889096056704,12.527335846429196,12.527480736296381
2030-08-22 08:00:00,60.00007017666018,12.527301519961476,12.527362998595478
2030-08-22 09:00:00,59.99958029201526,12.527287865815197,12.527253553936262
2030-08-22 10:00:00,12.527338950971892,12.527280134337161,12.526936082407044
2030-08-22 11:00:00,12.527306483511532,12.527279112926408,12.52683071762011
2030-08-22 12:00:00,12.527509547538118,12.527280597588543,12.526940022566151
2030-08-22 13:00:00,59.99959634078644,12.52728412093984,12.527158082634518
2030-08-22 14:00:00,60.000029986679245,12.527286002637084,12.527232784133384
2030-08-22 15:00:00,79.27037639723362,12.527293163680042,12.527341498315842
2030-08-22 16:00:00,135.08900334878427,12.527316947306263,12.527472174131034
2030-08-22 17:00:00,135.08904493686825,12.527386203333663,12.527542529426011
2030-08-22 18:00:00,135.09021277441389,12.527465084160589,12.527574701894878
2030-08-22 19:00:00,135.0892369232663,12.527335229216987,12.527559077744627
2030-08-22 20:00:00,135.08903637452477,12.527332298909272,12.527560653579187
2030-08-22 21:00:00,135.0890169271745,12.527373116623494,12.52755372826141
2030-08-22 22:00:00,135.08900318017206,12.527325558865414,12.527542609750526
2030-08-22 23:00:00,135.08898731134914,12.527305159682328,12.527536017213606
2030-08-23 00:00:00,79.27057226101137,12.527311041036649,12.527532668970082
2030-08-23 01:00:00,79.27026100913402,12.527303513435982,12.527529143281754
2030-08-23 02:00:00,60.011179713137615,12.527303381697493,12.527519683415449
2030-08-23 03:00:00,60.00015268013076,12.527294270281345,12.52753191706961
2030-08-23 04:00:00,60.00074454284186,12.527286745397445,12.527552517116263
2030-08-23 05:00:00,60.000107703671574,12.527292861553178,12.527562712139064
2030-08-23 06:00:00,59.99925556103766,12.527299260519058,12.5275330817189
2030-08-23 07:00:00,0.0008928755827728446,12.527279695471407,9.482455088911555
2030-08-23 08:00:00,2.7876193757654586e-05,12.527277251354285,9.482245717477852
2030-08-23 09:00:00,1.0974589197188062e-05,12.527274972781925,9.481937465709091
2030-08-23 10:00:00,8.140220899315399e-06,12.52727330973903,0.005225982209471917
2030-08-23 11:00:00,4.948904463969956e-06,12.527273006727228,0.0018806115717379353
2030-08-23 12:00:00,3.6164209924022396e-06,12.527272625283237,0.0018181710935891715
2030-08-23 13:00:00,4.3832537452360175e-06,12.527273387740934,0.0034387432105369487
2030-08-23 14:00:00,6.760872533060741e-06,12.52727414221863,0.1923634715648188
2030-08-23 15:00:00,1.5061388983170437e-05,12.527276276408884,9.481994048666644
2030-08-23 16:00:00,9.15954314980944e-05,12.527280139237595,9.482330833840237
2030-08-23 17:00:00,59.99938495889733,12.527368092099096,12.52752832582182
2030-08-23 18:00:00,60.00042052969305,12.527690352765918,12.527601826892422
2030-08-23 19:00:00,60.00176682926668,12.527433547149485,12.527565000217692
2030-08-23 20:00:00,60.00016673297887,12.527433816297151,12.527567630369916
2030-08-23 21:00:00,60.00004671820822,12.527618882842035,12.527590679258537
2030-08-23 22:00:00,59.99999835095828,12.527513645050021,12.527572392481488
2030-08-23 23:00:00,59.99991199343583,12.527358640344573,12.527544556967769
2030-08-24 00:00:00,59.99974735854211,12.527392231962478,12.527552364809964
2030-08-24 01:00:00,59.99971936053188,12.527349725637578,12.527543622671146
2030-08-24 02:00:00,59.999894528795664,12.527348238353625,12.527540325553673
2030-08-24 03:00:00,60.00001960000842,12.527314119145558,12.527552542491321
2030-08-24 04:00:00,60.00475644989365,12.527296708708043,12.527571758688822
2030-08-24 05:00:00,79.26986235811854,12.527307966260196,12.52758090305765
2030-08-24 06:00:00,60.00001039194541,12.527319544322914,12.527565730438795
2030-08-24 07:00:00,12.527324797220073,12.52729183217616,12.527301171106487
2030-08-24 08:00:00,0.00010854565531659501,12.527278701849568,9.482270375441658
2030-08-24 09:00:00,2.431272762138462e-05,12.527275653776087,9.481859795079965
2030-08-24 10:00:00,1.4890142928931655e-05,12.527273809399958,8.679456495859295
2030-08-24 11:00:00,1.1052952423280415e-05,12.527273348406197,8.678888582450682
2030-08-24 12:00:00,1.0578795226294868e-05,12.52727283369449,8.68568528562713
2030-08-24 13:00:00,1.3801909645323349e-05,12.527273353218334,9.481725506372607
2030-08-24 14:00:00,3.622869653853409e-05,12.52727412592958,9.482139440182223
2030-08-24 15:00:00,12.526453233226055,12.527276614733637,12.526506852060542
2030-08-24 16:00:00,60.000014309480925,12.527295164637499,12.527488103647073
2030-08-24 17:00:00,135.08899707853865,12.527325664983437,12.527553371303764
2030-08-24 18:00:00,135.08902596236842,12.527379025462917,12.527586733444508
2030-08-24 19:00:00,135.0890247872734,12.527331290150869,12.527579708030316
2030-08-24 20:00:00,135.08901520743893,12.527322703996127,12.527576993281997
2030-08-24 21:00:00,135.08900649564256,12.527338587212398,12.527564845340748
2030-08-24 22:00:00,135.088993489654,12.527312299524056,12.527560601662117
2030-08-24 23:00:00,135.08885585972587,12.527293428627672,12.527554357918234
2030-08-25 00:00:00,79.27099828690187,12.527293482765426,12.527542826362165
2030-08-25 01:00:00,79.2713300333692,12.527291360044728,12.527538033792553
2030-08-25 02:00:00,79.27105856801403,12.52729087170701,12.527528087649443
2030-08-25 03:00:00,79.27112449994455,12.527287904549667,12.52752211574807
2030-08-25 04:00:00,93.65656322260293,12.527283916641283,12.527530502538568
2030-08-25 05:00:00,93.65671366795588,12.52728508868222,12.527535293582138
2030-08-25 06:00:00,79.27024904644135,12.527284932240882,12.52751731074855
2030-08-25 07:00:00,60.000071174841985,12.527282593104246,12.52747557992902
2030-08-25 08:00:00,59.99973514160494,12.527279357019783,12.52744291666788
2030-08-25 09:00:00,12.527551427870318,12.527275766260573,12.527293910227876
2030-08-25 10:00:00,12.527565503448882,12.52727461152972,12.527230314349271
2030-08-25 11:00:00,12.527190006739207,12.527270635252535,12.527030268705017
2030-08-25 12:00:00,12.52677611323963,12.527266749742264,12.526695208131343
2030-08-25 13:00:00,12.527131798374265,12.52726841358708,12.526989883135217
2030-08-25 14:00:00,12.527348340055964,12.527272125635136,12.527169343824081
2030-08-25 15:00:00,59.99963077195276,12.527275564125375,12.527407673142507
2030-08-25 16:00:00,79.2703315687385,12.527277821787406,12.527502401942655
2030-08-25 17:00:00,135.08900559078964,12.527281216265692,12.527545163309398
2030-08-25 18:00:00,135.08901567560142,12.527283439352798,12.527570997729882
2030-08-25 19:00:00,135.0890076276156,12.52728301118259,12.527564361578698
2030-08-25 20:00:00,135.08899291189846,12.52728408758158,12.527562124806892
2030-08-25 21:00:00,79.27122686241285,12.527286472390188,12.527553791043829
2030-08-25 22:00:00,79.27010038039049,12.527285994243357,12.527554882372897
2030-08-25 23:00:00,60.01143013243941,12.527281617485642,12.527546530071959
2030-08-26 00:00:00,60.00007800837641,12.52728033864789,12.527575506389965
2030-08-26 01:00:00,60.00002191070463,12.5272783655264,12.52757186546387
2030-08-26 02:00:00,60.000007847923314,12.527277495687485,12.52756585964471
2030-08-26 03:00:00,59.999968820400014,12.527275493934212,12.527570836246923
2030-08-26 04:00:00,59.999904238700765,12.527272968408424,12.527577552634924
2030-08-26 05:00:00,59.9996854394717,12.527273168817374,12.527566632988965
2030-08-26 06:00:00,12.527651827972518,12.527271951021035,12.527439740049644
2030-08-26 07:00:00,0.0010860432238965353,12.527257956237008,9.482344347014203
2030-08-26 08:00:00,3.716281922687626e-05,12.527239731789516,9.482144933012819
2030-08-26 09:00:00,1.4823374596228057e-05,12.527192373009711,0.11954528770386257
2030-08-26 10:00:00,1.2076296412395538e-05,12.527140433728164,0.0008332131932349098
2030-08-26 11:00:00,6.966873481239474e-06,12.524021553127568,0.00034986814813450236
2030-08-26 12:00:00,4.851520142913101e-06,9.533078931187523,0.0002764893645803568
2030-08-26 13:00:00,5.376232076111509e-06,0.0018504121017031139,0.0003473339990683706
2030-08-26 14:00:00,7.537246893469714e-06,0.0010889778477576328,0.0007126496928070898
2030-08-26 15:00:00,2.3326411279705977e-05,9.53210627255794,9.48196986611469
2030-08-26 16:00:00,12.527160762394438,12.527243536068438,12.527150079207786
2030-08-26 17:00:00,59.9999278845954,12.527271701642348,12.527551556044406
2030-08-26 18:00:00,60.000245455937744,12.527274363674522,12.527581311536352
2030-08-26 19:00:00,60.00016884784054,12.527274824559754,12.527581832562646
2030-08-26 20:00:00,60.00001024368339,12.52727548033775,12.527578173940924
2030-08-26 21:00:00,59.999622483332,12.527276462699774,12.527562718182708
2030-08-26 22:00:00,12.52737026908192,12.527274247306195,12.527350727441444
2030-08-26 23:00:00,0.0008718017463077033,12.52726919941233,12.522099662680375
2030-08-27 00:00:00,0.00014073059483481532,12.527270292163958,12.524341813746034
2030-08-27 01:00:00,4.937579145589979e-05,12.527269133095615,12.524458431277708
2030-08-27 02:00:00,2.9043708337967636e-05,12.52726930487006,12.522889207384651
2030-08-27 03:00:00,2.873936375818025e-05,12.527267702904282,12.525903155150445
2030-08-27 04:00:00,5.399235215008957e-05,12.527264760857049,12.526747600903661
2030-08-27 05:00:00,0.0001231020708499055,12.52726998653543,12.52686641437399
2030-08-27 06:00:00,4.687847152520089e-05,12.52727218698787,12.525886339406185
2030-08-27 07:00:00,1.3766636618584175e-05,12.52727035909902,9.482519261588209
2030-08-27 08:00:00,7.311243930839167e-06,12.52726715206375,9.48220044750795
2030-08-27 09:00:00,5.968228547080871e-06,12.527263586359368,9.481872854810264
2030-08-27 10:00:00,7.448854585541683e-06,12.527266113488622,0.010401319048456528
2030-08-27 11:00:00,5.369011416372865e-06,12.527265988804174,0.002941427552915385
2030-08-27 12:00:00,4.717041818150345e-06,12.52726614017499,0.0029066759352076588
2030-08-27 13:00:00,4.6592662260576835e-06,12.527267730903986,0.007506423580988417
2030-08-27 14:00:00,5.33184578592515e-06,12.527268719930362,9.481416377937014
2030-08-27 15:00:00,7.5513197808278834e-06,12.527271730694338,9.482216580346288
2030-08-27 16:00:00,1.25298128163175e-05,12.52727544702713,9.482472673607361
2030-08-27 17:00:00,3.672443695848333e-05,12.527280659652206,9.489041939278527
2030-08-27 18:00:00,0.0001742177126986289,12.527288713638304,12.526259133601968
2030-08-27 19:00:00,0.00028695197208525097,12.527286997635201,12.52621085690771
2030-08-27 20:00:00,0.0002178158238166361,12.527286477834073,12.526083030926458
2030-08-27 21:00:00,0.00012002234990757871,12.527290517183246,12.524945490570644
2030-08-27 22:00:00,2.9105058215486868e-05,12.527290603394249,12.525412848784981
2030-08-27 23:00:00,8.174952709401043e-05,12.52728630025831,12.524888806187846
2030-08-28 00:00:00,0.0005077279759200514,12.527287754340193,12.525703549119584
2030-08-28 01:00:00,12.52710503199196,12.527288915598547,12.527206749280595
2030-08-28 02:00:00,12.527359187837245,12.527299533640871,12.5273592245685
2030-08-28 03:00:00,45.422748974542,12.527301578496008,12.527599684484812
2030-08-28 04:00:00,59.99998757423873,12.527289593618937,12.527626473746366
2030-08-28 05:00:00,60.00055969945622,12.527296732167088,12.527628219877284
2030-08-28 06:00:00,60.00007159281122,12.527304075550633,12.52761360925308
2030-08-28 07:00:00,59.99958040587468,12.527292772027067,12.527504312959124
2030-08-28 08:00:00,12.527168869796798,12.527277636937736,12.527082935312777
2030-08-28 09:00:00,0.0013095230428911732,12.527273120223072,0.002222693601100034
2030-08-28 10:00:00,0.0005253955637284326,12.527270622259493,0.000775013450715881
2030-08-28 11:00:00,8.665027880707796e-05,12.527269249249912,0.00034811709275305464
2030-08-28 12:00:00,6.85885662800576e-05,12.527268701932519,0.00032612846501933745
2030-08-28 13:00:00,0.00016494968211549525,12.527269334997982,0.0005005806896415605
2030-08-28 14:00:00,9.48211359692921,12.52727047656117,9.482201217602272
2030-08-28 15:00:00,12.528238254425181,12.527278194134851,12.527260136317127
2030-08-28 16:00:00,60.01164248295914,12.527285643328105,12.527462282960698
2030-08-28 17:00:00,135.0890079024512,12.527315347221702,12.527602133939036
2030-08-28 18:00:00,135.08903453242414,12.527386559408153,12.527637696550414
2030-08-28 19:00:00,135.08901385383743,12.527321392377416,12.527629222839096
2030-08-28 20:00:00,135.08899171427583,12.527307661874524,12.527624383275395
2030-08-28 21:00:00,79.27023145910596,12.52731081188358,12.527614190534223
2030-08-28 22:00:00,59.99965596194925,12.527303568967909,12.527607197371253
2030-08-28 23:00:00,59.99931320357217,12.527290313475532,12.527597388542745
2030-08-29 00:00:00,50.78402909670352,12.527293938505592,12.527592756674053
2030-08-29 01:00:00,50.784042127901735,12.527292414319163,12.527591504188422
2030-08-29 02:00:00,50.78418795006274,12.527289789094539,12.527587106772444
2030-08-29 03:00:00,59.999640391076454,12.527284783591313,12.52760524097721
2030-08-29 04:00:00,60.00001445865837,12.527281543581692,12.527634428533148
2030-08-29 05:00:00,60.00007928178848,12.527287287709441,12.527642991411032
2030-08-29 06:00:00,59.99964822894782,12.527297143743255,12.527613239605245
2030-08-29 07:00:00,12.527274807710507,12.527286971150716,12.527247961688774
2030-08-29 08:00:00,0.00028984059490297267,12.527280332690033,9.482343557773206
2030-08-29 09:00:00,4.409730960894495e-05,12.527278837669655,9.482085185484515
2030-08-29 10:00:00,2.515879977053944e-05,12.527278283190753,9.47905434258684
2030-08-29 11:00:00,2.4710128304328376e-05,12.527277477744974,9.479552257254117
2030-08-29 12:00:00,4.298103250406902e-05,12.52727705743969,9.482130376716839
2030-08-29 13:00:00,0.00012613967149216324,12.527277100152787,9.482451705777418
2030-08-29 14:00:00,12.52707528540702,12.527278357560135,12.527105220214116
2030-08-29 15:00:00,59.99971297900248,12.527293703204123,12.527572055389772
2030-08-29 16:00:00,79.27028899430715,12.527316068223605,12.527608596586788
2030-08-29 17:00:00,135.08900569803396,12.527586492689807,12.527654648529118
2030-08-29 18:00:00,135.0890193091753,12.592623992642446,12.527730648256394
2030-08-29 19:00:00,135.08901236576978,12.527780340873505,12.527691408256032
2030-08-29 20:00:00,135.0890068842591,12.527681623094603,12.527678459699814
2030-08-29 21:00:00,135.08900356759716,12.52798002336931,12.527693326274857
2030-08-29 22:00:00,135.0890027418215,12.527610498606009,12.527661311309203
2030-08-29 23:00:00,135.08900104045642,12.527354177542293,12.527629022370093
2030-08-30 00:00:00,135.08899866614306,12.527383318806187,12.52765169466791
2030-08-30 01:00:00,135.08900231537163,12.527333060033925,12.527648635519654
2030-08-30 02:00:00,135.08900763764316,12.527327832834999,12.527646891419863
2030-08-30 03:00:00,135.08901450553802,12.52730471850009,12.527661321636515
2030-08-30 04:00:00,135.0890322590767,12.527290895765454,12.527682568336985
2030-08-30 05:00:00,135.08906942931574,12.527300508970256,12.527688122452673
2030-08-30 06:00:00,135.08901674351856,12.527311487263477,12.527668592684364
2030-08-30 07:00:00,135.08893520660624,12.52730156623602,12.527613997029782
2030-08-30 08:00:00,60.00001773000118,12.527287517887975,12.527513830808815
2030-08-30 09:00:00,12.528238039999884,12.527279930537588,12.527326585484955
2030-08-30 10:00:00,12.524998005797276,12.527273184038677,12.52494618592539
2030-08-30 11:00:00,0.0007010535334570153,12.527272482557237,0.0012946017563069169
2030-08-30 12:00:00,0.00048579250891757743,12.527272401020513,0.0012810854994711462
2030-08-30 13:00:00,11.972784177620957,12.527272703028757,11.972757718872563
2030-08-30 14:00:00,12.528002649304636,12.527277255504487,12.527285876352195
2030-08-30 15:00:00,60.00004057484134,12.527279809425636,12.527515487186637
2030-08-30 16:00:00,135.08898289180715,12.527285328927634,12.52762536409682
2030-08-30 17:00:00,135.08902082443385,12.527302456768666,12.5276625780175
2030-08-30 18:00:00,135.08903097760435,12.527335265732143,12.5276795594054
2030-08-30 19:00:00,135.08900821870725,12.527320532602971,12.52767162546661
2030-08-30 20:00:00,135.0889651027237,12.527319755337336,12.5276679047482
2030-08-30 21:00:00,79.26794917199035,12.527342020162905,12.527659482660056
2030-08-30 22:00:00,59.99974880549949,12.52732341355113,12.52765217562228
2030-08-30 23:00:00,59.99964738759277,12.527308276094118,12.527646054803881
2030-08-31 00:00:00,59.99968750309077,12.527308147803497,12.527671846934894
2030-08-31 01:00:00,59.99978218780558,12.52729727015776,12.527674537915118
2030-08-31 02:00:00,59.99997922867261,12.527294689571136,12.527678661184837
2030-08-31 03:00:00,60.00006526416049,12.527287914487715,12.527694630445694
2030-08-31 04:00:00,79.27042090131818,12.527282933875485,12.527712628960387
2030-08-31 05:00:00,135.08899207189276,12.52728748521804,12.527718163743884
2030-08-31 06:00:00,135.0889924379774,12.527293818609964,12.527703737567577
2030-08-31 07:00:00,135.08894902340225,12.527294610178615,12.527686807139082
2030-08-31 08:00:00,79.27037132816743,12.52728749224528,12.527686878235372
2030-08-31 09:00:00,60.01120818475186,12.527283434547826,12.527691094819337
2030-08-31 10:00:00,60.010908237652075,12.527280854911623,12.527682922689245
2030-08-31 11:00:00,60.01073822621202,12.52727931615118,12.527672556207198
2030-08-31 12:00:00,60.01090832716757,12.527277136596563,12.527663130238977
2030-08-31 13:00:00,79.2702531820408,12.52727618656354,12.527648358633387
2030-08-31 14:00:00,135.0888052720846,12.52727578091799,12.527632791496425
2030-08-31 15:00:00,135.08899993154594,12.527275953224489,12.52765427872222
2030-08-31 16:00:00,135.0890187721171,12.527277178220539,12.52768295570489
2030-08-31 17:00:00,135.08908659435588,12.527280969389722,12.52769812091785
2030-08-31 18:00:00,135.08928502297113,12.527285687027192,12.527713714865456
2030-08-31 19:00:00,135.0890378675923,12.527284082836559,12.527705544442142
2030-08-31 20:00:00,135.08901911419525,12.527284185831114,12.527703288949823
2030-08-31 21:00:00,135.08900961113875,12.527287261874335,12.52769062378502
2030-08-31 22:00:00,135.08899540352084,12.527289738342006,12.527690638987224
2030-08-31 23:00:00,135.08894506340644,12.527282715144793,12.527688575801221
2030-09-01 00:00:00,79.2704432758737,12.527281223868435,12.527691256297942
2030-09-01 01:00:00,79.27031892307875,12.527279448971058,12.527690404128407
2030-09-01 02:00:00,79.27029488883836,12.527278285508146,12.527688226200553
2030-09-01 03:00:00,79.27029962769166,12.527276114030428,12.52768694167571
2030-09-01 04:00:00,79.27041704529529,12.527273667158694,12.527689862099919
2030-09-01 05:00:00,93.6542205508649,12.527274302665319,12.527688565480275
2030-09-01 06:00:00,79.27029718470705,12.52727452257849,12.527683024224558
2030-09-01 07:00:00,60.000137277235034,12.527272968196485,12.527666575444906
2030-09-01 08:00:00,59.99985559047572,12.527270063986887,12.527648846118453
2030-09-01 09:00:00,45.42268741961177,12.527267437877526,12.527619874670542
2030-09-01 10:00:00,12.527462569616088,12.527264755837678,12.527385319572927
2030-09-01 11:00:00,12.526677859762884,12.527102058945275,12.526739946483302
2030-09-01 12:00:00,9.528283658885831,9.534014697639691,9.528408467123228
2030-09-01 13:00:00,9.48383496109801,9.484143371652863,9.483928803341694
2030-09-01 14:00:00,9.533810414339776,9.534003610986474,9.533866204269327
2030-09-01 15:00:00,12.527530326502466,12.52725438754078,12.52741505394236
2030-09-01 16:00:00,59.99989446972252,12.527267279448875,12.527670203477626
2030-09-01 17:00:00,60.00016180880162,12.527272874242044,12.527700795065304
2030-09-01 18:00:00,60.00025265878958,12.527276058275088,12.527710068599333
2030-09-01 19:00:00,60.000045614537086,12.527276824735054,12.527705012105798
2030-09-01 20:00:00,60.000010503135854,12.527277419141472,12.527701509498314
2030-09-01 21:00:00,60.00000248682692,12.527279445032036,12.527697567085852
2030-09-01 22:00:00,59.99989131089377,12.527282298456157,12.52769853656082
2030-09-01 23:00:00,59.99994327189443,12.527280598779726,12.52769664758489
2030-09-02 00:00:00,59.99995543834626,12.527280094851578,12.527691321325563
2030-09-02 01:00:00,59.999919061446576,12.527279017423098,12.527690825210811
2030-09-02 02:00:00,59.99991081629824,12.527278241624117,12.527689038354765
2030-09-02 03:00:00,60.00002166167178,12.527276647096187,12.527696833287337
2030-09-02 04:00:00,60.00005877462718,12.527274499220963,12.52770482599557
2030-09-02 05:00:00,60.00011676236972,12.52727522747773,12.527697218342837
2030-09-02 06:00:00,59.999993966778675,12.527274910123868,12.527687332247652
2030-09-02 07:00:00,45.42257708005776,12.527274250670416,12.527662392512527
2030-09-02 08:00:00,12.527316808371989,12.527269686809765,12.527314272743808
2030-09-02 09:00:00,12.527182043423478,12.527261108408311,12.527214869247903
2030-09-02 10:00:00,12.527089904243047,12.527253849822955,12.527132390603867
2030-09-02 11:00:00,12.526417671811213,12.527249302884229,12.526521006638617
2030-09-02 12:00:00,12.526377555978165,12.527241615703451,12.526450718521929
2030-09-02 13:00:00,12.52700898168429,12.52724584373209,12.527015998141612
2030-09-02 14:00:00,12.527230483750856,12.527257855476819,12.527183804276444
2030-09-02 15:00:00,59.96600325718905,12.52726997173886,12.527562891712476
2030-09-02 16:00:00,60.000058660575185,12.527272953845522,12.527663210577359
2030-09-02 17:00:00,79.27041127984772,12.52727653810598,12.527693798031809
2030-09-02 18:00:00,135.08865369548948,12.52727959061157,12.527711017279259
2030-09-02 19:00:00,79.27036148992657,12.527280554220852,12.527706563736501
2030-09-02 20:00:00,79.27025575522839,12.527280632015088,12.527706001318279
2030-09-02 21:00:00,79.26846591066196,12.52728178842699,12.527699390687303
2030-09-02 22:00:00,60.00032613503398,12.527282755996566,12.527701750193955
2030-09-02 23:00:00,60.000131393571486,12.52728321896302,12.527700740281034
2030-09-03 00:00:00,60.010868522426186,12.527284938139601,12.527708121139582
2030-09-03 01:00:00,60.0012093723668,12.52728349411882,12.527707978045328
2030-09-03 02:00:00,60.00152039925003,12.527283998827443,12.527706565294466
2030-09-03 03:00:00,60.01073926550093,12.527281553517241,12.527720493873858
2030-09-03 04:00:00,79.27033100803419,12.527279483268114,12.527738780722956
2030-09-03 05:00:00,135.0889311541558,12.527283835452181,12.527742597337237
2030-09-03 06:00:00,79.27046659575193,12.52728906150765,12.527728387477595
2030-09-03 07:00:00,60.000330917029764,12.52728834660229,12.527703322288774
2030-09-03 08:00:00,59.999766302148196,12.5272834356041,12.527674734444673
2030-09-03 09:00:00,12.527270996494025,12.527276208032163,12.527258137994423
2030-09-03 10:00:00,12.48547212886634,12.527272755613012,12.485599546593294
2030-09-03 11:00:00,9.482527742310717,12.52727227277046,9.482961009674813
2030-09-03 12:00:00,12.485657135669173,12.527272332732114,12.485742622175167
2030-09-03 13:00:00,12.527067892598662,12.527273824183794,12.527056174876618
2030-09-03 14:00:00,45.4221283759031,12.527280455969958,12.527491737656572
2030-09-03 15:00:00,60.00090667634177,12.52728309752274,12.527589955150964
2030-09-03 16:00:00,135.0889996649122,12.527288956816584,12.527678719121823
2030-09-03 17:00:00,135.089030421606,12.527305672968396,12.527723286006815
2030-09-03 18:00:00,135.08909799123194,12.527320465967287,12.527742335341344
2030-09-03 19:00:00,135.0890598545017,12.52730221976708,12.527737277629058
2030-09-03 20:00:00,135.08903420998558,12.527294196651383,12.527735478102798
2030-09-03 21:00:00,135.08901933691183,12.527297470644953,12.527725000531973
2030-09-03 22:00:00,135.08901164322074,12.527299380202749,12.527723484249691
2030-09-03 23:00:00,135.0890077354782,12.527294746200823,12.5277200793862
2030-09-04 00:00:00,135.08900305485287,12.527297401255868,12.527719486165651
2030-09-04 01:00:00,135.08900237434585,12.527292634158584,12.527717930272047
2030-09-04 02:00:00,135.0890045596781,12.527291568692817,12.527714892455151
2030-09-04 03:00:00,135.08900904232587,12.527285639310321,12.527730292987144
2030-09-04 04:00:00,135.08902341547036,12.527281614031107,12.527753703527267
2030-09-04 05:00:00,135.0890604308168,12.527286442511468,12.527759809174313
2030-09-04 06:00:00,135.0890218429481,12.527291971833746,12.527746881983106
2030-09-04 07:00:00,135.08899434767747,12.527290924474073,12.527716164833139
2030-09-04 08:00:00,79.27025578727688,12.527285885851871,12.527689877727354
2030-09-04 09:00:00,59.999992387510005,12.52728138916882,12.527640043004572
2030-09-04 10:00:00,59.99965599361253,12.52728008316717,12.527498643985773
2030-09-04 11:00:00,59.999656492654005,12.527280260645966,12.527504690909302
2030-09-04 12:00:00,59.99985101560358,12.52728092973636,12.527517821297963
2030-09-04 13:00:00,60.000013725950865,12.527281782494356,12.52748204973363
2030-09-04 14:00:00,60.00008737000119,12.52728240457418,12.527532427213265
2030-09-04 15:00:00,79.27123413779618,12.52728503535036,12.527607074484143
2030-09-04 16:00:00,135.08900171062282,12.527290873799805,12.527680040367883
2030-09-04 17:00:00,135.08902120948358,12.527303254299113,12.527728893535135
2030-09-04 18:00:00,135.0890265512071,12.527309798015708,12.527747359704762
2030-09-04 19:00:00,135.08901246627053,12.527298281847834,12.52774127030716
2030-09-04 20:00:00,135.08900130528855,12.527293032214049,12.527737275846818
2030-09-04 21:00:00,135.08899104484917,12.52729771403665,12.52772533805728
2030-09-04 22:00:00,135.08897664148375,12.527299653574119,12.52772687586912
2030-09-04 23:00:00,135.08889998368844,12.527293750717035,12.527724619510991
2030-09-05 00:00:00,135.0889439621671,12.527297221176001,12.527727607076628
2030-09-05 01:00:00,135.08897104543345,12.52729313409418,12.52772643384651
2030-09-05 02:00:00,135.0889758501773,12.527292325433336,12.527722248619284
2030-09-05 03:00:00,135.08899154115957,12.527286448604173,12.527736319560063
2030-09-05 04:00:00,135.08900541807634,12.527282531368929,12.527757906687427
2030-09-05 05:00:00,135.08901407233762,12.527288982971186,12.527765437809649
2030-09-05 06:00:00,135.08899909549385,12.527297642943543,12.527755878225534
2030-09-05 07:00:00,79.27022863817459,12.527295712568957,12.527743553910677
2030-09-05 08:00:00,59.999673527963665,12.527287862228432,12.527721574741491
2030-09-05 09:00:00,12.527173061429632,12.527276162508315,12.527223329073378
2030-09-05 10:00:00,0.00013667902737150758,12.52727298534137,9.482908425460822
2030-09-05 11:00:00,4.4663919165756626e-05,12.527272174290374,9.482664452036232
2030-09-05 12:00:00,3.28897630540463e-05,12.527272492861384,9.482621674885266
2030-09-05 13:00:00,5.522040037730015e-05,12.527273901638182,9.482594466541418
2030-09-05 14:00:00,0.000323123851871179,12.527274696804852,9.482582836799486
2030-09-05 15:00:00,12.52746239328733,12.527282003472465,12.52734257857647
2030-09-05 16:00:00,60.01032723090729,12.527291129459027,12.527678554313923
2030-09-05 17:00:00,135.0890008293568,12.527317506876898,12.527738209283449
2030-09-05 18:00:00,135.0890085956753,12.527336624467903,12.527758680549681
2030-09-05 19:00:00,135.08899782760568,12.527303701877827,12.527751748696573
2030-09-05 20:00:00,135.08896399926198,12.527295738733892,12.527750107377841
2030-09-05 21:00:00,114.33958700435727,12.527300617907713,12.527739053409277
2030-09-05 22:00:00,135.08855280611903,12.527305197750138,12.52774023267466
2030-09-05 23:00:00,135.08864661621533,12.527295091748783,12.527738234673961
2030-09-06 00:00:00,114.34339394248269,12.52729739508704,12.527751189308958
2030-09-06 01:00:00,135.0860912741361,12.527291534473079,12.527750207345889
2030-09-06 02:00:00,135.08894710865133,12.527290369513139,12.527746963277423
2030-09-06 03:00:00,135.08899006140922,12.527285782540275,12.527761218469095
2030-09-06 04:00:00,135.08900647903556,12.527282325848702,12.527781870051783
2030-09-06 05:00:00,135.08901670547573,12.52728850654512,12.527789002815553
2030-09-06 06:00:00,135.08900475504055,12.52729603300717,12.527773550502872
2030-09-06 07:00:00,135.08887865475015,12.527293072060274,12.527743810141379
2030-09-06 08:00:00,60.0002011919975,12.527285534313572,12.527700270218432
2030-09-06 09:00:00,59.99987414835009,12.527280430742394,12.527592255984752
2030-09-06 10:00:00,45.424948443228025,12.52727914110801,12.527451711619932
2030-09-06 11:00:00,45.42477164518402,12.52727905420943,12.527425762881691
2030-09-06 12:00:00,12.527468348231997,12.527277898818125,12.527271914065466
2030-09-06 13:00:00,12.527255897831662,12.527275669203846,12.527169677558382
2030-09-06 14:00:00,12.527269787312923,12.52727593086638,12.52719306829292
2030-09-06 15:00:00,12.527405609777071,12.527278964922516,12.527297347438289
2030-09-06 16:00:00,45.42453987351934,12.527285024985462,12.527666223497704
2030-09-06 17:00:00,59.99991393680255,12.527295173875245,12.527756386063496
2030-09-06 18:00:00,59.99993535907015,12.527299209595395,12.527773263009735
2030-09-06 19:00:00,45.43698194728256,12.527289708406897,12.527762082073423
2030-09-06 20:00:00,45.4247646632557,12.527286708441785,12.52775471118484
2030-09-06 21:00:00,45.42432801116997,12.527289936223497,12.527741284609874
2030-09-06 22:00:00,45.42469872887009,12.527292223207041,12.527743669032134
2030-09-06 23:00:00,45.42326433612459,12.527287207674817,12.52773881896701
2030-09-07 00:00:00,45.42331947257867,12.527288203669062,12.527739696416091
2030-09-07 01:00:00,45.42332640180826,12.527285732643577,12.52774036372739
2030-09-07 02:00:00,45.424017901066264,12.527285599230709,12.527737445235289
2030-09-07 03:00:00,45.4247370330805,12.527282698286399,12.527754485329751
2030-09-07 04:00:00,59.99999444048808,12.527280157035388,12.52778832855411
2030-09-07 05:00:00,60.00039397821553,12.527285284283607,12.527793674242275
2030-09-07 06:00:00,60.00007722110751,12.527292558243154,12.52778470057639
2030-09-07 07:00:00,45.42494740962882,12.527288989198496,12.527757595682191
2030-09-07 08:00:00,12.52726596783641,12.527277546242276,12.527270872140349
2030-09-07 09:00:00,10.603286721952,12.52727165165743,10.603553730171937
2030-09-07 10:00:00,12.52706791610107,12.52727106222028,12.527022861056615
2030-09-07 11:00:00,9.48231852367923,12.527269090551272,9.48262869249162
2030-09-07 12:00:00,0.0001401274515210341,12.527268831595713,9.482425359769238
2030-09-07 13:00:00,6.0354205729517134e-05,12.527270180229607,9.482407236562892
2030-09-07 14:00:00,0.00015962519496306738,12.527271707636828,9.482465945342726
2030-09-07 15:00:00,12.52725112914482,12.527276636438728,12.527197113599883
2030-09-07 16:00:00,59.99999631079785,12.527292041281564,12.527685082352619
2030-09-07 17:00:00,135.08821542452512,12.52734842814516,12.527767437718698
2030-09-07 18:00:00,135.08896715035007,12.527563296415519,12.527801107526045
2030-09-07 19:00:00,135.08771457044418,12.527359970664293,12.52778788404612
2030-09-07 20:00:00,60.01082305830914,12.527329347180087,12.527783207866392
2030-09-07 21:00:00,59.99995684257457,12.527400590566685,12.527774173939179
2030-09-07 22:00:00,45.41975442207016,12.527478666231218,12.527770273529313
2030-09-07 23:00:00,12.527457572289714,12.527301131095555,12.527445595253084
2030-09-08 00:00:00,12.527143257787426,12.527286128650154,12.527218969834877
2030-09-08 01:00:00,0.004353484028908396,12.527281038453111,12.522947726632083
2030-09-08 02:00:00,0.0005225143096048274,12.527279863155854,12.517686395932287
2030-09-08 03:00:00,0.0004157654675151992,12.52727788474931,12.515751645758428
2030-09-08 04:00:00,0.0005204235612836783,12.527275879400138,12.52119341787423
2030-09-08 05:00:00,0.0005504936883290921,12.527276964321572,12.521795280069455
2030-09-08 06:00:00,8.137320765687425e-05,12.527276884621317,9.48592708476474
2030-09-08 07:00:00,2.751787807128505e-05,12.527275318245302,9.482672701930786
2030-09-08 08:00:00,1.534384418059226e-05,12.527273093511415,9.482309623981465
2030-09-08 09:00:00,8.942166756876728e-06,12.527269585421891,0.0011864490887729397
2030-09-08 10:00:00,8.148311814259516e-06,12.527265914543932,0.00030121818073322
2030-09-08 11:00:00,5.437009529195744e-06,12.527266070759651,0.00020127724947275203
2030-09-08 12:00:00,4.723138495704678e-06,12.527264526462604,0.00019019529514707756
2030-09-08 13:00:00,6.017326938068369e-06,12.527265740504845,0.00024210478196912827
2030-09-08 14:00:00,1.1508806574876474e-05,12.52726833631823,0.00044113711253823695
2030-09-08 15:00:00,4.692850707220904e-05,12.527271988863504,0.00403969966788028
2030-09-08 16:00:00,12.527281425842371,12.527279073797994,12.527215874067451
2030-09-08 17:00:00,59.99999626370954,12.527304226015985,12.527751696009556
2030-09-08 18:00:00,60.00018188616832,12.527327802749506,12.52779127089832
2030-09-08 19:00:00,60.00008808493931,12.527316459581016,12.527788677818535
2030-09-08 20:00:00,60.00004972770694,12.527309392308876,12.527787022301268
2030-09-08 21:00:00,60.00003133156535,12.527326971990078,12.527779221895798
2030-09-08 22:00:00,60.00004444276347,12.527337980373886,12.52778544586181
2030-09-08 23:00:00,60.000025703172234,12.52730931707174,12.527779474381532
2030-09-09 00:00:00,60.000018291902926,12.527309241277843,12.5277907159021
2030-09-09 01:00:00,60.00003020794744,12.527300852229928,12.527789409472462
2030-09-09 02:00:00,60.00004782780152,12.527297167064717,12.52778439226222
2030-09-09 03:00:00,60.000067054996045,12.527290438696582,12.527789446819952
2030-09-09 04:00:00,60.00008941543274,12.527284611488035,12.527799570257443
2030-09-09 05:00:00,60.0001328416147,12.527285388311611,12.527789292576017
2030-09-09 06:00:00,59.999464480169685,12.5272842531667,12.527734946483534
2030-09-09 07:00:00,12.527265232882174,12.527276344660095,12.527202879669966
2030-09-09 08:00:00,9.027489807431742e-05,12.527271349886261,0.039569819114205984
2030-09-09 09:00:00,1.7315047192563977e-05,12.52726788900145,0.0005057777996980439
2030-09-09 10:00:00,9.98269720664497e-06,12.527264615011518,0.0002248722380033027
2030-09-09 11:00:00,6.145695720179674e-06,12.527265449896731,0.00017114963481010056
2030-09-09 12:00:00,5.415699086875718e-06,12.527263565464072,0.00015826142075070493
2030-09-09 13:00:00,7.345508253913931e-06,12.527264911046586,0.0002028742105682817
2030-09-09 14:00:00,1.389203172412421e-05,12.527268166601061,0.00038375301902238525
2030-09-09 15:00:00,6.343478256660635e-05,12.527272150047793,0.003311866947133872
2030-09-09 16:00:00,45.41541668570401,12.527285148606044,12.527524807732291
2030-09-09 17:00:00,60.01417057732316,12.527307156179631,12.527792489335917
2030-09-09 18:00:00,135.08897390944549,12.52735389071166,12.527822030523922
2030-09-09 19:00:00,135.08895673953805,12.527364905605282,12.527817017907182
2030-09-09 20:00:00,135.08894745958787,12.52734530850891,12.52781439447655
2030-09-09 21:00:00,135.08897587717698,12.527383892909711,12.527807206909529
2030-09-09 22:00:00,135.0889935193349,12.527398504685152,12.527811123663014
2030-09-09 23:00:00,135.08899315137538,12.527367753788894,12.527805462117612
2030-09-10 00:00:00,135.08900638847072,12.52740099008012,12.52782386774895
2030-09-10 01:00:00,135.0890083949214,12.527337362144863,12.527819758262012
2030-09-10 02:00:00,135.08901201894386,12.527331246522408,12.527816430637358
2030-09-10 03:00:00,135.0890181256686,12.527307668663525,12.52783429464489
2030-09-10 04:00:00,135.089040349897,12.5272952449401,12.527857703659109
2030-09-10 05:00:00,135.08910107686782,12.527321344543452,12.527864785127349
2030-09-10 06:00:00,135.0890167880139,12.52739057012382,12.52785054188017
2030-09-10 07:00:00,60.016172356257314,12.52732138673673,12.527797523203605
2030-09-10 08:00:00,45.42483774037062,12.52729616668856,12.527681836289645
2030-09-10 09:00:00,12.527155280365411,12.527277787745334,12.52711956847325
2030-09-10 10:00:00,6.927027349804945e-05,12.527274696869426,9.481355105551517
2030-09-10 11:00:00,3.2963771816112096e-05,12.527273721455458,0.0031357979683111405
2030-09-10 12:00:00,3.149631310475981e-05,12.527273720620165,0.0029102963300147167
2030-09-10 13:00:00,8.312106852052417e-05,12.527274260486593,9.481448714424616
2030-09-10 14:00:00,12.526917768187838,12.52727540619253,12.526908960193273
2030-09-10 15:00:00,45.4248089246373,12.527287709985103,12.527560686611803
2030-09-10 16:00:00,135.08871102496573,12.52730890837024,12.527774766956554
2030-09-10 17:00:00,135.08900631525074,12.527731549629607,12.527867834947573
2030-09-10 18:00:00,135.0889927271328,12.528108100413565,12.52792222180419
2030-09-10 19:00:00,60.014119906833095,12.52767079874593,12.527869133046806
2030-09-10 20:00:00,59.99999349092286,12.52743437179217,12.527849858310276
2030-09-10 21:00:00,45.42439402045198,12.527768266234489,12.527856302429427
2030-09-10 22:00:00,12.527356664970089,12.527320034389959,12.527380769907722
2030-09-10 23:00:00,12.527373764949669,12.527307352650496,12.527384942552999
2030-09-11 00:00:00,12.527433281598219,12.527318546496224,12.527436088979798
2030-09-11 01:00:00,12.52753807349849,12.52731190907798,12.527514363043338
2030-09-11 02:00:00,12.52801761558307,12.527319610644554,12.527764717397986
2030-09-11 03:00:00,45.424705769671846,12.527307308962008,12.527834236730996
2030-09-11 04:00:00,60.000070240409514,12.527295596701011,12.527876678079181
2030-09-11 05:00:00,60.014163414845974,12.52732565164115,12.527883828842278
2030-09-11 06:00:00,60.01040500021059,12.527505668154355,12.527875049383937
2030-09-11 07:00:00,45.42472034167967,12.52735640778792,12.527786809942011
2030-09-11 08:00:00,12.52721930926256,12.52728602242967,12.527196765299735
2030-09-11 09:00:00,0.0002757507789286484,12.527277514119305,9.482189193972244
2030-09-11 10:00:00,0.00011752026178724302,12.527276048012027,0.0023652167234073473
2030-09-11 11:00:00,3.824167761534108e-05,12.527274754314021,0.0021144647705864193
2030-09-11 12:00:00,3.0498404833121387e-05,12.527274168634442,0.0030111233998582065
2030-09-11 13:00:00,5.031709918106115e-05,12.527274780839434,0.006839639510390995
2030-09-11 14:00:00,0.005646432492265021,12.527275562942123,9.481997139888382
2030-09-11 15:00:00,45.424700685476466,12.527288190463878,12.527554618433808
2030-09-11 16:00:00,135.0887747687812,12.527307059169921,12.527809416118728
2030-09-11 17:00:00,135.08901222470186,12.527542202929908,12.527884969698999
2030-09-11 18:00:00,135.08901381143914,12.527815370099221,12.527918557073704
2030-09-11 19:00:00,135.0890042223612,12.527447160085103,12.527885588172467
2030-09-11 20:00:00,135.0889980388074,12.527355138488076,12.527881598465456
2030-09-11 21:00:00,135.08899145348593,12.52743232584271,12.527872597971509
2030-09-11 22:00:00,135.0887837248542,12.527399175307437,12.527872279880285
2030-09-11 23:00:00,60.014301624882215,12.527320251878336,12.527867669497027
2030-09-12 00:00:00,60.01412510577113,12.527329156571552,12.52791204308275
2030-09-12 01:00:00,60.01183423317889,12.527309434341078,12.527910535773117
2030-09-12 02:00:00,60.0106542418231,12.527305013996738,12.527907251857869
2030-09-12 03:00:00,60.01072911928956,12.527293273196847,12.527923160695536
2030-09-12 04:00:00,60.01421874767129,12.527286219051426,12.527945168876613
2030-09-12 05:00:00,70.90077398931433,12.527296643464979,12.52794934828853
2030-09-12 06:00:00,60.01043169498891,12.5273138653359,12.527933225488326
2030-09-12 07:00:00,45.42166733035422,12.527307739474963,12.52787554706635
2030-09-12 08:00:00,12.526862907902338,12.52728131063047,12.526997874549409
2030-09-12 09:00:00,0.0001433346365670664,12.52727781790145,9.482700344239687
2030-09-12 10:00:00,8.49160270513691e-05,12.52727791784946,9.482478495025958
2030-09-12 11:00:00,4.270833855467311e-05,12.527276671274194,9.48261442004349
2030-09-12 12:00:00,6.187759594516678e-05,12.527275520065906,9.482834785452283
2030-09-12 13:00:00,0.00011052672251138856,12.52727492135,9.483185939443711
2030-09-12 14:00:00,12.518795230100627,12.5272752515084,12.519212736645823
2030-09-12 15:00:00,12.527569204218391,12.527285028898405,12.527515829205882
2030-09-12 16:00:00,60.00001685858513,12.527295793301683,12.527909809763173
2030-09-12 17:00:00,60.014168232074724,12.527321963990289,12.527933184552394
2030-09-12 18:00:00,60.01397614983762,12.527367889615613,12.527945526727393
2030-09-12 19:00:00,60.00013327193296,12.527333929814631,12.527941256694248
2030-09-12 20:00:00,60.00002664553995,12.527313594638809,12.527943777131284
2030-09-12 21:00:00,60.00003434853675,12.527331606319422,12.527934084504523
2030-09-12 22:00:00,60.000047709298975,12.527354782845578,12.527934071786149
2030-09-12 23:00:00,60.00001654047264,12.527318450638631,12.527932812691688
2030-09-13 00:00:00,60.0000107085326,12.5273248299429,12.527942171311437
2030-09-13 01:00:00,60.00002827095434,12.527312822498061,12.527944325397584
2030-09-13 02:00:00,60.01040363482149,12.527312415255437,12.527944272116656
2030-09-13 03:00:00,60.01426520180652,12.527298230488668,12.527958806554125
2030-09-13 04:00:00,135.08898792794844,12.527288937610004,12.527976028554647
2030-09-13 05:00:00,135.08900613381937,12.527301465534038,12.527979639279692
2030-09-13 06:00:00,135.08900393664499,12.527320155283258,12.527974239831678
2030-09-13 07:00:00,135.0889864192923,12.527320786930431,12.527964794649474
2030-09-13 08:00:00,60.0143297547445,12.527308907693072,12.527963203942619
2030-09-13 09:00:00,60.00006707376595,12.527295373715788,12.52795394683259
2030-09-13 10:00:00,59.99982802987719,12.527289626446873,12.527930563277573
2030-09-13 11:00:00,12.530634407794794,12.527285852198474,12.527892136230074
2030-09-13 12:00:00,12.528000221111993,12.527282649552946,12.527763217308049
2030-09-13 13:00:00,12.527848667531527,12.527281701974971,12.527668682737474
2030-09-13 14:00:00,12.52972967519374,12.527281024274998,12.527833571447221
2030-09-13 15:00:00,59.999963921818726,12.52728149997074,12.527883743670479
2030-09-13 16:00:00,60.01645474381918,12.527284780468005,12.527925030813805
2030-09-13 17:00:00,135.08901415371778,12.527292839396978,12.527959490180612
2030-09-13 18:00:00,135.0890319266473,12.527296827182646,12.527977403473017
2030-09-13 19:00:00,135.08902774842147,12.527291414586216,12.527974133550742
2030-09-13 20:00:00,135.08901857011642,12.527287389542916,12.527973336352105
2030-09-13 21:00:00,135.08901251228718,12.527289673131236,12.52796215491071
2030-09-13 22:00:00,135.08900280466858,12.52728793838287,12.527961548169515
2030-09-13 23:00:00,135.0889984027969,12.527284658740427,12.52796100087653
2030-09-14 00:00:00,135.08899437318394,12.527285355660513,12.527965196861345
2030-09-14 01:00:00,135.0889927867572,12.527283092602374,12.527966094841759
2030-09-14 02:00:00,135.08899824054245,12.527283055314001,12.527965990269877
2030-09-14 03:00:00,135.0890097987647,12.527280655680443,12.527981210353573
2030-09-14 04:00:00,135.08902869430221,12.527278732987027,12.52800601651019
2030-09-14 05:00:00,135.0895457301254,12.527283856757094,12.528012461750222
2030-09-14 06:00:00,135.08904760573654,12.527290084144331,12.527992561918737
2030-09-14 07:00:00,135.08900340034018,12.527288336328638,12.527947920159033
2030-09-14 08:00:00,60.014201911692005,12.527282260284533,12.527887842878954
2030-09-14 09:00:00,60.00003254712892,12.527279248525701,12.52771791988487
2030-09-14 10:00:00,59.99996575430647,12.527278791775643,12.52747126779773
2030-09-14 11:00:00,59.99995908994171,12.52727786739888,12.527405018748409
2030-09-14 12:00:00,60.00004230730039,12.527276919697766,12.527424984147856
2030-09-14 13:00:00,60.013969568298336,12.527276485573566,12.527459362314902
2030-09-14 14:00:00,135.08893682327465,12.52727592696101,12.527545072803738
2030-09-14 15:00:00,135.08900466283168,12.52727702870743,12.527733523317746
2030-09-14 16:00:00,135.0890251586428,12.527280488724653,12.52793929634285
2030-09-14 17:00:00,135.08934835465408,12.527289776809084,12.527986430265875
2030-09-14 18:00:00,135.0891459126251,12.527295706780619,12.528000457439603
2030-09-14 19:00:00,135.08903406264034,12.527291479067571,12.527996244213682
2030-09-14 20:00:00,135.08901678730217,12.527288720551333,12.527994455567779
2030-09-14 21:00:00,135.0890030677335,12.52729470355007,12.527980487749119
2030-09-14 22:00:00,60.014151484428275,12.527299136625516,12.527981768499558
2030-09-14 23:00:00,60.00006082525657,12.527286189299048,12.527981146312413
2030-09-15 00:00:00,45.41424776590386,12.527285075398682,12.527952925941548
2030-09-15 01:00:00,12.527834514961986,12.527282139111776,12.527787966258074
2030-09-15 02:00:00,12.52727099278959,12.527277423658234,12.527332425006534
2030-09-15 03:00:00,12.52670984395896,12.527273136115582,12.527118629730467
2030-09-15 04:00:00,0.0003126308556602453,12.52727019339168,12.52683972941405
2030-09-15 05:00:00,8.969143486497846e-05,12.527271173407826,12.526824758781913
2030-09-15 06:00:00,2.7846046245115827e-05,12.52727109242162,12.526014613016628
2030-09-15 07:00:00,1.197167682332536e-05,12.527269355528915,9.482892403789275
2030-09-15 08:00:00,6.6184032655237056e-06,12.527265676471346,9.482458069299923
2030-09-15 09:00:00,3.7362163513677047e-06,12.527251371047896,0.00150401487592048
2030-09-15 10:00:00,2.5385688186266975e-06,12.52723197992782,0.00041829580038374215
2030-09-15 11:00:00,1.4730916966830354e-06,12.527230735669946,0.0002641805974575369
2030-09-15 12:00:00,1.141503054397678e-06,12.52708051682444,0.00023848850932495225
2030-09-15 13:00:00,1.9297678142548206e-06,12.526726271665211,0.00027353134973402595
2030-09-15 14:00:00,3.384374934214646e-06,12.52687462450831,0.0005605043837032106
2030-09-15 15:00:00,6.280069517313827e-06,12.52722939683008,9.48200643365883
2030-09-15 16:00:00,1.199130711009677e-05,12.527260375868405,9.482871773049723
2030-09-15 17:00:00,2.0831683550501586e-05,12.527271088463749,12.526774665497094
2030-09-15 18:00:00,1.905732278828509e-05,12.527273811714544,12.527069201288953
2030-09-15 19:00:00,1.6699257514093908e-05,12.527274427267002,12.526960135952322
2030-09-15 20:00:00,1.5345736755989492e-05,12.527274014040998,12.526840451173939
2030-09-15 21:00:00,1.5270145311640536e-05,12.527275560908492,12.526731889937764
2030-09-15 22:00:00,1.2722242765267058e-05,12.527276612324385,12.52681077579382
2030-09-15 23:00:00,1.5957501638573796e-05,12.527275619488137,12.526711590721789
2030-09-16 00:00:00,1.9355274518294845e-05,12.527275737437495,12.526874033380835
2030-09-16 01:00:00,2.0441203806155366e-05,12.52727505007897,12.5268964317047
2030-09-16 02:00:00,2.6682289042864953e-05,12.527274789659714,12.526847373958844
2030-09-16 03:00:00,3.4658664916527246e-05,12.527273807622805,12.526946234691422
2030-09-16 04:00:00,7.054752404656028e-05,12.52727229125394,12.527032101852242
2030-09-16 05:00:00,0.00021155177374995585,12.527273313189653,12.526959456849909
2030-09-16 06:00:00,0.0002130364215018493,12.527273408776344,12.526122439768713
2030-09-16 07:00:00,6.29540489380527e-05,12.52727250667067,9.483395122431345
2030-09-16 08:00:00,2.652121105633543e-05,12.527270547215437,9.48275624364122
2030-09-16 09:00:00,1.554457292813597e-05,12.527268065327917,9.482592239990423
2030-09-16 10:00:00,1.4603192587353002e-05,12.527266887606856,9.482089318274346
2030-09-16 11:00:00,1.3294029054858192e-05,12.527268280687167,9.481199244388815
2030-09-16 12:00:00,1.50583278938033e-05,12.527265738162114,9.480607667849426
2030-09-16 13:00:00,1.8420503937556957e-05,12.527264062593531,9.474704607040438
2030-09-16 14:00:00,3.648779213846314e-05,12.527264123871646,9.481916176672241
2030-09-16 15:00:00,9.48289756091002,12.527268076051769,9.483084256080925
2030-09-16 16:00:00,45.414291390878105,12.527279223857944,12.527886980514864
2030-09-16 17:00:00,60.000205870419045,12.527288707652588,12.528018700646525
2030-09-16 18:00:00,60.00108023485154,12.527301387114624,12.528039519598252
2030-09-16 19:00:00,60.000930792185144,12.527308276904478,12.52803500369646
2030-09-16 20:00:00,60.000376714290724,12.527303500855185,12.528034087915017
2030-09-16 21:00:00,60.0001883651685,12.52731760372535,12.52802475628414
2030-09-16 22:00:00,60.00005473954769,12.527336609973645,12.528021185350553
2030-09-16 23:00:00,60.000037388886845,12.527352987884115,12.52802461898591
2030-09-17 00:00:00,60.000160009436925,12.52740095339354,12.528037029522636
2030-09-17 01:00:00,60.00019182696511,12.52734171647353,12.52803682245667
2030-09-17 02:00:00,60.00038506048064,12.52733605924277,12.52803532040889
2030-09-17 03:00:00,135.0886092586681,12.52730919370515,12.52804990297227
2030-09-17 04:00:00,135.08898605998274,12.527296854904034,12.528069748140695
2030-09-17 05:00:00,135.08899914794614,12.527339628632035,12.528074674492927
2030-09-17 06:00:00,135.08892537374004,12.527823235925343,12.528078027625043
2030-09-17 07:00:00,60.00001085438199,12.527351967306458,12.528023395043736
2030-09-17 08:00:00,12.527399313504832,12.52728890122153,12.527357455983008
2030-09-17 09:00:00,0.0001044228314463684,12.527275374868623,9.482585584434535
2030-09-17 10:00:00,1.7266404532100882e-05,12.527273013482045,0.005142664815929091
2030-09-17 11:00:00,1.3051175172666926e-05,12.527271693948933,0.0008072208646051105
2030-09-17 12:00:00,1.3492310255393536e-05,12.527271176274724,0.0005292555087237361
2030-09-17 13:00:00,2.1458913138902545e-05,12.527271965135697,0.0007853678114677559
2030-09-17 14:00:00,9.864448177849228e-05,12.527273509283077,0.0034961158962593148
2030-09-17 15:00:00,45.413938844592316,12.527284918136502,12.527456946870394
2030-09-17 16:00:00,135.08893067834606,12.527307536183137,12.527940098737758
2030-09-17 17:00:00,135.08902458801458,12.528006563435156,12.528103846127722
2030-09-17 18:00:00,135.08902483093334,12.52830272816027,12.528154152773212
2030-09-17 19:00:00,135.08900806146136,12.527876755743819,12.528093256420107
2030-09-17 20:00:00,135.0889807804042,12.52739807530746,12.528071978641023
2030-09-17 21:00:00,60.000331186201834,12.5277291869279,12.528073166808099
2030-09-17 22:00:00,60.000005193535344,12.52789439564367,12.528081619620025
2030-09-17 23:00:00,59.99626029017184,12.527459413336146,12.52803786203549
2030-09-18 00:00:00,45.41463175889988,12.527636330854692,12.528052475859809
2030-09-18 01:00:00,45.414289187219964,12.527396352934375,12.528044606247022
2030-09-18 02:00:00,45.414156476319434,12.527382742042391,12.528042913047102
2030-09-18 03:00:00,45.415413430506284,12.527320736039655,12.528060665423254
2030-09-18 04:00:00,60.00001635248282,12.527301157289685,12.528099298970844
2030-09-18 05:00:00,60.000153277085,12.527375855861465,12.528111437028201
2030-09-18 06:00:00,60.00006117615784,12.52816728671066,12.528148423077212
2030-09-18 07:00:00,45.41457910610326,12.527635973645374,12.528045506922712
2030-09-18 08:00:00,12.527529782338267,12.527304265028055,12.527429311250089
2030-09-18 09:00:00,9.492189653721246,12.52727785803927,9.492238640215776
2030-09-18 10:00:00,9.480953257407672,12.527275598955384,9.481262445437897
2030-09-18 11:00:00,0.000650745007844448,12.527274837573714,0.001944727973313602
2030-09-18 12:00:00,9.480414043155813,12.527274582596705,9.480643589248729
2030-09-18 13:00:00,12.526986991021419,12.527275465116873,12.526904915067533
2030-09-18 14:00:00,45.41404705093048,12.52728281452164,12.527452722095404
2030-09-18 15:00:00,60.00013851398047,12.527289200210362,12.527783392129516
2030-09-18 16:00:00,135.08900819055333,12.527315478042937,12.528048029730584
2030-09-18 17:00:00,135.08922371159258,12.528213500788297,12.528166645895295
2030-09-18 18:00:00,135.0896475628324,14.29228212630187,12.528243088031871
2030-09-18 19:00:00,135.08907224227522,12.528224917496118,12.528171680513879
2030-09-18 20:00:00,135.08902889124874,12.527697898335662,12.528125956596853
2030-09-18 21:00:00,135.08901513079496,12.528104463075579,12.528148592447906
2030-09-18 22:00:00,135.08899832068607,12.528152355675957,12.528153519229818
2030-09-18 23:00:00,135.0888551087794,12.52753541484799,12.528100295046897
2030-09-19 00:00:00,60.000126785427966,12.527655948662415,12.528139088438962
2030-09-19 01:00:00,60.00003923414429,12.527374112190046,12.528125431721492
2030-09-19 02:00:00,60.00001667173222,12.527349740978934,12.528128384377851
2030-09-19 03:00:00,60.00002952096305,12.527309238454109,12.528141106377916
2030-09-19 04:00:00,60.00011360128974,12.52729483414704,12.528167014015281
2030-09-19 05:00:00,60.0004585677141,12.52732358000685,12.528175755094708
2030-09-19 06:00:00,60.00006639197882,12.52754644976502,12.528155285854766
2030-09-19 07:00:00,45.414011707749545,12.527386612089686,12.528103660445165
2030-09-19 08:00:00,12.527180607307141,12.527287662850027,12.52723038116531
2030-09-19 09:00:00,0.00012294887958372715,12.52727896506076,9.482798694510468
2030-09-19 10:00:00,0.00010646043627762727,12.52727732506446,9.48206451492474
2030-09-19 11:00:00,5.203117298604461e-05,12.527277003810013,9.48192158984284
2030-09-19 12:00:00,7.178345086774733e-05,12.527277110121654,9.482610117513673
2030-09-19 13:00:00,0.0010593177622076127,12.527277919006337,9.482870342682151
2030-09-19 14:00:00,12.52739098224749,12.527285512142953,12.527364016446784
2030-09-19 15:00:00,45.41467593389666,12.527297983207973,12.528077461864974
2030-09-19 16:00:00,60.00008224422208,12.527309539408359,12.528133610647046
2030-09-19 17:00:00,60.00063196866809,12.527352845157111,12.528157918899161
2030-09-19 18:00:00,60.000440644412265,12.527375322741136,12.528169168101911
2030-09-19 19:00:00,60.00008416713981,12.527326106051987,12.528160406537609
2030-09-19 20:00:00,60.00000787209865,12.527304845721117,12.528155423598903
2030-09-19 21:00:00,59.999244481740206,12.527316864911882,12.528128887594903
2030-09-19 22:00:00,59.99988740039373,12.527331319213772,12.528135576964814
2030-09-19 23:00:00,59.99994060681911,12.527308790389725,12.528137292577412
2030-09-20 00:00:00,59.99998126449016,12.527312874675896,12.52814443428322
2030-09-20 01:00:00,60.0000094901171,12.527302555814458,12.52815440598988
2030-09-20 02:00:00,60.00000087655328,12.527299536294777,12.528152294594292
2030-09-20 03:00:00,60.00001282461699,12.52729110234668,12.528169122338113
2030-09-20 04:00:00,60.000104066981294,12.527285514378171,12.528193138952915
2030-09-20 05:00:00,60.00031750030528,12.527297298584926,12.52820045669796
2030-09-20 06:00:00,60.000042172808676,12.52732713985304,12.528184874150313
2030-09-20 07:00:00,45.413783916349104,12.527309269908983,12.528168056525947
2030-09-20 08:00:00,0.00068432241455588,12.527277923688233,12.527124275267312
2030-09-20 09:00:00,3.9515432715566324e-05,12.527273656560283,12.526777925720449
2030-09-20 10:00:00,3.338589983882068e-05,12.527271266837488,9.499824092799317
2030-09-20 11:00:00,1.8203321813862063e-05,12.527269722661913,9.483108990711893
2030-09-20 12:00:00,1.4456748459144747e-05,12.527268435753985,9.482893538562521
2030-09-20 13:00:00,1.5610486448657662e-05,12.527268043032564,9.482878819952301
2030-09-20 14:00:00,2.3124702019719467e-05,12.527268716519757,9.482893396188
2030-09-20 15:00:00,0.0001415248851506814,12.527271851336081,9.483369870704006
2030-09-20 16:00:00,45.41404750777447,12.527283389052796,12.528104032767345
2030-09-20 17:00:00,60.02677841893659,12.527307487712278,12.528179559770939
2030-09-20 18:00:00,135.0886326869413,12.527338536679963,12.528192102410813
2030-09-20 19:00:00,70.88838481680482,12.5273147670041,12.52819006007212
2030-09-20 20:00:00,60.000644402935905,12.527301922783282,12.52819088574897
2030-09-20 21:00:00,60.00015659659387,12.527315753335643,12.528180919797705
2030-09-20 22:00:00,60.00001744904651,12.52733209429607,12.52817704104109
2030-09-20 23:00:00,60.00001794192288,12.527314644579747,12.528176265213006
2030-09-21 00:00:00,60.000017789612734,12.527326658366684,12.528180759720328
2030-09-21 01:00:00,60.00002445933156,12.527314921110701,12.528182383345666
2030-09-21 02:00:00,60.00006966495657,12.527315193377035,12.52818407193081
2030-09-21 03:00:00,60.00079265142755,12.527300968397867,12.528206244204739
2030-09-21 04:00:00,135.0889810152621,12.527291394868199,12.528224881041822
2030-09-21 05:00:00,135.0890061048747,12.527314732040395,12.528227987424543
2030-09-21 06:00:00,135.08899293249283,12.527430215928897,12.528211912033157
2030-09-21 07:00:00,60.00001330008904,12.527325164038302,12.528131067369378
2030-09-21 08:00:00,12.527409309858873,12.527286429439478,12.527321953988775
2030-09-21 09:00:00,0.00029918109254986657,12.527275001100861,9.481978457288736
2030-09-21 10:00:00,0.00016368937322983,12.527272740108856,0.0010200895181783414
2030-09-21 11:00:00,8.380476080644772e-05,12.527271950426439,0.00048120529221694466
2030-09-21 12:00:00,9.069351808935224e-05,12.527271565707236,0.00039952626843842154
2030-09-21 13:00:00,0.0002665214206772296,12.5272722264599,0.000691691713742641
2030-09-21 14:00:00,12.526366655033613,12.527273301935566,12.526293379310436
2030-09-21 15:00:00,45.41414305371265,12.527282749422739,12.527449716929334
2030-09-21 16:00:00,135.08819621469488,12.527297262975601,12.528065309599995
2030-09-21 17:00:00,135.08901019334067,12.527395772996897,12.528208533068842
2030-09-21 18:00:00,135.0890137030483,12.527552095747524,12.528225631225453
2030-09-21 19:00:00,135.08900580857187,12.527351974674275,12.528216758396411
2030-09-21 20:00:00,135.08899517055033,12.527314210066569,12.528215278463477
2030-09-21 21:00:00,135.08890701995898,12.527328386201589,12.528205378362145
2030-09-21 22:00:00,60.000095191060886,12.52733358783371,12.528207764994477
2030-09-21 23:00:00,60.00001575489611,12.52729600337807,12.528197120072946
2030-09-22 00:00:00,59.99996577650987,12.527293668066255,12.528182154920387
2030-09-22 01:00:00,59.99988684747654,12.527289050841318,12.528171969600407
2030-09-22 02:00:00,59.99933811955792,12.527287256090858,12.528163405006126
2030-09-22 03:00:00,45.41467087807421,12.527283670809993,12.528161947021545
2030-09-22 04:00:00,45.41473273226802,12.527280734299989,12.528169295768407
2030-09-22 05:00:00,53.65576294510111,12.527282014283628,12.528171342157293
2030-09-22 06:00:00,45.41395475182317,12.527282885887372,12.528170040512649
2030-09-22 07:00:00,12.527209183663548,12.527275523735625,12.527218774962092
2030-09-22 08:00:00,0.00012423520475288066,12.527271809151257,9.482746115021797
2030-09-22 09:00:00,2.802364450253487e-05,12.527268480209386,0.0022827301870903247
2030-09-22 10:00:00,1.4153485335087879e-05,12.527266139239146,0.0005133773025814683
2030-09-22 11:00:00,1.0680444335055287e-05,12.527266351661638,0.0003260854682439196
2030-09-22 12:00:00,1.1887779039557461e-05,12.527264436226911,0.00033649748709763116
2030-09-22 13:00:00,2.2101233449662112e-05,12.527265000306215,0.0005233197663283568
2030-09-22 14:00:00,8.515499586127527e-05,12.527267236439002,0.0016701572136637647
2030-09-22 15:00:00,12.527333192612804,12.527274045318336,12.527228483197426
2030-09-22 16:00:00,59.99998234661152,12.527280352744295,12.528099038129326
2030-09-22 17:00:00,60.000588959825464,12.527285867023238,12.528223462012921
2030-09-22 18:00:00,60.00009188827062,12.527289591582303,12.528234306890909
2030-09-22 19:00:00,60.000003965922446,12.527290458089738,12.528217254915035
2030-09-22 20:00:00,59.99996012640804,12.527288553073952,12.528214330745726
2030-09-22 21:00:00,59.9999804476608,12.527294267892103,12.528208238454681
2030-09-22 22:00:00,59.999911509176506,12.52730310206698,12.528208656712195
2030-09-22 23:00:00,59.99988886666237,12.527296804426442,12.52820367397726
2030-09-23 00:00:00,59.999946899173175,12.52729665127256,12.528220627969475
2030-09-23 01:00:00,59.99996350488984,12.527291858848912,12.528221677936017
2030-09-23 02:00:00,59.99997046635296,12.527289494346405,12.528219250891198
2030-09-23 03:00:00,59.99990473384828,12.527285089506222,12.52822323248165
2030-09-23 04:00:00,59.99979521185833,12.527281276583125,12.52823060344457
2030-09-23 05:00:00,59.99968128335885,12.527282185086733,12.52822477112204
2030-09-23 06:00:00,45.41368228076295,12.52728282647275,12.528223672437832
2030-09-23 07:00:00,12.527253206456423,12.527277233329187,12.527291015831004
2030-09-23 08:00:00,0.00010070712409017876,12.527273471776656,9.487462847700002
2030-09-23 09:00:00,2.577743262476405e-05,12.527272297709715,9.48334890473361
2030-09-23 10:00:00,2.3017837727796305e-05,12.527271333986391,9.483126847304774
2030-09-23 11:00:00,1.2659674242900498e-05,12.527271787558675,9.482985255524373
2030-09-23 12:00:00,7.3886428739813654e-06,12.527270277137639,9.48296947055438
2030-09-23 13:00:00,6.724752266567174e-06,12.527269850907942,9.482997841720596
2030-09-23 14:00:00,9.093873160816375e-06,12.527270110310383,9.483020260184194
2030-09-23 15:00:00,2.005232563982448e-05,12.52727162741121,9.483201008610221
2030-09-23 16:00:00,0.002588560315485596,12.527274652310915,12.514172197009458
2030-09-23 17:00:00,45.41356734162796,12.527290472201457,12.528256357894147
2030-09-23 18:00:00,45.41496829940206,12.527296149599351,12.528261300005397
2030-09-23 19:00:00,45.41390739883362,12.527294499862364,12.528257491577278
2030-09-23 20:00:00,45.41372588570357,12.527288463691008,12.52825688242244
2030-09-23 21:00:00,45.41411083467958,12.527289582286357,12.528248177161913
2030-09-23 22:00:00,45.4136045556712,12.527287629914099,12.528253881531782
2030-09-23 23:00:00,45.41358929619235,12.527288169374515,12.528251237974473
2030-09-24 00:00:00,59.99927336983065,12.527288880152827,12.528277793510995
2030-09-24 01:00:00,59.9993415387171,12.527285376745567,12.528278940510063
2030-09-24 02:00:00,59.999386315837555,12.527284335131299,12.528279874688451
2030-09-24 03:00:00,59.999982332929946,12.527281188374218,12.528299682228862
2030-09-24 04:00:00,135.0851806076207,12.527278425526385,12.52833414923775
2030-09-24 05:00:00,135.0889896165481,12.527281990949632,12.528338403652924
2030-09-24 06:00:00,135.08898241703238,12.527286282114972,12.528327852280682
2030-09-24 07:00:00,60.000061728432684,12.527284187071928,12.528302860164786
2030-09-24 08:00:00,59.99923721751115,12.527281813182574,12.52826028295354
2030-09-24 09:00:00,12.561098599947739,12.527279016412649,12.528162493435627
2030-09-24 10:00:00,12.527413559948428,12.527275446917884,12.52731307649629
2030-09-24 11:00:00,12.527268181442409,12.527271884412585,12.527188143763235
2030-09-24 12:00:00,12.527309204259032,12.52727134214483,12.527182668394161
2030-09-24 13:00:00,12.532348548311095,12.52727391461758,12.52735706779732
2030-09-24 14:00:00,59.99926055327016,12.52727463077099,12.527446256115118
2030-09-24 15:00:00,135.0877758998776,12.527277179330667,12.527959176002632
2030-09-24 16:00:00,135.08900678525808,12.527281688864031,12.528280126065255
2030-09-24 17:00:00,135.0890117855553,12.527288758637951,12.52832529517525
2030-09-24 18:00:00,135.08896090337566,12.52728955094517,12.528332670037813
2030-09-24 19:00:00,59.99999732571807,12.527284924502055,12.528317432361291
2030-09-24 20:00:00,59.99887140590363,12.527280865021547,12.528318473037928
2030-09-24 21:00:00,12.527926229635561,12.527281945725917,12.527930041052059
2030-09-24 22:00:00,12.527378899422198,12.527281780892736,12.5274415659851
2030-09-24 23:00:00,12.527294195272813,12.527278253392069,12.527370451924071
2030-09-25 00:00:00,12.527181143035044,12.527276240269487,12.527314821456272
2030-09-25 01:00:00,12.526772458017076,12.527274149701043,12.527208841668653
2030-09-25 02:00:00,12.526977926965124,12.527273416912067,12.527248531448095
2030-09-25 03:00:00,12.527173911013053,12.52727220223187,12.52733981097208
2030-09-25 04:00:00,12.527325352059052,12.5272714983673,12.527464162878971
2030-09-25 05:00:00,12.527433653079745,12.527273967823021,12.527559123796891
2030-09-25 06:00:00,12.527297423089,12.527274635190512,12.527440873397879
2030-09-25 07:00:00,0.00026915318914634545,12.527270884227619,12.52715827222813
2030-09-25 08:00:00,4.749707316363878e-05,12.527268683824481,12.527112991871363
2030-09-25 09:00:00,2.6171953881546224e-05,12.527263143530945,12.527080862048399
2030-09-25 10:00:00,2.813905531498287e-05,12.527247584273937,12.52683447694148
2030-09-25 11:00:00,1.4913982735293927e-05,12.527179854398128,12.523851892532056
2030-09-25 12:00:00,1.0787373579849974e-05,12.516551152053424,9.48362962701917
2030-09-25 13:00:00,9.66307784956567e-06,12.516662699428707,9.483322765198615
2030-09-25 14:00:00,1.0519605924771887e-05,12.527218853196246,9.48346814906848
2030-09-25 15:00:00,1.1457216488430585e-05,12.527258692892246,9.484409671456456
2030-09-25 16:00:00,1.4044172590095715e-05,12.52726974825374,12.52529867112142
2030-09-25 17:00:00,1.7603147499007475e-05,12.527275073972305,12.527056873236978
2030-09-25 18:00:00,1.3605018466478214e-05,12.527276880885438,12.527141045033588
2030-09-25 19:00:00,1.1243636577993982e-05,12.527275280339381,12.527085649667242
2030-09-25 20:00:00,1.0091073818330187e-05,12.527273437978431,12.527029251226267
2030-09-25 21:00:00,1.0021168235990073e-05,12.52727449471331,12.526910217460681
2030-09-25 22:00:00,7.851386289631867e-06,12.527274526238216,12.526938754590446
2030-09-25 23:00:00,8.29910074528856e-06,12.527273377768324,12.526873334521952
2030-09-26 00:00:00,1.1324914623508382e-05,12.527274069118036,12.527129782636834
2030-09-26 01:00:00,1.594029179677684e-05,12.527273044654066,12.527145224344167
2030-09-26 02:00:00,1.7949571558541354e-05,12.52727264225723,12.527137487795699
2030-09-26 03:00:00,2.1994621218275527e-05,12.527270962204966,12.527218230585277
2030-09-26 04:00:00,4.5942824726807885e-05,12.52726890954115,12.527288531188148
2030-09-26 05:00:00,0.00012499616425163765,12.527272911484033,12.527312248137605
2030-09-26 06:00:00,0.0001178854733542224,12.527275668414404,12.52727277215547
2030-09-26 07:00:00,4.323012313017111e-05,12.527275099591861,12.527005301799377
2030-09-26 08:00:00,2.5040670533620613e-05,12.527273359638912,9.508339275946952
2030-09-26 09:00:00,1.976867545609406e-05,12.527270805680928,9.483293126897935
2030-09-26 10:00:00,5.041477595810243e-05,12.527269128305306,9.482987411741467
2030-09-26 11:00:00,3.1680597434798466e-05,12.527266678920569,9.482704634056498
2030-09-26 12:00:00,2.9039014518589816e-05,12.527265853819365,9.482821860901112
2030-09-26 13:00:00,4.073591541804578e-05,12.527266697303276,9.483180725069587
2030-09-26 14:00:00,0.00018226793350297556,12.527268172467302,9.483442511706862
2030-09-26 15:00:00,12.527301554026408,12.52727425428202,12.527316241892319
2030-09-26 16:00:00,16.55123032140348,12.52728012063488,12.528373735452803
2030-09-26 17:00:00,59.99997433703375,12.527285138058687,12.5283961993159
2030-09-26 18:00:00,59.9999544340053,12.527288634779325,12.528400939357908
2030-09-26 19:00:00,59.9996236307361,12.527285140019558,12.52840119729899
2030-09-26 20:00:00,45.41325907981172,12.52728151566092,12.528402459934156
2030-09-26 21:00:00,16.55075727594479,12.527283889286991,12.528398998561897
2030-09-26 22:00:00,45.41345920330702,12.527282963166726,12.528398208809449
2030-09-26 23:00:00,45.41362733200969,12.52728073536855,12.528398896744875
2030-09-27 00:00:00,59.99789899326718,12.527281173716592,12.528410337210985
2030-09-27 01:00:00,59.99939068233051,12.527280372261885,12.528411818490895
2030-09-27 02:00:00,59.999929748625476,12.52728023198506,12.528413721711331
2030-09-27 03:00:00,59.99998366332894,12.527278370786917,12.528425943703041
2030-09-27 04:00:00,60.00011394395551,12.527276489963505,12.528464234338827
2030-09-27 05:00:00,60.00106092273555,12.527280082812467,12.528470227498474
2030-09-27 06:00:00,60.00018962382023,12.52728538742181,12.528460025287714
2030-09-27 07:00:00,59.99886143443291,12.527285644271615,12.528421264408895
2030-09-27 08:00:00,12.528118789040219,12.527282555659493,12.528061532459617
2030-09-27 09:00:00,12.527299781641021,12.527276299756522,12.527319056968754
2030-09-27 10:00:00,12.52730712756688,12.527274987361125,12.527285726244202
2030-09-27 11:00:00,12.527243337455419,12.52727403479821,12.527221953381654
2030-09-27 12:00:00,12.527271913562217,12.527274252106388,12.52723569264269
2030-09-27 13:00:00,12.527438772761853,12.52727732913445,12.527364519546976
2030-09-27 14:00:00,16.550708702275124,12.527279214236842,12.528364230104147
2030-09-27 15:00:00,59.99998818347948,12.527280578692626,12.528407657381825
2030-09-27 16:00:00,60.001275076401996,12.527284107423139,12.52844122454782
2030-09-27 17:00:00,60.00769459828556,12.527291760276967,12.528455780084187
2030-09-27 18:00:00,60.00140728587212,12.527295701096591,12.52846490469507
2030-09-27 19:00:00,60.000613098522315,12.527290914888908,12.528461684456488
2030-09-27 20:00:00,60.00006293768456,12.527286193132204,12.528459235775301
2030-09-27 21:00:00,59.999916139415305,12.527288446884995,12.528441503476643
2030-09-27 22:00:00,16.550913450571745,12.527287889160107,12.52844084458593
2030-09-27 23:00:00,16.550565068482822,12.52728564357767,12.528440133605727
2030-09-28 00:00:00,12.528531906774472,12.52728595843684,12.52839985849161
2030-09-28 01:00:00,12.527761339082998,12.52728276439666,12.527788365100605
2030-09-28 02:00:00,12.527766954055204,12.527282283807835,12.527794074298072
2030-09-28 03:00:00,12.528387883029936,12.527280432303996,12.528364562726892
2030-09-28 04:00:00,16.55066699827603,12.527278423956272,12.528488370422693
2030-09-28 05:00:00,16.551061758691997,12.527283323281154,12.528485432304478
2030-09-28 06:00:00,16.5508603147531,12.527290936700764,12.52847757870569
2030-09-28 07:00:00,12.527441212153487,12.527284849622447,12.527470281977546
2030-09-28 08:00:00,12.52633960246404,12.527276010125894,12.526519847393857
2030-09-28 09:00:00,5.218742073359317e-05,12.527273033348138,9.48320527339202
2030-09-28 10:00:00,0.0001999450743755853,12.527271673115138,9.48214819759143
2030-09-28 11:00:00,0.00010040431653520793,12.527270358143141,9.482121764422711
2030-09-28 12:00:00,6.335475268880412e-05,12.527268104043648,9.482942908554634
2030-09-28 13:00:00,4.672664000507962e-05,12.52726846024143,9.48312449487428
2030-09-28 14:00:00,5.4023636825100236e-05,12.527268798765363,9.483086208238532
2030-09-28 15:00:00,0.00013343595857059478,12.527270966407741,9.483429818844709
2030-09-28 16:00:00,12.526861682291276,12.527275955076776,12.527082006411618
2030-09-28 17:00:00,12.527245999629262,12.527288318851788,12.527375692031121
2030-09-28 18:00:00,12.52719152471127,12.527297128354803,12.52737688589177
2030-09-28 19:00:00,12.525867225397448,12.527288843665701,12.527222043951951
2030-09-28 20:00:00,0.00011310246645734878,12.527285549541155,12.5271464504372
2030-09-28 21:00:00,3.698720298457375e-05,12.527290081819046,12.52708634710234
2030-09-28 22:00:00,2.4624283797744738e-05,12.527290564107716,12.527106939367513
2030-09-28 23:00:00,2.8727204407680314e-05,12.527283136286314,12.527084091133474
2030-09-29 00:00:00,2.9515832023354325e-05,12.527282403626712,12.527110037662709
2030-09-29 01:00:00,6.72306694359269e-05,12.527280693283501,12.527110760051983
2030-09-29 02:00:00,0.00013663056723022305,12.527279529020234,12.527081366587481
2030-09-29 03:00:00,12.525114877910065,12.527278143224066,12.527100715339657
2030-09-29 04:00:00,12.527104441636766,12.527277777476556,12.5272833146622
2030-09-29 05:00:00,12.527217314149603,12.52728006711368,12.527334753472132
2030-09-29 06:00:00,12.52725161506134,12.527281535650577,12.527344886268168
2030-09-29 07:00:00,0.001513392198716892,12.527276299695586,12.515672724670708
2030-09-29 08:00:00,5.197614481001274e-05,12.527274252695301,9.48343357553209
2030-09-29 09:00:00,1.7419555099201313e-05,12.527270596906419,9.482878988130382
2030-09-29 10:00:00,2.5276686625358045e-05,12.527267661145743,0.0028889679098554125
2030-09-29 11:00:00,2.0147363492548536e-05,12.527267851171928,0.0010061858634834897
2030-09-29 12:00:00,2.021130753268626e-05,12.527266354202604,0.0011540020055633704
2030-09-29 13:00:00,2.5884169201756418e-05,12.52726759984671,0.0024055427155051405
2030-09-29 14:00:00,4.8719899403966606e-05,12.52726946599796,9.481512808934745
2030-09-29 15:00:00,12.526398597583537,12.527272681809336,12.526461492151336
2030-09-29 16:00:00,16.55063694901947,12.527284273107677,12.528484326554391
2030-09-29 17:00:00,60.00000643519527,12.52729521526453,12.528542294782989
2030-09-29 18:00:00,59.99987675401826,12.527307923260196,12.528545071870852
2030-09-29 19:00:00,45.412742542274,12.527307389116686,12.528537960807625
2030-09-29 20:00:00,16.550606787053766,12.527299661903665,12.528529467680627
2030-09-29 21:00:00,12.528870288340542,12.527307557902532,12.528499993621153
2030-09-29 22:00:00,12.527200577377693,12.527287530906506,12.527345591358426
2030-09-29 23:00:00,12.527259706791366,12.527286138908494,12.527366881460694
2030-09-30 00:00:00,12.527335509827681,12.527290210179714,12.527429586207248
2030-09-30 01:00:00,12.527324288561127,12.527285863144243,12.527423542008364
2030-09-30 02:00:00,12.527311363950083,12.527283637452456,12.527410431391218
2030-09-30 03:00:00,12.52728444471634,12.52728054117597,12.527399163053815
2030-09-30 04:00:00,12.527307575243867,12.52727847335122,12.527422937721397
2030-09-30 05:00:00,12.527313249873156,12.527279444157102,12.527418861865954
2030-09-30 06:00:00,12.527251550583733,12.52727894452226,12.527359596717375
2030-09-30 07:00:00,0.0005499231507207258,12.527275879339868,12.526961773856122
2030-09-30 08:00:00,4.1348972749125104e-05,12.527274619714492,12.526778467892441
2030-09-30 09:00:00,2.240577169096621e-05,12.52727238391708,12.526450466013895
2030-09-30 10:00:00,2.041842241234218e-05,12.527271056835161,12.52586937954893
2030-09-30 11:00:00,1.576282514708807e-05,12.52727153610249,12.523481090334183
2030-09-30 12:00:00,1.8879726715936004e-05,12.527269938796696,12.519296657994417
2030-09-30 13:00:00,2.6381376778711357e-05,12.527268294267742,12.501779935034321
2030-09-30 14:00:00,4.4183536633016256e-05,12.527267934421616,12.518949188243118
2030-09-30 15:00:00,0.00036259513602876866,12.527269573476588,12.525967240936618
2030-09-30 16:00:00,12.52725526928806,12.52727466053329,12.527336529114876
2030-09-30 17:00:00,14.796233345324246,12.527282397703857,12.528588598601345
2030-09-30 18:00:00,14.795177292998233,12.527286807293422,12.528599141917667
2030-09-30 19:00:00,12.527836565344924,12.52728603149717,12.52786565201859
2030-09-30 20:00:00,12.527320401034558,12.527279903780363,12.527409991937517
2030-09-30 21:00:00,12.52725467654749,12.527280084449558,12.527362665734472
2030-09-30 22:00:00,12.527144449691566,12.527280601916573,12.527314348220898
2030-09-30 23:00:00,12.527103363030559,12.527281803175356,12.527290916296806
2030-10-01 00:00:00,12.527283552050372,12.527287152782405,12.527413040555558
2030-10-01 01:00:00,12.527305165696747,12.527286448025734,12.527429476075667
2030-10-01 02:00:00,12.527385266942163,12.527289926144476,12.527481530592922
2030-10-01 03:00:00,12.528206977731903,12.52729264721529,12.528251561565412
2030-10-01 04:00:00,16.550688699928287,12.527288867919426,12.528662178188597
2030-10-01 05:00:00,59.99953228609299,12.527314102862874,12.528667917833445
2030-10-01 06:00:00,59.99949107945386,12.527883399548763,12.528665297517946
2030-10-01 07:00:00,12.52881371122794,12.527379947030568,12.528610148296469
2030-10-01 08:00:00,12.527155320096025,12.52728639135379,12.527359097779637
2030-10-01 09:00:00,6.77062861523524e-05,12.527277389817755,12.527033791117832
2030-10-01 10:00:00,2.4602775175050505e-05,12.527274758625026,12.52597050963332
2030-10-01 11:00:00,2.114510417404987e-05,12.527273502454591,12.520756544234445
2030-10-01 12:00:00,3.042897485586124e-05,12.527273437953019,9.494412184208386
2030-10-01 13:00:00,6.294904255502493e-05,12.527274325874714,9.494139369325271
2030-10-01 14:00:00,12.5267226879362,12.527275916964754,12.527013194857254
2030-10-01 15:00:00,16.550506103363897,12.527288544112707,12.52862759822353
2030-10-01 16:00:00,135.08895119115903,12.527306096529376,12.528675282942459
2030-10-01 17:00:00,135.08900760425357,12.528051475018401,12.528696941332782
2030-10-01 18:00:00,135.0890010011408,12.528883480609693,12.528825447458559
2030-10-01 19:00:00,135.08897832557662,12.527861010441484,12.528702033719128
2030-10-01 20:00:00,135.08799345710304,12.527355797192351,12.528699444998324
2030-10-01 21:00:00,60.00004815078766,12.527491325875417,12.52869150821789
2030-10-01 22:00:00,45.41377236597153,12.527619464842246,12.528681684797448
2030-10-01 23:00:00,45.41373100993593,12.527376933812775,12.528681896269518
2030-10-02 00:00:00,45.414545396580486,12.527386178606251,12.528688666428266
2030-10-02 01:00:00,59.99980259711575,12.52732745200501,12.528693837827632
2030-10-02 02:00:00,59.9999928220229,12.527318383185047,12.528690151794763
2030-10-02 03:00:00,60.000054710542514,12.527300882961754,12.528718710144858
2030-10-02 04:00:00,135.08896987004027,12.527290836447627,12.528741083193282
2030-10-02 05:00:00,135.08899935634264,12.527314791065692,12.528748275132784
2030-10-02 06:00:00,135.08899598521123,12.52757499497366,12.528745159203794
2030-10-02 07:00:00,60.000147337446556,12.527357572233996,12.52872812519117
2030-10-02 08:00:00,16.550819601284978,12.527302394346943,12.528700309254901
2030-10-02 09:00:00,12.527545370376501,12.527284623455671,12.527566431114325
2030-10-02 10:00:00,12.527255636047743,12.527277698950456,12.527318979486653
2030-10-02 11:00:00,12.527183904213931,12.527275909073978,12.527253426430468
2030-10-02 12:00:00,12.52720056927422,12.527275618264744,12.527263330209209
2030-10-02 13:00:00,12.527338234431022,12.527277505926577,12.527356816778758
2030-10-02 14:00:00,16.550619316801395,12.527280977141345,12.528652584744
2030-10-02 15:00:00,60.076329889178005,12.527284070245514,12.528683805361686
2030-10-02 16:00:00,135.0890119701696,12.527294482199734,12.528722428183514
2030-10-02 17:00:00,135.08902968705573,12.527336377404026,12.52874737591992
2030-10-02 18:00:00,135.0890108359872,12.527377223918847,12.528752663854135
2030-10-02 19:00:00,135.08898698209558,12.527314743897477,12.528746743671945
2030-10-02 20:00:00,60.00008408408303,12.527299580747325,12.528743067345374
2030-10-02 21:00:00,16.551969115852387,12.527307844296047,12.528723864510539
2030-10-02 22:00:00,12.528037169358102,12.527304764967994,12.528045729042788
2030-10-02 23:00:00,12.527600148495898,12.527294182380501,12.527632403476673
2030-10-03 00:00:00,12.52729405025543,12.52728979785352,12.527403510139948
2030-10-03 01:00:00,12.527297227554152,12.527287487740978,12.5274096603398
2030-10-03 02:00:00,12.527350329186069,12.527288729166685,12.527442255864116
2030-10-03 03:00:00,12.528572983084986,12.527289051601656,12.528568466878824
2030-10-03 04:00:00,12.529086877758346,12.527283460257067,12.528743744921513
2030-10-03 05:00:00,12.528987730412133,12.527291682723444,12.528744409707542
2030-10-03 06:00:00,12.528632266157247,12.527311308244462,12.528632140362106
2030-10-03 07:00:00,12.527167349593526,12.527285710131764,12.527338527561149
2030-10-03 08:00:00,0.00020513296051268505,12.527277835549647,12.526244971826088
2030-10-03 09:00:00,5.2052003561166447e-05,12.527274369284896,9.48472273509424
2030-10-03 10:00:00,3.996148626916144e-05,12.527272873049696,9.483846378581246
2030-10-03 11:00:00,2.5205446884755756e-05,12.527271273129372,9.483450067240002
2030-10-03 12:00:00,2.6072763201996268e-05,12.527270518205578,9.483243083870889
2030-10-03 13:00:00,7.459346157441157e-05,12.527270928678263,9.483305318994308
2030-10-03 14:00:00,9.486248837759119,12.527271698422737,9.486299553863036
2030-10-03 15:00:00,12.527866230256379,12.527280517537292,12.527594775707575
2030-10-03 16:00:00,60.0000456193709,12.527288912606029,12.52872987916325
2030-10-03 17:00:00,135.0888046144518,12.527307800701237,12.528786679852601
2030-10-03 18:00:00,60.00043826940782,12.527317525739818,12.528794904079021
2030-10-03 19:00:00,60.00001673333914,12.527299363792736,12.528785123045964
2030-10-03 20:00:00,59.99977193576069,12.527289890240777,12.528782143113503
2030-10-03 21:00:00,16.55071228227407,12.527292888791635,12.528765079993718
2030-10-03 22:00:00,12.527415638880912,12.527285466404464,12.527473869201458
2030-10-03 23:00:00,12.52720178759088,12.527278772747195,12.527325267007654
2030-10-04 00:00:00,12.527248782185115,12.527280304892392,12.5273921128031
2030-10-04 01:00:00,12.52714939149873,12.527278266482426,12.527353382979527
2030-10-04 02:00:00,12.527078634647507,12.527277531627078,12.527328902662703
2030-10-04 03:00:00,12.527076599705211,12.52727582785701,12.527371453001251
2030-10-04 04:00:00,12.527164365712451,12.527274115500315,12.527482417175364
2030-10-04 05:00:00,12.527281180491507,12.527278583645966,12.527571350681683
2030-10-04 06:00:00,12.527188886948018,12.52728057177846,12.527465131318777
2030-10-04 07:00:00,0.00016302975665993775,12.52727717034486,12.52714108078475
2030-10-04 08:00:00,2.931582357578747e-05,12.527274227489125,12.526228962097733
2030-10-04 09:00:00,1.491421332746852e-05,12.527271030026895,9.485292351011884
2030-10-04 10:00:00,1.563426208554407e-05,12.527268636766166,9.483996114866379
2030-10-04 11:00:00,1.0671434798452095e-05,12.527269196144516,9.483762204612075
2030-10-04 12:00:00,8.482348475594805e-06,12.52726993459987,9.483617386844728
2030-10-04 13:00:00,9.8264520797301e-06,12.527271174600173,9.483850540289575
2030-10-04 14:00:00,1.763568682047159e-05,12.527271790739178,9.48407396313956
2030-10-04 15:00:00,6.338525959526642e-05,12.527273648179289,9.485397423696597
2030-10-04 16:00:00,12.527046856558101,12.527277014848652,12.527238810618968
2030-10-04 17:00:00,12.527233273528834,12.527282093076792,12.52739809508057
2030-10-04 18:00:00,12.527183166767827,12.527282206001473,12.527398028267783
2030-10-04 19:00:00,12.526822732486727,12.52727829080959,12.527290482518765
2030-10-04 20:00:00,0.0009323875274276361,12.527275824551706,12.527175324261592
2030-10-04 21:00:00,0.00025420887934699985,12.527277014602078,12.5271271538777
2030-10-04 22:00:00,4.576674426043439e-05,12.527277219382086,12.52714032570475
2030-10-04 23:00:00,9.856320946076222e-05,12.527276123707452,12.52711935672778
2030-10-05 00:00:00,0.00019874748208718857,12.527276980849473,12.527051700347712
2030-10-05 01:00:00,0.00018497705868786751,12.527275909741547,12.52707580074457
2030-10-05 02:00:00,0.0001955715808844231,12.527275337100946,12.527061138973295
2030-10-05 03:00:00,0.004496488079245317,12.527273492876702,12.527165882068402
2030-10-05 04:00:00,12.52708144276312,12.527272616019966,12.527373365252458
2030-10-05 05:00:00,12.527135437083722,12.527275775843918,12.5274212127988
2030-10-05 06:00:00,12.527216437028311,12.527279632364728,12.527415784650685
2030-10-05 07:00:00,12.527159808647228,12.52727908498673,12.527306372031159
2030-10-05 08:00:00,12.527074740719348,12.527277936051284,12.527213226041525
2030-10-05 09:00:00,12.526916537514703,12.527275861063572,12.527074442677714
2030-10-05 10:00:00,12.527122363610818,12.527276190420707,12.527176343427657
2030-10-05 11:00:00,12.52694270409128,12.527275171039946,12.527056362121522
2030-10-05 12:00:00,12.526158716431672,12.527274471891243,12.52649923070149
2030-10-05 13:00:00,0.00024891050166670137,12.527274830415081,12.521167253148747
2030-10-05 14:00:00,7.817402178605724e-05,12.527275784410449,12.52436654766314
2030-10-05 15:00:00,0.00011329688049751541,12.527278197877422,12.525660334422502
2030-10-05 16:00:00,12.525671548026567,12.527284326248182,12.527031983931195
2030-10-05 17:00:00,12.527242553588632,12.527315111123244,12.52739116090288
2030-10-05 18:00:00,12.527316387419887,12.527341399745637,12.527460823125367
2030-10-05 19:00:00,12.527255779603879,12.527303174686494,12.527397144725
2030-10-05 20:00:00,12.527148808881975,12.527287396534634,12.52732494382532
2030-10-05 21:00:00,12.52694898060013,12.527285124335322,12.527242715967077
2030-10-05 22:00:00,0.00027428023858506296,12.527280522308502,12.527026370668864
2030-10-05 23:00:00,0.00038268521449623123,12.52727606807548,12.526970939059538
2030-10-06 00:00:00,0.0003920584635121522,12.527275556837,12.526617532187174
2030-10-06 01:00:00,0.0007451869980559702,12.52727429224069,12.526631895858372
2030-10-06 02:00:00,0.0006900697368074722,12.52727311349463,12.526442312425388
2030-10-06 03:00:00,0.00044189791890164343,12.527271149377157,12.526216265330731
2030-10-06 04:00:00,0.00022696229189023143,12.527267764288528,12.526358638735061
2030-10-06 05:00:00,7.363731302185155e-05,12.527268988216747,12.526454979851223
2030-10-06 06:00:00,3.8091695236224844e-05,12.527270348794827,12.526288816258742
2030-10-06 07:00:00,2.147097314482835e-05,12.527269650408925,9.48513305271124
2030-10-06 08:00:00,1.3452515351836735e-05,12.52726761943382,9.484101694975593
2030-10-06 09:00:00,9.799656806096534e-06,12.527261231140983,0.07071747734992194
2030-10-06 10:00:00,7.913633686038017e-06,12.5272567773236,0.000702683497251496
2030-10-06 11:00:00,5.536482635726041e-06,12.527256085505542,0.0004793830158443707
2030-10-06 12:00:00,4.192872072644217e-06,12.52724539246742,0.0006832178462445881
2030-10-06 13:00:00,3.97372138231643e-06,12.527246595202996,0.0011705145882596423
2030-10-06 14:00:00,4.039249806865113e-06,12.527255842927843,0.0043254183993587094
2030-10-06 15:00:00,5.290613676796547e-06,12.527264995404039,9.484018973818946
2030-10-06 16:00:00,8.14570101626973e-06,12.527271582049151,9.486217093533796
2030-10-06 17:00:00,1.0769334523345878e-05,12.527275843037387,12.526886957960414
2030-10-06 18:00:00,1.0857173037948087e-05,12.527277377126666,12.52699495284618
2030-10-06 19:00:00,1.1692881277875957e-05,12.5272764419542,12.526781037428918
2030-10-06 20:00:00,1.0288230441801716e-05,12.527274845053498,12.52643515052118
2030-10-06 21:00:00,1.1382492421813642e-05,12.527275410629045,12.526211204828542
2030-10-06 22:00:00,9.488859094084503e-06,12.527274808459879,12.526361955504399
2030-10-06 23:00:00,1.0922647004007165e-05,12.527273342342596,12.525983417221141
2030-10-07 00:00:00,1.611497909328388e-05,12.527273353013095,12.526950552524852
2030-10-07 01:00:00,2.6459615642936463e-05,12.52727244430389,12.526944176882353
2030-10-07 02:00:00,3.348331868865315e-05,12.527271156910501,12.52686432909104
2030-10-07 03:00:00,3.80619436482281e-05,12.527268382671537,12.526908949364042
2030-10-07 04:00:00,3.43187821272295e-05,12.52726310750335,12.526983345732177
2030-10-07 05:00:00,2.9964180711225375e-05,12.52726460613485,12.52692604488675
2030-10-07 06:00:00,2.4806898791507385e-05,12.527265982003652,12.526464078717439
2030-10-07 07:00:00,1.6529803230463686e-05,12.52726504248858,9.484922301757603
2030-10-07 08:00:00,1.0290955056630972e-05,12.527264349646872,9.484326148088499
2030-10-07 09:00:00,7.669569591319949e-06,12.527263869509625,0.10018713270125891
2030-10-07 10:00:00,8.29866341111192e-06,12.527266630364466,0.001240088230584454
2030-10-07 11:00:00,7.1142134736988145e-06,12.527268983821159,0.00064097405198839
2030-10-07 12:00:00,7.550354115320592e-06,12.527269347093776,0.0007454010214473783
2030-10-07 13:00:00,9.00327718805532e-06,12.52727077482541,0.02160039066316843
2030-10-07 14:00:00,1.4094173654789368e-05,12.52727119508927,9.485059917864202
2030-10-07 15:00:00,3.5700518119991315e-05,12.527271982830825,9.498126086823795
2030-10-07 16:00:00,12.526347961356596,12.527273929724721,12.52700609299157
2030-10-07 17:00:00,12.527388884870174,12.52728105559072,12.52746424653651
2030-10-07 18:00:00,16.550746194867315,12.527288418391436,16.536160110471982
2030-10-07 19:00:00,19.464190581327145,12.527289560545796,16.537222716621727
2030-10-07 20:00:00,19.49536122767131,12.527287850766731,16.53758075449754
2030-10-07 21:00:00,19.494864582474253,12.527291640330077,16.537764512421745
2030-10-07 22:00:00,16.538621408225957,12.527292905780087,16.53786756169302
2030-10-07 23:00:00,16.500984674532766,12.52729730801002,16.500981491923085
2030-10-08 00:00:00,16.538644164126683,12.527303249951254,16.538168966523088
2030-10-08 01:00:00,16.550834919791075,12.527295331078676,16.538310416065542
2030-10-08 02:00:00,16.550896592385133,12.527292842783936,16.53837303878754
2030-10-08 03:00:00,45.41344167124308,12.52728739572376,16.53843073653661
2030-10-08 04:00:00,59.999713597269874,12.527283968322699,16.53848610330391
2030-10-08 05:00:00,59.99996421391175,12.527296889471472,16.53851351771482
2030-10-08 06:00:00,59.9999154902296,12.527359185805924,16.53852097007146
2030-10-08 07:00:00,16.55084825462338,12.527582417720623,16.53851152063022
2030-10-08 08:00:00,12.527427730972109,12.527321135763414,12.527604691235595
2030-10-08 09:00:00,0.00047667331157942713,12.527285069762911,12.527284240812474
2030-10-08 10:00:00,0.00020857286217835673,12.527281552066597,12.527171218294052
2030-10-08 11:00:00,4.221203120776078e-05,12.52728014564218,12.52703644248539
2030-10-08 12:00:00,2.4937454138764475e-05,12.527280206760038,12.526863358698492
2030-10-08 13:00:00,2.0307366353553028e-05,12.527280375210466,12.526815961347571
2030-10-08 14:00:00,2.3890006604755364e-05,12.527280408950901,12.52683443454083
2030-10-08 15:00:00,7.033345802880106e-05,12.527281930374556,12.526984717097799
2030-10-08 16:00:00,12.527315374841796,12.527298554299486,12.527452513139664
2030-10-08 17:00:00,14.799345496134087,12.529080432597766,14.799380851339265
2030-10-08 18:00:00,14.799822308175862,14.798482374515515,14.799887659179262
2030-10-08 19:00:00,12.528332820040156,12.527368793350433,12.528407588304617
2030-10-08 20:00:00,12.527553840294786,12.52730742407723,12.527652215851603
2030-10-08 21:00:00,12.52747048655516,12.527312048946442,12.527570891793403
2030-10-08 22:00:00,12.527368301853054,12.527305773111948,12.52750035765348
2030-10-08 23:00:00,12.527337877868138,12.527296363273308,12.5274741858384
2030-10-09 00:00:00,12.527394679227395,12.52730343981145,12.52755835639752
2030-10-09 01:00:00,12.527474665173262,12.527301482353323,12.527628828065644
2030-10-09 02:00:00,12.527607236448958,12.527304090379403,12.527740240741878
2030-10-09 03:00:00,16.546021344226883,12.527299010700517,16.546033267823077
2030-10-09 04:00:00,45.41428745211488,12.527289442903223,16.548542827083395
2030-10-09 05:00:00,60.000041582667286,12.527309263248753,16.548710173266954
2030-10-09 06:00:00,60.00010166265405,12.527508616685433,16.548777663771276
2030-10-09 07:00:00,59.99890217321095,12.527735120220314,16.5487941807658
2030-10-09 08:00:00,12.528869755495256,12.527422732409264,12.528917466141309
2030-10-09 09:00:00,12.527282184141617,12.527297302354782,12.527362089043207
2030-10-09 10:00:00,0.0007769884979294443,12.527283927065582,12.526465481815514
2030-10-09 11:00:00,0.0001787544604208399,12.527282957926218,12.526263730182803
2030-10-09 12:00:00,0.00034800962916065205,12.527282650740487,12.526352017705534
2030-10-09 13:00:00,12.527180387600437,12.527288847455566,12.527318992047935
2030-10-09 14:00:00,12.528674218714789,12.527315108839502,12.528686462472752
2030-10-09 15:00:00,60.0000157444979,12.527345890409379,16.549770903978096
2030-10-09 16:00:00,135.0889976987802,12.527442091102746,16.550046318578964
2030-10-09 17:00:00,135.08900736425062,16.542913250277707,16.550201328247567
2030-10-09 18:00:00,135.08900024198556,16.5441294790744,16.550292608084746
2030-10-09 19:00:00,135.08897546065336,12.527456487289783,16.550338741023552
2030-10-09 20:00:00,60.00049674254569,12.527322042637193,16.550376918936593
2030-10-09 21:00:00,60.000017110332536,12.52733927436293,16.55038997718657
2030-10-09 22:00:00,45.41407028025517,12.527349032498933,16.550419388116097
2030-10-09 23:00:00,16.555332242271387,12.527308507567795,16.55043681859388
2030-10-10 00:00:00,16.55521887383014,12.527309172197073,16.550475189191744
2030-10-10 01:00:00,16.555189068771252,12.527299226338073,16.550497648987402
2030-10-10 02:00:00,16.555214137097586,12.527296803974423,16.550521592143923
2030-10-10 03:00:00,16.555312204151054,12.52728916365686,16.550562963733682
2030-10-10 04:00:00,59.99919197477175,12.527284667115692,16.550608970316105
2030-10-10 05:00:00,59.99998126582894,12.527299554290039,16.550649550647904
2030-10-10 06:00:00,59.99998811014752,12.527403843314739,16.55065912958237
2030-10-10 07:00:00,16.555323630157602,12.527795166020042,16.550635099882925
2030-10-10 08:00:00,12.530688639688702,12.527402124136852,12.530811453388225
2030-10-10 09:00:00,12.527158819837991,12.527290629393974,12.527593858906668
2030-10-10 10:00:00,0.0003903336143880206,12.527283351454571,12.52730923293717
2030-10-10 11:00:00,8.065508225360807e-05,12.527280871020594,12.527288596844587
2030-10-10 12:00:00,7.077351558768106e-05,12.527280470441967,12.52730904177939
2030-10-10 13:00:00,0.00010524695252573108,12.527279831199849,12.527305653280441
2030-10-10 14:00:00,0.0005800208363979394,12.527280059783152,12.527309604229526
2030-10-10 15:00:00,12.527866845709225,12.527301575586534,12.527938221685233
2030-10-10 16:00:00,16.555278170398452,12.527365535334567,16.550733594375657
2030-10-10 17:00:00,59.999992478726945,16.545575722406284,16.550781634146915
2030-10-10 18:00:00,60.000061292912505,16.547115592940827,16.55081477170711
2030-10-10 19:00:00,60.00021842748807,16.535022580096665,16.550825089536374
2030-10-10 20:00:00,135.08892067331817,12.527433572489755,16.55083247596353
2030-10-10 21:00:00,135.0889757891535,12.53605155871628,16.550834502573707
2030-10-10 22:00:00,135.08895809122404,16.54563822793716,16.550850068148975
2030-10-10 23:00:00,135.08897266506776,12.527925323455747,16.550856548028605
2030-10-11 00:00:00,135.08897656455844,12.532664951117038,16.55086707640318
2030-10-11 01:00:00,135.08899101252877,12.52744171035647,16.550877983365353
2030-10-11 02:00:00,135.08900077624307,12.52740849075144,16.55088659826106
2030-10-11 03:00:00,135.08900657389268,12.527322789867867,16.550911113058646
2030-10-11 04:00:00,135.0890215179279,12.527299630846635,16.550942933475696
2030-10-11 05:00:00,135.08903017915407,12.527366079287276,16.550956198801032
2030-10-11 06:00:00,135.08902853636798,16.547020894540765,16.550961848952667
2030-10-11 07:00:00,135.08901120022196,16.54760078070558,16.55095606489382
2030-10-11 08:00:00,135.08895700230008,16.545947623581206,16.55095282566377
2030-10-11 09:00:00,59.9999584754564,12.527433798886705,16.550927013068634
2030-10-11 10:00:00,45.4085321876166,12.527339651597686,16.55091593151186
2030-10-11 11:00:00,16.55793517328921,12.527322116182404,16.550909353598808
2030-10-11 12:00:00,45.41043404789421,12.527311526737101,16.550907497007273
2030-10-11 13:00:00,59.999594252592345,12.527308382891533,16.550906240045727
2030-10-11 14:00:00,60.0000436259412,12.52731057363053,16.550919674112198
2030-10-11 15:00:00,135.08898781430074,12.527339411259163,16.550931533637566
2030-10-11 16:00:00,135.08901688471803,12.53050518467228,16.550976243292737
2030-10-11 17:00:00,135.0890284629126,16.54888228639993,16.551004795066547
2030-10-11 18:00:00,135.08902736186428,16.550775787400198,16.551031788483115
2030-10-11 19:00:00,135.0890244872965,16.546449370902337,16.551012289575738
2030-10-11 20:00:00,135.08901742534727,12.528178670881594,16.551006207862144
2030-10-11 21:00:00,135.08901237768598,16.545896429214736,16.551000008460505
2030-10-11 22:00:00,135.08900176916956,16.546261728478385,16.551001162892135
2030-10-11 23:00:00,135.08900106693193,14.004443955783245,16.55099826896003
2030-10-12 00:00:00,135.08900413678842,16.543690137009772,16.551037357763292
2030-10-12 01:00:00,135.08901053345346,12.52744905795771,16.551041500429164
2030-10-12 02:00:00,135.0890158857271,12.52738386924193,16.55104669295997
2030-10-12 03:00:00,135.0890248846862,12.527315991117575,16.551066940201054
2030-10-12 04:00:00,135.08907246498984,12.527295249193157,16.55107966305725
2030-10-12 05:00:00,135.1009769934175,12.52732408963675,16.551090270719214
2030-10-12 06:00:00,305.8293757289438,12.531102298954465,16.5510870410684
2030-10-12 07:00:00,135.0890332060939,12.528893910312036,16.551069744541813
2030-10-12 08:00:00,135.08899745382192,12.52742303620058,16.55104179998993
2030-10-12 09:00:00,60.00014325803019,12.527322199101036,16.550946805933766
2030-10-12 10:00:00,59.99990597649276,12.527311878861838,16.549917787592594
2030-10-12 11:00:00,45.41407189622705,12.527299050525471,14.009023796017752
2030-10-12 12:00:00,59.99827214561353,12.52729286588395,14.008605585490841
2030-10-12 13:00:00,60.000005072203415,12.527291488147966,16.54623530748403
2030-10-12 14:00:00,135.08896448164398,12.527290966852888,16.55061571591882
2030-10-12 15:00:00,135.08901610177662,12.52729384392569,16.550971422379597
2030-10-12 16:00:00,135.08907145667752,12.527303616041424,16.551071444679508
2030-10-12 17:00:00,135.08903467391025,12.527324633959324,16.55109996217925
2030-10-12 18:00:00,135.08900858471588,12.527346090908395,16.551105538547176
2030-10-12 19:00:00,135.08896792774348,12.527310295318784,16.551100151436913
2030-10-12 20:00:00,60.000080310455814,12.527296474466521,16.55109803851299
2030-10-12 21:00:00,59.999957282738094,12.527299736671921,16.551056418242297
2030-10-12 22:00:00,16.55514445364559,12.527293655988615,16.551050941840003
2030-10-12 23:00:00,16.555207107386973,12.5272835710457,16.551051106581326
2030-10-13 00:00:00,16.55518110863984,12.527282978854906,16.551064741833017
2030-10-13 01:00:00,16.555156911341808,12.527281035800115,16.551065823777208
2030-10-13 02:00:00,16.555212505848072,12.527280118156341,16.55106613454882
2030-10-13 03:00:00,16.555189792865086,12.52727785215302,16.55106638086363
2030-10-13 04:00:00,16.55517219583453,12.527275752910107,16.551069927198824
2030-10-13 05:00:00,16.551289782889736,12.527276848582915,16.55103134125511
2030-10-13 06:00:00,12.538845606533869,12.527278211521661,12.538932716144927
2030-10-13 07:00:00,12.527300036927288,12.527275996162643,12.527725474882866
2030-10-13 08:00:00,0.00017111491501704324,12.527272279323613,12.527524132898051
2030-10-13 09:00:00,5.835064899763112e-05,12.527268603994344,12.527441182771465
2030-10-13 10:00:00,0.00013817692084851924,12.527264569135696,12.527387153287316
2030-10-13 11:00:00,0.00011791689649842976,12.527261006664958,12.527320104489364
2030-10-13 12:00:00,0.00015191160145842266,12.527253898496253,12.52730007265238
2030-10-13 13:00:00,0.00012125365009960457,12.527251727080511,12.527292982562368
2030-10-13 14:00:00,6.539395937401034e-05,12.527254984055617,12.52728570474028
2030-10-13 15:00:00,5.2338980793793335e-05,12.527265445108242,12.527340503481048
2030-10-13 16:00:00,5.343100656064845e-05,12.527272512184098,12.527514505678994
2030-10-13 17:00:00,3.749013833880259e-05,12.527277169288936,12.527678466604812
2030-10-13 18:00:00,2.306827445863746e-05,12.527280478869216,12.527741758700586
2030-10-13 19:00:00,1.9545661009123407e-05,12.527279258201816,12.527675477003868
2030-10-13 20:00:00,1.8661989088286646e-05,12.527277621223941,12.527636027795353
2030-10-13 21:00:00,1.9213325699625968e-05,12.527278693120934,12.52762395967693
2030-10-13 22:00:00,1.4026336173825877e-05,12.527278697996735,12.52763760165817
2030-10-13 23:00:00,1.2351039229744511e-05,12.527277486060484,12.527617564829598
2030-10-14 00:00:00,1.1783396332429228e-05,12.527277688185997,12.527656311782977
2030-10-14 01:00:00,1.3142956611965174e-05,12.527276841437015,12.527663817135362
2030-10-14 02:00:00,1.8467921213251963e-05,12.527276106427053,12.527658654812512
2030-10-14 03:00:00,4.6238474661997086e-05,12.527274879477773,12.527676825166964
2030-10-14 04:00:00,5.510613300430123e-05,12.527272678019353,12.527703147398029
2030-10-14 05:00:00,6.012402617667634e-05,12.527272977505163,12.527671288038619
2030-10-14 06:00:00,0.00014831361832254953,12.527273633348159,12.527621015114619
2030-10-14 07:00:00,6.30522669469644e-05,12.527273524079646,12.52748422308634
2030-10-14 08:00:00,2.6161441768409803e-05,12.527272677412098,12.527338806990343
2030-10-14 09:00:00,1.6487860583768574e-05,12.527271144449514,12.527246652251906
2030-10-14 10:00:00,1.470485689138645e-05,12.527270709775621,12.527170239267445
2030-10-14 11:00:00,1.611061709243891e-05,12.527269830813566,12.527078223325153
2030-10-14 12:00:00,2.768433583403202e-05,12.527266688717456,12.527001727900966
2030-10-14 13:00:00,0.00016068086914764867,12.527263686572951,12.526966396275947
2030-10-14 14:00:00,12.527323147904037,12.527270180275991,12.527365695228502
2030-10-14 15:00:00,16.55505337237765,12.527275070987343,16.55048988919462
2030-10-14 16:00:00,60.00002244635734,12.527279149375362,16.55113090219045
2030-10-14 17:00:00,60.00005302444989,12.52728560993728,16.5512260132773
2030-10-14 18:00:00,59.99981672420381,12.527298314915242,16.551212213815177
2030-10-14 19:00:00,16.552680044952027,12.527299759574817,16.551191684667174
2030-10-14 20:00:00,12.528865129949736,12.527296691215541,12.528957288386039
2030-10-14 21:00:00,12.527141335509953,12.527287534308925,12.527730105234696
2030-10-14 22:00:00,4.764376711773818e-05,12.527285233416478,12.527643167356473
2030-10-14 23:00:00,3.8693278719171905e-05,12.52728980919619,12.527631117876808
2030-10-15 00:00:00,0.00029220975426181325,12.52729649953487,12.528028116009011
2030-10-15 01:00:00,12.527167969322969,12.527299008237605,12.528335681745375
2030-10-15 02:00:00,12.527287389080309,12.527309652294207,12.528386228410454
2030-10-15 03:00:00,12.527468255625935,12.527317011653395,12.52960502863698
2030-10-15 04:00:00,16.550817475990698,12.527311530769579,16.551027161668486
2030-10-15 05:00:00,16.55470164089693,12.539695694696093,16.55134571277449
2030-10-15 06:00:00,16.55540859659464,16.55127511721639,16.551359929165173
2030-10-15 07:00:00,16.5519200500686,16.55108046722944,16.551341295323898
2030-10-15 08:00:00,12.527454837620642,12.527427367213187,12.528006104930185
2030-10-15 09:00:00,0.00013740589372864136,12.527289183166431,12.527542895766368
2030-10-15 10:00:00,12.527320947892246,12.527291399429487,12.527492453541276
2030-10-15 11:00:00,12.527417768046467,12.527290620273561,12.527509964436062
2030-10-15 12:00:00,12.530236838684964,12.527295559801523,12.530158347951172
2030-10-15 13:00:00,16.55519573659921,12.527295270822833,16.55118422895752
2030-10-15 14:00:00,60.00004951730942,12.527293864341118,16.551307379653103
2030-10-15 15:00:00,135.0889997516883,12.527294367224385,16.55136867017281
2030-10-15 16:00:00,135.08902330377637,12.527305031151702,16.551406981667057
2030-10-15 17:00:00,135.0890264739969,12.527380760592678,16.551426608092697
2030-10-15 18:00:00,135.08901602758397,12.528367359635013,16.551436009075644
2030-10-15 19:00:00,135.08900049577474,12.527328980419043,16.551433352491586
2030-10-15 20:00:00,135.0889100579252,12.527308291430005,16.55143528584196
2030-10-15 21:00:00,60.00011169783571,12.527336362145434,16.55142971111127
2030-10-15 22:00:00,60.000186519233814,12.527382664493416,16.551436339216707
2030-10-15 23:00:00,60.000088012233064,12.527346321222467,16.551435382705677
2030-10-16 00:00:00,60.00007061352917,12.527377422377741,16.551437728130594
2030-10-16 01:00:00,60.000034943927055,12.527329998531968,16.55143268648135
2030-10-16 02:00:00,59.99995856652799,12.52732757110607,16.551432576531624
2030-10-16 03:00:00,60.0000137427076,12.52730585329573,16.551456562431667
2030-10-16 04:00:00,60.00008917505602,12.527294282957332,16.55148939531432
2030-10-16 05:00:00,60.00024251016239,12.527332309107805,16.55149324316335
2030-10-16 06:00:00,60.0000842657241,16.545976541702657,16.551486539912048
2030-10-16 07:00:00,59.99996268461581,14.795178802120972,16.551450733654498
2030-10-16 08:00:00,16.55525203851018,12.527315167821264,16.551418737726124
2030-10-16 09:00:00,16.551176500270717,12.527288529013276,16.55116072831558
2030-10-16 10:00:00,12.530531976488342,12.527280127636914,12.530568607841479
2030-10-16 11:00:00,12.528626018121898,12.52727782128295,12.528653065243576
2030-10-16 12:00:00,12.528231848330813,12.527276918283384,12.528247229612177
2030-10-16 13:00:00,12.528461805986735,12.527277110914838,12.528460384295734
2030-10-16 14:00:00,12.530637015987578,12.527278389296043,12.530648168448964
2030-10-16 15:00:00,16.5553598809305,12.52728208192184,16.551344641758554
2030-10-16 16:00:00,60.00016036171336,12.52729295040646,16.55144670905308
2030-10-16 17:00:00,135.08516690702658,12.52733950350921,16.551485505676283
2030-10-16 18:00:00,60.000061718882534,12.527408030538936,16.5514793100686
2030-10-16 19:00:00,16.555237057965595,12.527311872818245,16.55144048022703
2030-10-16 20:00:00,12.530681261241625,12.52729628319238,12.530881187482194
2030-10-16 21:00:00,12.529767475362181,12.527301187770718,12.529945295044854
2030-10-16 22:00:00,12.527323408900545,12.527289083080177,12.528080967261303
2030-10-16 23:00:00,12.529189341744212,12.52729163715594,12.529371266427006
2030-10-17 00:00:00,12.530625864329652,12.52729384892418,12.530793873426518
2030-10-17 01:00:00,12.530888470537937,12.527289500946608,12.531079011600923
2030-10-17 02:00:00,16.50985687742541,12.527288969457004,16.51001726454888
2030-10-17 03:00:00,16.550881792791017,12.527284235459774,16.550986884635677
2030-10-17 04:00:00,16.552185382117386,12.527281262085127,16.551492480142628
2030-10-17 05:00:00,16.553370766425523,12.527290103469568,16.55150065171165
2030-10-17 06:00:00,16.55201813569653,12.527317735324687,16.551479933666172
2030-10-17 07:00:00,12.527415832047328,12.52730274075111,12.527860086771417
2030-10-17 08:00:00,8.103865391955997e-05,12.527282047993658,12.52735075845483
2030-10-17 09:00:00,2.836131697902197e-05,12.527278499614113,12.527184171531077
2030-10-17 10:00:00,1.726270610980589e-05,12.527277456059892,12.526643897999364
2030-10-17 11:00:00,1.5484221295464724e-05,12.527277205863356,12.525617060514442
2030-10-17 12:00:00,1.8904488831119687e-05,12.527277986258104,12.526948676233332
2030-10-17 13:00:00,3.208504996599309e-05,12.527279067857307,12.527248876903005
2030-10-17 14:00:00,0.00011446732058701704,12.527280386155326,12.52736358131308
2030-10-17 15:00:00,12.527239556172683,12.527287856120893,12.527657984710176
2030-10-17 16:00:00,12.52868290938966,12.527333115905705,12.528777017615155
2030-10-17 17:00:00,12.528994177768876,12.527741865862481,12.52915766402748
2030-10-17 18:00:00,12.527752280187997,12.527382762046727,12.528200892111926
2030-10-17 19:00:00,12.527237844911252,12.5272878224132,12.527949661608545
2030-10-17 20:00:00,12.523462482460673,12.527280094193879,12.527797714140121
2030-10-17 21:00:00,0.002233563348742446,12.527280092910587,12.527739806430873
2030-10-17 22:00:00,0.00014452673290025003,12.527279675447062,12.527750708119129
2030-10-17 23:00:00,0.0021919683041722363,12.5272775619178,12.527738283155486
2030-10-18 00:00:00,12.52637488281898,12.527277339757566,12.527740645041206
2030-10-18 01:00:00,12.52720363039798,12.527276633957626,12.527817937995678
2030-10-18 02:00:00,12.527267751030402,12.527276512246317,12.52783051737606
2030-10-18 03:00:00,12.527517523696417,12.5272761186161,12.527976301419585
2030-10-18 04:00:00,12.53062664573008,12.527274819430053,12.530901478744127
2030-10-18 05:00:00,12.53098762613289,12.52727766308817,12.531332047225987
2030-10-18 06:00:00,12.530734214837416,12.527281423790555,12.5309811791617
2030-10-18 07:00:00,12.526932885962058,12.527276430782877,12.527736209909106
2030-10-18 08:00:00,4.5570644703845864e-05,12.52727432578907,12.527360110617764
2030-10-18 09:00:00,2.4312967533273653e-05,12.527271940567516,12.527245476528543
2030-10-18 10:00:00,2.5293382954142345e-05,12.527270747455987,12.5271180215625
2030-10-18 11:00:00,2.0256969153164998e-05,12.527269220307062,12.527080922762869
2030-10-18 12:00:00,2.2760365876019964e-05,12.527269256816817,12.52713550773015
2030-10-18 13:00:00,4.112561399466755e-05,12.52726949335738,12.527175132215008
2030-10-18 14:00:00,0.00012526049056111934,12.52727068180775,12.52722465411553
2030-10-18 15:00:00,0.00044820769654111445,12.527272569453089,12.527311189210572
2030-10-18 16:00:00,12.527294377436428,12.527277300057174,12.527670911850208
2030-10-18 17:00:00,12.527308062634749,12.52728041566661,12.527840584118167
2030-10-18 18:00:00,12.527231720308919,12.527279945104056,12.52788520077705
2030-10-18 19:00:00,12.523897688672195,12.527276111612082,12.527740926322622
2030-10-18 20:00:00,0.00028603166447283,12.527274793684416,12.527690706528361
2030-10-18 21:00:00,8.790641228897067e-05,12.527275584522613,12.527646726748571
2030-10-18 22:00:00,3.540075272523726e-05,12.52727580406372,12.527655015212986
2030-10-18 23:00:00,5.9781388046599305e-05,12.5272746489145,12.527639067075143
2030-10-19 00:00:00,0.00020065800860379415,12.527274993454899,12.527666019152377
2030-10-19 01:00:00,12.525957871905314,12.527273918549326,12.527720978611796
2030-10-19 02:00:00,12.527024672763773,12.52727402443361,12.527766204397267
2030-10-19 03:00:00,12.527253398390869,12.527274020398181,12.527885485235856
2030-10-19 04:00:00,12.527475613162096,12.527274352882493,12.528105935865327
2030-10-19 05:00:00,12.527633039230537,12.527277916396088,12.528237427090062
2030-10-19 06:00:00,12.527607079348149,12.52728229139393,12.528140726770204
2030-10-19 07:00:00,0.00046307050060257865,12.527277382870125,12.527629169858804
2030-10-19 08:00:00,3.111632548081524e-05,12.527275626888839,12.527324800876784
2030-10-19 09:00:00,1.4811973919778992e-05,12.527273262954623,12.5271671161393
2030-10-19 10:00:00,1.4904198822612025e-05,12.527273130210233,12.526669097065666
2030-10-19 11:00:00,1.555399939508402e-05,12.527272194056422,12.52453624951829
2030-10-19 12:00:00,1.970706775541336e-05,12.527271502978174,12.501094661688867
2030-10-19 13:00:00,3.9729876126989844e-05,12.527271952541014,12.52491885607233
2030-10-19 14:00:00,0.00029901177666643593,12.527272827103843,12.526986932706928
2030-10-19 15:00:00,12.528529264040895,12.527281022666102,12.528433720859008
2030-10-19 16:00:00,16.55514810684652,12.527286265998024,16.55149629953854
2030-10-19 17:00:00,16.555107166927492,12.527294798592266,16.55167250820523
2030-10-19 18:00:00,16.551628536656608,12.527302278667776,16.551527634322568
2030-10-19 19:00:00,12.5306367313823,12.527291675438391,12.53071210869075
2030-10-19 20:00:00,12.528346977211186,12.527287417587663,12.528436487497501
2030-10-19 21:00:00,12.527506694070462,12.52728908147401,12.527890367613509
2030-10-19 22:00:00,12.527319512527043,12.527290297313812,12.527861386070072
2030-10-19 23:00:00,12.527531055328364,12.527285619644317,12.5278927647405
2030-10-20 00:00:00,12.527699970958723,12.527285588708066,12.527920629287436
2030-10-20 01:00:00,12.528703416514151,12.527283145424917,12.528738439719746
2030-10-20 02:00:00,12.530568696491649,12.527281184711683,12.530588768175221
2030-10-20 03:00:00,12.530644501834963,12.527278896899588,12.53066043466697
2030-10-20 04:00:00,12.530799691265202,12.527276417814566,12.530818959029702
2030-10-20 05:00:00,16.547501492723317,12.52727746005803,16.547505033628113
2030-10-20 06:00:00,16.555213077060586,12.527278812636723,16.551709204090557
2030-10-20 07:00:00,12.530700971849068,12.527279184381769,12.530632821333331
2030-10-20 08:00:00,12.52348625007612,12.527272336345199,12.527157199223964
2030-10-20 09:00:00,5.0755707664654575e-05,12.527269961827187,12.52476371683847
2030-10-20 10:00:00,7.444683172489029e-05,12.52727046523978,0.0013698079438007273
2030-10-20 11:00:00,4.246136359951536e-05,12.527271174248199,0.0006114438060910919
2030-10-20 12:00:00,4.9792196456945086e-05,12.527270356029469,0.0005170460670456123
2030-10-20 13:00:00,0.0009217892921710102,12.527270416650026,0.001491300225965711
2030-10-20 14:00:00,12.528523824451375,12.5272770081192,12.528251685081509
2030-10-20 15:00:00,60.00023596739382,12.527278155068416,12.542382694871597
2030-10-20 16:00:00,135.08898511158006,12.52728029940901,59.9970859207686
2030-10-20 17:00:00,135.0889936329229,12.52728299274986,59.99866766042942
2030-10-20 18:00:00,135.08898133637467,12.5272881195624,59.999031146635076
2030-10-20 19:00:00,135.08878445493298,12.527286336929137,59.99914895236088
2030-10-20 20:00:00,79.26596707186127,12.527285410331945,59.9991980203221
2030-10-20 21:00:00,60.00161534827103,12.527289490294606,59.999237044525216
2030-10-20 22:00:00,60.00005161760431,12.527292662212858,59.99917719435962
2030-10-20 23:00:00,60.00000568811186,12.527290444403661,59.99920991861018
2030-10-21 00:00:00,60.000029925158856,12.527291501182766,59.99931019247204
2030-10-21 01:00:00,60.00001499803586,12.527289140018183,59.99937092804248
2030-10-21 02:00:00,60.0000076511499,12.527288036973914,59.999417814424305
2030-10-21 03:00:00,60.0000266188707,12.527284461095405,59.99947802605857
2030-10-21 04:00:00,60.00008953516408,12.52728081744914,59.99957167068095
2030-10-21 05:00:00,60.00022122518871,12.527281703212793,59.99960910176378
2030-10-21 06:00:00,70.88677507374011,12.527283290665764,59.99965354374305
2030-10-21 07:00:00,60.00006436871506,12.5272846673206,59.99934459952353
2030-10-21 08:00:00,59.996377029804826,12.527284718860264,45.41685783094326
2030-10-21 09:00:00,12.527278341605964,12.5272785880843,12.52733258395532
2030-10-21 10:00:00,12.526889746376252,12.527275262381409,12.527029776890133
2030-10-21 11:00:00,12.526118105884139,12.52727512193269,12.526324763921334
2030-10-21 12:00:00,12.526677222688624,12.527273578701362,12.526820117750091
2030-10-21 13:00:00,12.527363815080689,12.52727702069933,12.527345443424052
2030-10-21 14:00:00,60.00001556025158,12.527280093109766,45.41412916617094
2030-10-21 15:00:00,135.08898502110802,12.527281760139886,59.99755704519894
2030-10-21 16:00:00,135.08902446680662,12.52728475691986,135.08267181756023
2030-10-21 17:00:00,135.08903313077107,12.52728802067304,135.08573401335798
2030-10-21 18:00:00,135.08902513777775,12.527294353579236,135.08607970251737
2030-10-21 19:00:00,135.08901450223806,12.527289597988783,135.0862065980964
2030-10-21 20:00:00,135.08901093483473,12.527285574478334,135.08629432984944
2030-10-21 21:00:00,135.08901057877694,12.527288320975458,135.08636443833893
2030-10-21 22:00:00,135.08900657160913,12.527289503260363,135.08643953877072
2030-10-21 23:00:00,135.08900068759013,12.527293484097754,135.0864935138943
2030-10-22 00:00:00,135.08900763415772,12.527298538961656,135.08659652265203
2030-10-22 01:00:00,135.0890103739484,12.527293037469462,135.0866486174773
2030-10-22 02:00:00,135.08901299568677,12.527293000752252,135.08668982106792
2030-10-22 03:00:00,135.08901802661427,12.527287277979667,135.0867454515892
2030-10-22 04:00:00,135.0890468304533,12.527282632169582,135.08680128287344
2030-10-22 05:00:00,135.09178871058108,12.527291082952615,135.08684844158415
2030-10-22 06:00:00,305.8268608897424,12.527311209998516,135.08686836718658
2030-10-22 07:00:00,135.0891716625027,12.52732700431352,135.0868403150592
2030-10-22 08:00:00,135.08901880658598,12.527311626227382,135.08666484361447
2030-10-22 09:00:00,135.08899224566298,12.527297221064146,102.25671411341952
2030-10-22 10:00:00,135.08233363341347,12.527292320851302,102.24745300335671
2030-10-22 11:00:00,102.24884869643309,12.527290753447232,102.24729623208053
2030-10-22 12:00:00,102.24885091232998,12.5272912864036,102.2473314881439
2030-10-22 13:00:00,102.25060074439148,12.527291940320538,102.2474851952599
2030-10-22 14:00:00,135.08897999899517,12.52729371865189,102.24818543258687
2030-10-22 15:00:00,135.08901640654648,12.527307911108437,135.08656841968315
2030-10-22 16:00:00,135.08906086248035,12.527363487839443,135.0869979980971
2030-10-22 17:00:00,135.08903264728417,14.808057628240022,135.08706838714807
2030-10-22 18:00:00,135.08901554506883,16.550475506336625,135.08709924920106
2030-10-22 19:00:00,135.08900518979283,12.530384984367629,135.08710945870826
2030-10-22 20:00:00,135.08899376664885,12.527480418414285,135.0871186522142
2030-10-22 21:00:00,135.0889837019194,16.54933925930618,135.08712364098756
2030-10-22 22:00:00,135.08894305579858,16.550445287737602,135.08714257305928
2030-10-22 23:00:00,135.08894569909307,16.55000088326051,135.08715382756873
2030-10-23 00:00:00,135.0889705615606,16.550847501562284,135.08720848032596
2030-10-23 01:00:00,135.08898245786003,16.550411365023137,135.08722685276007
2030-10-23 02:00:00,135.08898671646674,16.55017675408544,135.08724056928168
2030-10-23 03:00:00,135.08899239235586,12.527574745098718,135.08726948295316
2030-10-23 04:00:00,135.0890033405576,12.527346958642731,135.08730070557272
2030-10-23 05:00:00,135.08901603744474,12.52870152658761,135.08731679310677
2030-10-23 06:00:00,135.0890195763468,59.99985711393947,135.08732352704214
2030-10-23 07:00:00,135.08900947290005,60.00025018746874,135.08729518271383
2030-10-23 08:00:00,135.08899107311842,16.551399974436737,135.08720975703028
2030-10-23 09:00:00,135.08824038075755,12.527727820403015,135.08639786235955
2030-10-23 10:00:00,102.24888215589931,12.527367593601411,102.2479077190729
2030-10-23 11:00:00,102.24881417813118,12.5273270965763,102.24774149322158
2030-10-23 12:00:00,102.24888768171958,12.527318711488276,102.2477545881213
2030-10-23 13:00:00,135.0869969308983,12.527326486118909,102.24798116295673
2030-10-23 14:00:00,135.08900136100726,12.527361455931896,102.25538126854924
2030-10-23 15:00:00,135.08903762681788,12.528015574991514,135.0871400297208
2030-10-23 16:00:00,159.60245861504833,60.00014063394017,135.08739794485024
2030-10-23 17:00:00,159.60223404103934,60.004466073814,135.08743582737043
2030-10-23 18:00:00,135.08912635304114,60.004512861774856,135.08743094866313
2030-10-23 19:00:00,135.08904134008802,60.00425344454743,135.08742960047857
2030-10-23 20:00:00,135.08902027967997,60.00007558629017,135.08742833514887
2030-10-23 21:00:00,135.08901501605942,60.004247341417795,135.08742425639502
2030-10-23 22:00:00,135.08901379937828,60.00439028819801,135.08743409747967
2030-10-23 23:00:00,135.08901074737904,60.00392724266021,135.0874384204326
2030-10-24 00:00:00,135.0890118360539,60.00433523357079,135.08746847497724
2030-10-24 01:00:00,135.08901387678912,60.00277717631252,135.08747859765663
2030-10-24 02:00:00,135.08901607139214,60.000063506271545,135.08748522336373
2030-10-24 03:00:00,135.08902117397156,45.41589510359245,135.08750604122633
2030-10-24 04:00:00,135.08904958487528,12.527534277041513,135.08753414799855
2030-10-24 05:00:00,135.08913848540246,45.41624584772126,135.08754724577102
2030-10-24 06:00:00,135.089310774757,60.00312534574641,135.0875553761874
2030-10-24 07:00:00,135.08907097920925,60.004249408390024,135.0875278152102
2030-10-24 08:00:00,135.08902269183125,60.00249795421799,135.08749462929444
2030-10-24 09:00:00,135.08900958304858,16.55033149321116,135.08740285155582
2030-10-24 10:00:00,135.08899991715444,12.527536223985408,135.08654110932426
2030-10-24 11:00:00,135.08896441990862,12.527342291980858,102.24855249269594
2030-10-24 12:00:00,135.0889178844822,12.527317929745653,102.2482246330514
2030-10-24 13:00:00,135.08897882193676,12.527315198744873,102.24894399497104
2030-10-24 14:00:00,135.08900761668667,12.527325286745508,135.08451787558823
2030-10-24 15:00:00,135.0890543227222,12.527512818041032,135.08739358015256
2030-10-24 16:00:00,2999.9915973974375,16.554262523677853,135.08757618992058
2030-10-24 17:00:00,2999.986624478374,60.00427522859809,135.08760439006255
2030-10-24 18:00:00,305.8266730114756,60.00446170671512,135.0876147947368
2030-10-24 19:00:00,135.08921295814244,60.002004536782806,135.0876001645147
2030-10-24 20:00:00,135.08908920032627,59.99862780739436,135.08759086075239
2030-10-24 21:00:00,135.08906722653177,60.00267640160018,135.08758473279522
2030-10-24 22:00:00,135.08906393398206,60.00382401306888,135.08758917142495
2030-10-24 23:00:00,135.08905872176783,60.00237045355698,135.08759279039077
2030-10-25 00:00:00,135.08909500877508,60.00313869756178,135.08760797251256
2030-10-25 01:00:00,135.08913224569287,60.000168997640685,135.0876185763509
2030-10-25 02:00:00,135.08924727200042,59.99997676372186,135.08763211523274
2030-10-25 03:00:00,305.8218107843493,45.412021165180704,135.08765755541663
2030-10-25 04:00:00,2999.999928328526,12.527504268702135,135.08767841352756
2030-10-25 05:00:00,2999.9999763801175,45.41404940102257,135.0876838516433
2030-10-25 06:00:00,2999.999981914283,60.00042697537083,135.0876822255849
2030-10-25 07:00:00,2999.999976379903,60.00316347892931,135.08766691857446
2030-10-25 08:00:00,2999.999901016207,59.99991322693733,135.08764313404683
2030-10-25 09:00:00,135.089317523063,12.527765145402554,135.08753416057638
2030-10-25 10:00:00,135.08905674533636,12.527327002863785,135.08373854252991
2030-10-25 11:00:00,135.08902479134883,12.527298846390295,102.2481780958553
2030-10-25 12:00:00,135.08901945718293,12.52729175713387,102.24808602892196
2030-10-25 13:00:00,135.08902747144668,12.527290698309116,102.24835778128897
2030-10-25 14:00:00,135.0890958665249,12.527292899394524,135.0844196211773
2030-10-25 15:00:00,2999.9998147348824,12.52731167422462,135.08754652771427
2030-10-25 16:00:00,2999.999977527752,12.527500582025523,135.0876749336334
2030-10-25 17:00:00,2999.9999787716547,16.550940582015755,135.0876987085303
2030-10-25 18:00:00,2999.999970740002,16.551943017610938,135.08770771265418
2030-10-25 19:00:00,2999.9998737364454,12.527880357836693,135.0877045605912
2030-10-25 20:00:00,135.10140603043146,12.52741613725221,135.08770064455953
2030-10-25 21:00:00,135.08912594987683,12.52829617828047,135.08767824311326
2030-10-25 22:00:00,135.0890508230791,16.53650043906964,135.08767650475147
2030-10-25 23:00:00,135.089027577556,12.52803993359339,135.08766944146737
2030-10-26 00:00:00,135.08902110591677,16.537435877620045,135.08770344458512
2030-10-26 01:00:00,135.089015847079,12.527826066303533,135.0877063169055
2030-10-26 02:00:00,135.08901232348347,12.527819909682876,135.08770882140288
2030-10-26 03:00:00,135.08901124336936,12.527379865494368,135.08772377140485
2030-10-26 04:00:00,135.08901706464712,12.527315922102838,135.0877425078424
2030-10-26 05:00:00,135.08902879274427,12.527421866981967,135.08774918055497
2030-10-26 06:00:00,135.08903607375305,16.550536331941657,135.08774653828732
2030-10-26 07:00:00,135.08901903956888,16.550678280642387,135.0877221351347
2030-10-26 08:00:00,135.0889992604777,12.527755760870193,135.08767627827197
2030-10-26 09:00:00,135.0825068062048,12.52733090835136,135.08233053999433
2030-10-26 10:00:00,102.24797073624559,12.527301332936986,102.2479162480814
2030-10-26 11:00:00,60.00001973231205,12.527292807656522,60.000025839538814
2030-10-26 12:00:00,59.99998294679484,12.527290606551778,59.99997416404686
2030-10-26 13:00:00,59.99999381425206,12.527292793552078,60.00000890241102
2030-10-26 14:00:00,60.000061312631665,12.527298483677441,60.00013276328445
2030-10-26 15:00:00,102.24886077522349,12.527332025807482,102.24882411883036
2030-10-26 16:00:00,135.08850342365477,12.528834098238509,135.08770383024356
2030-10-26 17:00:00,135.08855495274332,27.59852029648755,135.08773512159314
2030-10-26 18:00:00,135.0879324730413,60.00002569663138,135.0877239507486
2030-10-26 19:00:00,135.08321877813125,16.550389208016895,135.08333703065819
2030-10-26 20:00:00,102.24891621112056,12.527656990943342,102.2490576129747
2030-10-26 21:00:00,102.24865647416888,12.53743339068751,102.24877524241674
2030-10-26 22:00:00,102.24889859803976,14.81314746863427,102.2490167919259
2030-10-26 23:00:00,102.24855058847773,12.527336369504155,102.24866912660491
2030-10-27 00:00:00,102.24863399025864,12.527330224318652,102.24913079699616
2030-10-27 01:00:00,102.24893954234491,12.527308654049193,102.24944926089938
2030-10-27 02:00:00,135.08755869336497,12.527300351157464,135.08763023142637
2030-10-27 03:00:00,135.08891873341216,12.527289879785712,135.0877891706059
2030-10-27 04:00:00,135.0889895568289,12.527283994687437,135.08779083776835
2030-10-27 05:00:00,135.08900434056514,12.52728604297954,135.08778968821753
2030-10-27 06:00:00,135.08901008711746,12.527290823586554,135.08779268825765
2030-10-27 07:00:00,135.08900428367377,12.527300054225634,135.0877903874334
2030-10-27 08:00:00,135.08896265183262,12.527306919619512,135.08778481108578
2030-10-27 09:00:00,135.08648119700865,12.527300881537485,135.08655825228726
2030-10-27 10:00:00,135.08290800245408,12.527302503958708,135.08297875028398
2030-10-27 11:00:00,114.33962305042114,12.527310201482578,114.33967497391822
2030-10-27 12:00:00,114.33990124030835,12.527305121910468,114.33992257599392
2030-10-27 13:00:00,135.08841010593648,12.527301777432513,135.0877380184856
2030-10-27 14:00:00,135.0889858945807,12.52729860288764,135.08778730150482
2030-10-27 15:00:00,135.0890082941484,12.527297968228595,135.0878092224947
2030-10-27 16:00:00,135.08902035615756,12.527303616454528,135.08782795920598
2030-10-27 17:00:00,135.0890145516474,12.527313943150148,135.087838639638
2030-10-27 18:00:00,135.08900864112093,12.527357194634533,135.0878459150848
2030-10-27 19:00:00,135.08900565526812,12.527312730971062,135.08784078942153
2030-10-27 20:00:00,135.08900349361284,12.527298664326896,135.08783872398445
2030-10-27 21:00:00,135.0890050617694,12.52730903004067,135.08783786862477
2030-10-27 22:00:00,135.08900702860285,12.527316495519699,135.0878416048481
2030-10-27 23:00:00,135.0890063796821,12.527305797306326,135.08784092325823
2030-10-28 00:00:00,135.08900470248463,12.527301402185296,135.08790856178345
2030-10-28 01:00:00,135.08899343807929,12.527286734107292,135.08791241325798
2030-10-28 02:00:00,135.08896639635853,12.52728459930404,135.08791243271298
2030-10-28 03:00:00,135.08855560250788,12.52728079428016,135.08791157355063
2030-10-28 04:00:00,135.08753471826913,12.527278004835921,135.0877840049359
2030-10-28 05:00:00,135.0830641938923,12.527278649758955,135.08752575812468
2030-10-28 06:00:00,135.08309895736875,12.527279573420856,135.08703261808253
2030-10-28 07:00:00,102.34958256291583,12.527281483671686,135.08274089799215
2030-10-28 08:00:00,102.2487193163159,12.527279241301274,102.27651243937001
2030-10-28 09:00:00,60.00001429185728,12.527275755856863,102.24887573286878
2030-10-28 10:00:00,12.52740014053336,12.527273534413325,102.24851447028111
2030-10-28 11:00:00,12.522130941953982,12.527267743811535,102.24830335825202
2030-10-28 12:00:00,0.0009439849808019953,12.527262470685601,102.24821325833344
2030-10-28 13:00:00,0.0004885197539718619,12.527259444662377,102.24818125044322
2030-10-28 14:00:00,12.516687752237406,12.527262040959613,102.24820293854572
2030-10-28 15:00:00,59.99998154812445,12.527273929401417,102.24838201005964
2030-10-28 16:00:00,102.24878935689594,12.52727978425836,102.25285083284298
2030-10-28 17:00:00,102.2489656897434,12.52728881229541,135.08645277259893
2030-10-28 18:00:00,135.08704355127247,12.527292410858536,135.087636567096
2030-10-28 19:00:00,135.08770750204047,12.52728836843744,135.0878101384551
2030-10-28 20:00:00,135.08800483992036,12.527286474562741,135.08787865811414
2030-10-28 21:00:00,135.08888471956814,12.527292154671159,135.0878997312202
2030-10-28 22:00:00,135.0889598777246,12.527306401915666,135.08790679790218
2030-10-28 23:00:00,135.08893273329335,12.527331571389368,135.08790680278526
2030-10-29 00:00:00,135.08899407734307,12.527414024228818,135.0879210165035
2030-10-29 01:00:00,135.08900248286355,12.527352129760402,135.08792427201206
2030-10-29 02:00:00,135.0890086096749,12.52735190336989,135.08792582563729
2030-10-29 03:00:00,135.08902069847855,12.527316113200868,135.0879461585273
2030-10-29 04:00:00,135.08911625455312,12.527302737256154,135.08800449848033
2030-10-29 05:00:00,2999.9998506813827,12.527422751622908,135.08802412774548
2030-10-29 06:00:00,2999.999951676242,16.550915897201776,135.08799409673279
2030-10-29 07:00:00,2999.9998134644734,59.99953987004392,135.0879607943201
2030-10-29 08:00:00,135.08903967531398,12.528631497073398,135.08790943549621
2030-10-29 09:00:00,135.08900088066628,12.527318489163918,135.08789086963762
2030-10-29 10:00:00,135.0889780199057,12.527297064576487,135.08788079273495
2030-10-29 11:00:00,135.08889307020868,12.527294212888592,135.0878700336039
2030-10-29 12:00:00,135.08892453183762,12.52729190097325,135.0878632512245
2030-10-29 13:00:00,135.08898856970973,12.52729281331085,135.08786701349487
2030-10-29 14:00:00,135.08901031403084,12.527298925681862,135.08787465118547
2030-10-29 15:00:00,135.08911292404812,12.527348157386768,135.08789954360614
2030-10-29 16:00:00,2999.9999010720985,59.999484403503835,135.08793100348356
2030-10-29 17:00:00,2999.9999084910896,60.004547950085,135.0879441209072
2030-10-29 18:00:00,2999.999715257659,60.004512781879384,135.08795823882022
2030-10-29 19:00:00,135.08916364357535,60.00358514370873,135.0879384183254
2030-10-29 20:00:00,135.08903492759873,59.999904215879454,135.08791866049208
2030-10-29 21:00:00,135.08901257954483,60.00417552354429,135.08790980573121
2030-10-29 22:00:00,135.08899249018876,60.004375480040835,135.087913431561
2030-10-29 23:00:00,135.0888738312867,60.0040781317266,135.08791141742404
2030-10-30 00:00:00,135.08870878573723,60.00432986832124,135.08791461490182
2030-10-30 01:00:00,135.08799627751372,60.00335499716584,135.08789300826174
2030-10-30 02:00:00,135.08784246980377,60.00069218067165,135.08785581283064
2030-10-30 03:00:00,135.08775193045076,45.417177180297585,135.0878263108525
2030-10-30 04:00:00,135.0877883574276,12.529054043983056,135.08784934203396
2030-10-30 05:00:00,135.088208961811,59.99989530206403,135.08791571697475
2030-10-30 06:00:00,135.0884262589325,60.00444812868045,135.08790740772847
2030-10-30 07:00:00,135.08712289610966,60.0044626552035,135.08735504701596
2030-10-30 08:00:00,60.00003900832038,59.99951962850316,102.24761113833448
2030-10-30 09:00:00,12.527267235714085,12.527314037072756,102.24448489542553
2030-10-30 10:00:00,12.526093992404636,12.5272895713033,12.528364558956977
2030-10-30 11:00:00,0.0004053965959571337,12.527284686577332,12.527525603644547
2030-10-30 12:00:00,0.00024130303509549368,12.527283516414968,12.52753233491103
2030-10-30 13:00:00,0.0024052900576493476,12.527284415043141,12.527558519756022
2030-10-30 14:00:00,12.53065462343321,12.527328442127327,12.531427039061489
2030-10-30 15:00:00,77.3893669475134,12.534060553433847,102.24713688913207
2030-10-30 16:00:00,77.39034549972803,60.00451519588024,102.24863345415204
2030-10-30 17:00:00,77.39027967252385,77.3900700394588,135.08600499802287
2030-10-30 18:00:00,60.01160656887987,60.00484618280552,135.08661877439593
2030-10-30 19:00:00,60.00008096540262,60.00014977110186,135.08614845921147
2030-10-30 20:00:00,59.99997697366416,60.000009089085445,135.08493818691525
2030-10-30 21:00:00,59.99997323383202,60.00011196001924,135.08337073501752
2030-10-30 22:00:00,59.999979348465914,60.00009871108978,135.08528414366265
2030-10-30 23:00:00,16.55138072037745,16.551375879426814,135.08465241879549
2030-10-31 00:00:00,16.54636379260937,16.54649342225608,135.08597976737278
2030-10-31 01:00:00,16.545521470104614,16.54556118938035,135.08627678157973
2030-10-31 02:00:00,16.546597661072745,16.546596304398008,135.08634657353014
2030-10-31 03:00:00,16.547480203998923,16.547282377074225,135.0865819876135
2030-10-31 04:00:00,59.999999516120624,16.546748117817582,135.0867002199779
2030-10-31 05:00:00,77.38939051287278,21.86085096192437,135.0866631509025
2030-10-31 06:00:00,102.24416432633825,60.00009394560038,135.08647729339174
2030-10-31 07:00:00,102.24585786622995,60.00143238412238,102.2482873276175
2030-10-31 08:00:00,102.24571648120926,16.559905251365237,102.24719882497403
2030-10-31 09:00:00,102.24493165309309,12.527498353209012,102.24531301263347
2030-10-31 10:00:00,102.24573531702217,12.527348740770321,102.24590309024734
2030-10-31 11:00:00,86.54108186811894,12.527331796956787,86.54115872356708
2030-10-31 12:00:00,86.5410217094777,12.527308434695978,86.54110543723687
2030-10-31 13:00:00,102.24549227463845,12.527305832831189,102.24561428546883
2030-10-31 14:00:00,135.08635949708383,12.527319720164996,135.0862382764068
2030-10-31 15:00:00,135.0890053960893,12.527596609863394,135.08739940433406
2030-10-31 16:00:00,135.08903126365385,60.00423515525716,135.0878922408786
2030-10-31 17:00:00,135.0890466201836,60.004571440926156,135.0879098714695
2030-10-31 18:00:00,135.08903425257995,60.00451514081851,135.08791770074978
2030-10-31 19:00:00,135.08901623868246,60.004281091330085,135.08790536631204
2030-10-31 20:00:00,135.08900377076952,60.001079531139936,135.08789905326472
2030-10-31 21:00:00,135.08899412769884,60.00434133422459,135.08789386122862
2030-10-31 22:00:00,135.08897403695948,60.00445320835024,135.087897634834
2030-10-31 23:00:00,135.08732423381576,60.004085214894985,135.08730761814058
2030-11-01 00:00:00,135.08350966605315,60.003559117088926,135.0840924646227
2030-11-01 01:00:00,102.24598516024113,59.991049147874946,102.26706537057453
2030-11-01 02:00:00,102.24582964255237,12.537007868151704,102.37059807780406
2030-11-01 03:00:00,102.24575444622862,12.527376693829865,102.24637563102988
2030-11-01 04:00:00,102.24570560497796,12.52731002867641,102.24580461847789
2030-11-01 05:00:00,102.24573449607888,12.52731701749235,102.24569258114025
2030-11-01 06:00:00,102.24576191835604,12.527324910040988,102.24574524206976
2030-11-01 07:00:00,60.00015034326305,12.527330538842762,60.000103699905374
2030-11-01 08:00:00,34.37432836804316,12.527300783638907,34.37428652777666
2030-11-01 09:00:00,12.515154120786947,12.527279066617666,12.527224681628667
2030-11-01 10:00:00,0.00016745131656399251,12.52727734011387,12.527074229894216
2030-11-01 11:00:00,5.752284415152636e-05,12.527277132128802,12.52695479674915
2030-11-01 12:00:00,5.077220638851761e-05,12.527275662086604,12.527163727891903
2030-11-01 13:00:00,0.00013108705944158935,12.527275621934677,12.527308578831144
2030-11-01 14:00:00,12.527344081847877,12.527280305279419,12.527757152498301
2030-11-01 15:00:00,45.413349772848996,12.527288231722196,45.41324914378418
2030-11-01 16:00:00,45.41340902552474,12.527305425843842,45.41333496675145
2030-11-01 17:00:00,34.37356290971369,12.527357901114556,34.37368882145711
2030-11-01 18:00:00,12.527299001374558,12.527299248598865,34.372068810177126
2030-11-01 19:00:00,12.502958138666564,12.527287224344946,34.36910647648074
2030-11-01 20:00:00,12.496157938946453,12.527285785078135,34.37298814803992
2030-11-01 21:00:00,12.496272212697258,12.527289334484522,34.373328956401565
2030-11-01 22:00:00,12.496392640855355,12.527288952320305,34.37374650908805
2030-11-01 23:00:00,12.496378012577187,12.52728852344353,34.3740663359913
2030-11-02 00:00:00,12.527268146062154,12.527295011477404,34.373524088289344
2030-11-02 01:00:00,12.527326386447381,12.527293441837173,34.37357179333503
2030-11-02 02:00:00,12.527654517482894,12.527294818540213,34.37359052461943
2030-11-02 03:00:00,34.398536688003965,12.527288833158309,34.39884094421268
2030-11-02 04:00:00,45.41311316854262,12.527284018295585,45.413225851557215
2030-11-02 05:00:00,45.41333863032114,12.527287058249385,45.41341983851089
2030-11-02 06:00:00,45.41341718484546,12.527291280751342,45.41347349870448
2030-11-02 07:00:00,45.41332131956971,12.527292530461636,45.41333306573484
2030-11-02 08:00:00,12.527315939378918,12.527282363313649,34.37285682716619
2030-11-02 09:00:00,0.00010749761014287328,12.52727569632134,12.527566261206184
2030-11-02 10:00:00,9.045154266659914e-05,12.52727316390974,12.527297371413988
2030-11-02 11:00:00,5.360645787401846e-05,12.527271426440166,12.527166352928445
2030-11-02 12:00:00,4.538400539744372e-05,12.52726954798141,12.527145566207054
2030-11-02 13:00:00,5.276115301088449e-05,12.527269711997178,12.52724412558463
2030-11-02 14:00:00,6.441589823031649e-05,12.527271210345134,12.527483117409105
2030-11-02 15:00:00,7.37440309657115e-05,12.527273976929791,34.37269486437049
2030-11-02 16:00:00,8.334118865604978e-05,12.527277774849749,34.3731895607593
2030-11-02 17:00:00,6.953820350590043e-05,12.527282193976134,34.37339179362698
2030-11-02 18:00:00,5.0520448894531e-05,12.527281110303193,34.37351999909096
2030-11-02 19:00:00,3.283492188325195e-05,12.527279495086987,34.37328636539951
2030-11-02 20:00:00,2.4369931452383753e-05,12.52727871441428,34.37317178367671
2030-11-02 21:00:00,1.926330390803281e-05,12.527280328041343,34.3731312523214
2030-11-02 22:00:00,1.2389367531599001e-05,12.527281542795208,34.37314131083804
2030-11-02 23:00:00,1.0444424843417662e-05,12.527280722817522,34.37310852000519
2030-11-03 00:00:00,7.72651127698218e-06,12.527280444868742,34.37147461126254
2030-11-03 01:00:00,6.994728009039199e-06,12.527279149822789,34.371366807013146
2030-11-03 02:00:00,6.5002515029991e-06,12.527278514131467,34.365732960366586
2030-11-03 03:00:00,5.61175703554472e-06,12.52727708200564,12.537227870557217
2030-11-03 04:00:00,4.655213160731364e-06,12.527275693277735,12.5319937072547
2030-11-03 05:00:00,6.3901767694214795e-06,12.527277503193545,12.530029596716304
2030-11-03 06:00:00,7.951656698423903e-06,12.527278947994091,12.531314063901178
2030-11-03 07:00:00,9.84384727809577e-06,12.527279826315862,12.529202613400782
2030-11-03 08:00:00,7.4632419607852865e-06,12.527277839472912,12.52767154720803
2030-11-03 09:00:00,5.431201520184959e-06,12.527275110290248,12.527304984721447
2030-11-03 10:00:00,5.977075374134849e-06,12.527272308416286,12.52696530867033
2030-11-03 11:00:00,4.731783394214564e-06,12.527272589443783,12.51958041551779
2030-11-03 12:00:00,4.538435912574127e-06,12.527272139517112,12.519392434558526
2030-11-03 13:00:00,7.803636751198841e-06,12.527271573818325,12.52702188233367
2030-11-03 14:00:00,2.087879188996457e-05,12.527272625109617,12.527324986341435
2030-11-03 15:00:00,0.00010951182305964751,12.5272748582438,12.52769762663428
2030-11-03 16:00:00,0.0007882178524596384,12.527278987911997,34.36883007405271
2030-11-03 17:00:00,0.0002362663799955462,12.527283508007713,34.372879958926205
2030-11-03 18:00:00,4.7098765207920223e-05,12.527282373246635,34.372987314382826
2030-11-03 19:00:00,2.5272379862159558e-05,12.527280850240459,34.37270965317839
2030-11-03 20:00:00,2.0176869838905986e-05,12.52728022620365,34.37108235351006
2030-11-03 21:00:00,1.825998030080165e-05,12.527282971681416,34.36763648633132
2030-11-03 22:00:00,1.4013692482196501e-05,12.527284027358291,34.370535560569806
2030-11-03 23:00:00,1.1036833960549975e-05,12.527282945555271,29.103208453621846
2030-11-04 00:00:00,1.0134185782087619e-05,12.527283751724246,34.372913444628054
2030-11-04 01:00:00,1.2888447983538233e-05,12.52728212970942,34.372924472270824
2030-11-04 02:00:00,2.6004815047269395e-05,12.527280722656542,34.372871780878995
2030-11-04 03:00:00,3.2979345275358086e-05,12.527278206744086,34.37293740850055
2030-11-04 04:00:00,5.9230187616776675e-05,12.527275538194703,34.37299285632787
2030-11-04 05:00:00,9.530764432221378e-05,12.527275777491923,34.372852193647304
2030-11-04 06:00:00,0.00020808935005334206,12.527275873228973,34.371566286112426
2030-11-04 07:00:00,0.0004061688374961892,12.527275835830551,12.528073372455507
2030-11-04 08:00:00,8.900054031270661e-05,12.527274787864354,12.527413443804647
2030-11-04 09:00:00,2.6796749742168315e-05,12.527272904872916,12.527252230185438
2030-11-04 10:00:00,2.1763125711858696e-05,12.527271842732262,12.527135367894955
2030-11-04 11:00:00,2.1080411078205548e-05,12.52727197281638,12.526942943161522
2030-11-04 12:00:00,2.901768469508793e-05,12.527269871742753,12.526352294463578
2030-11-04 13:00:00,7.040114897559749e-05,12.527270430462522,12.526743740341807
2030-11-04 14:00:00,0.0003018038315754721,12.527272460126369,12.527183609387867
2030-11-04 15:00:00,12.527221992019491,12.52727780672194,12.52760324210697
2030-11-04 16:00:00,34.372860972595845,12.527301260748738,34.373255440853384
2030-11-04 17:00:00,45.412926606869675,12.527394343759624,45.41297251910055
2030-11-04 18:00:00,45.413342538271536,12.527405469118094,45.41338448978509
2030-11-04 19:00:00,45.41335123279889,12.527365118962734,45.41338908785383
2030-11-04 20:00:00,45.413352074952854,12.527341727179579,45.4133827011231
2030-11-04 21:00:00,45.41327608783285,12.52749747989401,45.413303793285195
2030-11-04 22:00:00,34.3544143935651,16.544386482365553,34.37358620592204
2030-11-04 23:00:00,34.35366265417121,16.55063242066899,34.37356048297079
2030-11-05 00:00:00,34.3739068884758,16.551982117909244,34.37440420283926
2030-11-05 01:00:00,34.35441241962327,16.55035121907713,34.374329087585465
2030-11-05 02:00:00,34.354288969521505,16.548505433251194,34.37464832274327
2030-11-05 03:00:00,45.41318060382469,12.527349304230484,45.41348196108174
2030-11-05 04:00:00,59.9991143424586,12.527300691833366,59.999285580462185
2030-11-05 05:00:00,59.999991898520044,12.527336565584847,60.00002745590518
2030-11-05 06:00:00,60.00017098537228,12.52751518236255,60.00019181886712
2030-11-05 07:00:00,60.000343628090704,12.527555766238947,60.00032414947614
2030-11-05 08:00:00,60.00000688291149,12.527356963595139,60.0000360296559
2030-11-05 09:00:00,59.999213512080736,12.527307427857522,59.99927105497627
2030-11-05 10:00:00,59.9999895808649,12.527301707845254,59.99989838252551
2030-11-05 11:00:00,59.99999986281953,12.527295472061269,59.999786619362126
2030-11-05 12:00:00,60.00002603407527,12.527292011101501,59.99979881175953
2030-11-05 13:00:00,60.00049968455103,12.52729273498062,60.00017545312436
2030-11-05 14:00:00,135.0888541715347,12.52729472440933,60.002144682252435
2030-11-05 15:00:00,135.08890311525377,12.527318529767399,135.08687276540286
2030-11-05 16:00:00,135.08821511961378,12.528076216366527,135.0873044008466
2030-11-05 17:00:00,60.000788204479676,59.999661654914235,60.00075199060848
2030-11-05 18:00:00,60.00003040807587,59.99943536827959,60.000170407918546
2030-11-05 19:00:00,59.999231315152294,16.55108128408574,59.9994359031607
2030-11-05 20:00:00,59.99790260355621,12.52795488626731,59.99809901780266
2030-11-05 21:00:00,45.41347647806983,16.54996212867536,45.414379761347845
2030-11-05 22:00:00,45.413233149271356,16.547822447217186,45.414363209313706
2030-11-05 23:00:00,45.413330439888725,12.528736622223732,45.41435423056828
2030-11-06 00:00:00,45.41337577943276,16.548122259039843,45.417689447062
2030-11-06 01:00:00,45.41332436324651,12.528219668769452,45.423176906176195
2030-11-06 02:00:00,45.41334265885145,12.528051072709786,45.4259198341133
2030-11-06 03:00:00,45.413416764810506,12.527485102125866,59.996678538882406
2030-11-06 04:00:00,59.99798134896537,12.527339373829072,59.99982745388829
2030-11-06 05:00:00,59.999336429360056,12.528791795096367,60.000069176478064
2030-11-06 06:00:00,59.999937308460176,59.998998930724156,60.00025989994825
2030-11-06 07:00:00,59.999937357868646,59.99949646939149,60.0001836794881
2030-11-06 08:00:00,45.414369297979576,16.55079885102427,45.414653538020374
2030-11-06 09:00:00,12.527450698520479,12.527321862126882,45.412630863758054
2030-11-06 10:00:00,12.527620889569697,12.527303121269142,12.529496940542932
2030-11-06 11:00:00,12.527258631901493,12.527286889221614,12.528986547737288
2030-11-06 12:00:00,12.527460290028676,12.527294726136452,12.532577872863286
2030-11-06 13:00:00,45.413374259997916,12.527299102052893,45.414192346157364
2030-11-06 14:00:00,59.99912824855238,12.527302932723615,59.999233576289896
2030-11-06 15:00:00,60.00018829718347,12.527385624774979,60.00027029907504
2030-11-06 16:00:00,135.08886885168886,60.003714017316234,135.08796905636086
2030-11-06 17:00:00,135.0889781818384,60.00458326631815,135.08801673207108
2030-11-06 18:00:00,135.0888528361338,60.00458965219332,135.08803220376853
2030-11-06 19:00:00,60.00476038998473,60.004446486880624,60.00478875640965
2030-11-06 20:00:00,60.00002876221333,59.999985838702685,60.000355997450455
2030-11-06 21:00:00,60.00000055782977,60.00007031476798,60.00035228258457
2030-11-06 22:00:00,59.999908322562874,60.000220898561565,60.000413991822825
2030-11-06 23:00:00,59.99972575074263,59.99991603089438,60.000237139767705
2030-11-07 00:00:00,59.99982175921092,60.000069652696276,60.00043445964077
2030-11-07 01:00:00,59.99953338017401,59.999656980711734,60.00034562746896
2030-11-07 02:00:00,59.99959477248593,59.99965134744252,60.000371048943634
2030-11-07 03:00:00,59.99940342487834,59.99931537931025,60.000407132105465
2030-11-07 04:00:00,60.00000117459331,45.417436071105215,60.00050856376599
2030-11-07 05:00:00,102.24389502490484,60.00439205173734,102.2439351089979
2030-11-07 06:00:00,135.08885045498118,60.004590233212184,135.08808014451895
2030-11-07 07:00:00,135.08896819130575,60.00461049182468,135.0880597740246
2030-11-07 08:00:00,60.00487884495407,60.00436642463835,60.004875914232116
2030-11-07 09:00:00,59.99924251010112,16.55671811838056,59.99946556567307
2030-11-07 10:00:00,59.999385127399975,12.528864215130852,59.99954077555272
2030-11-07 11:00:00,45.41355529286658,12.52797495930281,45.41441679359498
2030-11-07 12:00:00,38.83821072855163,12.527750605660628,45.413567043432465
2030-11-07 13:00:00,12.527600286622215,12.52738711634538,45.41362270325159
2030-11-07 14:00:00,38.439377790689505,12.527913349304981,45.41423778939981
2030-11-07 15:00:00,45.413445700026855,16.551179751218115,45.41454218791505
2030-11-07 16:00:00,59.99794274552278,59.99790193005922,59.99858012506172
2030-11-07 17:00:00,45.41553728878801,45.41587450939369,59.98762671236091
2030-11-07 18:00:00,16.551360546498472,16.552012787607964,59.998066693572625
2030-11-07 19:00:00,6.331187065158767e-05,12.52744690957934,59.9834063108583
2030-11-07 20:00:00,2.535390740376897e-05,12.527333827482625,45.418201129362345
2030-11-07 21:00:00,1.565190981031468e-05,12.527399527357375,45.41667677282658
2030-11-07 22:00:00,9.44941510869083e-06,12.527404228897467,45.417053579699314
2030-11-07 23:00:00,7.406269681532462e-06,12.527343583495167,45.41683719824414
2030-11-08 00:00:00,6.266129659557322e-06,12.527403234520376,45.42443330773233
2030-11-08 01:00:00,5.802247104372535e-06,12.527348486943083,59.985023791978165
2030-11-08 02:00:00,5.895591380133467e-06,12.527348473424354,59.99453837053534
2030-11-08 03:00:00,6.389444806076185e-06,12.52731257454252,59.999270146616254
2030-11-08 04:00:00,7.597603143949527e-06,12.527298792462092,60.00011951755778
2030-11-08 05:00:00,1.2192250529460986e-05,12.527377125158637,60.0000938603398
2030-11-08 06:00:00,1.8602383534016553e-05,16.550747087499985,59.99936545259318
2030-11-08 07:00:00,2.6373443175007905e-05,16.553173238774434,45.42202085915829
2030-11-08 08:00:00,3.0502317529806824e-05,12.530581701317862,45.41473296351536
2030-11-08 09:00:00,3.116683782176622e-05,12.527319237065058,45.41445595235883
2030-11-08 10:00:00,4.6839572958473645e-05,12.52729566414746,12.53048455872752
2030-11-08 11:00:00,3.267222223147776e-05,12.52729032516163,12.527719320693066
2030-11-08 12:00:00,2.7007068348221963e-05,12.527290145650799,12.527798299515382
2030-11-08 13:00:00,2.9380715601251876e-05,12.527293714958432,12.5280535795554
2030-11-08 14:00:00,3.7948570151928596e-05,12.527304406223266,12.534790019346515
2030-11-08 15:00:00,6.241630214211866e-05,12.527449696573058,45.414459232700985
2030-11-08 16:00:00,0.00010981966806866694,59.9994789339809,59.99965053287913
2030-11-08 17:00:00,0.00012030140538799547,60.000925839886804,60.000819321105155
2030-11-08 18:00:00,9.722488994157175e-05,60.00064635563467,60.00071460865736
2030-11-08 19:00:00,5.5871795699735445e-05,59.999729837036284,59.99999884171484
2030-11-08 20:00:00,3.895763074979186e-05,50.77997406582755,50.78432298619029
2030-11-08 21:00:00,3.0723992553489896e-05,59.9998773037114,60.00004090731909
2030-11-08 22:00:00,2.8078733606929074e-05,60.00002907626185,60.00020097579545
2030-11-08 23:00:00,2.19289213596446e-05,59.99977758258774,59.99995655276325
2030-11-09 00:00:00,1.7190789815151252e-05,60.00001716272044,60.00014592224338
2030-11-09 01:00:00,1.8537949661768032e-05,59.99947116910698,59.999677656101994
2030-11-09 02:00:00,2.1308809168008114e-05,59.9985044046789,59.9988093380598
2030-11-09 03:00:00,2.585836110363768e-05,16.557118791322864,50.785321799181474
2030-11-09 04:00:00,4.28823341280804e-05,12.527589256508337,59.99808277143157
2030-11-09 05:00:00,0.00011485687251926279,45.41043386864658,59.99862455162838
2030-11-09 06:00:00,0.0005080996597826015,59.99991404636512,60.00023342420438
2030-11-09 07:00:00,0.0029644840093921107,59.999466827701326,59.99961827482657
2030-11-09 08:00:00,0.00023203991644788006,45.413621139237435,45.41463623433877
2030-11-09 09:00:00,5.830157115469002e-05,12.531854299951192,45.413659952223256
2030-11-09 10:00:00,0.00011399806716571794,12.527346555635631,12.528051357278773
2030-11-09 11:00:00,5.421108202275278e-05,12.527311751240632,12.527472111342773
2030-11-09 12:00:00,5.858523387320705e-05,12.527303418127634,12.527397966964543
2030-11-09 13:00:00,0.00011526644864276151,12.527309374042488,12.527482383123248
2030-11-09 14:00:00,12.526919411007688,12.527344553404873,12.529126926001846
2030-11-09 15:00:00,45.41370212282836,45.41364991615683,45.4146523186481
2030-11-09 16:00:00,59.999956363765705,60.000033879608424,60.00028725164829
2030-11-09 17:00:00,60.00001909505214,60.0005530042763,60.0007006912756
2030-11-09 18:00:00,60.00000484422617,60.00031970136024,60.00062400464604
2030-11-09 19:00:00,59.99993635134014,60.00002720811153,60.00036517348872
2030-11-09 20:00:00,59.99975822730903,59.999807312045164,60.0001239783726
2030-11-09 21:00:00,59.99992389205116,60.0000622307316,60.00029033422561
2030-11-09 22:00:00,59.99995874061361,60.00011523147077,60.000340752440025
2030-11-09 23:00:00,59.999647875681475,59.99964736160018,59.999975307907334
2030-11-10 00:00:00,50.79927944347559,50.79931379284695,50.79958065650344
2030-11-10 01:00:00,59.998659772217074,59.99860307434301,59.998890884734465
2030-11-10 02:00:00,59.99993793704461,59.99949211100193,60.00006771759399
2030-11-10 03:00:00,60.00000519900973,16.556861198949264,60.00007970932438
2030-11-10 04:00:00,60.000076605342656,12.531919235606857,60.00013771758755
2030-11-10 05:00:00,60.00083207289472,12.532549405105783,60.00084136662554
2030-11-10 06:00:00,102.2413889666559,16.55650828281705,60.002800899813465
2030-11-10 07:00:00,135.08803593921783,16.55677018278584,60.00141179060012
2030-11-10 08:00:00,60.00109979798688,12.531904109240713,60.00090642322132
2030-11-10 09:00:00,60.0000166494994,12.527371126006983,59.99964615266465
2030-11-10 10:00:00,60.000017021595454,12.527331926775332,46.15967388598737
2030-11-10 11:00:00,59.9997649442047,12.527346033663889,45.415063007216546
2030-11-10 12:00:00,59.99971144239813,12.527314777774675,45.41500071221249
2030-11-10 13:00:00,60.00001020402289,12.527311431386806,45.415600634562985
2030-11-10 14:00:00,60.00028306316801,12.527319437225742,59.99956451733567
2030-11-10 15:00:00,135.08888974593052,12.527355821993297,60.00121651498698
2030-11-10 16:00:00,135.08896544665367,12.531865523933035,135.08061956645392
2030-11-10 17:00:00,135.0828299102803,14.795939557906422,135.08190599276168
2030-11-10 18:00:00,60.0002658396661,12.527747553051086,60.00039255362988
2030-11-10 19:00:00,60.000017948786414,12.52733647302648,60.0001395594154
2030-11-10 20:00:00,59.988557628364106,12.527311228101691,59.9886957317278
2030-11-10 21:00:00,45.414085542509234,12.527337203128809,45.41488661576204
2030-11-10 22:00:00,12.527404848786595,12.527342881120603,45.41481169019971
2030-11-10 23:00:00,0.000295166712144966,12.527293211278447,45.414769819111825
2030-11-11 00:00:00,6.270499681467666e-05,12.527290529907232,45.4149117350925
2030-11-11 01:00:00,4.2583521173419155e-05,12.527286320135318,45.414920244626956
2030-11-11 02:00:00,3.4269395884022714e-05,12.527284391172543,45.41491551134459
2030-11-11 03:00:00,4.635221904302493e-05,12.52728099392698,45.41493985701345
2030-11-11 04:00:00,6.0620098338404205e-05,12.52727838642888,45.41496609995879
2030-11-11 05:00:00,0.0001571541695506922,12.527279205785817,45.41492844444565
2030-11-11 06:00:00,0.0014290480521594873,12.527280824919217,45.41486786302792
2030-11-11 07:00:00,12.526762138051486,12.527284317846352,45.41481593849686
2030-11-11 08:00:00,12.524842244743763,12.527286535157847,45.414725874990495
2030-11-11 09:00:00,10.602642627366723,12.52728571839998,45.414088803131456
2030-11-11 10:00:00,12.52735762700332,12.527297460771479,45.40778508679608
2030-11-11 11:00:00,45.41408808535597,12.527310082668919,45.41458604287326
2030-11-11 12:00:00,45.41411351499862,12.52729341456938,45.41456456992654
2030-11-11 13:00:00,45.41420385281655,12.527288873319776,45.41466468468742
2030-11-11 14:00:00,59.99777120660677,12.527286955422824,59.99781662643985
2030-11-11 15:00:00,59.999792451987474,12.527291228133436,59.99985994457574
2030-11-11 16:00:00,59.99980837072235,12.52732590379449,59.99991497029059
2030-11-11 17:00:00,59.9996580929386,12.529525951015785,59.99980910495833
2030-11-11 18:00:00,59.99731133683872,12.532108172011249,59.99752249352866
2030-11-11 19:00:00,45.414310791296714,12.52936806863272,45.41551249049735
2030-11-11 20:00:00,45.414217064037075,12.528348460587164,45.41551732396984
2030-11-11 21:00:00,45.41419397494041,45.41399695688597,45.41560604039296
2030-11-11 22:00:00,45.414283808761155,45.4143250997231,45.415746220952315
2030-11-11 23:00:00,45.414219609911356,45.41552309100098,45.41605244076254
2030-11-12 00:00:00,45.414357317710135,59.999684403065054,59.999834030358855
2030-11-12 01:00:00,45.41486618742246,50.784289363307835,50.78476699159364
2030-11-12 02:00:00,59.99976691213642,59.999965872759276,60.000431914942055
2030-11-12 03:00:00,59.999995043771094,59.99999790790116,60.00069376365718
2030-11-12 04:00:00,60.00005063341723,59.999797684112096,60.00132233660909
2030-11-12 05:00:00,135.08873685661467,60.00460623594063,135.08862369769122
2030-11-12 06:00:00,135.08900014704432,79.27566750439382,135.08865649470434
2030-11-12 07:00:00,135.08901057175635,135.08663299801628,135.08867287447902
2030-11-12 08:00:00,135.08900921813782,79.27612304342519,135.08868201751758
2030-11-12 09:00:00,135.08900858476832,60.00470676291661,135.08868574696447
2030-11-12 10:00:00,135.08900888528336,60.0046092702014,135.08868783701277
2030-11-12 11:00:00,135.08900954546144,60.004591893851284,135.08868784784914
2030-11-12 12:00:00,135.08901701081624,60.00457714795009,135.08869299423253
2030-11-12 13:00:00,135.08902590370772,60.00457072053996,135.08870215655196
2030-11-12 14:00:00,135.08904875077283,60.00457284156164,135.08871770097863
2030-11-12 15:00:00,135.09098185631274,60.0046421730176,135.08875142729534
2030-11-12 16:00:00,135.0913459622161,79.27756743677413,135.08877500886936
2030-11-12 17:00:00,135.0913224737736,135.08871827412258,135.08883648922892
2030-11-12 18:00:00,135.08928385953368,135.0884885987689,135.0888062590138
2030-11-12 19:00:00,135.08903244996216,79.27576950867206,135.0887704593133
2030-11-12 20:00:00,135.08901467880878,60.00587628259619,135.0887658187101
2030-11-12 21:00:00,135.0890093245816,79.27639917531997,135.08876362246883
2030-11-12 22:00:00,135.08899958774708,79.2773362833168,135.08876929588496
2030-11-12 23:00:00,135.0889833142909,79.27582344118764,135.08877129177745
2030-11-13 00:00:00,135.0889784937965,79.27724620333035,135.08878776047558
2030-11-13 01:00:00,135.0889720902128,79.27498384508635,135.08879179562155
2030-11-13 02:00:00,135.08898266643638,60.00922728577734,135.08879561076355
2030-11-13 03:00:00,135.08899074839704,60.00464240920792,135.08880693907759
2030-11-13 04:00:00,135.08900283873209,60.00456757077928,135.08882144987652
2030-11-13 05:00:00,135.08901918079846,60.00478031538751,135.08882690296832
2030-11-13 06:00:00,135.08904502739188,79.27686238288697,135.08882818991773
2030-11-13 07:00:00,135.0891003604687,79.27712518655153,135.088829410308
2030-11-13 08:00:00,135.0890304796588,60.00492650524015,135.08881594958882
2030-11-13 09:00:00,135.0890110329599,60.004545079007585,135.08879735036263
2030-11-13 10:00:00,135.0890054497222,60.00306935758999,135.08878277868155
2030-11-13 11:00:00,135.0890007441088,59.99953961366646,135.08877560813085
2030-11-13 12:00:00,135.08900602983704,12.527606623488882,135.0887801160861
2030-11-13 13:00:00,135.08901447857195,12.5275374359544,135.08878391971894
2030-11-13 14:00:00,135.08903128678725,59.99770147377512,135.08879860459868
2030-11-13 15:00:00,135.08957493361703,60.00388695456877,135.0888398757426
2030-11-13 16:00:00,135.0921000137414,60.004743067117154,135.08887068781686
2030-11-13 17:00:00,135.0921656427195,79.27538546323467,135.08888325984026
2030-11-13 18:00:00,135.0919654975114,79.27319676221214,135.08888492810874
2030-11-13 19:00:00,135.08909161695124,60.004627407089174,135.08885099558665
2030-11-13 20:00:00,135.08903300047223,60.00459239451779,135.08883947482929
2030-11-13 21:00:00,135.08901927897637,60.004669307109,135.08883380362477
2030-11-13 22:00:00,135.0890127732325,60.018365892126894,135.08883704047912
2030-11-13 23:00:00,135.0890071917419,60.00470395070079,135.0888353676346
2030-11-14 00:00:00,135.08900302795888,79.27475311317481,135.08885244828096
2030-11-14 01:00:00,135.089002559552,60.00486560826266,135.0888554486819
2030-11-14 02:00:00,135.08900401070915,60.00480845480706,135.08885684367124
2030-11-14 03:00:00,135.0890100672915,60.00460674419719,135.08886661292308
2030-11-14 04:00:00,135.08902216186925,60.00451162748947,135.088880054611
2030-11-14 05:00:00,135.08906174034016,60.00469804014756,135.08888893866788
2030-11-14 06:00:00,135.08973484155013,135.07736213883254,135.08891762196936
2030-11-14 07:00:00,135.0920190301018,135.0886419108774,135.08895301906745
2030-11-14 08:00:00,135.08905141216835,79.27558310327822,135.08886174788884
2030-11-14 09:00:00,135.08901665535734,60.00459872319061,135.0888251553145
2030-11-14 10:00:00,135.08901666094437,60.00423292068626,135.08879103379556
2030-11-14 11:00:00,135.08900784357607,60.00346276466553,135.08871114727967
2030-11-14 12:00:00,135.0890072457019,60.00004969410269,135.0886568713456
2030-11-14 13:00:00,135.08901600859144,60.000021454620764,135.08869619775123
2030-11-14 14:00:00,135.08903450595545,60.00361126682765,135.08877261097834
2030-11-14 15:00:00,135.08999287269359,60.00458584204898,135.08886799289672
2030-11-14 16:00:00,135.09213824015205,135.0856580259922,135.0889108284285
2030-11-14 17:00:00,135.0897732351642,135.08885195420407,135.0889850357553
2030-11-14 18:00:00,135.08907825192273,135.0881745580973,135.0889073332784
2030-11-14 19:00:00,135.08902985914855,79.2753731111552,135.08888196431235
2030-11-14 20:00:00,135.08901602853894,60.00470585231029,135.08887509944978
2030-11-14 21:00:00,135.0890114942639,79.27033507703436,135.08887102309836
2030-11-14 22:00:00,135.08900648852656,79.27560613023252,135.08887299310663
2030-11-14 23:00:00,135.08899787882643,60.00682248326575,135.0888717686812
2030-11-15 00:00:00,135.08899278687466,79.27583091572563,135.0888896349176
2030-11-15 01:00:00,135.08899444907547,60.00676085938903,135.0888927189153
2030-11-15 02:00:00,135.08899824745828,60.005163160692064,135.08889438376536
2030-11-15 03:00:00,135.08900474231555,60.00461880729654,135.0889017335503
2030-11-15 04:00:00,135.08901477051768,60.004507681655404,135.0889139539841
2030-11-15 05:00:00,135.08904171997807,60.00465445728696,135.08892034590463
2030-11-15 06:00:00,135.08941470484842,79.2762206664911,135.0889527167635
2030-11-15 07:00:00,135.09209320604594,79.28209602261904,135.08894722758103
2030-11-15 08:00:00,135.089042992439,60.00478053391529,135.08887247530782
2030-11-15 09:00:00,135.08901650564746,60.00455962475098,135.08879600145875
2030-11-15 10:00:00,135.08900511073224,60.00393482556228,135.0886508292419
2030-11-15 11:00:00,135.0889997109127,59.99999954060604,135.0883210640706
2030-11-15 12:00:00,135.08900710255523,59.99380846549891,135.08805032021763
2030-11-15 13:00:00,135.0890244981653,59.9973164312396,135.08846234783138
2030-11-15 14:00:00,135.09200073154798,60.0031811199342,135.08884288110173
2030-11-15 15:00:00,2999.9999385511737,60.004607398926055,135.08890727086782
2030-11-15 16:00:00,2999.9999709464064,135.0888757170002,135.08903228959332
2030-11-15 17:00:00,2999.999961457021,135.08900830714902,135.0891400144783
2030-11-15 18:00:00,2999.9998952159913,135.08899416323675,135.08915784877004
2030-11-15 19:00:00,135.09413895072447,135.0887592032568,135.089021669678
2030-11-15 20:00:00,135.09231438386178,135.08718661239428,135.08896275265448
2030-11-15 21:00:00,135.0904425333232,135.08889499248835,135.0890258360796
2030-11-15 22:00:00,135.08989586761365,135.08897125981457,135.08905598176625
2030-11-15 23:00:00,135.089702429635,135.08892566315626,135.08902470756857
2030-11-16 00:00:00,135.08962103901453,135.08899930781388,135.08909342669298
2030-11-16 01:00:00,135.0898859912802,135.08897435446033,135.08910190958886
2030-11-16 02:00:00,135.09214161218728,135.08897654959583,135.0891319479042
2030-11-16 03:00:00,135.09241996417543,135.08860099528283,135.08904679784973
2030-11-16 04:00:00,2999.9995828410565,79.28609760737523,135.08904337123005
2030-11-16 05:00:00,2999.9999673632974,135.08892636442124,135.08921347962132
2030-11-16 06:00:00,2999.9999822992313,135.08903347000341,135.08922752424306
2030-11-16 07:00:00,2999.99998496545,135.08905030466303,135.08917927258526
2030-11-16 08:00:00,2999.999972583046,135.08898698033894,135.08905687499754
2030-11-16 09:00:00,2999.9998165704205,135.08793623824022,135.0889259874386
2030-11-16 10:00:00,135.09289387773038,79.27506054705918,135.0888818130777
2030-11-16 11:00:00,135.09239378868628,60.00467464471603,135.0888330788227
2030-11-16 12:00:00,135.09236520201463,60.004614358187524,135.08881239952822
2030-11-16 13:00:00,135.0927377559406,60.004604279021805,135.08885160402414
2030-11-16 14:00:00,2999.99995710887,60.00463848746131,135.08890483647522
2030-11-16 15:00:00,2999.9999874020104,79.27751293847814,135.08893621411346
2030-11-16 16:00:00,2999.9999909079143,135.0889940643273,135.08910990353058
2030-11-16 17:00:00,2999.9999911120026,135.089034497204,135.08917907170053
2030-11-16 18:00:00,2999.9999905341692,135.08901502378194,135.0892006764888
2030-11-16 19:00:00,2999.9999886686555,135.0889272999275,135.08911557826923
2030-11-16 20:00:00,2999.999986134144,135.0887392962341,135.08903576677727
2030-11-16 21:00:00,2999.9999829764706,135.08895543981635,135.08909160255462
2030-11-16 22:00:00,2999.9999774091625,135.088991292645,135.08911542774604
2030-11-16 23:00:00,2999.999967039589,135.08672852676682,135.0889839216079
2030-11-17 00:00:00,2999.9998981088593,135.08785466868247,135.08901012787825
2030-11-17 01:00:00,2999.999788117156,79.27576387960653,135.08899441210542
2030-11-17 02:00:00,2999.99947680573,60.00476112738943,135.0889909796042
2030-11-17 03:00:00,2999.99829746395,60.00461888521022,135.0889830431488
2030-11-17 04:00:00,2999.9978598684474,60.004533131354336,135.08897855077842
2030-11-17 05:00:00,2999.9988878370586,60.00460180150094,135.08896895845373
2030-11-17 06:00:00,2999.9998900746705,60.00466230327311,135.08896608296496
2030-11-17 07:00:00,2999.9999375538378,60.004961659136825,135.08896491251807
2030-11-17 08:00:00,305.8274817748872,60.00464041849946,135.0889293037909
2030-11-17 09:00:00,135.08922592844024,60.004467097813176,135.08879651820246
2030-11-17 10:00:00,135.08903347027598,59.999948271572976,135.08821501397838
2030-11-17 11:00:00,135.08901639216828,45.417205415104036,114.36602451053714
2030-11-17 12:00:00,135.08900795689058,12.527374793857057,114.36387233069954
2030-11-17 13:00:00,135.08902298675864,12.527329507038303,135.08743969254743
2030-11-17 14:00:00,135.08910184897044,12.52735145078259,135.08869893374336
2030-11-17 15:00:00,2999.9981326716393,45.41664029131334,135.08892674283942
2030-11-17 16:00:00,2999.9999486374654,60.00451077394818,135.08897755776857
2030-11-17 17:00:00,2999.9999533234895,60.00457772842492,135.0890016895646
2030-11-17 18:00:00,2999.99989854471,60.00418799523777,135.08901591116546
2030-11-17 19:00:00,305.82744973272264,60.00045507075174,135.08899669953553
2030-11-17 20:00:00,135.09241875221778,45.41742637112482,135.08898111935304
2030-11-17 21:00:00,135.09226696752256,59.99998732917629,135.08898094367032
2030-11-17 22:00:00,135.0903331069112,60.00012941721434,135.08897878578773
2030-11-17 23:00:00,135.08910843219275,59.99959391146331,135.08894707828586
2030-11-18 00:00:00,135.08904524689166,59.99989383160073,135.088942459501
2030-11-18 01:00:00,135.08903362356267,12.527900860541195,135.08893562101093
2030-11-18 02:00:00,135.08902988624965,12.527450718906039,135.08893363726293
2030-11-18 03:00:00,135.08902395224104,12.52733097224882,135.08893597450697
2030-11-18 04:00:00,135.08901580861038,12.52730040482837,135.08893871709876
2030-11-18 05:00:00,135.08901089806866,12.527305097411045,135.0889288266626
2030-11-18 06:00:00,135.0890114748281,12.527317198432684,135.08891680232972
2030-11-18 07:00:00,135.08901197428844,12.527370655264349,135.0889077732153
2030-11-18 08:00:00,135.08896848374744,12.527366228931609,135.08882769768536
2030-11-18 09:00:00,102.2493425110027,12.527328098797625,102.24935753580301
2030-11-18 10:00:00,60.00022359092721,12.527318011560055,60.00031192303365
2030-11-18 11:00:00,60.00002636163604,12.52733266695759,60.00006566325473
2030-11-18 12:00:00,60.00006436966569,12.527312963066938,60.00008844798485
2030-11-18 13:00:00,102.24940298606043,12.52731311502157,102.24930703243362
2030-11-18 14:00:00,135.08897836330405,12.527334443018844,135.08851057997882
2030-11-18 15:00:00,135.08901078369684,12.527537256042706,135.0888402922995
2030-11-18 16:00:00,135.08900608478598,60.003929117500206,135.08891050514262
2030-11-18 17:00:00,135.08900193920184,60.00456944420512,135.08892703836318
2030-11-18 18:00:00,135.08899501373708,60.00451360513944,135.08893722496424
2030-11-18 19:00:00,135.08898350467368,60.00375100891779,135.08893012529097
2030-11-18 20:00:00,135.08899099802875,60.00000377904285,135.08892872412025
2030-11-18 21:00:00,135.08900080741515,60.003983782788055,135.0889268281644
2030-11-18 22:00:00,135.0890114898649,60.004500022972934,135.0889305991359
2030-11-18 23:00:00,135.08901628565584,60.00461362506212,135.08893067403096
2030-11-19 00:00:00,135.0890256443395,60.004682281008435,135.08895432070958
2030-11-19 01:00:00,135.08902622758166,60.00462564497502,135.08895552597915
2030-11-19 02:00:00,135.08903129134976,60.004621957657946,135.08895739888885
2030-11-19 03:00:00,135.08904151350748,60.00454834702305,135.0889667806141
2030-11-19 04:00:00,135.08919506514485,60.00368187527001,135.0890072151489
2030-11-19 05:00:00,135.09255656760783,60.004636975516405,135.0890756994686
2030-11-19 06:00:00,2999.9993145027165,79.27661589697709,135.08907462042143
2030-11-19 07:00:00,2999.9998908386297,135.08783208393925,135.0890688198839
2030-11-19 08:00:00,2999.9990541019138,79.27763624106582,135.0889911833221
2030-11-19 09:00:00,135.09279399196132,79.27515228278935,135.08894945875733
2030-11-19 10:00:00,135.09387206665713,60.004768821645484,135.0889254021005
2030-11-19 11:00:00,135.09249431788925,60.00470060293719,135.08889134295688
2030-11-19 12:00:00,135.09245437258113,60.00467553458139,135.08888178985578
2030-11-19 13:00:00,135.09281486369895,60.004686673702054,135.08889190027733
2030-11-19 14:00:00,2999.9996844436073,60.004825797450394,135.08893642801914
2030-11-19 15:00:00,2999.999965475466,79.27597374915604,135.08897029007355
2030-11-19 16:00:00,2999.9999816379404,135.08897278146912,135.0891297355445
2030-11-19 17:00:00,2999.9999839858397,135.0890244771681,135.0892088903056
2030-11-19 18:00:00,2999.999981692483,135.08901478687767,135.08923575969607
2030-11-19 19:00:00,2999.99997573865,135.08891156804202,135.08914122431634
2030-11-19 20:00:00,2999.9999653062523,135.08830467870862,135.08904221003195
2030-11-19 21:00:00,2999.9999452686984,135.08893418965818,135.08911285465638
2030-11-19 22:00:00,2999.999865777555,135.08896829342393,135.0891366906808
2030-11-19 23:00:00,2999.998234816959,135.08892979195844,135.0891109950644
2030-11-20 00:00:00,2999.997955253556,135.08899484064955,135.0892159819081
2030-11-20 01:00:00,2539.2015340684316,135.0889321907125,135.08920169014254
2030-11-20 02:00:00,2539.2002258194825,135.08888214046783,135.0891833085143
2030-11-20 03:00:00,2539.2001944256344,102.24921008946512,135.0890864778885
2030-11-20 04:00:00,2999.9985540209655,60.004729323518276,135.08913920733121
2030-11-20 05:00:00,2999.9999298213747,135.0829006201384,135.08914862851725
2030-11-20 06:00:00,2999.9999581997445,135.08899058928364,135.08929938052103
2030-11-20 07:00:00,2999.9999586718104,135.0890114369322,135.0892608772213
2030-11-20 08:00:00,2999.9995682525487,135.08890081431912,135.0890516268432
2030-11-20 09:00:00,135.09227126777444,79.27589396124858,135.08895508805716
2030-11-20 10:00:00,135.08903975423513,60.004741159568766,135.08882377769592
2030-11-20 11:00:00,135.08902988053117,60.004633243926946,135.0886995087165
2030-11-20 12:00:00,135.08902981074553,60.0045996863365,135.0886370407073
2030-11-20 13:00:00,135.0890401796256,60.00459659557873,135.08870825669334
2030-11-20 14:00:00,135.08949026672718,60.0046250085461,135.08890292902387
2030-11-20 15:00:00,135.09237327431535,60.00738903894944,135.08897102107602
2030-11-20 16:00:00,135.0923121291744,135.08860185386177,135.08905766558996
2030-11-20 17:00:00,135.08930491983492,135.0888976442593,135.08907306265974
2030-11-20 18:00:00,135.08904928464563,135.08859026940627,135.0889949096749
2030-11-20 19:00:00,135.08902159866966,104.68097022194706,135.08896758519495
2030-11-20 20:00:00,135.08900963546057,79.27547310411978,135.08896035416393
2030-11-20 21:00:00,135.08900330672694,104.7360232144456,135.08895457564267
2030-11-20 22:00:00,135.08900517447447,104.7362863108583,135.08895609936553
2030-11-20 23:00:00,135.08900026350184,88.64842575489638,135.08895550930902
2030-11-21 00:00:00,135.08900230260156,104.73595726840072,135.08896588626595
2030-11-21 01:00:00,135.08900480439084,79.27552289649157,135.08896834578536
2030-11-21 02:00:00,135.08900878679555,60.0075221144898,135.0889694193056
2030-11-21 03:00:00,135.08901442388654,60.004638760728994,135.0889761515973
2030-11-21 04:00:00,135.08903170155918,60.00447619225303,135.0889904350282
2030-11-21 05:00:00,135.0891847591476,60.004658604071665,135.08902405264325
2030-11-21 06:00:00,135.0922695966292,79.27546760741734,135.08909612872387
2030-11-21 07:00:00,135.0925833521655,79.27625221200742,135.08906871065255
2030-11-21 08:00:00,135.0918431454264,60.004814420417205,135.08898430240015
2030-11-21 09:00:00,135.08905133529862,60.004567356378175,135.08887951710477
2030-11-21 10:00:00,135.08902396665044,60.004236489610776,135.08871259728897
2030-11-21 11:00:00,135.0890174066114,60.00045871286329,135.0883186910984
2030-11-21 12:00:00,135.08901725458801,59.99987827420063,135.0881624459319
2030-11-21 13:00:00,135.08902467042026,59.99985609804389,135.08856195262575
2030-11-21 14:00:00,135.08911852638983,60.00032738602022,135.08884920210835
2030-11-21 15:00:00,135.09254644808735,60.00459904370291,135.08897435633162
2030-11-21 16:00:00,159.60105792644754,79.27130854410505,135.08902886073716
2030-11-21 17:00:00,135.09254559963048,135.08744921191192,135.08905963981942
2030-11-21 18:00:00,135.09207835567213,79.2708691856933,135.08905957518056
2030-11-21 19:00:00,135.08907939521325,60.00465433851332,135.0889799941151
2030-11-21 20:00:00,135.08902548255264,60.00460459395816,135.08896294159754
2030-11-21 21:00:00,135.08901689137025,60.00465091255137,135.08895802555526
2030-11-21 22:00:00,135.08902280995045,60.00470553672858,135.0889609407277
2030-11-21 23:00:00,135.08901698330726,60.00462314154993,135.08895793178544
2030-11-22 00:00:00,135.08901167903272,60.00464629173076,135.08896183458722
2030-11-22 01:00:00,135.08900881424992,60.00458808179701,135.08896304083464
2030-11-22 02:00:00,135.08900603381122,60.004509128409154,135.08896273758182
2030-11-22 03:00:00,135.0890103309311,45.42099521649652,135.08897047643677
2030-11-22 04:00:00,135.08901829592014,12.527425044385733,135.08898254047773
2030-11-22 05:00:00,135.0890349344143,45.42053026800295,135.08898585074712
2030-11-22 06:00:00,135.08905909610348,60.00454151411577,135.08898437608013
2030-11-22 07:00:00,135.08905031654524,60.00460788167857,135.08897676574782
2030-11-22 08:00:00,135.08900981779567,60.004510712855286,135.08893046812693
2030-11-22 09:00:00,135.0889059611955,59.99823410319004,135.0888315105086
2030-11-22 10:00:00,135.08498726788622,59.99949715998446,135.08492766463274
2030-11-22 11:00:00,102.24917483906275,45.41959585823406,102.24922032515835
2030-11-22 12:00:00,86.54524158530242,45.41896697385572,86.54553363254078
2030-11-22 13:00:00,102.24775764591224,12.528537208233502,102.24809464057661
2030-11-22 14:00:00,102.2507648167547,45.4180828112103,102.25083876250164
2030-11-22 15:00:00,102.25098802703663,60.00007451010333,102.25115300225198
2030-11-22 16:00:00,102.2509185535555,60.004669985493045,102.2513094139781
2030-11-22 17:00:00,102.24938309894723,60.00696655555657,102.25050835747334
2030-11-22 18:00:00,60.00458081801662,60.00463087076787,102.25050906306302
2030-11-22 19:00:00,60.00002783617093,60.00033080173216,102.24965435625836
2030-11-22 20:00:00,59.999944696955026,60.00015018426269,102.249510034976
2030-11-22 21:00:00,59.999964866924365,60.00430498501464,102.2494674247655
2030-11-22 22:00:00,59.99999252144637,60.00452201155258,102.24949480839405
2030-11-22 23:00:00,59.99993469904823,60.00405343953389,102.2494627290007
2030-11-23 00:00:00,59.99959976740455,60.004561578739256,102.24949284987457
2030-11-23 01:00:00,59.99983581610056,60.0040729810371,102.24952877522173
2030-11-23 02:00:00,59.99997355204607,60.00257423435323,102.24954591018832
2030-11-23 03:00:00,59.999960563824494,60.00007977175028,102.24979600139523
2030-11-23 04:00:00,60.00003437019768,59.9998825514928,135.06292603681652
2030-11-23 05:00:00,102.25089750305878,60.00463912915893,135.0815273392136
2030-11-23 06:00:00,135.0887184518142,60.006653008863395,135.08885978843438
2030-11-23 07:00:00,135.0889173969697,60.00833753646384,135.08894042834254
2030-11-23 08:00:00,135.08851216331476,60.005252220326554,135.0886765736497
2030-11-23 09:00:00,102.2508998680812,60.00459191142545,102.25119856920162
2030-11-23 10:00:00,102.25083273229153,60.00007586729862,102.25098812218701
2030-11-23 11:00:00,102.25076654861718,45.41764448437698,102.25085380766555
2030-11-23 12:00:00,102.25096317250647,12.528005134560182,102.25104096271909
2030-11-23 13:00:00,135.08885186395273,12.527578640917454,135.08882534022794
2030-11-23 14:00:00,135.08899752185573,45.41657377781121,135.08891340673466
2030-11-23 15:00:00,135.08901515435466,60.00002497185869,135.08893256316412
2030-11-23 16:00:00,135.08901194360078,60.004628068560955,135.08894698992898
2030-11-23 17:00:00,135.08900659814833,60.00463988572483,135.0889583117132
2030-11-23 18:00:00,135.08899496513277,60.00459001679883,135.08896157020865
2030-11-23 19:00:00,135.08891717304212,60.004087267161594,135.08893080365306
2030-11-23 20:00:00,135.08530147954752,59.99999747944213,135.08554777108753
2030-11-23 21:00:00,102.25088422127585,60.004098616680494,102.25116189399068
2030-11-23 22:00:00,102.24665857330837,60.00374915635712,102.24940500350749
2030-11-23 23:00:00,60.00026288064287,12.527961622214207,102.24935997734428
2030-11-24 00:00:00,60.00003312387167,12.527864413258978,102.24929122143529
2030-11-24 01:00:00,60.000011213365525,12.527398821575844,102.24929204280488
2030-11-24 02:00:00,59.999962675347355,12.527341873130354,102.24927859956915
2030-11-24 03:00:00,12.52752347871854,12.527301701953547,102.24924370127883
2030-11-24 04:00:00,12.527263746771496,12.527285460569445,102.24921177675019
2030-11-24 05:00:00,12.527204557958548,12.52728746493176,102.24916833597308
2030-11-24 06:00:00,12.527298197936943,12.527299574373501,102.24916172463726
2030-11-24 07:00:00,12.52746670823063,12.52735017789928,102.24917842045306
2030-11-24 08:00:00,12.527162544020918,12.527301575903577,102.24901674024
2030-11-24 09:00:00,0.00017149600750472293,12.527288868132018,59.99912319817846
2030-11-24 10:00:00,0.0001643625855269881,12.527287013988825,12.52781775537855
2030-11-24 11:00:00,0.00012905944400039399,12.527286374725918,12.527402419534237
2030-11-24 12:00:00,0.00018943115995093915,12.527283148921887,12.527328273434165
2030-11-24 13:00:00,0.0011615750735941626,12.527283312340842,12.527338772133827
2030-11-24 14:00:00,12.52776948399645,12.527309770731335,12.528127379706648
2030-11-24 15:00:00,102.24834071583903,12.527365524730158,102.24882422193615
2030-11-24 16:00:00,102.25087906230965,16.54813687767983,102.25102871203865
2030-11-24 17:00:00,135.08812112847306,16.54956097802642,135.08826617259
2030-11-24 18:00:00,135.08877634941382,12.528585935516276,135.08885139044824
2030-11-24 19:00:00,135.0884819630272,12.527395816461649,135.0885869068361
2030-11-24 20:00:00,135.0886528180963,12.52734082829878,135.0887176140737
2030-11-24 21:00:00,135.08889042546997,12.527512110161297,135.08888762998868
2030-11-24 22:00:00,135.08899519866296,16.549031105317226,135.08893016759885
2030-11-24 23:00:00,135.0889860676069,12.5288939379343,135.0889233154785
2030-11-25 00:00:00,135.08898985543564,12.528699022713703,135.0889245864902
2030-11-25 01:00:00,135.08899640188426,12.527417747483923,135.0889269569534
2030-11-25 02:00:00,135.08900159312503,12.527348085545782,135.08892619604376
2030-11-25 03:00:00,135.08900385869222,12.52730555359085,135.08893223445466
2030-11-25 04:00:00,135.0890079111723,12.527288862182475,135.08893855405648
2030-11-25 05:00:00,135.08901676197905,12.527289175855003,135.08893146947503
2030-11-25 06:00:00,135.08902755549298,12.52729027674286,135.0889201368607
2030-11-25 07:00:00,135.08905550079146,12.527294775803057,135.08892097235548
2030-11-25 08:00:00,135.0890331500929,12.527294783304901,135.08883937909368
2030-11-25 09:00:00,135.08901681647762,12.527290628981973,135.08860726161157
2030-11-25 10:00:00,135.08901129156428,12.527286454067507,135.08825917268913
2030-11-25 11:00:00,135.0890062064587,12.527288118939396,135.08828917326463
2030-11-25 12:00:00,135.08900847275785,12.527283716414804,135.088495445995
2030-11-25 13:00:00,135.0890194075729,12.527281130436677,135.08872505129634
2030-11-25 14:00:00,135.08906206983764,12.527280103587145,135.08884589934038
2030-11-25 15:00:00,135.08982962590005,12.527280891705232,135.08893795829783
2030-11-25 16:00:00,135.08995302849235,12.527285118721734,135.088961491643
2030-11-25 17:00:00,135.08919449633032,12.527287165512462,135.08895647757436
2030-11-25 18:00:00,135.08903160590398,12.527285440990454,135.0889460169587
2030-11-25 19:00:00,135.08900884102357,12.527283235741379,135.08893322500717
2030-11-25 20:00:00,135.08898825628148,12.527281665507825,135.08892214820597
2030-11-25 21:00:00,135.0884991945294,12.527284251784295,135.08855105954535
2030-11-25 22:00:00,102.25081821243326,12.527287489941955,102.25094820175855
2030-11-25 23:00:00,60.00000621308416,12.527294073473968,102.24918040669854
2030-11-26 00:00:00,59.9998583244817,12.527303260646667,102.24943998121864
2030-11-26 01:00:00,12.526907150506675,12.527283317781439,102.24945761638719
2030-11-26 02:00:00,6.275631375549196e-05,12.527282280589134,102.24946161913249
2030-11-26 03:00:00,2.305472862539359e-05,12.52727962159588,102.24953437663862
2030-11-26 04:00:00,1.8411999917589128e-05,12.527277505072474,102.24975185875148
2030-11-26 05:00:00,2.1518779069296898e-05,12.527282959553304,102.2498458757027
2030-11-26 06:00:00,2.66974948317511e-05,12.52729300572446,102.24968268148396
2030-11-26 07:00:00,2.9775085782558877e-05,12.527302614225846,102.24957510613513
2030-11-26 08:00:00,2.2980994271636262e-05,12.52730173201807,102.24947005645757
2030-11-26 09:00:00,1.6593663956716642e-05,12.527292874295199,102.24932747552337
2030-11-26 10:00:00,1.651189791045949e-05,12.527293210244352,102.24903278736087
2030-11-26 11:00:00,1.4405073286630018e-05,12.527288484492601,102.24864640328454
2030-11-26 12:00:00,1.340965516205621e-05,12.527286783553572,102.24855361244042
2030-11-26 13:00:00,1.359464467756309e-05,12.527287818122204,102.24909656127028
2030-11-26 14:00:00,2.0956550188052256e-05,12.52729178552454,102.2493146600782
2030-11-26 15:00:00,6.375072849100461e-05,12.527310812403812,102.24940660969467
2030-11-26 16:00:00,0.0003116908055744716,12.527512125292478,102.24947851061671
2030-11-26 17:00:00,0.0007807489032444566,12.532933668072474,102.24958446374058
2030-11-26 18:00:00,0.0005564217926803394,12.527456379743853,102.24967169258733
2030-11-26 19:00:00,0.00033216378254857435,12.52731854224021,102.24956870496862
2030-11-26 20:00:00,0.0002084208108499297,12.527301498930361,102.24952103418002
2030-11-26 21:00:00,0.00013322055732790497,12.527314241062413,102.24950282596546
2030-11-26 22:00:00,4.656699458194891e-05,12.527308831265145,102.24952473130816
2030-11-26 23:00:00,3.926004080581165e-05,12.527301567630275,102.24951598078587
2030-11-27 00:00:00,4.821508590297878e-05,12.527308191783668,102.24990789452985
2030-11-27 01:00:00,6.355066006785562e-05,12.527297449216348,102.25002042696451
2030-11-27 02:00:00,0.0001718069531364431,12.527295260592837,102.25003946656852
2030-11-27 03:00:00,12.527033291795217,12.527288265016978,102.25131449646688
2030-11-27 04:00:00,59.9991932108378,12.527292539072494,135.0361114042923
2030-11-27 05:00:00,60.00044441907315,12.52731877325914,135.03632401535015
2030-11-27 06:00:00,102.25101540944888,12.52756948453316,135.02923923669178
2030-11-27 07:00:00,120.80705142754492,12.528173030902508,120.81005525382443
2030-11-27 08:00:00,102.25104228231389,12.527626523573371,102.25341729301763
2030-11-27 09:00:00,102.25073750295893,12.527345780859832,102.25175413812042
2030-11-27 10:00:00,102.25089432409933,12.527322420437486,102.25149364299138
2030-11-27 11:00:00,135.08744052228826,12.527312031314978,135.08761933410761
2030-11-27 12:00:00,135.08899130684034,12.527308270002708,135.08895711284944
2030-11-27 13:00:00,135.0890086039484,12.527317616419168,135.0889608853021
2030-11-27 14:00:00,135.08902243615992,12.527374030043575,135.08896831708256
2030-11-27 15:00:00,135.08905364377827,12.531885625802715,135.0889864827082
2030-11-27 16:00:00,135.08903855635617,60.00460368741599,135.08899169906252
2030-11-27 17:00:00,135.08902852117205,60.004675503524595,135.08899705155727
2030-11-27 18:00:00,135.08901890961715,60.00467826631666,135.08899975432982
2030-11-27 19:00:00,135.0890080271935,60.00460567647497,135.0889918025223
2030-11-27 20:00:00,135.08899805525925,60.00454054528187,135.08898618410433
2030-11-27 21:00:00,135.08899736979905,60.00462089938628,135.0889814432212
2030-11-27 22:00:00,135.08900457084962,60.00464775119235,135.08898530453098
2030-11-27 23:00:00,135.08899849366168,60.004636402551114,135.08898320284607
2030-11-28 00:00:00,135.08899579516552,60.00466173119083,135.08900619599555
2030-11-28 01:00:00,135.08899752462392,60.00462646318647,135.08900733891824
2030-11-28 02:00:00,135.0890037714818,60.00462380770023,135.08900861929305
2030-11-28 03:00:00,135.0890082921249,60.00452579539888,135.08901609063378
2030-11-28 04:00:00,135.0890194284866,59.99912280633038,135.0890277789889
2030-11-28 05:00:00,135.08905580521372,60.00461253234698,135.08903614373958
2030-11-28 06:00:00,135.08963206846784,60.00578522689284,135.0891268762025
2030-11-28 07:00:00,135.0916877890692,134.8914157168574,135.0891569298028
2030-11-28 08:00:00,135.08970616109457,134.89704416901264,135.08910771832598
2030-11-28 09:00:00,135.08911544859936,60.005297469911056,135.08902957795698
2030-11-28 10:00:00,135.0893059251376,60.00480748512018,135.08904327087197
2030-11-28 11:00:00,135.0897534582874,60.004816776808184,135.08905643528766
2030-11-28 12:00:00,135.09171875366388,60.00491723263181,135.08906899081802
2030-11-28 13:00:00,2999.9984750844696,60.00495600929753,135.08907385781882
2030-11-28 14:00:00,2999.999959725497,60.00531347918877,135.08907672160984
2030-11-28 15:00:00,2999.999982970121,135.0846008244971,135.0890978221987
2030-11-28 16:00:00,2999.999986446499,135.08899354781917,135.08927821368172
2030-11-28 17:00:00,2999.9999866887233,135.08902140180362,135.08940375445582
2030-11-28 18:00:00,2999.9999850339755,135.0890026729685,135.08948696103866
2030-11-28 19:00:00,2999.9999799377233,135.08480800282905,135.08916155741736
2030-11-28 20:00:00,2999.999972624767,60.004825064942445,135.08912593045955
2030-11-28 21:00:00,2999.9999643626265,60.005391092972786,135.08911253236784
2030-11-28 22:00:00,2999.9998991559714,60.00822186978803,135.089120215579
2030-11-28 23:00:00,2999.998722329493,60.004854482434894,135.08911130984234
2030-11-29 00:00:00,2539.200536519278,60.004897551614214,135.08937734197087
2030-11-29 01:00:00,2539.200375806477,60.00464799356996,135.08944964990133
2030-11-29 02:00:00,2539.200338921468,60.00460489409852,135.0894604560135
2030-11-29 03:00:00,2539.2003890479164,59.999339759309805,135.08974383060468
2030-11-29 04:00:00,2999.999193928619,12.527423258686094,135.09007893395696
2030-11-29 05:00:00,2999.999949756105,45.41772144800689,135.0900534257662
2030-11-29 06:00:00,2999.9999746201674,60.001536783834126,135.0897023048267
2030-11-29 07:00:00,2999.999979350189,60.00217688495195,135.08944110935954
2030-11-29 08:00:00,2999.9999775519236,60.00018227615348,135.08934701058223
2030-11-29 09:00:00,2999.9999699978493,12.529549952699199,135.0892423991203
2030-11-29 10:00:00,2999.9999222894444,12.529091665033775,135.08918199185365
2030-11-29 11:00:00,2999.9999105451793,12.527528731739949,135.08914037438907
2030-11-29 12:00:00,2999.999859808682,12.527340459671448,135.08912808376277
2030-11-29 13:00:00,2999.9988225621637,12.52731319891609,135.0891188224261
2030-11-29 14:00:00,2999.9983058595335,12.527315873965563,135.08911943774515
2030-11-29 15:00:00,2999.999338175042,12.527391628723308,135.08913960381255
2030-11-29 16:00:00,135.31424274037818,45.41689058422982,135.08917837787868
2030-11-29 17:00:00,135.09171741925874,59.995815243054494,135.08924217935237
2030-11-29 18:00:00,135.0891702941508,45.41768674887044,135.08907906449872
2030-11-29 19:00:00,135.0890311362857,12.528277897940825,135.0890335413642
2030-11-29 20:00:00,135.0890142349972,12.527418361433641,135.0890272328603
2030-11-29 21:00:00,135.0890036988535,12.528374825670653,135.0890219745279
2030-11-29 22:00:00,135.08899784601604,16.551686981985767,135.08902241098258
2030-11-29 23:00:00,135.08883886429956,12.52845088912909,135.0889814448892
2030-11-30 00:00:00,102.25089689609526,16.551692335868715,135.08889962004088
2030-11-30 01:00:00,102.25061129404737,12.52808466240549,135.0889133235023
2030-11-30 02:00:00,60.00006792432015,12.528041335672242,135.08891897782723
2030-11-30 03:00:00,60.00000157315689,12.527352432342013,135.08894346356374
2030-11-30 04:00:00,60.00000203496984,12.527307328174322,135.08896468009158
2030-11-30 05:00:00,60.00012658561776,12.528173482108286,135.088956955914
2030-11-30 06:00:00,70.88891535695984,60.00026890335721,135.088935071704
2030-11-30 07:00:00,70.88998348134781,60.00455678634626,135.08891379020406
2030-11-30 08:00:00,70.88922786347852,60.00454397266087,135.08889738285586
2030-11-30 09:00:00,60.00013283253902,59.99927302953802,135.08883443486542
2030-11-30 10:00:00,60.000027712102806,45.41371884869841,135.0887281622462
2030-11-30 11:00:00,59.998383313965434,12.527494064375787,135.0876813669517
2030-11-30 12:00:00,59.99839003470205,12.527389832955189,134.81717847500653
2030-11-30 13:00:00,59.99974268896331,12.527406450148192,135.02252373333758
2030-11-30 14:00:00,60.00003179307694,12.528541587296786,135.0851504035122
2030-11-30 15:00:00,102.25098479987184,60.000761451300605,135.08839023671908
2030-11-30 16:00:00,135.08896227566856,79.27352161830865,135.0890255967646
2030-11-30 17:00:00,135.08898978533318,79.27598714526721,135.0890391217863
2030-11-30 18:00:00,135.08899346409726,79.27614448661097,135.08904492622727
2030-11-30 19:00:00,135.08899680253498,79.20318644724921,135.08904159970007
2030-11-30 20:00:00,135.08899776746694,60.004822904208034,135.08904050742507
2030-11-30 21:00:00,135.089002571458,79.27606962087157,135.089038719957
2030-11-30 22:00:00,135.08901551699915,135.0873794188292,135.08904788564178
2030-11-30 23:00:00,135.08901078040958,67.09782953901959,135.08904260823692
2030-12-01 00:00:00,135.08900806234624,79.27435381372123,135.0890722530644
2030-12-01 01:00:00,135.08901087040007,60.00498014040477,135.08907418283343
2030-12-01 02:00:00,135.0890123310348,60.00473299603891,135.0890732677808
2030-12-01 03:00:00,135.08901721925312,60.00462621200586,135.08906870616192
2030-12-01 04:00:00,135.08902175301682,60.004503697928335,135.0890613391985
2030-12-01 05:00:00,135.08906588773237,60.00460743220356,135.08906310926523
2030-12-01 06:00:00,135.09104619510344,60.004682169931584,135.08945667022968
2030-12-01 07:00:00,159.60042265863152,79.27454451015547,135.08976652237016
2030-12-01 08:00:00,135.09275183401226,60.00711089509263,135.08920542807166
2030-12-01 09:00:00,135.0896865768106,60.00461538021136,135.08906495523405
2030-12-01 10:00:00,135.08904968316074,60.00434054402467,135.08900200601556
2030-12-01 11:00:00,135.089026805393,60.004214661969854,135.08898768974092
2030-12-01 12:00:00,135.08902418253626,60.00341401326093,135.0889958150147
2030-12-01 13:00:00,135.08904377534023,60.002956498638014,135.089006589726
2030-12-01 14:00:00,135.0908296089583,60.00367054614344,135.08908336296145
2030-12-01 15:00:00,2999.999863727185,60.00459739603775,135.089230897647
2030-12-01 16:00:00,2999.9999575060865,79.27583941487042,135.09027402902333
2030-12-01 17:00:00,2999.9999613392974,93.65315368379106,135.0907281541031
2030-12-01 18:00:00,2999.9999563217816,93.65318039045815,135.09083591366658
2030-12-01 19:00:00,2999.999930953263,79.26842856242183,135.0907696679269
2030-12-01 20:00:00,2999.999773204655,70.88562370428606,135.0907086778082
2030-12-01 21:00:00,305.8304499828871,79.27541292464866,135.0907655281144
2030-12-01 22:00:00,135.09163490472227,135.0877008701691,135.09082097051487
2030-12-01 23:00:00,135.08938539434322,134.96632167239204,135.0892842738349
2030-12-02 00:00:00,135.08925574808595,135.08811484798053,135.08924069476325
2030-12-02 01:00:00,135.08908934367287,93.65337578639173,135.08911656165947
2030-12-02 02:00:00,135.08907352302595,79.27944300569561,135.0891058854222
2030-12-02 03:00:00,135.08904821750474,60.00470900403525,135.08909669528657
2030-12-02 04:00:00,135.08903738509161,60.00458710760839,135.08909106088268
2030-12-02 05:00:00,135.08904154257831,60.00460637206652,135.0890762376266
2030-12-02 06:00:00,135.0890790043777,60.00464284082864,135.08907268978035
2030-12-02 07:00:00,135.0896139089221,60.00486475933212,135.08924617006596
2030-12-02 08:00:00,135.08920718111588,60.00468707397531,135.08908079362124
2030-12-02 09:00:00,135.08904179580622,60.00458991655432,135.0890234615049
2030-12-02 10:00:00,135.08902492721109,60.00330248060163,135.0889948639214
2030-12-02 11:00:00,135.0890169033372,60.00298681298955,135.0889654516808
2030-12-02 12:00:00,135.08901513946648,59.9994040335145,135.0889623048789
2030-12-02 13:00:00,135.08902234723897,12.52764627461238,135.08897420819682
2030-12-02 14:00:00,135.08911090654163,59.97496482490806,135.0890149920339
2030-12-02 15:00:00,135.09171652219484,60.00330449982357,135.08912460137904
2030-12-02 16:00:00,135.0917508048724,60.00470474024352,135.0896118333101
2030-12-02 17:00:00,135.09162481282175,60.00506816173129,135.09064298153226
2030-12-02 18:00:00,135.08941979729298,60.00468951986386,135.08933364924792
2030-12-02 19:00:00,135.08903999381644,60.004618032671715,135.08907804164846
2030-12-02 20:00:00,135.0890179184089,60.0044973187778,135.08906964725287
2030-12-02 21:00:00,135.08900995244073,60.00458599792546,135.08906359318007
2030-12-02 22:00:00,135.08899923459254,60.00462587897891,135.089061945122
2030-12-02 23:00:00,135.08897060332606,60.004911279053886,135.08905254429828
2030-12-03 00:00:00,135.08895791458465,79.27523956795889,135.08906085305568
2030-12-03 01:00:00,135.08879626277846,60.00763907917917,135.0890367120328
2030-12-03 02:00:00,135.0858714084012,60.00499000210675,135.08900951214673
2030-12-03 03:00:00,135.08121735362246,60.004629741649296,135.089014201576
2030-12-03 04:00:00,135.08860249000918,60.00439355240091,135.0890387225012
2030-12-03 05:00:00,135.08898938167016,60.004666306473155,135.08908274132682
2030-12-03 06:00:00,135.08900618362895,79.2766830927003,135.0890825303831
2030-12-03 07:00:00,135.08901946775094,135.0885397986458,135.08909466936348
2030-12-03 08:00:00,135.0890173719488,79.27747485750645,135.08906955823113
2030-12-03 09:00:00,135.08901112117772,60.00492634817692,135.0890516626601
2030-12-03 10:00:00,135.08901373392857,60.0046566731171,135.08903811082834
2030-12-03 11:00:00,135.08900827600462,60.00462492135284,135.08901362618263
2030-12-03 12:00:00,135.08901639194264,60.00460125887296,135.0890014598578
2030-12-03 13:00:00,135.08903945037434,60.004581780836816,135.08901373230754
2030-12-03 14:00:00,135.08940098917418,60.004623156621165,135.08907301559944
2030-12-03 15:00:00,2999.9961732154215,60.005185512001844,135.0893307368313
2030-12-03 16:00:00,2999.998644731062,135.0889629815789,135.0909523282909
2030-12-03 17:00:00,2999.997244551829,135.08900399017693,135.09111941453648
2030-12-03 18:00:00,305.8259376394017,135.08892020682833,135.09119267559453
2030-12-03 19:00:00,135.09169508078202,79.27875259209486,135.09095191356755
2030-12-03 20:00:00,135.08947783720123,67.11388421725826,135.0893161104007
2030-12-03 21:00:00,135.08912841367902,79.28374889615316,135.08911234988682
2030-12-03 22:00:00,135.08903889356841,79.28367243452158,135.0890742982765
2030-12-03 23:00:00,135.08902234103633,79.27539989112938,135.08906968230986
2030-12-04 00:00:00,135.0890181159187,79.28410092403458,135.08905358063882
2030-12-04 01:00:00,135.08901502478233,79.27404956104237,135.08905347393738
2030-12-04 02:00:00,135.08901535608553,60.00474235633283,135.0890538942158
2030-12-04 03:00:00,135.08901813717844,60.004590397775246,135.08906139168175
2030-12-04 04:00:00,135.08902386875798,59.99986277559972,135.08907266371006
2030-12-04 05:00:00,135.0890562956534,60.00444607437203,135.08908019181945
2030-12-04 06:00:00,135.08928497162378,60.004642559381864,135.0891691204131
2030-12-04 07:00:00,135.0895522520744,60.004685395271736,135.0892406872399
2030-12-04 08:00:00,135.08905409164964,60.00462738435313,135.08904276010313
2030-12-04 09:00:00,135.08900512245776,60.00442282090626,135.08901272694706
2030-12-04 10:00:00,135.08900223645517,60.003753232253075,135.08900717263705
2030-12-04 11:00:00,135.08897239393713,60.00331300072867,135.08900424587782
2030-12-04 12:00:00,135.08895606370993,60.00017366046291,135.08900858584914
2030-12-04 13:00:00,135.0889596478443,59.99997961320423,135.0890109621212
2030-12-04 14:00:00,135.0889509134015,59.99993699352126,135.08900852426123
2030-12-04 15:00:00,135.08894324869578,60.0035696972036,135.08901402634712
2030-12-04 16:00:00,135.08880629416672,60.00463056145605,135.088989673553
2030-12-04 17:00:00,102.25087239740424,60.00468833281957,135.08883854220312
2030-12-04 18:00:00,60.00472243520744,60.0046036603826,135.0889096278849
2030-12-04 19:00:00,60.00004301685722,60.000084329216406,135.08884591562855
2030-12-04 20:00:00,59.999944383896036,59.99996672317929,135.08875490551003
2030-12-04 21:00:00,59.999937307937316,60.00020154606318,135.08866559460148
2030-12-04 22:00:00,59.99986402906272,60.00025785597427,135.0887423594204
2030-12-04 23:00:00,0.00012934298183572672,59.99966050270359,135.08868594220166
2030-12-05 00:00:00,9.459281451731268e-05,60.00009549154549,135.08887409019488
2030-12-05 01:00:00,9.340308988563596e-05,45.417245103520145,135.08889691972036
2030-12-05 02:00:00,0.00021445888630203632,12.527525468292879,135.08889976917635
2030-12-05 03:00:00,12.527027993809973,12.527326271389029,135.08893388960314
2030-12-05 04:00:00,59.998725742560055,12.527393418292137,135.08896303660356
2030-12-05 05:00:00,102.24986438135302,60.000078260170994,135.08895171105178
2030-12-05 06:00:00,135.088776032866,60.00458463745599,135.0890092901547
2030-12-05 07:00:00,135.08894533325744,60.004622704159374,135.08903458916757
2030-12-05 08:00:00,135.08874418743724,60.004617815073125,135.08898210114396
2030-12-05 09:00:00,60.00424515984149,60.00380055557798,102.25687268377783
2030-12-05 10:00:00,59.99997791305906,59.99979599304061,102.25100346540694
2030-12-05 11:00:00,12.527276690309469,12.527322141684635,102.25086784792985
2030-12-05 12:00:00,0.0007916428081643051,12.527292693633813,102.25093792301018
2030-12-05 13:00:00,12.52718322225203,12.52729381946483,102.25109616581928
2030-12-05 14:00:00,59.999864445962245,12.527348897263437,102.2519545992104
2030-12-05 15:00:00,102.2498585914073,45.424119120703836,135.08507214470617
2030-12-05 16:00:00,102.25087712203094,60.00464372005089,135.0884887920351
2030-12-05 17:00:00,102.25100264918817,60.004916079486065,135.0888255618038
2030-12-05 18:00:00,102.25114972092433,60.00482919098249,135.0888964207259
2030-12-05 19:00:00,102.25087277414964,60.00465043812983,135.08884032254537
2030-12-05 20:00:00,102.25082747390297,60.00463728290921,135.0887610060651
2030-12-05 21:00:00,102.25061203905759,60.006849427739326,135.0887043280518
2030-12-05 22:00:00,102.25064940051092,102.23890981936256,135.08877404123814
2030-12-05 23:00:00,102.24740554018801,102.24511973151584,135.08875092119433
2030-12-06 00:00:00,102.25071149248663,102.25042641167181,135.08898444394714
2030-12-06 01:00:00,102.2508635358403,102.25006325383401,135.08898684253472
2030-12-06 02:00:00,135.08865525556675,102.25008786286435,135.08901901524678
2030-12-06 03:00:00,135.08897415773407,77.39341695019084,135.08906373658192
2030-12-06 04:00:00,135.08900257224923,60.00465212756428,135.08908029090105
2030-12-06 05:00:00,135.0890270849785,79.2762342097758,135.08908513434199
2030-12-06 06:00:00,135.0895201515932,135.08895191944703,135.08945607597738
2030-12-06 07:00:00,135.09172571495728,135.08902937666699,135.09110817881174
2030-12-06 08:00:00,135.0916970248164,135.08900395293878,135.09042754456567
2030-12-06 09:00:00,135.08911580576824,102.25265198933721,135.08907141245572
2030-12-06 10:00:00,135.08918344764623,79.27584263978042,135.08907440063652
2030-12-06 11:00:00,135.08902314373782,60.004794782348654,135.0890306517601
2030-12-06 12:00:00,135.08901273917988,60.00466259648411,135.08902612524778
2030-12-06 13:00:00,135.08902542273952,60.0046424418706,135.08903117312735
2030-12-06 14:00:00,135.08918092001628,60.00466417829375,135.089064221561
2030-12-06 15:00:00,2999.9984767322353,77.39475660321204,135.08927365450617
2030-12-06 16:00:00,2999.999909988557,135.08893500489245,135.09113476719293
2030-12-06 17:00:00,305.82852189826167,135.0889860715315,135.0913812554727
2030-12-06 18:00:00,135.09169760304212,135.08887950080134,135.09129338701493
2030-12-06 19:00:00,135.0892696674945,102.24894840893467,135.08920386685622
2030-12-06 20:00:00,135.08904496698688,79.27643160894833,135.0890801995348
2030-12-06 21:00:00,135.08902097364725,135.0817924379062,135.08907218912827
2030-12-06 22:00:00,135.089015242941,135.08705150377227,135.08907562135664
2030-12-06 23:00:00,135.08900507486138,135.08707826202863,135.08907104095852
2030-12-07 00:00:00,135.0889768870381,135.08854958482658,135.08910216479595
2030-12-07 01:00:00,135.08581368946835,135.08556244859756,135.08903786488008
2030-12-07 02:00:00,102.25090187123918,102.25076143484966,135.08903201674093
2030-12-07 03:00:00,102.25077700480655,102.2475315707834,135.0890347411805
2030-12-07 04:00:00,102.2509380678348,60.0047149533835,135.08903890862945
2030-12-07 05:00:00,135.08895922060051,135.08827060357453,135.08909211102218
2030-12-07 06:00:00,135.0890020967472,135.08897259492642,135.08913991784024
2030-12-07 07:00:00,135.08901076302726,135.0890114568765,135.0891444830204
2030-12-07 08:00:00,135.08900588143527,135.088979449448,135.08911054631997
2030-12-07 09:00:00,135.08896269546753,135.08859507986563,135.08904641528443
2030-12-07 10:00:00,135.08897917307263,102.24847316003161,135.0890268489672
2030-12-07 11:00:00,135.0884996984219,60.005319699353095,135.08876102368757
2030-12-07 12:00:00,135.0878395878186,60.00469332071174,135.0881672263549
2030-12-07 13:00:00,135.08895607996493,60.004689105060606,135.08901379378352
2030-12-07 14:00:00,135.08900658571855,60.005154575769666,135.0890447396155
2030-12-07 15:00:00,135.08908796507492,135.08524746349394,135.08909249613833
2030-12-07 16:00:00,135.0901811124113,135.08903865115028,135.09007941887685
2030-12-07 17:00:00,135.09130563288542,135.0890555352389,135.09116922405428
2030-12-07 18:00:00,135.0912057679152,135.0890257777628,135.09111277386165
2030-12-07 19:00:00,135.08944143893459,135.08878690790698,135.08942899540125
2030-12-07 20:00:00,135.0891141610091,114.33982483790173,135.08913697401638
2030-12-07 21:00:00,135.08905832487332,135.08836070046164,135.08911709607128
2030-12-07 22:00:00,135.08902906568196,135.08827014014514,135.08910889132767
2030-12-07 23:00:00,135.089020753803,60.00468237033692,135.08909595779642
2030-12-08 00:00:00,135.0890074999109,60.004678130470054,135.08904235449614
2030-12-08 01:00:00,135.0889981789501,60.00461915620326,135.08904266553236
2030-12-08 02:00:00,135.08898229420012,60.00452286625841,135.0890408106634
2030-12-08 03:00:00,135.08894777448117,59.99965952673665,135.0890175639861
2030-12-08 04:00:00,135.088783114551,12.52739705316195,135.08884965682364
2030-12-08 05:00:00,135.0883048369517,12.527495533269757,135.08826197515464
2030-12-08 06:00:00,135.08893176881702,45.416951498070375,135.08884071067556
2030-12-08 07:00:00,135.08896837821152,60.003168857467244,135.08888567191843
2030-12-08 08:00:00,102.25488150028151,60.00394989296933,102.25490226394896
2030-12-08 09:00:00,102.25082809577296,60.00235615242673,102.25094590915828
2030-12-08 10:00:00,102.25086449145212,60.000273612325145,102.25097811295262
2030-12-08 11:00:00,102.25090172460465,60.00002662692714,102.25101208534967
2030-12-08 12:00:00,135.088430232734,12.527951347638803,135.08840137400807
2030-12-08 13:00:00,135.08899359834217,12.527377596061342,135.08887812116498
2030-12-08 14:00:00,135.0890160101658,12.527365843014195,135.08889705773944
2030-12-08 15:00:00,135.08907721191173,12.52769737937524,135.08894704375336
2030-12-08 16:00:00,135.09156398331925,60.00337335725431,135.08902981236565
2030-12-08 17:00:00,135.09356738742687,60.003877013042256,135.08902256761849
2030-12-08 18:00:00,2999.99978139026,60.002611290527966,135.0890318884676
2030-12-08 19:00:00,2999.9999262618544,59.998430973519135,135.08902774724174
2030-12-08 20:00:00,2999.9999552742047,45.41705035996822,135.0890449574806
2030-12-08 21:00:00,2999.9999661809466,60.0000209900154,135.08906549396852
2030-12-08 22:00:00,2999.9999448253498,60.004079665123754,135.08910668514272
2030-12-08 23:00:00,2999.999863850124,60.004164748102994,135.08914798183469
2030-12-09 00:00:00,2999.998695444657,60.004404837619475,135.0919572608041
2030-12-09 01:00:00,135.092136053546,60.004103467235836,135.09179672308255
2030-12-09 02:00:00,135.09178372678838,60.00375461698786,135.09166309153352
2030-12-09 03:00:00,135.0916810358191,59.99794254170047,135.09159851011646
2030-12-09 04:00:00,135.0916565319876,12.527397460867007,135.09156769437038
2030-12-09 05:00:00,135.0917793939399,12.527646877644656,135.09158961344747
2030-12-09 06:00:00,305.9139767006527,45.41706041388079,135.0917091075371
2030-12-09 07:00:00,2999.9997861988218,60.003599254171604,135.09158757883688
2030-12-09 08:00:00,305.91664996383076,60.00385521886702,135.09105284415213
2030-12-09 09:00:00,135.09155180773013,59.99996394909522,135.08920911513053
2030-12-09 10:00:00,135.08908398664576,45.41676477738474,135.08904121813887
2030-12-09 11:00:00,135.08902431410434,45.41645751064607,135.08900086626798
2030-12-09 12:00:00,135.08901961065038,12.527461285463577,135.08900092621704
2030-12-09 13:00:00,135.0890352164931,12.527414490624324,135.08901734964599
2030-12-09 14:00:00,135.0894242699492,12.528335707903352,135.08907763629847
2030-12-09 15:00:00,159.60502288833868,60.00382965081917,135.08932577130327
2030-12-09 16:00:00,159.60499399916262,60.00472025844027,135.0914767933115
2030-12-09 17:00:00,135.0989515254271,79.27581806193666,135.09176260305594
2030-12-09 18:00:00,135.09189929526747,79.27620999086867,135.09162114153528
2030-12-09 19:00:00,135.09164682175685,67.09808132053331,135.09145523610005
2030-12-09 20:00:00,135.0899870444846,60.004858158224536,135.08987967460087
2030-12-09 21:00:00,135.08912504843624,79.27574689708581,135.08914472241122
2030-12-09 22:00:00,135.0890277189796,79.27731744177981,135.08909990789016
2030-12-09 23:00:00,135.0890113035572,135.0885687115233,135.08910651207316
2030-12-10 00:00:00,135.08900099050305,135.0888791596264,135.08910490102275
2030-12-10 01:00:00,135.08892819725705,135.08853281506163,135.0890700292466
2030-12-10 02:00:00,135.08531726495627,135.0849595578029,135.08901333965332
2030-12-10 03:00:00,102.25075255804511,79.25583953785008,135.08901824499935
2030-12-10 04:00:00,60.00465295897993,60.00456458588278,135.08903042471707
2030-12-10 05:00:00,60.00458666140349,60.004630540759536,135.08902446375214
2030-12-10 06:00:00,60.00099037988366,60.00467666003624,135.0890103097348
2030-12-10 07:00:00,59.99999615764415,60.00476307517147,135.08899720178306
2030-12-10 08:00:00,0.0002839605842510634,60.004629310686276,135.0888504381424
2030-12-10 09:00:00,6.110610893901079e-05,60.00003161939185,102.25174393397782
2030-12-10 10:00:00,6.150485564961986e-05,12.527491757504322,102.25117061601682
2030-12-10 11:00:00,4.644327718509369e-05,12.52735026926075,102.25106592917135
2030-12-10 12:00:00,4.256577051913195e-05,12.527326253824056,102.2510616557797
2030-12-10 13:00:00,5.479390621206687e-05,12.527324164190759,102.2512789871433
2030-12-10 14:00:00,0.00010659287043524288,12.527356936328033,135.08468461045908
2030-12-10 15:00:00,0.0004583024900544528,59.98979623381092,135.08882281484895
2030-12-10 16:00:00,59.99991391128151,60.00459328468409,135.08893330671353
2030-12-10 17:00:00,59.99999934742668,60.004630764149624,135.08897769700434
2030-12-10 18:00:00,60.00001873765814,60.004567870021674,135.08899418628727
2030-12-10 19:00:00,59.99997872374129,60.00241866545821,135.08897827020974
2030-12-10 20:00:00,59.99989094872035,60.000262536244065,135.08896313585413
2030-12-10 21:00:00,59.999880284918596,60.00439617045595,135.0889511677051
2030-12-10 22:00:00,59.99989842383117,60.00459520921413,135.08896383556566
2030-12-10 23:00:00,50.77189951875626,60.00457803819245,135.0889588400969
2030-12-11 00:00:00,50.771958525762045,60.00465064875604,135.0890087131232
2030-12-11 01:00:00,50.77200565863911,60.004608428676875,135.0890100182969
2030-12-11 02:00:00,50.77222710742408,60.00460423329969,135.0890089270897
2030-12-11 03:00:00,59.99964802648448,60.00429677489865,135.08901645055812
2030-12-11 04:00:00,59.999765452938846,59.999862476857245,135.08902470357418
2030-12-11 05:00:00,60.0000550104929,60.00454533693119,135.08901767497264
2030-12-11 06:00:00,79.26760993602875,79.26777427750221,135.08900474004622
2030-12-11 07:00:00,79.27672729412086,79.27684760161901,135.08899622644822
2030-12-11 08:00:00,79.27419625994942,79.27439271653986,135.08896482748617
2030-12-11 09:00:00,60.00183556617364,60.00466002717894,135.0887869618332
2030-12-11 10:00:00,60.00453390320738,60.00466304548627,135.04491458274833
2030-12-11 11:00:00,60.00008132764344,60.003815296421635,102.25352772132267
2030-12-11 12:00:00,60.000032364638784,60.00205713109457,102.25410102638654
2030-12-11 13:00:00,60.000048805259084,60.00028963332443,135.05250476323596
2030-12-11 14:00:00,60.004660881829786,60.00460207867309,135.08809467310132
2030-12-11 15:00:00,135.0858284634977,135.0854736627125,135.088912870798
2030-12-11 16:00:00,135.08898721404876,135.08899459164715,135.08910711952953
2030-12-11 17:00:00,135.08899398347546,135.08902003947787,135.08912547259752
2030-12-11 18:00:00,135.08898674963257,135.08901159937432,135.08912954959615
2030-12-11 19:00:00,135.0889762523031,135.0889775631167,135.08911283601083
2030-12-11 20:00:00,135.08896812037892,135.08894814662784,135.08910359169616
2030-12-11 21:00:00,135.08898196569882,135.08900646220536,135.08911464504035
2030-12-11 22:00:00,135.08893282306758,135.08901403270465,135.08910461255073
2030-12-11 23:00:00,135.08862428819583,135.0889624621068,135.0890685069253
2030-12-12 00:00:00,114.36430984829092,135.08900833741032,135.08913594971574
2030-12-12 01:00:00,135.07429156159424,135.0889888859274,135.08913559105076
2030-12-12 02:00:00,135.08845247376152,135.08900205090504,135.08916244744887
2030-12-12 03:00:00,135.08883368738248,135.08895662894975,135.08918130773964
2030-12-12 04:00:00,135.0889536926079,135.0888837988727,135.08920173852556
2030-12-12 05:00:00,135.08900554829407,135.08901700532806,135.08924288707658
2030-12-12 06:00:00,135.08902555862915,135.08909337029036,135.089261866258
2030-12-12 07:00:00,135.0890705634963,135.08919096751652,135.08930704874456
2030-12-12 08:00:00,135.0890474734075,135.0890878994739,135.08921235972025
2030-12-12 09:00:00,135.08901444438993,135.08899179710897,135.08911950698948
2030-12-12 10:00:00,135.08901147355485,135.0888821397648,135.08908133227368
2030-12-12 11:00:00,135.0889965919869,135.0884105358473,135.08904935442476
2030-12-12 12:00:00,135.08899172728675,120.61743882520886,135.08903957638663
2030-12-12 13:00:00,135.08900451895573,135.08063251503154,135.08905583959432
2030-12-12 14:00:00,135.08902858311671,135.0887975397627,135.08909675342943
2030-12-12 15:00:00,135.09152170506698,135.08909065859916,135.0913921243741
2030-12-12 16:00:00,2999.9964206498753,2999.996350840148,2999.99629235337
2030-12-12 17:00:00,2999.998703244759,2999.998687194855,2999.998603617245
2030-12-12 18:00:00,2999.9986696407323,2999.998652858677,2999.9985903791435
2030-12-12 19:00:00,2539.1985353763453,2539.198371541728,2539.198414299315
2030-12-12 20:00:00,2270.699792480089,2270.6994908671973,2270.6996261250115
2030-12-12 21:00:00,2539.1986044329165,2539.198496326365,2539.198509138001
2030-12-12 22:00:00,2999.999061062062,2999.9989956460668,2999.9989604741622
2030-12-12 23:00:00,2539.2001711426265,2539.2001428545937,2539.2001371245997
2030-12-13 00:00:00,2999.998729717177,2999.9987989666924,2999.9987355263747
2030-12-13 01:00:00,2999.9979046407143,2999.997928842944,2999.997914703801
2030-12-13 02:00:00,2999.9994931332735,2999.9994677135046,2999.999462148974
2030-12-13 03:00:00,2999.9992838675616,2999.9990590900634,2999.999183406574
2030-12-13 04:00:00,2999.9997891541334,2270.6997813918883,2999.998039099229
2030-12-13 05:00:00,2999.999970699285,2999.999568218098,2999.999673256454
2030-12-13 06:00:00,2999.999983841504,2999.9999032469696,2999.9998041016697
2030-12-13 07:00:00,2999.99998652942,2999.9999320935303,2999.9997893701584
2030-12-13 08:00:00,2999.9999792449216,2999.999687756702,2999.999538631151
2030-12-13 09:00:00,2999.9998124559343,135.0896493006221,135.09184694374486
2030-12-13 10:00:00,135.13483282470833,135.08901927071292,135.08974752217543
2030-12-13 11:00:00,135.09208861524095,135.088865345876,135.08922860280668
2030-12-13 12:00:00,135.09921775718786,135.08854481825438,135.089155116126
2030-12-13 13:00:00,2999.9996626037782,135.0885641959194,135.0891879392366
2030-12-13 14:00:00,2999.999976983214,135.08896291598285,135.08964249405213
2030-12-13 15:00:00,2999.99998981684,135.08907075152638,135.09197379647588
2030-12-13 16:00:00,2999.9999909379194,305.82680301523726,305.82689759949636
2030-12-13 17:00:00,2999.9999907929514,305.82682650661445,305.82699800790397
2030-12-13 18:00:00,2999.9999894175244,178.47433492608343,178.47489644257465
2030-12-13 19:00:00,2999.999987045557,135.08906232138543,135.09257192050154
2030-12-13 20:00:00,2999.999984708277,135.08901825417243,135.09245687972793
2030-12-13 21:00:00,2999.9999828905807,135.0890462512334,135.0924877399666
2030-12-13 22:00:00,2999.9999780973562,135.08905215985942,135.0926466907831
2030-12-13 23:00:00,2999.9999633155085,135.08901662006065,135.09261677766153
2030-12-14 00:00:00,2999.998392908623,135.08904811931055,135.0919638636982
2030-12-14 01:00:00,135.0924734576062,135.0890080097397,135.09186870170015
2030-12-14 02:00:00,135.09200149423893,135.08898504986973,135.09175534412225
2030-12-14 03:00:00,135.09187733997686,134.9646123238099,135.09171042326852
2030-12-14 04:00:00,135.0925255888942,60.004727047171194,135.0919439571081
2030-12-14 05:00:00,2999.999776873036,135.07899355709833,135.09201108694015
2030-12-14 06:00:00,2999.999952689096,135.08898181858694,135.09190864726787
2030-12-14 07:00:00,2999.999962297024,135.0890018455966,135.09179737303202
2030-12-14 08:00:00,2999.999894036071,135.08894546526042,135.09142209994695
2030-12-14 09:00:00,135.09165827418215,135.0841569574368,135.08928028282241
2030-12-14 10:00:00,135.08912693432902,60.0050227458687,135.08905909461728
2030-12-14 11:00:00,135.0890341431538,60.00484785949902,135.08902155534489
2030-12-14 12:00:00,135.08903045125805,60.004722818716544,135.08902700685587
2030-12-14 13:00:00,135.08904901446118,60.00469276664626,135.0890455764089
2030-12-14 14:00:00,135.08921044186334,60.004671972626966,135.089100736016
2030-12-14 15:00:00,135.09143521517277,60.004683148905315,135.08959314584098
2030-12-14 16:00:00,135.0891895082359,60.06905057819667,135.08913867626407
2030-12-14 17:00:00,135.0890418842296,60.005447095566524,135.08909011155538
2030-12-14 18:00:00,135.08901849587164,60.00466465417048,135.08909035473798
2030-12-14 19:00:00,135.0890058997719,60.00462760386654,135.08907780640948
2030-12-14 20:00:00,135.0889952528487,60.004629512023534,135.0890700037095
2030-12-14 21:00:00,135.08898195303013,60.00471823334101,135.08906221964753
2030-12-14 22:00:00,135.08871996740513,60.0048050861069,135.0890230066616
2030-12-14 23:00:00,102.25088865590709,60.00443208290744,135.08896739201282
2030-12-15 00:00:00,60.001539153821135,60.00013331307521,102.25100545092998
2030-12-15 01:00:00,60.0265343102205,12.528755928469764,102.2509855924709
2030-12-15 02:00:00,60.000354789906545,12.527446031499494,102.25076066342535
2030-12-15 03:00:00,60.00009641608733,12.527311170743815,102.25044793223333
2030-12-15 04:00:00,60.000049635482355,12.527290219566163,102.25028516888771
2030-12-15 05:00:00,60.00019755657057,12.52729064250343,102.2501746745802
2030-12-15 06:00:00,102.24999495339944,12.527292228065562,102.25048373205368
2030-12-15 07:00:00,102.2506515167869,12.527297949922286,102.25105924994568
2030-12-15 08:00:00,102.24974629909768,12.527301043011745,102.25020260829277
2030-12-15 09:00:00,59.99995038149558,12.527294397502374,102.24973454104642
2030-12-15 10:00:00,0.00426070735956398,12.527280012815027,102.2489957886276
2030-12-15 11:00:00,9.005782458030803e-05,12.527280278417493,102.24568307804388
2030-12-15 12:00:00,6.170339699275941e-05,12.52727807477782,102.24941075953868
2030-12-15 13:00:00,6.8941992403347e-05,12.527276586481094,102.24968889354167
2030-12-15 14:00:00,6.1044459333083e-05,12.527275988517431,102.24979886748403
2030-12-15 15:00:00,3.431381638763826e-05,12.527276543154585,102.24991470660325
2030-12-15 16:00:00,2.6529891329118982e-05,12.527279006091788,102.25004356622912
2030-12-15 17:00:00,2.2918408744008695e-05,12.52728002107051,102.25062381573662
2030-12-15 18:00:00,1.663120201556012e-05,12.527278851471237,102.25381313353061
2030-12-15 19:00:00,1.2750502084695795e-05,12.52727841093656,102.25030271602009
2030-12-15 20:00:00,1.0372063115937635e-05,12.527278213621626,102.25008387624798
2030-12-15 21:00:00,9.9026015467181e-06,12.527279866662866,102.25008404075743
2030-12-15 22:00:00,8.497003820625287e-06,12.527281480175589,102.25017534984909
2030-12-15 23:00:00,7.198858754681914e-06,12.52728083688362,102.25008855486067
2030-12-16 00:00:00,6.817337248478544e-06,12.527281792385738,102.25004108262561
2030-12-16 01:00:00,6.955086455287585e-06,12.527281463777399,102.25005143501312
2030-12-16 02:00:00,7.076242700713664e-06,12.527281408111776,102.25000282689689
2030-12-16 03:00:00,6.693380381905231e-06,12.527279034609819,102.25004534748587
2030-12-16 04:00:00,5.436277206172235e-06,12.527276184002808,102.25007726055404
2030-12-16 05:00:00,6.975657928484998e-06,12.527276985847493,102.24992439102243
2030-12-16 06:00:00,8.152541340677999e-06,12.527277746183245,102.24981750420531
2030-12-16 07:00:00,1.0508254404859958e-05,12.527279596337394,102.24976386004346
2030-12-16 08:00:00,1.1772264980591134e-05,12.527280670893653,102.24972877602806
2030-12-16 09:00:00,1.1710158119998074e-05,12.527279134301352,102.2493550812093
2030-12-16 10:00:00,1.905468877848685e-05,12.527278180040412,12.530146003924184
2030-12-16 11:00:00,2.3877802616596332e-05,12.527277598462206,12.527716447203648
2030-12-16 12:00:00,3.434553413364978e-05,12.52727601477831,12.527484222768223
2030-12-16 13:00:00,6.769226978478936e-05,12.527274817574835,12.527602212853957
2030-12-16 14:00:00,0.0038172127488695536,12.527275288183773,12.538570072250376
2030-12-16 15:00:00,12.527514082820632,12.527282045439279,102.2494663046855
2030-12-16 16:00:00,14.798792560538459,12.527297688349808,102.24972635429623
2030-12-16 17:00:00,14.79895687168151,12.52730517591408,102.24984242175105
2030-12-16 18:00:00,14.798249868585117,12.527302256146868,102.24999941285805
2030-12-16 19:00:00,12.527325013337299,12.527288944957036,102.24989485443348
2030-12-16 20:00:00,12.527275889690827,12.527284283498103,102.24984940095857
2030-12-16 21:00:00,12.527294783846651,12.527287267836073,102.2498166173973
2030-12-16 22:00:00,12.526890795152996,12.527284485015116,102.24983524196432
2030-12-16 23:00:00,12.527135679313364,12.527293531044052,102.24980955542105
2030-12-17 00:00:00,12.527405660759573,12.527327885939476,102.25273836293523
2030-12-17 01:00:00,12.527308935194885,12.52730319528473,135.04694803031362
2030-12-17 02:00:00,12.527289364717596,12.527300750397444,135.07217954830867
2030-12-17 03:00:00,12.527314763473774,12.527291707069708,135.08732993838294
2030-12-17 04:00:00,59.99991622352081,12.52728867927035,135.08853910661662
2030-12-17 05:00:00,60.00009994006785,12.527310141062117,135.08855665728697
2030-12-17 06:00:00,102.25076609686403,12.527731183370634,135.08800258150615
2030-12-17 07:00:00,120.80656448063807,16.547807297029067,135.08558109661953
2030-12-17 08:00:00,120.80660771918944,14.801707706078421,120.80825246753233
2030-12-17 09:00:00,102.25073197495685,12.527396849925935,102.2511827501532
2030-12-17 10:00:00,102.25105963394533,12.527328468190717,102.25125480165418
2030-12-17 11:00:00,102.25089719337207,12.527317631002916,102.25103986082188
2030-12-17 12:00:00,102.25095007405601,12.527311562487386,102.25109599040874
2030-12-17 13:00:00,135.0875888584497,12.527313218767631,135.0876820028194
2030-12-17 14:00:00,135.08898341010223,12.527322262529196,135.08897641642545
2030-12-17 15:00:00,135.08900779298196,12.527710935723917,135.08901101437147
2030-12-17 16:00:00,135.0890157121139,59.99994678596844,135.0890331301038
2030-12-17 17:00:00,135.08901464121965,60.0008574235917,135.08904204793453
2030-12-17 18:00:00,135.08901040820547,60.00006253014726,135.08904560190987
2030-12-17 19:00:00,135.08900591850121,16.553124378807297,135.08903632140846
2030-12-17 20:00:00,135.08900347939561,12.531077824357979,135.08903458795095
2030-12-17 21:00:00,135.08900716606158,16.553255626299688,135.08903122406537
2030-12-17 22:00:00,135.0890128247695,16.553130114170926,135.0890333425832
2030-12-17 23:00:00,135.08901716936828,16.55296561549403,135.08903296828066
2030-12-18 00:00:00,135.08902355126176,16.553355427398433,135.08905431124552
2030-12-18 01:00:00,135.08902582592813,12.532896853936109,135.08905480522026
2030-12-18 02:00:00,135.0890266676298,12.528768536397365,135.0890547069439
2030-12-18 03:00:00,135.08903343279778,12.527363108056306,135.0890619681095
2030-12-18 04:00:00,135.08906761559683,12.527300373204117,135.08907952631904
2030-12-18 05:00:00,135.08958544474856,12.52734476749356,135.08920475529158
2030-12-18 06:00:00,135.09156020135924,12.528843396882621,135.0892783735323
2030-12-18 07:00:00,135.09172680186052,16.550225956549184,135.08922637340856
2030-12-18 08:00:00,135.09157768033182,12.53060213358697,135.08915781588954
2030-12-18 09:00:00,135.08948806201988,12.527372232371818,135.08908257641093
2030-12-18 10:00:00,135.08933882459286,12.527326427954904,135.0890592578769
2030-12-18 11:00:00,135.08907350576717,12.52730740467814,135.08902008035693
2030-12-18 12:00:00,135.08906653342703,12.527296774477787,135.08902216689359
2030-12-18 13:00:00,135.08911642895575,12.527292868842778,135.08904059345454
2030-12-18 14:00:00,135.08943457657148,12.527294480258206,135.08907298071998
2030-12-18 15:00:00,135.09161188694424,12.527323830082423,135.08911670906193
2030-12-18 16:00:00,159.59744285651868,59.99388402071114,135.0891605985696
2030-12-18 17:00:00,135.0916758396767,60.00003792745247,135.08918999912112
2030-12-18 18:00:00,135.08951554492614,60.00016522360238,135.0891438397613
2030-12-18 19:00:00,135.0890576546078,59.99934077134458,135.0890620617174
2030-12-18 20:00:00,135.08903054884922,45.41418752661674,135.08905009995692
2030-12-18 21:00:00,135.08902443781187,59.99968673883268,135.08904498790434
2030-12-18 22:00:00,135.08901833991698,59.99963201508308,135.089045477097
2030-12-18 23:00:00,135.0890168707317,59.99954744626666,135.08904461022667
2030-12-19 00:00:00,135.08901471266188,60.00044097683811,135.08906292035275
2030-12-19 01:00:00,135.08901279593073,60.000032990337786,135.08906289562674
2030-12-19 02:00:00,135.08901649261725,60.00001971067468,135.08906380342887
2030-12-19 03:00:00,135.08902098110124,45.41470070564901,135.0890700980408
2030-12-19 04:00:00,135.08903880077287,12.52740637047139,135.0890824887166
2030-12-19 05:00:00,135.0894144068071,59.999868067752686,135.08922955102207
2030-12-19 06:00:00,135.09190647391188,60.0046391862752,135.08951974960553
2030-12-19 07:00:00,2999.999654878332,60.00475193496368,135.08945003764802
2030-12-19 08:00:00,2999.9998334332095,60.00475873434769,135.08925865056196
2030-12-19 09:00:00,2539.201778841418,60.00463081359521,135.08914267452724
2030-12-19 10:00:00,2539.2030057097454,60.004563545919154,135.08910701580476
2030-12-19 11:00:00,2539.2006864071436,60.00057953666874,135.08909366947867
2030-12-19 12:00:00,2999.998937915354,60.00007404086537,135.08910060322486
2030-12-19 13:00:00,2999.9999214574327,60.0001566887604,135.089114660526
2030-12-19 14:00:00,2999.9999723416554,60.00453999416732,135.08913269819996
2030-12-19 15:00:00,2999.99998375216,60.00473087565115,135.08916972442088
2030-12-19 16:00:00,2999.999986127419,135.08899828856454,135.08946108679288
2030-12-19 17:00:00,2999.9999861198767,135.08903202509828,135.0896680736887
2030-12-19 18:00:00,2999.9999842349125,135.0890362520613,135.08977052747008
2030-12-19 19:00:00,2999.99997931785,135.08899160351757,135.08965889887168
2030-12-19 20:00:00,2999.9999725407115,135.08890361621178,135.08953774370508
2030-12-19 21:00:00,2999.9999654815874,135.08900070924665,135.089533028633
2030-12-19 22:00:00,2999.9999401014024,135.08901042385878,135.08957797125277
2030-12-19 23:00:00,2999.9997046482276,135.08898151099856,135.08953816184567
2030-12-20 00:00:00,305.8271758633668,135.0890112382362,135.08989390487292
2030-12-20 01:00:00,305.82652904095335,135.08895013794427,135.08991497796706
2030-12-20 02:00:00,305.82702244664495,135.08883640658678,135.08990774737504
2030-12-20 03:00:00,305.82844303430704,60.00494470649028,135.08989023542563
2030-12-20 04:00:00,2999.9999149169635,60.004607210058424,135.08993524298072
2030-12-20 05:00:00,2999.99997702469,60.00476098303352,135.08992096644215
2030-12-20 06:00:00,2999.999985779633,135.08799494790037,135.08989181500434
2030-12-20 07:00:00,2999.999988576824,135.08889316784825,135.08986428815842
2030-12-20 08:00:00,2999.9999892852197,135.08822696363944,135.0896389118946
2030-12-20 09:00:00,2999.9999875868148,60.004831896377254,135.0892108296566
2030-12-20 10:00:00,2999.999985366228,60.004662288861255,135.08911534185788
2030-12-20 11:00:00,2999.9999832771573,60.00461436929072,135.08907550611025
2030-12-20 12:00:00,2999.99998324138,60.00457385465159,135.08906964715214
2030-12-20 13:00:00,2999.999984749118,60.00455937390143,135.0890776404615
2030-12-20 14:00:00,2999.9999878310373,60.00458774408162,135.0890933361777
2030-12-20 15:00:00,2999.9999904431256,60.00464150272819,135.08914550645702
2030-12-20 16:00:00,2999.9999912321127,60.004853900558885,135.08945828871143
2030-12-20 17:00:00,2999.999990703384,60.00501564504248,135.08963626310742
2030-12-20 18:00:00,2999.999988313866,60.00472559177615,135.089701643069
2030-12-20 19:00:00,2999.999978930303,60.004592120639245,135.08960332002516
2030-12-20 20:00:00,2999.9999423910367,60.000810827167655,135.08950493666458
2030-12-20 21:00:00,305.8265076373614,60.00451128050645,135.08948601243355
2030-12-20 22:00:00,135.0913424682322,60.00461925079071,135.08947401175465
2030-12-20 23:00:00,135.08906418093795,60.004390131865875,135.08908318564227
2030-12-21 00:00:00,135.08901884993028,60.0045499159986,135.08906367599025
2030-12-21 01:00:00,135.0890100307813,60.00011093927333,135.08906213882892
2030-12-21 02:00:00,135.08900198393187,59.999528913291215,135.08906034354823
2030-12-21 03:00:00,135.0889945732523,12.528085048552384,135.0890640820262
2030-12-21 04:00:00,135.08899528211532,12.527317356627494,135.08907322260984
2030-12-21 05:00:00,135.08900115870202,12.527540564242372,135.08907265514335
2030-12-21 06:00:00,135.08900490592623,34.37601235514194,135.08906722936098
2030-12-21 07:00:00,135.08900579833735,34.37870075681349,135.08906154515353
2030-12-21 08:00:00,135.08899728762893,34.37843752975861,135.08905527540782
2030-12-21 09:00:00,135.0889571150901,34.37551993428315,135.08903344758727
2030-12-21 10:00:00,135.0889495334606,34.37577403443902,135.08902278092293
2030-12-21 11:00:00,135.08890339150744,34.37541575685191,135.0890009538511
2030-12-21 12:00:00,135.0889343303331,26.020769281736086,135.08900998345715
2030-12-21 13:00:00,135.08896819605968,12.527503196296493,135.0890177928352
2030-12-21 14:00:00,135.08898886183587,12.527385619437155,135.08902481077305
2030-12-21 15:00:00,135.08899570765553,12.527537006544662,135.0890313985903
2030-12-21 16:00:00,135.08898433931063,34.375488802186695,135.08903691085163
2030-12-21 17:00:00,135.08897428642368,34.37819710584699,135.08904390431235
2030-12-21 18:00:00,135.08894685792438,34.375442405758804,135.08904202568056
2030-12-21 19:00:00,135.08879351883562,26.021004610927776,135.08899502342956
2030-12-21 20:00:00,135.08866721750928,12.545912727125948,135.08894271261238
2030-12-21 21:00:00,135.08861921595414,34.37654790194392,135.0889062628321
2030-12-21 22:00:00,135.0889412712981,45.41617328397297,135.0890236239493
2030-12-21 23:00:00,135.08829604948687,34.3766449591385,135.0887710640418
2030-12-22 00:00:00,102.24911674697098,45.40853417504629,135.02443287673734
2030-12-22 01:00:00,102.24903451067955,34.37600130282772,135.064780814806
2030-12-22 02:00:00,102.24896037908155,34.37572108307995,102.34047263679622
2030-12-22 03:00:00,102.24893305240292,34.3733098261273,102.25258996088814
2030-12-22 04:00:00,102.24877710327019,12.527551037408122,102.25057793744767
2030-12-22 05:00:00,102.24897970522797,34.37411715818325,102.25008240139414
2030-12-22 06:00:00,102.24925413877281,59.913107689987555,102.25021866967073
2030-12-22 07:00:00,135.08872293583286,60.00290208759088,135.0888581237259
2030-12-22 08:00:00,135.08890432956508,60.00456287562221,135.08896325768922
2030-12-22 09:00:00,135.0889192864631,60.003170091864376,135.08894922675776
2030-12-22 10:00:00,135.08883995067052,60.00077321109802,135.08886570765029
2030-12-22 11:00:00,135.0888424108468,60.00065105638714,135.0887969573866
2030-12-22 12:00:00,135.08889906315437,45.42501594198733,135.0888352422298
2030-12-22 13:00:00,135.08898118138367,45.415309566622454,135.0889055701036
2030-12-22 14:00:00,135.08900284149024,45.41432181802884,135.08894544160907
2030-12-22 15:00:00,135.08901277554625,45.414754242905474,135.08898786108975
2030-12-22 16:00:00,135.08902224673966,60.00042867147215,135.08901335609426
2030-12-22 17:00:00,135.08902488991257,60.0006225664647,135.08902613661394
2030-12-22 18:00:00,135.08901791398148,59.9999998978783,135.08902662912203
2030-12-22 19:00:00,135.08901048681992,45.415096287528286,135.0890137185952
2030-12-22 20:00:00,135.0890053730218,12.527870726058945,135.0890023349735
2030-12-22 21:00:00,135.08900247757748,12.528050342130882,135.08899393505544
2030-12-22 22:00:00,135.08899535519413,16.549209679100386,135.08898555973883
2030-12-22 23:00:00,135.0889572586024,12.527559785041376,135.0889505340483
2030-12-23 00:00:00,135.0886089243865,12.527537277039778,135.08862121934322
2030-12-23 01:00:00,135.0876369853657,12.52735254570598,135.08772851354934
2030-12-23 02:00:00,135.07159161941092,12.527316484652147,135.07174360990484
2030-12-23 03:00:00,60.000278232168526,12.527294542328491,60.00045068815507
2030-12-23 04:00:00,60.00008766423707,12.527283837787941,60.00023828896083
2030-12-23 05:00:00,60.00006799320861,12.52728441340787,60.00020176558428
2030-12-23 06:00:00,60.00010880532227,12.527284931607028,60.00019835295349
2030-12-23 07:00:00,60.000659397913616,12.527288136468997,60.00076736438223
2030-12-23 08:00:00,60.00023824502413,12.52728829833954,60.00032092019106
2030-12-23 09:00:00,60.0000401727535,12.527286609979456,60.000083266429996
2030-12-23 10:00:00,60.00002169053319,12.52728406726419,60.00004483438087
2030-12-23 11:00:00,59.999944003555264,12.527285143262816,59.99996847525669
2030-12-23 12:00:00,59.9997625273082,12.527281874522938,59.99978912400303
2030-12-23 13:00:00,60.000014037473065,12.527279997608275,60.00004684785328
2030-12-23 14:00:00,60.0000731007859,12.527279112950964,60.00011776247869
2030-12-23 15:00:00,60.000095638614944,12.52727950422377,60.000171596475084
2030-12-23 16:00:00,60.00002912762193,12.527283356037618,60.000145266781374
2030-12-23 17:00:00,59.95187905330097,12.527286228970297,59.952066775163075
2030-12-23 18:00:00,12.527219354056797,12.527279445752356,12.529148745069108
2030-12-23 19:00:00,0.00028000781950817397,12.527277204150778,12.528537776885969
2030-12-23 20:00:00,6.267900425882544e-05,12.527276075595093,12.52832898998372
2030-12-23 21:00:00,3.359339173099951e-05,12.52727714968205,12.52820344306565
2030-12-23 22:00:00,2.1055409449406252e-05,12.52727828490606,12.528157138806819
2030-12-23 23:00:00,1.1297769613729822e-05,12.52727807377778,12.52808415362506
2030-12-24 00:00:00,7.89043557748531e-06,12.52727807257537,12.529373055557414
2030-12-24 01:00:00,6.9458597620704556e-06,12.527276934670226,12.530433395484579
2030-12-24 02:00:00,6.414419760326265e-06,12.527276322446596,12.531569220060192
2030-12-24 03:00:00,6.177939731928777e-06,12.52727471705748,16.54075415887837
2030-12-24 04:00:00,4.105678272026125e-06,12.527272453057249,16.550609216942362
2030-12-24 05:00:00,5.716382017541958e-06,12.527274057584691,16.550764057059496
2030-12-24 06:00:00,6.220334398676641e-06,12.527275567494144,16.549920911274825
2030-12-24 07:00:00,8.182834531602823e-06,12.527277189597044,16.53948193294127
2030-12-24 08:00:00,8.533706963644548e-06,12.527277091866077,12.529212177904029
2030-12-24 09:00:00,8.771788161798416e-06,12.527275172677946,12.527887627914902
2030-12-24 10:00:00,8.379491916855612e-06,12.527273719637378,12.527625290152388
2030-12-24 11:00:00,7.059260171791555e-06,12.527273305288873,12.527495545026007
2030-12-24 12:00:00,6.2732809058826585e-06,12.527272277827585,12.527429250054453
2030-12-24 13:00:00,6.055537374446645e-06,12.527271870514596,12.527412790076918
2030-12-24 14:00:00,6.157990842711228e-06,12.527272533961877,12.527456246544604
2030-12-24 15:00:00,6.969804429828831e-06,12.527275276365799,12.527573243361179
2030-12-24 16:00:00,8.41712699184427e-06,12.527280009729688,12.528062473872481
2030-12-24 17:00:00,9.866012762707056e-06,12.527281305477118,12.530136850224153
2030-12-24 18:00:00,9.09915252123028e-06,12.52728072284026,12.580225141639744
2030-12-24 19:00:00,8.618050640677201e-06,12.527278843296699,12.52920693748365
2030-12-24 20:00:00,8.345815331267659e-06,12.527277559274125,12.528242958357893
2030-12-24 21:00:00,9.461523616039197e-06,12.52727935067287,12.528060389921848
2030-12-24 22:00:00,8.377905026297656e-06,12.527282459684102,12.52818267584189
2030-12-24 23:00:00,6.764188504704413e-06,12.527281700564345,12.528072852152036
2030-12-25 00:00:00,6.649435635427748e-06,12.527282102373277,12.527659928408482
2030-12-25 01:00:00,6.469654969930295e-06,12.527279810176879,12.527708054836694
2030-12-25 02:00:00,6.904302828427327e-06,12.527277807504106,12.527730713384699
2030-12-25 03:00:00,7.3620207998223484e-06,12.527274757334453,12.527555600056075
2030-12-25 04:00:00,8.018954758881591e-06,12.527270791532306,12.527368137627576
2030-12-25 05:00:00,1.2942738814281828e-05,12.527270685829535,12.527248896006313
2030-12-25 06:00:00,2.3254969164554495e-05,12.527270688795397,12.527236582456766
2030-12-25 07:00:00,5.253944740916066e-05,12.527272006696876,12.527250372257186
2030-12-25 08:00:00,0.00011367377399329046,12.52727128821591,12.527169603963088
2030-12-25 09:00:00,0.00012921200130747775,12.527268484173874,12.527011001967333
2030-12-25 10:00:00,0.00044797439938547046,12.527266463640444,12.52676886779566
2030-12-25 11:00:00,0.00015831828338713883,12.527263726988167,12.526542632476993
2030-12-25 12:00:00,0.00012351129295588086,12.527254885229414,12.526667396578546
2030-12-25 13:00:00,0.00012132206552246712,12.527246676791037,12.526901776303847
2030-12-25 14:00:00,0.0001042873137658356,12.527252952057097,12.52707968002854
2030-12-25 15:00:00,9.297507933127249e-05,12.527264506154097,12.527199915826781
2030-12-25 16:00:00,5.824589970870875e-05,12.527271733862849,12.527285217811965
2030-12-25 17:00:00,2.727985183164289e-05,12.527273260437141,12.527298976870043
2030-12-25 18:00:00,1.4961909982957877e-05,12.52727403181234,12.527322249079745
2030-12-25 19:00:00,1.0438227369392844e-05,12.527273311653516,12.52732099673176
2030-12-25 20:00:00,6.740455319231842e-06,12.527272450822224,12.527330308212498
2030-12-25 21:00:00,5.828338388389435e-06,12.527273732816866,12.527367040062018
2030-12-25 22:00:00,4.840726799348696e-06,12.527275040800305,12.527431950868959
2030-12-25 23:00:00,4.49032440018318e-06,12.527277233408313,12.527452794415694
2030-12-26 00:00:00,4.828927081637099e-06,12.527278896962223,12.52767702331586
2030-12-26 01:00:00,5.526739763151868e-06,12.527277321529255,12.52773106123459
2030-12-26 02:00:00,6.284649061135631e-06,12.527277339529974,12.527755562368839
2030-12-26 03:00:00,6.151203414688808e-06,12.527275166960862,12.527536845101167
2030-12-26 04:00:00,6.531319741043262e-06,12.527270831442511,12.527341165080387
2030-12-26 05:00:00,8.659872955275011e-06,12.527272310187072,12.527212942087317
2030-12-26 06:00:00,1.2111270734749269e-05,12.527274565614789,12.527208204486058
2030-12-26 07:00:00,1.819144338544615e-05,12.527276680292744,12.527235968515924
2030-12-26 08:00:00,2.020222561732816e-05,12.52727760495731,12.527202787980798
2030-12-26 09:00:00,1.7158678298291697e-05,12.527275786630526,12.52712912706223
2030-12-26 10:00:00,1.8455770372276888e-05,12.527274968625534,12.52708032034407
2030-12-26 11:00:00,1.5139556806084935e-05,12.527274222918095,12.527032014061753
2030-12-26 12:00:00,1.3032572280847307e-05,12.527272916750212,12.527035962700282
2030-12-26 13:00:00,1.516828840499268e-05,12.527272605282633,12.527084727622375
2030-12-26 14:00:00,2.1049703467205994e-05,12.52727334042629,12.527155421673259
2030-12-26 15:00:00,3.102076492548521e-05,12.527275554691187,12.52724399339768
2030-12-26 16:00:00,3.722912424564129e-05,12.527279928091307,12.527306670378408
2030-12-26 17:00:00,3.768242699350806e-05,12.527282131272841,12.527323075979439
2030-12-26 18:00:00,2.882777243939927e-05,12.527283226077998,12.527346832758795
2030-12-26 19:00:00,1.898621503638574e-05,12.527280723158583,12.527341929452632
2030-12-26 20:00:00,1.1649437510641292e-05,12.527279992124123,12.527350237647909
2030-12-26 21:00:00,8.425947289850136e-06,12.527282814301543,12.52739815537825
2030-12-26 22:00:00,6.337841631961034e-06,12.527284380626952,12.527478637839522
2030-12-26 23:00:00,4.913026867061947e-06,12.527283778023047,12.527496693521243
2030-12-27 00:00:00,4.149497573079359e-06,12.527287764918901,16.54625071849655
2030-12-27 01:00:00,3.729720577616584e-06,12.527284547828458,16.548813009556397
2030-12-27 02:00:00,3.6089800027581603e-06,12.5272832428127,16.54922918817556
2030-12-27 03:00:00,3.754727722949297e-06,12.527278759413093,12.530925598783142
2030-12-27 04:00:00,3.253817340009846e-06,12.527274190356902,12.527410136777434
2030-12-27 05:00:00,6.1196992195927925e-06,12.527275059068415,12.527214956652642
2030-12-27 06:00:00,8.586238436691929e-06,12.527277307134682,12.527250366663267
2030-12-27 07:00:00,1.1601967943438747e-05,12.527279282353447,12.527275673735858
2030-12-27 08:00:00,1.3427267530269197e-05,12.527279616157587,12.527265027532252
2030-12-27 09:00:00,1.2126266028435035e-05,12.527277172947834,12.527205140273425
2030-12-27 10:00:00,1.3722869128764057e-05,12.527275477726107,12.527161312482772
2030-12-27 11:00:00,9.576122877305313e-06,12.527273695627628,12.527053235281643
2030-12-27 12:00:00,8.312846840679338e-06,12.527271148927618,12.526925842149424
2030-12-27 13:00:00,8.027166489759478e-06,12.527271253502477,12.526950481169724
2030-12-27 14:00:00,9.27268941651248e-06,12.527272667659417,12.527085658435912
2030-12-27 15:00:00,1.3162593873385503e-05,12.527275033990918,12.527217914005076
2030-12-27 16:00:00,1.6255909940809943e-05,12.527279118620562,12.527310017517038
2030-12-27 17:00:00,1.659584378410732e-05,12.527280619262456,12.527324109149959
2030-12-27 18:00:00,1.3842144653608557e-05,12.527279549675768,12.527320515683655
2030-12-27 19:00:00,1.0665019836204614e-05,12.52727744699314,12.52729105034723
2030-12-27 20:00:00,8.364866516785696e-06,12.527276959316513,12.527341474960991
2030-12-27 21:00:00,7.915945755132495e-06,12.527279485500003,12.527465381104776
2030-12-27 22:00:00,7.4812109011541245e-06,12.527280904647341,12.527934966967223
2030-12-27 23:00:00,6.735010313598694e-06,12.527279846613965,12.529177963815528
2030-12-28 00:00:00,6.824338155200992e-06,12.527282007389752,16.549098710211865
2030-12-28 01:00:00,6.424238754876749e-06,12.527280456411972,16.549796488887296
2030-12-28 02:00:00,6.635195271079379e-06,12.527280284334665,16.54993794285383
2030-12-28 03:00:00,6.794326277585057e-06,12.527277415481876,16.53199436414252
2030-12-28 04:00:00,7.036517672531772e-06,12.52727328744424,12.52746974514605
2030-12-28 05:00:00,9.383869210856415e-06,12.527274032067908,12.527239666641435
2030-12-28 06:00:00,1.1472811820567586e-05,12.527275940761683,12.527268648749057
2030-12-28 07:00:00,1.4007378400670718e-05,12.527277874267384,12.527291049077576
2030-12-28 08:00:00,1.72515070809679e-05,12.527278124574863,12.527304696908061
2030-12-28 09:00:00,1.730994160814546e-05,12.527276531815914,12.527296590733485
2030-12-28 10:00:00,2.0561587896121597e-05,12.527274611011308,12.52728381704625
2030-12-28 11:00:00,1.989832494668108e-05,12.52727395839429,12.527260143481431
2030-12-28 12:00:00,2.4367142391657722e-05,12.527271895484725,12.527238070896203
2030-12-28 13:00:00,4.8776971691362215e-05,12.527269755032648,12.527222353799734
2030-12-28 14:00:00,0.00015352420156907067,12.527268820319478,12.527236343165342
2030-12-28 15:00:00,12.52710805827117,12.52727151410727,12.527390093259598
2030-12-28 16:00:00,12.527667564827425,12.527278400300148,12.527832782026039
2030-12-28 17:00:00,12.528252277962626,12.527280973735287,12.52838315111785
2030-12-28 18:00:00,12.527531356658073,12.527280880020953,12.527730153022588
2030-12-28 19:00:00,12.527213287234487,12.527276528297989,12.527458874158583
2030-12-28 20:00:00,9.4827749885917,12.527275728256615,12.5273700496125
2030-12-28 21:00:00,0.001144622025795671,12.527279213391921,12.52754128406741
2030-12-28 22:00:00,9.482676274511983,12.527283211427857,12.528595335060345
2030-12-28 23:00:00,9.485370653399585,12.527279330628517,12.567263137982081
2030-12-29 00:00:00,12.527047543520771,12.527281568319967,16.549580433755835
2030-12-29 01:00:00,12.52696444443452,12.527280998923743,16.550031126282192
2030-12-29 02:00:00,12.526994583656826,12.527281171034701,16.55017187890735
2030-12-29 03:00:00,12.527055391764705,12.527279589728096,16.547320016590675
2030-12-29 04:00:00,12.52733687316595,12.527279149171411,12.528005083077502
2030-12-29 05:00:00,59.99998930220325,12.52728645089337,16.55047433660002
2030-12-29 06:00:00,135.0889718925855,12.527293759839267,16.55059837533466
2030-12-29 07:00:00,135.0890051837543,12.52730497297307,16.550687901925812
2030-12-29 08:00:00,135.08900680325195,12.527302813892227,16.550675749540943
2030-12-29 09:00:00,135.08895210735452,12.527292127027977,16.550543599048613
2030-12-29 10:00:00,59.99998590086998,12.527286976018331,16.550417533211803
2030-12-29 11:00:00,12.527360396163377,12.527280648405394,12.527440613592361
2030-12-29 12:00:00,12.527104586083878,12.527275920458127,12.527279147001082
2030-12-29 13:00:00,12.526788333665747,12.527275346571514,12.527243122258824
2030-12-29 14:00:00,12.5271822625391,12.527276688733764,12.527356513893993
2030-12-29 15:00:00,12.527345130821775,12.527281231848065,12.527487615440219
2030-12-29 16:00:00,12.527311958817336,12.527286491030852,12.527510045660591
2030-12-29 17:00:00,12.527014230143696,12.527284474958833,12.527418997306995
2030-12-29 18:00:00,0.0002541401954658795,12.52728176481105,12.527330625679795
2030-12-29 19:00:00,7.279623319343705e-05,12.52727916128697,12.527307386079883
2030-12-29 20:00:00,3.207264489901718e-05,12.527278051073184,12.527370767780283
2030-12-29 21:00:00,2.0573367483877754e-05,12.527280534142847,12.527560407883357
2030-12-29 22:00:00,1.2069144273518912e-05,12.52728267123166,12.529198698783148
2030-12-29 23:00:00,8.912248130816741e-06,12.52728301618572,16.542632039722776
2030-12-30 00:00:00,8.306709076422971e-06,12.527285260001948,16.549447964502505
2030-12-30 01:00:00,8.087811362494734e-06,12.527283264426842,16.54993162840219
2030-12-30 02:00:00,8.268319165197343e-06,12.527281198338642,16.55006285982381
2030-12-30 03:00:00,8.725229969947386e-06,12.527277773296191,16.541902972644493
2030-12-30 04:00:00,5.986746145936195e-06,12.527273610006585,12.527465393427818
2030-12-30 05:00:00,1.0799396046590903e-05,12.527272662882751,12.527235524764365
2030-12-30 06:00:00,1.4339467270474415e-05,12.527272950382212,12.527265950772104
2030-12-30 07:00:00,1.9268187263860308e-05,12.527273607519419,12.52728793938968
2030-12-30 08:00:00,2.1585893863399074e-05,12.527271891232607,12.527221066563612
2030-12-30 09:00:00,1.819183462821727e-05,12.527265649838228,12.52709228292096
2030-12-30 10:00:00,2.683567611879882e-05,12.527259610096735,12.526960229859293
2030-12-30 11:00:00,1.7395043788922838e-05,12.52725003809428,12.526778312245918
2030-12-30 12:00:00,1.3673702740149918e-05,12.527219627405394,12.526656421646507
2030-12-30 13:00:00,1.298539880130691e-05,12.527181764893612,12.526793759028621
2030-12-30 14:00:00,1.5474014433907924e-05,12.527242822872722,12.526987132095622
2030-12-30 15:00:00,1.866478453345354e-05,12.527265013550277,12.527164582501582
2030-12-30 16:00:00,2.021154523390578e-05,12.527273334318481,12.527317204896633
2030-12-30 17:00:00,2.1504981193894444e-05,12.527274997721179,12.527328982549989
2030-12-30 18:00:00,1.9349891772435512e-05,12.52727555383899,12.52732758485243
2030-12-30 19:00:00,1.4445892609374616e-05,12.527274574529656,12.52729929569341
2030-12-30 20:00:00,1.1153333616675809e-05,12.527273943168057,12.527354944569566
2030-12-30 21:00:00,9.407825888363625e-06,12.52727606924509,12.527471292550217
2030-12-30 22:00:00,7.06229377526467e-06,12.527277655675789,12.528172442664072
2030-12-30 23:00:00,5.134686595398671e-06,12.527278819005137,12.535292165296582
2030-12-31 00:00:00,4.614750545069918e-06,12.527279988935339,16.54982590726064
2030-12-31 01:00:00,4.292251004023078e-06,12.527279001613351,16.550126924164942
2030-12-31 02:00:00,4.1700179604711e-06,12.527278138602924,16.550229853886776
2030-12-31 03:00:00,4.00328692188284e-06,12.527276292241368,16.548823258734046
2030-12-31 04:00:00,1.7251613826374523e-06,12.527273379081326,12.52749440966636
2030-12-31 05:00:00,4.4140017891871545e-06,12.52727395473994,12.527240378736792
2030-12-31 06:00:00,5.18893648404628e-06,12.527275732843918,12.527266332079662
2030-12-31 07:00:00,6.1439909196765444e-06,12.527277339298053,12.527285070867947
2030-12-31 08:00:00,6.053416449384883e-06,12.527276982480362,12.52724342104309
2030-12-31 09:00:00,5.20532717668578e-06,12.527274102606498,12.527130472137626
2030-12-31 10:00:00,4.674752640793467e-06,12.527273302943286,12.527044965375788
2030-12-31 11:00:00,3.4661108972796396e-06,12.527272067684862,12.52696984473161
2030-12-31 12:00:00,2.9626465805675466e-06,12.5272694939221,12.526925812643242
2030-12-31 13:00:00,3.288413175716791e-06,12.5272686201115,12.526968663743375
2030-12-31 14:00:00,4.03962741064655e-06,12.52727069206503,12.527064929643053
2030-12-31 15:00:00,5.533922228353364e-06,12.527274741743895,12.527203021305098
2030-12-31 16:00:00,6.735937859048136e-06,12.52728017237063,12.527316221346155
2030-12-31 17:00:00,7.688502735998503e-06,12.527281362148642,12.52732562842101
2030-12-31 18:00:00,7.635231668245979e-06,12.527280778338536,12.527326445294946
2030-12-31 19:00:00,6.328548713340199e-06,12.527279025923235,12.527305158177114
2030-12-31 20:00:00,4.413267561176326e-06,12.52727814354496,12.527368783202292
2030-12-31 21:00:00,5.26550924133246e-06,12.52728075066625,12.527541907564228
2030-12-31 22:00:00,4.5640319404351895e-06,12.527282614544674,12.528802325478864
2030-12-31 23:00:00,4.032348557818382e-06,12.52728326971687,14.780722893489198
